local_measurement_index,sample_index,output_power_sum_w,output_power_sum_uw,switch_current_failure_count,upload_attempts,target_input_power_uw,output_power_limit_uw,output_power_limit_exceeded,repair_reason,feature_0,input_voltage_0,output_power_w_0,output_power_uw_0,feature_1,input_voltage_1,output_power_w_1,output_power_uw_1,feature_2,input_voltage_2,output_power_w_2,output_power_uw_2,feature_3,input_voltage_3,output_power_w_3,output_power_uw_3,feature_4,input_voltage_4,output_power_w_4,output_power_uw_4,feature_5,input_voltage_5,output_power_w_5,output_power_uw_5,feature_6,input_voltage_6,output_power_w_6,output_power_uw_6,feature_7,input_voltage_7,output_power_w_7,output_power_uw_7
0,0,0.0001107235754,110.7235754,0,1,120.0,,False,,0.0,4.318,2.872121e-06,2.872121,1.0,3.829,5.902362e-05,59.02362,0.0,4.164,6.262406e-07,0.6262406,0.0,4.23,1.714845e-05,17.14845,0.0,3.977,6.630011e-06,6.6300110000000005,0.0,4.329,6.472758e-07,0.6472758000000001,0.0,3.995,2.229819e-05,22.29819,0.0,4.294,1.477667e-06,1.477667
1,1,0.00011028754753,110.28754752999998,0,1,120.0,,False,,0.0,4.318,5.136993e-07,0.5136993,0.0,4.261,5.782334e-06,5.7823340000000005,1.0,3.722,5.121074e-05,51.21074,0.0,4.23,9.234564e-07,0.9234564,0.0,3.977,5.068235e-05,50.68235,0.0,4.329,4.706073e-08,0.04706073,0.0,3.995,1.326639e-07,0.1326639,0.0,4.294,9.952432e-07,0.9952432
2,2,0.0001129274291,112.9274291,0,1,120.0,,False,,0.0,4.318,4.706627e-07,0.4706627,0.0,4.261,1.518395e-06,1.518395,0.0,4.164,2.632995e-05,26.32995,1.0,3.79,5.203581e-06,5.203581,0.0,3.977,6.988839e-06,6.988839,0.0,4.329,7.021963e-05,70.21963000000001,0.0,3.995,1.201899e-06,1.201899,0.0,4.294,9.944724e-07,0.9944724
3,3,0.0001276256217,127.6256217,0,1,120.0,,False,,0.0,4.318,1.590082e-06,1.590082,0.0,4.261,3.674057e-05,36.740570000000005,0.0,4.164,1.221906e-06,1.2219060000000002,0.0,4.23,2.831127e-05,28.31127,1.0,3.498,4.445276e-06,4.445276,0.0,4.329,1.011988e-06,1.011988,0.0,3.995,5.337589e-05,53.37589,0.0,4.294,9.286397e-07,0.9286397
4,4,0.0001240068729,124.0068729,0,1,116.23529411764704,,False,,0.0,4.318,1.509449e-06,1.509449,0.0,4.261,3.555679e-05,35.55679,0.0,4.164,1.174127e-06,1.174127,0.0,4.23,2.738363e-05,27.38363,0.968627450980392,3.507,4.406966e-06,4.406966,0.0,4.329,9.664847e-07,0.9664847,0.0,3.995,5.208426e-05,52.08426,0.0,4.294,9.251662e-07,0.9251662
5,5,0.0001094382889,109.4382889,0,1,116.23529411764704,,False,,0.0,4.318,4.717209e-07,0.4717209,0.0,4.261,1.508546e-06,1.508546,0.0,4.164,2.55546e-05,25.5546,0.968627450980392,3.798,5.091938e-06,5.091938,0.0,3.977,6.688088e-06,6.6880880000000005,0.0,4.329,6.798899e-05,67.98899,0.0,3.995,1.141223e-06,1.141223,0.0,4.294,9.93183e-07,0.993183
6,6,0.0001203609785,120.3609785,0,1,112.4705882352941,,False,,0.0,4.318,1.432683e-06,1.432683,0.0,4.261,3.433589e-05,34.33589,0.0,4.164,1.147569e-06,1.147569,0.0,4.23,2.665522e-05,26.65522,0.9372549019607842,3.516,4.354758e-06,4.354758,0.0,4.329,9.288248e-07,0.9288248,0.0,3.995,5.058793e-05,50.58793,0.0,4.294,9.181037e-07,0.9181037
7,7,0.0001055413219,105.5413219,0,1,112.4705882352941,,False,,0.0,4.318,4.757859e-07,0.4757859,0.0,4.261,1.488482e-06,1.488482,0.0,4.164,2.455336e-05,24.55336,0.9372549019607842,3.807,4.963982e-06,4.963982000000001,0.0,3.977,6.339663e-06,6.339663,0.0,4.329,6.564579e-05,65.64579,0.0,3.995,1.081592e-06,1.081592,0.0,4.294,9.92667e-07,0.992667
8,8,0.0001232487857,123.2487857,0,1,115.29411764705884,,False,,0.0,4.318,1.496963e-06,1.496963,0.0,4.261,3.526832e-05,35.26832,0.0,4.164,1.179265e-06,1.179265,0.0,4.23,2.730889e-05,27.30889,0.9607843137254904,3.509,4.385271e-06,4.385271,0.0,4.329,9.59858e-07,0.959858,0.0,3.995,5.172925e-05,51.72925,0.0,4.294,9.209687e-07,0.9209687
9,9,0.0001084480436,108.4480436,0,1,115.29411764705884,,False,,0.0,4.318,4.699523e-07,0.4699523,0.0,4.261,1.503936e-06,1.5039360000000002,0.0,4.164,2.532173e-05,25.32173,0.9607843137254904,3.8,5.069526e-06,5.069526,0.0,3.977,6.586497e-06,6.586497,0.0,4.329,6.737276e-05,67.37276,0.0,3.995,1.128517e-06,1.128517,0.0,4.294,9.951253e-07,0.9951253
10,10,0.0001200093394,120.0093394,0,1,112.0,,False,,0.0,4.318,1.424026e-06,1.424026,0.0,4.261,3.416066e-05,34.16066,0.0,4.164,1.142607e-06,1.1426070000000002,0.0,4.23,2.6525e-05,26.525,0.9333333333333332,3.517,4.342104e-06,4.342104,0.0,4.329,9.234515e-07,0.9234515,0.0,3.995,5.056804e-05,50.56804,0.0,4.294,9.234509e-07,0.9234509
11,11,0.0001054992596,105.4992596,0,1,112.0,,False,,0.0,4.318,4.720754e-07,0.4720754,0.0,4.261,1.489541e-06,1.489541,0.0,4.164,2.45678e-05,24.5678,0.9333333333333332,3.808,4.980038e-06,4.980038,0.0,3.977,6.358636e-06,6.358636,0.0,4.329,6.55663e-05,65.5663,0.0,3.995,1.076323e-06,1.076323,0.0,4.294,9.885462e-07,0.9885462
12,12,0.0001228180655,122.81806550000002,0,1,114.8235294117647,,False,,0.0,4.318,1.484978e-06,1.484978,0.0,4.261,3.510363e-05,35.10363,0.0,4.164,1.173836e-06,1.173836,0.0,4.23,2.71933e-05,27.1933,0.9568627450980391,3.51,4.387794e-06,4.387794,0.0,4.329,9.552211e-07,0.9552211,0.0,3.995,5.159164e-05,51.59164,0.0,4.294,9.276664e-07,0.9276664
13,13,0.0001079902183,107.9902183,0,1,114.8235294117647,,False,,0.0,4.318,4.730374e-07,0.4730374,0.0,4.261,1.504418e-06,1.504418,0.0,4.164,2.512957e-05,25.12957,0.9568627450980391,3.801,5.04905e-06,5.04905,0.0,3.977,6.537367e-06,6.537367,0.0,4.329,6.717646e-05,67.17646,0.0,3.995,1.120512e-06,1.120512,0.0,4.294,9.998039e-07,0.9998039
14,14,0.0001021129405,102.1129405,0,1,95.05882352941174,,False,,0.0,4.318,1.076182e-06,1.0761820000000002,0.0,4.261,2.836776e-05,28.36776,0.0,4.164,9.621131e-07,0.9621131,0.0,4.23,2.2536e-05,22.536,0.7921568627450978,3.56,4.13269e-06,4.13269,0.0,4.329,7.366143e-07,0.7366142999999999,0.0,3.995,4.340422e-05,43.40422,0.0,4.294,8.973611e-07,0.8973611
15,15,8.98234254e-05,89.82342539999999,0,1,95.05882352941174,,False,,0.0,4.318,4.74945e-07,0.474945,0.0,4.261,1.412086e-06,1.412086,0.0,4.164,2.077217e-05,20.77217,0.7921568627450978,3.846,4.487411e-06,4.487411,0.0,3.977,5.122557e-06,5.122557,0.0,4.329,5.575166e-05,55.75166,0.0,3.995,8.288409e-07,0.8288409,0.0,4.294,9.737555e-07,0.9737555
16,16,8.969142769999999e-05,89.69142769999999,0,1,82.35294117647057,,False,,0.0,4.318,8.4684e-07,0.84684,0.0,4.261,2.429247e-05,24.29247,0.0,4.164,8.399721e-07,0.8399721,0.0,4.23,1.968371e-05,19.68371,0.6862745098039214,3.592,3.972746e-06,3.972746,0.0,4.329,6.089257e-07,0.6089256999999999,0.0,3.995,3.855896e-05,38.55896,0.0,4.294,8.878039e-07,0.8878039
17,17,7.8287101e-05,78.287101,0,1,82.35294117647057,,False,,0.0,4.318,4.75422e-07,0.475422,0.0,4.261,1.346693e-06,1.346693,0.0,4.164,1.805994e-05,18.05994,0.6862745098039214,3.875,4.11497e-06,4.11497,0.0,3.977,4.252367e-06,4.252367,0.0,4.329,4.841103e-05,48.41103,0.0,3.995,6.603766e-07,0.6603766,0.0,4.294,9.663024e-07,0.9663024
18,18,9.18301211e-05,91.8301211,0,1,84.23529411764706,,False,,0.0,4.318,8.826755e-07,0.8826755,0.0,4.261,2.499075e-05,24.99075,0.0,4.164,8.532403e-07,0.8532403000000001,0.0,4.23,2.014367e-05,20.14367,0.7019607843137254,3.587,3.999567e-06,3.999567,0.0,4.329,6.281944e-07,0.6281944,0.0,3.995,3.944132e-05,39.44132,0.0,4.294,8.907039e-07,0.8907039
19,19,7.980028509999999e-05,79.8002851,0,1,84.23529411764706,,False,,0.0,4.318,4.72089e-07,0.472089,0.0,4.261,1.356777e-06,1.356777,0.0,4.164,1.850105e-05,18.501050000000003,0.7019607843137254,3.871,4.169015e-06,4.169015,0.0,3.977,4.361591e-06,4.361591000000001,0.0,4.329,4.929054e-05,49.29054,0.0,3.995,6.824949e-07,0.6824948999999999,0.0,4.294,9.667282e-07,0.9667282
20,20,9.08822678e-05,90.8822678,0,1,83.76470588235294,,False,,0.0,4.318,8.698876e-07,0.8698876000000001,0.0,4.261,2.470583e-05,24.70583,0.0,4.164,8.483398e-07,0.8483398,0.0,4.23,1.999969e-05,19.99969,0.6980392156862745,3.589,3.984822e-06,3.984822,0.0,4.329,6.207631e-07,0.6207631,0.0,3.995,3.896105e-05,38.96105,0.0,4.294,8.918853e-07,0.8918853
21,21,7.97978767e-05,79.79787670000002,0,1,83.76470588235294,,False,,0.0,4.318,4.779983e-07,0.4779983,0.0,4.261,1.357358e-06,1.357358,0.0,4.164,1.839702e-05,18.39702,0.6980392156862745,3.871,4.170294e-06,4.170294,0.0,3.977,4.347295e-06,4.347295000000001,0.0,4.329,4.938966e-05,49.389660000000006,0.0,3.995,6.835479e-07,0.6835479,0.0,4.294,9.747035e-07,0.9747035
22,22,9.25284877e-05,92.5284877,0,1,85.17647058823529,,False,,0.0,4.318,8.938324e-07,0.8938324000000001,0.0,4.261,2.523403e-05,25.23403,0.0,4.164,8.654404e-07,0.8654404,0.0,4.23,2.03413e-05,20.3413,0.7098039215686274,3.585,4.010653e-06,4.0106530000000005,0.0,4.329,6.359801e-07,0.6359800999999999,0.0,3.995,3.965366e-05,39.65366,0.0,4.294,8.935918e-07,0.8935918
23,23,8.11315206e-05,81.1315206,0,1,85.17647058823529,,False,,0.0,4.318,4.746358e-07,0.4746358,0.0,4.261,1.361227e-06,1.3612270000000002,0.0,4.164,1.874638e-05,18.74638,0.7098039215686274,3.868,4.224314e-06,4.224314000000001,0.0,3.977,4.480804e-06,4.480804,0.0,4.329,5.017289e-05,50.17289,0.0,3.995,7.028345e-07,0.7028344999999999,0.0,4.294,9.684353e-07,0.9684353
24,24,0.0001212399597,121.2399597,0,1,113.41176470588232,,False,,0.0,4.318,1.449412e-06,1.449412,0.0,4.261,3.456441e-05,34.564409999999995,0.0,4.164,1.153444e-06,1.153444,0.0,4.23,2.678597e-05,26.78597,0.945098039215686,3.514,4.384204e-06,4.384204,0.0,4.329,9.383118e-07,0.9383118,0.0,3.995,5.104066e-05,51.04066,0.0,4.294,9.235479e-07,0.9235479
25,25,0.000106931359,106.931359,0,1,113.41176470588232,,False,,0.0,4.318,4.807151e-07,0.4807151,0.0,4.261,1.498417e-06,1.498417,0.0,4.164,2.484374e-05,24.84374,0.945098039215686,3.804,5.029364e-06,5.029364,0.0,3.977,6.433278e-06,6.433278,0.0,4.329,6.654583e-05,66.54583,0.0,3.995,1.102088e-06,1.1020880000000002,0.0,4.294,9.979269e-07,0.9979269
26,26,0.0001051008479,105.1008479,0,1,97.88235294117646,,False,,0.0,4.318,1.132806e-06,1.132806,0.0,4.261,2.929974e-05,29.29974,0.0,4.164,9.919326e-07,0.9919326,0.0,4.23,2.324011e-05,23.24011,0.8156862745098039,3.553,4.18168e-06,4.181679999999999,0.0,4.329,7.692526e-07,0.7692526,0.0,3.995,4.458186e-05,44.58186,0.0,4.294,9.034667e-07,0.9034667
27,27,9.17341266e-05,91.7341266,0,1,97.88235294117646,,False,,0.0,4.318,4.782585e-07,0.4782585,0.0,4.261,1.420644e-06,1.420644,0.0,4.164,2.134963e-05,21.34963,0.8156862745098039,3.841,4.561606e-06,4.561606,0.0,3.977,5.253474e-06,5.253474000000001,0.0,4.329,5.682715e-05,56.82715,0.0,3.995,8.615039e-07,0.8615039,0.0,4.294,9.818602e-07,0.9818602
28,28,5.68700278e-06,5.68700278,0,1,81.88235294117646,,False,,0.0,4.318,4.469518e-07,0.4469517999999999,0.0,4.261,5.960977e-07,0.5960977000000001,0.0,4.164,1.200338e-07,0.1200338,0.0,4.23,9.442577e-07,0.9442577,0.6823529411764705,3.594,2.169343e-06,2.169343,0.0,4.329,9.002998e-08,0.09002998,0.0,3.995,3.259908e-07,0.3259908,0.0,4.294,9.94298e-07,0.994298
29,29,7.7666488e-05,77.66648800000002,0,1,81.88235294117646,,False,,0.0,4.318,4.770672e-07,0.4770671999999999,0.0,4.261,1.348109e-06,1.348109,0.0,4.164,1.793533e-05,17.93533,0.6823529411764705,3.877,4.111001e-06,4.111001000000001,0.0,3.977,4.213097e-06,4.213096999999999,0.0,4.329,4.796185e-05,47.961850000000005,0.0,3.995,6.521459e-07,0.6521459000000001,0.0,4.294,9.678879e-07,0.9678879
30,30,8.97517053e-05,89.7517053,0,1,82.82352941176471,,False,,0.0,4.318,8.426723e-07,0.8426723,0.0,4.261,2.437687e-05,24.37687,0.0,4.164,8.383066e-07,0.8383066,0.0,4.23,1.974122e-05,19.74122,0.6901960784313725,3.592,3.978712e-06,3.978712,0.0,4.329,6.129666e-07,0.6129665999999999,0.0,3.995,3.846906e-05,38.46906,0.0,4.294,8.918978e-07,0.8918978000000001
31,31,7.819324220000001e-05,78.1932422,0,1,82.82352941176471,,False,,0.0,4.318,4.795476e-07,0.4795476,0.0,4.261,1.353243e-06,1.353243,0.0,4.164,1.803119e-05,18.03119,0.6901960784313725,3.875,4.111856e-06,4.111856,0.0,3.977,4.217074e-06,4.217074,0.0,4.329,4.836327e-05,48.36327,0.0,3.995,6.649992e-07,0.6649992,0.0,4.294,9.720624e-07,0.9720624
32,32,9.66427468e-05,96.6427468,0,1,88.94117647058823,,False,,0.0,4.318,9.635003e-07,0.9635003,0.0,4.261,2.65207e-05,26.5207,0.0,4.164,9.044077e-07,0.9044077,0.0,4.23,2.124282e-05,21.24282,0.7411764705882352,3.575,4.06087e-06,4.06087,0.0,4.329,6.763931e-07,0.6763931,0.0,3.995,4.137483e-05,41.37483,0.0,4.294,8.992257e-07,0.8992256999999999
33,33,8.41899065e-05,84.1899065,0,2,88.94117647058823,,False,,0.0,4.318,4.788641e-07,0.4788640999999999,0.0,4.261,1.386598e-06,1.386598,0.0,4.164,1.94907e-05,19.4907,0.7411764705882352,3.86,4.332308e-06,4.332308,0.0,3.977,4.696755e-06,4.696755,0.0,4.329,5.208549e-05,52.08549,0.0,3.995,7.463539e-07,0.7463539,0.0,4.294,9.728375e-07,0.9728375
34,34,0.0001250888093,125.08880929999998,0,1,117.6470588235294,,False,,0.0,4.318,1.529146e-06,1.529146,0.0,4.261,3.597728e-05,35.97728,0.0,4.164,1.192516e-06,1.192516,0.0,4.23,2.769413e-05,27.69413,0.980392156862745,3.504,4.444473e-06,4.444473,0.0,4.329,9.843881e-07,0.9843881,0.0,3.995,5.233577e-05,52.33577,0.0,4.294,9.311062e-07,0.9311062
35,35,0.0001097719445,109.7719445,0,1,117.6470588235294,,False,,0.0,4.318,4.824245e-07,0.4824245,0.0,4.261,1.517984e-06,1.517984,0.0,4.164,2.558545e-05,25.58545,0.980392156862745,3.797,5.117494e-06,5.117494,0.0,3.977,6.668767e-06,6.668767,0.0,4.329,6.824331e-05,68.24331,0.0,3.995,1.151859e-06,1.151859,0.0,4.294,1.004656e-06,1.004656
36,36,9.77197794e-05,97.7197794,0,1,90.35294117647058,,False,,0.0,4.318,9.851161e-07,0.9851161,0.0,4.261,2.686441e-05,26.86441,0.0,4.164,9.133569e-07,0.9133569,0.0,4.23,2.146378e-05,21.46378,0.7529411764705882,3.572,4.076161e-06,4.076161,0.0,4.329,6.8923e-07,0.68923,0.0,3.995,4.182861e-05,41.828610000000005,0.0,4.294,8.991154e-07,0.8991154
37,37,8.518030340000001e-05,85.1803034,0,1,90.35294117647058,,False,,0.0,4.318,4.779606e-07,0.4779606,0.0,4.261,1.392961e-06,1.392961,0.0,4.164,1.971407e-05,19.71407,0.7529411764705882,3.857,4.353306e-06,4.353306,0.0,3.977,4.763458e-06,4.763458,0.0,4.329,5.273443e-05,52.73443,0.0,3.995,7.633465e-07,0.7633464999999999,0.0,4.294,9.807713e-07,0.9807713
38,38,6.880621710000001e-05,68.8062171,0,1,62.58823529411765,,False,,0.0,4.318,4.886463e-07,0.4886463,0.0,4.261,1.750522e-05,17.50522,0.0,4.164,6.295653e-07,0.6295653,0.0,4.23,1.494923e-05,14.94923,0.5215686274509804,3.649,3.66409e-06,3.66409,0.0,4.329,4.012927e-07,0.4012927,0.0,3.995,3.028961e-05,30.28961,0.0,4.294,8.785628e-07,0.8785628
39,39,0.00010510680203,105.10680203,0,1,116.23529411764704,,False,,0.0,4.318,4.845514e-07,0.4845513999999999,0.0,4.261,5.490687e-06,5.490687,0.968627450980392,3.734,4.915795e-05,49.15795,0.0,4.23,9.412893e-07,0.9412893,0.0,3.977,4.786259e-05,47.86259,0.0,4.329,5.003773e-08,0.05003773,0.0,3.995,1.169116e-07,0.1169116,0.0,4.294,1.002785e-06,1.002785
40,40,5.95653455e-05,59.56534550000001,0,1,62.58823529411765,,False,,0.0,4.318,4.712449e-07,0.4712449,0.0,4.261,1.236685e-06,1.236685,0.0,4.164,1.36213e-05,13.6213,0.5215686274509804,3.926,3.499275e-06,3.499275,0.0,3.977,2.977927e-06,2.977927,0.0,4.329,3.639715e-05,36.39715,0.0,3.995,4.090078e-07,0.4090078,0.0,4.294,9.527558e-07,0.9527558
41,41,5.2058087100000005e-05,52.0580871,0,1,46.11764705882353,,False,,0.0,4.318,2.530351e-07,0.2530351,0.0,4.261,1.2235e-05,12.235,0.0,4.164,4.732398e-07,0.4732398,0.0,4.23,1.123554e-05,11.23554,0.3843137254901961,3.699,3.392053e-06,3.392053,0.0,4.329,2.51493e-07,0.251493,0.0,3.995,2.334636e-05,23.34636,0.0,4.294,8.713662e-07,0.8713662
42,42,0.0001072117314999,107.2117315,0,1,116.23529411764704,,False,,0.0,4.318,2.798422e-06,2.798422,0.968627450980392,3.837,5.710836e-05,57.10836,0.0,4.164,6.132114e-07,0.6132114,0.0,4.23,1.65282e-05,16.5282,0.0,3.977,6.44298e-06,6.44298,0.0,4.329,6.374861e-07,0.6374861,0.0,3.995,2.160359e-05,21.60359,0.0,4.294,1.479482e-06,1.479482
43,43,0.0001038228977,103.8228977,0,1,112.4705882352941,,False,,0.0,4.318,4.742134e-07,0.4742134,0.0,4.261,5.406052e-06,5.406052,0.9372549019607842,3.737,4.863307e-05,48.63307,0.0,4.23,9.40199e-07,0.940199,0.0,3.977,4.720182e-05,47.20182,0.0,4.329,5.09861e-08,0.0509861,0.0,3.995,1.129182e-07,0.1129182,0.0,4.294,1.003639e-06,1.003639
44,44,4.62750531e-05,46.2750531,0,1,46.11764705882353,,False,,0.0,4.318,4.738726e-07,0.4738726,0.0,4.261,1.147127e-06,1.147127,0.0,4.164,1.040202e-05,10.40202,0.3843137254901961,3.966,3.031425e-06,3.031425,0.0,3.977,2.145038e-06,2.145038,0.0,4.329,2.787341e-05,27.87341,0.0,3.995,2.529296e-07,0.2529296,0.0,4.294,9.492309e-07,0.9492309
45,45,4.66184613e-05,46.61846130000001,0,1,40.47058823529412,,False,,0.0,4.318,1.873216e-07,0.1873216,0.0,4.261,1.062646e-05,10.62646,0.0,4.164,4.21514e-07,0.421514,0.0,4.23,9.997432e-06,9.997432,0.3372549019607843,3.716,3.308081e-06,3.308081,0.0,4.329,2.075125e-07,0.2075125,0.0,3.995,2.10008e-05,21.0008,0.0,4.294,8.693402e-07,0.8693402
46,46,0.0001034001483,103.40014829999998,0,1,112.4705882352941,,False,,0.0,4.318,2.705253e-06,2.705253,0.9372549019607842,3.846,5.497551e-05,54.97551,0.0,4.164,5.913932e-07,0.5913932,0.0,4.23,1.591174e-05,15.911740000000002,0.0,3.977,6.251078e-06,6.251078,0.0,4.329,6.198581e-07,0.6198581000000001,0.0,3.995,2.08687e-05,20.8687,0.0,4.294,1.476616e-06,1.476616
47,47,3.91422795e-05,39.1422795,0,1,40.47058823529412,,False,,0.0,4.318,4.697932e-07,0.4697931999999999,0.0,4.261,1.094269e-06,1.094269,0.0,4.164,8.698657e-06,8.698656999999999,0.3372549019607843,3.989,2.769676e-06,2.769676,0.0,3.977,1.744574e-06,1.7445739999999998,0.0,4.329,2.32361e-05,23.2361,0.0,3.995,1.817588e-07,0.1817588,0.0,4.294,9.474515e-07,0.9474515
48,48,4.44981024e-05,44.4981024,0,1,38.58823529411765,,False,,0.0,4.318,1.642367e-07,0.1642366999999999,0.0,4.261,9.956751e-06,9.956751,0.0,4.164,4.02176e-07,0.402176,0.0,4.23,9.531786e-06,9.531786,0.3215686274509804,3.723,3.271597e-06,3.271597,0.0,4.329,1.908198e-07,0.1908198,0.0,3.995,2.010812e-05,20.10812,0.0,4.294,8.726159e-07,0.8726159
49,49,0.00010597809928,105.97809928,0,2,115.29411764705884,,False,,0.0,4.318,4.881875e-07,0.4881875,0.0,4.261,5.539689e-06,5.539689,0.9607843137254904,3.732,4.948708e-05,49.48708,0.0,4.23,9.423371e-07,0.9423371,0.0,3.977,4.83466e-05,48.3466,0.0,4.329,4.953008e-08,0.04953008,0.0,3.995,1.196396e-07,0.1196396,0.0,4.294,1.005036e-06,1.005036
50,50,3.83800569e-05,38.3800569,0,1,38.58823529411765,,False,,0.0,4.318,4.716365e-07,0.4716365,0.0,4.261,1.085433e-06,1.085433,0.0,4.164,8.492477e-06,8.492477,0.3215686274509804,3.992,2.744176e-06,2.744176,0.0,3.977,1.712863e-06,1.712863,0.0,4.329,2.274936e-05,22.74936,0.0,3.995,1.740259e-07,0.1740259,0.0,4.294,9.500855e-07,0.9500855
51,51,6.01160413e-05,60.11604129999999,0,1,54.11764705882352,,False,,0.0,4.318,3.62092e-07,0.3620919999999999,0.0,4.261,1.477848e-05,14.77848,0.0,4.164,5.486783e-07,0.5486783,0.0,4.23,1.304018e-05,13.04018,0.4509803921568627,3.674,3.533097e-06,3.533097,0.0,4.329,3.239436e-07,0.3239436,0.0,3.995,2.665743e-05,26.65743,0.0,4.294,8.721404e-07,0.8721404
52,52,0.0001061405513,106.1405513,0,2,115.29411764705884,,False,,0.0,4.318,2.779609e-06,2.779609,0.9607843137254904,3.839,5.650854e-05,56.50854,0.0,4.164,6.048662e-07,0.6048662,0.0,4.23,1.631167e-05,16.31167,0.0,3.977,6.410564e-06,6.410564,0.0,4.329,6.311231e-07,0.6311231,0.0,3.995,2.141813e-05,21.41813,0.0,4.294,1.476049e-06,1.476049
53,53,5.29685999e-05,52.9685999,0,1,54.11764705882352,,False,,0.0,4.318,4.723691e-07,0.4723691,0.0,4.261,1.19592e-06,1.19592,0.0,4.164,1.201623e-05,12.01623,0.4509803921568627,3.945,3.271329e-06,3.271329,0.0,3.977,2.54407e-06,2.54407,0.0,4.329,3.218808e-05,32.18808000000001,0.0,3.995,3.292759e-07,0.3292759,0.0,4.294,9.513259e-07,0.9513259
54,54,0.0001051902102,105.1902102,0,1,97.41176470588236,,False,,0.0,4.318,1.129271e-06,1.129271,0.0,4.261,2.936613e-05,29.36613,0.0,4.164,9.883232e-07,0.9883232,0.0,4.23,2.319514e-05,23.19514,0.8117647058823529,3.553,4.190366e-06,4.190366,0.0,4.329,7.677181e-07,0.7677181,0.0,3.995,4.465405e-05,44.65405,0.0,4.294,8.992119e-07,0.8992119
55,55,9.16498984e-05,91.6498984,0,1,97.41176470588236,,False,,0.0,4.318,4.798382e-07,0.4798382,0.0,4.261,1.427759e-06,1.427759,0.0,4.164,2.117686e-05,21.17686,0.8117647058823529,3.841,4.554962e-06,4.554962,0.0,3.977,5.272248e-06,5.272247999999999,0.0,4.329,5.689837e-05,56.89837,0.0,3.995,8.592557e-07,0.8592557,0.0,4.294,9.806055e-07,0.9806055
56,56,9.73648152e-05,97.3648152,0,1,89.88235294117646,,False,,0.0,4.318,9.788729e-07,0.9788729,0.0,4.261,2.675894e-05,26.758940000000003,0.0,4.164,9.089251e-07,0.9089251,0.0,4.23,2.13999e-05,21.3999,0.7490196078431371,3.573,4.069044e-06,4.069044,0.0,4.329,6.829172e-07,0.6829172,0.0,3.995,4.167034e-05,41.67034,0.0,4.294,8.95876e-07,0.895876
57,57,8.3808623e-05,83.808623,0,1,89.88235294117646,,False,,0.0,4.318,4.801336e-07,0.4801336,0.0,4.261,1.38342e-06,1.38342,0.0,4.164,1.942441e-05,19.42441,0.7490196078431371,3.861,4.295878e-06,4.295877999999999,0.0,3.977,4.658949e-06,4.658949000000001,0.0,4.329,5.185544e-05,51.85544,0.0,3.995,7.378653e-07,0.7378653,0.0,4.294,9.725271e-07,0.9725271
58,58,0.0001141213298,114.1213298,0,1,106.8235294117647,,False,,0.0,4.318,1.305456e-06,1.3054560000000002,0.0,4.261,3.227059e-05,32.27059,0.0,4.164,1.075299e-06,1.075299,0.0,4.23,2.513971e-05,25.13971,0.8901960784313725,3.531,4.311185e-06,4.311185,0.0,4.329,8.597008e-07,0.8597008,0.0,3.995,4.824651e-05,48.24651,0.0,4.294,9.12879e-07,0.912879
59,59,9.95412358e-05,99.5412358,0,1,106.8235294117647,,False,,0.0,4.318,4.824264e-07,0.4824264,0.0,4.261,1.466626e-06,1.466626,0.0,4.164,2.315781e-05,23.15781,0.8901960784313725,3.821,4.799491e-06,4.799491,0.0,3.977,5.862536e-06,5.862536,0.0,4.329,6.17875e-05,61.7875,0.0,3.995,9.911424e-07,0.9911424,0.0,4.294,9.93704e-07,0.993704
60,60,9.2193202e-05,92.193202,0,1,84.70588235294117,,False,,0.0,4.318,8.82278e-07,0.882278,0.0,4.261,2.504193e-05,25.04193,0.0,4.164,8.616538e-07,0.8616537999999999,0.0,4.23,2.028493e-05,20.284930000000003,0.7058823529411764,3.586,3.98906e-06,3.98906,0.0,4.329,6.301788e-07,0.6301788,0.0,3.995,3.96127e-05,39.6127,0.0,4.294,8.904714e-07,0.8904714
61,61,8.01215955e-05,80.1215955,0,1,84.70588235294117,,False,,0.0,4.318,4.792304e-07,0.4792303999999999,0.0,4.261,1.361029e-06,1.3610289999999998,0.0,4.164,1.850425e-05,18.504250000000003,0.7058823529411764,3.87,4.176623e-06,4.176623,0.0,3.977,4.393654e-06,4.393654,0.0,4.329,4.955004e-05,49.55004,0.0,3.995,6.884513e-07,0.6884513,0.0,4.294,9.683178e-07,0.9683178
62,62,0.0001120181134,112.0181134,0,1,104.0,,False,,0.0,4.318,1.264767e-06,1.2647670000000002,0.0,4.261,3.161681e-05,31.61681,0.0,4.164,1.058362e-06,1.0583619999999998,0.0,4.23,2.46814e-05,24.6814,0.8666666666666667,3.536,4.260464e-06,4.260464,0.0,4.329,8.379296e-07,0.8379295999999999,0.0,3.995,4.739233e-05,47.39233,0.0,4.294,9.060508e-07,0.9060508
63,63,9.75353866e-05,97.5353866,0,1,104.0,,False,,0.0,4.318,4.798869e-07,0.4798868999999999,0.0,4.261,1.451745e-06,1.451745,0.0,4.164,2.26236e-05,22.6236,0.8666666666666667,3.826,4.719356e-06,4.719355999999999,0.0,3.977,5.670289e-06,5.670289,0.0,4.329,6.064412e-05,60.64412,0.0,3.995,9.553547e-07,0.9553547,0.0,4.294,9.91035e-07,0.991035
64,64,8.05978924e-05,80.5978924,0,1,73.88235294117648,,False,,0.0,4.318,6.861046e-07,0.6861046000000001,0.0,4.261,2.141763e-05,21.41763,0.0,4.164,7.422329e-07,0.7422329,0.0,4.23,1.763041e-05,17.63041,0.615686274509804,3.616,3.857244e-06,3.857244,0.0,4.329,5.183458e-07,0.5183458,0.0,3.995,3.486857e-05,34.86857,0.0,4.294,8.773551e-07,0.8773551
65,65,6.91244184e-05,69.12441840000001,0,1,73.88235294117648,,False,,0.0,4.318,4.766241e-07,0.4766241,0.0,4.261,1.296928e-06,1.296928,0.0,4.164,1.587379e-05,15.87379,0.615686274509804,3.899,3.816929e-06,3.816929,0.0,3.977,3.601426e-06,3.601426,0.0,4.329,4.256157e-05,42.56157,0.0,3.995,5.350485e-07,0.5350485,0.0,4.294,9.621028e-07,0.9621028
66,66,5.4153138e-05,54.153138,0,1,48.47058823529412,,False,,0.0,4.318,2.809986e-07,0.2809986,0.0,4.261,1.295053e-05,12.95053,0.0,4.164,4.881417e-07,0.4881417,0.0,4.23,1.165762e-05,11.65762,0.403921568627451,3.692,3.443894e-06,3.443894,0.0,4.329,2.709815e-07,0.2709815,0.0,3.995,2.41916e-05,24.1916,0.0,4.294,8.693722e-07,0.8693722
67,67,4.792878969999999e-05,47.9287897,0,1,48.47058823529412,,False,,0.0,4.318,4.722545e-07,0.4722544999999999,0.0,4.261,1.154621e-06,1.154621,0.0,4.164,1.080539e-05,10.80539,0.403921568627451,3.96,3.084921e-06,3.084921,0.0,3.977,2.223582e-06,2.223582,0.0,4.329,2.896583e-05,28.96583,0.0,3.995,2.733292e-07,0.2733292,0.0,4.294,9.48862e-07,0.948862
68,68,3.9560454e-05,39.560454,0,1,34.35294117647058,,False,,0.0,4.318,1.134611e-07,0.1134611,0.0,4.261,8.507282e-06,8.507282,0.0,4.164,3.579807e-07,0.3579807,0.0,4.23,8.42504e-06,8.42504,0.2862745098039215,3.74,3.196047e-06,3.196047,0.0,4.329,1.532555e-07,0.1532555,0.0,3.995,1.793809e-05,17.93809,0.0,4.294,8.692977e-07,0.8692977
69,69,0.0001032878475499,103.28784755,0,1,112.0,,False,,0.0,4.318,4.759082e-07,0.4759082,0.0,4.261,5.371402e-06,5.371402000000001,0.9333333333333332,3.739,4.837062e-05,48.37062,0.0,4.23,9.390068e-07,0.9390068,0.0,3.977,4.696926e-05,46.96926,0.0,4.329,5.167345e-08,0.05167345,0.0,3.995,1.110469e-07,0.1110468999999999,0.0,4.294,9.989302e-07,0.9989302
70,70,3.27385659e-05,32.7385659,0,1,34.35294117647058,,False,,0.0,4.318,4.669085e-07,0.4669085,0.0,4.261,1.036334e-06,1.036334,0.0,4.164,7.123645e-06,7.123645,0.2862745098039215,4.012,2.516639e-06,2.516639,0.0,3.977,1.433102e-06,1.433102,0.0,4.329,1.909342e-05,19.09342,0.0,3.995,1.256618e-07,0.1256618,0.0,4.294,9.428556e-07,0.9428556
71,71,3.335108971e-05,33.35108971,0,1,28.70588235294117,,False,,0.0,4.318,5.864661e-08,0.0586466099999999,0.0,4.261,6.664216e-06,6.664216,0.0,4.164,3.016977e-07,0.3016976999999999,0.0,4.23,7.033899e-06,7.033899,0.2392156862745098,3.763,3.064086e-06,3.064086,0.0,4.329,1.076446e-07,0.1076446,0.0,3.995,1.525141e-05,15.25141,0.0,4.294,8.694898e-07,0.8694898
72,72,0.0001022374726,102.2374726,0,1,112.0,,False,,0.0,4.318,2.688273e-06,2.688273,0.9333333333333332,3.848,5.439242e-05,54.39242,0.0,4.164,5.903051e-07,0.5903050999999999,0.0,4.23,1.567527e-05,15.67527,0.0,3.977,6.199379e-06,6.199379,0.0,4.329,6.078645e-07,0.6078645,0.0,3.995,2.061989e-05,20.61989,0.0,4.294,1.464071e-06,1.464071
73,73,2.736905795e-05,27.36905795,0,1,28.70588235294117,,False,,0.0,4.318,4.64051e-07,0.464051,0.0,4.261,9.874552e-07,0.9874552,0.0,4.164,5.822518e-06,5.822518,0.2392156862745098,4.033,2.300693e-06,2.300693,0.0,3.977,1.194901e-06,1.194901,0.0,4.329,1.557146e-05,15.571459999999998,0.0,3.995,8.554865e-08,0.0855486499999999,0.0,4.294,9.424311e-07,0.9424311
74,74,0.00010514240201,105.14240201,0,1,114.8235294117647,,False,,0.0,4.318,4.904895e-07,0.4904895,0.0,4.261,5.496713e-06,5.496713,0.9568627450980391,3.734,4.911967e-05,49.11967,0.0,4.23,9.370113e-07,0.9370113,0.0,3.977,4.79318e-05,47.9318,0.0,4.329,5.252301e-08,0.05252301,0.0,3.995,1.179489e-07,0.1179489,0.0,4.294,9.962463e-07,0.9962463
75,75,3.90527202e-05,39.0527202,0,1,33.88235294117646,,False,,0.0,4.318,1.08854e-07,0.108854,0.0,4.261,8.340846e-06,8.340846,0.0,4.164,3.524417e-07,0.3524417,0.0,4.23,8.301745e-06,8.301745,0.2823529411764705,3.742,3.166564e-06,3.166564,0.0,4.329,1.495988e-07,0.1495988,0.0,3.995,1.776216e-05,17.76216,0.0,4.294,8.705107e-07,0.8705107000000001
76,76,0.0001045453817,104.5453817,0,1,114.8235294117647,,False,,0.0,4.318,2.732649e-06,2.7326490000000003,0.9568627450980391,3.843,5.577962e-05,55.77962,0.0,4.164,6.038409e-07,0.6038409,0.0,4.23,1.596416e-05,15.96416,0.0,3.977,6.299632e-06,6.299632,0.0,4.329,6.204118e-07,0.6204118000000001,0.0,3.995,2.107471e-05,21.07471,0.0,4.294,1.470358e-06,1.470358
77,77,3.32792026e-05,33.2792026,0,1,33.88235294117646,,False,,0.0,4.318,4.674642e-07,0.4674642,0.0,4.261,1.038686e-06,1.038686,0.0,4.164,7.247157e-06,7.247157,0.2823529411764705,4.01,2.537966e-06,2.537966,0.0,3.977,1.461519e-06,1.461519,0.0,4.329,1.945452e-05,19.45452,0.0,3.995,1.29658e-07,0.129658,0.0,4.294,9.422324e-07,0.9422324
78,78,5.23768653e-05,52.376865300000006,0,1,47.05882352941176,,False,,0.0,4.318,2.615133e-07,0.2615133,0.0,4.261,1.242681e-05,12.42681,0.0,4.164,4.768313e-07,0.4768313,0.0,4.23,1.129313e-05,11.29313,0.3921568627450979,3.697,3.400968e-06,3.400968,0.0,4.329,2.569339e-07,0.2569339,0.0,3.995,2.339468e-05,23.39468,0.0,4.294,8.659988e-07,0.8659988000000001
79,79,4.60663078e-05,46.0663078,0,1,47.05882352941176,,False,,0.0,4.318,4.706301e-07,0.4706301,0.0,4.261,1.141405e-06,1.141405,0.0,4.164,1.033362e-05,10.33362,0.3921568627450979,3.966,3.006698e-06,3.006698,0.0,3.977,2.125735e-06,2.125735,0.0,4.329,2.778937e-05,27.78937,0.0,3.995,2.525213e-07,0.2525213,0.0,4.294,9.463284e-07,0.9463284
80,80,7.78471061e-05,77.84710609999999,0,1,72.0,,False,,0.0,4.318,6.392536e-07,0.6392536,0.0,4.261,2.049139e-05,20.491390000000003,0.0,4.164,7.220608e-07,0.7220608000000001,0.0,4.23,1.702257e-05,17.022569999999998,0.6,3.623,3.802957e-06,3.802957,0.0,4.329,4.898369e-07,0.4898368999999999,0.0,3.995,3.380332e-05,33.80332,0.0,4.294,8.757178e-07,0.8757178
81,81,6.76127375e-05,67.61273750000001,0,1,72.0,,False,,0.0,4.318,4.777128e-07,0.4777128,0.0,4.261,1.278678e-06,1.278678,0.0,4.164,1.550133e-05,15.50133,0.6,3.903,3.748173e-06,3.748173,0.0,3.977,3.4794e-06,3.4794,0.0,4.329,4.165764e-05,41.65764,0.0,3.995,5.13843e-07,0.5138429999999999,0.0,4.294,9.559607e-07,0.9559607
82,82,0.0001117245291,111.7245291,0,1,105.41176470588236,,False,,0.0,4.318,1.262704e-06,1.2627039999999998,0.0,4.261,3.153238e-05,31.532380000000003,0.0,4.164,1.055788e-06,1.055788,0.0,4.23,2.464754e-05,24.64754,0.8784313725490196,3.536,4.260811e-06,4.260811,0.0,4.329,8.381275e-07,0.8381275,0.0,3.995,4.721648e-05,47.21648,0.0,4.294,9.106986e-07,0.9106986
83,83,9.77242133e-05,97.7242133,0,1,105.41176470588236,,False,,0.0,4.318,4.796352e-07,0.4796352,0.0,4.261,1.450323e-06,1.4503229999999998,0.0,4.164,2.270809e-05,22.70809,0.8784313725490196,3.826,4.728174e-06,4.728173999999999,0.0,3.977,5.722852e-06,5.7228520000000005,0.0,4.329,6.069969e-05,60.69969,0.0,3.995,9.52311e-07,0.952311,0.0,4.294,9.831381e-07,0.9831381
84,84,0.0001204749188999,120.4749189,0,1,114.35294117647057,,False,,0.0,4.318,1.433573e-06,1.433573,0.0,4.261,3.447582e-05,34.47582,0.0,4.164,1.138137e-06,1.138137,0.0,4.23,2.66091e-05,26.6091,0.952941176470588,3.515,4.370582e-06,4.370582,0.0,4.329,9.304421e-07,0.9304421,0.0,3.995,5.059971e-05,50.59971,0.0,4.294,9.175548e-07,0.9175548
85,85,8.580832817000001e-05,85.80832817,0,1,95.05882352941174,,False,,0.0,4.318,3.63162e-07,0.363162,0.0,4.261,4.349951e-06,4.349951,0.7921568627450978,3.779,4.105312e-05,41.05312,0.0,4.23,9.632978e-07,0.9632978,0.0,3.977,3.79483e-05,37.9483,0.0,4.329,5.674249e-08,0.05674249,0.0,3.995,6.918888e-08,0.06918888,0.0,4.294,1.004566e-06,1.004566
86,86,0.0001049315678,104.9315678,0,1,114.35294117647057,,False,,0.0,4.318,4.804369e-07,0.4804369,0.0,4.261,1.484704e-06,1.484704,0.0,4.164,2.437383e-05,24.37383,0.952941176470588,3.808,4.936798e-06,4.9367980000000005,0.0,3.977,6.286313e-06,6.286313,0.0,4.329,6.529909e-05,65.29909,0.0,3.995,1.071759e-06,1.071759,0.0,4.294,9.986369e-07,0.9986369
87,87,3.65581764e-05,36.55817640000001,0,1,31.999999999999996,,False,,0.0,4.318,8.60076e-08,0.0860076,0.0,4.261,7.587947e-06,7.587947,0.0,4.164,3.322761e-07,0.3322761,0.0,4.23,7.744788e-06,7.744788,0.2666666666666666,3.751,3.11915e-06,3.11915,0.0,4.329,1.312326e-07,0.1312326,0.0,3.995,1.668699e-05,16.68699,0.0,4.294,8.697851e-07,0.8697851
88,88,5.66085363e-06,5.66085363,0,1,95.05882352941174,,False,,0.0,4.318,4.434932e-07,0.4434932,0.7921568627450978,3.887,5.942993e-07,0.5942993,0.0,4.164,1.199594e-07,0.1199594,0.0,4.23,9.402279e-07,0.9402279,0.0,3.977,2.155262e-06,2.155262,0.0,4.329,8.964383e-08,0.08964383,0.0,3.995,3.276955e-07,0.3276955,0.0,4.294,9.902725e-07,0.9902725
89,89,7.408914917e-05,74.08914917,0,1,82.35294117647057,,False,,0.0,4.318,2.94876e-07,0.294876,0.0,4.261,3.676086e-06,3.676086,0.6862745098039214,3.808,3.602955e-05,36.02955,0.0,4.23,9.72316e-07,0.972316,0.0,3.977,3.200287e-05,32.00287,0.0,4.329,6.078841e-08,0.06078841,0.0,3.995,4.579476e-08,0.04579476,0.0,4.294,1.006868e-06,1.006868
90,90,3.08308749e-05,30.8308749,0,1,31.999999999999996,,False,,0.0,4.318,4.655637e-07,0.4655637,0.0,4.261,1.014209e-06,1.014209,0.0,4.164,6.661804e-06,6.661803999999999,0.2666666666666666,4.019,2.444248e-06,2.444248,0.0,3.977,1.346315e-06,1.346315,0.0,4.329,1.784739e-05,17.84739,0.0,3.995,1.114277e-07,0.1114276999999999,0.0,4.294,9.399175e-07,0.9399175
91,91,1.0886213975e-05,10.886213975,0,1,7.529411764705872,,False,,0.0,4.318,5.887305e-08,0.05887305,0.0,4.261,6.902014e-07,0.6902014,0.0,4.164,1.193053e-07,0.1193053,0.0,4.23,2.046959e-06,2.046959,0.0627450980392156,3.878,2.519814e-06,2.519814,0.0,4.329,3.206225e-09,0.003206225,0.0,3.995,4.537083e-06,4.537083,0.0,4.294,9.10772e-07,0.910772
92,92,7.32677053e-05,73.2677053,0,1,82.35294117647057,,False,,0.0,4.318,2.002386e-06,2.002386,0.6862745098039214,3.918,3.848059e-05,38.48059,0.0,4.164,4.672635e-07,0.4672635,0.0,4.23,1.080647e-05,10.80647,0.0,3.977,4.691183e-06,4.6911830000000005,0.0,4.329,4.827628e-07,0.4827628,0.0,3.995,1.494993e-05,14.94993,0.0,4.294,1.38712e-06,1.38712
93,93,7.573460997999999e-05,75.73460997999999,0,1,84.23529411764706,,False,,0.0,4.318,3.048393e-07,0.3048393,0.0,4.261,3.762355e-06,3.762355,0.7019607843137254,3.804,3.672286e-05,36.72286,0.0,4.23,9.722614e-07,0.9722614,0.0,3.977,3.286154e-05,32.86154,0.0,4.329,6.02588e-08,0.0602588,0.0,3.995,4.852848e-08,0.04852848,0.0,4.294,1.001967e-06,1.001967
94,94,6.7593812e-06,6.7593812,0,1,7.529411764705872,,False,,0.0,4.318,4.52064e-07,0.4520639999999999,0.0,4.261,7.095469e-07,0.7095469,0.0,4.164,5.935085e-07,0.5935085,0.0627450980392156,4.163,1.250012e-06,1.250012,0.0,3.977,1.182237e-06,1.182237,0.0,4.329,1.487067e-06,1.487067,0.0,3.995,1.203109e-07,0.1203109,0.0,4.294,9.646349e-07,0.9646349
95,95,1.520219624e-05,15.20219624,0,1,11.764705882352928,,False,,0.0,4.318,1.324927e-08,0.01324927,0.0,4.261,1.68244e-06,1.68244,0.0,4.164,1.489171e-07,0.1489171,0.0,4.23,3.00449e-06,3.00449,0.0980392156862744,3.848,2.648809e-06,2.648809,0.0,4.329,1.009047e-08,0.01009047,0.0,3.995,6.797631e-06,6.797631,0.0,4.294,8.965694e-07,0.8965694
96,96,7.49407081e-05,74.9407081,0,1,84.23529411764706,,False,,0.0,4.318,2.039747e-06,2.039747,0.7019607843137254,3.914,3.935057e-05,39.35057,0.0,4.164,4.756991e-07,0.4756991,0.0,4.23,1.117204e-05,11.17204,0.0,3.977,4.754549e-06,4.754549,0.0,4.329,4.91126e-07,0.491126,0.0,3.995,1.526371e-05,15.26371,0.0,4.294,1.393267e-06,1.393267
97,97,1.309161386e-05,13.09161386,0,1,11.764705882352928,,False,,0.0,4.318,4.581521e-07,0.4581521,0.0,4.261,8.233136e-07,0.8233136,0.0,4.164,2.255093e-06,2.255093,0.0980392156862744,4.105,1.652506e-06,1.652506,0.0,3.977,8.839962e-07,0.8839962,0.0,4.329,6.022859e-06,6.022859,0.0,3.995,4.554626e-08,0.04554626,0.0,4.294,9.501477e-07,0.9501477
98,98,7.492980169e-05,74.92980169,0,1,83.76470588235294,,False,,0.0,4.318,3.016187e-07,0.3016187,0.0,4.261,3.72902e-06,3.72902,0.6980392156862745,3.806,3.641586e-05,36.41586,0.0,4.23,9.727089e-07,0.9727089,0.0,3.977,3.2399e-05,32.399,0.0,4.329,5.947168e-08,0.05947168,0.0,3.995,4.708641e-08,0.04708641,0.0,4.294,1.005036e-06,1.005036
99,99,1.4584272634e-05,14.584272634,0,1,11.29411764705882,,False,,0.0,4.318,1.69631e-08,0.0169631,0.0,4.261,1.522275e-06,1.522275,0.0,4.164,1.463375e-07,0.1463375,0.0,4.23,2.861653e-06,2.861653,0.0941176470588235,3.852,2.622839e-06,2.622839,0.0,4.329,7.716834e-09,0.007716834,0.0,3.995,6.504732e-06,6.504732,0.0,4.294,9.017562e-07,0.9017562
100,100,7.39449073e-05,73.9449073,0,2,83.76470588235294,,False,,0.0,4.318,2.017921e-06,2.0179210000000003,0.6980392156862745,3.916,3.876496e-05,38.76496,0.0,4.164,4.724403e-07,0.4724403,0.0,4.23,1.100746e-05,11.00746,0.0,3.977,4.709949e-06,4.709949,0.0,4.329,4.87402e-07,0.487402,0.0,3.995,1.509437e-05,15.09437,0.0,4.294,1.390405e-06,1.390405
101,101,7.597631697999999e-05,75.97631698000001,0,1,85.17647058823529,,False,,0.0,4.318,3.06996e-07,0.306996,0.0,4.261,3.791881e-06,3.791881,0.7098039215686274,3.803,3.688356e-05,36.88356,0.0,4.23,9.675608e-07,0.9675608,0.0,3.977,3.29144e-05,32.9144,0.0,4.329,5.821797e-08,0.05821797,0.0,3.995,4.925121e-08,0.04925121,0.0,4.294,1.00445e-06,1.00445
102,102,1.140822773e-05,11.40822773,0,1,11.29411764705882,,False,,0.0,4.318,4.532278e-07,0.4532278,0.0,4.261,7.958474e-07,0.7958474,0.0,4.164,1.832413e-06,1.832413,0.0941176470588235,4.117,1.563022e-06,1.563022,0.0,3.977,9.044618e-07,0.9044618,0.0,4.329,4.85359e-06,4.85359,0.0,3.995,5.278333e-08,0.05278333,0.0,4.294,9.528824e-07,0.9528824
103,103,1.1277390159e-05,11.277390159,0,1,7.999999999999991,,False,,0.0,4.318,5.212043e-08,0.0521204299999999,0.0,4.261,7.648594e-07,0.7648594,0.0,4.164,1.236109e-07,0.1236109,0.0,4.23,2.137637e-06,2.137637,0.0666666666666666,3.875,2.521413e-06,2.521413,0.0,4.329,2.881629e-09,0.002881629,0.0,3.995,4.761265e-06,4.761265,0.0,4.294,9.136028e-07,0.9136028
104,104,7.5588767e-05,75.588767,0,1,85.17647058823529,,False,,0.0,4.318,2.053998e-06,2.053998,0.7098039215686274,3.912,3.971387e-05,39.71387,0.0,4.164,4.787404e-07,0.4787403999999999,0.0,4.23,1.128703e-05,11.28703,0.0,3.977,4.787074e-06,4.787074,0.0,4.329,4.932796e-07,0.4932796,0.0,3.995,1.538128e-05,15.38128,0.0,4.294,1.393495e-06,1.393495
105,105,0.00010115717091,101.15717091,0,1,113.41176470588232,,False,,0.0,4.318,4.583e-07,0.4583,0.0,4.261,5.238086e-06,5.238086,0.945098039215686,3.743,4.749731e-05,47.49731,0.0,4.23,9.377339e-07,0.9377339,0.0,3.977,4.587233e-05,45.87233,0.0,4.329,5.074471e-08,0.05074471,0.0,3.995,1.069558e-07,0.1069558,0.0,4.294,9.957105e-07,0.9957105
106,106,7.339524099999999e-06,7.3395241,0,1,7.999999999999991,,False,,0.0,4.318,4.496391e-07,0.4496391,0.0,4.261,7.18323e-07,0.7183229999999999,0.0,4.164,7.589018e-07,0.7589018000000001,0.0666666666666666,4.155,1.299903e-06,1.2999029999999998,0.0,3.977,1.108856e-06,1.1088559999999998,0.0,4.329,1.937779e-06,1.937779,0.0,3.995,1.039123e-07,0.1039123,0.0,4.294,9.622099e-07,0.9622099
107,107,7.75765017e-05,77.57650170000001,0,1,72.94117647058823,,False,,0.0,4.318,6.37561e-07,0.637561,0.0,4.261,2.035961e-05,20.35961,0.0,4.164,7.2217e-07,0.72217,0.0,4.23,1.699455e-05,16.99455,0.6078431372549019,3.624,3.76302e-06,3.76302,0.0,4.329,4.90083e-07,0.490083,0.0,3.995,3.373429e-05,33.73429,0.0,4.294,8.752177e-07,0.8752177000000001
108,108,0.0001006498488,100.6498488,0,1,113.41176470588232,,False,,0.0,4.318,2.641227e-06,2.641227,0.945098039215686,3.851,5.355376e-05,53.55376,0.0,4.164,5.894523e-07,0.5894523,0.0,4.23,1.53468e-05,15.3468,0.0,3.977,6.098295e-06,6.098295,0.0,4.329,5.966405e-07,0.5966405,0.0,3.995,2.037149e-05,20.37149,0.0,4.294,1.452184e-06,1.452184
109,109,6.667813069999999e-05,66.6781307,0,1,72.94117647058823,,False,,0.0,4.318,4.696546e-07,0.4696546,0.0,4.261,1.270325e-06,1.270325,0.0,4.164,1.527272e-05,15.272719999999998,0.6078431372549019,3.905,3.715638e-06,3.715638,0.0,3.977,3.442279e-06,3.442279,0.0,4.329,4.105286e-05,41.05286,0.0,3.995,5.026314e-07,0.5026314000000001,0.0,4.294,9.520227e-07,0.9520227
110,110,0.0001222342628,122.2342628,0,1,118.11764705882352,,False,,0.0,4.318,1.484149e-06,1.484149,0.0,4.261,3.502079e-05,35.02079,0.0,4.164,1.165046e-06,1.165046,0.0,4.23,2.707849e-05,27.07849,0.984313725490196,3.51,4.390701e-06,4.390701,0.0,4.329,9.533493e-07,0.9533493,0.0,3.995,5.122261e-05,51.22261,0.0,4.294,9.191275e-07,0.9191275
111,111,8.685771855999999e-05,86.85771856,0,2,97.88235294117646,,False,,0.0,4.318,3.64585e-07,0.364585,0.0,4.261,4.418135e-06,4.418135,0.8156862745098039,3.776,4.145584e-05,41.45584,0.0,4.23,9.540375e-07,0.9540375,0.0,3.977,3.854115e-05,38.54115,0.0,4.329,5.513467e-08,0.05513467,0.0,3.995,7.178229e-08,0.07178229,0.0,4.294,9.970541e-07,0.9970541
112,112,0.0001065147453,106.5147453,0,1,118.11764705882352,,False,,0.0,4.318,4.746983e-07,0.4746983,0.0,4.261,1.485411e-06,1.485411,0.0,4.164,2.477267e-05,24.77267,0.984313725490196,3.804,4.998302e-06,4.998302,0.0,3.977,6.462321e-06,6.462321,0.0,4.329,6.623622e-05,66.23621999999999,0.0,3.995,1.097345e-06,1.097345,0.0,4.294,9.87778e-07,0.987778
113,113,8.67793219e-05,86.7793219,0,1,97.88235294117646,,False,,0.0,4.318,2.315112e-06,2.315112,0.8156862745098039,3.884,4.587524e-05,45.87524,0.0,4.164,5.280585e-07,0.5280585,0.0,4.23,1.313202e-05,13.13202,0.0,3.977,5.362157e-06,5.362157,0.0,4.329,5.391954e-07,0.5391954,0.0,3.995,1.761013e-05,17.61013,0.0,4.294,1.417409e-06,1.417409
114,114,7.234392182000001e-05,72.34392182,0,1,81.88235294117646,,False,,0.0,4.318,2.830424e-07,0.2830423999999999,0.0,4.261,3.577063e-06,3.577063,0.6823529411764705,3.812,3.525228e-05,35.25228,0.0,4.23,9.671779e-07,0.9671779,0.0,3.977,3.116186e-05,31.16186,0.0,4.329,6.053271e-08,0.0605327099999999,0.0,3.995,4.230141e-08,0.04230141,0.0,4.294,9.996644e-07,0.9996644
115,115,9.93031088e-06,9.93031088,0,1,6.588235294117643,,False,,0.0,4.318,7.533652e-08,0.07533652,0.0,4.261,4.943213e-07,0.4943213000000001,0.0,4.164,1.140581e-07,0.1140581,0.0,4.23,1.839746e-06,1.839746,0.0549019607843137,3.886,2.470542e-06,2.470542,0.0,4.329,3.77656e-09,0.00377656,0.0,3.995,4.018021e-06,4.018021,0.0,4.294,9.145094e-07,0.9145094
116,116,7.20431379e-05,72.0431379,0,1,81.88235294117646,,False,,0.0,4.318,1.974127e-06,1.974127,0.6823529411764705,3.921,3.77313e-05,37.731300000000005,0.0,4.164,4.620668e-07,0.4620668,0.0,4.23,1.066915e-05,10.66915,0.0,3.977,4.608965e-06,4.608965,0.0,4.329,4.764091e-07,0.4764091,0.0,3.995,1.474192e-05,14.74192,0.0,4.294,1.3792e-06,1.3792
117,117,5.3247521000000006e-06,5.3247521,0,1,6.588235294117643,,False,,0.0,4.318,4.421815e-07,0.4421815,0.0,4.261,6.443648e-07,0.6443648000000001,0.0,4.164,1.584589e-07,0.1584589,0.0549019607843137,4.196,1.067459e-06,1.0674590000000002,0.0,3.977,1.567829e-06,1.567829,0.0,4.329,2.681651e-07,0.2681651,0.0,3.995,2.044527e-07,0.2044527,0.0,4.294,9.718411e-07,0.9718411
118,118,7.320946661e-05,73.20946660999999,0,1,82.82352941176471,,False,,0.0,4.318,2.897663e-07,0.2897663,0.0,4.261,3.628006e-06,3.628006,0.6901960784313725,3.81,3.566403e-05,35.66403,0.0,4.23,9.649206e-07,0.9649206,0.0,3.977,3.155716e-05,31.55716,0.0,4.329,6.028978e-08,0.06028978,0.0,3.995,4.376493e-08,0.04376493,0.0,4.294,1.001529e-06,1.001529
119,119,9.50454877e-06,9.50454877,0,1,6.1176470588235246,,False,,0.0,4.318,8.452586e-08,0.08452586,0.0,4.261,4.118493e-07,0.4118493,0.0,4.164,1.112975e-07,0.1112975,0.0,4.23,1.744637e-06,1.744637,0.0509803921568627,3.89,2.453397e-06,2.453397,0.0,4.329,4.40911e-09,0.00440911,0.0,3.995,3.777408e-06,3.777408,0.0,4.294,9.17025e-07,0.917025
120,120,7.2268003e-05,72.268003,0,1,82.82352941176471,,False,,0.0,4.318,1.979368e-06,1.979368,0.6901960784313725,3.92,3.783866e-05,37.83866,0.0,4.164,4.609221e-07,0.4609221,0.0,4.23,1.074226e-05,10.74226,0.0,3.977,4.620998e-06,4.620998,0.0,4.329,4.786119e-07,0.4786119,0.0,3.995,1.476627e-05,14.76627,0.0,4.294,1.380913e-06,1.3809129999999998
121,121,7.904326054e-05,79.04326053999999,0,1,88.94117647058823,,False,,0.0,4.318,3.207245e-07,0.3207244999999999,0.0,4.261,3.964329e-06,3.964329,0.7411764705882352,3.795,3.811675e-05,38.11675,0.0,4.23,9.573708e-07,0.9573708,0.0,3.977,3.457434e-05,34.57434,0.0,4.329,5.845905e-08,0.05845905,0.0,3.995,5.514019e-08,0.05514019,0.0,4.294,9.96147e-07,0.996147
122,122,5.28202718e-06,5.28202718,0,1,6.1176470588235246,,False,,0.0,4.318,4.399801e-07,0.4399801,0.0,4.261,6.113507e-07,0.6113507,0.0,4.164,8.3891e-08,0.083891,0.0509803921568627,4.216,9.806787e-07,0.9806787,0.0,3.977,1.886414e-06,1.886414,0.0,4.329,2.782528e-08,0.02782528,0.0,3.995,2.738265e-07,0.2738265,0.0,4.294,9.780609e-07,0.9780609
123,123,4.63994747e-05,46.3994747,0,1,41.882352941176464,,False,,0.0,4.318,1.910303e-07,0.1910303,0.0,4.261,1.05984e-05,10.5984,0.0,4.164,4.218504e-07,0.4218504,0.0,4.23,9.98032e-06,9.98032,0.3490196078431372,3.716,3.278408e-06,3.278408,0.0,4.329,2.080935e-07,0.2080935,0.0,3.995,2.086292e-05,20.862920000000003,0.0,4.294,8.584525e-07,0.8584525
124,124,7.861611009999999e-05,78.6161101,0,1,88.94117647058823,,False,,0.0,4.318,2.126268e-06,2.126268,0.7411764705882352,3.904,4.136573e-05,41.36573,0.0,4.164,4.881861e-07,0.4881861,0.0,4.23,1.175293e-05,11.75293,0.0,3.977,4.943437e-06,4.943437,0.0,4.329,5.07145e-07,0.507145,0.0,3.995,1.603778e-05,16.037779999999998,0.0,4.294,1.394634e-06,1.3946340000000002
125,125,0.00010413560467,104.13560467,0,1,117.6470588235294,,False,,0.0,4.318,4.833694e-07,0.4833693999999999,0.0,4.261,5.428047e-06,5.428046999999999,0.980392156862745,3.736,4.867999e-05,48.67999,0.0,4.23,9.291915e-07,0.9291915,0.0,3.977,4.746376e-05,47.46376,0.0,4.329,4.951637e-08,0.04951637,0.0,3.995,1.145425e-07,0.1145424999999999,0.0,4.294,9.871879e-07,0.9871879
126,126,4.06094508e-05,40.6094508,0,1,41.882352941176464,,False,,0.0,4.318,4.579423e-07,0.4579423,0.0,4.261,1.087648e-06,1.087648,0.0,4.164,9.049098e-06,9.049098,0.3490196078431372,3.984,2.80055e-06,2.80055,0.0,3.977,1.851507e-06,1.851507,0.0,4.329,2.423334e-05,24.23334,0.0,3.995,1.964827e-07,0.1964827,0.0,4.294,9.328828e-07,0.9328828
127,127,0.0001221821353,122.1821353,0,1,118.5882352941176,,False,,0.0,4.318,1.479469e-06,1.479469,0.0,4.261,3.501742e-05,35.01742,0.0,4.164,1.169121e-06,1.169121,0.0,4.23,2.708336e-05,27.08336,0.9882352941176468,3.51,4.36722e-06,4.36722,0.0,4.329,9.518833e-07,0.9518833,0.0,3.995,5.120108e-05,51.20108,0.0,4.294,9.12582e-07,0.912582
128,128,0.0001035837962,103.5837962,0,1,117.6470588235294,,False,,0.0,4.318,2.715887e-06,2.715887,0.980392156862745,3.844,5.529209e-05,55.29209,0.0,4.164,6.041975e-07,0.6041975,0.0,4.23,1.576264e-05,15.76264,0.0,3.977,6.229916e-06,6.229916,0.0,4.329,6.109607e-07,0.6109607,0.0,3.995,2.091425e-05,20.91425,0.0,4.294,1.453855e-06,1.453855
129,129,0.000106365267,106.365267,0,2,118.5882352941176,,False,,0.0,4.318,4.733432e-07,0.4733431999999999,0.0,4.261,1.484187e-06,1.484187,0.0,4.164,2.463876e-05,24.63876,0.9882352941176468,3.804,4.979186e-06,4.979186,0.0,3.977,6.461876e-06,6.461876,0.0,4.329,6.624674e-05,66.24674,0.0,3.995,1.09719e-06,1.09719,0.0,4.294,9.839848e-07,0.9839848
130,130,5.36117432e-05,53.6117432,0,1,49.411764705882334,,False,,0.0,4.318,2.806255e-07,0.2806254999999999,0.0,4.261,1.280662e-05,12.80662,0.0,4.164,4.895361e-07,0.4895361,0.0,4.23,1.157598e-05,11.57598,0.4117647058823528,3.693,3.395891e-06,3.395891,0.0,4.329,2.708067e-07,0.2708067,0.0,3.995,2.393172e-05,23.93172,0.0,4.294,8.605639e-07,0.8605638999999999
131,131,7.986160679e-05,79.86160679,0,1,90.35294117647058,,False,,0.0,4.318,3.226751e-07,0.3226751,0.0,4.261,3.999198e-06,3.999198,0.7529411764705882,3.793,3.852611e-05,38.52611,0.0,4.23,9.570633e-07,0.9570633,0.0,3.977,3.494873e-05,34.948730000000005,0.0,4.329,5.747307e-08,0.0574730699999999,0.0,3.995,5.740582e-08,0.05740582,0.0,4.294,9.929515e-07,0.9929515
132,132,4.8218702800000005e-05,48.2187028,0,2,49.411764705882334,,False,,0.0,4.318,4.607751e-07,0.4607751,0.0,4.261,1.141956e-06,1.1419560000000002,0.0,4.164,1.088295e-05,10.88295,0.4117647058823528,3.959,3.079943e-06,3.079943,0.0,3.977,2.2662e-06,2.2662,0.0,4.329,2.917263e-05,29.17263,0.0,3.995,2.779983e-07,0.2779983,0.0,4.294,9.362504e-07,0.9362504
133,133,3.046263915e-05,30.46263915,0,1,26.823529411764707,,False,,0.0,4.318,4.026996e-08,0.04026996,0.0,4.261,5.83476e-06,5.83476,0.0,4.164,2.775705e-07,0.2775705,0.0,4.23,6.406779e-06,6.406779,0.2235294117647059,3.774,2.979644e-06,2.9796440000000004,0.0,4.329,9.048759e-08,0.09048759,0.0,3.995,1.396701e-05,13.96701,0.0,4.294,8.661181e-07,0.8661181
134,134,8.032558359999999e-05,80.32558359999999,0,1,90.35294117647058,,False,,0.0,4.318,2.168023e-06,2.168023,0.7529411764705882,3.9,4.240161e-05,42.40161,0.0,4.164,4.958288e-07,0.4958287999999999,0.0,4.23,1.200012e-05,12.00012,0.0,3.977,5.017793e-06,5.017792999999999,0.0,4.329,5.139628e-07,0.5139628,0.0,3.995,1.633016e-05,16.33016,0.0,4.294,1.398086e-06,1.398086
135,135,5.55635977e-05,55.5635977,0,1,62.58823529411765,,False,,0.0,4.318,2.056734e-07,0.2056734,0.0,4.261,2.636475e-06,2.636475,0.5215686274509804,3.857,2.798061e-05,27.98061,0.0,4.23,9.803299e-07,0.9803299,0.0,3.977,2.267508e-05,22.67508,0.0,4.329,6.518085e-08,0.06518085,0.0,3.995,2.051935e-08,0.02051935,0.0,4.294,9.997292e-07,0.9997292
136,136,2.496461878e-05,24.96461878,0,1,26.823529411764707,,False,,0.0,4.318,4.558005e-07,0.4558005,0.0,4.261,9.53297e-07,0.953297,0.0,4.164,5.229678e-06,5.229678,0.2235294117647059,4.043,2.188712e-06,2.188712,0.0,3.977,1.110329e-06,1.110329,0.0,4.329,1.402094e-05,14.02094,0.0,3.995,7.246528e-08,0.07246528,0.0,4.294,9.33397e-07,0.933397
137,137,2.880656633e-05,28.80656633,0,1,24.94117647058824,,False,,0.0,4.318,2.944994e-08,0.02944994,0.0,4.261,5.34612e-06,5.34612,0.0,4.164,2.639084e-07,0.2639084,0.0,4.23,6.025817e-06,6.025817,0.207843137254902,3.781,2.950994e-06,2.950994,0.0,4.329,7.831489e-08,0.07831489,0.0,3.995,1.324546e-05,13.24546,0.0,4.294,8.665021e-07,0.8665020999999999
138,138,5.66184282e-05,56.6184282,0,1,62.58823529411765,,False,,0.0,4.318,1.60971e-06,1.6097100000000002,0.5215686274509804,3.963,2.926397e-05,29.26397,0.0,4.164,3.967147e-07,0.3967147,0.0,4.23,8.154086e-06,8.154086000000001,0.0,3.977,3.835121e-06,3.835121,0.0,4.329,4.092445e-07,0.4092445,0.0,3.995,1.162158e-05,11.62158,0.0,4.294,1.328002e-06,1.328002
139,139,4.140184289e-05,41.401842890000005,0,1,46.11764705882353,,False,,0.0,4.318,1.57688e-07,0.157688,0.0,4.261,1.867584e-06,1.867584,0.3843137254901961,3.9,2.158588e-05,21.585880000000003,0.0,4.23,9.911403e-07,0.9911403,0.0,3.977,1.571119e-05,15.711189999999998,0.0,4.329,7.043477e-08,0.07043477,0.0,3.995,1.405582e-08,0.01405582,0.0,4.294,1.00387e-06,1.00387
140,140,2.354009244e-05,23.54009244,0,1,24.94117647058824,,False,,0.0,4.318,4.5793e-07,0.45793,0.0,4.261,9.395745e-07,0.9395745,0.0,4.164,4.876262e-06,4.876262,0.207843137254902,4.049,2.127881e-06,2.127881,0.0,3.977,1.058966e-06,1.058966,0.0,4.329,1.308015e-05,13.08015,0.0,3.995,6.450244e-08,0.06450244,0.0,4.294,9.348265e-07,0.9348265
141,141,3.143853641e-05,31.43853641,0,1,27.76470588235293,,False,,0.0,4.318,4.654491e-08,0.04654491,0.0,4.261,6.125998e-06,6.125998,0.0,4.164,2.839511e-07,0.2839511,0.0,4.23,6.62855e-06,6.628550000000001,0.2313725490196078,3.77,2.998137e-06,2.9981370000000003,0.0,4.329,9.66726e-08,0.0966726,0.0,3.995,1.439176e-05,14.39176,0.0,4.294,8.669228e-07,0.8669228
142,142,3.93541609e-05,39.3541609,0,1,46.11764705882353,,False,,0.0,4.318,1.20664e-06,1.2066400000000002,0.3843137254901961,4.016,1.956921e-05,19.56921,0.0,4.164,3.117035e-07,0.3117035,0.0,4.23,5.503563e-06,5.503563,0.0,3.977,3.019498e-06,3.019498,0.0,4.329,3.269124e-07,0.3269124,0.0,3.995,8.140403e-06,8.140403000000001,0.0,4.294,1.276231e-06,1.276231
143,143,3.719714582e-05,37.19714582,0,1,40.47058823529412,,False,,0.0,4.318,1.469342e-07,0.1469342,0.0,4.261,1.644447e-06,1.644447,0.3372549019607843,3.914,1.962613e-05,19.62613,0.0,4.23,9.941498e-07,0.9941498,0.0,3.977,1.369049e-05,13.69049,0.0,4.329,7.16992e-08,0.0716991999999999,0.0,3.995,1.565962e-08,0.01565962,0.0,4.294,1.007636e-06,1.007636
144,144,2.566161205e-05,25.66161205,0,1,27.76470588235293,,False,,0.0,4.318,4.549547e-07,0.4549547,0.0,4.261,9.600097e-07,0.9600097,0.0,4.164,5.398118e-06,5.398118,0.2313725490196078,4.04,2.225406e-06,2.225406,0.0,3.977,1.143434e-06,1.143434,0.0,4.329,1.446825e-05,14.46825,0.0,3.995,7.631125e-08,0.07631125,0.0,4.294,9.351284e-07,0.9351284
145,145,3.346492594e-05,33.46492594,0,1,29.6470588235294,,False,,0.0,4.318,6.191564e-08,0.06191564,0.0,4.261,6.727372e-06,6.727372,0.0,4.164,3.02797e-07,0.302797,0.0,4.23,7.065719e-06,7.0657190000000005,0.2470588235294117,3.762,3.041858e-06,3.041858,0.0,4.329,1.114771e-07,0.1114771,0.0,3.995,1.52888e-05,15.288799999999998,0.0,4.294,8.649872e-07,0.8649872000000001
146,146,3.79471316e-05,37.9471316,0,1,40.47058823529412,,False,,0.0,4.318,1.176754e-06,1.176754,0.3372549019607843,4.021,1.883773e-05,18.83773,0.0,4.164,3.067062e-07,0.3067062,0.0,4.23,5.24259e-06,5.24259,0.0,3.977,2.958947e-06,2.958947,0.0,4.329,3.194444e-07,0.3194443999999999,0.0,3.995,7.836999e-06,7.836999,0.0,4.294,1.267961e-06,1.267961
147,147,3.377431972e-05,33.77431972,0,1,38.58823529411765,,False,,0.0,4.318,1.421017e-07,0.1421017,0.0,4.261,1.469465e-06,1.469465,0.3215686274509804,3.926,1.800855e-05,18.00855,0.0,4.23,9.947778e-07,0.9947778,0.0,3.977,1.206379e-05,12.06379,0.0,4.329,7.317365e-08,0.07317365,0.0,3.995,1.822257e-08,0.01822257,0.0,4.294,1.004239e-06,1.004239
148,148,2.731185332e-05,27.311853320000004,0,1,29.6470588235294,,False,,0.0,4.318,4.577794e-07,0.4577794,0.0,4.261,9.781273e-07,0.9781273,0.0,4.164,5.806929e-06,5.806929,0.2470588235294117,4.033,2.286684e-06,2.286684,0.0,3.977,1.203912e-06,1.203912,0.0,4.329,1.555687e-05,15.556870000000002,0.0,3.995,8.671682e-08,0.08671682,0.0,4.294,9.348348e-07,0.9348348
149,149,3.59265724e-05,35.9265724,0,1,38.58823529411765,,False,,0.0,4.318,1.127217e-06,1.127217,0.3215686274509804,4.028,1.766212e-05,17.662119999999998,0.0,4.164,2.949471e-07,0.2949471,0.0,4.23,4.960169e-06,4.960169,0.0,3.977,2.867198e-06,2.867198,0.0,4.329,3.105653e-07,0.3105653,0.0,3.995,7.448401e-06,7.448401,0.0,4.294,1.255955e-06,1.255955
150,150,4.807471922e-05,48.074719220000006,0,1,54.11764705882352,,False,,0.0,4.318,1.77581e-07,0.177581,0.0,4.261,2.226524e-06,2.226524,0.4509803921568627,3.879,2.464488e-05,24.64488,0.0,4.23,9.893591e-07,0.9893591,0.0,3.977,1.894836e-05,18.94836,0.0,4.329,6.811997e-08,0.06811997,0.0,3.995,1.546015e-08,0.0154601499999999,0.0,4.294,1.004435e-06,1.004435
151,151,5.08068051e-05,50.806805100000005,0,1,54.11764705882352,,False,,0.0,4.318,1.47787e-06,1.47787,0.4509803921568627,3.98,2.592482e-05,25.92482,0.0,4.164,3.647873e-07,0.3647873,0.0,4.23,7.309104e-06,7.309104,0.0,3.977,3.554019e-06,3.5540190000000003,0.0,4.329,3.827288e-07,0.3827288,0.0,3.995,1.04726e-05,10.4726,0.0,4.294,1.320876e-06,1.320876
152,152,8.646504112999999e-05,86.46504113,0,1,97.41176470588236,,False,,0.0,4.318,3.622498e-07,0.3622498,0.0,4.261,4.386139e-06,4.386139,0.8117647058823529,3.777,4.130337e-05,41.30337,0.0,4.23,9.523064e-07,0.9523064,0.0,3.977,3.834008e-05,38.34008,0.0,4.329,5.524066e-08,0.05524066,0.0,3.995,7.102787e-08,0.0710278699999999,0.0,4.294,9.946274e-07,0.9946274
153,153,8.193184869999999e-05,81.9318487,0,1,77.1764705882353,,False,,0.0,4.318,7.11885e-07,0.711885,0.0,4.261,2.172443e-05,21.72443,0.0,4.164,7.628545e-07,0.7628545000000001,0.0,4.23,1.795425e-05,17.95425,0.6431372549019608,3.612,3.827812e-06,3.827812,0.0,4.329,5.316787e-07,0.5316787,0.0,3.995,3.554417e-05,35.54417,0.0,4.294,8.747685e-07,0.8747685
154,154,8.63221191e-05,86.32211910000001,0,1,97.41176470588236,,False,,0.0,4.318,2.309e-06,2.309,0.8117647058823529,3.885,4.551594e-05,45.51594,0.0,4.164,5.240475e-07,0.5240475,0.0,4.23,1.309881e-05,13.09881,0.0,3.977,5.339616e-06,5.339616,0.0,4.329,5.426266e-07,0.5426266000000001,0.0,3.995,1.757281e-05,17.57281,0.0,4.294,1.419269e-06,1.419269
155,155,7.967103851e-05,79.67103851000002,0,1,89.88235294117646,,False,,0.0,4.318,3.178987e-07,0.3178987,0.0,4.261,3.997835e-06,3.997835,0.7490196078431371,3.793,3.846394e-05,38.46394,0.0,4.23,9.52881e-07,0.952881,0.0,3.977,3.482659e-05,34.82659,0.0,4.329,5.720646e-08,0.05720646,0.0,3.995,5.665705e-08,0.05665705,0.0,4.294,9.980303e-07,0.9980303
156,156,7.126466470000001e-05,71.2646647,0,1,77.1764705882353,,False,,0.0,4.318,4.638327e-07,0.4638327,0.0,4.261,1.296871e-06,1.296871,0.0,4.164,1.641575e-05,16.41575,0.6431372549019608,3.893,3.872633e-06,3.872633,0.0,3.977,3.77954e-06,3.77954,0.0,4.329,4.392416e-05,43.92416,0.0,3.995,5.635562e-07,0.5635562000000001,0.0,4.294,9.483218e-07,0.9483218
157,157,2.757410134e-05,27.57410134,0,1,23.52941176470588,,False,,0.0,4.318,2.236473e-08,0.02236473,0.0,4.261,4.971719e-06,4.971718999999999,0.0,4.164,2.508816e-07,0.2508816,0.0,4.23,5.757127e-06,5.757127,0.196078431372549,3.786,2.911367e-06,2.911367,0.0,4.329,6.993821e-08,0.06993821,0.0,3.995,1.271821e-05,12.71821,0.0,4.294,8.724938e-07,0.8724938
158,158,7.981143770000001e-05,79.8114377,0,1,89.88235294117646,,False,,0.0,4.318,2.153694e-06,2.153694,0.7490196078431371,3.901,4.197321e-05,41.97321,0.0,4.164,4.946084e-07,0.4946083999999999,0.0,4.23,1.199641e-05,11.99641,0.0,3.977,5.010743e-06,5.010743000000001,0.0,4.329,5.130223e-07,0.5130223,0.0,3.995,1.627087e-05,16.270870000000002,0.0,4.294,1.39888e-06,1.39888
159,159,2.31409864e-05,23.1409864,0,1,23.52941176470588,,False,,0.0,4.318,4.552299e-07,0.4552298999999999,0.0,4.261,9.372136e-07,0.9372136,0.0,4.164,4.783498e-06,4.783498000000001,0.196078431372549,4.051,2.116929e-06,2.1169290000000003,0.0,3.977,1.053507e-06,1.053507,0.0,4.329,1.27969e-05,12.7969,0.0,3.995,6.24683e-08,0.0624683,0.0,4.294,9.352406e-07,0.9352406
160,160,4.64949579e-05,46.4949579,0,1,45.17647058823529,,False,,0.0,4.318,1.901089e-07,0.1901089,0.0,4.261,1.057183e-05,10.57183,0.0,4.164,4.247494e-07,0.4247494,0.0,4.23,9.996823e-06,9.996823,0.3764705882352941,3.716,3.277529e-06,3.277529,0.0,4.329,2.086179e-07,0.2086179,0.0,3.995,2.096237e-05,20.96237,0.0,4.294,8.629297e-07,0.8629297
161,161,4.36529248e-05,43.6529248,0,1,45.17647058823529,,False,,0.0,4.318,4.598048e-07,0.4598048,0.0,4.261,1.113699e-06,1.113699,0.0,4.164,9.77689e-06,9.77689,0.3764705882352941,3.974,2.916352e-06,2.9163520000000003,0.0,3.977,2.01212e-06,2.01212,0.0,4.329,2.620827e-05,26.20827,0.0,3.995,2.265854e-07,0.2265854,0.0,4.294,9.392036e-07,0.9392036
162,162,9.53291611e-05,95.3291611,0,1,93.6470588235294,,False,,0.0,4.318,9.507564e-07,0.9507564,0.0,4.261,2.609138e-05,26.09138,0.0,4.164,8.940273e-07,0.8940273,0.0,4.23,2.096793e-05,20.96793,0.7803921568627451,3.577,4.018022e-06,4.018021999999999,0.0,4.329,6.653711e-07,0.6653711,0.0,3.995,4.085258e-05,40.85258,0.0,4.294,8.890943e-07,0.8890943
163,163,8.59105102e-05,85.9105102,0,1,93.6470588235294,,False,,0.0,4.318,4.708075e-07,0.4708075,0.0,4.261,1.383779e-06,1.383779,0.0,4.164,1.990966e-05,19.90966,0.7803921568627451,3.855,4.34339e-06,4.34339,0.0,3.977,4.845635e-06,4.845635,0.0,4.329,5.322145e-05,53.22145,0.0,3.995,7.730707e-07,0.7730707,0.0,4.294,9.62718e-07,0.962718
164,164,1.3242478701e-05,13.242478701,0,1,9.88235294117646,,False,,0.0,4.318,2.769189e-08,0.02769189,0.0,4.261,1.196058e-06,1.196058,0.0,4.164,1.345938e-07,0.1345938,0.0,4.23,2.565009e-06,2.565009,0.0823529411764705,3.861,2.580013e-06,2.580013,0.0,4.329,4.616611e-09,0.004616611,0.0,3.995,5.831286e-06,5.831286,0.0,4.294,9.032104e-07,0.9032104
165,165,1.1401161210000002e-05,11.40116121,0,1,9.88235294117646,,False,,0.0,4.318,4.507401e-07,0.4507401,0.0,4.261,7.995438e-07,0.7995438,0.0,4.164,1.824285e-06,1.824285,0.0823529411764705,4.117,1.563571e-06,1.563571,0.0,3.977,9.054229e-07,0.9054229,0.0,4.329,4.849951e-06,4.849951,0.0,3.995,5.470661e-08,0.05470661,0.0,4.294,9.529408e-07,0.9529408
166,166,1.3686331819e-05,13.686331819,0,1,10.35294117647058,,False,,0.0,4.318,2.403881e-08,0.02403881,0.0,4.261,1.283879e-06,1.283879,0.0,4.164,1.373172e-07,0.1373172,0.0,4.23,2.66184e-06,2.66184,0.0862745098039215,3.858,2.587726e-06,2.587726,0.0,4.329,5.163509e-09,0.005163509,0.0,3.995,6.079555e-06,6.079554999999999,0.0,4.294,9.068123e-07,0.9068123
167,167,9.1047086e-06,9.1047086,0,2,10.35294117647058,,False,,0.0,4.318,4.475844e-07,0.4475844,0.0,4.261,7.615714e-07,0.7615713999999999,0.0,4.164,1.227908e-06,1.227908,0.0862745098039215,4.136,1.427009e-06,1.4270090000000002,0.0,3.977,9.797368e-07,0.9797368,0.0,4.329,3.22763e-06,3.22763,0.0,3.995,7.52661e-08,0.0752661,0.0,4.294,9.580029e-07,0.9580029
168,168,4.89503898e-05,48.9503898,0,1,44.70588235294117,,False,,0.0,4.318,2.200569e-07,0.2200569,0.0,4.261,1.129925e-05,11.29925,0.0,4.164,4.467035e-07,0.4467035,0.0,4.23,1.054394e-05,10.54394,0.3725490196078431,3.708,3.323321e-06,3.323321,0.0,4.329,2.29218e-07,0.229218,0.0,3.995,2.202305e-05,22.02305,0.0,4.294,8.648504e-07,0.8648504
169,169,4.37017919e-05,43.7017919,0,1,44.70588235294117,,False,,0.0,4.318,4.601325e-07,0.4601325,0.0,4.261,1.114583e-06,1.114583,0.0,4.164,9.792665e-06,9.792665,0.3725490196078431,3.974,2.929239e-06,2.929239,0.0,3.977,2.016382e-06,2.016382,0.0,4.329,2.622128e-05,26.22128,0.0,3.995,2.269466e-07,0.2269466,0.0,4.294,9.405638e-07,0.9405638
170,170,9.521529429e-05,95.21529429,0,1,106.8235294117647,,False,,0.0,4.318,4.152856e-07,0.4152856,0.0,4.261,4.899459e-06,4.899458999999999,0.8901960784313725,3.756,4.504249e-05,45.04249,0.0,4.23,9.359729e-07,0.9359729,0.0,3.977,4.278439e-05,42.78439,0.0,4.329,5.213986e-08,0.0521398599999999,0.0,3.995,9.179043e-08,0.09179043,0.0,4.294,9.937665e-07,0.9937665
171,171,6.5906419e-05,65.906419,0,1,60.70588235294117,,False,,0.0,4.318,4.525002e-07,0.4525002,0.0,4.261,1.660439e-05,16.60439,0.0,4.164,6.100423e-07,0.6100423,0.0,4.23,1.434789e-05,14.34789,0.5058823529411764,3.657,3.59174e-06,3.59174,0.0,4.329,3.767734e-07,0.3767734,0.0,3.995,2.905604e-05,29.05604,0.0,4.294,8.670431e-07,0.8670431
172,172,9.522148e-05,95.22148,0,1,106.8235294117647,,False,,0.0,4.318,2.517568e-06,2.517568,0.8901960784313725,3.864,5.054609e-05,50.54609,0.0,4.164,5.621663e-07,0.5621663,0.0,4.23,1.451244e-05,14.51244,0.0,3.977,5.793362e-06,5.793361999999999,0.0,4.329,5.813987e-07,0.5813987,0.0,3.995,1.926874e-05,19.26874,0.0,4.294,1.439715e-06,1.439715
173,173,5.78290016e-05,57.8290016,0,1,60.70588235294117,,False,,0.0,4.318,4.670022e-07,0.4670022,0.0,4.261,1.212703e-06,1.212703,0.0,4.164,1.31864e-05,13.1864,0.5058823529411764,3.93,3.413267e-06,3.4132670000000003,0.0,3.977,2.846827e-06,2.846827,0.0,4.329,3.536226e-05,35.36226,0.0,3.995,3.900057e-07,0.3900057,0.0,4.294,9.505367e-07,0.9505367
174,174,1.18187549e-05,11.8187549,0,1,8.470588235294112,,False,,0.0,4.318,4.459032e-08,0.04459032,0.0,4.261,8.775892e-07,0.8775892,0.0,4.164,1.258294e-07,0.1258294,0.0,4.23,2.246203e-06,2.246203,0.0705882352941176,3.871,2.547577e-06,2.547577,0.0,4.329,3.09068e-09,0.0030906799999999,0.0,3.995,5.064392e-06,5.064392,0.0,4.294,9.094833e-07,0.9094833
175,175,7.622732651e-05,76.22732651,0,1,84.70588235294117,,False,,0.0,4.318,3.007845e-07,0.3007845,0.0,4.261,3.795176e-06,3.795176,0.7058823529411764,3.802,3.704988e-05,37.04988,0.0,4.23,9.602337e-07,0.9602337,0.0,3.977,3.300959e-05,33.00959,0.0,4.329,5.837431e-08,0.05837431,0.0,3.995,4.9576e-08,0.049576,0.0,4.294,1.003712e-06,1.003712
176,176,9.75631719e-06,9.75631719,0,1,8.470588235294112,,False,,0.0,4.318,4.502431e-07,0.4502431,0.0,4.261,7.759782e-07,0.7759782,0.0,4.164,1.395499e-06,1.395499,0.0705882352941176,4.13,1.466285e-06,1.466285,0.0,3.977,9.510162e-07,0.9510162,0.0,4.329,3.693263e-06,3.693263,0.0,3.995,6.709509e-08,0.06709509,0.0,4.294,9.569376e-07,0.9569376
177,177,2.852781247e-05,28.52781247,0,1,24.47058823529411,,False,,0.0,4.318,2.737043e-08,0.02737043,0.0,4.261,5.252449e-06,5.252449,0.0,4.164,2.593577e-07,0.2593576999999999,0.0,4.23,5.973775e-06,5.973775,0.2039215686274509,3.782,2.949232e-06,2.9492320000000003,0.0,4.329,7.578824e-08,0.07578824,0.0,3.995,1.311621e-05,13.11621,0.0,4.294,8.736301e-07,0.8736301
178,178,7.52626543e-05,75.26265430000001,0,1,84.70588235294117,,False,,0.0,4.318,2.055144e-06,2.055144,0.7058823529411764,3.913,3.94951e-05,39.4951,0.0,4.164,4.735696e-07,0.4735696,0.0,4.23,1.122601e-05,11.22601,0.0,3.977,4.784263e-06,4.784262999999999,0.0,4.329,4.907267e-07,0.4907267,0.0,3.995,1.534788e-05,15.347880000000002,0.0,4.294,1.389961e-06,1.389961
179,179,2.336098895e-05,23.36098895,0,1,24.47058823529411,,False,,0.0,4.318,4.593186e-07,0.4593186,0.0,4.261,9.461389e-07,0.9461389,0.0,4.164,4.827946e-06,4.827946,0.2039215686274509,4.05,2.129784e-06,2.129784,0.0,3.977,1.065436e-06,1.0654359999999998,0.0,4.329,1.292745e-05,12.92745,0.0,3.995,6.314685e-08,0.06314685,0.0,4.294,9.417686e-07,0.9417686
180,180,0.0001139418956,113.9418956,0,1,108.70588235294116,,False,,0.0,4.318,1.312438e-06,1.312438,0.0,4.261,3.234083e-05,32.340830000000004,0.0,4.164,1.080169e-06,1.080169,0.0,4.23,2.519029e-05,25.19029,0.9058823529411764,3.53,4.289773e-06,4.289773,0.0,4.329,8.639701e-07,0.8639701,0.0,3.995,4.795575e-05,47.95575,0.0,4.294,9.086755e-07,0.9086755
181,181,9.9505322e-05,99.505322,0,1,108.70588235294116,,False,,0.0,4.318,4.758623e-07,0.4758623,0.0,4.261,1.461219e-06,1.461219,0.0,4.164,2.310011e-05,23.10011,0.9058823529411764,3.821,4.780481e-06,4.780481,0.0,3.977,5.858992e-06,5.858992,0.0,4.329,6.185897e-05,61.85897000000001,0.0,3.995,9.859639e-07,0.9859639,0.0,4.294,9.837238e-07,0.9837238
182,182,5.64629725e-06,5.64629725,0,1,109.1764705882353,,False,,0.0,4.318,4.431041e-07,0.4431041,0.0,4.261,5.921847e-07,0.5921847,0.0,4.164,1.191097e-07,0.1191097,0.0,4.23,9.326454e-07,0.9326454,0.9098039215686275,3.528,2.153573e-06,2.153573,0.0,4.329,8.981505e-08,0.08981505,0.0,3.995,3.239096e-07,0.3239096,0.0,4.294,9.919557e-07,0.9919557
183,183,0.0001000246381,100.0246381,0,1,109.1764705882353,,False,,0.0,4.318,4.765754e-07,0.4765754,0.0,4.261,1.46764e-06,1.46764,0.0,4.164,2.323812e-05,23.23812,0.9098039215686275,3.82,4.809934e-06,4.809934,0.0,3.977,5.929293e-06,5.929293,0.0,4.329,6.212328e-05,62.12328,0.0,3.995,9.936209e-07,0.9936209,0.0,4.294,9.861748e-07,0.9861748
184,184,9.300965796e-05,93.00965796,0,1,104.0,,False,,0.0,4.318,4.008122e-07,0.4008122,0.0,4.261,4.77683e-06,4.77683,0.8666666666666667,3.761,4.414856e-05,44.14856,0.0,4.23,9.423819e-07,0.9423819,0.0,3.977,4.159879e-05,41.59879,0.0,4.329,5.238547e-08,0.0523854699999999,0.0,3.995,8.691539e-08,0.08691539,0.0,4.294,1.002983e-06,1.002983
185,185,2.6543290020000003e-05,26.54329002,0,1,22.11764705882352,,False,,0.0,4.318,1.612617e-08,0.01612617,0.0,4.261,4.639736e-06,4.639736,0.0,4.164,2.419474e-07,0.2419474,0.0,4.23,5.518542e-06,5.518542,0.184313725490196,3.791,2.899951e-06,2.899951,0.0,4.329,6.269715e-08,0.06269715,0.0,3.995,1.228278e-05,12.28278,0.0,4.294,8.815103e-07,0.8815103000000001
186,186,9.31273895e-05,93.1273895,0,1,104.0,,False,,0.0,4.318,2.466049e-06,2.466049,0.8666666666666667,3.869,4.933606e-05,49.33606,0.0,4.164,5.527538e-07,0.5527538000000001,0.0,4.23,1.42039e-05,14.2039,0.0,3.977,5.70752e-06,5.70752,0.0,4.329,5.687597e-07,0.5687597,0.0,3.995,1.884942e-05,18.84942,0.0,4.294,1.442927e-06,1.442927
187,187,6.584446807e-05,65.84446807,0,1,73.88235294117648,,False,,0.0,4.318,2.510052e-07,0.2510052,0.0,4.261,3.206736e-06,3.206736,0.615686274509804,3.829,3.257054e-05,32.57054,0.0,4.23,9.74155e-07,0.974155,0.0,3.977,2.773772e-05,27.73772,0.0,4.329,6.217212e-08,0.06217212,0.0,3.995,3.240975e-08,0.0324097499999999,0.0,4.294,1.00973e-06,1.00973
188,188,2.170679511e-05,21.70679511,0,1,22.11764705882352,,False,,0.0,4.318,4.580184e-07,0.4580184,0.0,4.261,9.278808e-07,0.9278808,0.0,4.164,4.413592e-06,4.413592,0.184313725490196,4.058,2.071393e-06,2.071393,0.0,3.977,1.020736e-06,1.020736,0.0,4.329,1.18116e-05,11.8116,0.0,3.995,5.632231e-08,0.05632231,0.0,4.294,9.472526e-07,0.9472526
189,189,5.6693561e-06,5.6693561,0,1,8.941176470588232,,False,,0.0,4.318,4.40985e-07,0.440985,0.0,4.261,5.931363e-07,0.5931363,0.0,4.164,1.184312e-07,0.1184312,0.0,4.23,9.433206e-07,0.9433206,0.0745098039215686,3.867,2.15663e-06,2.15663,0.0,4.329,8.92168e-08,0.0892168,0.0,3.995,3.310617e-07,0.3310616999999999,0.0,4.294,9.965745e-07,0.9965745
190,190,6.682192759999999e-05,66.8219276,0,1,73.88235294117648,,False,,0.0,4.318,1.846837e-06,1.846837,0.615686274509804,3.935,3.471408e-05,34.71408,0.0,4.164,4.360648e-07,0.4360648,0.0,4.23,9.916316e-06,9.916316,0.0,3.977,4.355442e-06,4.355442,0.0,4.329,4.562548e-07,0.4562548,0.0,3.995,1.371668e-05,13.71668,0.0,4.294,1.380253e-06,1.380253
191,191,4.425133996e-05,44.25133996,0,1,48.47058823529412,,False,,0.0,4.318,1.639414e-07,0.1639414,0.0,4.261,2.017081e-06,2.017081,0.403921568627451,3.891,2.293343e-05,22.93343,0.0,4.23,9.931389e-07,0.9931389,0.0,3.977,1.704462e-05,17.044620000000002,0.0,4.329,7.012385e-08,0.07012385,0.0,3.995,1.432381e-08,0.01432381,0.0,4.294,1.014681e-06,1.014681
192,192,8.042778320000001e-06,8.04277832,0,1,8.941176470588232,,False,,0.0,4.318,4.489881e-07,0.4489881,0.0,4.261,7.426724e-07,0.7426724,0.0,4.164,9.402561e-07,0.9402561,0.0745098039215686,4.147,1.360159e-06,1.360159,0.0,3.977,1.052339e-06,1.052339,0.0,4.329,2.443871e-06,2.443871,0.0,3.995,9.235112e-08,0.09235112,0.0,4.294,9.621416e-07,0.9621416
193,193,4.56558473e-05,45.6558473,0,1,48.47058823529412,,False,,0.0,4.318,1.357939e-06,1.357939,0.403921568627451,3.996,2.301747e-05,23.01747,0.0,4.164,3.394789e-07,0.3394789,0.0,4.23,6.498604e-06,6.498604,0.0,3.977,3.326766e-06,3.326766,0.0,4.329,3.571864e-07,0.3571864,0.0,3.995,9.449383e-06,9.449383,0.0,4.294,1.30902e-06,1.30902
194,194,3.004779746e-05,30.04779746,0,1,34.35294117647058,,False,,0.0,4.318,1.375687e-07,0.1375687,0.0,4.261,1.275941e-06,1.275941,0.2862745098039215,3.94,1.625278e-05,16.25278,0.0,4.23,1.00026e-06,1.00026,0.0,3.977,1.026631e-05,10.26631,0.0,4.329,7.497267e-08,0.07497267,0.0,3.995,2.265009e-08,0.02265009,0.0,4.294,1.017315e-06,1.017315
195,195,1.2777373394e-05,12.777373393999998,0,1,9.41176470588234,,False,,0.0,4.318,3.302965e-08,0.03302965,0.0,4.261,1.079421e-06,1.079421,0.0,4.164,1.315994e-07,0.1315994,0.0,4.23,2.462865e-06,2.462865,0.0784313725490195,3.864,2.567804e-06,2.567804,0.0,4.329,4.071044e-09,0.0040710439999999,0.0,3.995,5.589822e-06,5.589822,0.0,4.294,9.087613e-07,0.9087613
196,196,3.2967052500000005e-05,32.9670525,0,1,34.35294117647058,,False,,0.0,4.318,1.060294e-06,1.060294,0.2862745098039215,4.039,1.599863e-05,15.998630000000002,0.0,4.164,2.810126e-07,0.2810126,0.0,4.23,4.509144e-06,4.509144,0.0,3.977,2.745157e-06,2.745157,0.0,4.329,2.945369e-07,0.2945369,0.0,3.995,6.818406e-06,6.818406,0.0,4.294,1.259872e-06,1.259872
197,197,2.8279933400000003e-05,28.2799334,0,1,28.70588235294117,,False,,0.0,4.318,1.379102e-07,0.1379102,0.0,4.261,1.188219e-06,1.188219,0.2392156862745098,3.947,1.539156e-05,15.39156,0.0,4.23,1.00073e-06,1.00073,0.0,3.977,9.445617e-06,9.445617,0.0,4.329,7.581971e-08,0.07581971,0.0,3.995,2.542749e-08,0.02542749,0.0,4.294,1.01465e-06,1.01465
198,198,7.746184e-06,7.746183999999999,0,1,9.41176470588234,,False,,0.0,4.318,4.501826e-07,0.4501826,0.0,4.261,7.360127e-07,0.7360127000000001,0.0,4.164,8.586808e-07,0.8586807999999999,0.0784313725490195,4.15,1.337854e-06,1.337854,0.0,3.977,1.074292e-06,1.074292,0.0,4.329,2.229114e-06,2.229114,0.0,3.995,9.65358e-08,0.0965358,0.0,4.294,9.635121e-07,0.9635121
199,199,2.7148915e-05,27.148915,0,1,28.70588235294117,,False,,0.0,4.318,9.244866e-07,0.9244866,0.2392156862745098,4.061,1.276461e-05,12.76461,0.0,4.164,2.542942e-07,0.2542942,0.0,4.23,3.610413e-06,3.610413,0.0,3.977,2.500311e-06,2.500311,0.0,4.329,2.651732e-07,0.2651732,0.0,3.995,5.598854e-06,5.598854,0.0,4.294,1.230773e-06,1.230773
200,200,3.131647957e-05,31.31647957,0,1,33.88235294117646,,False,,0.0,4.318,1.391466e-07,0.1391466,0.0,4.261,1.341057e-06,1.341057,0.2823529411764705,3.935,1.685407e-05,16.85407,0.0,4.23,1.001529e-06,1.001529,0.0,3.977,1.087031e-05,10.87031,0.0,4.329,7.521728e-08,0.07521728,0.0,3.995,2.093069e-08,0.02093069,0.0,4.294,1.014219e-06,1.014219
201,201,3.26780397e-05,32.6780397,0,1,33.88235294117646,,False,,0.0,4.318,1.05473e-06,1.05473,0.2823529411764705,4.04,1.582224e-05,15.82224,0.0,4.164,2.793116e-07,0.2793116,0.0,4.23,4.47668e-06,4.47668,0.0,3.977,2.73683e-06,2.7368300000000003,0.0,4.329,2.938741e-07,0.2938741,0.0,3.995,6.756266e-06,6.756266,0.0,4.294,1.258108e-06,1.258108
202,202,4.327232641000001e-05,43.272326410000005,0,1,47.05882352941176,,False,,0.0,4.318,1.624206e-07,0.1624206,0.0,4.261,1.97368e-06,1.97368,0.3921568627450979,3.894,2.246295e-05,22.462950000000003,0.0,4.23,9.925282e-07,0.9925282,0.0,3.977,1.658161e-05,16.58161,0.0,4.329,7.12202e-08,0.0712202,0.0,3.995,1.431141e-08,0.01431141,0.0,4.294,1.013606e-06,1.013606
203,203,4.31139676e-05,43.1139676,0,1,47.05882352941176,,False,,0.0,4.318,1.298782e-06,1.298782,0.3921568627450979,4.004,2.160969e-05,21.60969,0.0,4.164,3.304466e-07,0.3304466,0.0,4.23,6.100079e-06,6.100079,0.0,3.977,3.207341e-06,3.207341,0.0,4.329,3.46708e-07,0.346708,0.0,3.995,8.920986e-06,8.920986,0.0,4.294,1.299935e-06,1.2999349999999998
204,204,6.482305562e-05,64.82305562,0,1,72.0,,False,,0.0,4.318,2.446056e-07,0.2446055999999999,0.0,4.261,3.146772e-06,3.1467720000000003,0.6,3.832,3.210689e-05,32.10689,0.0,4.23,9.762606e-07,0.9762606,0.0,3.977,2.724275e-05,27.24275,0.0,4.329,6.321088e-08,0.06321088,0.0,3.995,3.095154e-08,0.0309515399999999,0.0,4.294,1.011615e-06,1.011615
205,205,6.62402782e-05,66.2402782,0,1,72.0,,False,,0.0,4.318,1.840596e-06,1.840596,0.6,3.937,3.447359e-05,34.47359,0.0,4.164,4.358558e-07,0.4358558,0.0,4.23,9.790378e-06,9.790378,0.0,3.977,4.316819e-06,4.316819000000001,0.0,4.329,4.533954e-07,0.4533954,0.0,3.995,1.355444e-05,13.55444,0.0,4.294,1.375204e-06,1.375204
206,206,5.65621466e-06,5.65621466,0,1,105.41176470588236,,False,,0.0,4.318,4.431014e-07,0.4431014,0.0,4.261,5.95027e-07,0.595027,0.8784313725490196,3.756,1.203503e-07,0.1203503,0.0,4.23,9.340491e-07,0.9340491,0.0,3.977,2.157163e-06,2.157163,0.0,4.329,9.004756e-08,0.09004756,0.0,3.995,3.247941e-07,0.3247941,0.0,4.294,9.916822e-07,0.9916822
207,207,2.763694468e-05,27.63694468,0,1,23.05882352941176,,False,,0.0,4.318,2.185154e-08,0.02185154,0.0,4.261,4.992824e-06,4.992824,0.0,4.164,2.522188e-07,0.2522188,0.0,4.23,5.754867e-06,5.754867,0.192156862745098,3.786,2.940078e-06,2.940078,0.0,4.329,6.989764e-08,0.06989764,0.0,3.995,1.272628e-05,12.72628,0.0,4.294,8.789277e-07,0.8789277
208,208,9.52764369e-05,95.2764369,0,1,105.41176470588236,,False,,0.0,4.318,2.521084e-06,2.521084,0.8784313725490196,3.864,5.057154e-05,50.57154,0.0,4.164,5.652927e-07,0.5652927,0.0,4.23,1.450394e-05,14.50394,0.0,3.977,5.812787e-06,5.812787,0.0,4.329,5.817442e-07,0.5817442,0.0,3.995,1.926976e-05,19.26976,0.0,4.294,1.450289e-06,1.450289
209,209,5.671067360000001e-06,5.67106736,0,1,23.05882352941176,,False,,0.0,4.318,4.433015e-07,0.4433015,0.0,4.261,5.962738e-07,0.5962738000000001,0.0,4.164,1.20568e-07,0.120568,0.192156862745098,4.054,9.424134e-07,0.9424134,0.0,3.977,2.156594e-06,2.156594,0.0,4.329,8.943216e-08,0.08943216,0.0,3.995,3.269622e-07,0.3269622,0.0,4.294,9.955223e-07,0.9955223
210,210,7.853698749999999e-05,78.53698750000001,0,1,72.47058823529412,,False,,0.0,4.318,6.487454e-07,0.6487453999999999,0.0,4.261,2.059391e-05,20.59391,0.0,4.164,7.322338e-07,0.7322337999999999,0.0,4.23,1.721523e-05,17.21523,0.6039215686274509,3.622,3.784616e-06,3.784616,0.0,4.329,4.970809e-07,0.4970809,0.0,3.995,3.418426e-05,34.18426,0.0,4.294,8.809114e-07,0.8809114
211,211,5.66931228e-06,5.66931228,0,1,72.47058823529412,,False,,0.0,4.318,4.418562e-07,0.4418562,0.0,4.261,5.959247e-07,0.5959247,0.0,4.164,1.192223e-07,0.1192223,0.6039215686274509,3.901,9.430006e-07,0.9430006,0.0,3.977,2.156998e-06,2.156998,0.0,4.329,8.958278e-08,0.08958278,0.0,3.995,3.289618e-07,0.3289618,0.0,4.294,9.937659e-07,0.9937659
212,212,0.0001265937289,126.5937289,0,1,119.52941176470588,,False,,0.0,4.318,1.559039e-06,1.559039,0.0,4.261,3.628018e-05,36.28018,0.0,4.164,1.217113e-06,1.217113,0.0,4.23,2.806514e-05,28.06514,0.996078431372549,3.501,4.427602e-06,4.427602,0.0,4.329,9.976882e-07,0.9976882,0.0,3.995,5.311805e-05,53.11805,0.0,4.294,9.289167e-07,0.9289167
213,213,0.0001108432362,110.8432362,0,1,119.52941176470588,,False,,0.0,4.318,4.742302e-07,0.4742302,0.0,4.261,1.513453e-06,1.513453,0.0,4.164,2.585705e-05,25.85705,0.996078431372549,3.795,5.1441e-06,5.1441,0.0,3.977,6.805871e-06,6.805871,0.0,4.329,6.889428e-05,68.89428,0.0,3.995,1.165228e-06,1.165228,0.0,4.294,9.89024e-07,0.989024
214,214,0.0001034483792,103.4483792,0,1,114.35294117647057,,False,,0.0,4.318,4.703224e-07,0.4703224,0.0,4.261,5.395098e-06,5.395098,0.952941176470588,3.737,4.854911e-05,48.54911,0.0,4.23,9.291877e-07,0.9291877,0.0,3.977,4.6945e-05,46.945,0.0,4.329,4.96415e-08,0.0496415,0.0,3.995,1.135958e-07,0.1135958,0.0,4.294,9.964238e-07,0.9964238
215,215,0.0001036380863,103.6380863,0,1,96.47058823529412,,False,,0.0,4.318,1.09955e-06,1.09955,0.0,4.261,2.875282e-05,28.752820000000003,0.0,4.164,9.842803e-07,0.9842803,0.0,4.23,2.286283e-05,22.86283,0.8039215686274511,3.557,4.127168e-06,4.127168,0.0,4.329,7.518196e-07,0.7518196,0.0,3.995,4.415788e-05,44.15788,0.0,4.294,9.017384e-07,0.9017384
216,216,0.0001035367172,103.5367172,0,1,114.35294117647057,,False,,0.0,4.318,2.708751e-06,2.708751,0.952941176470588,3.845,5.50637e-05,55.0637,0.0,4.164,5.962731e-07,0.5962731,0.0,4.23,1.594764e-05,15.94764,0.0,3.977,6.238823e-06,6.238823,0.0,4.329,6.148751e-07,0.6148751,0.0,3.995,2.090052e-05,20.90052,0.0,4.294,1.466135e-06,1.466135
217,217,3.055499855e-05,30.55499855,0,1,31.999999999999996,,False,,0.0,4.318,1.397377e-07,0.1397377,0.0,4.261,1.304358e-06,1.304358,0.2666666666666666,3.938,1.649126e-05,16.49126,0.0,4.23,1.000252e-06,1.000252,0.0,3.977,1.050789e-05,10.507890000000002,0.0,4.329,7.583762e-08,0.07583762,0.0,3.995,2.167523e-08,0.02167523,0.0,4.294,1.013988e-06,1.013988
218,218,8.94554367e-05,89.4554367,0,1,96.47058823529412,,False,,0.0,4.318,4.79263e-07,0.479263,0.0,4.261,1.407553e-06,1.407553,0.0,4.164,2.070627e-05,20.70627,0.8039215686274511,3.846,4.461474e-06,4.461474,0.0,3.977,5.062426e-06,5.062426,0.0,4.329,5.552037e-05,55.52037,0.0,3.995,8.331543e-07,0.8331542999999999,0.0,4.294,9.849264e-07,0.9849264
219,219,1.988500872995e-05,19.88500872995,0,1,15.529411764705875,,False,,0.0,4.318,4.740995e-11,4.740995e-05,0.0,4.261,2.876596e-06,2.876596,0.0,4.164,1.875601e-07,0.1875601,0.0,4.23,4.033037e-06,4.033036999999999,0.1294117647058823,3.822,2.771615e-06,2.771615,0.0,4.329,2.813772e-08,0.02813772,0.0,3.995,9.099182e-06,9.099182,0.0,4.294,8.888335e-07,0.8888335
220,220,2.8460626300000003e-05,28.4606263,0,1,31.999999999999996,,False,,0.0,4.318,9.614921e-07,0.9614921,0.2666666666666666,4.056,1.352113e-05,13.52113,0.0,4.164,2.590447e-07,0.2590447,0.0,4.23,3.782123e-06,3.782123,0.0,3.977,2.557699e-06,2.557699,0.0,4.329,2.730945e-07,0.2730944999999999,0.0,3.995,5.868847e-06,5.868847,0.0,4.294,1.237196e-06,1.2371960000000002
221,221,6.782902979999999e-06,6.78290298,0,1,7.529411764705872,,False,,0.0,4.318,2.413455e-07,0.2413455,0.0,4.261,2.986074e-07,0.2986073999999999,0.0627450980392156,4.073,3.453836e-06,3.453836,0.0,4.23,9.892956e-07,0.9892956,0.0,3.977,5.556872e-07,0.5556871999999999,0.0,4.329,8.746238e-08,0.0874623799999999,0.0,3.995,1.496329e-07,0.1496329,0.0,4.294,1.007036e-06,1.007036
222,222,1.64127061e-05,16.4127061,0,1,15.529411764705875,,False,,0.0,4.318,4.650761e-07,0.4650761,0.0,4.261,8.730589e-07,0.8730589000000001,0.0,4.164,3.086309e-06,3.086309,0.1294117647058823,4.085,1.824495e-06,1.824495,0.0,3.977,8.976552e-07,0.8976552,0.0,4.329,8.27285e-06,8.27285,0.0,3.995,4.17684e-08,0.0417684,0.0,4.294,9.514935e-07,0.9514935
223,223,1.4327186823e-05,14.327186823000002,0,1,10.8235294117647,,False,,0.0,4.318,1.981721e-08,0.01981721,0.0,4.261,1.446209e-06,1.446209,0.0,4.164,1.434505e-07,0.1434504999999999,0.0,4.23,2.792863e-06,2.792863,0.0901960784313725,3.854,2.628215e-06,2.628215,0.0,4.329,6.915213e-09,0.006915213,0.0,3.995,6.381396e-06,6.3813960000000005,0.0,4.294,9.083209e-07,0.9083209
224,224,5.69039463e-06,5.69039463,0,1,7.529411764705872,,False,,0.0,4.318,4.467356e-07,0.4467356,0.0627450980392156,4.261,5.977453e-07,0.5977453,0.0,4.164,1.201194e-07,0.1201193999999999,0.0,4.23,9.448726e-07,0.9448726,0.0,3.977,2.163394e-06,2.1633940000000003,0.0,4.329,8.992653e-08,0.08992653,0.0,3.995,3.295346e-07,0.3295346,0.0,4.294,9.980666e-07,0.9980666
225,225,1.207825271e-05,12.07825271,0,1,11.764705882352928,,False,,0.0,4.318,1.785566e-07,0.1785566,0.0,4.261,4.553453e-07,0.4553453,0.0980392156862744,4.027,6.89197e-06,6.89197,0.0,4.23,1.00236e-06,1.00236,0.0,3.977,2.360063e-06,2.360063,0.0,4.329,8.390899e-08,0.08390899,0.0,3.995,8.974182e-08,0.08974182,0.0,4.294,1.016307e-06,1.016307
226,226,1.092266249e-05,10.92266249,0,1,10.8235294117647,,False,,0.0,4.318,4.538005e-07,0.4538005,0.0,4.261,7.996489e-07,0.7996489,0.0,4.164,1.690836e-06,1.690836,0.0901960784313725,4.121,1.548433e-06,1.548433,0.0,3.977,9.254628e-07,0.9254628,0.0,4.329,4.485275e-06,4.485275,0.0,3.995,5.857619e-08,0.05857619,0.0,4.294,9.606301e-07,0.9606301
227,227,1.7134775711e-05,17.134775711,0,1,13.176470588235286,,False,,0.0,4.318,4.684381e-09,0.004684381,0.0,4.261,2.132379e-06,2.132379,0.0,4.164,1.64775e-07,0.164775,0.0,4.23,3.417609e-06,3.417609,0.1098039215686274,3.837,2.698937e-06,2.698937,0.0,4.329,1.578843e-08,0.01578843,0.0,3.995,7.802118e-06,7.802118,0.0,4.294,8.984849e-07,0.8984849
228,228,1.11248609e-05,11.1248609,0,1,11.764705882352928,,False,,0.0,4.318,5.567898e-07,0.5567898,0.0980392156862744,4.144,3.819193e-06,3.819193,0.0,4.164,1.68214e-07,0.168214,0.0,4.23,1.274641e-06,1.274641,0.0,3.977,1.922526e-06,1.922526,0.0,4.329,1.710921e-07,0.1710921,0.0,3.995,2.079053e-06,2.079053,0.0,4.294,1.133352e-06,1.133352
229,229,1.436925351e-05,14.36925351,0,1,13.176470588235286,,False,,0.0,4.318,4.579205e-07,0.4579204999999999,0.0,4.261,8.456828e-07,0.8456828,0.0,4.164,2.576187e-06,2.576187,0.1098039215686274,4.097,1.729464e-06,1.729464,0.0,3.977,8.865795e-07,0.8865795,0.0,4.329,6.878369e-06,6.878369,0.0,3.995,4.325181e-08,0.04325181,0.0,4.294,9.517989e-07,0.9517989
230,230,5.67360322e-06,5.67360322,0,1,11.29411764705882,,False,,0.0,4.318,4.461502e-07,0.4461502,0.0,4.261,5.96281e-07,0.5962810000000001,0.0941176470588235,4.164,1.201648e-07,0.1201648,0.0,4.23,9.410509e-07,0.9410509,0.0,3.977,2.160466e-06,2.160466,0.0,4.329,8.988602e-08,0.08988602,0.0,3.995,3.273604e-07,0.3273604,0.0,4.294,9.922439e-07,0.9922439
231,231,1.00807761e-05,10.0807761,0,1,11.29411764705882,,False,,0.0,4.318,5.347823e-07,0.5347823,0.0941176470588235,4.152,3.227473e-06,3.227473,0.0,4.164,1.638277e-07,0.1638277,0.0,4.23,1.131786e-06,1.131786,0.0,3.977,1.904451e-06,1.904451,0.0,4.329,1.627121e-07,0.1627121,0.0,3.995,1.832037e-06,1.832037,0.0,4.294,1.123707e-06,1.123707
232,232,6.69078967e-06,6.690789670000001,0,1,7.999999999999991,,False,,0.0,4.318,2.43422e-07,0.243422,0.0,4.261,2.975228e-07,0.2975228,0.0666666666666666,4.074,3.378162e-06,3.378162,0.0,4.23,9.877033e-07,0.9877033,0.0,3.977,5.326826e-07,0.5326826,0.0,4.329,8.694607e-08,0.08694607,0.0,3.995,1.538149e-07,0.1538149,0.0,4.294,1.010536e-06,1.010536
233,233,1.08243108e-05,10.8243108,0,1,7.999999999999991,,False,,0.0,4.318,5.503758e-07,0.5503758000000001,0.0666666666666666,4.146,3.651355e-06,3.651355,0.0,4.164,1.670392e-07,0.1670392,0.0,4.23,1.231016e-06,1.231016,0.0,3.977,1.915613e-06,1.915613,0.0,4.329,1.686438e-07,0.1686438,0.0,3.995,2.008981e-06,2.008981,0.0,4.294,1.131287e-06,1.131287
234,234,6.625350568000001e-05,66.25350567999999,0,1,72.94117647058823,,False,,0.0,4.318,2.523802e-07,0.2523802,0.0,4.261,3.244298e-06,3.244298,0.6078431372549019,3.828,3.274288e-05,32.74288,0.0,4.23,9.794625e-07,0.9794625,0.0,3.977,2.792801e-05,27.92801,0.0,4.329,6.205345e-08,0.0620534499999999,0.0,3.995,3.328353e-08,0.03328353,0.0,4.294,1.011138e-06,1.011138
235,235,6.802473979999999e-05,68.02473979999999,0,1,72.94117647058823,,False,,0.0,4.318,1.880371e-06,1.880371,0.6078431372549019,3.932,3.545366e-05,35.45366,0.0,4.164,4.431168e-07,0.4431168,0.0,4.23,1.012533e-05,10.12533,0.0,3.977,4.413464e-06,4.413464,0.0,4.329,4.65608e-07,0.465608,0.0,3.995,1.386642e-05,13.86642,0.0,4.294,1.37677e-06,1.3767699999999998
236,236,0.0001218970857,121.8970857,0,1,113.88235294117646,,False,,0.0,4.318,1.4644e-06,1.4644,0.0,4.261,3.488654e-05,34.886540000000004,0.0,4.164,1.157178e-06,1.157178,0.0,4.23,2.694462e-05,26.94462,0.9490196078431372,3.512,4.381297e-06,4.381297,0.0,4.329,9.470432e-07,0.9470432,0.0,3.995,5.119383e-05,51.19383,0.0,4.294,9.221775e-07,0.9221775
237,237,0.0001058483174,105.8483174,0,1,113.88235294117646,,False,,0.0,4.318,4.816024e-07,0.4816024,0.0,4.261,1.493416e-06,1.493416,0.0,4.164,2.464215e-05,24.64215,0.9490196078431372,3.806,4.986382e-06,4.986382,0.0,3.977,6.377324e-06,6.377324,0.0,4.329,6.577754e-05,65.77754,0.0,3.995,1.089323e-06,1.089323,0.0,4.294,1.00058e-06,1.00058
238,238,0.00010821077866,108.21077866,0,1,118.11764705882352,,False,,0.0,4.318,5.099903e-07,0.5099903,0.0,4.261,5.673683e-06,5.673683,0.984313725490196,3.727,5.044079e-05,50.44079,0.0,4.23,9.281623e-07,0.9281623,0.0,3.977,4.94884e-05,49.4884,0.0,4.329,4.928056e-08,0.04928056,0.0,3.995,1.264832e-07,0.1264832,0.0,4.294,9.939893e-07,0.9939893
239,239,0.0001066902182,106.6902182,0,1,102.5882352941176,,False,,0.0,4.318,1.161126e-06,1.161126,0.0,4.261,2.986355e-05,29.86355,0.0,4.164,1.011917e-06,1.011917,0.0,4.23,2.353429e-05,23.53429,0.8549019607843135,3.549,4.192613e-06,4.192613,0.0,4.329,7.839704e-07,0.7839704000000001,0.0,3.995,4.523655e-05,45.23655,0.0,4.294,9.062018e-07,0.9062018
240,240,0.0001080303887999,108.0303888,0,1,118.11764705882352,,False,,0.0,4.318,2.816124e-06,2.816124,0.984313725490196,3.835,5.767113e-05,57.67113,0.0,4.164,6.186881e-07,0.6186881000000001,0.0,4.23,1.659339e-05,16.59339,0.0,3.977,6.487014e-06,6.487014,0.0,4.329,6.264837e-07,0.6264837,0.0,3.995,2.174242e-05,21.74242,0.0,4.294,1.475139e-06,1.4751390000000002
241,241,9.52457589e-05,95.2457589,0,1,102.5882352941176,,False,,0.0,4.318,4.783694e-07,0.4783694,0.0,4.261,1.441686e-06,1.441686,0.0,4.164,2.212973e-05,22.12973,0.8549019607843135,3.831,4.659795e-06,4.659795,0.0,3.977,5.538316e-06,5.538316,0.0,4.329,5.909191e-05,59.091910000000006,0.0,3.995,9.212338e-07,0.9212338,0.0,4.294,9.847187e-07,0.9847187
242,242,2.4698850705e-05,24.698850705,0,1,20.23529411764705,,False,,0.0,4.318,8.923255e-09,0.008923255,0.0,4.261,4.185164e-06,4.185164,0.0,4.164,2.276163e-07,0.2276163,0.0,4.23,5.111486e-06,5.111486,0.1686274509803921,3.799,2.875284e-06,2.875284,0.0,4.329,5.300945e-08,0.05300945,0.0,3.995,1.13582e-05,11.3582,0.0,4.294,8.791677e-07,0.8791677
243,243,5.58265107e-06,5.582651070000001,0,1,6.588235294117643,,False,,0.0,4.318,2.697625e-07,0.2697625,0.0,4.261,2.900494e-07,0.2900493999999999,0.0549019607843137,4.09,2.453289e-06,2.4532890000000003,0.0,4.23,9.78116e-07,0.978116,0.0,3.977,3.202807e-07,0.3202807,0.0,4.329,8.695347e-08,0.0869534699999999,0.0,3.995,1.79212e-07,0.179212,0.0,4.294,1.004988e-06,1.004988
244,244,2.060410447e-05,20.604104470000003,0,1,20.23529411764705,,False,,0.0,4.318,4.581214e-07,0.4581214,0.0,4.261,9.16634e-07,0.916634,0.0,4.164,4.152756e-06,4.152756,0.1686274509803921,4.063,2.016342e-06,2.016342,0.0,3.977,9.824084e-07,0.9824084,0.0,4.329,1.108435e-05,11.08435,0.0,3.995,5.059947e-08,0.05059947,0.0,4.294,9.428932e-07,0.9428932
245,245,5.65441779e-06,5.65441779,0,1,6.588235294117643,,False,,0.0,4.318,4.414926e-07,0.4414926,0.0549019607843137,4.261,5.935785e-07,0.5935785,0.0,4.164,1.183847e-07,0.1183847,0.0,4.23,9.407881e-07,0.9407881,0.0,3.977,2.154505e-06,2.154505,0.0,4.329,8.941399e-08,0.08941399,0.0,3.995,3.277063e-07,0.3277063,0.0,4.294,9.885486e-07,0.9885486
246,246,1.6048467455e-05,16.048467455,0,1,12.235294117647047,,False,,0.0,4.318,8.342205e-09,0.008342205,0.0,4.261,1.886416e-06,1.886416,0.0,4.164,1.570301e-07,0.1570300999999999,0.0,4.23,3.183488e-06,3.183488,0.1019607843137254,3.843,2.670253e-06,2.670253,0.0,4.329,1.247535e-08,0.01247535,0.0,3.995,7.234117e-06,7.234116999999999,0.0,4.294,8.963458e-07,0.8963458
247,247,5.75091565e-06,5.75091565,0,1,6.1176470588235246,,False,,0.0,4.318,2.644515e-07,0.2644515,0.0,4.261,2.881221e-07,0.2881221,0.0509803921568627,4.087,2.609553e-06,2.609553,0.0,4.23,9.785383e-07,0.9785383,0.0,3.977,3.443522e-07,0.3443522,0.0,4.329,8.630965e-08,0.08630965,0.0,3.995,1.746479e-07,0.1746479,0.0,4.294,1.004941e-06,1.004941
248,248,1.140468682e-05,11.40468682,0,1,12.235294117647047,,False,,0.0,4.318,4.526414e-07,0.4526414,0.0,4.261,7.994249e-07,0.7994249,0.0,4.164,1.824875e-06,1.824875,0.1019607843137254,4.117,1.562917e-06,1.562917,0.0,3.977,9.017249e-07,0.9017249,0.0,4.329,4.857152e-06,4.857152,0.0,3.995,5.359652e-08,0.05359652,0.0,4.294,9.523551e-07,0.9523551
249,249,1.0711132859e-05,10.711132859,0,1,7.058823529411764,,False,,0.0,4.318,6.171974e-08,0.0617197399999999,0.0,4.261,6.343367e-07,0.6343367000000001,0.0,4.164,1.17596e-07,0.117596,0.0,4.23,2.006348e-06,2.006348,0.0588235294117647,3.88,2.503792e-06,2.503792,0.0,4.329,2.721019e-09,0.002721019,0.0,3.995,4.467764e-06,4.467764,0.0,4.294,9.168554e-07,0.9168554
250,250,5.64471483e-06,5.64471483,0,1,6.1176470588235246,,False,,0.0,4.318,4.424546e-07,0.4424546,0.0509803921568627,4.261,5.899188e-07,0.5899188,0.0,4.164,1.19328e-07,0.1193279999999999,0.0,4.23,9.349416e-07,0.9349416,0.0,3.977,2.154007e-06,2.154007,0.0,4.329,8.907273e-08,0.08907273,0.0,3.995,3.267801e-07,0.3267801,0.0,4.294,9.88212e-07,0.988212
251,251,3.905341612e-05,39.05341612,0,1,41.882352941176464,,False,,0.0,4.318,1.520152e-07,0.1520152,0.0,4.261,1.746014e-06,1.746014,0.3490196078431372,3.908,2.051016e-05,20.51016,0.0,4.23,9.918225e-07,0.9918225,0.0,3.977,1.455955e-05,14.55955,0.0,4.329,7.248281e-08,0.07248281,0.0,3.995,1.475561e-08,0.0147556099999999,0.0,4.294,1.006616e-06,1.006616
252,252,6.6722965e-06,6.6722965,0,1,7.058823529411764,,False,,0.0,4.318,4.468531e-07,0.4468531,0.0,4.261,7.063323e-07,0.7063323,0.0,4.164,5.685738e-07,0.5685738,0.0588235294117647,4.164,1.24408e-06,1.24408,0.0,3.977,1.188642e-06,1.188642,0.0,4.329,1.42776e-06,1.42776,0.0,3.995,1.243078e-07,0.1243078,0.0,4.294,9.657475e-07,0.9657475
253,253,7.589005469999999e-05,75.89005470000001,0,1,69.17647058823528,,False,,0.0,4.318,6.096096e-07,0.6096096000000001,0.0,4.261,1.983014e-05,19.83014,0.0,4.164,7.021745e-07,0.7021744999999999,0.0,4.23,1.655884e-05,16.55884,0.576470588235294,3.629,3.747527e-06,3.747527,0.0,4.329,4.719587e-07,0.4719587,0.0,3.995,3.309614e-05,33.09614,0.0,4.294,8.736649e-07,0.8736649000000001
254,254,3.71195695e-05,37.1195695,0,1,41.882352941176464,,False,,0.0,4.318,1.157977e-06,1.157977,0.3490196078431372,4.024,1.834056e-05,18.34056,0.0,4.164,3.015653e-07,0.3015653,0.0,4.23,5.137772e-06,5.137772,0.0,3.977,2.917921e-06,2.917921,0.0,4.329,3.151512e-07,0.3151512,0.0,3.995,7.680421e-06,7.680420999999999,0.0,4.294,1.268202e-06,1.268202
255,255,0.00010721730757,107.21730757,0,1,118.5882352941176,,False,,0.0,4.318,4.978962e-07,0.4978962,0.0,4.261,5.611916e-06,5.611916,0.9882352941176468,3.729,5.002738e-05,50.02738,0.0,4.23,9.161674e-07,0.9161674,0.0,3.977,4.900165e-05,49.00165,0.0,4.329,4.910967e-08,0.04910967,0.0,3.995,1.233474e-07,0.1233474,0.0,4.294,9.898409e-07,0.9898409
256,256,6.51226932e-05,65.1226932,0,1,69.17647058823528,,False,,0.0,4.318,4.663657e-07,0.4663657,0.0,4.261,1.264709e-06,1.264709,0.0,4.164,1.493436e-05,14.93436,0.576470588235294,3.91,3.666131e-06,3.666131,0.0,3.977,3.354626e-06,3.354626,0.0,4.329,4.00063e-05,40.0063,0.0,3.995,4.81e-07,0.481,0.0,4.294,9.492015e-07,0.9492015
257,257,0.0001081324915,108.1324915,0,1,118.5882352941176,,False,,0.0,4.318,2.825105e-06,2.825105,0.9882352941176468,3.834,5.77503e-05,57.7503,0.0,4.164,6.232599e-07,0.6232599000000001,0.0,4.23,1.662237e-05,16.62237,0.0,3.977,6.489245e-06,6.489245,0.0,4.329,6.259426e-07,0.6259426,0.0,3.995,2.172886e-05,21.72886,0.0,4.294,1.467409e-06,1.467409
258,258,3.580236979e-05,35.80236979,0,1,30.588235294117645,,False,,0.0,4.318,8.105059e-08,0.0810505899999999,0.0,4.261,7.358921e-06,7.358921,0.0,4.164,3.25111e-07,0.325111,0.0,4.23,7.593612e-06,7.593612,0.2549019607843137,3.754,3.085503e-06,3.085503,0.0,4.329,1.256419e-07,0.1256419,0.0,3.995,1.63668e-05,16.3668,0.0,4.294,8.657303e-07,0.8657303000000001
259,259,4.590235156e-05,45.90235156,0,1,49.411764705882334,,False,,0.0,4.318,1.691077e-07,0.1691077,0.0,4.261,2.103467e-06,2.103467,0.4117647058823528,3.886,2.366442e-05,23.66442,0.0,4.23,9.872858e-07,0.9872858,0.0,3.977,1.789087e-05,17.89087,0.0,4.329,6.9659e-08,0.069659,0.0,3.995,1.396206e-08,0.01396206,0.0,4.294,1.00358e-06,1.00358
260,260,3.01184934e-05,30.1184934,0,1,30.588235294117645,,False,,0.0,4.318,4.576282e-07,0.4576282,0.0,4.261,1.005203e-06,1.005203,0.0,4.164,6.506674e-06,6.506673999999999,0.2549019607843137,4.022,2.397535e-06,2.397535,0.0,3.977,1.325618e-06,1.325618,0.0,4.329,1.738559e-05,17.38559,0.0,3.995,1.047517e-07,0.1047516999999999,0.0,4.294,9.354935e-07,0.9354935
261,261,3.023516397e-05,30.23516397,0,1,25.411764705882348,,False,,0.0,4.318,3.795647e-08,0.03795647,0.0,4.261,5.773235e-06,5.773235,0.0,4.164,2.759754e-07,0.2759754,0.0,4.23,6.340681e-06,6.340681,0.2117647058823529,3.775,2.991185e-06,2.991185,0.0,4.329,8.78952e-08,0.0878952,0.0,3.995,1.386208e-05,13.86208,0.0,4.294,8.661559e-07,0.8661559
262,262,4.7353155e-05,47.353155,0,1,49.411764705882334,,False,,0.0,4.318,1.400572e-06,1.4005720000000002,0.4117647058823528,3.991,2.409175e-05,24.09175,0.0,4.164,3.52271e-07,0.352271,0.0,4.23,6.698982e-06,6.698982,0.0,3.977,3.387558e-06,3.3875580000000003,0.0,4.329,3.65647e-07,0.365647,0.0,3.995,9.752957e-06,9.752957,0.0,4.294,1.303418e-06,1.303418
263,263,2.478879334e-05,24.78879334,0,1,26.823529411764707,,False,,0.0,4.318,1.378547e-07,0.1378547,0.0,4.261,1.020115e-06,1.020115,0.2235294117647059,3.961,1.364977e-05,13.64977,0.0,4.23,9.944413e-07,0.9944413,0.0,3.977,7.872799e-06,7.872798999999999,0.0,4.329,7.827173e-08,0.07827173,0.0,3.995,3.180461e-08,0.03180461,0.0,4.294,1.003737e-06,1.003737
264,264,2.474620666e-05,24.74620666,0,1,25.411764705882348,,False,,0.0,4.318,4.573264e-07,0.4573264,0.0,4.261,9.552047e-07,0.9552047,0.0,4.164,5.158819e-06,5.158819,0.2117647058823529,4.044,2.188496e-06,2.188496,0.0,3.977,1.109087e-06,1.109087,0.0,4.329,1.38704e-05,13.8704,0.0,3.995,7.103026e-08,0.07103026,0.0,4.294,9.358433e-07,0.9358433
265,265,3.79369412e-05,37.9369412,0,1,32.4705882352941,,False,,0.0,4.318,1.003015e-07,0.1003015,0.0,4.261,8.011149e-06,8.011149,0.0,4.164,3.464017e-07,0.3464017,0.0,4.23,8.077717e-06,8.077717,0.2705882352941175,3.746,3.13953e-06,3.13953,0.0,4.329,1.422299e-07,0.1422299,0.0,3.995,1.72571e-05,17.2571,0.0,4.294,8.625121e-07,0.8625121
266,266,2.47520707e-05,24.7520707,0,1,26.823529411764707,,False,,0.0,4.318,8.720612e-07,0.8720612,0.2235294117647059,4.071,1.147347e-05,11.47347,0.0,4.164,2.420078e-07,0.2420078,0.0,4.23,3.223051e-06,3.223051,0.0,3.977,2.3897e-06,2.3897000000000004,0.0,4.329,2.518987e-07,0.2518987,0.0,3.995,5.091779e-06,5.091779,0.0,4.294,1.208103e-06,1.208103
267,267,2.37028337e-05,23.7028337,0,1,24.94117647058824,,False,,0.0,4.318,1.38801e-07,0.138801,0.0,4.261,9.665571e-07,0.9665571,0.207843137254902,3.966,1.308308e-05,13.08308,0.0,4.23,9.97197e-07,0.997197,0.0,3.977,7.399884e-06,7.399883999999999,0.0,4.329,7.79945e-08,0.0779945,0.0,3.995,3.50391e-08,0.0350391,0.0,4.294,1.004281e-06,1.004281
268,268,3.26769885e-05,32.6769885,0,1,32.4705882352941,,False,,0.0,4.318,4.6153e-07,0.46153,0.0,4.261,1.028661e-06,1.028661,0.0,4.164,7.126614e-06,7.126614,0.2705882352941175,4.012,2.497035e-06,2.497035,0.0,3.977,1.435123e-06,1.435123,0.0,4.329,1.906674e-05,19.06674,0.0,3.995,1.260548e-07,0.1260548,0.0,4.294,9.352307e-07,0.9352307
269,269,4.11360532e-05,41.13605319999999,0,1,35.76470588235294,,False,,0.0,4.318,1.32473e-07,0.132473,0.0,4.261,9.016895e-06,9.016895,0.0,4.164,3.713506e-07,0.3713506,0.0,4.23,8.786324e-06,8.786324,0.2980392156862745,3.734,3.187833e-06,3.187833,0.0,4.329,1.684909e-07,0.1684909,0.0,3.995,1.861023e-05,18.61023,0.0,4.294,8.624567e-07,0.8624567
270,270,2.35524556e-05,23.5524556,0,1,24.94117647058824,,False,,0.0,4.318,8.427572e-07,0.8427572,0.207843137254902,4.076,1.080822e-05,10.80822,0.0,4.164,2.387231e-07,0.2387230999999999,0.0,4.23,3.043639e-06,3.043639,0.0,3.977,2.335053e-06,2.3350530000000003,0.0,4.329,2.457223e-07,0.2457222999999999,0.0,3.995,4.833561e-06,4.833561,0.0,4.294,1.20478e-06,1.20478
271,271,2.507255072e-05,25.07255072,0,1,27.76470588235293,,False,,0.0,4.318,1.37104e-07,0.137104,0.0,4.261,1.031601e-06,1.031601,0.2313725490196078,3.96,1.378735e-05,13.78735,0.0,4.23,9.961801e-07,0.9961801,0.0,3.977,8.00561e-06,8.00561,0.0,4.329,7.770854e-08,0.0777085399999999,0.0,3.995,3.180808e-08,0.03180808,0.0,4.294,1.005189e-06,1.005189
272,272,5.626390840000001e-06,5.62639084,0,1,35.76470588235294,,False,,0.0,4.318,4.408876e-07,0.4408876,0.0,4.261,5.887607e-07,0.5887607,0.0,4.164,1.183676e-07,0.1183676,0.2980392156862745,4.006,9.339816e-07,0.9339816,0.0,3.977,2.145815e-06,2.145815,0.0,4.329,8.903444e-08,0.0890344399999999,0.0,3.995,3.246052e-07,0.3246052,0.0,4.294,9.849387e-07,0.9849387
273,273,4.23914555e-05,42.391455500000006,0,1,36.70588235294117,,False,,0.0,4.318,1.434526e-07,0.1434526,0.0,4.261,9.363577e-06,9.363577,0.0,4.164,3.851963e-07,0.3851963,0.0,4.23,9.077407e-06,9.077407,0.3058823529411764,3.73,3.217473e-06,3.217473,0.0,4.329,1.768761e-07,0.1768760999999999,0.0,3.995,1.916606e-05,19.16606,0.0,4.294,8.614135e-07,0.8614134999999999
274,274,2.64445617e-05,26.4445617,0,1,27.76470588235293,,False,,0.0,4.318,9.098329e-07,0.9098329,0.2313725490196078,4.064,1.241122e-05,12.41122,0.0,4.164,2.511133e-07,0.2511133,0.0,4.23,3.478988e-06,3.478988,0.0,3.977,2.458808e-06,2.458808,0.0,4.329,2.598635e-07,0.2598634999999999,0.0,3.995,5.45532e-06,5.45532,0.0,4.294,1.219416e-06,1.2194159999999998
275,275,2.53115725e-05,25.311572500000004,0,1,29.6470588235294,,False,,0.0,4.318,1.378036e-07,0.1378036,0.0,4.261,1.042429e-06,1.0424289999999998,0.2470588235294117,3.959,1.390013e-05,13.90013,0.0,4.23,9.960505e-07,0.9960505,0.0,3.977,8.121167e-06,8.121167000000002,0.0,4.329,7.772375e-08,0.07772375,0.0,3.995,3.104765e-08,0.03104765,0.0,4.294,1.005221e-06,1.005221
276,276,3.5670933399999994e-05,35.6709334,0,1,36.70588235294117,,False,,0.0,4.318,4.629032e-07,0.4629032,0.0,4.261,1.051828e-06,1.051828,0.0,4.164,7.857229e-06,7.857228999999999,0.3058823529411764,4.001,2.60788e-06,2.60788,0.0,3.977,1.580847e-06,1.580847,0.0,4.329,2.102254e-05,21.02254,0.0,3.995,1.514489e-07,0.1514489,0.0,4.294,9.362573e-07,0.9362573
277,277,4.30709823e-05,43.0709823,0,1,37.17647058823529,,False,,0.0,4.318,1.512655e-07,0.1512655,0.0,4.261,9.572701e-06,9.572701,0.0,4.164,3.898531e-07,0.3898531,0.0,4.23,9.196064e-06,9.196064,0.3098039215686274,3.728,3.234073e-06,3.234073,0.0,4.329,1.822338e-07,0.1822338,0.0,3.995,1.948314e-05,19.48314,0.0,4.294,8.616519e-07,0.8616519
278,278,2.79549276e-05,27.9549276,0,1,29.6470588235294,,False,,0.0,4.318,9.449388e-07,0.9449388,0.2470588235294117,4.058,1.325243e-05,13.25243,0.0,4.164,2.5746e-07,0.2574599999999999,0.0,4.23,3.719662e-06,3.719662,0.0,3.977,2.526772e-06,2.526772,0.0,4.329,2.680998e-07,0.2680998,0.0,3.995,5.75832e-06,5.75832,0.0,4.294,1.227245e-06,1.227245
279,279,3.65213387e-05,36.5213387,0,1,37.17647058823529,,False,,0.0,4.318,4.657476e-07,0.4657476,0.0,4.261,1.058924e-06,1.058924,0.0,4.164,8.048219e-06,8.048219000000001,0.3098039215686274,3.998,2.647836e-06,2.647836,0.0,3.977,1.62388e-06,1.62388,0.0,4.329,2.158284e-05,21.58284,0.0,3.995,1.587676e-07,0.1587675999999999,0.0,4.294,9.351245e-07,0.9351245
280,280,8.48223786e-05,84.82237860000001,0,1,77.64705882352942,,False,,0.0,4.318,7.619406e-07,0.7619406,0.0,4.261,2.266476e-05,22.66476,0.0,4.164,7.96617e-07,0.796617,0.0,4.23,1.861257e-05,18.61257,0.6470588235294118,3.605,3.882929e-06,3.882929,0.0,4.329,5.572269e-07,0.5572269,0.0,3.995,3.66711e-05,36.6711,0.0,4.294,8.752351e-07,0.8752350999999999
281,281,7.071662293e-05,70.71662293,0,1,77.1764705882353,,False,,0.0,4.318,2.755284e-07,0.2755284,0.0,4.261,3.47957e-06,3.4795700000000003,0.6431372549019608,3.817,3.461882e-05,34.61882,0.0,4.23,9.665787e-07,0.9665787,0.0,3.977,3.027338e-05,30.27338,0.0,4.329,6.205828e-08,0.0620582799999999,0.0,3.995,3.952955e-08,0.03952955,0.0,4.294,1.001158e-06,1.001158
282,282,7.38172739e-05,73.8172739,0,1,77.64705882352942,,False,,0.0,4.318,4.735359e-07,0.4735359,0.0,4.261,1.316236e-06,1.316236,0.0,4.164,1.695106e-05,16.951060000000002,0.6470588235294118,3.886,3.947705e-06,3.947705,0.0,3.977,3.951262e-06,3.951262,0.0,4.329,4.562218e-05,45.62218,0.0,3.995,5.995396e-07,0.5995396000000001,0.0,4.294,9.557554e-07,0.9557554
283,283,7.0263335e-05,70.26333500000001,0,1,66.8235294117647,,False,,0.0,4.318,5.205675e-07,0.5205675,0.0,4.261,1.806864e-05,18.06864,0.0,4.164,6.501392e-07,0.6501392,0.0,4.23,1.529962e-05,15.29962,0.5568627450980391,3.644,3.679897e-06,3.679897,0.0,4.329,4.208737e-07,0.4208737,0.0,3.995,3.075432e-05,30.75432,0.0,4.294,8.692776e-07,0.8692776000000001
284,284,7.03003349e-05,70.3003349,0,1,77.1764705882353,,False,,0.0,4.318,1.935382e-06,1.935382,0.6431372549019608,3.926,3.676985e-05,36.76985,0.0,4.164,4.535759e-07,0.4535759,0.0,4.23,1.041163e-05,10.41163,0.0,3.977,4.517213e-06,4.517213,0.0,4.329,4.7087e-07,0.4708699999999999,0.0,3.995,1.436918e-05,14.36918,0.0,4.294,1.372634e-06,1.372634
285,285,2.209884993e-05,22.09884993,0,1,23.52941176470588,,False,,0.0,4.318,1.402063e-07,0.1402063,0.0,4.261,8.920346e-07,0.8920346,0.196078431372549,3.973,1.229752e-05,12.29752,0.0,4.23,9.948421e-07,0.9948421,0.0,3.977,6.648103e-06,6.648103,0.0,4.329,7.92173e-08,0.0792173,0.0,3.995,3.957063e-08,0.0395706299999999,0.0,4.294,1.007356e-06,1.007356
286,286,6.461429229999999e-05,64.6142923,0,1,66.8235294117647,,False,,0.0,4.318,4.713529e-07,0.4713528999999999,0.0,4.261,1.257965e-06,1.257965,0.0,4.164,1.483671e-05,14.83671,0.5568627450980391,3.911,3.63967e-06,3.63967,0.0,3.977,3.307352e-06,3.307352,0.0,4.329,3.96749e-05,39.6749,0.0,3.995,4.763391e-07,0.4763391,0.0,4.294,9.500033e-07,0.9500033
287,287,3.306011226e-05,33.06011226,0,1,28.23529411764705,,False,,0.0,4.318,5.782666e-08,0.05782666,0.0,4.261,6.574252e-06,6.574252,0.0,4.164,2.992677e-07,0.2992676999999999,0.0,4.23,6.980411e-06,6.980411,0.2352941176470588,3.764,3.041205e-06,3.041205,0.0,4.329,1.066266e-07,0.1066266,0.0,3.995,1.513287e-05,15.13287,0.0,4.294,8.676533e-07,0.8676533
288,288,2.1618782e-05,21.618782000000003,0,1,23.52941176470588,,False,,0.0,4.318,7.959992e-07,0.7959992,0.196078431372549,4.085,9.720813e-06,9.720813,0.0,4.164,2.256519e-07,0.2256519,0.0,4.23,2.760161e-06,2.760161,0.0,3.977,2.266492e-06,2.266492,0.0,4.329,2.342029e-07,0.2342029,0.0,3.995,4.421582e-06,4.421582,0.0,4.294,1.19388e-06,1.19388
289,289,4.224400301e-05,42.24400301,0,1,45.17647058823529,,False,,0.0,4.318,1.612578e-07,0.1612577999999999,0.0,4.261,1.912207e-06,1.912207,0.3764705882352941,3.898,2.198063e-05,21.98063,0.0,4.23,9.886101e-07,0.9886101,0.0,3.977,1.611014e-05,16.11014,0.0,4.329,7.10561e-08,0.0710561,0.0,3.995,1.419401e-08,0.01419401,0.0,4.294,1.005908e-06,1.005908
290,290,2.682119881e-05,26.82119881,0,1,28.23529411764705,,False,,0.0,4.318,4.632302e-07,0.4632302,0.0,4.261,9.78001e-07,0.978001,0.0,4.164,5.677939e-06,5.677939,0.2352941176470588,4.035,2.262093e-06,2.262093,0.0,3.977,1.17743e-06,1.17743,0.0,4.329,1.524364e-05,15.24364,0.0,3.995,8.330381e-08,0.08330381,0.0,4.294,9.355618e-07,0.9355618
291,291,4.31232366e-05,43.123236600000006,0,1,45.17647058823529,,False,,0.0,4.318,1.299779e-06,1.299779,0.3764705882352941,4.004,2.168884e-05,21.688840000000003,0.0,4.164,3.312698e-07,0.3312698,0.0,4.23,6.07109e-06,6.071090000000001,0.0,3.977,3.202948e-06,3.202948,0.0,4.329,3.451928e-07,0.3451927999999999,0.0,3.995,8.89986e-06,8.89986,0.0,4.294,1.284257e-06,1.284257
292,292,8.560807471e-05,85.60807471,0,1,93.6470588235294,,False,,0.0,4.318,3.55354e-07,0.355354,0.0,4.261,4.345913e-06,4.345913,0.7803921568627451,3.779,4.100681e-05,41.00681,0.0,4.23,9.477275e-07,0.9477275,0.0,3.977,3.783061e-05,37.83061,0.0,4.329,5.651568e-08,0.05651568,0.0,3.995,6.954183e-08,0.06954183,0.0,4.294,9.956027e-07,0.9956027
293,293,5.62558963e-06,5.62558963,0,1,93.6470588235294,,False,,0.0,4.318,4.435944e-07,0.4435944,0.7803921568627451,3.889,5.88213e-07,0.588213,0.0,4.164,1.183663e-07,0.1183663,0.0,4.23,9.306012e-07,0.9306012,0.0,3.977,2.148598e-06,2.148598,0.0,4.329,8.906503e-08,0.08906503,0.0,3.995,3.248633e-07,0.3248633,0.0,4.294,9.822884e-07,0.9822884
294,294,8.62859956e-05,86.2859956,0,1,79.52941176470587,,False,,0.0,4.318,7.844963e-07,0.7844963,0.0,4.261,2.319116e-05,23.19116,0.0,4.164,8.051312e-07,0.8051312,0.0,4.23,1.893286e-05,18.93286,0.6627450980392156,3.601,3.903877e-06,3.903877,0.0,4.329,5.756351e-07,0.5756351,0.0,3.995,3.721435e-05,37.21435,0.0,4.294,8.78486e-07,0.878486
295,295,7.47617494e-05,74.7617494,0,1,79.52941176470587,,False,,0.0,4.318,4.71768e-07,0.471768,0.0,4.261,1.319877e-06,1.319877,0.0,4.164,1.723381e-05,17.233810000000002,0.6627450980392156,3.884,3.976448e-06,3.976448,0.0,3.977,4.031719e-06,4.031719,0.0,4.329,4.615566e-05,46.15566,0.0,3.995,6.117456e-07,0.6117456,0.0,4.294,9.607218e-07,0.9607218
296,296,6.25357611e-05,62.5357611,0,1,56.94117647058823,,False,,0.0,4.318,4.053727e-07,0.4053727,0.0,4.261,1.560699e-05,15.60699,0.0,4.164,5.773865e-07,0.5773865,0.0,4.23,1.363685e-05,13.63685,0.4745098039215686,3.666,3.549733e-06,3.549733,0.0,4.329,3.498833e-07,0.3498833,0.0,3.995,2.754856e-05,27.54856,0.0,4.294,8.609856e-07,0.8609855999999999
297,297,5.625852539999999e-06,5.62585254,0,1,9.88235294117646,,False,,0.0,4.318,4.416043e-07,0.4416043,0.0,4.261,5.898755e-07,0.5898755,0.0823529411764705,4.164,1.178105e-07,0.1178105,0.0,4.23,9.317174e-07,0.9317174,0.0,3.977,2.147812e-06,2.147812,0.0,4.329,9.014204e-08,0.09014204,0.0,3.995,3.250169e-07,0.3250169,0.0,4.294,9.818739e-07,0.9818739
298,298,5.45022987e-05,54.5022987,0,1,56.94117647058823,,False,,0.0,4.318,4.682702e-07,0.4682701999999999,0.0,4.261,1.197849e-06,1.1978490000000002,0.0,4.164,1.240916e-05,12.40916,0.4745098039215686,3.94,3.301838e-06,3.301838,0.0,3.977,2.668202e-06,2.6682020000000004,0.0,4.329,3.316514e-05,33.16514,0.0,3.995,3.489897e-07,0.3489896999999999,0.0,4.294,9.428498e-07,0.9428498
299,299,1.02657614e-05,10.2657614,0,1,9.88235294117646,,False,,0.0,4.318,5.369843e-07,0.5369843,0.0823529411764705,4.15,3.364717e-06,3.364717,0.0,4.164,1.648011e-07,0.1648011,0.0,4.23,1.141519e-06,1.1415190000000002,0.0,3.977,1.893306e-06,1.893306,0.0,4.329,1.63894e-07,0.163894,0.0,3.995,1.889754e-06,1.889754,0.0,4.294,1.110786e-06,1.110786
300,300,3.777506649e-05,37.77506649,0,1,10.35294117647058,,False,,0.0,4.318,8.259079e-08,0.08259079,0.0,4.261,2.776045e-06,2.776045,0.0862745098039215,3.911,1.935338e-05,19.35338,0.0,4.23,2.373553e-07,0.2373553,0.0,3.977,1.331881e-05,13.31881,0.0,4.329,5.02479e-08,0.0502479,0.0,3.995,8.560135e-07,0.8560135,0.0,4.294,1.100624e-06,1.1006239999999998
301,301,1.6343105435e-05,16.343105435000002,0,1,12.705882352941169,,False,,0.0,4.318,6.152875e-09,0.0061528749999999,0.0,4.261,2.012337e-06,2.012337,0.0,4.164,1.577181e-07,0.1577181,0.0,4.23,3.225645e-06,3.225645,0.1058823529411764,3.841,2.671693e-06,2.6716930000000003,0.0,4.329,1.351116e-08,0.01351116,0.0,3.995,7.367286e-06,7.367286,0.0,4.294,8.887623e-07,0.8887623
302,302,1.07746269e-05,10.7746269,0,1,10.35294117647058,,False,,0.0,4.318,5.439358e-07,0.5439358000000001,0.0862745098039215,4.146,3.638075e-06,3.638075,0.0,4.164,1.673996e-07,0.1673996,0.0,4.23,1.218269e-06,1.218269,0.0,3.977,1.904681e-06,1.904681,0.0,4.329,1.676095e-07,0.1676095,0.0,3.995,2.017395e-06,2.017395,0.0,4.294,1.117262e-06,1.1172620000000002
303,303,1.383540922e-05,13.83540922,0,1,12.705882352941169,,False,,0.0,4.318,4.571252e-07,0.4571252,0.0,4.261,8.293475e-07,0.8293475,0.0,4.164,2.454764e-06,2.454764,0.1058823529411764,4.1,1.678994e-06,1.678994,0.0,3.977,8.75819e-07,0.875819,0.0,4.329,6.554059e-06,6.554059,0.0,3.995,4.510832e-08,0.04510832,0.0,4.294,9.401922e-07,0.9401922
304,304,4.096363309e-05,40.96363309,0,1,44.70588235294117,,False,,0.0,4.318,1.577786e-07,0.1577786,0.0,4.261,1.825995e-06,1.825995,0.3725490196078431,3.902,2.138121e-05,21.38121,0.0,4.23,9.982761e-07,0.9982761,0.0,3.977,1.550738e-05,15.507379999999998,0.0,4.329,7.141126e-08,0.0714112599999999,0.0,3.995,1.533813e-08,0.01533813,0.0,4.294,1.006244e-06,1.006244
305,305,4.21304888e-05,42.1304888,0,1,44.70588235294117,,False,,0.0,4.318,1.255643e-06,1.255643,0.3725490196078431,4.007,2.098079e-05,20.98079,0.0,4.164,3.267959e-07,0.3267959,0.0,4.23,5.986633e-06,5.986632999999999,0.0,3.977,3.145444e-06,3.145444,0.0,4.329,3.410989e-07,0.3410989,0.0,3.995,8.812959e-06,8.812959,0.0,4.294,1.281125e-06,1.2811249999999998
306,306,5.497213103e-05,54.97213103,0,1,60.70588235294117,,False,,0.0,4.318,2.038796e-07,0.2038796,0.0,4.261,2.583257e-06,2.583257,0.5058823529411764,3.859,2.775395e-05,27.75395,0.0,4.23,9.870847e-07,0.9870847,0.0,3.977,2.235367e-05,22.35367,0.0,4.329,6.589016e-08,0.06589016,0.0,3.995,2.158557e-08,0.02158557,0.0,4.294,1.002814e-06,1.002814
307,307,5.62289974e-05,56.2289974,0,1,60.70588235294117,,False,,0.0,4.318,1.580266e-06,1.580266,0.5058823529411764,3.964,2.87205e-05,28.7205,0.0,4.164,3.881485e-07,0.3881485,0.0,4.23,8.284553e-06,8.284553,0.0,3.977,3.828735e-06,3.828735,0.0,4.329,4.069839e-07,0.4069839,0.0,3.995,1.16872e-05,11.6872,0.0,4.294,1.332611e-06,1.332611
308,308,8.56689804e-06,8.56689804,0,1,8.470588235294112,,False,,0.0,4.318,2.094628e-07,0.2094627999999999,0.0,4.261,3.316133e-07,0.3316133,0.0705882352941176,4.054,4.722326e-06,4.722326,0.0,4.23,9.820515e-07,0.9820515,0.0,3.977,1.110149e-06,1.110149,0.0,4.329,8.505174e-08,0.08505174,0.0,3.995,1.245987e-07,0.1245987,0.0,4.294,1.001645e-06,1.001645
309,309,8.3188926e-06,8.3188926,0,1,8.470588235294112,,False,,0.0,4.318,4.885568e-07,0.4885567999999999,0.0705882352941176,4.167,2.245463e-06,2.245463,0.0,4.164,1.512569e-07,0.1512569,0.0,4.23,9.098413e-07,0.9098413,0.0,3.977,1.856737e-06,1.856737,0.0,4.329,1.485786e-07,0.1485786,0.0,3.995,1.42158e-06,1.4215799999999998,0.0,4.294,1.096879e-06,1.0968790000000002
310,310,8.3207152e-06,8.320715199999999,0,1,24.47058823529411,,False,,0.0,4.318,4.879586e-07,0.4879585999999999,0.0,4.261,2.244598e-06,2.244598,0.2039215686274509,3.97,1.529629e-07,0.1529629,0.0,4.23,9.051331e-07,0.9051331,0.0,3.977,1.862498e-06,1.862498,0.0,4.329,1.472246e-07,0.1472246,0.0,3.995,1.424067e-06,1.424067,0.0,4.294,1.096273e-06,1.096273
311,311,5.22896373e-05,52.2896373,0,1,46.58823529411764,,False,,0.0,4.318,2.733807e-07,0.2733807,0.0,4.261,1.267249e-05,12.67249,0.0,4.164,4.787282e-07,0.4787282,0.0,4.23,1.119873e-05,11.19873,0.388235294117647,3.697,3.391983e-06,3.391983,0.0,4.329,2.603891e-07,0.2603891,0.0,3.995,2.314862e-05,23.14862,0.0,4.294,8.653163e-07,0.8653163
312,312,2.15747493e-05,21.5747493,0,1,24.47058823529411,,False,,0.0,4.318,7.841905e-07,0.7841905,0.2039215686274509,4.085,9.619326e-06,9.619326,0.0,4.164,2.243333e-07,0.2243333,0.0,4.23,2.803924e-06,2.8039240000000003,0.0,3.977,2.261405e-06,2.261405,0.0,4.329,2.360815e-07,0.2360815,0.0,3.995,4.452645e-06,4.452645,0.0,4.294,1.192844e-06,1.192844
313,313,9.803972391e-05,98.03972391,0,1,108.70588235294116,,False,,0.0,4.318,4.337974e-07,0.4337974,0.0,4.261,5.03203e-06,5.03203,0.9058823529411764,3.75,4.624265e-05,46.24265,0.0,4.23,9.44174e-07,0.944174,0.0,3.977,4.424275e-05,44.24275,0.0,4.329,5.123641e-08,0.05123641,0.0,3.995,1.039931e-07,0.1039931,0.0,4.294,9.89093e-07,0.989093
314,314,4.5413471e-05,45.413471,0,1,46.58823529411764,,False,,0.0,4.318,4.63781e-07,0.463781,0.0,4.261,1.123906e-06,1.1239059999999998,0.0,4.164,1.019227e-05,10.19227,0.388235294117647,3.968,2.967854e-06,2.967854,0.0,3.977,2.111369e-06,2.111369,0.0,4.329,2.736929e-05,27.369290000000003,0.0,3.995,2.481801e-07,0.2481801,0.0,4.294,9.368209e-07,0.9368209
315,315,9.67050079e-05,96.7050079,0,1,108.70588235294116,,False,,0.0,4.318,2.513945e-06,2.513945,0.9058823529411764,3.86,5.095593e-05,50.95593,0.0,4.164,5.663383e-07,0.5663383,0.0,4.23,1.495869e-05,14.95869,0.0,3.977,5.872957e-06,5.872957,0.0,4.329,5.831736e-07,0.5831736000000001,0.0,3.995,1.981093e-05,19.81093,0.0,4.294,1.443044e-06,1.443044
316,316,9.804155216e-05,98.04155216,0,1,109.1764705882353,,False,,0.0,4.318,4.375925e-07,0.4375925,0.0,4.261,5.037786e-06,5.0377860000000005,0.9098039215686275,3.75,4.618823e-05,46.18823,0.0,4.23,9.450008e-07,0.9450008,0.0,3.977,4.428699e-05,44.28699,0.0,4.329,5.123916e-08,0.05123916,0.0,3.995,1.041186e-07,0.1041186,0.0,4.294,9.905951e-07,0.9905951
317,317,9.73106964e-05,97.3106964,0,1,109.1764705882353,,False,,0.0,4.318,2.525598e-06,2.525598,0.9098039215686275,3.859,5.134696e-05,51.34696,0.0,4.164,5.716198e-07,0.5716198,0.0,4.23,1.499966e-05,14.99966,0.0,3.977,5.911566e-06,5.911566,0.0,4.329,5.853406e-07,0.5853406,0.0,3.995,1.992525e-05,19.92525,0.0,4.294,1.444702e-06,1.444702
318,318,1.905990575e-05,19.05990575,0,1,22.11764705882352,,False,,0.0,4.318,1.446308e-07,0.1446308,0.0,4.261,7.37993e-07,0.737993,0.184313725490196,3.987,1.072876e-05,10.72876,0.0,4.23,9.956074e-07,0.9956074,0.0,3.977,5.318651e-06,5.318651,0.0,4.329,7.930446e-08,0.07930446,0.0,3.995,5.046309e-08,0.05046309,0.0,4.294,1.004496e-06,1.004496
319,319,2.04351468e-05,20.4351468,0,1,22.11764705882352,,False,,0.0,4.318,7.576922e-07,0.7576922,0.184313725490196,4.09,8.989814e-06,8.989813999999999,0.0,4.164,2.19741e-07,0.219741,0.0,4.23,2.629522e-06,2.629522,0.0,3.977,2.216432e-06,2.216432,0.0,4.329,2.273446e-07,0.2273446,0.0,3.995,4.208644e-06,4.2086440000000005,0.0,4.294,1.185957e-06,1.185957
320,320,8.448795930000001e-06,8.448795930000001,0,1,8.941176470588232,,False,,0.0,4.318,2.08992e-07,0.2089919999999999,0.0,4.261,3.256506e-07,0.3256506,0.0745098039215686,4.055,4.650039e-06,4.6500390000000005,0.0,4.23,9.827747e-07,0.9827747,0.0,3.977,1.071608e-06,1.071608,0.0,4.329,8.394023e-08,0.0839402299999999,0.0,3.995,1.2651e-07,0.12651,0.0,4.294,9.992814e-07,0.9992814
321,321,1.7045517160000002e-05,17.04551716,0,1,13.647058823529408,,False,,0.0,4.318,3.45027e-09,0.00345027,0.0,4.261,2.199473e-06,2.199473,0.0,4.164,1.642407e-07,0.1642407,0.0,4.23,3.388717e-06,3.388717,0.1137254901960784,3.837,2.684205e-06,2.684205,0.0,4.329,1.664069e-08,0.01664069,0.0,3.995,7.699514e-06,7.699514,0.0,4.294,8.892765e-07,0.8892765
322,322,8.7464741e-06,8.7464741,0,1,8.941176470588232,,False,,0.0,4.318,4.948511e-07,0.4948511,0.0745098039215686,4.163,2.493725e-06,2.493725,0.0,4.164,1.538967e-07,0.1538967,0.0,4.23,9.636223e-07,0.9636223,0.0,3.977,1.861305e-06,1.861305,0.0,4.329,1.48953e-07,0.148953,0.0,3.995,1.529682e-06,1.529682,0.0,4.294,1.100439e-06,1.1004390000000002
323,323,1.431017675e-05,14.31017675,0,1,13.647058823529408,,False,,0.0,4.318,4.517292e-07,0.4517292,0.0,4.261,8.326914e-07,0.8326914,0.0,4.164,2.573249e-06,2.573249,0.1137254901960784,4.097,1.700188e-06,1.700188,0.0,3.977,8.760464e-07,0.8760464,0.0,4.329,6.886128e-06,6.886128,0.0,3.995,4.532405e-08,0.04532405,0.0,4.294,9.448207e-07,0.9448207
324,324,1.755175114e-05,17.55175114,0,1,14.117647058823527,,False,,0.0,4.318,2.1373e-09,0.0021373,0.0,4.261,2.328905e-06,2.328905,0.0,4.164,1.683321e-07,0.1683320999999999,0.0,4.23,3.491406e-06,3.491406,0.1176470588235294,3.834,2.697323e-06,2.697323,0.0,4.329,1.890834e-08,0.01890834,0.0,3.995,7.955822e-06,7.955821999999999,0.0,4.294,8.889174e-07,0.8889174
325,325,8.639662389999999e-06,8.63966239,0,1,9.41176470588234,,False,,0.0,4.318,2.059322e-07,0.2059322,0.0,4.261,3.298543e-07,0.3298543,0.0784313725490195,4.053,4.777122e-06,4.777121999999999,0.0,4.23,9.82214e-07,0.982214,0.0,3.977,1.143071e-06,1.143071,0.0,4.329,8.346329e-08,0.08346329,0.0,3.995,1.22246e-07,0.122246,0.0,4.294,9.957596e-07,0.9957596
326,326,1.480964435e-05,14.80964435,0,1,14.117647058823527,,False,,0.0,4.318,4.53548e-07,0.453548,0.0,4.261,8.391405e-07,0.8391405,0.0,4.164,2.699043e-06,2.699043,0.1176470588235294,4.094,1.72813e-06,1.72813,0.0,3.977,8.792005e-07,0.8792005,0.0,4.329,7.222979e-06,7.222979,0.0,3.995,4.519655e-08,0.04519655,0.0,4.294,9.424068e-07,0.9424068
327,327,9.3238209e-06,9.3238209,0,1,9.41176470588234,,False,,0.0,4.318,5.081135e-07,0.5081135,0.0784313725490195,4.158,2.815896e-06,2.815896,0.0,4.164,1.579908e-07,0.1579908,0.0,4.23,1.038424e-06,1.0384239999999998,0.0,3.977,1.871929e-06,1.871929,0.0,4.329,1.541926e-07,0.1541925999999999,0.0,3.995,1.671105e-06,1.6711049999999998,0.0,4.294,1.10617e-06,1.10617
328,328,2.034894509e-05,20.34894509,0,1,23.05882352941176,,False,,0.0,4.318,1.423237e-07,0.1423237,0.0,4.261,7.949811e-07,0.7949811,0.192156862745098,3.981,1.139287e-05,11.39287,0.0,4.23,9.937044e-07,0.9937044,0.0,3.977,5.895029e-06,5.895028999999999,0.0,4.329,7.817462e-08,0.07817462,0.0,3.995,4.600327e-08,0.04600327,0.0,4.294,1.005859e-06,1.0058589999999998
329,329,2.06603168e-05,20.6603168,0,1,23.05882352941176,,False,,0.0,4.318,7.62551e-07,0.7625510000000001,0.192156862745098,4.089,9.121286e-06,9.121286,0.0,4.164,2.210188e-07,0.2210188,0.0,4.23,2.65886e-06,2.65886,0.0,3.977,2.225136e-06,2.225136,0.0,4.329,2.28068e-07,0.228068,0.0,3.995,4.25812e-06,4.25812,0.0,4.294,1.185277e-06,1.185277
330,330,6.442297141e-05,64.42297141,0,1,72.47058823529412,,False,,0.0,4.318,2.438564e-07,0.2438563999999999,0.0,4.261,3.110556e-06,3.110556,0.6039215686274509,3.833,3.190627e-05,31.906270000000003,0.0,4.23,9.792585e-07,0.9792585,0.0,3.977,2.708615e-05,27.08615,0.0,4.329,6.235339e-08,0.06235339,0.0,3.995,3.292712e-08,0.03292712,0.0,4.294,1.0016e-06,1.0016
331,331,6.5269446e-05,65.269446,0,1,72.47058823529412,,False,,0.0,4.318,1.784715e-06,1.784715,0.6039215686274509,3.939,3.37383e-05,33.7383,0.0,4.164,4.308071e-07,0.4308071,0.0,4.23,9.711614e-06,9.711614,0.0,3.977,4.272938e-06,4.272938,0.0,4.329,4.439219e-07,0.4439219,0.0,3.995,1.352682e-05,13.52682,0.0,4.294,1.36033e-06,1.3603299999999998
332,332,0.00010643829637,106.43829637,0,1,119.52941176470588,,False,,0.0,4.318,4.960423e-07,0.4960423,0.0,4.261,5.523131e-06,5.523131,0.996078431372549,3.731,4.970394e-05,49.70394,0.0,4.23,9.286618e-07,0.9286618,0.0,3.977,4.862008e-05,48.62008,0.0,4.329,4.960807e-08,0.04960807,0.0,3.995,1.280034e-07,0.1280034,0.0,4.294,9.888298e-07,0.9888298
333,333,6.57208355e-05,65.72083549999999,0,1,60.23529411764704,,False,,0.0,4.318,4.69477e-07,0.469477,0.0,4.261,1.692187e-05,16.92187,0.0,4.164,6.094268e-07,0.6094267999999999,0.0,4.23,1.416456e-05,14.16456,0.5019607843137254,3.657,3.606362e-06,3.606362,0.0,4.329,3.805404e-07,0.3805404,0.0,3.995,2.870261e-05,28.70261,0.0,4.294,8.659893e-07,0.8659893
334,334,0.0001036572861,103.6572861,0,1,119.52941176470588,,False,,0.0,4.318,2.671287e-06,2.671287,0.996078431372549,3.844,5.489719e-05,54.89719,0.0,4.164,5.988549e-07,0.5988549,0.0,4.23,1.602063e-05,16.02063,0.0,3.977,6.243063e-06,6.243063,0.0,4.329,6.071342e-07,0.6071342000000001,0.0,3.995,2.116269e-05,21.16269,0.0,4.294,1.456437e-06,1.456437
335,335,5.64996442e-05,56.499644200000006,0,2,60.23529411764704,,False,,0.0,4.318,4.679895e-07,0.4679895,0.0,4.261,1.202036e-06,1.202036,0.0,4.164,1.285338e-05,12.85338,0.5019607843137254,3.934,3.347574e-06,3.3475740000000003,0.0,3.977,2.772962e-06,2.772962,0.0,4.329,3.453678e-05,34.53678,0.0,3.995,3.755192e-07,0.3755192,0.0,4.294,9.434035e-07,0.9434035
336,336,0.0001232425562,123.2425562,0,1,119.05882352941175,,False,,0.0,4.318,1.547758e-06,1.547758,0.0,4.261,3.607359e-05,36.07359,0.0,4.164,1.174074e-06,1.174074,0.0,4.23,2.700668e-05,27.00668,0.992156862745098,3.507,4.424559e-06,4.424559,0.0,4.329,9.706388e-07,0.9706388,0.0,3.995,5.112768e-05,51.12768,0.0,4.294,9.175764e-07,0.9175764
337,337,0.0001073926096,107.3926096,0,1,119.05882352941175,,False,,0.0,4.318,4.770317e-07,0.4770316999999999,0.0,4.261,1.486622e-06,1.486622,0.0,4.164,2.492914e-05,24.92914,0.992156862745098,3.802,4.974971e-06,4.974971,0.0,3.977,6.515351e-06,6.515351,0.0,4.329,6.689597e-05,66.89597,0.0,3.995,1.117325e-06,1.117325,0.0,4.294,9.961989e-07,0.9961989
338,338,8.578898583999999e-05,85.78898584000001,0,1,96.47058823529412,,False,,0.0,4.318,3.586849e-07,0.3586849,0.0,4.261,4.306241e-06,4.306241,0.8039215686274511,3.779,4.106866e-05,41.06866,0.0,4.23,9.572724e-07,0.9572724,0.0,3.977,3.797156e-05,37.97156,0.0,4.329,5.53626e-08,0.0553626,0.0,3.995,7.347074e-08,0.07347074,0.0,4.294,9.977342e-07,0.9977342
339,339,8.50905076e-05,85.0905076,0,1,96.47058823529412,,False,,0.0,4.318,2.241851e-06,2.241851,0.8039215686274511,3.888,4.471121e-05,44.71121,0.0,4.164,5.189965e-07,0.5189965000000001,0.0,4.23,1.294071e-05,12.94071,0.0,3.977,5.285819e-06,5.285819,0.0,4.329,5.291161e-07,0.5291161,0.0,3.995,1.74485e-05,17.4485,0.0,4.294,1.414305e-06,1.414305
340,340,1.410610201e-05,14.10610201,0,2,15.529411764705875,,False,,0.0,4.318,1.633788e-07,0.1633788,0.0,4.261,5.244282e-07,0.5244282,0.1294117647058823,4.014,8.053698e-06,8.053698,0.0,4.23,9.942603e-07,0.9942603,0.0,3.977,3.205876e-06,3.205876,0.0,4.329,8.093503e-08,0.08093503,0.0,3.995,7.644568e-08,0.07644568,0.0,4.294,1.00708e-06,1.00708
341,341,1.29563255e-05,12.9563255,0,1,15.529411764705875,,False,,0.0,4.318,5.893327e-07,0.5893327,0.1294117647058823,4.131,4.832035e-06,4.832035,0.0,4.164,1.78953e-07,0.178953,0.0,4.23,1.540285e-06,1.540285,0.0,3.977,1.962907e-06,1.962907,0.0,4.329,1.797698e-07,0.1797697999999999,0.0,3.995,2.529681e-06,2.529681,0.0,4.294,1.143362e-06,1.143362
342,342,5.62154644e-06,5.621546440000001,0,1,10.8235294117647,,False,,0.0,4.318,4.381494e-07,0.4381493999999999,0.0,4.261,5.856389e-07,0.5856389000000001,0.0901960784313725,4.164,1.176914e-07,0.1176914,0.0,4.23,9.320322e-07,0.9320322,0.0,3.977,2.144582e-06,2.144582,0.0,4.329,8.805844e-08,0.08805844,0.0,3.995,3.318075e-07,0.3318075,0.0,4.294,9.835866e-07,0.9835866
343,343,9.7677104e-06,9.7677104,0,1,10.8235294117647,,False,,0.0,4.318,5.190613e-07,0.5190613000000001,0.0901960784313725,4.154,3.058963e-06,3.058963,0.0,4.164,1.615798e-07,0.1615798,0.0,4.23,1.09735e-06,1.09735,0.0,3.977,1.881886e-06,1.881886,0.0,4.329,1.586123e-07,0.1586122999999999,0.0,3.995,1.776633e-06,1.776633,0.0,4.294,1.113625e-06,1.113625
344,344,1.363117114e-05,13.63117114,0,1,13.176470588235286,,False,,0.0,4.318,1.658056e-07,0.1658056,0.0,4.261,5.057459e-07,0.5057459000000001,0.1098039215686274,4.017,7.788921e-06,7.788921,0.0,4.23,9.952646e-07,0.9952646,0.0,3.977,3.009922e-06,3.009922,0.0,4.329,8.175115e-08,0.08175115,0.0,3.995,7.940889e-08,0.07940889,0.0,4.294,1.004352e-06,1.004352
345,345,1.35895367e-05,13.589536699999998,0,1,13.176470588235286,,False,,0.0,4.318,6.030856e-07,0.6030856,0.1098039215686274,4.127,5.189916e-06,5.189915999999999,0.0,4.164,1.834784e-07,0.1834783999999999,0.0,4.23,1.623319e-06,1.6233190000000002,0.0,3.977,1.982731e-06,1.982731,0.0,4.329,1.856517e-07,0.1856517,0.0,3.995,2.675165e-06,2.675165,0.0,4.294,1.14619e-06,1.14619
346,346,0.00010105570359,101.05570359,0,1,113.88235294117646,,False,,0.0,4.318,4.52773e-07,0.452773,0.0,4.261,5.202725e-06,5.202725,0.9490196078431372,3.743,4.75146e-05,47.5146,0.0,4.23,9.360028e-07,0.9360028,0.0,3.977,4.579682e-05,45.79682,0.0,4.329,5.014539e-08,0.05014539,0.0,3.995,1.127933e-07,0.1127933,0.0,4.294,9.898441e-07,0.9898441
347,347,8.501353539999999e-05,85.0135354,0,1,80.0,,False,,0.0,4.318,7.888688e-07,0.7888688,0.0,4.261,2.311901e-05,23.11901,0.0,4.164,7.979207e-07,0.7979207,0.0,4.23,1.849814e-05,18.49814,0.6666666666666666,3.604,3.882997e-06,3.882997,0.0,4.329,5.636358e-07,0.5636358,0.0,3.995,3.64845e-05,36.4845,0.0,4.294,8.784631e-07,0.8784631
348,348,0.0001002846752,100.28467519999998,0,1,113.88235294117646,,False,,0.0,4.318,2.58911e-06,2.58911,0.9490196078431372,3.852,5.284157e-05,52.84157,0.0,4.164,5.813054e-07,0.5813054000000001,0.0,4.23,1.560558e-05,15.60558,0.0,3.977,6.064299e-06,6.064299,0.0,4.329,6.019118e-07,0.6019118,0.0,3.995,2.054698e-05,20.54698,0.0,4.294,1.453919e-06,1.453919
349,349,7.34196058e-05,73.4196058,0,1,80.0,,False,,0.0,4.318,4.732722e-07,0.4732722,0.0,4.261,1.309102e-06,1.309102,0.0,4.164,1.6891e-05,16.891000000000002,0.6666666666666666,3.887,3.913008e-06,3.913008,0.0,3.977,3.902253e-06,3.902253,0.0,4.329,4.537167e-05,45.37167,0.0,3.995,5.999062e-07,0.5999062000000001,0.0,4.294,9.593944e-07,0.9593944
350,350,9.122860056e-05,91.22860056,0,1,102.5882352941176,,False,,0.0,4.318,3.955007e-07,0.3955007,0.0,4.261,4.636474e-06,4.636474,0.8549019607843135,3.766,4.336927e-05,43.36927,0.0,4.23,9.52658e-07,0.952658,0.0,3.977,4.074036e-05,40.74036,0.0,4.329,5.403179e-08,0.05403179,0.0,3.995,8.655707e-08,0.08655707,0.0,4.294,9.93749e-07,0.993749
351,351,8.53837726e-05,85.3837726,0,1,80.47058823529409,,False,,0.0,4.318,7.941829e-07,0.7941828999999999,0.0,4.261,2.329237e-05,23.29237,0.0,4.164,7.951984e-07,0.7951984000000001,0.0,4.23,1.85288e-05,18.5288,0.6705882352941174,3.603,3.906933e-06,3.906933,0.0,4.329,5.696625e-07,0.5696625000000001,0.0,3.995,3.661401e-05,36.61401,0.0,4.294,8.826158e-07,0.8826158
352,352,9.04049867e-05,90.4049867,0,1,102.5882352941176,,False,,0.0,4.318,2.367044e-06,2.367044,0.8549019607843135,3.875,4.750835e-05,47.50835,0.0,4.164,5.417513e-07,0.5417513,0.0,4.23,1.384158e-05,13.84158,0.0,3.977,5.55176e-06,5.55176,0.0,4.329,5.577044e-07,0.5577044000000001,0.0,3.995,1.860678e-05,18.60678,0.0,4.294,1.430017e-06,1.430017
353,353,1.677204376e-05,16.77204376,0,1,20.23529411764705,,False,,0.0,4.318,1.52443e-07,0.152443,0.0,4.261,6.374342e-07,0.6374342,0.1686274509803921,3.999,9.514692e-06,9.514692,0.0,4.23,9.976319e-07,0.9976319,0.0,3.977,4.318424e-06,4.318424,0.0,4.329,8.055796e-08,0.08055796,0.0,3.995,6.21537e-08,0.0621537,0.0,4.294,1.008707e-06,1.008707
354,354,7.391909299999999e-05,73.919093,0,1,80.47058823529409,,False,,0.0,4.318,4.687206e-07,0.4687206,0.0,4.261,1.313254e-06,1.313254,0.0,4.164,1.704371e-05,17.04371,0.6705882352941174,3.886,3.927772e-06,3.927772,0.0,3.977,3.989068e-06,3.989068,0.0,4.329,4.56227e-05,45.6227,0.0,3.995,6.019414e-07,0.6019414000000001,0.0,4.294,9.51927e-07,0.951927
355,355,1.8827531e-05,18.827531,0,2,20.23529411764705,,False,,0.0,4.318,7.233634e-07,0.7233634,0.1686274509803921,4.098,8.08959e-06,8.089590000000001,0.0,4.164,2.104405e-07,0.2104405,0.0,4.23,2.395102e-06,2.395102,0.0,3.977,2.162604e-06,2.162604,0.0,4.329,2.187851e-07,0.2187851,0.0,3.995,3.847351e-06,3.847351,0.0,4.294,1.180295e-06,1.180295
356,356,1.23647548e-05,12.364754799999998,0,1,12.235294117647047,,False,,0.0,4.318,1.742462e-07,0.1742462,0.0,4.261,4.584582e-07,0.4584582,0.1019607843137254,4.025,7.052171e-06,7.052171,0.0,4.23,9.923466e-07,0.9923466,0.0,3.977,2.516612e-06,2.5166120000000003,0.0,4.329,8.340653e-08,0.08340653,0.0,3.995,8.664927e-08,0.08664927,0.0,4.294,1.000865e-06,1.000865
357,357,1.13506129e-05,11.3506129,0,1,12.235294117647047,,False,,0.0,4.318,5.545021e-07,0.5545021,0.1019607843137254,4.142,3.930602e-06,3.930602,0.0,4.164,1.694626e-07,0.1694626,0.0,4.23,1.315024e-06,1.315024,0.0,3.977,1.923145e-06,1.923145,0.0,4.329,1.708432e-07,0.1708432,0.0,3.995,2.158009e-06,2.158009,0.0,4.294,1.129025e-06,1.129025
358,358,6.35171575e-06,6.35171575,0,1,7.058823529411764,,False,,0.0,4.318,2.469642e-07,0.2469642,0.0,4.261,2.861501e-07,0.2861501,0.0588235294117647,4.078,3.130204e-06,3.130204,0.0,4.23,9.760022e-07,0.9760022,0.0,3.977,4.62261e-07,0.462261,0.0,4.329,8.628055e-08,0.08628055,0.0,3.995,1.622297e-07,0.1622296999999999,0.0,4.294,1.001624e-06,1.001624
359,359,1.85285996281e-05,18.5285996281,0,1,15.058823529411754,,False,,0.0,4.318,6.929681e-10,0.0006929680999999,0.0,4.261,2.568821e-06,2.568821,0.0,4.164,1.748448e-07,0.1748448,0.0,4.23,3.704241e-06,3.704241,0.1254901960784313,3.829,2.725785e-06,2.725785,0.0,4.329,2.156996e-08,0.02156996,0.0,3.995,8.443948e-06,8.443948,0.0,4.294,8.886969e-07,0.8886969
360,360,5.63623148e-06,5.636231479999999,0,1,7.058823529411764,,False,,0.0,4.318,4.383798e-07,0.4383798,0.0588235294117647,4.261,5.88985e-07,0.588985,0.0,4.164,1.171795e-07,0.1171794999999999,0.0,4.23,9.325993e-07,0.9325993,0.0,3.977,2.145074e-06,2.145074,0.0,4.329,8.890098e-08,0.08890098,0.0,3.995,3.370294e-07,0.3370294,0.0,4.294,9.880835e-07,0.9880835
361,361,6.145508526e-05,61.45508526,0,1,69.17647058823528,,False,,0.0,4.318,2.253852e-07,0.2253851999999999,0.0,4.261,2.927609e-06,2.9276090000000003,0.576470588235294,3.841,3.065775e-05,30.65775,0.0,4.23,9.837081e-07,0.9837081,0.0,3.977,2.556454e-05,25.56454,0.0,4.329,6.422199e-08,0.0642219899999999,0.0,3.995,2.829597e-08,0.02829597,0.0,4.294,1.003575e-06,1.003575
362,362,1.547900612e-05,15.47900612,0,1,15.058823529411754,,False,,0.0,4.318,4.536017e-07,0.4536017,0.0,4.261,8.544832e-07,0.8544832,0.0,4.164,2.865554e-06,2.865554,0.1254901960784313,4.09,1.767757e-06,1.767757,0.0,3.977,8.887204e-07,0.8887204,0.0,4.329,7.66104e-06,7.66104,0.0,3.995,4.538202e-08,0.04538202,0.0,4.294,9.424678e-07,0.9424678
363,363,9.96289575e-05,99.6289575,0,1,94.58823529411764,,False,,0.0,4.318,1.060933e-06,1.060933,0.0,4.261,2.804422e-05,28.04422,0.0,4.164,9.359132e-07,0.9359132,0.0,4.23,2.175146e-05,21.75146,0.788235294117647,3.566,4.102889e-06,4.102889,0.0,4.329,7.131937e-07,0.7131937,0.0,3.995,4.212455e-05,42.124550000000006,0.0,4.294,8.957986e-07,0.8957986
364,364,6.2698238e-05,62.698238,0,1,69.17647058823528,,False,,0.0,4.318,1.727075e-06,1.727075,0.576470588235294,3.946,3.221482e-05,32.21482,0.0,4.164,4.175676e-07,0.4175676,0.0,4.23,9.367606e-06,9.367606,0.0,3.977,4.139375e-06,4.139374999999999,0.0,4.329,4.388044e-07,0.4388044,0.0,3.995,1.303326e-05,13.03326,0.0,4.294,1.35973e-06,1.35973
365,365,8.64658336e-05,86.46583360000001,0,1,94.58823529411764,,False,,0.0,4.318,4.73352e-07,0.473352,0.0,4.261,1.386363e-06,1.386363,0.0,4.164,1.999926e-05,19.99926,0.788235294117647,3.854,4.347525e-06,4.347525,0.0,3.977,4.910637e-06,4.910637,0.0,4.329,5.360163e-05,53.60163,0.0,3.995,7.836921e-07,0.7836921,0.0,4.294,9.633745e-07,0.9633745
366,366,2.57544363e-05,25.7544363,0,1,30.588235294117645,,False,,0.0,4.318,1.384184e-07,0.1384184,0.0,4.261,1.056354e-06,1.056354,0.2549019607843137,3.957,1.411822e-05,14.11822,0.0,4.23,1.000896e-06,1.000896,0.0,3.977,8.32259e-06,8.32259,0.0,4.329,7.752708e-08,0.07752708,0.0,3.995,3.163582e-08,0.03163582,0.0,4.294,1.008795e-06,1.008795
367,367,4.81192082e-05,48.1192082,0,1,30.588235294117645,,False,,0.0,4.318,5.509091e-07,0.5509090999999999,0.2549019607843137,4.058,1.505023e-05,15.05023,0.0,4.164,1.233134e-05,12.33134,0.0,4.23,3.293914e-06,3.293914,0.0,3.977,9.161065e-06,9.161065,0.0,4.329,2.132561e-07,0.2132561,0.0,3.995,6.265206e-06,6.265206,0.0,4.294,1.253288e-06,1.253288
368,368,2.342071414e-05,23.42071414,0,1,25.411764705882348,,False,,0.0,4.318,1.379087e-07,0.1379087,0.0,4.261,9.391223e-07,0.9391223,0.2117647058823529,3.967,1.298556e-05,12.98556,0.0,4.23,9.992496e-07,0.9992496,0.0,3.977,7.230472e-06,7.230472,0.0,4.329,7.840663e-08,0.07840663,0.0,3.995,3.751791e-08,0.03751791,0.0,4.294,1.012477e-06,1.012477
369,369,2.29047517e-05,22.9047517,0,1,25.411764705882348,,False,,0.0,4.318,8.150257e-07,0.8150257,0.2117647058823529,4.079,1.031493e-05,10.31493,0.0,4.164,2.305612e-07,0.2305612,0.0,4.23,3.022697e-06,3.022697,0.0,3.977,2.324162e-06,2.324162,0.0,4.329,2.418578e-07,0.2418577999999999,0.0,3.995,4.745863e-06,4.745863,0.0,4.294,1.209655e-06,1.209655
370,370,3.085836762e-05,30.858367620000003,0,1,32.4705882352941,,False,,0.0,4.318,1.386263e-07,0.1386262999999999,0.0,4.261,1.304047e-06,1.304047,0.2705882352941175,3.937,1.665415e-05,16.65415,0.0,4.23,9.994124e-07,0.9994124,0.0,3.977,1.064927e-05,10.64927,0.0,4.329,7.483085e-08,0.07483085,0.0,3.995,2.272607e-08,0.02272607,0.0,4.294,1.015305e-06,1.015305
371,371,4.24124829e-05,42.4124829,0,2,37.6470588235294,,False,,0.0,4.318,1.515753e-07,0.1515753,0.0,4.261,9.52334e-06,9.52334,0.0,4.164,3.840957e-07,0.3840957,0.0,4.23,8.976438e-06,8.976438,0.3137254901960783,3.73,3.224542e-06,3.224542,0.0,4.329,1.765195e-07,0.1765195,0.0,3.995,1.910694e-05,19.10694,0.0,4.294,8.690324e-07,0.8690323999999999
372,372,3.01817231e-05,30.1817231,0,1,32.4705882352941,,False,,0.0,4.318,9.818141e-07,0.9818141,0.2705882352941175,4.049,1.431922e-05,14.31922,0.0,4.164,2.663932e-07,0.2663932,0.0,4.23,4.158688e-06,4.158688000000001,0.0,3.977,2.628282e-06,2.628282,0.0,4.329,2.819228e-07,0.2819228,0.0,3.995,6.305267e-06,6.305267,0.0,4.294,1.240136e-06,1.240136
373,373,3.388691344e-05,33.88691344,0,1,35.76470588235294,,False,,0.0,4.318,1.437672e-07,0.1437672,0.0,4.261,1.460528e-06,1.460528,0.2980392156862745,3.926,1.809131e-05,18.09131,0.0,4.23,1.001119e-06,1.001119,0.0,3.977,1.208501e-05,12.08501,0.0,4.329,7.462768e-08,0.07462768,0.0,3.995,1.959356e-08,0.01959356,0.0,4.294,1.010958e-06,1.010958
374,374,3.55438526e-05,35.5438526,0,1,37.6470588235294,,False,,0.0,4.318,4.622613e-07,0.4622613,0.0,4.261,1.054174e-06,1.054174,0.0,4.164,7.809172e-06,7.809171999999999,0.3137254901960783,4.002,2.612294e-06,2.612294,0.0,3.977,1.578021e-06,1.578021,0.0,4.329,2.093748e-05,20.93748,0.0,3.995,1.505813e-07,0.1505813,0.0,4.294,9.39869e-07,0.939869
375,375,4.45200657e-05,44.5200657,0,1,39.52941176470588,,False,,0.0,4.318,1.743323e-07,0.1743323,0.0,4.261,1.011995e-05,10.11995,0.0,4.164,4.044603e-07,0.4044603,0.0,4.23,9.440374e-06,9.440374,0.3294117647058823,3.723,3.253688e-06,3.253688,0.0,4.329,1.917917e-07,0.1917917,0.0,3.995,2.006551e-05,20.06551,0.0,4.294,8.699594e-07,0.8699594
376,376,3.12835448e-05,31.2835448,0,1,35.76470588235294,,False,,0.0,4.318,1.006318e-06,1.006318,0.2980392156862745,4.045,1.493993e-05,14.93993,0.0,4.164,2.732083e-07,0.2732083,0.0,4.23,4.313341e-06,4.313341,0.0,3.977,2.676953e-06,2.676953,0.0,4.329,2.864555e-07,0.2864555,0.0,3.995,6.540694e-06,6.540694,0.0,4.294,1.246645e-06,1.246645
377,377,3.467379988e-05,34.67379988,0,1,36.70588235294117,,False,,0.0,4.318,1.446299e-07,0.1446299,0.0,4.261,1.502413e-06,1.502413,0.3058823529411764,3.923,1.846037e-05,18.46037,0.0,4.23,9.996551e-07,0.9996551,0.0,3.977,1.246074e-05,12.46074,0.0,4.329,7.421794e-08,0.07421794,0.0,3.995,1.890694e-08,0.01890694,0.0,4.294,1.012867e-06,1.012867
378,378,3.71683339e-05,37.1683339,0,1,39.52941176470588,,False,,0.0,4.318,4.637419e-07,0.4637419,0.0,4.261,1.067704e-06,1.067704,0.0,4.164,8.21405e-06,8.21405,0.3294117647058823,3.996,2.671215e-06,2.671215,0.0,3.977,1.656622e-06,1.6566219999999998,0.0,4.329,2.199105e-05,21.99105,0.0,3.995,1.651807e-07,0.1651806999999999,0.0,4.294,9.387703e-07,0.9387703
379,379,4.65386059e-05,46.5386059,0,1,41.41176470588235,,False,,0.0,4.318,1.989828e-07,0.1989828,0.0,4.261,1.081635e-05,10.81635,0.0,4.164,4.236367e-07,0.4236367,0.0,4.23,9.902936e-06,9.902936,0.3450980392156862,3.716,3.303262e-06,3.303262,0.0,4.329,2.097552e-07,0.2097552,0.0,3.995,2.081967e-05,20.81967,0.0,4.294,8.640132e-07,0.8640132
380,380,3.4587536999999995e-05,34.587537,0,1,36.70588235294117,,False,,0.0,4.318,1.088612e-06,1.088612,0.3058823529411764,4.033,1.679109e-05,16.791089999999997,0.0,4.164,2.892197e-07,0.2892197,0.0,4.23,4.8003e-06,4.8003,0.0,3.977,2.817618e-06,2.817618,0.0,4.329,3.054703e-07,0.3054703,0.0,3.995,7.235811e-06,7.235811,0.0,4.294,1.259416e-06,1.259416
381,381,3.503740192e-05,35.03740192,0,1,37.17647058823529,,False,,0.0,4.318,1.467991e-07,0.1467991,0.0,4.261,1.518747e-06,1.518747,0.3098039215686274,3.922,1.862662e-05,18.62662,0.0,4.23,1.000295e-06,1.0002950000000002,0.0,3.977,1.264131e-05,12.64131,0.0,4.329,7.496703e-08,0.07496703,0.0,3.995,1.848879e-08,0.01848879,0.0,4.294,1.010175e-06,1.010175
382,382,4.0730570700000005e-05,40.7305707,0,1,41.41176470588235,,False,,0.0,4.318,4.641585e-07,0.4641585,0.0,4.261,1.096779e-06,1.0967790000000002,0.0,4.164,9.061593e-06,9.061593,0.3450980392156862,3.984,2.812076e-06,2.812076,0.0,3.977,1.850334e-06,1.850334,0.0,4.329,2.430266e-05,24.30266,0.0,3.995,1.995533e-07,0.1995533,0.0,4.294,9.434169e-07,0.9434169
383,383,3.51040781e-05,35.104078099999995,0,1,37.17647058823529,,False,,0.0,4.318,1.094299e-06,1.094299,0.3098039215686274,4.031,1.703559e-05,17.03559,0.0,4.164,2.900452e-07,0.2900452,0.0,4.23,4.940768e-06,4.940768,0.0,3.977,2.844469e-06,2.844469,0.0,4.329,3.066699e-07,0.3066699,0.0,3.995,7.32463e-06,7.32463,0.0,4.294,1.267607e-06,1.267607
384,384,4.639339726e-05,46.39339726,0,1,43.764705882352935,,False,,0.0,4.318,9.315507e-07,0.9315507,0.0,4.261,7.503754e-06,7.503754,0.0,4.164,3.191193e-07,0.3191193,0.0,4.23,1.519738e-05,15.19738,0.3647058823529411,3.707,3.259692e-06,3.2596920000000003,0.0,4.329,7.034086e-08,0.07034086,0.0,3.995,1.823653e-05,18.23653,0.0,4.294,8.750304e-07,0.8750304000000001
385,385,6.891701805999999e-05,68.91701806,0,1,77.64705882352942,,False,,0.0,4.318,2.59332e-07,0.259332,0.0,4.261,3.338157e-06,3.338157,0.6470588235294118,3.821,3.396585e-05,33.96585,0.0,4.23,9.820491e-07,0.9820491,0.0,3.977,2.925974e-05,29.25974,0.0,4.329,6.131612e-08,0.06131612,0.0,3.995,4.150784e-08,0.04150784,0.0,4.294,1.009066e-06,1.009066
386,386,4.27716406e-05,42.7716406,0,1,43.764705882352935,,False,,0.0,4.318,4.676978e-07,0.4676978,0.0,4.261,1.113503e-06,1.113503,0.0,4.164,9.561642e-06,9.561642,0.3647058823529411,3.977,2.882411e-06,2.882411,0.0,3.977,1.952305e-06,1.952305,0.0,4.329,2.562973e-05,25.62973,0.0,3.995,2.207133e-07,0.2207133,0.0,4.294,9.436385e-07,0.9436385
387,387,9.48964497e-05,94.8964497,0,1,89.41176470588236,,False,,0.0,4.318,9.830909e-07,0.9830909,0.0,4.261,2.668161e-05,26.68161,0.0,4.164,8.909638e-07,0.8909638,0.0,4.23,2.058345e-05,20.58345,0.7450980392156864,3.578,4.070745e-06,4.070745,0.0,4.329,6.654099e-07,0.6654099,0.0,3.995,4.012556e-05,40.12556,0.0,4.294,8.956201e-07,0.8956201
388,388,6.876369309999999e-05,68.7636931,0,1,77.64705882352942,,False,,0.0,4.318,1.851346e-06,1.851346,0.6470588235294118,3.93,3.536588e-05,35.36588,0.0,4.164,4.407937e-07,0.4407937,0.0,4.23,1.045672e-05,10.45672,0.0,3.977,4.449413e-06,4.449413,0.0,4.329,4.659504e-07,0.4659504,0.0,3.995,1.434668e-05,14.34668,0.0,4.294,1.38691e-06,1.38691
389,389,5.988190347e-05,59.88190347,0,1,66.8235294117647,,False,,0.0,4.318,2.223305e-07,0.2223305,0.0,4.261,2.84161e-06,2.84161,0.5568627450980391,3.845,2.998067e-05,29.98067,0.0,4.23,9.892128e-07,0.9892128,0.0,3.977,2.474175e-05,24.74175,0.0,4.329,6.383333e-08,0.06383333,0.0,3.995,2.844384e-08,0.0284438399999999,0.0,4.294,1.014053e-06,1.014053
390,390,8.28672398e-05,82.8672398,0,1,89.41176470588236,,False,,0.0,4.318,4.753263e-07,0.4753263,0.0,4.261,1.371978e-06,1.371978,0.0,4.164,1.916093e-05,19.16093,0.7450980392156864,3.863,4.236286e-06,4.236286,0.0,3.977,4.619136e-06,4.619135999999999,0.0,4.329,5.130341e-05,51.30341,0.0,3.995,7.314445e-07,0.7314444999999999,0.0,4.294,9.68729e-07,0.968729
391,391,5.83887166e-05,58.3887166,0,1,53.17647058823528,,False,,0.0,4.318,3.617057e-07,0.3617057,0.0,4.261,1.463202e-05,14.63202,0.0,4.164,5.374245e-07,0.5374245,0.0,4.23,1.24819e-05,12.4819,0.4431372549019607,3.679,3.508163e-06,3.508163,0.0,4.329,3.113745e-07,0.3113745,0.0,3.995,2.568379e-05,25.68379,0.0,4.294,8.723389e-07,0.8723388999999999
392,392,6.1461961e-05,61.461961,0,1,66.8235294117647,,False,,0.0,4.318,1.685819e-06,1.685819,0.5568627450980391,3.95,3.140985e-05,31.40985,0.0,4.164,4.082536e-07,0.4082536,0.0,4.23,9.238402e-06,9.238402,0.0,3.977,4.079001e-06,4.079001,0.0,4.329,4.338464e-07,0.4338464,0.0,3.995,1.284454e-05,12.84454,0.0,4.294,1.362249e-06,1.3622489999999998
393,393,2.578694979e-05,25.78694979,0,1,28.23529411764705,,False,,0.0,4.318,1.377064e-07,0.1377064,0.0,4.261,1.045984e-06,1.045984,0.2352941176470588,3.957,1.418811e-05,14.18811,0.0,4.23,1.00667e-06,1.00667,0.0,3.977,8.282213e-06,8.282213,0.0,4.329,7.68035e-08,0.0768035,0.0,3.995,3.220389e-08,0.03220389,0.0,4.294,1.017259e-06,1.017259
394,394,5.144660750000001e-05,51.446607500000006,0,1,53.17647058823528,,False,,0.0,4.318,4.687992e-07,0.4687992,0.0,4.261,1.172819e-06,1.1728189999999998,0.0,4.164,1.165813e-05,11.65813,0.4431372549019607,3.95,3.192401e-06,3.192401,0.0,3.977,2.470924e-06,2.470924,0.0,4.329,3.122484e-05,31.224840000000004,0.0,3.995,3.154293e-07,0.3154293,0.0,4.294,9.43265e-07,0.943265
395,395,3.96083478e-05,39.6083478,0,2,34.8235294117647,,False,,0.0,4.318,1.240218e-07,0.1240218,0.0,4.261,8.735741e-06,8.735741,0.0,4.164,3.601731e-07,0.3601731,0.0,4.23,8.323444e-06,8.323443999999999,0.2901960784313725,3.74,3.186783e-06,3.186783,0.0,4.329,1.552627e-07,0.1552627,0.0,3.995,1.78505e-05,17.8505,0.0,4.294,8.724222e-07,0.8724221999999999
396,396,2.45405657e-05,24.5405657,0,1,28.23529411764705,,False,,0.0,4.318,8.478229e-07,0.8478229,0.2352941176470588,4.072,1.116224e-05,11.16224,0.0,4.164,2.371601e-07,0.2371601,0.0,4.23,3.308591e-06,3.308591,0.0,3.977,2.391337e-06,2.391337,0.0,4.329,2.513687e-07,0.2513687,0.0,3.995,5.118747e-06,5.118747,0.0,4.294,1.223299e-06,1.223299
397,397,3.49545696e-05,34.9545696,0,1,34.8235294117647,,False,,0.0,4.318,4.636707e-07,0.4636707,0.0,4.261,1.048824e-06,1.048824,0.0,4.164,7.67368e-06,7.673679999999999,0.2901960784313725,4.004,2.596558e-06,2.596558,0.0,3.977,1.555107e-06,1.555107,0.0,4.329,2.052757e-05,20.52757,0.0,3.995,1.473212e-07,0.1473212,0.0,4.294,9.418387e-07,0.9418387
398,398,4.00740141e-05,40.0740141,0,1,35.294117647058805,,False,,0.0,4.318,1.294158e-07,0.1294158,0.0,4.261,8.902049e-06,8.902049,0.0,4.164,3.636611e-07,0.3636610999999999,0.0,4.23,8.425692e-06,8.425692,0.2941176470588234,3.738,3.194292e-06,3.194292,0.0,4.329,1.594283e-07,0.1594283,0.0,3.995,1.802917e-05,18.02917,0.0,4.294,8.703059e-07,0.8703059
399,399,3.27016481e-05,32.7016481,0,1,35.294117647058805,,False,,0.0,4.318,4.663907e-07,0.4663907,0.0,4.261,1.033568e-06,1.0335679999999998,0.0,4.164,7.125835e-06,7.125835,0.2941176470588234,4.012,2.497527e-06,2.497527,0.0,3.977,1.431894e-06,1.431894,0.0,4.329,1.90753e-05,19.0753,0.0,3.995,1.271697e-07,0.1271697,0.0,4.294,9.439637e-07,0.9439637
400,400,7.086641820999999e-05,70.86641820999999,0,1,79.52941176470587,,False,,0.0,4.318,2.753104e-07,0.2753104,0.0,4.261,3.456223e-06,3.456223,0.6627450980392156,3.816,3.473935e-05,34.739349999999995,0.0,4.23,9.820241e-07,0.9820241,0.0,3.977,3.02972e-05,30.2972,0.0,4.329,6.245781e-08,0.06245781,0.0,3.995,4.47299e-08,0.0447298999999999,0.0,4.294,1.009123e-06,1.009123
401,401,7.23146321e-05,72.31463210000001,0,1,79.52941176470587,,False,,0.0,4.318,1.939846e-06,1.939846,0.6627450980392156,3.921,3.734377e-05,37.34377,0.0,4.164,4.584223e-07,0.4584222999999999,0.0,4.23,1.101913e-05,11.01913,0.0,3.977,4.634903e-06,4.634903,0.0,4.329,4.828358e-07,0.4828358,0.0,3.995,1.503954e-05,15.03954,0.0,4.294,1.396185e-06,1.396185
402,402,0.0001219268863999,121.9268864,0,1,115.76470588235294,,False,,0.0,4.318,1.523344e-06,1.523344,0.0,4.261,3.581947e-05,35.81947,0.0,4.164,1.154754e-06,1.1547539999999998,0.0,4.23,2.649785e-05,26.49785,0.9647058823529412,3.512,4.424451e-06,4.424451,0.0,4.329,9.516388e-07,0.9516388,0.0,3.995,5.062675e-05,50.62675,0.0,4.294,9.286286e-07,0.9286286
403,403,5.135185387e-05,51.35185387,0,1,56.94117647058823,,False,,0.0,4.318,1.905962e-07,0.1905962,0.0,4.261,2.37426e-06,2.37426,0.4745098039215686,3.87,2.617465e-05,26.17465,0.0,4.23,9.987355e-07,0.9987355,0.0,3.977,2.05111e-05,20.511100000000003,0.0,4.329,6.834794e-08,0.06834794,0.0,3.995,1.968723e-08,0.01968723,0.0,4.294,1.014477e-06,1.014477
404,404,0.0001061309386999,106.1309387,0,1,115.76470588235294,,False,,0.0,4.318,4.853327e-07,0.4853326999999999,0.0,4.261,1.498055e-06,1.498055,0.0,4.164,2.456686e-05,24.56686,0.9647058823529412,3.805,4.968369e-06,4.968369,0.0,3.977,6.396953e-06,6.396953,0.0,4.329,6.610953e-05,66.10952999999999,0.0,3.995,1.100232e-06,1.100232,0.0,4.294,1.005607e-06,1.005607
405,405,5.29863218e-05,52.9863218,0,1,56.94117647058823,,False,,0.0,4.318,1.488693e-06,1.488693,0.4745098039215686,3.974,2.673826e-05,26.73826,0.0,4.164,3.727937e-07,0.3727937,0.0,4.23,7.874507e-06,7.874506999999999,0.0,3.977,3.679076e-06,3.679076,0.0,4.329,3.945131e-07,0.3945131,0.0,3.995,1.109952e-05,11.09952,0.0,4.294,1.338959e-06,1.338959
406,406,1.3482719949999998e-05,13.48271995,0,1,12.705882352941169,,False,,0.0,4.318,1.695187e-07,0.1695187,0.0,4.261,5.006057e-07,0.5006057,0.1058823529411764,4.018,7.700956e-06,7.700956,0.0,4.23,9.997759e-07,0.9997759,0.0,3.977,2.932044e-06,2.932044,0.0,4.329,8.37444e-08,0.0837444,0.0,3.995,8.142025e-08,0.08142025,0.0,4.294,1.014655e-06,1.014655
407,407,1.2571212599999998e-05,12.5712126,0,1,12.705882352941169,,False,,0.0,4.318,5.811941e-07,0.5811941,0.1058823529411764,4.134,4.57036e-06,4.57036,0.0,4.164,1.788314e-07,0.1788314,0.0,4.23,1.496335e-06,1.4963350000000002,0.0,3.977,1.971685e-06,1.971685,0.0,4.329,1.798481e-07,0.1798481,0.0,3.995,2.444312e-06,2.444312,0.0,4.294,1.148647e-06,1.148647
408,408,0.0001075421218,107.5421218,0,1,101.17647058823528,,False,,0.0,4.318,1.22757e-06,1.2275699999999998,0.0,4.261,3.091902e-05,30.91902,0.0,4.164,1.012062e-06,1.012062,0.0,4.23,2.335201e-05,23.35201,0.8431372549019607,3.547,4.230049e-06,4.230049,0.0,4.329,7.953876e-07,0.7953876,0.0,3.995,4.509349e-05,45.09349,0.0,4.294,9.125332e-07,0.9125332
409,409,9.50909565e-05,95.0909565,0,1,101.17647058823528,,False,,0.0,4.318,4.790317e-07,0.4790317,0.0,4.261,1.437504e-06,1.437504,0.0,4.164,2.208904e-05,22.08904,0.8431372549019607,3.833,4.626052e-06,4.626052,0.0,3.977,5.549343e-06,5.549343,0.0,4.329,5.901829e-05,59.01829,0.0,3.995,9.13121e-07,0.913121,0.0,4.294,9.785748e-07,0.9785748
410,410,0.0001120860589,112.0860589,0,1,105.88235294117646,,False,,0.0,4.318,1.315255e-06,1.315255,0.0,4.261,3.230165e-05,32.30165,0.0,4.164,1.071024e-06,1.071024,0.0,4.23,2.44333e-05,24.4333,0.8823529411764706,3.536,4.273989e-06,4.273989,0.0,4.329,8.419967e-07,0.8419967,0.0,3.995,4.693277e-05,46.93277,0.0,4.294,9.160742e-07,0.9160742
411,411,9.76240381e-05,97.6240381,0,1,105.88235294117646,,False,,0.0,4.318,4.860273e-07,0.4860273,0.0,4.261,1.453476e-06,1.453476,0.0,4.164,2.26487e-05,22.6487,0.8823529411764706,3.826,4.705475e-06,4.705475,0.0,3.977,5.727498e-06,5.727498,0.0,4.329,6.065001e-05,60.65001,0.0,3.995,9.589147e-07,0.9589147,0.0,4.294,9.939371e-07,0.9939371
412,412,2.2147428547e-05,22.147428547,0,1,18.823529411764707,,False,,0.0,4.318,2.606247e-09,0.002606247,0.0,4.261,3.584595e-06,3.584595,0.0,4.164,2.042133e-07,0.2042133,0.0,4.23,4.456096e-06,4.4560960000000005,0.1568627450980392,3.811,2.833236e-06,2.833236,0.0,4.329,3.88602e-08,0.0388602,0.0,3.995,1.013679e-05,10.13679,0.0,4.294,8.910318e-07,0.8910317999999999
413,413,1.9247478e-05,19.247478,0,1,18.823529411764707,,False,,0.0,4.318,4.650674e-07,0.4650674,0.0,4.261,9.042e-07,0.9042,0.0,4.164,3.798358e-06,3.798358,0.1568627450980392,4.07,1.94566e-06,1.94566,0.0,3.977,9.448622e-07,0.9448622,0.0,4.329,1.018753e-05,10.18753,0.0,3.995,5.1201e-08,0.051201,0.0,4.294,9.505994e-07,0.9505994
414,414,4.253442487000001e-05,42.53442487,0,1,46.58823529411764,,False,,0.0,4.318,1.646668e-07,0.1646668,0.0,4.261,1.904114e-06,1.904114,0.388235294117647,3.897,2.215008e-05,22.15008,0.0,4.23,1.005026e-06,1.005026,0.0,3.977,1.620335e-05,16.20335,0.0,4.329,7.212507e-08,0.07212507,0.0,3.995,1.6731e-08,0.016731,0.0,4.294,1.018332e-06,1.018332
415,415,7.920769970000001e-05,79.2076997,0,1,73.41176470588235,,False,,0.0,4.318,6.930256e-07,0.6930256,0.0,4.261,2.141196e-05,21.41196,0.0,4.164,7.358655e-07,0.7358655000000001,0.0,4.23,1.704325e-05,17.04325,0.6117647058823529,3.62,3.842345e-06,3.842345,0.0,4.329,5.079336e-07,0.5079336,0.0,3.995,3.408936e-05,34.089360000000006,0.0,4.294,8.8396e-07,0.88396
416,416,4.26003104e-05,42.6003104,0,1,46.58823529411764,,False,,0.0,4.318,1.256377e-06,1.256377,0.388235294117647,4.006,2.103372e-05,21.03372,0.0,4.164,3.245417e-07,0.3245417,0.0,4.23,6.178683e-06,6.178683,0.0,3.977,3.189029e-06,3.189029,0.0,4.329,3.470507e-07,0.3470507,0.0,3.995,8.965408e-06,8.965408,0.0,4.294,1.305501e-06,1.305501
417,417,6.891697489999999e-05,68.9169749,0,1,73.41176470588235,,False,,0.0,4.318,4.752802e-07,0.4752802,0.0,4.261,1.290113e-06,1.290113,0.0,4.164,1.586533e-05,15.86533,0.6117647058823529,3.9,3.782173e-06,3.782173,0.0,3.977,3.611907e-06,3.611907,0.0,4.329,4.240188e-05,42.40188,0.0,3.995,5.346541e-07,0.5346541,0.0,4.294,9.556376e-07,0.9556376
418,418,2.5642075660000003e-05,25.64207566,0,1,21.176470588235293,,False,,0.0,4.318,1.451151e-08,0.01451151,0.0,4.261,4.564651e-06,4.564651,0.0,4.164,2.339877e-07,0.2339877,0.0,4.23,5.242011e-06,5.242011,0.1764705882352941,3.795,2.904248e-06,2.904248,0.0,4.329,5.771185e-08,0.05771185,0.0,3.995,1.174343e-05,11.74343,0.0,4.294,8.815246e-07,0.8815246
419,419,2.104738701e-05,21.04738701,0,1,21.176470588235293,,False,,0.0,4.318,4.616798e-07,0.4616798,0.0,4.261,9.233896e-07,0.9233896,0.0,4.164,4.25176e-06,4.25176,0.1764705882352941,4.061,2.030924e-06,2.030924,0.0,3.977,1.000352e-06,1.000352,0.0,4.329,1.137506e-05,11.37506,0.0,3.995,5.708411e-08,0.05708411,0.0,4.294,9.471375e-07,0.9471375
420,420,1.108346396e-05,11.08346396,0,1,13.647058823529408,,False,,0.0,4.318,1.871626e-07,0.1871625999999999,0.0,4.261,4.103114e-07,0.4103114,0.1137254901960784,4.034,6.30451e-06,6.3045100000000005,0.0,4.23,9.999621e-07,0.9999621,0.0,3.977,1.980717e-06,1.9807170000000005,0.0,4.329,8.452766e-08,0.08452766,0.0,3.995,1.021762e-07,0.1021762,0.0,4.294,1.014097e-06,1.014097
421,421,1.49903223e-05,14.9903223,0,1,13.647058823529408,,False,,0.0,4.318,6.34315e-07,0.634315,0.1137254901960784,4.119,5.906371e-06,5.906371,0.0,4.164,1.892092e-07,0.1892092,0.0,4.23,1.85121e-06,1.85121,0.0,3.977,2.043223e-06,2.043223,0.0,4.329,1.957881e-07,0.1957881,0.0,3.995,3.001111e-06,3.001111,0.0,4.294,1.169095e-06,1.169095
422,422,1.34935553e-05,13.4935553,0,1,14.117647058823527,,False,,0.0,4.318,1.702936e-07,0.1702936,0.0,4.261,4.991899e-07,0.4991899,0.1176470588235294,4.018,7.715041e-06,7.715041,0.0,4.23,1.002553e-06,1.0025529999999998,0.0,3.977,2.929714e-06,2.929714,0.0,4.329,8.29008e-08,0.0829008,0.0,3.995,8.2237e-08,0.0822369999999999,0.0,4.294,1.011626e-06,1.011626
423,423,1.27330692e-05,12.7330692,0,1,14.117647058823527,,False,,0.0,4.318,5.859642e-07,0.5859642,0.1176470588235294,4.133,4.663739e-06,4.663739,0.0,4.164,1.786372e-07,0.1786372,0.0,4.23,1.517525e-06,1.517525,0.0,3.977,1.974769e-06,1.974769,0.0,4.329,1.818918e-07,0.1818918,0.0,3.995,2.483434e-06,2.483434,0.0,4.294,1.147109e-06,1.147109
424,424,5.450893989e-05,54.50893988999999,0,1,60.23529411764704,,False,,0.0,4.318,2.033789e-07,0.2033789,0.0,4.261,2.546991e-06,2.546991,0.5019607843137254,3.861,2.760199e-05,27.60199,0.0,4.23,9.995142e-07,0.9995142,0.0,3.977,2.205254e-05,22.05254,0.0,4.329,6.742292e-08,0.06742292,0.0,3.995,2.269587e-08,0.02269587,0.0,4.294,1.014407e-06,1.014407
425,425,5.576339299999999e-05,55.763393,0,1,60.23529411764704,,False,,0.0,4.318,1.553153e-06,1.553153,0.5019607843137254,3.966,2.824365e-05,28.24365,0.0,4.164,3.834405e-07,0.3834405,0.0,4.23,8.343178e-06,8.343178,0.0,3.977,3.804284e-06,3.804284,0.0,4.329,4.089015e-07,0.4089015,0.0,3.995,1.167996e-05,11.67996,0.0,4.294,1.346826e-06,1.346826
426,426,0.0001076430962599,107.64309626,0,1,119.05882352941175,,False,,0.0,4.318,4.999753e-07,0.4999752999999999,0.0,4.261,5.586478e-06,5.586478,0.992156862745098,3.728,5.033251e-05,50.33251,0.0,4.23,9.418521e-07,0.9418521,0.0,3.977,4.910364e-05,49.10364,0.0,4.329,4.853396e-08,0.0485339599999999,0.0,3.995,1.345127e-07,0.1345127,0.0,4.294,9.955942e-07,0.9955942
427,427,0.0001079773712,107.9773712,0,1,119.05882352941175,,False,,0.0,4.318,2.74716e-06,2.74716,0.992156862745098,3.835,5.672914e-05,56.72914,0.0,4.164,6.108622e-07,0.6108622,0.0,4.23,1.709004e-05,17.09004,0.0,3.977,6.467922e-06,6.467922,0.0,4.329,6.41383e-07,0.6413829999999999,0.0,3.995,2.220536e-05,22.20536,0.0,4.294,1.485504e-06,1.485504
428,428,5.29377874e-05,52.9377874,0,1,47.52941176470587,,False,,0.0,4.318,2.824375e-07,0.2824375,0.0,4.261,1.284396e-05,12.84396,0.0,4.164,4.837931e-07,0.4837931,0.0,4.23,1.125301e-05,11.25301,0.3960784313725489,3.696,3.404213e-06,3.404213,0.0,4.329,2.612865e-07,0.2612865,0.0,3.995,2.353672e-05,23.53672,0.0,4.294,8.723673e-07,0.8723673
429,429,4.66361845e-05,46.6361845,0,1,47.52941176470587,,False,,0.0,4.318,4.680385e-07,0.4680385,0.0,4.261,1.141989e-06,1.141989,0.0,4.164,1.053149e-05,10.53149,0.3960784313725489,3.965,3.025312e-06,3.025312,0.0,3.977,2.184503e-06,2.184503,0.0,4.329,2.808277e-05,28.08277,0.0,3.995,2.601173e-07,0.2601173,0.0,4.294,9.419647e-07,0.9419647
430,430,7.208851721e-05,72.08851720999999,0,1,80.0,,False,,0.0,4.318,2.797258e-07,0.2797257999999999,0.0,4.261,3.528367e-06,3.5283670000000003,0.6666666666666666,3.813,3.532174e-05,35.32174,0.0,4.23,9.821133e-07,0.9821133,0.0,3.977,3.086118e-05,30.86118,0.0,4.329,6.069335e-08,0.06069335,0.0,3.995,4.717376e-08,0.04717376,0.0,4.294,1.007524e-06,1.007524
431,431,7.186868699999999e-05,71.868687,0,1,80.0,,False,,0.0,4.318,1.922925e-06,1.922925,0.6666666666666666,3.922,3.702348e-05,37.02348,0.0,4.164,4.564432e-07,0.4564432,0.0,4.23,1.102419e-05,11.02419,0.0,3.977,4.597651e-06,4.597651,0.0,4.329,4.835598e-07,0.4835598,0.0,3.995,1.496398e-05,14.96398,0.0,4.294,1.396458e-06,1.396458
432,432,0.0001236442756,123.6442756,0,1,117.1764705882353,,False,,0.0,4.318,1.556018e-06,1.556018,0.0,4.261,3.632754e-05,36.32754,0.0,4.164,1.173303e-06,1.173303,0.0,4.23,2.692697e-05,26.92697,0.9764705882352942,3.508,4.441111e-06,4.441110999999999,0.0,4.329,9.691155e-07,0.9691155,0.0,3.995,5.131949e-05,51.31949,0.0,4.294,9.307281e-07,0.9307281
433,433,0.0001079935059,107.9935059,0,1,117.1764705882353,,False,,0.0,4.318,4.826479e-07,0.4826478999999999,0.0,4.261,1.501654e-06,1.501654,0.0,4.164,2.512329e-05,25.12329,0.9764705882352942,3.801,5.031925e-06,5.031925,0.0,3.977,6.58922e-06,6.58922,0.0,4.329,6.713841e-05,67.13841,0.0,3.995,1.12583e-06,1.12583,0.0,4.294,1.000529e-06,1.000529
434,434,7.237056393e-05,72.37056393,0,1,80.47058823529409,,False,,0.0,4.318,2.790594e-07,0.2790594,0.0,4.261,3.545626e-06,3.545626,0.6705882352941174,3.812,3.543654e-05,35.43654,0.0,4.23,9.805253e-07,0.9805253,0.0,3.977,3.101281e-05,31.01281,0.0,4.329,6.079266e-08,0.06079266,0.0,3.995,4.773557e-08,0.04773557,0.0,4.294,1.007475e-06,1.007475
435,435,6.08892927e-05,60.8892927,0,1,55.05882352941175,,False,,0.0,4.318,3.961237e-07,0.3961237,0.0,4.261,1.539604e-05,15.39604,0.0,4.164,5.614813e-07,0.5614813,0.0,4.23,1.301082e-05,13.01082,0.4588235294117646,3.672,3.546465e-06,3.546465,0.0,4.329,3.335912e-07,0.3335912,0.0,3.995,2.677342e-05,26.77342,0.0,4.294,8.713515e-07,0.8713515
436,436,7.262400789999999e-05,72.62400790000001,0,1,80.47058823529409,,False,,0.0,4.318,1.941014e-06,1.941014,0.6705882352941174,3.92,3.75013e-05,37.5013,0.0,4.164,4.600733e-07,0.4600733,0.0,4.23,1.108836e-05,11.08836,0.0,3.977,4.638654e-06,4.638654,0.0,4.329,4.833046e-07,0.4833046,0.0,3.995,1.51147e-05,15.1147,0.0,4.294,1.396602e-06,1.396602
437,437,5.32023884e-05,53.2023884,0,1,55.05882352941175,,False,,0.0,4.318,4.728632e-07,0.4728632,0.0,4.261,1.191632e-06,1.191632,0.0,4.164,1.209581e-05,12.09581,0.4588235294117646,3.944,3.254286e-06,3.254286,0.0,3.977,2.571561e-06,2.571561,0.0,4.329,3.232828e-05,32.32828,0.0,3.995,3.362325e-07,0.3362325,0.0,4.294,9.517237e-07,0.9517237
438,438,1.627570802e-05,16.27570802,0,1,15.058823529411754,,False,,0.0,4.318,1.585359e-07,0.1585358999999999,0.0,4.261,6.151122e-07,0.6151122,0.1254901960784313,4.002,9.246133e-06,9.246133,0.0,4.23,1.005538e-06,1.005538,0.0,3.977,4.090192e-06,4.090192,0.0,4.329,8.187578e-08,0.08187578,0.0,3.995,6.519414e-08,0.06519414,0.0,4.294,1.013127e-06,1.013127
439,439,1.6425139899999997e-05,16.4251399,0,1,15.058823529411754,,False,,0.0,4.318,6.672495e-07,0.6672495,0.1254901960784313,4.111,6.695463e-06,6.695463,0.0,4.164,1.977718e-07,0.1977718,0.0,4.23,2.062699e-06,2.062699,0.0,3.977,2.088683e-06,2.088683,0.0,4.329,2.055966e-07,0.2055966,0.0,3.995,3.330314e-06,3.330314,0.0,4.294,1.177363e-06,1.177363
440,440,8.644498422e-05,86.44498422000001,0,1,94.58823529411764,,False,,0.0,4.318,3.667998e-07,0.3667998,0.0,4.261,4.345087e-06,4.345087,0.788235294117647,3.778,4.145348e-05,41.45348,0.0,4.23,9.661272e-07,0.9661272,0.0,3.977,3.81733e-05,38.173300000000005,0.0,4.329,5.669392e-08,0.05669392,0.0,3.995,7.65953e-08,0.0765952999999999,0.0,4.294,1.006901e-06,1.006901
441,441,8.28770146e-05,82.8770146,0,1,94.58823529411764,,False,,0.0,4.318,2.177289e-06,2.177289,0.788235294117647,3.894,4.309089e-05,43.09089,0.0,4.164,5.053473e-07,0.5053473,0.0,4.23,1.280439e-05,12.80439,0.0,3.977,5.157474e-06,5.157474,0.0,4.329,5.294123e-07,0.5294123000000001,0.0,3.995,1.718661e-05,17.186609999999998,0.0,4.294,1.425602e-06,1.425602
442,442,0.0001157735648,115.7735648,0,1,111.52941176470588,,False,,0.0,4.318,1.395586e-06,1.395586,0.0,4.261,3.366134e-05,33.66134,0.0,4.164,1.105136e-06,1.105136,0.0,4.23,2.524384e-05,25.24384,0.9294117647058824,3.527,4.322618e-06,4.322618,0.0,4.329,8.842796e-07,0.8842795999999999,0.0,3.995,4.823998e-05,48.23998,0.0,4.294,9.207852e-07,0.9207852
443,443,0.0001026143257999,102.6143258,0,1,111.52941176470588,,False,,0.0,4.318,4.810731e-07,0.4810731,0.0,4.261,1.480669e-06,1.480669,0.0,4.164,2.386906e-05,23.86906,0.9294117647058824,3.814,4.868357e-06,4.868357,0.0,3.977,6.133293e-06,6.133293,0.0,4.329,6.374997e-05,63.749970000000005,0.0,3.995,1.039395e-06,1.039395,0.0,4.294,9.925087e-07,0.9925087
444,444,4.363735900000001e-05,43.637359,0,1,38.11764705882352,,False,,0.0,4.318,1.676331e-07,0.1676331,0.0,4.261,9.993174e-06,9.993174,0.0,4.164,3.966479e-07,0.3966479,0.0,4.23,9.203515e-06,9.203515,0.3176470588235293,3.726,3.261294e-06,3.261294,0.0,4.329,1.870305e-07,0.1870305,0.0,3.995,1.955572e-05,19.55572,0.0,4.294,8.723445e-07,0.8723445
445,445,3.65331112e-05,36.5331112,0,1,38.11764705882352,,False,,0.0,4.318,4.729005e-07,0.4729005,0.0,4.261,1.066732e-06,1.066732,0.0,4.164,8.038847e-06,8.038847,0.3176470588235293,3.998,2.646114e-06,2.646114,0.0,3.977,1.610067e-06,1.610067,0.0,4.329,2.159348e-05,21.59348,0.0,3.995,1.602156e-07,0.1602155999999999,0.0,4.294,9.447551e-07,0.9447551
446,446,4.12039702e-05,41.2039702,0,1,36.23529411764705,,False,,0.0,4.318,1.408319e-07,0.1408319,0.0,4.261,9.298455e-06,9.298455,0.0,4.164,3.75737e-07,0.375737,0.0,4.23,8.665086e-06,8.665085999999999,0.3019607843137254,3.734,3.224499e-06,3.224499,0.0,4.329,1.686885e-07,0.1686885,0.0,3.995,1.845851e-05,18.45851,0.0,4.294,8.721628e-07,0.8721628
447,447,3.44619871e-05,34.4619871,0,1,36.23529411764705,,False,,0.0,4.318,4.67791e-07,0.467791,0.0,4.261,1.049041e-06,1.049041,0.0,4.164,7.537598e-06,7.537598,0.3019607843137254,4.006,2.57241e-06,2.57241,0.0,3.977,1.51935e-06,1.51935,0.0,4.329,2.022942e-05,20.22942,0.0,3.995,1.428225e-07,0.1428225,0.0,4.294,9.435546e-07,0.9435546
448,448,3.2495196070000005e-05,32.495196070000006,0,1,37.6470588235294,,False,,0.0,4.318,1.431822e-07,0.1431822,0.0,4.261,1.382394e-06,1.382394,0.3137254901960783,3.931,1.744172e-05,17.44172,0.0,4.23,1.008323e-06,1.008323,0.0,3.977,1.140554e-05,11.40554,0.0,4.329,7.506039e-08,0.0750603899999999,0.0,3.995,2.163948e-08,0.02163948,0.0,4.294,1.017337e-06,1.017337
449,449,3.26973857e-05,32.6973857,0,1,37.6470588235294,,False,,0.0,4.318,1.030781e-06,1.030781,0.3137254901960783,4.04,1.561225e-05,15.61225,0.0,4.164,2.783526e-07,0.2783526,0.0,4.23,4.597986e-06,4.597986,0.0,3.977,2.73681e-06,2.73681,0.0,4.329,2.949061e-07,0.2949061,0.0,3.995,6.887375e-06,6.8873750000000005,0.0,4.294,1.258925e-06,1.258925
450,450,3.45514984e-05,34.5514984,0,1,39.52941176470588,,False,,0.0,4.318,1.47235e-07,0.147235,0.0,4.261,1.490516e-06,1.490516,0.3294117647058823,3.924,1.84146e-05,18.4146,0.0,4.23,1.005536e-06,1.005536,0.0,3.977,1.238502e-05,12.38502,0.0,4.329,7.399018e-08,0.0739901799999999,0.0,3.995,1.948422e-08,0.01948422,0.0,4.294,1.015117e-06,1.015117
451,451,3.678276089999999e-05,36.7827609,0,1,39.52941176470588,,False,sample451_input_voltage_fixed,0.0,4.318,1.114715e-06,1.114715,0.3294117647058823,4.026,1.771165e-05,17.71165,0.0,4.164,3.565499e-07,0.3565499,0.0,4.23,5.314022e-06,5.314022,0.0,3.977,2.929818e-06,2.929818,0.0,4.329,3.0219e-07,0.3021899999999999,0.0,3.995,7.769263e-06,7.769263,0.0,4.294,1.284553e-06,1.2845529999999998
452,452,3.555220154e-05,35.55220154,0,1,41.41176470588235,,False,,0.0,4.318,1.477178e-07,0.1477177999999999,0.0,4.261,1.540951e-06,1.5409510000000002,0.3450980392156862,3.92,1.889234e-05,18.89234,0.0,4.23,1.004967e-06,1.0049670000000002,0.0,3.977,1.285873e-05,12.85873,0.0,4.329,7.319411e-08,0.07319411,0.0,3.995,1.856563e-08,0.01856563,0.0,4.294,1.015736e-06,1.015736
453,453,5.35035876e-05,53.5035876,0,1,48.0,,False,,0.0,4.318,2.942824e-07,0.2942824,0.0,4.261,1.311666e-05,13.11666,0.0,4.164,4.902221e-07,0.4902221,0.0,4.23,1.138627e-05,11.38627,0.4,3.694,3.424118e-06,3.424118,0.0,4.329,2.695946e-07,0.2695945999999999,0.0,3.995,2.365458e-05,23.65458,0.0,4.294,8.678605e-07,0.8678604999999999
454,454,3.74455101e-05,37.4455101,0,1,41.41176470588235,,False,,0.0,4.318,1.138445e-06,1.138445,0.3450980392156862,4.023,1.827547e-05,18.27547,0.0,4.164,3.029382e-07,0.3029382,0.0,4.23,5.301963e-06,5.301963,0.0,3.977,2.939039e-06,2.939039,0.0,4.329,3.201989e-07,0.3201989,0.0,3.995,7.888961e-06,7.888961,0.0,4.294,1.278495e-06,1.278495
455,455,4.7033290600000005e-05,47.0332906,0,1,48.0,,False,,0.0,4.318,4.711934e-07,0.4711934,0.0,4.261,1.141944e-06,1.141944,0.0,4.164,1.061131e-05,10.61131,0.4,3.963,3.032123e-06,3.0321230000000003,0.0,3.977,2.185141e-06,2.185141,0.0,4.329,2.838194e-05,28.38194,0.0,3.995,2.651221e-07,0.2651220999999999,0.0,4.294,9.445171e-07,0.9445171
456,456,4.121858567e-05,41.21858567,0,1,43.764705882352935,,False,,0.0,4.318,1.586342e-07,0.1586342,0.0,4.261,1.833919e-06,1.833919,0.3647058823529411,3.901,2.156591e-05,21.56591,0.0,4.23,1.000296e-06,1.000296,0.0,3.977,1.556062e-05,15.56062,0.0,4.329,7.161974e-08,0.07161974,0.0,3.995,1.633173e-08,0.01633173,0.0,4.294,1.011255e-06,1.011255
457,457,3.8595543e-05,38.59554299999999,0,1,43.764705882352935,,False,,0.0,4.318,1.166631e-06,1.166631,0.3647058823529411,4.019,1.892719e-05,18.92719,0.0,4.164,3.06963e-07,0.306963,0.0,4.23,5.469896e-06,5.469895999999999,0.0,3.977,2.999995e-06,2.999995,0.0,4.329,3.24315e-07,0.324315,0.0,3.995,8.120534e-06,8.120534,0.0,4.294,1.280019e-06,1.280019
458,458,8.133605421000001e-05,81.33605421,0,1,89.41176470588236,,False,,0.0,4.318,3.323113e-07,0.3323113,0.0,4.261,4.043986e-06,4.043985999999999,0.7450980392156864,3.79,3.928334e-05,39.28334,0.0,4.23,9.711989e-07,0.9711989,0.0,3.977,3.557757e-05,35.57757,0.0,4.329,5.710664e-08,0.05710664,0.0,3.995,6.556637e-08,0.06556637,0.0,4.294,1.004975e-06,1.0049750000000002
459,459,9.77327161e-05,97.7327161,0,1,91.2941176470588,,False,,0.0,4.318,1.036699e-06,1.036699,0.0,4.261,2.768514e-05,27.68514,0.0,4.164,9.158252e-07,0.9158252,0.0,4.23,2.119991e-05,21.19991,0.76078431372549,3.571,4.10389e-06,4.10389,0.0,4.329,6.951969e-07,0.6951969,0.0,3.995,4.119793e-05,41.19793,0.0,4.294,8.98125e-07,0.898125
460,460,8.140942570000001e-05,81.4094257,0,1,89.41176470588236,,False,,0.0,4.318,2.139894e-06,2.139894,0.7450980392156864,3.898,4.228737e-05,42.28737,0.0,4.164,4.989325e-07,0.4989325,0.0,4.23,1.256113e-05,12.56113,0.0,3.977,5.081352e-06,5.081352,0.0,4.329,5.208612e-07,0.5208612,0.0,3.995,1.690107e-05,16.90107,0.0,4.294,1.418816e-06,1.418816
461,461,4.867480547e-05,48.67480547,0,1,53.17647058823528,,False,,0.0,4.318,1.821358e-07,0.1821358,0.0,4.261,2.229434e-06,2.229434,0.4431372549019607,3.878,2.49276e-05,24.9276,0.0,4.23,9.975794e-07,0.9975794,0.0,3.977,1.923798e-05,19.23798,0.0,4.329,7.019094e-08,0.07019094,0.0,3.995,1.777733e-08,0.01777733,0.0,4.294,1.012108e-06,1.012108
462,462,8.50602288e-05,85.0602288,0,1,91.2941176470588,,False,,0.0,4.318,4.776692e-07,0.4776691999999999,0.0,4.261,1.382848e-06,1.382848,0.0,4.164,1.966624e-05,19.66624,0.76078431372549,3.857,4.303617e-06,4.303617,0.0,3.977,4.777829e-06,4.7778290000000005,0.0,4.329,5.271473e-05,52.71473,0.0,3.995,7.646235e-07,0.7646235,0.0,4.294,9.726721e-07,0.9726721
463,463,4.98686969e-05,49.8686969,0,1,53.17647058823528,,False,,0.0,4.318,1.422535e-06,1.422535,0.4431372549019607,3.983,2.508061e-05,25.08061,0.0,4.164,3.610877e-07,0.3610876999999999,0.0,4.23,7.318553e-06,7.318553,0.0,3.977,3.51501e-06,3.51501,0.0,4.329,3.798322e-07,0.3798322,0.0,3.995,1.046894e-05,10.46894,0.0,4.294,1.322129e-06,1.322129
464,464,3.308989079e-05,33.08989079,0,1,34.8235294117647,,False,,0.0,4.318,1.432577e-07,0.1432577,0.0,4.261,1.413998e-06,1.413998,0.2901960784313725,3.929,1.771849e-05,17.71849,0.0,4.23,1.000946e-06,1.000946,0.0,3.977,1.170673e-05,11.70673,0.0,4.329,7.530267e-08,0.07530267,0.0,3.995,1.989942e-08,0.01989942,0.0,4.294,1.011267e-06,1.011267
465,465,3.2942360200000005e-05,32.9423602,0,1,34.8235294117647,,False,,0.0,4.318,1.037525e-06,1.037525,0.2901960784313725,4.039,1.579322e-05,15.793220000000002,0.0,4.164,2.810588e-07,0.2810588,0.0,4.23,4.613919e-06,4.613919,0.0,3.977,2.745777e-06,2.745777,0.0,4.329,2.953034e-07,0.2953034,0.0,3.995,6.920558e-06,6.920558000000001,0.0,4.294,1.254999e-06,1.254999
466,466,3.359312905e-05,33.59312905,0,1,35.294117647058805,,False,,0.0,4.318,1.446476e-07,0.1446476,0.0,4.261,1.44046e-06,1.44046,0.2941176470588234,3.927,1.79423e-05,17.9423,0.0,4.23,1.003404e-06,1.003404,0.0,3.977,1.195653e-05,11.95653,0.0,4.329,7.412978e-08,0.0741297799999999,0.0,3.995,2.022667e-08,0.02022667,0.0,4.294,1.011431e-06,1.011431
467,467,3.1588591e-05,31.588591,0,1,35.294117647058805,,False,,0.0,4.318,1.006428e-06,1.006428,0.2941176470588234,4.044,1.503549e-05,15.03549,0.0,4.164,2.725619e-07,0.2725619,0.0,4.23,4.408894e-06,4.408894,0.0,3.977,2.680061e-06,2.680061,0.0,4.329,2.877161e-07,0.2877161,0.0,3.995,6.639758e-06,6.639758,0.0,4.294,1.257682e-06,1.257682
468,468,3.180350068e-05,31.80350068,0,1,27.294117647058812,,False,,0.0,4.318,5.410378e-08,0.05410378,0.0,4.261,6.416502e-06,6.416502,0.0,4.164,2.894361e-07,0.2894361,0.0,4.23,6.59338e-06,6.59338,0.2274509803921568,3.769,3.03037e-06,3.03037,0.0,4.329,9.92716e-08,0.0992716,0.0,3.995,1.444649e-05,14.44649,0.0,4.294,8.739472e-07,0.8739472
469,469,2.594907754e-05,25.94907754,0,1,27.294117647058812,,False,,0.0,4.318,4.613145e-07,0.4613145,0.0,4.261,9.642456e-07,0.9642456,0.0,4.164,5.483085e-06,5.483085,0.2274509803921568,4.039,2.22832e-06,2.22832,0.0,3.977,1.153891e-06,1.153891,0.0,4.329,1.463486e-05,14.63486,0.0,3.995,8.065114e-08,0.08065114,0.0,4.294,9.427103e-07,0.9427103
470,470,3.83630819e-05,38.3630819,0,1,33.411764705882355,,False,,0.0,4.318,1.124547e-07,0.1124546999999999,0.0,4.261,8.378398e-06,8.378398,0.0,4.164,3.489113e-07,0.3489113,0.0,4.23,8.042131e-06,8.042131,0.2784313725490196,3.744,3.158914e-06,3.158914,0.0,4.329,1.481568e-07,0.1481568,0.0,3.995,1.730682e-05,17.30682,0.0,4.294,8.672961e-07,0.8672961
471,471,3.34806019e-05,33.4806019,0,1,33.411764705882355,,False,,0.0,4.318,4.657229e-07,0.4657229,0.0,4.261,1.034571e-06,1.034571,0.0,4.164,7.312951e-06,7.312951,0.2784313725490196,4.009,2.521792e-06,2.521792,0.0,3.977,1.470073e-06,1.470073,0.0,4.329,1.9603e-05,19.603,0.0,3.995,1.346678e-07,0.1346677999999999,0.0,4.294,9.378242e-07,0.9378242
472,472,0.00010307771197,103.07771197,0,1,115.76470588235294,,False,,0.0,4.318,4.761217e-07,0.4761217,0.0,4.261,5.31331e-06,5.31331,0.9647058823529412,3.739,4.842158e-05,48.421580000000006,0.0,4.23,9.353736e-07,0.9353736,0.0,3.977,4.676657e-05,46.76657,0.0,4.329,5.143957e-08,0.05143957,0.0,3.995,1.198934e-07,0.1198934,0.0,4.294,9.934237e-07,0.9934237
473,473,0.0001052621973,105.2621973,0,2,98.82352941176468,,False,,0.0,4.318,1.187535e-06,1.187535,0.0,4.261,3.018721e-05,30.18721,0.0,4.164,9.963912e-07,0.9963912,0.0,4.23,2.287879e-05,22.87879,0.8235294117647057,3.552,4.191362e-06,4.191362,0.0,4.329,7.724789e-07,0.7724789000000001,0.0,3.995,4.41484e-05,44.1484,0.0,4.294,9.000302e-07,0.9000302
474,474,0.0001013309765,101.3309765,0,1,115.76470588235294,,False,,0.0,4.318,2.597387e-06,2.5973870000000003,0.9647058823529412,3.85,5.321998e-05,53.21998,0.0,4.164,5.873382e-07,0.5873382,0.0,4.23,1.584608e-05,15.84608,0.0,3.977,6.128315e-06,6.128315,0.0,4.329,6.045583e-07,0.6045583,0.0,3.995,2.088819e-05,20.88819,0.0,4.294,1.459128e-06,1.459128
475,475,9.468224e-05,94.68224,0,1,98.82352941176468,,False,,0.0,4.318,4.790912e-07,0.4790912,0.0,4.261,1.429752e-06,1.429752,0.0,4.164,2.196274e-05,21.96274,0.8235294117647057,3.833,4.590775e-06,4.590775,0.0,3.977,5.520477e-06,5.5204770000000005,0.0,4.329,5.881315e-05,58.81315,0.0,3.995,9.113778e-07,0.9113778,0.0,4.294,9.74877e-07,0.974877
476,476,5.6411079e-06,5.641107900000001,0,1,17.411764705882344,,False,,0.0,4.318,4.406311e-07,0.4406311,0.0,4.261,5.892256e-07,0.5892256,0.0,4.164,1.175505e-07,0.1175505,0.0,4.23,9.316538e-07,0.9316538,0.1450980392156862,3.82,2.147599e-06,2.147599,0.0,4.329,8.8738e-08,0.088738,0.0,3.995,3.374758e-07,0.3374758,0.0,4.294,9.882341e-07,0.9882341
477,477,1.7983644360000003e-05,17.983644360000003,0,1,17.411764705882344,,False,,0.0,4.318,4.592417e-07,0.4592417,0.0,4.261,8.817543e-07,0.8817543,0.0,4.164,3.497688e-06,3.497688,0.1450980392156862,4.076,1.878982e-06,1.878982,0.0,3.977,9.224285e-07,0.9224285,0.0,4.329,9.354128e-06,9.354128,0.0,3.995,4.815236e-08,0.04815236,0.0,4.294,9.412695e-07,0.9412695
478,478,6.55073228e-05,65.5073228,0,1,59.76470588235294,,False,,0.0,4.318,4.710608e-07,0.4710608,0.0,4.261,1.700041e-05,17.000410000000002,0.0,4.164,6.022303e-07,0.6022303,0.0,4.23,1.40211e-05,14.0211,0.4980392156862745,3.658,3.607517e-06,3.607517,0.0,4.329,3.767544e-07,0.3767544,0.0,3.995,2.856102e-05,28.561020000000003,0.0,4.294,8.672303e-07,0.8672303
479,479,5.78600356e-05,57.8600356,0,1,59.76470588235294,,False,,0.0,4.318,4.745312e-07,0.4745312,0.0,4.261,1.210299e-06,1.210299,0.0,4.164,1.318737e-05,13.18737,0.4980392156862745,3.93,3.385157e-06,3.385157,0.0,3.977,2.866651e-06,2.866651,0.0,4.329,3.539782e-05,35.39782,0.0,3.995,3.924703e-07,0.3924703,0.0,4.294,9.457371e-07,0.9457371
480,480,6.39504332e-05,63.9504332,0,1,58.352941176470594,,False,,0.0,4.318,4.495476e-07,0.4495476,0.0,4.261,1.651915e-05,16.51915,0.0,4.164,5.938522e-07,0.5938521999999999,0.0,4.23,1.369562e-05,13.69562,0.4862745098039216,3.662,3.593597e-06,3.593597,0.0,4.329,3.641405e-07,0.3641405,0.0,3.995,2.786664e-05,27.86664,0.0,4.294,8.678859e-07,0.8678859
481,481,5.65726595e-05,56.57265950000001,0,1,58.352941176470594,,False,,0.0,4.318,4.725629e-07,0.4725628999999999,0.0,4.261,1.203854e-06,1.203854,0.0,4.164,1.288771e-05,12.887709999999998,0.4862745098039216,3.934,3.348196e-06,3.348196,0.0,3.977,2.788182e-06,2.7881820000000004,0.0,4.329,3.455372e-05,34.553720000000006,0.0,3.995,3.766317e-07,0.3766316999999999,0.0,4.294,9.418029e-07,0.9418029
482,482,6.21257677e-05,62.1257677,0,1,56.47058823529412,,False,,0.0,4.318,4.19183e-07,0.419183,0.0,4.261,1.584257e-05,15.84257,0.0,4.164,5.75038e-07,0.5750379999999999,0.0,4.23,1.33261e-05,13.3261,0.4705882352941177,3.668,3.549155e-06,3.5491550000000003,0.0,4.329,3.442754e-07,0.3442754,0.0,3.995,2.720121e-05,27.20121,0.0,4.294,8.682363e-07,0.8682363
483,483,5.4303868400000006e-05,54.303868400000006,0,1,56.47058823529412,,False,,0.0,4.318,4.678223e-07,0.4678222999999999,0.0,4.261,1.186281e-06,1.186281,0.0,4.164,1.234135e-05,12.34135,0.4705882352941177,3.941,3.272847e-06,3.272847,0.0,3.977,2.655203e-06,2.655203,0.0,4.329,3.309345e-05,33.093450000000004,0.0,3.995,3.476791e-07,0.3476791,0.0,4.294,9.39236e-07,0.939236
484,484,7.221588809999999e-05,72.2158881,0,1,66.35294117647058,,False,,0.0,4.318,5.794682e-07,0.5794682,0.0,4.261,1.917035e-05,19.17035,0.0,4.164,6.679964e-07,0.6679963999999999,0.0,4.23,1.549368e-05,15.49368,0.5529411764705882,3.639,3.716291e-06,3.716291,0.0,4.329,4.391269e-07,0.4391269,0.0,3.995,3.127927e-05,31.27927,0.0,4.294,8.697056e-07,0.8697056
485,485,9.223885153e-05,92.23885153,0,1,101.17647058823528,,False,,0.0,4.318,4.04571e-07,0.404571,0.0,4.261,4.683605e-06,4.683605,0.8431372549019607,3.764,4.38079e-05,43.8079,0.0,4.23,9.500648e-07,0.9500648,0.0,3.977,4.125277e-05,41.25277,0.0,4.329,5.511321e-08,0.05511321,0.0,3.995,9.102552e-08,0.09102552,0.0,4.294,9.93802e-07,0.993802
486,486,6.213791979999999e-05,62.1379198,0,1,66.35294117647058,,False,,0.0,4.318,4.726073e-07,0.4726073,0.0,4.261,1.237332e-06,1.237332,0.0,4.164,1.42055e-05,14.2055,0.5529411764705882,3.918,3.538961e-06,3.538961,0.0,3.977,3.156916e-06,3.156916,0.0,4.329,3.813478e-05,38.13478,0.0,3.995,4.468624e-07,0.4468624,0.0,4.294,9.449611e-07,0.9449611
487,487,9.14964845e-05,91.4964845,0,1,101.17647058823528,,False,,0.0,4.318,2.371536e-06,2.371536,0.8431372549019607,3.873,4.791209e-05,47.91209,0.0,4.164,5.464469e-07,0.5464469,0.0,4.23,1.416761e-05,14.16761,0.0,3.977,5.589897e-06,5.589897,0.0,4.329,5.650086e-07,0.5650086,0.0,3.995,1.891162e-05,18.91162,0.0,4.294,1.432276e-06,1.432276
488,488,9.646703605e-05,96.46703605,0,1,105.88235294117646,,False,,0.0,4.318,4.291219e-07,0.4291219,0.0,4.261,4.92553e-06,4.92553,0.8823529411764706,3.754,4.560658e-05,45.60658,0.0,4.23,9.456911e-07,0.9456911,0.0,3.977,4.341346e-05,43.41346,0.0,4.329,5.235325e-08,0.05235325,0.0,3.995,1.025451e-07,0.1025451,0.0,4.294,9.917547e-07,0.9917547
489,489,9.60238842e-05,96.0238842,0,1,105.88235294117646,,False,,0.0,4.318,2.474556e-06,2.474556,0.8823529411764706,3.862,5.032641e-05,50.32641,0.0,4.164,5.683413e-07,0.5683413,0.0,4.23,1.498134e-05,14.98134,0.0,3.977,5.828297e-06,5.828297,0.0,4.329,5.841659e-07,0.5841659,0.0,3.995,1.982399e-05,19.82399,0.0,4.294,1.436784e-06,1.4367839999999998
490,490,1.69147369e-05,16.914736899999998,0,1,18.823529411764707,,False,,0.0,4.318,1.51431e-07,0.151431,0.0,4.261,6.397991e-07,0.6397991000000001,0.1568627450980392,3.998,9.600016e-06,9.600016,0.0,4.23,9.948524e-07,0.9948524,0.0,3.977,4.382113e-06,4.382113,0.0,4.329,8.034552e-08,0.08034552,0.0,3.995,6.192388e-08,0.0619238799999999,0.0,4.294,1.004256e-06,1.0042559999999998
491,491,1.74568417e-05,17.4568417,0,1,18.823529411764707,,False,,0.0,4.318,6.869427e-07,0.6869427,0.1568627450980392,4.105,7.323006e-06,7.323005999999999,0.0,4.164,2.049702e-07,0.2049702,0.0,4.23,2.195243e-06,2.195243,0.0,3.977,2.110382e-06,2.110382,0.0,4.329,2.105628e-07,0.2105628,0.0,3.995,3.558624e-06,3.558624,0.0,4.294,1.167111e-06,1.1671109999999998
492,492,1.983564037476e-05,19.83564037476,0,1,16.941176470588225,,False,,0.0,4.318,9.787476e-11,9.787476e-05,0.0,4.261,2.978142e-06,2.978142,0.0,4.164,1.88576e-07,0.188576,0.0,4.23,3.980756e-06,3.980756,0.1411764705882352,3.822,2.760002e-06,2.760002,0.0,4.329,2.85108e-08,0.0285108,0.0,3.995,9.01894e-06,9.01894,0.0,4.294,8.806157e-07,0.8806157
493,493,6.595086368e-05,65.95086368,0,1,73.41176470588235,,False,,0.0,4.318,2.491722e-07,0.2491721999999999,0.0,4.261,3.177063e-06,3.177063,0.6117647058823529,3.829,3.256815e-05,32.56815,0.0,4.23,9.800814e-07,0.9800814,0.0,3.977,2.787993e-05,27.87993,0.0,4.329,6.208664e-08,0.06208664,0.0,3.995,3.659204e-08,0.03659204,0.0,4.294,9.977884e-07,0.9977884
494,494,1.765030515e-05,17.65030515,0,1,16.941176470588225,,False,,0.0,4.318,4.562872e-07,0.4562872,0.0,4.261,8.730819e-07,0.8730819000000001,0.0,4.164,3.412388e-06,3.412388,0.1411764705882352,4.078,1.861217e-06,1.861217,0.0,3.977,9.173366e-07,0.9173366,0.0,4.329,9.143108e-06,9.143108000000002,0.0,3.995,4.801915e-08,0.04801915,0.0,4.294,9.388673e-07,0.9388673
495,495,6.606717180000001e-05,66.0671718,0,1,73.41176470588235,,False,,0.0,4.318,1.788102e-06,1.788102,0.6117647058823529,3.937,3.39953e-05,33.9953,0.0,4.164,4.349097e-07,0.4349097,0.0,4.23,9.952506e-06,9.952506,0.0,3.977,4.300816e-06,4.300816,0.0,4.329,4.510281e-07,0.4510281,0.0,3.995,1.378122e-05,13.78122,0.0,4.294,1.36329e-06,1.36329
496,496,1.767192531e-05,17.67192531,0,1,21.176470588235293,,False,,0.0,4.318,1.492346e-07,0.1492346,0.0,4.261,6.735683e-07,0.6735683,0.1764705882352941,3.994,9.990606e-06,9.990606,0.0,4.23,9.968796e-07,0.9968796,0.0,3.977,4.723352e-06,4.723352,0.0,4.329,7.949436e-08,0.07949436,0.0,3.995,5.699045e-08,0.05699045,0.0,4.294,1.0018e-06,1.0018
497,497,1.98552855e-05,19.8552855,0,1,21.176470588235293,,False,,0.0,4.318,7.396873e-07,0.7396872999999999,0.1764705882352941,4.093,8.636971e-06,8.636970999999999,0.0,4.164,2.179213e-07,0.2179213,0.0,4.23,2.557578e-06,2.557578,0.0,3.977,2.195983e-06,2.195983,0.0,4.329,2.236009e-07,0.2236009,0.0,3.995,4.100318e-06,4.100318,0.0,4.294,1.183226e-06,1.183226
498,498,4.14979442e-05,41.497944200000006,0,1,21.647058823529413,,False,,0.0,4.318,1.464009e-07,0.1464009,0.0,4.261,9.376202e-06,9.376202,0.0,4.164,3.792594e-07,0.3792594,0.0,4.23,8.7367e-06,8.7367,0.1803921568627451,3.733,3.199885e-06,3.199885,0.0,4.329,1.725614e-07,0.1725614,0.0,3.995,1.862506e-05,18.62506,0.0,4.294,8.618755e-07,0.8618755
499,499,2.020131885e-05,20.20131885,0,1,21.647058823529413,,False,,0.0,4.318,4.553505e-07,0.4553505,0.0,4.261,9.009852e-07,0.9009852,0.0,4.164,4.05611e-06,4.056109999999999,0.1803921568627451,4.065,1.970874e-06,1.970874,0.0,3.977,9.615902e-07,0.9615902,0.0,4.329,1.086634e-05,10.86634,0.0,3.995,5.392115e-08,0.05392115,0.0,4.294,9.361478e-07,0.9361478
500,500,5.43448896e-05,54.3448896,0,1,48.94117647058823,,False,,0.0,4.318,3.080237e-07,0.3080237,0.0,4.261,1.344119e-05,13.44119,0.0,4.164,4.980689e-07,0.4980689,0.0,4.23,1.157751e-05,11.57751,0.4078431372549019,3.691,3.42852e-06,3.42852,0.0,4.329,2.796664e-07,0.2796664,0.0,3.995,2.39491e-05,23.9491,0.0,4.294,8.628106e-07,0.8628106000000001
501,501,4.79486191e-05,47.9486191,0,1,48.94117647058823,,False,,0.0,4.318,4.692902e-07,0.4692902,0.0,4.261,1.139544e-06,1.139544,0.0,4.164,1.079993e-05,10.79993,0.4078431372549019,3.96,3.046668e-06,3.046668,0.0,3.977,2.249002e-06,2.249002,0.0,4.329,2.902905e-05,29.02905,0.0,3.995,2.761257e-07,0.2761257,0.0,4.294,9.390092e-07,0.9390092
502,502,4.4315942600000005e-05,44.31594260000001,0,1,39.05882352941176,,False,,0.0,4.318,1.789777e-07,0.1789777,0.0,4.261,1.025469e-05,10.25469,0.0,4.164,4.040752e-07,0.4040752,0.0,4.23,9.359974e-06,9.359974,0.3254901960784313,3.723,3.255918e-06,3.2559180000000003,0.0,4.329,1.949652e-07,0.1949652,0.0,3.995,1.980409e-05,19.80409,0.0,4.294,8.632525e-07,0.8632525
503,503,3.74185284e-05,37.4185284,0,1,39.05882352941176,,False,,0.0,4.318,4.638565e-07,0.4638565,0.0,4.261,1.059078e-06,1.059078,0.0,4.164,8.254338e-06,8.254338,0.3254901960784313,3.995,2.66392e-06,2.66392,0.0,3.977,1.665091e-06,1.665091,0.0,4.329,2.220825e-05,22.20825,0.0,3.995,1.704283e-07,0.1704283,0.0,4.294,9.335666e-07,0.9335666
504,504,2.03907879489e-05,20.3907879489,0,1,15.999999999999996,,False,,0.0,4.318,4.698389e-10,0.0004698388999999,0.0,4.261,3.126248e-06,3.126248,0.0,4.164,1.908924e-07,0.1908924,0.0,4.23,4.105953e-06,4.105953,0.1333333333333333,3.819,2.770792e-06,2.770792,0.0,4.329,3.201031e-08,0.03201031,0.0,3.995,9.282835e-06,9.282835,0.0,4.294,8.815874e-07,0.8815874
505,505,1.728208792e-05,17.282087920000002,0,1,15.999999999999996,,False,,0.0,4.318,4.558238e-07,0.4558238,0.0,4.261,8.678108e-07,0.8678108,0.0,4.164,3.32729e-06,3.32729,0.1333333333333333,4.08,1.840064e-06,1.840064,0.0,3.977,9.07162e-07,0.907162,0.0,4.329,8.900801e-06,8.900801000000001,0.0,3.995,4.717332e-08,0.04717332,0.0,4.294,9.35963e-07,0.935963
506,506,0.0001161388475,116.1388475,0,1,110.1176470588235,,False,,0.0,4.318,1.414275e-06,1.414275,0.0,4.261,3.391663e-05,33.916630000000005,0.0,4.164,1.103512e-06,1.103512,0.0,4.23,2.527211e-05,25.27211,0.9176470588235291,3.525,4.327601e-06,4.3276010000000005,0.0,4.329,8.93751e-07,0.8937510000000001,0.0,3.995,4.829828e-05,48.298280000000005,0.0,4.294,9.126885e-07,0.9126885
507,507,4.367375161e-05,43.67375161,0,1,47.52941176470587,,False,,0.0,4.318,1.658043e-07,0.1658043,0.0,4.261,1.969341e-06,1.969341,0.3960784313725489,3.893,2.263061e-05,22.63061,0.0,4.23,9.947543e-07,0.9947543,0.0,3.977,1.682796e-05,16.82796,0.0,4.329,6.916078e-08,0.06916078,0.0,3.995,1.625023e-08,0.01625023,0.0,4.294,9.99871e-07,0.999871
508,508,0.0001012485175999,101.2485176,0,1,110.1176470588235,,False,,0.0,4.318,4.750468e-07,0.4750468,0.0,4.261,1.453816e-06,1.453816,0.0,4.164,2.347943e-05,23.47943,0.9176470588235291,3.817,4.774835e-06,4.774835,0.0,3.977,6.047314e-06,6.047314,0.0,4.329,6.301972e-05,63.01972,0.0,3.995,1.017982e-06,1.017982,0.0,4.294,9.803738e-07,0.9803738
509,509,5.60531337e-06,5.605313369999999,0,1,26.352941176470587,,False,,0.0,4.318,4.3983e-07,0.43983,0.0,4.261,5.791654e-07,0.5791653999999999,0.0,4.164,1.180258e-07,0.1180258,0.0,4.23,9.245288e-07,0.9245288,0.2196078431372549,3.773,2.14407e-06,2.14407,0.0,4.329,8.727547e-08,0.08727547,0.0,3.995,3.32347e-07,0.332347,0.0,4.294,9.800709e-07,0.9800709
510,510,4.46082546e-05,44.6082546,0,1,47.52941176470587,,False,,0.0,4.318,1.2976e-06,1.2976,0.3960784313725489,3.999,2.224306e-05,22.24306,0.0,4.164,3.355159e-07,0.3355159,0.0,4.23,6.438258e-06,6.438258,0.0,3.977,3.269441e-06,3.269441,0.0,4.329,3.501667e-07,0.3501667,0.0,3.995,9.380068e-06,9.380068,0.0,4.294,1.294145e-06,1.294145
511,511,2.51795591e-05,25.1795591,0,1,26.352941176470587,,False,,0.0,4.318,4.590416e-07,0.4590416,0.0,4.261,9.524903e-07,0.9524903,0.0,4.164,5.271177e-06,5.271177,0.2196078431372549,4.042,2.185815e-06,2.1858150000000003,0.0,3.977,1.123023e-06,1.123023,0.0,4.329,1.417543e-05,14.17543,0.0,3.995,7.74241e-08,0.0774241,0.0,4.294,9.351581e-07,0.9351581
512,512,0.0001063571104199,106.35711042,0,1,117.1764705882353,,False,,0.0,4.318,4.956614e-07,0.4956614,0.0,4.261,5.499046e-06,5.499046,0.9764705882352942,3.731,4.969925e-05,49.69925,0.0,4.23,9.336234e-07,0.9336234,0.0,3.977,4.856535e-05,48.56535,0.0,4.329,4.785632e-08,0.04785632,0.0,3.995,1.311315e-07,0.1311315,0.0,4.294,9.851918e-07,0.9851918
513,513,9.32360193e-05,93.2360193,0,1,87.52941176470588,,False,,0.0,4.318,9.563499e-07,0.9563499,0.0,4.261,2.618609e-05,26.18609,0.0,4.164,8.769414e-07,0.8769414,0.0,4.23,2.017767e-05,20.17767,0.7294117647058823,3.582,4.019227e-06,4.019227,0.0,4.329,6.523337e-07,0.6523337,0.0,3.995,3.947915e-05,39.47915,0.0,4.294,8.882573e-07,0.8882573
514,514,0.0001062014494999,106.2014495,0,1,117.1764705882353,,False,,0.0,4.318,2.694177e-06,2.694177,0.9764705882352942,3.838,5.594709e-05,55.94709,0.0,4.164,6.101177e-07,0.6101177,0.0,4.23,1.668641e-05,16.686410000000002,0.0,3.977,6.369236e-06,6.369236,0.0,4.329,6.230568e-07,0.6230568,0.0,3.995,2.181099e-05,21.81099,0.0,4.294,1.460372e-06,1.460372
515,515,8.11233817e-05,81.1233817,0,1,87.52941176470588,,False,,0.0,4.318,4.70463e-07,0.470463,0.0,4.261,1.345554e-06,1.345554,0.0,4.164,1.875457e-05,18.75457,0.7294117647058823,3.867,4.154402e-06,4.154402,0.0,3.977,4.511173e-06,4.511173,0.0,4.329,5.021643e-05,50.21643,0.0,3.995,7.093534e-07,0.7093534,0.0,4.294,9.614363e-07,0.9614363
516,516,4.991671898000001e-05,49.91671898,0,1,55.05882352941175,,False,,0.0,4.318,1.849723e-07,0.1849723,0.0,4.261,2.297123e-06,2.297123,0.4588235294117646,3.874,2.545963e-05,25.45963,0.0,4.23,9.906403e-07,0.9906403,0.0,3.977,1.989804e-05,19.89804,0.0,4.329,6.651926e-08,0.06651926,0.0,3.995,1.876412e-08,0.01876412,0.0,4.294,1.00103e-06,1.00103
517,517,3.75448341e-05,37.5448341,0,1,32.94117647058823,,False,,0.0,4.318,1.058203e-07,0.1058202999999999,0.0,4.261,8.149967e-06,8.149967,0.0,4.164,3.41215e-07,0.341215,0.0,4.23,7.872616e-06,7.872616,0.2745098039215686,3.747,3.13011e-06,3.13011,0.0,4.329,1.420246e-07,0.1420246,0.0,3.995,1.693778e-05,16.93778,0.0,4.294,8.653012e-07,0.8653012
518,518,5.14392859e-05,51.4392859,0,1,55.05882352941175,,False,,0.0,4.318,1.452483e-06,1.452483,0.4588235294117646,3.978,2.598572e-05,25.98572,0.0,4.164,3.711802e-07,0.3711802,0.0,4.23,7.546638e-06,7.546638,0.0,3.977,3.589532e-06,3.589532,0.0,4.329,3.843787e-07,0.3843787,0.0,3.995,1.079273e-05,10.79273,0.0,4.294,1.316624e-06,1.316624
519,519,3.24738359e-05,32.4738359,0,1,32.94117647058823,,False,,0.0,4.318,4.632704e-07,0.4632704,0.0,4.261,1.016681e-06,1.016681,0.0,4.164,7.055268e-06,7.055268,0.2745098039215686,4.013,2.470388e-06,2.4703880000000003,0.0,3.977,1.423388e-06,1.423388,0.0,4.329,1.89828e-05,18.9828,0.0,3.995,1.270728e-07,0.1270728,0.0,4.294,9.349677e-07,0.9349677
520,520,5.7902489e-05,57.902489,0,1,52.70588235294116,,False,,0.0,4.318,3.583885e-07,0.3583885,0.0,4.261,1.453094e-05,14.53094,0.0,4.164,5.332308e-07,0.5332308,0.0,4.23,1.235824e-05,12.35824,0.4392156862745097,3.68,3.488673e-06,3.488673,0.0,4.329,3.108734e-07,0.3108733999999999,0.0,3.995,2.545875e-05,25.45875,0.0,4.294,8.633933e-07,0.8633933
521,521,5.08798832e-05,50.8798832,0,1,52.70588235294116,,False,,0.0,4.318,4.683159e-07,0.4683159,0.0,4.261,1.160814e-06,1.160814,0.0,4.164,1.147625e-05,11.47625,0.4392156862745097,3.951,3.148212e-06,3.148212,0.0,3.977,2.438135e-06,2.438135,0.0,4.329,3.093998e-05,30.93998,0.0,3.995,3.111034e-07,0.3111034,0.0,4.294,9.370729e-07,0.9370729
522,522,0.0001011670305499,101.16703055,0,1,111.52941176470588,,False,,0.0,4.318,4.618174e-07,0.4618174,0.0,4.261,5.198842e-06,5.198842,0.9294117647058824,3.743,4.750127e-05,47.501270000000005,0.0,4.23,9.419761e-07,0.9419761,0.0,3.977,4.591017e-05,45.91017,0.0,4.329,4.947705e-08,0.04947705,0.0,3.995,1.157776e-07,0.1157776,0.0,4.294,9.877004e-07,0.9877004
523,523,7.351324409999999e-05,73.5132441,0,1,68.23529411764706,,False,,0.0,4.318,6.022422e-07,0.6022422000000001,0.0,4.261,1.957242e-05,19.57242,0.0,4.164,6.860222e-07,0.6860222,0.0,4.23,1.584738e-05,15.84738,0.5686274509803921,3.635,3.733206e-06,3.733206,0.0,4.329,4.550095e-07,0.4550094999999999,0.0,3.995,3.174527e-05,31.74527,0.0,4.294,8.716942e-07,0.8716942
524,524,0.0001002126289,100.2126289,0,1,111.52941176470588,,False,,0.0,4.318,2.56045e-06,2.5604500000000003,0.9294117647058824,3.852,5.263663e-05,52.63663,0.0,4.164,5.821172e-07,0.5821172,0.0,4.23,1.568304e-05,15.683040000000002,0.0,3.977,6.049616e-06,6.049616,0.0,4.329,5.997057e-07,0.5997057,0.0,3.995,2.065443e-05,20.65443,0.0,4.294,1.44664e-06,1.44664
525,525,3.27536671e-05,32.7536671,0,1,38.11764705882352,,False,,0.0,4.318,1.431876e-07,0.1431876,0.0,4.261,1.395783e-06,1.395783,0.3176470588235293,3.93,1.752409e-05,17.52409,0.0,4.23,9.989431e-07,0.9989431,0.0,3.977,1.159505e-05,11.59505,0.0,4.329,7.313518e-08,0.07313518,0.0,3.995,2.054322e-08,0.02054322,0.0,4.294,1.002935e-06,1.002935
526,526,6.34922147e-05,63.492214700000005,0,1,68.23529411764706,,False,,0.0,4.318,4.720316e-07,0.4720316,0.0,4.261,1.245334e-06,1.2453340000000002,0.0,4.164,1.449733e-05,14.49733,0.5686274509803921,3.914,3.585122e-06,3.585122,0.0,3.977,3.241043e-06,3.241043,0.0,4.329,3.903511e-05,39.03511,0.0,3.995,4.665332e-07,0.4665332,0.0,4.294,9.497109e-07,0.9497109
527,527,3.58845104e-05,35.8845104,0,2,38.11764705882352,,False,,0.0,4.318,1.100239e-06,1.1002390000000002,0.3176470588235293,4.028,1.744852e-05,17.44852,0.0,4.164,2.974758e-07,0.2974758,0.0,4.23,5.0525e-06,5.0525,0.0,3.977,2.870312e-06,2.870312,0.0,4.329,3.086986e-07,0.3086986,0.0,3.995,7.547781e-06,7.547781,0.0,4.294,1.258984e-06,1.258984
528,528,3.416600285e-05,34.16600285,0,1,36.23529411764705,,False,,0.0,4.318,1.442993e-07,0.1442993,0.0,4.261,1.470383e-06,1.470383,0.3019607843137254,3.925,1.819831e-05,18.19831,0.0,4.23,1.000426e-06,1.000426,0.0,3.977,1.225531e-05,12.25531,0.0,4.329,7.406849e-08,0.07406849,0.0,3.995,1.896406e-08,0.0189640599999999,0.0,4.294,1.004242e-06,1.004242
529,529,3.14812184e-05,31.4812184,0,1,36.23529411764705,,False,,0.0,4.318,9.995589e-07,0.9995589,0.3019607843137254,4.044,1.502281e-05,15.02281,0.0,4.164,2.760674e-07,0.2760674,0.0,4.23,4.34836e-06,4.34836,0.0,3.977,2.673656e-06,2.673656,0.0,4.329,2.888571e-07,0.2888571,0.0,3.995,6.631944e-06,6.631944000000001,0.0,4.294,1.239965e-06,1.239965
530,530,4.8354905e-05,48.354905,0,1,42.35294117647059,,False,,0.0,4.318,2.266037e-07,0.2266037,0.0,4.261,1.153053e-05,11.53053,0.0,4.164,4.42152e-07,0.442152,0.0,4.23,1.025028e-05,10.25028,0.3529411764705882,3.71,3.33594e-06,3.33594,0.0,4.329,2.274036e-07,0.2274035999999999,0.0,3.995,2.147851e-05,21.47851,0.0,4.294,8.634857e-07,0.8634857
531,531,3.85018771e-05,38.5018771,0,1,42.35294117647059,,False,,0.0,4.318,4.701899e-07,0.4701899,0.0,4.261,1.069751e-06,1.069751,0.0,4.164,8.512587e-06,8.512587,0.3529411764705882,3.991,2.705574e-06,2.705574,0.0,3.977,1.719284e-06,1.719284,0.0,4.329,2.290614e-05,22.90614,0.0,3.995,1.806315e-07,0.1806315,0.0,4.294,9.377197e-07,0.9377197
532,532,5.61143458e-05,56.1143458,0,1,51.2941176470588,,False,,0.0,4.318,3.326292e-07,0.3326292,0.0,4.261,1.402883e-05,14.02883,0.0,4.164,5.163064e-07,0.5163063999999999,0.0,4.23,1.195691e-05,11.95691,0.4274509803921567,3.685,3.483994e-06,3.483994,0.0,4.329,2.956317e-07,0.2956317,0.0,3.995,2.463482e-05,24.63482,0.0,4.294,8.652245e-07,0.8652245000000001
533,533,4.3987634400000005e-05,43.987634400000005,0,1,48.0,,False,,0.0,4.318,1.660412e-07,0.1660412,0.0,4.261,1.981958e-06,1.981958,0.4,3.892,2.279307e-05,22.79307,0.0,4.23,9.95442e-07,0.995442,0.0,3.977,1.69603e-05,16.9603,0.0,4.329,6.896718e-08,0.06896718,0.0,3.995,1.663202e-08,0.01663202,0.0,4.294,1.005224e-06,1.005224
534,534,4.98876373e-05,49.8876373,0,1,51.2941176470588,,False,,0.0,4.318,4.734312e-07,0.4734312,0.0,4.261,1.155322e-06,1.155322,0.0,4.164,1.125553e-05,11.25553,0.4274509803921567,3.954,3.116086e-06,3.116086,0.0,3.977,2.364841e-06,2.364841,0.0,4.329,3.028443e-05,30.28443,0.0,3.995,2.98752e-07,0.298752,0.0,4.294,9.392451e-07,0.9392451
535,535,4.52018389e-05,45.2018389,0,1,48.0,,False,,0.0,4.318,1.314123e-06,1.3141230000000002,0.4,3.997,2.251884e-05,22.51884,0.0,4.164,3.418415e-07,0.3418414999999999,0.0,4.23,6.563637e-06,6.563637,0.0,3.977,3.293235e-06,3.293235,0.0,4.329,3.582874e-07,0.3582874,0.0,3.995,9.51422e-06,9.51422,0.0,4.294,1.297655e-06,1.297655
536,536,5.48578576e-05,54.8578576,0,1,49.88235294117648,,False,,0.0,4.318,3.128398e-07,0.3128398,0.0,4.261,1.361103e-05,13.61103,0.0,4.164,5.036108e-07,0.5036108,0.0,4.23,1.168645e-05,11.68645,0.415686274509804,3.689,3.454674e-06,3.454674,0.0,4.329,2.830048e-07,0.2830048,0.0,3.995,2.414075e-05,24.14075,0.0,4.294,8.654982e-07,0.8654982
537,537,4.81859733e-05,48.1859733,0,1,49.88235294117648,,False,,0.0,4.318,4.731581e-07,0.4731581,0.0,4.261,1.143095e-06,1.143095,0.0,4.164,1.084799e-05,10.84799,0.415686274509804,3.959,3.060478e-06,3.060478,0.0,3.977,2.262223e-06,2.262223,0.0,4.329,2.9177e-05,29.177,0.0,3.995,2.802736e-07,0.2802736,0.0,4.294,9.417556e-07,0.9417556
538,538,8.71006963e-05,87.1006963,0,1,80.94117647058823,,False,,0.0,4.318,8.420182e-07,0.8420182,0.0,4.261,2.413064e-05,24.13064,0.0,4.164,8.163358e-07,0.8163358,0.0,4.23,1.883168e-05,18.83168,0.6745098039215686,3.598,3.954013e-06,3.954013,0.0,4.329,5.879142e-07,0.5879141999999999,0.0,3.995,3.705827e-05,37.05827,0.0,4.294,8.798251e-07,0.8798251
539,539,8.297112215999999e-05,82.97112216000001,0,1,91.2941176470588,,False,,0.0,4.318,3.494313e-07,0.3494313,0.0,4.261,4.149419e-06,4.149419,0.76078431372549,3.786,3.989298e-05,39.89298,0.0,4.23,9.644289e-07,0.9644289,0.0,3.977,3.649218e-05,36.492180000000005,0.0,4.329,5.76057e-08,0.0576056999999999,0.0,3.995,6.961546e-08,0.06961546,0.0,4.294,9.954618e-07,0.9954618
540,540,7.50023681e-05,75.0023681,0,1,80.94117647058823,,False,,0.0,4.318,4.759459e-07,0.4759459,0.0,4.261,1.318634e-06,1.318634,0.0,4.164,1.727792e-05,17.27792,0.6745098039215686,3.883,3.965273e-06,3.965273,0.0,3.977,4.037892e-06,4.037891999999999,0.0,4.329,4.634954e-05,46.34954,0.0,3.995,6.191714e-07,0.6191713999999999,0.0,4.294,9.579918e-07,0.9579918
541,541,9.31151578e-05,93.1151578,0,1,87.05882352941177,,False,,0.0,4.318,9.522737e-07,0.9522737,0.0,4.261,2.610003e-05,26.10003,0.0,4.164,8.728875e-07,0.8728875,0.0,4.23,2.01454e-05,20.1454,0.7254901960784313,3.582,4.049405e-06,4.049405,0.0,4.329,6.503929e-07,0.6503929,0.0,3.995,3.94546e-05,39.4546,0.0,4.294,8.901687e-07,0.8901687
542,542,8.21835892e-05,82.1835892,0,1,91.2941176470588,,False,,0.0,4.318,2.157914e-06,2.157914,0.76078431372549,3.895,4.28284e-05,42.8284,0.0,4.164,5.063471e-07,0.5063470999999999,0.0,4.23,1.253145e-05,12.53145,0.0,3.977,5.150641e-06,5.150641,0.0,4.329,5.225741e-07,0.5225741,0.0,3.995,1.707685e-05,17.07685,0.0,4.294,1.409413e-06,1.409413
543,543,5.64338773e-06,5.643387730000001,0,1,87.05882352941177,,False,,0.0,4.318,4.426835e-07,0.4426835,0.0,4.261,5.859926e-07,0.5859926,0.0,4.164,1.183367e-07,0.1183367,0.7254901960784313,3.868,9.319487e-07,0.9319487,0.0,3.977,2.152056e-06,2.152056,0.0,4.329,8.927423e-08,0.08927423,0.0,3.995,3.358493e-07,0.3358492999999999,0.0,4.294,9.872467e-07,0.9872467
544,544,2.389170705e-05,23.89170705,0,1,27.294117647058812,,False,,0.0,4.318,1.398617e-07,0.1398617,0.0,4.261,9.616228e-07,0.9616228,0.2274509803921568,3.965,1.319506e-05,13.195060000000002,0.0,4.23,9.975706e-07,0.9975706,0.0,3.977,7.475689e-06,7.475689,0.0,4.329,7.853816e-08,0.07853816,0.0,3.995,3.636179e-08,0.03636179,0.0,4.294,1.007003e-06,1.007003
545,545,2.44197007e-05,24.4197007,0,1,27.294117647058812,,False,,0.0,4.318,8.43895e-07,0.843895,0.2274509803921568,4.072,1.112405e-05,11.12405,0.0,4.164,2.403667e-07,0.2403667,0.0,4.23,3.257697e-06,3.257697,0.0,3.977,2.381335e-06,2.381335,0.0,4.329,2.50983e-07,0.250983,0.0,3.995,5.112272e-06,5.112272,0.0,4.294,1.209102e-06,1.209102
546,546,2.951900118e-05,29.51900118,0,1,33.411764705882355,,False,,0.0,4.318,1.395005e-07,0.1395005,0.0,4.261,1.232463e-06,1.232463,0.2784313725490196,3.942,1.598567e-05,15.98567,0.0,4.23,9.967947e-07,0.9967947,0.0,3.977,1.005631e-05,10.05631,0.0,4.329,7.604589e-08,0.07604589,0.0,3.995,2.519609e-08,0.02519609,0.0,4.294,1.007021e-06,1.007021
547,547,2.683380532e-05,26.83380532,0,2,22.58823529411764,,False,,0.0,4.318,2.154082e-08,0.02154082,0.0,4.261,4.937645e-06,4.937645,0.0,4.164,2.447304e-07,0.2447304,0.0,4.23,5.512951e-06,5.512950999999999,0.188235294117647,3.789,2.929593e-06,2.929593,0.0,4.329,6.66378e-08,0.0666378,0.0,3.995,1.22448e-05,12.2448,0.0,4.294,8.759073e-07,0.8759072999999999
548,548,2.90878426e-05,29.0878426,0,1,33.411764705882355,,False,,0.0,4.318,9.476739e-07,0.9476739,0.2784313725490196,4.053,1.368363e-05,13.68363,0.0,4.164,2.628658e-07,0.2628658,0.0,4.23,4.001289e-06,4.001289,0.0,3.977,2.576906e-06,2.576906,0.0,4.329,2.756649e-07,0.2756649,0.0,3.995,6.10668e-06,6.10668,0.0,4.294,1.233133e-06,1.233133
549,549,2.2037055590000003e-05,22.03705559,0,1,22.58823529411764,,False,,0.0,4.318,4.597291e-07,0.4597291,0.0,4.261,9.285956e-07,0.9285956,0.0,4.164,4.49573e-06,4.49573,0.188235294117647,4.056,2.061914e-06,2.061914,0.0,3.977,1.019008e-06,1.019008,0.0,4.329,1.20711e-05,12.0711,0.0,3.995,6.095389e-08,0.06095389,0.0,4.294,9.40025e-07,0.940025
550,550,6.98710534e-05,69.8710534,0,1,64.4705882352941,,False,,0.0,4.318,5.412002e-07,0.5412002,0.0,4.261,1.836306e-05,18.36306,0.0,4.164,6.499831e-07,0.6499831,0.0,4.23,1.501312e-05,15.01312,0.5372549019607842,3.645,3.684991e-06,3.684991,0.0,4.329,4.175977e-07,0.4175977,0.0,3.995,3.032863e-05,30.32863,0.0,4.294,8.724714e-07,0.8724714
551,551,5.85858972e-05,58.5858972,0,1,64.4705882352941,,False,,0.0,4.318,4.74276e-07,0.474276,0.0,4.261,1.216089e-06,1.216089,0.0,4.164,1.332151e-05,13.32151,0.5372549019607842,3.928,3.418646e-06,3.4186460000000003,0.0,3.977,2.89652e-06,2.89652,0.0,4.329,3.590709e-05,35.90709,0.0,3.995,4.024718e-07,0.4024718,0.0,4.294,9.492944e-07,0.9492944
552,552,8.946211355e-05,89.46211355,0,1,98.82352941176468,,False,,0.0,4.318,3.82913e-07,0.382913,0.0,4.261,4.518926e-06,4.518926,0.8235294117647057,3.77,4.265812e-05,42.65812,0.0,4.23,9.535335e-07,0.9535335,0.0,3.977,3.981281e-05,39.81281,0.0,4.329,5.444861e-08,0.05444861,0.0,3.995,8.461134e-08,0.08461134,0.0,4.294,9.967511e-07,0.9967511
553,553,8.11128401e-05,81.1128401,0,1,75.29411764705883,,False,,0.0,4.318,7.331533e-07,0.7331533,0.0,4.261,2.212424e-05,22.12424,0.0,4.164,7.563555e-07,0.7563555,0.0,4.23,1.747133e-05,17.47133,0.6274509803921569,3.614,3.865358e-06,3.865358000000001,0.0,4.329,5.267418e-07,0.5267417999999999,0.0,3.995,3.47574e-05,34.7574,0.0,4.294,8.782615e-07,0.8782615
554,554,8.86877988e-05,88.6877988,0,1,98.82352941176468,,False,,0.0,4.318,2.300975e-06,2.300975,0.8235294117647057,3.879,4.62828e-05,46.2828,0.0,4.164,5.340208e-07,0.5340208,0.0,4.23,1.372692e-05,13.72692,0.0,3.977,5.473557e-06,5.473557,0.0,4.329,5.51385e-07,0.551385,0.0,3.995,1.838414e-05,18.38414,0.0,4.294,1.434001e-06,1.434001
555,555,1.6032729410000002e-05,16.03272941,0,1,17.411764705882344,,False,,0.0,4.318,1.56304e-07,0.156304,0.0,4.261,6.005116e-07,0.6005115999999999,0.1450980392156862,4.003,9.12866e-06,9.12866,0.0,4.23,9.982143e-07,0.9982143,0.0,3.977,3.992111e-06,3.992111,0.0,4.329,8.086546e-08,0.08086546,0.0,3.995,6.568205e-08,0.06568205,0.0,4.294,1.010381e-06,1.010381
556,556,7.016911099999999e-05,70.16911099999999,0,1,75.29411764705883,,False,,0.0,4.318,4.741316e-07,0.4741316,0.0,4.261,1.292958e-06,1.292958,0.0,4.164,1.612648e-05,16.12648,0.6274509803921569,3.896,3.805113e-06,3.805113,0.0,3.977,3.715696e-06,3.715696,0.0,4.329,4.324578e-05,43.24578,0.0,3.995,5.518976e-07,0.5518976,0.0,4.294,9.570548e-07,0.9570548
557,557,1.61627986e-05,16.162798600000002,0,1,17.411764705882344,,False,,0.0,4.318,6.588517e-07,0.6588516999999999,0.1450980392156862,4.112,6.578017e-06,6.578017,0.0,4.164,1.978322e-07,0.1978322,0.0,4.23,2.000212e-06,2.000212,0.0,3.977,2.080218e-06,2.080218,0.0,4.329,2.031677e-07,0.2031677,0.0,3.995,3.281731e-06,3.281731,0.0,4.294,1.162769e-06,1.162769
558,558,5.3989406760000005e-05,53.98940676,0,1,59.76470588235294,,False,,0.0,4.318,2.012146e-07,0.2012146,0.0,4.261,2.518914e-06,2.518914,0.4980392156862745,3.862,2.7311e-05,27.311,0.0,4.23,9.902022e-07,0.9902022,0.0,3.977,2.187192e-05,21.871920000000003,0.0,4.329,6.648335e-08,0.06648335,0.0,3.995,2.189861e-08,0.02189861,0.0,4.294,1.007774e-06,1.007774
559,559,5.52115686e-05,55.21156860000001,0,1,59.76470588235294,,False,,0.0,4.318,1.536241e-06,1.536241,0.4980392156862745,3.967,2.794913e-05,27.94913,0.0,4.164,3.819156e-07,0.3819156,0.0,4.23,8.241235e-06,8.241235000000001,0.0,3.977,3.770705e-06,3.770705,0.0,4.329,4.03329e-07,0.403329,0.0,3.995,1.159266e-05,11.59266,0.0,4.294,1.336353e-06,1.336353
560,560,5.257046089e-05,52.57046089,0,1,58.352941176470594,,False,,0.0,4.318,1.94018e-07,0.194018,0.0,4.261,2.43645e-06,2.43645,0.4862745098039216,3.866,2.672294e-05,26.72294,0.0,4.23,9.889582e-07,0.9889582,0.0,3.977,2.113334e-05,21.13334,0.0,4.329,6.664013e-08,0.06664013,0.0,3.995,2.100956e-08,0.02100956,0.0,4.294,1.007105e-06,1.007105
561,561,5.41664365e-05,54.1664365,0,1,58.352941176470594,,False,,0.0,4.318,1.515254e-06,1.515254,0.4862745098039216,3.97,2.742067e-05,27.42067,0.0,4.164,3.786127e-07,0.3786126999999999,0.0,4.23,8.026025e-06,8.026025,0.0,3.977,3.733623e-06,3.733623,0.0,4.329,3.980308e-07,0.3980308,0.0,3.995,1.136151e-05,11.36151,0.0,4.294,1.332711e-06,1.332711
562,562,5.124848946e-05,51.24848946,0,1,56.47058823529412,,False,,0.0,4.318,1.892448e-07,0.1892448,0.0,4.261,2.362973e-06,2.362973,0.4705882352941177,3.87,2.612802e-05,26.12802,0.0,4.23,9.90261e-07,0.990261,0.0,3.977,2.048259e-05,20.48259,0.0,4.329,6.658424e-08,0.06658424,0.0,3.995,1.971142e-08,0.0197114199999999,0.0,4.294,1.009105e-06,1.009105
563,563,5.24101371e-05,52.4101371,0,1,56.47058823529412,,False,,0.0,4.318,1.472605e-06,1.472605,0.4705882352941177,3.975,2.642149e-05,26.42149,0.0,4.164,3.717262e-07,0.3717262,0.0,4.23,7.788793e-06,7.788793,0.0,3.977,3.640926e-06,3.640926,0.0,4.329,3.902349e-07,0.3902349,0.0,3.995,1.099137e-05,10.991370000000002,0.0,4.294,1.332992e-06,1.332992
564,564,5.956176813e-05,59.56176813,0,1,66.35294117647058,,False,,0.0,4.318,2.185011e-07,0.2185011,0.0,4.261,2.826657e-06,2.826657,0.5529411764705882,3.846,2.983847e-05,29.83847,0.0,4.23,9.847677e-07,0.9847677,0.0,3.977,2.459314e-05,24.59314,0.0,4.329,6.278349e-08,0.06278349,0.0,3.995,2.841684e-08,0.02841684,0.0,4.294,1.009032e-06,1.009032
565,565,6.125827740000001e-05,61.2582774,0,1,66.35294117647058,,False,,0.0,4.318,1.673212e-06,1.673212,0.5529411764705882,3.95,3.12413e-05,31.241300000000003,0.0,4.164,4.107808e-07,0.4107808,0.0,4.23,9.242631e-06,9.242631,0.0,3.977,4.075473e-06,4.075473,0.0,4.329,4.330146e-07,0.4330145999999999,0.0,3.995,1.282304e-05,12.82304,0.0,4.294,1.358826e-06,1.358826
566,566,5.70666985e-05,57.0666985,0,1,51.764705882352935,,False,,0.0,4.318,3.419877e-07,0.3419876999999999,0.0,4.261,1.420299e-05,14.20299,0.0,4.164,5.255706e-07,0.5255706,0.0,4.23,1.218371e-05,12.18371,0.4313725490196078,3.683,3.468516e-06,3.468516,0.0,4.329,3.014917e-07,0.3014917,0.0,3.995,2.51748e-05,25.1748,0.0,4.294,8.676325e-07,0.8676325
567,567,5.00688409e-05,50.0688409,0,1,51.764705882352935,,False,,0.0,4.318,4.660536e-07,0.4660536,0.0,4.261,1.158013e-06,1.158013,0.0,4.164,1.131893e-05,11.31893,0.4313725490196078,3.954,3.136412e-06,3.136412,0.0,3.977,2.404219e-06,2.404219,0.0,4.329,3.034684e-05,30.34684,0.0,3.995,3.003082e-07,0.3003082,0.0,4.294,9.380651e-07,0.9380651
568,568,1.582989276e-05,15.829892760000002,0,1,16.941176470588225,,False,,0.0,4.318,1.564661e-07,0.1564661,0.0,4.261,5.929945e-07,0.5929945000000001,0.1411764705882352,4.004,9.014419e-06,9.014419,0.0,4.23,9.992204e-07,0.9992204,0.0,3.977,3.908328e-06,3.908328000000001,0.0,4.329,8.089128e-08,0.08089128,0.0,3.995,6.798248e-08,0.06798248,0.0,4.294,1.009591e-06,1.009591
569,569,1.5974422500000002e-05,15.9744225,0,1,16.941176470588225,,False,,0.0,4.318,6.531243e-07,0.6531243,0.1411764705882352,4.113,6.469308e-06,6.469308,0.0,4.164,1.95406e-07,0.195406,0.0,4.23,1.989691e-06,1.989691,0.0,3.977,2.068347e-06,2.068347,0.0,4.329,2.009872e-07,0.2009872,0.0,3.995,3.230029e-06,3.230029,0.0,4.294,1.16753e-06,1.16753
570,570,5.59474926e-05,55.9474926,0,1,50.823529411764696,,False,,0.0,4.318,3.277874e-07,0.3277874,0.0,4.261,1.386505e-05,13.86505,0.0,4.164,5.156969e-07,0.5156969,0.0,4.23,1.19284e-05,11.9284,0.4235294117647058,3.686,3.462239e-06,3.4622390000000003,0.0,4.329,2.922954e-07,0.2922954,0.0,3.995,2.468936e-05,24.68936,0.0,4.294,8.666639e-07,0.8666639
571,571,4.91978804e-05,49.1978804,0,1,50.823529411764696,,False,,0.0,4.318,4.712122e-07,0.4712121999999999,0.0,4.261,1.156346e-06,1.156346,0.0,4.164,1.108777e-05,11.08777,0.4235294117647058,3.956,3.091541e-06,3.091541,0.0,3.977,2.31527e-06,2.31527,0.0,4.329,2.984294e-05,29.84294,0.0,3.995,2.900942e-07,0.2900942,0.0,4.294,9.42707e-07,0.942707
572,572,1.846964964e-05,18.46964964,0,1,21.647058823529413,,False,,0.0,4.318,1.485618e-07,0.1485618,0.0,4.261,7.084833e-07,0.7084832999999999,0.1803921568627451,3.99,1.04322e-05,10.4322,0.0,4.23,9.966874e-07,0.9966874,0.0,3.977,5.039804e-06,5.039803999999999,0.0,4.329,7.955872e-08,0.07955872,0.0,3.995,5.444942e-08,0.05444942,0.0,4.294,1.009905e-06,1.009905
573,573,2.00979453e-05,20.097945300000003,0,1,21.647058823529413,,False,,0.0,4.318,7.456812e-07,0.7456812,0.1803921568627451,4.092,8.738166e-06,8.738166000000001,0.0,4.164,2.170074e-07,0.2170074,0.0,4.23,2.607753e-06,2.607753,0.0,3.977,2.217067e-06,2.217067,0.0,4.329,2.264227e-07,0.2264227,0.0,3.995,4.157528e-06,4.157528,0.0,4.294,1.18832e-06,1.18832
574,574,4.589613986e-05,45.896139860000005,0,1,48.94117647058823,,False,,0.0,4.318,1.730692e-07,0.1730692,0.0,4.261,2.081985e-06,2.081985,0.4078431372549019,3.886,2.368091e-05,23.68091,0.0,4.23,9.933977e-07,0.9933977,0.0,3.977,1.787166e-05,17.871660000000002,0.0,4.329,6.973568e-08,0.06973568,0.0,3.995,1.712528e-08,0.01712528,0.0,4.294,1.008257e-06,1.008257
575,575,4.61630322e-05,46.1630322,0,1,48.94117647058823,,False,,0.0,4.318,1.337183e-06,1.337183,0.4078431372549019,3.994,2.305657e-05,23.05657,0.0,4.164,3.407144e-07,0.3407144,0.0,4.23,6.720243e-06,6.720243,0.0,3.977,3.343302e-06,3.343302,0.0,4.329,3.599908e-07,0.3599908,0.0,3.995,9.701161e-06,9.701161,0.0,4.294,1.303868e-06,1.303868
576,576,3.733844085e-05,37.33844085,0,2,39.05882352941176,,False,,0.0,4.318,1.496994e-07,0.1496993999999999,0.0,4.261,1.628618e-06,1.628618,0.3254901960784313,3.914,1.971168e-05,19.71168,0.0,4.23,9.97247e-07,0.997247,0.0,3.977,1.37513e-05,13.7513,0.0,4.329,7.36177e-08,0.0736177,0.0,3.995,1.711975e-08,0.01711975,0.0,4.294,1.009159e-06,1.009159
577,577,3.76511055e-05,37.6511055,0,1,39.05882352941176,,False,,0.0,4.318,1.145916e-06,1.145916,0.3254901960784313,4.022,1.840526e-05,18.40526,0.0,4.164,3.033834e-07,0.3033834,0.0,4.23,5.318843e-06,5.318843,0.0,3.977,2.961508e-06,2.9615080000000003,0.0,4.329,3.199501e-07,0.3199501,0.0,3.995,7.922326e-06,7.922326,0.0,4.294,1.273919e-06,1.273919
578,578,1.491980957e-05,14.91980957,0,1,15.999999999999996,,False,,0.0,4.318,1.617706e-07,0.1617706,0.0,4.261,5.575457e-07,0.5575457,0.1333333333333333,4.009,8.508721e-06,8.508721,0.0,4.23,1.000155e-06,1.000155,0.0,3.977,3.523681e-06,3.523681,0.0,4.329,8.15794e-08,0.0815794,0.0,3.995,7.183687e-08,0.07183687,0.0,4.294,1.01452e-06,1.01452
579,579,0.0001027561755,102.7561755,0,1,88.47058823529412,,False,,0.0,4.318,1.720556e-06,1.720556,0.0,4.261,3.723691e-05,37.23691,0.0,4.164,3.317779e-06,3.317779,0.0,4.23,2.103711e-05,21.03711,0.7372549019607842,3.58,1.829227e-06,1.829227,0.0,4.329,6.061059e-07,0.6061059,0.0,3.995,3.610076e-05,36.10076,0.0,4.294,9.077276e-07,0.9077276
580,580,1.54736509e-05,15.4736509,0,1,15.999999999999996,,False,,0.0,4.318,6.436324e-07,0.6436324,0.1333333333333333,4.116,6.175635e-06,6.175635,0.0,4.164,1.928031e-07,0.1928031,0.0,4.23,1.927084e-06,1.927084,0.0,3.977,2.05661e-06,2.05661,0.0,4.329,1.971154e-07,0.1971154,0.0,3.995,3.115749e-06,3.115749,0.0,4.294,1.165022e-06,1.165022
581,581,8.210981339999999e-05,82.10981340000001,0,1,88.47058823529412,,False,,0.0,4.318,4.749978e-07,0.4749978,0.0,4.261,1.362584e-06,1.362584,0.0,4.164,1.895305e-05,18.95305,0.7372549019607842,3.865,4.203896e-06,4.203896,0.0,3.977,4.553624e-06,4.553624,0.0,4.329,5.087071e-05,50.87071,0.0,3.995,7.207979e-07,0.7207979,0.0,4.294,9.701537e-07,0.9701537
582,582,9.953299134e-05,99.53299134,0,1,110.1176470588235,,False,,0.0,4.318,4.486214e-07,0.4486214,0.0,4.261,5.094272e-06,5.094272,0.9176470588235291,3.747,4.687128e-05,46.87128,0.0,4.23,9.397306e-07,0.9397306,0.0,3.977,4.501978e-05,45.01978,0.0,4.329,5.234554e-08,0.05234554,0.0,3.995,1.104407e-07,0.1104407,0.0,4.294,9.965211e-07,0.9965211
583,583,9.90344092e-05,99.03440919999998,0,1,110.1176470588235,,False,,0.0,4.318,2.532416e-06,2.532416,0.9176470588235291,3.855,5.194711e-05,51.94711,0.0,4.164,5.745494e-07,0.5745494,0.0,4.23,1.550919e-05,15.50919,0.0,3.977,6.011703e-06,6.011703000000001,0.0,4.329,5.924798e-07,0.5924798,0.0,3.995,2.040791e-05,20.40791,0.0,4.294,1.459051e-06,1.459051
584,584,2.460289185e-05,24.60289185,0,1,26.352941176470587,,False,,0.0,4.318,1.395204e-07,0.1395204,0.0,4.261,9.920948e-07,0.9920948,0.2196078431372549,3.962,1.357663e-05,13.57663,0.0,4.23,1.001527e-06,1.001527,0.0,3.977,7.770058e-06,7.770058000000001,0.0,4.329,7.747016e-08,0.07747016,0.0,3.995,3.461149e-08,0.03461149,0.0,4.294,1.01098e-06,1.01098
585,585,2.37900813e-05,23.7900813,0,1,26.352941176470587,,False,,0.0,4.318,8.316503e-07,0.8316503000000001,0.2196078431372549,4.075,1.079232e-05,10.79232,0.0,4.164,2.36404e-07,0.236404,0.0,4.23,3.151591e-06,3.151591,0.0,3.977,2.364004e-06,2.364004,0.0,4.329,2.47386e-07,0.247386,0.0,3.995,4.953396e-06,4.953396,0.0,4.294,1.21333e-06,1.21333
586,586,7.865487054999999e-05,78.65487055,0,1,87.52941176470588,,False,,0.0,4.318,3.173068e-07,0.3173068,0.0,4.261,3.8957e-06,3.8957,0.7294117647058823,3.796,3.81121e-05,38.1121,0.0,4.23,9.683898e-07,0.9683898,0.0,3.977,3.423912e-05,34.23912,0.0,4.329,5.806978e-08,0.05806978,0.0,3.995,6.032517e-08,0.06032517,0.0,4.294,1.003859e-06,1.003859
587,587,5.05172039e-05,50.5172039,0,1,45.647058823529406,,False,,0.0,4.318,2.531538e-07,0.2531538,0.0,4.261,1.21434e-05,12.1434,0.0,4.164,4.609299e-07,0.4609299,0.0,4.23,1.072059e-05,10.72059,0.380392156862745,3.703,3.379676e-06,3.3796760000000003,0.0,4.329,2.446039e-07,0.2446039,0.0,3.995,2.244523e-05,22.44523,0.0,4.294,8.696203e-07,0.8696202999999999
588,588,7.825237859999999e-05,78.25237860000001,0,1,87.52941176470588,,False,,0.0,4.318,2.061869e-06,2.061869,0.7294117647058823,3.905,4.055128e-05,40.55128,0.0,4.164,4.863939e-07,0.4863939,0.0,4.23,1.202628e-05,12.02628,0.0,3.977,4.93052e-06,4.9305200000000005,0.0,4.329,5.073757e-07,0.5073757,0.0,3.995,1.627904e-05,16.279040000000002,0.0,4.294,1.40962e-06,1.40962
589,589,4.44612866e-05,44.4612866,0,2,45.647058823529406,,False,,0.0,4.318,4.685498e-07,0.4685498,0.0,4.261,1.124771e-06,1.124771,0.0,4.164,9.96036e-06,9.96036,0.380392156862745,3.971,2.93824e-06,2.93824,0.0,3.977,2.046618e-06,2.046618,0.0,4.329,2.673857e-05,26.73857,0.0,3.995,2.390856e-07,0.2390855999999999,0.0,4.294,9.450922e-07,0.9450922
590,590,0.0001023116247,102.3116247,0,1,96.94117647058822,,False,,0.0,4.318,1.125437e-06,1.125437,0.0,4.261,2.924863e-05,29.24863,0.0,4.164,9.606443e-07,0.9606443,0.0,4.23,2.216098e-05,22.16098,0.8078431372549019,3.559,4.169867e-06,4.169867,0.0,4.329,7.462215e-07,0.7462215,0.0,3.995,4.299831e-05,42.99831,0.0,4.294,9.015349e-07,0.9015349
591,591,3.054490791e-05,30.54490791,0,1,32.94117647058823,,False,,0.0,4.318,1.407725e-07,0.1407725,0.0,4.261,1.288279e-06,1.2882790000000002,0.2745098039215686,3.938,1.647769e-05,16.47769,0.0,4.23,1.007541e-06,1.007541,0.0,3.977,1.052143e-05,10.52143,0.0,4.329,7.493065e-08,0.07493065,0.0,3.995,2.388576e-08,0.02388576,0.0,4.294,1.010379e-06,1.010379
592,592,8.92408193e-05,89.2408193,0,1,96.94117647058822,,False,,0.0,4.318,4.795509e-07,0.4795509,0.0,4.261,1.402882e-06,1.4028820000000002,0.0,4.164,2.064764e-05,20.647640000000003,0.8078431372549019,3.847,4.425569e-06,4.425568999999999,0.0,3.977,5.11503e-06,5.11503,0.0,4.329,5.53737e-05,55.3737,0.0,3.995,8.282304e-07,0.8282304,0.0,4.294,9.68217e-07,0.968217
593,593,1.90785968842e-05,19.0785968842,0,1,16.470588235294116,,False,,0.0,4.318,1.844042e-10,0.0001844042,0.0,4.261,2.751917e-06,2.751917,0.0,4.164,1.805514e-07,0.1805514,0.0,4.23,3.799378e-06,3.799378,0.1372549019607843,3.826,2.751103e-06,2.751103,0.0,4.329,2.495668e-08,0.02495668,0.0,3.995,8.679014e-06,8.679013999999999,0.0,4.294,8.914924e-07,0.8914924000000001
594,594,2.94142072e-05,29.4142072,0,1,32.94117647058823,,False,,0.0,4.318,9.56593e-07,0.956593,0.2745098039215686,4.052,1.384975e-05,13.84975,0.0,4.164,2.65058e-07,0.265058,0.0,4.23,4.054447e-06,4.054447,0.0,3.977,2.598168e-06,2.598168,0.0,4.329,2.782942e-07,0.2782942,0.0,3.995,6.171463e-06,6.171463,0.0,4.294,1.240434e-06,1.2404339999999998
595,595,1.690650066e-05,16.906500660000003,0,1,16.470588235294116,,False,,0.0,4.318,4.644525e-07,0.4644525,0.0,4.261,8.73797e-07,0.873797,0.0,4.164,3.215897e-06,3.215897,0.1372549019607843,4.082,1.832892e-06,1.832892,0.0,3.977,8.965102e-07,0.8965101999999999,0.0,4.329,8.633496e-06,8.633496000000001,0.0,3.995,4.479466e-08,0.04479466,0.0,4.294,9.446613e-07,0.9446613
596,596,4.802009472e-05,48.02009472,0,1,52.70588235294116,,False,,0.0,4.318,1.802476e-07,0.1802475999999999,0.0,4.261,2.198162e-06,2.1981620000000004,0.4392156862745097,3.88,2.462062e-05,24.62062,0.0,4.23,9.992514e-07,0.9992514,0.0,3.977,1.892352e-05,18.92352,0.0,4.329,7.010298e-08,0.07010298,0.0,3.995,1.780474e-08,0.01780474,0.0,4.294,1.010386e-06,1.010386
597,597,8.46768761e-05,84.6768761,0,1,78.58823529411765,,False,,0.0,4.318,7.907747e-07,0.7907747,0.0,4.261,2.327274e-05,23.27274,0.0,4.164,7.90411e-07,0.790411,0.0,4.23,1.827215e-05,18.27215,0.6549019607843137,3.605,3.910071e-06,3.910071,0.0,4.329,5.632654e-07,0.5632654,0.0,3.995,3.619264e-05,36.19264,0.0,4.294,8.84824e-07,0.884824
598,598,4.91011751e-05,49.1011751,0,1,52.70588235294116,,False,,0.0,4.318,1.407559e-06,1.407559,0.4392156862745097,3.985,2.460943e-05,24.60943,0.0,4.164,3.561121e-07,0.3561121,0.0,4.23,7.213315e-06,7.213315000000001,0.0,3.977,3.496604e-06,3.496604,0.0,4.329,3.76206e-07,0.376206,0.0,3.995,1.031927e-05,10.31927,0.0,4.294,1.322679e-06,1.322679
599,599,7.312739639999999e-05,73.12739640000001,0,1,78.58823529411765,,False,,0.0,4.318,4.804844e-07,0.4804844,0.0,4.261,1.315836e-06,1.315836,0.0,4.164,1.681568e-05,16.81568,0.6549019607843137,3.888,3.914395e-06,3.914395,0.0,3.977,3.896956e-06,3.896956,0.0,4.329,4.515123e-05,45.15123,0.0,3.995,5.937428e-07,0.5937428,0.0,4.294,9.590722e-07,0.9590722
600,600,6.094748407e-05,60.94748407,0,1,68.23529411764706,,False,,0.0,4.318,2.278653e-07,0.2278653,0.0,4.261,2.905381e-06,2.905381,0.5686274509803921,3.842,3.04036e-05,30.4036,0.0,4.23,9.898351e-07,0.9898351,0.0,3.977,2.531947e-05,25.31947,0.0,4.329,6.384659e-08,0.06384659,0.0,3.995,2.989508e-08,0.02989508,0.0,4.294,1.007591e-06,1.007591
601,601,6.25997843e-05,62.59978429999999,0,1,68.23529411764706,,False,,0.0,4.318,1.709405e-06,1.709405,0.5686274509803921,3.946,3.196183e-05,31.96183,0.0,4.164,4.160326e-07,0.4160326,0.0,4.23,9.45922e-06,9.45922,0.0,3.977,4.137895e-06,4.137895,0.0,4.329,4.412967e-07,0.4412967,0.0,3.995,1.310871e-05,13.10871,0.0,4.294,1.365395e-06,1.365395
602,602,3.637042153e-05,36.37042153,0,1,42.35294117647059,,False,,0.0,4.318,1.467729e-07,0.1467728999999999,0.0,4.261,1.583154e-06,1.583154,0.3529411764705882,3.917,1.931014e-05,19.31014,0.0,4.23,1.002334e-06,1.002334,0.0,3.977,1.322023e-05,13.22023,0.0,4.329,7.301551e-08,0.07301551,0.0,3.995,1.855912e-08,0.01855912,0.0,4.294,1.016216e-06,1.016216
603,603,4.67971954e-05,46.7971954,0,1,42.82352941176471,,False,,0.0,4.318,2.046214e-07,0.2046214,0.0,4.261,1.103075e-05,11.03075,0.0,4.164,4.235232e-07,0.4235232,0.0,4.23,9.880086e-06,9.880086,0.3568627450980392,3.715,3.321884e-06,3.321884,0.0,4.329,2.131456e-07,0.2131456,0.0,3.995,2.085592e-05,20.85592,0.0,4.294,8.672652e-07,0.8672652000000001
604,604,3.70062034e-05,37.0062034,0,1,42.35294117647059,,False,,0.0,4.318,1.131039e-06,1.131039,0.3529411764705882,4.024,1.800076e-05,18.00076,0.0,4.164,3.005773e-07,0.3005773,0.0,4.23,5.254807e-06,5.254807,0.0,3.977,2.930461e-06,2.930461,0.0,4.329,3.182751e-07,0.3182751,0.0,3.995,7.795605e-06,7.795605000000001,0.0,4.294,1.274679e-06,1.274679
605,605,4.21312048e-05,42.1312048,0,1,42.82352941176471,,False,,0.0,4.318,4.685757e-07,0.4685757,0.0,4.261,1.107156e-06,1.107156,0.0,4.164,9.399098e-06,9.399098,0.3568627450980392,3.979,2.852105e-06,2.8521050000000003,0.0,3.977,1.929879e-06,1.929879,0.0,4.329,2.521974e-05,25.21974,0.0,3.995,2.139294e-07,0.2139294,0.0,4.294,9.407217e-07,0.9407217
606,606,4.652764423e-05,46.52764422999999,0,1,51.2941176470588,,False,,0.0,4.318,1.717478e-07,0.1717478,0.0,4.261,2.113765e-06,2.113765,0.4274509803921567,3.884,2.398864e-05,23.98864,0.0,4.23,9.954719e-07,0.9954719,0.0,3.977,1.815879e-05,18.15879,0.0,4.329,6.964824e-08,0.06964824,0.0,3.995,1.752329e-08,0.01752329,0.0,4.294,1.012058e-06,1.012058
607,607,4.65522082e-05,46.5522082,0,1,51.2941176470588,,False,,0.0,4.318,1.341096e-06,1.341096,0.4274509803921567,3.993,2.316916e-05,23.16916,0.0,4.164,3.41945e-07,0.341945,0.0,4.23,6.84373e-06,6.84373,0.0,3.977,3.372438e-06,3.372438,0.0,4.329,3.640492e-07,0.3640492,0.0,3.995,9.798551e-06,9.798551,0.0,4.294,1.321239e-06,1.321239
608,608,4.521183904e-05,45.21183904,0,1,49.88235294117648,,False,,0.0,4.318,1.674088e-07,0.1674088,0.0,4.261,2.041067e-06,2.041067,0.415686274509804,3.888,2.341153e-05,23.41153,0.0,4.23,9.970757e-07,0.9970757,0.0,3.977,1.749075e-05,17.49075,0.0,4.329,6.935149e-08,0.06935149,0.0,3.995,1.689105e-08,0.01689105,0.0,4.294,1.017765e-06,1.0177649999999998
609,609,7.123584270000001e-05,71.2358427,0,1,65.88235294117648,,False,,0.0,4.318,5.564701e-07,0.5564701000000001,0.0,4.261,1.872587e-05,18.72587,0.0,4.164,6.616954e-07,0.6616954,0.0,4.23,1.529826e-05,15.29826,0.5490196078431373,3.642,3.703965e-06,3.703965,0.0,4.329,4.268981e-07,0.4268981,0.0,3.995,3.098594e-05,30.98594,0.0,4.294,8.767441e-07,0.8767441
610,610,4.69472171e-05,46.9472171,0,1,49.88235294117648,,False,,0.0,4.318,1.3555e-06,1.3555,0.415686274509804,3.992,2.346813e-05,23.46813,0.0,4.164,3.478271e-07,0.3478271,0.0,4.23,6.850252e-06,6.850252,0.0,3.977,3.377779e-06,3.3777790000000003,0.0,4.329,3.66399e-07,0.366399,0.0,3.995,9.870972e-06,9.870972,0.0,4.294,1.310358e-06,1.310358
611,611,7.23270972e-05,72.32709720000001,0,1,80.94117647058823,,False,,0.0,4.318,2.823931e-07,0.2823931,0.0,4.261,3.545298e-06,3.5452980000000003,0.6745098039215686,3.812,3.543003e-05,35.43003,0.0,4.23,9.739389e-07,0.9739389,0.0,3.977,3.098317e-05,30.983170000000005,0.0,4.329,6.036531e-08,0.06036531,0.0,3.995,4.790989e-08,0.04790989,0.0,4.294,1.003992e-06,1.003992
612,612,6.12415167e-05,61.24151669999999,0,1,65.88235294117648,,False,,0.0,4.318,4.772876e-07,0.4772876,0.0,4.261,1.238265e-06,1.238265,0.0,4.164,1.397687e-05,13.97687,0.5490196078431373,3.921,3.521823e-06,3.521823,0.0,3.977,3.095645e-06,3.095645,0.0,4.329,3.754967e-05,37.54967,0.0,3.995,4.343777e-07,0.4343777,0.0,4.294,9.475784e-07,0.9475784
613,613,7.21341844e-05,72.13418440000001,0,1,80.94117647058823,,False,,0.0,4.318,1.924942e-06,1.924942,0.6745098039215686,3.921,3.719009e-05,37.19009,0.0,4.164,4.619787e-07,0.4619787,0.0,4.23,1.101181e-05,11.01181,0.0,3.977,4.623393e-06,4.623393,0.0,4.329,4.823677e-07,0.4823676999999999,0.0,3.995,1.504834e-05,15.04834,0.0,4.294,1.391263e-06,1.391263
614,614,7.814325364000001e-05,78.14325364000001,0,2,87.05882352941177,,False,,0.0,4.318,3.102359e-07,0.3102359,0.0,4.261,3.876743e-06,3.876743,0.7254901960784313,3.797,3.793616e-05,37.93616,0.0,4.23,9.650157e-07,0.9650157,0.0,3.977,3.393421e-05,33.93421,0.0,4.329,5.777752e-08,0.05777752,0.0,3.995,5.926252e-08,0.05926252,0.0,4.294,1.003849e-06,1.003849
615,615,8.73351292e-05,87.3351292,0,1,85.64705882352942,,False,,0.0,4.318,1.571309e-06,1.5713089999999998,0.0,4.261,1.206747e-05,12.06747,0.0,4.164,5.294232e-07,0.5294232000000001,0.0,4.23,2.815837e-05,28.15837,0.7137254901960784,3.588,3.518013e-06,3.5180130000000003,0.0,4.329,2.596415e-07,0.2596415,0.0,3.995,4.048989e-05,40.48989,0.0,4.294,7.410125e-07,0.7410125
616,616,7.75050293e-05,77.5050293,0,1,87.05882352941177,,False,,0.0,4.318,2.037666e-06,2.037666,0.7254901960784313,3.907,4.000997e-05,40.00997,0.0,4.164,4.848225e-07,0.4848225,0.0,4.23,1.197034e-05,11.97034,0.0,3.977,4.88697e-06,4.886970000000001,0.0,4.329,5.073418e-07,0.5073418,0.0,3.995,1.62071e-05,16.2071,0.0,4.294,1.400819e-06,1.400819
617,617,7.918948590000001e-05,79.18948590000001,0,2,85.64705882352942,,False,,0.0,4.318,4.825749e-07,0.4825749,0.0,4.261,1.344098e-06,1.344098,0.0,4.164,1.8216e-05,18.216,0.7137254901960784,3.872,4.097943e-06,4.097943,0.0,3.977,4.334816e-06,4.334816,0.0,4.329,4.906049e-05,49.06049,0.0,3.995,6.834179e-07,0.6834179,0.0,4.294,9.701461e-07,0.9701461
618,618,5.52734992e-05,55.2734992,0,1,50.35294117647059,,False,,0.0,4.318,3.210879e-07,0.3210879,0.0,4.261,1.377886e-05,13.77886,0.0,4.164,5.055726e-07,0.5055726,0.0,4.23,1.172855e-05,11.72855,0.4196078431372549,3.688,3.470174e-06,3.470174,0.0,4.329,2.876195e-07,0.2876195,0.0,3.995,2.431066e-05,24.31066,0.0,4.294,8.709752e-07,0.8709752000000001
619,619,4.8302408e-05,48.302408,0,1,50.35294117647059,,False,,0.0,4.318,4.7078e-07,0.47078,0.0,4.261,1.152898e-06,1.152898,0.0,4.164,1.089407e-05,10.89407,0.4196078431372549,3.959,3.068974e-06,3.068974,0.0,3.977,2.271621e-06,2.271621,0.0,4.329,2.921623e-05,29.21623,0.0,3.995,2.808281e-07,0.2808281,0.0,4.294,9.470069e-07,0.9470069
620,620,4.06597618e-05,40.659761800000005,0,1,40.0,,False,,0.0,4.318,1.365131e-07,0.1365131,0.0,4.261,9.141982e-06,9.141982,0.0,4.164,3.689202e-07,0.3689202,0.0,4.23,8.492769e-06,8.492769,0.3333333333333333,3.736,3.212316e-06,3.212316,0.0,4.329,1.651977e-07,0.1651977,0.0,3.995,1.827118e-05,18.27118,0.0,4.294,8.708838e-07,0.8708838
621,621,5.66560627e-06,5.66560627,0,1,40.0,,False,,0.0,4.318,4.448937e-07,0.4448937,0.0,4.261,5.889563e-07,0.5889563,0.0,4.164,1.187159e-07,0.1187159,0.3333333333333333,3.988,9.367209e-07,0.9367209,0.0,3.977,2.157222e-06,2.157222,0.0,4.329,8.873477e-08,0.08873477,0.0,3.995,3.396181e-07,0.3396181,0.0,4.294,9.907446e-07,0.9907446
622,622,1.990059512e-05,19.90059512,0,1,22.58823529411764,,False,,0.0,4.318,1.452584e-07,0.1452584,0.0,4.261,7.688088e-07,0.7688088,0.188235294117647,3.983,1.119532e-05,11.19532,0.0,4.23,1.003346e-06,1.003346,0.0,3.977,5.642124e-06,5.642124000000001,0.0,4.329,7.91696e-08,0.0791696,0.0,3.995,5.041732e-08,0.0504173199999999,0.0,4.294,1.016151e-06,1.016151
623,623,2.0736166600000003e-05,20.7361666,0,2,22.58823529411764,,False,,0.0,4.318,7.578294e-07,0.7578294,0.188235294117647,4.089,9.028321e-06,9.028321,0.0,4.164,2.173317e-07,0.2173317,0.0,4.23,2.740335e-06,2.740335,0.0,3.977,2.241407e-06,2.241407,0.0,4.329,2.312695e-07,0.2312695,0.0,3.995,4.315206e-06,4.315206000000001,0.0,4.294,1.204467e-06,1.204467
624,624,5.724760476e-05,57.24760476,0,1,64.4705882352941,,False,,0.0,4.318,2.079137e-07,0.2079136999999999,0.0,4.261,2.697396e-06,2.697396,0.5372549019607842,3.852,2.885145e-05,28.85145,0.0,4.23,9.903911e-07,0.9903911,0.0,3.977,2.339707e-05,23.397070000000003,0.0,4.329,6.522732e-08,0.06522732,0.0,3.995,2.605164e-08,0.0260516399999999,0.0,4.294,1.012105e-06,1.012105
625,625,5.910364980000001e-05,59.1036498,0,1,64.4705882352941,,False,,0.0,4.318,1.619166e-06,1.619166,0.5372549019607842,3.956,2.993113e-05,29.93113,0.0,4.164,3.978442e-07,0.3978442,0.0,4.23,8.954989e-06,8.954989,0.0,3.977,3.972321e-06,3.972321,0.0,4.329,4.231716e-07,0.4231716,0.0,3.995,1.244528e-05,12.44528,0.0,4.294,1.359748e-06,1.359748
626,626,0.0001144890977999,114.4890978,0,1,109.6470588235294,,False,,0.0,4.318,1.384052e-06,1.384052,0.0,4.261,3.343292e-05,33.43292,0.0,4.164,1.085074e-06,1.085074,0.0,4.23,2.482036e-05,24.82036,0.9137254901960784,3.529,4.321562e-06,4.321561999999999,0.0,4.329,8.742114e-07,0.8742114,0.0,3.995,4.7655e-05,47.655,0.0,4.294,9.159184e-07,0.9159184
627,627,0.0001000663142,100.0663142,0,1,109.6470588235294,,False,,0.0,4.318,4.788571e-07,0.4788571,0.0,4.261,1.459385e-06,1.459385,0.0,4.164,2.322409e-05,23.22409,0.9137254901960784,3.82,4.762975e-06,4.762975,0.0,3.977,5.935006e-06,5.935006,0.0,4.329,6.222048e-05,62.22048,0.0,3.995,9.98218e-07,0.998218,0.0,4.294,9.873031e-07,0.9873031
628,628,6.710410442e-05,67.10410442,0,1,75.29411764705883,,False,,0.0,4.318,2.594503e-07,0.2594502999999999,0.0,4.261,3.239142e-06,3.239142,0.6274509803921569,3.826,3.31534e-05,33.1534,0.0,4.23,9.860438e-07,0.9860438,0.0,3.977,2.835571e-05,28.35571,0.0,4.329,6.180481e-08,0.06180481,0.0,3.995,3.959251e-08,0.03959251,0.0,4.294,1.008961e-06,1.008961
629,629,6.85650822e-05,68.56508219999999,0,1,75.29411764705883,,False,,0.0,4.318,1.836424e-06,1.836424,0.6274509803921569,3.93,3.517562e-05,35.175619999999995,0.0,4.164,4.44074e-07,0.4440739999999999,0.0,4.23,1.045395e-05,10.45395,0.0,3.977,4.450741e-06,4.450741,0.0,4.329,4.651222e-07,0.4651222,0.0,3.995,1.435679e-05,14.35679,0.0,4.294,1.382361e-06,1.3823610000000002
630,630,4.6569881110000006e-05,46.56988111,0,1,51.764705882352935,,False,,0.0,4.318,1.727015e-07,0.1727014999999999,0.0,4.261,2.113559e-06,2.113559,0.4313725490196078,3.884,2.401153e-05,24.01153,0.0,4.23,1.000239e-06,1.000239,0.0,3.977,1.817359e-05,18.17359,0.0,4.329,6.892668e-08,0.0689266799999999,0.0,3.995,1.806593e-08,0.0180659299999999,0.0,4.294,1.011269e-06,1.011269
631,631,3.432756874e-05,34.32756874,0,1,30.117647058823536,,False,,0.0,4.318,7.523054e-08,0.07523054,0.0,4.261,7.192994e-06,7.192994,0.0,4.164,3.108232e-07,0.3108231999999999,0.0,4.23,7.128723e-06,7.128723,0.2509803921568628,3.759,3.086094e-06,3.086094,0.0,4.329,1.166406e-07,0.1166406,0.0,3.995,1.55426e-05,15.542599999999998,0.0,4.294,8.744634e-07,0.8744634
632,632,4.81899076e-05,48.1899076,0,1,51.764705882352935,,False,,0.0,4.318,1.373706e-06,1.373706,0.4313725490196078,3.988,2.404511e-05,24.04511,0.0,4.164,3.519489e-07,0.3519489,0.0,4.23,7.130648e-06,7.130648,0.0,3.977,3.449265e-06,3.449265,0.0,4.329,3.706917e-07,0.3706917,0.0,3.995,1.014729e-05,10.14729,0.0,4.294,1.321248e-06,1.321248
633,633,2.839496381e-05,28.394963809999997,0,1,30.117647058823536,,False,,0.0,4.318,4.627316e-07,0.4627316,0.0,4.261,9.919478e-07,0.9919478,0.0,4.164,6.071406e-06,6.071406,0.2509803921568628,4.029,2.331745e-06,2.331745,0.0,3.977,1.26223e-06,1.26223,0.0,4.329,1.623615e-05,16.23615,0.0,3.995,9.742801e-08,0.09742801,0.0,4.294,9.413254e-07,0.9413254
634,634,6.04369636e-05,60.4369636,0,1,55.52941176470589,,False,,0.0,4.318,3.92199e-07,0.392199,0.0,4.261,1.533087e-05,15.33087,0.0,4.164,5.559012e-07,0.5559012,0.0,4.23,1.288217e-05,12.88217,0.4627450980392157,3.673,3.524178e-06,3.524178,0.0,4.329,3.275054e-07,0.3275054,0.0,3.995,2.655359e-05,26.55359,0.0,4.294,8.7055e-07,0.8705499999999999
635,635,5.13626803e-05,51.36268030000001,0,1,55.52941176470589,,False,,0.0,4.318,4.709796e-07,0.4709796,0.0,4.261,1.17293e-06,1.17293,0.0,4.164,1.163575e-05,11.63575,0.4627450980392157,3.95,3.17893e-06,3.1789300000000003,0.0,3.977,2.46571e-06,2.46571,0.0,4.329,3.117931e-05,31.17931,0.0,3.995,3.153602e-07,0.3153602,0.0,4.294,9.437105e-07,0.9437105
636,636,4.575644219e-05,45.75644219,0,1,50.823529411764696,,False,,0.0,4.318,1.692343e-07,0.1692343,0.0,4.261,2.073104e-06,2.073104,0.4235294117647058,3.886,2.364481e-05,23.64481,0.0,4.23,9.998014e-07,0.9998014,0.0,3.977,1.776734e-05,17.76734,0.0,4.329,6.930749e-08,0.06930749,0.0,3.995,1.8076e-08,0.018076,0.0,4.294,1.014769e-06,1.014769
637,637,4.49129401e-05,44.9129401,0,1,50.823529411764696,,False,,0.0,4.318,1.29923e-06,1.29923,0.4235294117647058,3.998,2.225228e-05,22.25228,0.0,4.164,3.346802e-07,0.3346802,0.0,4.23,6.599159e-06,6.599159,0.0,3.977,3.286772e-06,3.286772,0.0,4.329,3.562399e-07,0.3562399,0.0,3.995,9.480589e-06,9.480589,0.0,4.294,1.30399e-06,1.30399
638,638,7.947038176e-05,79.47038176000001,0,1,88.47058823529412,,False,,0.0,4.318,3.20527e-07,0.320527,0.0,4.261,3.940102e-06,3.940102,0.7372549019607842,3.794,3.853691e-05,38.53691,0.0,4.23,9.716085e-07,0.9716085,0.0,3.977,3.457852e-05,34.578520000000005,0.0,4.329,5.66641e-08,0.0566641,0.0,3.995,6.366816e-08,0.06366816,0.0,4.294,1.002382e-06,1.002382
639,639,7.916309380000001e-05,79.16309380000001,0,2,88.47058823529412,,False,,0.0,4.318,2.078805e-06,2.078805,0.7372549019607842,3.903,4.09734e-05,40.973400000000005,0.0,4.164,4.908739e-07,0.4908739,0.0,4.23,1.220243e-05,12.20243,0.0,3.977,4.97398e-06,4.973979999999999,0.0,4.329,5.111999e-07,0.5111999,0.0,3.995,1.651958e-05,16.519579999999998,0.0,4.294,1.412825e-06,1.412825
640,640,5.650887720000001e-06,5.65088772,0,1,2.823529411764696,,False,,0.0,4.318,4.439098e-07,0.4439098,0.0,4.261,5.847687e-07,0.5847686999999999,0.0,4.164,1.195257e-07,0.1195257,0.0,4.23,9.344458e-07,0.9344458,0.0235294117647058,3.977,2.153038e-06,2.153038,0.0,4.329,8.893382e-08,0.08893382,0.0,3.995,3.363165e-07,0.3363165,0.0,4.294,9.899494e-07,0.9899494
641,641,5.66073243e-06,5.66073243,0,1,2.823529411764696,,False,,0.0,4.318,4.439581e-07,0.4439581,0.0,4.261,5.86447e-07,0.586447,0.0,4.164,1.19639e-07,0.119639,0.0235294117647058,4.23,9.344741e-07,0.9344741,0.0,3.977,2.157708e-06,2.157708,0.0,4.329,8.851153e-08,0.0885115299999999,0.0,3.995,3.377893e-07,0.3377893,0.0,4.294,9.922054e-07,0.9922054
642,642,4.143185837e-05,41.43185837,0,1,45.647058823529406,,False,,0.0,4.318,1.574285e-07,0.1574285,0.0,4.261,1.838079e-06,1.838079,0.380392156862745,3.9,2.166321e-05,21.66321,0.0,4.23,1.001381e-06,1.001381,0.0,3.977,1.567091e-05,15.67091,0.0,4.329,7.082024e-08,0.07082024,0.0,3.995,1.767863e-08,0.01767863,0.0,4.294,1.012351e-06,1.012351
643,643,4.03988572e-05,40.3988572,0,1,45.647058823529406,,False,,0.0,4.318,1.197684e-06,1.197684,0.380392156862745,4.013,1.977379e-05,19.77379,0.0,4.164,3.119029e-07,0.3119029,0.0,4.23,5.871376e-06,5.871376000000001,0.0,3.977,3.076128e-06,3.076128,0.0,4.329,3.352793e-07,0.3352793,0.0,3.995,8.536525e-06,8.536525000000001,0.0,4.294,1.296172e-06,1.296172
644,644,8.674359632e-05,86.74359632,0,1,96.94117647058822,,False,,0.0,4.318,3.584196e-07,0.3584196,0.0,4.261,4.359935e-06,4.359935,0.8078431372549019,3.776,4.165742e-05,41.65742,0.0,4.23,9.601121e-07,0.9601121,0.0,3.977,3.826958e-05,38.269580000000005,0.0,4.329,5.476604e-08,0.05476604,0.0,3.995,7.950458e-08,0.0795045799999999,0.0,4.294,1.003859e-06,1.003859
645,645,8.69512069e-05,86.9512069,0,1,96.94117647058822,,False,,0.0,4.318,2.245966e-06,2.245966,0.8078431372549019,3.884,4.505624e-05,45.05624,0.0,4.164,5.200535e-07,0.5200535,0.0,4.23,1.363404e-05,13.63404,0.0,3.977,5.37108e-06,5.37108,0.0,4.329,5.492594e-07,0.5492594,0.0,3.995,1.813533e-05,18.13533,0.0,4.294,1.439238e-06,1.439238
646,646,1.6047684029999998e-05,16.04768403,0,1,16.470588235294116,,False,,0.0,4.318,1.566395e-07,0.1566395,0.0,4.261,6.011658e-07,0.6011658,0.1372549019607843,4.003,9.13471e-06,9.13471,0.0,4.23,9.989508e-07,0.9989508,0.0,3.977,3.998108e-06,3.998108,0.0,4.329,8.253647e-08,0.08253647,0.0,3.995,6.743146e-08,0.06743146,0.0,4.294,1.008142e-06,1.008142
647,647,1.5668006800000002e-05,15.6680068,0,1,16.470588235294116,,False,,0.0,4.318,6.469876e-07,0.6469876,0.1372549019607843,4.115,6.271026e-06,6.271026,0.0,4.164,1.949555e-07,0.1949555,0.0,4.23,1.958733e-06,1.958733,0.0,3.977,2.061183e-06,2.061183,0.0,4.329,2.002297e-07,0.2002297,0.0,3.995,3.167247e-06,3.167247,0.0,4.294,1.167645e-06,1.167645
648,648,2.1019765444000003e-05,21.019765444,0,1,18.352941176470583,,False,,0.0,4.318,1.087584e-09,0.001087584,0.0,4.261,3.297437e-06,3.297437,0.0,4.164,1.945005e-07,0.1945005,0.0,4.23,4.216776e-06,4.216776,0.1529411764705882,3.816,2.794387e-06,2.794387,0.0,4.329,3.354046e-08,0.03354046,0.0,3.995,9.593872e-06,9.593872,0.0,4.294,8.881649e-07,0.8881648999999999
649,649,7.014968016e-05,70.14968016,0,1,78.58823529411765,,False,,0.0,4.318,2.745393e-07,0.2745393,0.0,4.261,3.415405e-06,3.415405,0.6549019607843137,3.818,3.44107e-05,34.4107,0.0,4.23,9.848793e-07,0.9848793,0.0,3.977,2.994964e-05,29.94964,0.0,4.329,6.141684e-08,0.06141684,0.0,3.995,4.497672e-08,0.04497672,0.0,4.294,1.008123e-06,1.008123
650,650,1.840407396e-05,18.40407396,0,1,18.352941176470583,,False,,0.0,4.318,4.634211e-07,0.4634211,0.0,4.261,8.911537e-07,0.8911537,0.0,4.164,3.591578e-06,3.591578,0.1529411764705882,4.074,1.894506e-06,1.894506,0.0,3.977,9.218254e-07,0.9218254,0.0,4.329,9.643157e-06,9.643157,0.0,3.995,4.818966e-08,0.04818966,0.0,4.294,9.502431e-07,0.9502431
651,651,6.97846941e-05,69.7846941,0,1,78.58823529411765,,False,,0.0,4.318,1.86309e-06,1.86309,0.6549019607843137,3.927,3.580438e-05,35.804379999999995,0.0,4.164,4.47261e-07,0.447261,0.0,4.23,1.070697e-05,10.70697,0.0,3.977,4.494367e-06,4.494367,0.0,4.329,4.703141e-07,0.4703140999999999,0.0,3.995,1.461036e-05,14.61036,0.0,4.294,1.387952e-06,1.387952
652,652,0.0001125005541,112.5005541,0,2,107.29411764705884,,False,,0.0,4.318,1.342351e-06,1.342351,0.0,4.261,3.282233e-05,32.82233,0.0,4.164,1.067679e-06,1.067679,0.0,4.23,2.437125e-05,24.37125,0.8941176470588236,3.534,4.30552e-06,4.3055200000000005,0.0,4.329,8.508355e-07,0.8508355,0.0,3.995,4.6827e-05,46.827,0.0,4.294,9.135886e-07,0.9135886
653,653,9.83687548e-05,98.3687548,0,1,107.29411764705884,,False,,0.0,4.318,4.834004e-07,0.4834003999999999,0.0,4.261,1.450253e-06,1.450253,0.0,4.164,2.278187e-05,22.78187,0.8941176470588236,3.824,4.711049e-06,4.711049,0.0,3.977,5.783681e-06,5.783681,0.0,4.329,6.119867e-05,61.19867,0.0,3.995,9.71208e-07,0.971208,0.0,4.294,9.886234e-07,0.9886234
654,654,9.34872944e-05,93.4872944,0,1,87.99999999999997,,False,,0.0,4.318,9.606579e-07,0.9606579,0.0,4.261,2.6293e-05,26.293,0.0,4.164,8.803913e-07,0.8803913,0.0,4.23,2.013785e-05,20.13785,0.7333333333333331,3.582,4.031292e-06,4.031292,0.0,4.329,6.531311e-07,0.6531311,0.0,3.995,3.963396e-05,39.63396,0.0,4.294,8.970121e-07,0.8970121
655,655,8.13735665e-05,81.37356650000001,0,1,87.99999999999997,,False,,0.0,4.318,4.74255e-07,0.474255,0.0,4.261,1.357075e-06,1.357075,0.0,4.164,1.883561e-05,18.83561,0.7333333333333331,3.867,4.182079e-06,4.182079,0.0,3.977,4.542512e-06,4.542511999999999,0.0,4.329,5.031073e-05,50.31073,0.0,3.995,7.095063e-07,0.7095063,0.0,4.294,9.617992e-07,0.9617992
656,656,8.697010799999999e-05,86.97010800000001,0,1,81.41176470588236,,False,,0.0,4.318,8.377617e-07,0.8377617,0.0,4.261,2.413384e-05,24.13384,0.0,4.164,8.125595e-07,0.8125595,0.0,4.23,1.870855e-05,18.70855,0.6784313725490196,3.599,3.937137e-06,3.937137,0.0,4.329,5.863723e-07,0.5863723,0.0,3.995,3.706473e-05,37.06473,0.0,4.294,8.891575e-07,0.8891574999999999
657,657,3.75667267e-05,37.5667267,0,1,42.82352941176471,,False,,0.0,4.318,1.495654e-07,0.1495654,0.0,4.261,1.639654e-06,1.639654,0.3568627450980392,3.913,1.986956e-05,19.86956,0.0,4.23,1.004897e-06,1.004897,0.0,3.977,1.379823e-05,13.79823,0.0,4.329,7.249381e-08,0.07249381,0.0,3.995,1.861449e-08,0.01861449,0.0,4.294,1.013712e-06,1.013712
658,658,7.60073532e-05,76.0073532,0,1,81.41176470588236,,False,,0.0,4.318,4.756783e-07,0.4756783,0.0,4.261,1.327771e-06,1.327771,0.0,4.164,1.753385e-05,17.53385,0.6784313725490196,3.881,4.007185e-06,4.007185,0.0,3.977,4.135873e-06,4.135873,0.0,4.329,4.693891e-05,46.93891,0.0,3.995,6.318353e-07,0.6318353,0.0,4.294,9.562506e-07,0.9562506
659,659,4.06318273e-05,40.6318273,0,1,42.82352941176471,,False,,0.0,4.318,1.202925e-06,1.202925,0.3568627450980392,4.012,1.991425e-05,19.91425,0.0,4.164,3.154588e-07,0.3154588,0.0,4.23,5.916925e-06,5.916925,0.0,3.977,3.082316e-06,3.082316,0.0,4.329,3.372605e-07,0.3372605,0.0,3.995,8.574191e-06,8.574191,0.0,4.294,1.288501e-06,1.288501
660,660,5.883821536e-05,58.83821536,0,1,65.88235294117648,,False,,0.0,4.318,2.18345e-07,0.2183449999999999,0.0,4.261,2.783421e-06,2.783421,0.5490196078431373,3.848,2.952271e-05,29.52271,0.0,4.23,9.909647e-07,0.9909647,0.0,3.977,2.422089e-05,24.22089,0.0,4.329,6.463147e-08,0.06463147,0.0,3.995,2.832219e-08,0.02832219,0.0,4.294,1.008931e-06,1.008931
661,661,6.0620015500000005e-05,60.6200155,0,1,65.88235294117648,,False,,0.0,4.318,1.655173e-06,1.655173,0.5490196078431373,3.952,3.082322e-05,30.823220000000003,0.0,4.164,4.085528e-07,0.4085528,0.0,4.23,9.178929e-06,9.178929,0.0,3.977,4.042166e-06,4.042166,0.0,4.329,4.289887e-07,0.4289887,0.0,3.995,1.272578e-05,12.72578,0.0,4.294,1.357206e-06,1.357206
662,662,7.74361138e-05,77.43611379999999,0,1,85.64705882352942,,False,,0.0,4.318,3.079354e-07,0.3079353999999999,0.0,4.261,3.826922e-06,3.826922,0.7137254901960784,3.799,3.765745e-05,37.65745,0.0,4.23,9.719132e-07,0.9719132,0.0,3.977,3.355004e-05,33.55004,0.0,4.329,5.832761e-08,0.05832761,0.0,3.995,5.966459e-08,0.0596645899999999,0.0,4.294,1.003861e-06,1.003861
663,663,0.0001007273919,100.7273919,0,1,95.52941176470586,,False,,0.0,4.318,1.1072e-06,1.1072,0.0,4.261,2.882015e-05,28.82015,0.0,4.164,9.530347e-07,0.9530347,0.0,4.23,2.177095e-05,21.77095,0.7960784313725487,3.563,4.155915e-06,4.155914999999999,0.0,4.329,7.302387e-07,0.7302387,0.0,3.995,4.228893e-05,42.28893,0.0,4.294,9.009735e-07,0.9009735
664,664,7.63727306e-05,76.37273060000001,0,1,85.64705882352942,,False,,0.0,4.318,2.011895e-06,2.011895,0.7137254901960784,3.91,3.947101e-05,39.47101,0.0,4.164,4.769511e-07,0.4769511,0.0,4.23,1.175073e-05,11.75073,0.0,3.977,4.838153e-06,4.838153,0.0,4.329,4.973435e-07,0.4973435,0.0,3.995,1.592075e-05,15.920750000000002,0.0,4.294,1.405898e-06,1.405898
665,665,4.563457198e-05,45.63457197999999,0,1,50.35294117647059,,False,,0.0,4.318,1.744265e-07,0.1744264999999999,0.0,4.261,2.06831e-06,2.06831,0.4196078431372549,3.887,2.354742e-05,23.54742,0.0,4.23,1.001011e-06,1.001011,0.0,3.977,1.774243e-05,17.74243,0.0,4.329,6.98841e-08,0.0698841,0.0,3.995,1.781538e-08,0.01781538,0.0,4.294,1.013275e-06,1.013275
666,666,8.817641539999999e-05,88.1764154,0,1,95.52941176470586,,False,,0.0,4.318,4.804821e-07,0.4804820999999999,0.0,4.261,1.400167e-06,1.4001670000000002,0.0,4.164,2.040949e-05,20.40949,0.7960784313725487,3.849,4.391538e-06,4.391538,0.0,3.977,5.041805e-06,5.041805,0.0,4.329,5.46643e-05,54.6643,0.0,3.995,8.149559e-07,0.8149559000000001,0.0,4.294,9.736774e-07,0.9736774
667,667,4.46759229e-05,44.6759229,0,1,50.35294117647059,,False,,0.0,4.318,1.295955e-06,1.295955,0.4196078431372549,3.999,2.210306e-05,22.10306,0.0,4.164,3.336195e-07,0.3336194999999999,0.0,4.23,6.568653e-06,6.568653,0.0,3.977,3.279577e-06,3.279577,0.0,4.329,3.572884e-07,0.3572884,0.0,3.995,9.433846e-06,9.433846,0.0,4.294,1.303924e-06,1.303924
668,668,3.447308907e-05,34.47308907,0,1,40.0,,False,,0.0,4.318,1.466794e-07,0.1466794,0.0,4.261,1.48126e-06,1.48126,0.3333333333333333,3.924,1.83888e-05,18.3888,0.0,4.23,1.007196e-06,1.007196,0.0,3.977,1.234002e-05,12.34002,0.0,4.329,7.367637e-08,0.0736763699999999,0.0,3.995,2.03923e-08,0.0203923,0.0,4.294,1.015065e-06,1.015065
669,669,3.53386829e-05,35.338682899999995,0,1,40.0,,False,,0.0,4.318,1.088869e-06,1.088869,0.3333333333333333,4.03,1.705294e-05,17.05294,0.0,4.164,2.938531e-07,0.2938531,0.0,4.23,5.007111e-06,5.007111,0.0,3.977,2.850378e-06,2.850378,0.0,4.329,3.106358e-07,0.3106358,0.0,3.995,7.468463e-06,7.468463,0.0,4.294,1.266433e-06,1.266433
670,670,3.022419143e-05,30.22419143,0,1,25.882352941176467,,False,,0.0,4.318,4.265709e-08,0.04265709,0.0,4.261,5.968512e-06,5.968512,0.0,4.164,2.763053e-07,0.2763053,0.0,4.23,6.216487e-06,6.216487,0.2156862745098039,3.775,3.013092e-06,3.0130920000000003,0.0,4.329,8.934624e-08,0.08934624,0.0,3.995,1.374065e-05,13.74065,0.0,4.294,8.771418e-07,0.8771418000000001
671,671,9.887862174e-05,98.87862174,0,1,109.6470588235294,,False,,0.0,4.318,4.418966e-07,0.4418966,0.0,4.261,5.060409e-06,5.060409,0.9137254901960784,3.748,4.66722e-05,46.6722,0.0,4.23,9.491596e-07,0.9491596,0.0,3.977,4.45909e-05,44.5909,0.0,4.329,5.325014e-08,0.05325014,0.0,3.995,1.117239e-07,0.1117239,0.0,4.294,9.990825e-07,0.9990825
672,672,2.450097197e-05,24.50097197,0,1,25.882352941176467,,False,,0.0,4.318,4.672759e-07,0.4672758999999999,0.0,4.261,9.599989e-07,0.9599989,0.0,4.164,5.112188e-06,5.112188,0.2156862745098039,4.045,2.169791e-06,2.169791,0.0,3.977,1.094685e-06,1.094685,0.0,4.329,1.368205e-05,13.68205,0.0,3.995,7.263737e-08,0.0726373699999999,0.0,4.294,9.423458e-07,0.9423458
673,673,9.77379125e-05,97.7379125,0,1,91.76470588235291,,False,,0.0,4.318,1.040899e-06,1.040899,0.0,4.261,2.783283e-05,27.83283,0.0,4.164,9.094841e-07,0.9094841,0.0,4.23,2.104402e-05,21.04402,0.7647058823529411,3.571,4.116775e-06,4.116775,0.0,4.329,6.944739e-07,0.6944739,0.0,3.995,4.119866e-05,41.19866,0.0,4.294,9.007705e-07,0.9007705
674,674,9.85502169e-05,98.5502169,0,1,109.6470588235294,,False,,0.0,4.318,2.519549e-06,2.519549,0.9137254901960784,3.856,5.158962e-05,51.58962,0.0,4.164,5.769503e-07,0.5769502999999999,0.0,4.23,1.54385e-05,15.4385,0.0,3.977,5.984529e-06,5.984529,0.0,4.329,5.989536e-07,0.5989536000000001,0.0,3.995,2.038213e-05,20.38213,0.0,4.294,1.459985e-06,1.459985
675,675,8.49976704e-05,84.9976704,0,1,91.76470588235291,,False,,0.0,4.318,4.864506e-07,0.4864505999999999,0.0,4.261,1.387504e-06,1.3875039999999998,0.0,4.164,1.966224e-05,19.66224,0.7647058823529411,3.857,4.302133e-06,4.302133,0.0,3.977,4.769641e-06,4.769641,0.0,4.329,5.265115e-05,52.65115,0.0,3.995,7.663672e-07,0.7663672,0.0,4.294,9.721846e-07,0.9721846
676,676,8.02256555e-05,80.2256555,0,1,74.35294117647061,,False,,0.0,4.318,7.166391e-07,0.7166391,0.0,4.261,2.187701e-05,21.87701,0.0,4.164,7.502993e-07,0.7502993,0.0,4.23,1.722645e-05,17.22645,0.619607843137255,3.617,3.857203e-06,3.857203,0.0,4.329,5.166473e-07,0.5166473,0.0,3.995,3.439748e-05,34.39748,0.0,4.294,8.839268e-07,0.8839268
677,677,6.98191158e-05,69.81911579999999,0,1,74.35294117647061,,False,,0.0,4.318,4.767797e-07,0.4767797,0.0,4.261,1.29942e-06,1.29942,0.0,4.164,1.606495e-05,16.06495,0.619607843137255,3.897,3.805738e-06,3.805738,0.0,3.977,3.691333e-06,3.691333,0.0,4.329,4.297654e-05,42.97654,0.0,3.995,5.481469e-07,0.5481469,0.0,4.294,9.562082e-07,0.9562082
678,678,5.68652737e-06,5.68652737,0,1,78.11764705882354,,False,,0.0,4.318,4.474504e-07,0.4474504,0.0,4.261,5.933689e-07,0.5933689,0.0,4.164,1.182122e-07,0.1182122,0.0,4.23,9.40029e-07,0.940029,0.6509803921568628,3.605,2.157873e-06,2.157873,0.0,4.329,9.032787e-08,0.09032787,0.0,3.995,3.43054e-07,0.3430539999999999,0.0,4.294,9.96212e-07,0.996212
679,679,7.20278501e-05,72.0278501,0,1,78.11764705882354,,False,,0.0,4.318,4.817217e-07,0.4817217,0.0,4.261,1.314044e-06,1.314044,0.0,4.164,1.655279e-05,16.55279,0.6509803921568628,3.891,3.880368e-06,3.880368,0.0,3.977,3.822537e-06,3.822537,0.0,4.329,4.443703e-05,44.43703,0.0,3.995,5.79347e-07,0.5793470000000001,0.0,4.294,9.600124e-07,0.9600124
680,680,2.557230315e-05,25.57230315,0,1,30.117647058823536,,False,,0.0,4.318,1.401048e-07,0.1401048,0.0,4.261,1.034506e-06,1.034506,0.2509803921568628,3.958,1.409177e-05,14.09177,0.0,4.23,1.009629e-06,1.009629,0.0,3.977,8.167965e-06,8.167964999999999,0.0,4.329,7.777444e-08,0.07777444,0.0,3.995,3.294891e-08,0.03294891,0.0,4.294,1.017605e-06,1.017605
681,681,2.7688259500000003e-05,27.6882595,0,1,30.117647058823536,,False,,0.0,4.318,9.172189e-07,0.9172189,0.2509803921568628,4.059,1.285764e-05,12.85764,0.0,4.164,2.542178e-07,0.2542178,0.0,4.23,3.801951e-06,3.801951,0.0,3.977,2.531318e-06,2.531318,0.0,4.329,2.722338e-07,0.2722338,0.0,3.995,5.820261e-06,5.820261,0.0,4.294,1.233419e-06,1.233419
682,682,5.063507648e-05,50.63507648,0,1,55.52941176470589,,False,,0.0,4.318,1.894995e-07,0.1894995,0.0,4.261,2.33431e-06,2.33431,0.4627450980392157,3.872,2.58633e-05,25.8633,0.0,4.23,9.986204e-07,0.9986204,0.0,3.977,2.014779e-05,20.14779,0.0,4.329,6.967278e-08,0.06967278,0.0,3.995,2.02118e-08,0.0202118,0.0,4.294,1.011672e-06,1.011672
683,683,5.18981646e-05,51.8981646,0,2,55.52941176470589,,False,,0.0,4.318,1.462275e-06,1.462275,0.4627450980392157,3.977,2.610689e-05,26.10689,0.0,4.164,3.716193e-07,0.3716193,0.0,4.23,7.671984e-06,7.671984,0.0,3.977,3.620384e-06,3.620384,0.0,4.329,3.916013e-07,0.3916013,0.0,3.995,1.093932e-05,10.93932,0.0,4.294,1.334091e-06,1.334091
684,684,7.27778684e-05,72.7778684,0,1,67.29411764705883,,False,,0.0,4.318,5.875071e-07,0.5875071000000001,0.0,4.261,1.950167e-05,19.50167,0.0,4.164,6.665662e-07,0.6665662,0.0,4.23,1.55387e-05,15.5387,0.5607843137254902,3.637,3.763922e-06,3.763922,0.0,4.329,4.443445e-07,0.4443445,0.0,3.995,3.139773e-05,31.397730000000003,0.0,4.294,8.774286e-07,0.8774286
685,685,6.27532605e-05,62.7532605,0,1,67.29411764705883,,False,,0.0,4.318,4.828985e-07,0.4828985,0.0,4.261,1.256886e-06,1.256886,0.0,4.164,1.433447e-05,14.33447,0.5607843137254902,3.916,3.573894e-06,3.573894,0.0,3.977,3.179258e-06,3.179258,0.0,4.329,3.85133e-05,38.5133,0.0,3.995,4.560493e-07,0.4560493,0.0,4.294,9.565047e-07,0.9565047
686,686,6.0978389e-05,60.97838900000001,0,1,57.88235294117647,,False,,0.0,4.318,4.002322e-07,0.4002322,0.0,4.261,1.558654e-05,15.58654,0.0,4.164,5.57082e-07,0.557082,0.0,4.23,1.295844e-05,12.95844,0.4823529411764706,3.671,3.569823e-06,3.569823,0.0,4.329,3.337478e-07,0.3337478,0.0,3.995,2.669798e-05,26.69798,0.0,4.294,8.74544e-07,0.874544
687,687,5.55234666e-05,55.5234666,0,1,57.88235294117647,,False,,0.0,4.318,4.782253e-07,0.4782253,0.0,4.261,1.209072e-06,1.209072,0.0,4.164,1.26355e-05,12.6355,0.4823529411764706,3.937,3.323191e-06,3.323191,0.0,3.977,2.701734e-06,2.701734,0.0,4.329,3.386083e-05,33.86083,0.0,3.995,3.635767e-07,0.3635767,0.0,4.294,9.513376e-07,0.9513376
688,688,6.46428271e-05,64.6428271,0,1,59.29411764705883,,False,,0.0,4.318,4.581495e-07,0.4581495,0.0,4.261,1.682392e-05,16.82392,0.0,4.164,5.943346e-07,0.5943346,0.0,4.23,1.376502e-05,13.76502,0.4941176470588236,3.66,3.629407e-06,3.629407,0.0,4.329,3.683226e-07,0.3683226,0.0,3.995,2.812749e-05,28.12749,0.0,4.294,8.761834e-07,0.8761834
689,689,5.34832718e-06,5.34832718,0,1,2.823529411764696,,False,,0.0,4.318,2.832412e-07,0.2832412,0.0,4.261,2.910136e-07,0.2910136,0.0235294117647058,4.095,2.208433e-06,2.2084330000000003,0.0,4.23,9.78261e-07,0.978261,0.0,3.977,2.97764e-07,0.297764,0.0,4.329,8.863248e-08,0.08863248,0.0,3.995,1.942169e-07,0.1942169,0.0,4.294,1.006765e-06,1.006765
690,690,5.73614456e-05,57.3614456,0,1,59.29411764705883,,False,,0.0,4.318,4.743465e-07,0.4743465,0.0,4.261,1.22276e-06,1.2227599999999998,0.0,4.164,1.304959e-05,13.04959,0.4941176470588236,3.932,3.39512e-06,3.39512,0.0,3.977,2.829769e-06,2.829769,0.0,4.329,3.50516e-05,35.0516,0.0,3.995,3.838987e-07,0.3838987,0.0,4.294,9.543614e-07,0.9543614
691,691,5.69246567e-06,5.69246567,0,1,2.823529411764696,,False,,0.0,4.318,4.460787e-07,0.4460787,0.0235294117647058,4.261,5.967517e-07,0.5967517,0.0,4.164,1.190582e-07,0.1190582,0.0,4.23,9.413024e-07,0.9413024,0.0,3.977,2.160401e-06,2.160401,0.0,4.329,9.030877e-08,0.09030877,0.0,3.995,3.43217e-07,0.343217,0.0,4.294,9.953479e-07,0.9953479
692,692,5.90401103e-05,59.0401103,0,1,53.6470588235294,,False,,0.0,4.318,3.724664e-07,0.3724664,0.0,4.261,1.489427e-05,14.89427,0.0,4.164,5.41831e-07,0.541831,0.0,4.23,1.255065e-05,12.55065,0.4470588235294117,3.677,3.522999e-06,3.522999,0.0,4.329,3.141602e-07,0.3141602,0.0,3.995,2.597085e-05,25.97085,0.0,4.294,8.728837e-07,0.8728837
693,693,4.99066337e-05,49.9066337,0,1,53.6470588235294,,False,,0.0,4.318,4.748966e-07,0.4748966,0.0,4.261,1.17215e-06,1.17215,0.0,4.164,1.124968e-05,11.24968,0.4470588235294117,3.954,3.117741e-06,3.117741,0.0,3.977,2.350945e-06,2.350945,0.0,4.329,3.029428e-05,30.29428,0.0,3.995,2.981697e-07,0.2981697,0.0,4.294,9.487714e-07,0.9487714
694,694,1.677520841e-05,16.775208409999998,0,1,18.352941176470583,,False,,0.0,4.318,1.561015e-07,0.1561014999999999,0.0,4.261,6.364265e-07,0.6364265,0.1529411764705882,3.999,9.527997e-06,9.527997,0.0,4.23,1.001589e-06,1.001589,0.0,3.977,4.295623e-06,4.295623,0.0,4.329,8.275658e-08,0.08275658,0.0,3.995,6.389183e-08,0.06389183,0.0,4.294,1.010823e-06,1.010823
695,695,1.7364028199999998e-05,17.3640282,0,1,18.352941176470583,,False,,0.0,4.318,6.879311e-07,0.6879310999999999,0.1529411764705882,4.106,7.194476e-06,7.194476,0.0,4.164,2.03139e-07,0.203139,0.0,4.23,2.208775e-06,2.208775,0.0,3.977,2.123711e-06,2.123711,0.0,4.329,2.125701e-07,0.2125700999999999,0.0,3.995,3.550941e-06,3.550941,0.0,4.294,1.182485e-06,1.182485
696,696,9.738748582e-05,97.38748582,0,1,107.29411764705884,,False,,0.0,4.318,4.295428e-07,0.4295428,0.0,4.261,4.977938e-06,4.977938,0.8941176470588236,3.751,4.606171e-05,46.06171,0.0,4.23,9.495361e-07,0.9495361,0.0,3.977,4.380884e-05,43.80884,0.0,4.329,5.241532e-08,0.05241532,0.0,3.995,1.071496e-07,0.1071496,0.0,4.294,1.000354e-06,1.000354
697,697,9.68798852e-05,96.8798852,0,1,107.29411764705884,,False,,0.0,4.318,2.475441e-06,2.475441,0.8941176470588236,3.86,5.053891e-05,50.53891,0.0,4.164,5.650899e-07,0.5650899,0.0,4.23,1.52875e-05,15.2875,0.0,3.977,5.881324e-06,5.881323999999999,0.0,4.329,5.913413e-07,0.5913413,0.0,3.995,2.008712e-05,20.08712,0.0,4.294,1.453159e-06,1.453159
698,698,7.983261294e-05,79.83261294,0,1,87.99999999999997,,False,,0.0,4.318,3.186894e-07,0.3186894,0.0,4.261,3.963136e-06,3.963136,0.7333333333333331,3.793,3.86592e-05,38.6592,0.0,4.23,9.674927e-07,0.9674927,0.0,3.977,3.47956e-05,34.7956,0.0,4.329,5.918382e-08,0.05918382,0.0,3.995,6.416302e-08,0.06416302,0.0,4.294,1.005148e-06,1.005148
699,699,7.99169538e-05,79.9169538,0,1,87.99999999999997,,False,,0.0,4.318,2.090795e-06,2.090795,0.7333333333333331,3.901,4.130288e-05,41.30288,0.0,4.164,4.929428e-07,0.4929428,0.0,4.23,1.242748e-05,12.42748,0.0,3.977,5.005173e-06,5.005173,0.0,4.329,5.19472e-07,0.519472,0.0,3.995,1.666609e-05,16.66609,0.0,4.294,1.412121e-06,1.412121
700,700,7.367750694000001e-05,73.67750694,0,1,81.41176470588236,,False,,0.0,4.318,2.878749e-07,0.2878749,0.0,4.261,3.610894e-06,3.610894,0.6784313725490196,3.809,3.595357e-05,35.95357,0.0,4.23,9.773115e-07,0.9773115,0.0,3.977,3.172948e-05,31.72948,0.0,4.329,6.121358e-08,0.06121358,0.0,3.995,5.140896e-08,0.05140896,0.0,4.294,1.005754e-06,1.005754
701,701,7.5867929e-05,75.867929,0,1,69.64705882352942,,False,,0.0,4.318,6.395035e-07,0.6395035,0.0,4.261,2.042993e-05,20.42993,0.0,4.164,7.058139e-07,0.7058139,0.0,4.23,1.623009e-05,16.23009,0.5803921568627451,3.629,3.772341e-06,3.772341,0.0,4.329,4.732666e-07,0.4732666,0.0,3.995,3.273821e-05,32.738209999999995,0.0,4.294,8.78774e-07,0.8787739999999999
702,702,7.31708314e-05,73.1708314,0,1,81.41176470588236,,False,,0.0,4.318,1.934771e-06,1.934771,0.6784313725490196,3.918,3.769779e-05,37.697790000000005,0.0,4.164,4.653447e-07,0.4653447,0.0,4.23,1.120286e-05,11.20286,0.0,3.977,4.663914e-06,4.663914,0.0,4.329,4.884127e-07,0.4884127,0.0,3.995,1.532698e-05,15.32698,0.0,4.294,1.390759e-06,1.390759
703,703,6.54120698e-05,65.4120698,0,1,69.64705882352942,,False,,0.0,4.318,4.75352e-07,0.475352,0.0,4.261,1.264953e-06,1.264953,0.0,4.164,1.500622e-05,15.00622,0.5803921568627451,3.909,3.646209e-06,3.646209,0.0,3.977,3.395992e-06,3.395992,0.0,4.329,4.018712e-05,40.18712,0.0,3.995,4.875585e-07,0.4875585,0.0,4.294,9.486653e-07,0.9486653
704,704,0.0001090666318,109.0666318,0,1,102.11764705882352,,False,,0.0,4.318,1.269875e-06,1.269875,0.0,4.261,3.162505e-05,31.62505,0.0,4.164,1.028895e-06,1.028895,0.0,4.23,2.359398e-05,23.59398,0.8509803921568627,3.543,4.251434e-06,4.251434000000001,0.0,4.329,8.128106e-07,0.8128105999999999,0.0,3.995,4.557392e-05,45.57392,0.0,4.294,9.106672e-07,0.9106672
705,705,9.46936139e-05,94.6936139,0,1,102.11764705882352,,False,,0.0,4.318,4.767471e-07,0.4767471,0.0,4.261,1.431247e-06,1.431247,0.0,4.164,2.192897e-05,21.92897,0.8509803921568627,3.833,4.593518e-06,4.593518,0.0,3.977,5.550598e-06,5.550598,0.0,4.329,5.882635e-05,58.82635,0.0,3.995,9.139677e-07,0.9139677,0.0,4.294,9.722161e-07,0.9722161
706,706,0.0001231257790999,123.1257791,0,1,116.7058823529412,,False,,0.0,4.318,1.564131e-06,1.564131,0.0,4.261,3.636087e-05,36.36087,0.0,4.164,1.176843e-06,1.176843,0.0,4.23,2.67235e-05,26.7235,0.9725490196078432,3.508,4.42676e-06,4.426760000000001,0.0,4.329,9.661635e-07,0.9661635,0.0,3.995,5.098372e-05,50.98372,0.0,4.294,9.237916e-07,0.9237916
707,707,0.000106617079,106.617079,0,1,116.7058823529412,,False,,0.0,4.318,4.782037e-07,0.4782037,0.0,4.261,1.490518e-06,1.490518,0.0,4.164,2.477996e-05,24.77996,0.9725490196078432,3.804,4.972854e-06,4.972854,0.0,3.977,6.495941e-06,6.495940999999999,0.0,4.329,6.630347e-05,66.30347,0.0,3.995,1.103243e-06,1.103243,0.0,4.294,9.928893e-07,0.9928893
708,708,8.694275254e-05,86.94275253999999,0,1,95.52941176470586,,False,,0.0,4.318,3.681226e-07,0.3681226,0.0,4.261,4.378856e-06,4.378856,0.7960784313725487,3.776,4.160568e-05,41.60568,0.0,4.23,9.599056e-07,0.9599056,0.0,3.977,3.849407e-05,38.49407,0.0,4.329,5.572656e-08,0.05572656,0.0,3.995,8.044498e-08,0.08044498,0.0,4.294,9.999468e-07,0.9999468
709,709,8.67722803e-05,86.7722803,0,1,95.52941176470586,,False,,0.0,4.318,2.246735e-06,2.246735,0.7960784313725487,3.884,4.514071e-05,45.14071,0.0,4.164,5.258155e-07,0.5258155,0.0,4.23,1.34775e-05,13.4775,0.0,3.977,5.368314e-06,5.368314,0.0,4.329,5.415818e-07,0.5415818,0.0,3.995,1.804366e-05,18.04366,0.0,4.294,1.427964e-06,1.427964
710,710,7.702870120000001e-05,77.0287012,0,1,71.05882352941175,,False,,0.0,4.318,6.68118e-07,0.668118,0.0,4.261,2.087889e-05,20.87889,0.0,4.164,7.192811e-07,0.7192811,0.0,4.23,1.653104e-05,16.53104,0.5921568627450979,3.625,3.800992e-06,3.800992,0.0,4.329,4.896015e-07,0.4896014999999999,0.0,3.995,3.306362e-05,33.06362,0.0,4.294,8.771586e-07,0.8771586
711,711,6.67553311e-05,66.7553311,0,1,71.05882352941175,,False,,0.0,4.318,4.735506e-07,0.4735506,0.0,4.261,1.272873e-06,1.272873,0.0,4.164,1.52526e-05,15.2526,0.5921568627450979,3.905,3.696291e-06,3.696291,0.0,3.977,3.475321e-06,3.475321,0.0,4.329,4.112162e-05,41.12162,0.0,3.995,5.078351e-07,0.5078351,0.0,4.294,9.552404e-07,0.9552404
712,712,4.798565579999999e-05,47.9856558,0,1,43.29411764705881,,False,,0.0,4.318,2.248695e-07,0.2248695,0.0,4.261,1.147085e-05,11.47085,0.0,4.164,4.372758e-07,0.4372758,0.0,4.23,1.0119e-05,10.119,0.3607843137254901,3.711,3.334224e-06,3.334224,0.0,4.329,2.252371e-07,0.2252371,0.0,3.995,2.1306e-05,21.306,0.0,4.294,8.681994e-07,0.8681994000000001
713,713,4.15173404e-05,41.5173404,0,1,43.29411764705881,,False,,0.0,4.318,4.661245e-07,0.4661245,0.0,4.261,1.097916e-06,1.097916,0.0,4.164,9.263606e-06,9.263606,0.3607843137254901,3.981,2.824274e-06,2.824274,0.0,3.977,1.88877e-06,1.88877,0.0,4.329,2.482634e-05,24.82634,0.0,3.995,2.099058e-07,0.2099057999999999,0.0,4.294,9.404041e-07,0.9404041
714,714,2.433631829e-05,24.33631829,0,1,25.882352941176467,,False,,0.0,4.318,1.389474e-07,0.1389474,0.0,4.261,9.783276e-07,0.9783276,0.2156862745098039,3.963,1.345151e-05,13.45151,0.0,4.23,1.002434e-06,1.002434,0.0,3.977,7.642417e-06,7.642417,0.0,4.329,7.70044e-08,0.0770044,0.0,3.995,3.573289e-08,0.0357328899999999,0.0,4.294,1.009945e-06,1.009945
715,715,2.31277197e-05,23.1277197,0,1,25.882352941176467,,False,,0.0,4.318,8.106068e-07,0.8106068,0.2156862745098039,4.078,1.039842e-05,10.39842,0.0,4.164,2.343842e-07,0.2343842,0.0,4.23,3.076243e-06,3.076243,0.0,3.977,2.329641e-06,2.329641,0.0,4.329,2.428247e-07,0.2428247,0.0,3.995,4.823883e-06,4.823883,0.0,4.294,1.211717e-06,1.211717
716,716,8.362587853e-05,83.62587853,0,1,91.76470588235291,,False,,0.0,4.318,3.449559e-07,0.3449559,0.0,4.261,4.175467e-06,4.175466999999999,0.7647058823529411,3.784,4.023749e-05,40.23749,0.0,4.23,9.608279e-07,0.9608279,0.0,3.977,3.677837e-05,36.77837,0.0,4.329,5.646446e-08,0.05646446,0.0,3.995,7.274117e-08,0.07274117,0.0,4.294,9.995621e-07,0.9995621
717,717,8.34884326e-05,83.48843260000001,0,1,91.76470588235291,,False,,0.0,4.318,2.168832e-06,2.168832,0.7647058823529411,3.892,4.328237e-05,43.28237,0.0,4.164,5.080688e-07,0.5080688,0.0,4.23,1.300141e-05,13.00141,0.0,3.977,5.194133e-06,5.194133,0.0,4.329,5.274048e-07,0.5274048,0.0,3.995,1.73874e-05,17.3874,0.0,4.294,1.418814e-06,1.418814
718,718,9.90314549e-05,99.0314549,0,1,92.23529411764709,,False,,0.0,4.318,1.073538e-06,1.073538,0.0,4.261,2.820574e-05,28.20574,0.0,4.164,9.387781e-07,0.9387781,0.0,4.23,2.140742e-05,21.40742,0.7686274509803923,3.568,4.105407e-06,4.105407,0.0,4.329,7.099912e-07,0.7099912,0.0,3.995,4.169458e-05,41.69458,0.0,4.294,8.960006e-07,0.8960006
719,719,8.62670663e-05,86.2670663,0,1,92.23529411764709,,False,,0.0,4.318,4.759389e-07,0.4759389,0.0,4.261,1.383248e-06,1.383248,0.0,4.164,1.996678e-05,19.96678,0.7686274509803923,3.854,4.322677e-06,4.322677,0.0,3.977,4.884188e-06,4.884188,0.0,4.329,5.347959e-05,53.47959,0.0,3.995,7.824211e-07,0.7824211,0.0,4.294,9.722233e-07,0.9722233
720,720,1.84816702527e-05,18.4816702527,0,2,14.588235294117649,,False,,0.0,4.318,4.816227e-10,0.0004816227,0.0,4.261,2.622673e-06,2.6226730000000003,0.0,4.164,1.755033e-07,0.1755033,0.0,4.23,3.66852e-06,3.66852,0.1215686274509804,3.829,2.73025e-06,2.73025,0.0,4.329,2.244823e-08,0.02244823,0.0,3.995,8.37249e-06,8.372489999999999,0.0,4.294,8.893041e-07,0.8893041
721,721,1.5462237319999998e-05,15.46223732,0,1,14.588235294117649,,False,,0.0,4.318,4.577785e-07,0.4577785,0.0,4.261,8.5127e-07,0.85127,0.0,4.164,2.864138e-06,2.864138,0.1215686274509804,4.09,1.755409e-06,1.755409,0.0,3.977,8.855109e-07,0.8855109,0.0,4.329,7.656769e-06,7.656769,0.0,3.995,4.677522e-08,0.04677522,0.0,4.294,9.445867e-07,0.9445867
722,722,6.730670637e-05,67.30670637,0,1,74.35294117647061,,False,,0.0,4.318,2.55268e-07,0.255268,0.0,4.261,3.250861e-06,3.250861,0.619607843137255,3.825,3.325353e-05,33.25353,0.0,4.23,9.762101e-07,0.9762101,0.0,3.977,2.846857e-05,28.46857,0.0,4.329,6.061988e-08,0.06061988,0.0,3.995,3.989239e-08,0.03989239,0.0,4.294,1.001755e-06,1.001755
723,723,6.74549509e-05,67.4549509,0,1,74.35294117647061,,False,,0.0,4.318,1.809377e-06,1.809377,0.619607843137255,3.933,3.458058e-05,34.58058,0.0,4.164,4.424974e-07,0.4424974,0.0,4.23,1.027846e-05,10.27846,0.0,3.977,4.377986e-06,4.377986,0.0,4.329,4.578105e-07,0.4578105,0.0,3.995,1.41363e-05,14.1363,0.0,4.294,1.37194e-06,1.37194
724,724,7.984827280000001e-06,7.984827279999999,0,1,4.705882352941177,,False,,0.0,4.318,1.257922e-07,0.1257922,0.0,4.261,1.724229e-07,0.1724229,0.0,4.164,1.046082e-07,0.1046082,0.0,4.23,1.398051e-06,1.398051,0.0392156862745098,3.906,2.393493e-06,2.393493,0.0,4.329,1.026638e-08,0.01026638,0.0,3.995,2.853293e-06,2.853293,0.0,4.294,9.269006e-07,0.9269006
725,725,7.06534345e-05,70.6534345,0,1,78.11764705882354,,False,,0.0,4.318,2.707328e-07,0.2707328,0.0,4.261,3.434483e-06,3.434483,0.6509803921568628,3.816,3.467451e-05,34.674510000000005,0.0,4.23,9.696294e-07,0.9696294,0.0,3.977,3.019785e-05,30.197850000000003,0.0,4.329,5.978274e-08,0.0597827399999999,0.0,3.995,4.598556e-08,0.0459855599999999,0.0,4.294,1.000461e-06,1.000461
726,726,5.62856521e-06,5.6285652100000005,0,1,4.705882352941177,,False,,0.0,4.318,4.401613e-07,0.4401613,0.0,4.261,5.825202e-07,0.5825202,0.0,4.164,1.183599e-07,0.1183599,0.0392156862745098,4.23,9.290071e-07,0.9290071,0.0,3.977,2.145823e-06,2.145823,0.0,4.329,8.799321e-08,0.08799321,0.0,3.995,3.385771e-07,0.3385771,0.0,4.294,9.861234e-07,0.9861234
727,727,7.052924e-05,70.52923999999999,0,1,78.11764705882354,,False,,0.0,4.318,1.878718e-06,1.878718,0.6509803921568628,3.925,3.623191e-05,36.23191,0.0,4.164,4.530474e-07,0.4530474,0.0,4.23,1.080306e-05,10.80306,0.0,3.977,4.528182e-06,4.528182,0.0,4.329,4.710186e-07,0.4710186,0.0,3.995,1.478178e-05,14.78178,0.0,4.294,1.381524e-06,1.381524
728,728,7.76179178e-05,77.61791779999999,0,1,71.52941176470588,,False,,0.0,4.318,6.783239e-07,0.6783239,0.0,4.261,2.099298e-05,20.99298,0.0,4.164,7.257079e-07,0.7257079,0.0,4.23,1.673196e-05,16.731959999999997,0.596078431372549,3.624,3.779545e-06,3.779545,0.0,4.329,4.923603e-07,0.4923603,0.0,3.995,3.333888e-05,33.33888,0.0,4.294,8.781607e-07,0.8781607
729,729,6.757978910000001e-05,67.5797891,0,1,71.52941176470588,,False,,0.0,4.318,4.677535e-07,0.4677535,0.0,4.261,1.271057e-06,1.271057,0.0,4.164,1.552147e-05,15.521470000000004,0.596078431372549,3.903,3.712104e-06,3.712104,0.0,3.977,3.550096e-06,3.550096,0.0,4.329,4.159214e-05,41.59214,0.0,3.995,5.176238e-07,0.5176238,0.0,4.294,9.475448e-07,0.9475448
730,730,2.2486214063e-05,22.486214063,0,1,20.70588235294117,,False,,0.0,4.318,4.490103e-09,0.004490103,0.0,4.261,3.728463e-06,3.728463,0.0,4.164,2.073672e-07,0.2073672,0.0,4.23,4.543404e-06,4.543404,0.1725490196078431,3.809,2.819801e-06,2.819801,0.0,4.329,4.154456e-08,0.04154456,0.0,3.995,1.026403e-05,10.26403,0.0,4.294,8.771142e-07,0.8771142
731,731,2.07543694e-05,20.7543694,0,1,20.70588235294117,,False,,0.0,4.318,4.566494e-07,0.4566494,0.0,4.261,9.100419e-07,0.9100419,0.0,4.164,4.198137e-06,4.198137,0.1725490196078431,4.062,1.994518e-06,1.994518,0.0,3.977,9.805168e-07,0.9805168,0.0,4.329,1.122435e-05,11.22435,0.0,3.995,5.58787e-08,0.0558786999999999,0.0,4.294,9.342776e-07,0.9342776
732,732,0.0001132091183,113.2091183,0,1,106.35294117647058,,False,,0.0,4.318,1.366178e-06,1.366178,0.0,4.261,3.304406e-05,33.04406,0.0,4.164,1.082577e-06,1.082577,0.0,4.23,2.462532e-05,24.62532,0.8862745098039215,3.532,4.287398e-06,4.2873980000000005,0.0,4.329,8.579408e-07,0.8579408,0.0,3.995,4.703931e-05,47.03931,0.0,4.294,9.063345e-07,0.9063345
733,733,9.85052829e-05,98.50528289999998,0,1,106.35294117647058,,False,,0.0,4.318,4.791688e-07,0.4791688,0.0,4.261,1.443455e-06,1.4434550000000002,0.0,4.164,2.277059e-05,22.77059,0.8862745098039215,3.823,4.692175e-06,4.692175,0.0,3.977,5.837781e-06,5.837781,0.0,4.329,6.132649e-05,61.32648999999999,0.0,3.995,9.743826e-07,0.9743826,0.0,4.294,9.812405e-07,0.9812405
734,734,3.645164825e-05,36.451648250000005,0,1,31.529411764705884,,False,,0.0,4.318,9.604145e-08,0.09604145,0.0,4.261,7.868869e-06,7.868869,0.0,4.164,3.319759e-07,0.3319759,0.0,4.23,7.591569e-06,7.591569,0.2627450980392157,3.751,3.114585e-06,3.114585,0.0,4.329,1.331268e-07,0.1331268,0.0,3.995,1.645462e-05,16.454620000000002,0.0,4.294,8.608611e-07,0.8608611
735,735,3.11323349e-05,31.1323349,0,1,31.529411764705884,,False,,0.0,4.318,4.592904e-07,0.4592904,0.0,4.261,1.008842e-06,1.008842,0.0,4.164,6.73664e-06,6.73664,0.2627450980392157,4.018,2.420165e-06,2.420165,0.0,3.977,1.372956e-06,1.372956,0.0,4.329,1.808585e-05,18.08585,0.0,3.995,1.168311e-07,0.1168311,0.0,4.294,9.317604e-07,0.9317604
736,736,8.25755471e-05,82.5755471,0,1,76.23529411764703,,False,,0.0,4.318,7.667124e-07,0.7667124,0.0,4.261,2.278661e-05,22.78661,0.0,4.164,7.739693e-07,0.7739693000000001,0.0,4.23,1.78053e-05,17.8053,0.6352941176470586,3.61,3.865888e-06,3.865888,0.0,4.329,5.42841e-07,0.542841,0.0,3.995,3.515951e-05,35.159510000000004,0.0,4.294,8.747164e-07,0.8747164
737,737,7.19683716e-05,71.9683716,0,1,76.23529411764703,,False,,0.0,4.318,4.697201e-07,0.4697201,0.0,4.261,1.300599e-06,1.300599,0.0,4.164,1.658763e-05,16.587629999999997,0.6352941176470586,3.891,3.849908e-06,3.849908000000001,0.0,3.977,3.834864e-06,3.834864,0.0,4.329,4.43978e-05,44.3978,0.0,3.995,5.773131e-07,0.5773131,0.0,4.294,9.505374e-07,0.9505374
738,738,6.144368702e-05,61.44368701999999,0,1,67.29411764705883,,False,,0.0,4.318,2.310312e-07,0.2310312,0.0,4.261,2.923268e-06,2.923268,0.5607843137254902,3.841,3.061307e-05,30.61307,0.0,4.23,9.789201e-07,0.9789201,0.0,3.977,2.560569e-05,25.60569,0.0,4.329,6.381595e-08,0.06381595,0.0,3.995,3.133407e-08,0.03133407,0.0,4.294,9.965577e-07,0.9965577
739,739,6.261848510000001e-05,62.6184851,0,1,67.29411764705883,,False,,0.0,4.318,1.694368e-06,1.694368,0.5607843137254902,3.946,3.196597e-05,31.96597,0.0,4.164,4.190505e-07,0.4190505,0.0,4.23,9.476852e-06,9.476852,0.0,3.977,4.127114e-06,4.127114,0.0,4.329,4.370116e-07,0.4370116,0.0,3.995,1.314709e-05,13.14709,0.0,4.294,1.351029e-06,1.351029
740,740,5.302054616e-05,53.02054616,0,1,57.88235294117647,,False,,0.0,4.318,1.95996e-07,0.195996,0.0,4.261,2.458413e-06,2.458413,0.4823529411764706,3.865,2.690665e-05,26.906650000000003,0.0,4.23,9.86873e-07,0.986873,0.0,3.977,2.138272e-05,21.38272,0.0,4.329,6.69786e-08,0.0669786,0.0,3.995,2.213156e-08,0.02213156,0.0,4.294,1.000784e-06,1.000784
741,741,5.41465083e-05,54.1465083,0,1,57.88235294117647,,False,,0.0,4.318,1.50509e-06,1.50509,0.4823529411764706,3.97,2.732891e-05,27.32891,0.0,4.164,3.805497e-07,0.3805497,0.0,4.23,8.084315e-06,8.084314999999998,0.0,3.977,3.715818e-06,3.715818,0.0,4.329,3.977006e-07,0.3977005999999999,0.0,3.995,1.140857e-05,11.40857,0.0,4.294,1.325555e-06,1.325555
742,742,5.436045793e-05,54.36045793,0,1,59.29411764705883,,False,,0.0,4.318,1.996124e-07,0.1996124,0.0,4.261,2.525941e-06,2.525941,0.4941176470588236,3.861,2.75046e-05,27.5046,0.0,4.23,9.840489e-07,0.9840489,0.0,3.977,2.205828e-05,22.05828,0.0,4.329,6.613026e-08,0.06613026,0.0,3.995,2.311437e-08,0.02311437,0.0,4.294,9.98731e-07,0.998731
743,743,5.37852847e-05,53.785284700000005,0,1,59.29411764705883,,False,,0.0,4.318,1.496998e-06,1.496998,0.4941176470588236,3.971,2.718367e-05,27.18367,0.0,4.164,3.803434e-07,0.3803434,0.0,4.23,8.005981e-06,8.005981,0.0,3.977,3.696215e-06,3.696215,0.0,4.329,3.950183e-07,0.3950183,0.0,3.995,1.130577e-05,11.30577,0.0,4.294,1.321289e-06,1.3212890000000002
744,744,0.0001119540902,111.9540902,0,1,104.94117647058825,,False,,0.0,4.318,1.338096e-06,1.338096,0.0,4.261,3.266153e-05,32.66153,0.0,4.164,1.069631e-06,1.069631,0.0,4.23,2.434851e-05,24.34851,0.8745098039215687,3.535,4.283965e-06,4.283965,0.0,4.329,8.495205e-07,0.8495205,0.0,3.995,4.649906e-05,46.49906,0.0,4.294,9.037777e-07,0.9037777
745,745,9.81149982e-05,98.1149982,0,1,104.94117647058825,,False,,0.0,4.318,4.790561e-07,0.4790561,0.0,4.261,1.437508e-06,1.437508,0.0,4.164,2.267433e-05,22.67433,0.8745098039215687,3.824,4.660917e-06,4.660917,0.0,3.977,5.778553e-06,5.778553,0.0,4.329,6.112482e-05,61.12481999999999,0.0,3.995,9.741004e-07,0.9741004,0.0,4.294,9.857137e-07,0.9857137
746,746,4.94779471e-05,49.4779471,0,2,53.6470588235294,,False,,0.0,4.318,1.827995e-07,0.1827995,0.0,4.261,2.269408e-06,2.269408,0.4470588235294117,3.875,2.52908e-05,25.2908,0.0,4.23,9.901112e-07,0.9901112,0.0,3.977,1.965723e-05,19.65723,0.0,4.329,6.736539e-08,0.06736539,0.0,3.995,1.962401e-08,0.01962401,0.0,4.294,1.000609e-06,1.000609
747,747,5.03902578e-05,50.3902578,0,1,53.6470588235294,,False,,0.0,4.318,1.420888e-06,1.420888,0.4470588235294117,3.981,2.532779e-05,25.32779,0.0,4.164,3.640894e-07,0.3640894,0.0,4.23,7.424117e-06,7.424117,0.0,3.977,3.53734e-06,3.53734,0.0,4.329,3.798714e-07,0.3798714,0.0,3.995,1.062316e-05,10.62316,0.0,4.294,1.313002e-06,1.313002
748,748,3.578362372e-05,35.78362372,0,1,31.058823529411757,,False,,0.0,4.318,9.123092e-08,0.09123092,0.0,4.261,7.689829e-06,7.689829,0.0,4.164,3.270408e-07,0.3270407999999999,0.0,4.23,7.462868e-06,7.462868,0.2588235294117646,3.753,3.102646e-06,3.102646,0.0,4.329,1.299656e-07,0.1299656,0.0,3.995,1.611574e-05,16.115740000000002,0.0,4.294,8.643034e-07,0.8643033999999999
749,749,3.05332795e-05,30.5332795,0,1,31.058823529411757,,False,,0.0,4.318,4.631619e-07,0.4631618999999999,0.0,4.261,1.000489e-06,1.000489,0.0,4.164,6.595025e-06,6.595025,0.2588235294117646,4.02,2.394373e-06,2.3943730000000003,0.0,3.977,1.341724e-06,1.341724,0.0,4.329,1.769113e-05,17.69113,0.0,3.995,1.133836e-07,0.1133836,0.0,4.294,9.33993e-07,0.933993
750,750,6.316860173e-05,63.16860173,0,1,69.64705882352942,,False,,0.0,4.318,2.351016e-07,0.2351016,0.0,4.261,3.018547e-06,3.018547,0.5803921568627451,3.836,3.143261e-05,31.43261,0.0,4.23,9.771441e-07,0.9771441,0.0,3.977,2.641093e-05,26.41093,0.0,4.329,6.160548e-08,0.06160548,0.0,3.995,3.446005e-08,0.03446005,0.0,4.294,9.982035e-07,0.9982035
751,751,4.70451491e-05,47.0451491,0,1,40.94117647058824,,False,,0.0,4.318,2.149027e-07,0.2149027,0.0,4.261,1.117161e-05,11.17161,0.0,4.164,4.299033e-07,0.4299033,0.0,4.23,9.933286e-06,9.933286,0.3411764705882353,3.714,3.307696e-06,3.307696,0.0,4.329,2.175341e-07,0.2175341,0.0,3.995,2.090599e-05,20.90599,0.0,4.294,8.64227e-07,0.8642270000000001
752,752,6.34449604e-05,63.4449604,0,1,69.64705882352942,,False,,0.0,4.318,1.712549e-06,1.712549,0.5803921568627451,3.944,3.244411e-05,32.444109999999995,0.0,4.164,4.250423e-07,0.4250423,0.0,4.23,9.586483e-06,9.586483,0.0,3.977,4.162049e-06,4.162049,0.0,4.329,4.394361e-07,0.4394361,0.0,3.995,1.33228e-05,13.3228,0.0,4.294,1.352491e-06,1.352491
753,753,3.94393592e-05,39.4393592,0,1,40.94117647058824,,False,,0.0,4.318,4.652006e-07,0.4652006,0.0,4.261,1.075826e-06,1.075826,0.0,4.164,8.745002e-06,8.745002000000001,0.3411764705882353,3.988,2.731716e-06,2.731716,0.0,3.977,1.780085e-06,1.780085,0.0,4.329,2.351788e-05,23.51788,0.0,3.995,1.896086e-07,0.1896086,0.0,4.294,9.34041e-07,0.934041
754,754,9.362010329e-05,93.62010329,0,1,102.11764705882352,,False,,0.0,4.318,4.116233e-07,0.4116232999999999,0.0,4.261,4.748225e-06,4.748225,0.8509803921568627,3.76,4.445737e-05,44.45737,0.0,4.23,9.473074e-07,0.9473074,0.0,3.977,4.191744e-05,41.91744,0.0,4.329,5.182511e-08,0.05182511,0.0,3.995,9.750538e-08,0.09750538,0.0,4.294,9.888071e-07,0.9888071
755,755,6.71430349e-05,67.1430349,0,1,61.17647058823529,,False,,0.0,4.318,5.041368e-07,0.5041368,0.0,4.261,1.7624e-05,17.624,0.0,4.164,6.214926e-07,0.6214926000000001,0.0,4.23,1.436052e-05,14.36052,0.5098039215686274,3.653,3.636543e-06,3.636543,0.0,4.329,3.968361e-07,0.3968360999999999,0.0,3.995,2.913304e-05,29.13304,0.0,4.294,8.664664e-07,0.8664664
756,756,9.28392759e-05,92.8392759,0,1,102.11764705882352,,False,,0.0,4.318,2.383859e-06,2.383859,0.8509803921568627,3.869,4.842048e-05,48.42048,0.0,4.164,5.559743e-07,0.5559743,0.0,4.23,1.453968e-05,14.53968,0.0,3.977,5.669456e-06,5.669456,0.0,4.329,5.632656e-07,0.5632656,0.0,3.995,1.927207e-05,19.27207,0.0,4.294,1.434491e-06,1.434491
757,757,0.00010671352781,106.71352781,0,1,116.7058823529412,,False,,0.0,4.318,4.97843e-07,0.497843,0.0,4.261,5.513265e-06,5.5132650000000005,0.9725490196078432,3.73,4.988068e-05,49.88068,0.0,4.23,9.27746e-07,0.927746,0.0,3.977,4.87237e-05,48.7237,0.0,4.329,4.747681e-08,0.04747681,0.0,3.995,1.343719e-07,0.1343719,0.0,4.294,9.884451e-07,0.9884451
758,758,5.963474840000001e-05,59.6347484,0,1,61.17647058823529,,False,,0.0,4.318,4.689225e-07,0.4689225,0.0,4.261,1.219918e-06,1.219918,0.0,4.164,1.360024e-05,13.60024,0.5098039215686274,3.925,3.442047e-06,3.442047,0.0,3.977,2.985086e-06,2.985086,0.0,4.329,3.655941e-05,36.55941,0.0,3.995,4.16193e-07,0.416193,0.0,4.294,9.429319e-07,0.9429319
759,759,0.0001030441646,103.0441646,0,1,98.35294117647057,,False,,0.0,4.318,1.161705e-06,1.161705,0.0,4.261,2.962139e-05,29.62139,0.0,4.164,9.847556e-07,0.9847556,0.0,4.23,2.237148e-05,22.37148,0.8196078431372548,3.557,4.149575e-06,4.149575,0.0,4.329,7.563646e-07,0.7563645999999999,0.0,3.995,4.310684e-05,43.10684,0.0,4.294,8.920544e-07,0.8920544
760,760,0.0001061584014999,106.1584015,0,1,116.7058823529412,,False,,0.0,4.318,2.683018e-06,2.683018,0.9725490196078432,3.838,5.580449e-05,55.80449,0.0,4.164,6.149504e-07,0.6149504,0.0,4.23,1.677527e-05,16.77527,0.0,3.977,6.350949e-06,6.350949,0.0,4.329,6.176871e-07,0.6176871,0.0,3.995,2.185222e-05,21.85222,0.0,4.294,1.459817e-06,1.459817
761,761,9.22868704e-05,92.2868704,0,1,98.35294117647057,,False,,0.0,4.318,4.756239e-07,0.4756239,0.0,4.261,1.406892e-06,1.406892,0.0,4.164,2.134788e-05,21.34788,0.8196078431372548,3.839,4.499213e-06,4.499213,0.0,3.977,5.360022e-06,5.360022,0.0,4.329,5.735213e-05,57.35213,0.0,3.995,8.751271e-07,0.8751271,0.0,4.294,9.699824e-07,0.9699824
762,762,6.471780022999999e-05,64.71780023,0,1,71.05882352941175,,False,,0.0,4.318,2.439945e-07,0.2439945,0.0,4.261,3.101332e-06,3.101332,0.5921568627450979,3.832,3.20889e-05,32.088899999999995,0.0,4.23,9.753277e-07,0.9753277,0.0,3.977,2.721199e-05,27.21199,0.0,4.329,6.06346e-08,0.0606346,0.0,3.995,3.587313e-08,0.03587313,0.0,4.294,9.997483e-07,0.9997483
763,763,6.44212588e-05,64.4212588,0,1,71.05882352941175,,False,,0.0,4.318,1.742281e-06,1.742281,0.5921568627450979,3.941,3.301229e-05,33.01229,0.0,4.164,4.312788e-07,0.4312788,0.0,4.23,9.731196e-06,9.731196,0.0,3.977,4.218806e-06,4.218806,0.0,4.329,4.40939e-07,0.440939,0.0,3.995,1.348518e-05,13.48518,0.0,4.294,1.359288e-06,1.3592879999999998
764,764,3.726902063e-05,37.26902063,0,1,43.29411764705881,,False,,0.0,4.318,1.494963e-07,0.1494963,0.0,4.261,1.625413e-06,1.625413,0.3607843137254901,3.914,1.969938e-05,19.69938,0.0,4.23,9.937025e-07,0.9937025,0.0,3.977,1.37087e-05,13.7087,0.0,4.329,7.079471e-08,0.07079471,0.0,3.995,1.801112e-08,0.01801112,0.0,4.294,1.003523e-06,1.003523
765,765,3.91323364e-05,39.1323364,0,1,43.29411764705881,,False,,0.0,4.318,1.168638e-06,1.1686379999999998,0.3607843137254901,4.017,1.916427e-05,19.16427,0.0,4.164,3.1037e-07,0.31037,0.0,4.23,5.624183e-06,5.624183,0.0,3.977,3.004067e-06,3.004067,0.0,4.329,3.225694e-07,0.3225694,0.0,3.995,8.267518e-06,8.267517999999999,0.0,4.294,1.270721e-06,1.270721
766,766,8.451317524000001e-05,84.51317524000001,0,1,92.23529411764709,,False,,0.0,4.318,3.505397e-07,0.3505397,0.0,4.261,4.223812e-06,4.223812,0.7686274509803923,3.782,4.059791e-05,40.59791,0.0,4.23,9.547049e-07,0.9547049,0.0,3.977,3.726227e-05,37.26227,0.0,4.329,5.515384e-08,0.05515384,0.0,3.995,7.47551e-08,0.0747551,0.0,4.294,9.940297e-07,0.9940297
767,767,7.41018092e-05,74.1018092,0,1,67.76470588235291,,False,,0.0,4.318,6.211759e-07,0.6211759,0.0,4.261,1.992597e-05,19.92597,0.0,4.164,6.938084e-07,0.6938084,0.0,4.23,1.590655e-05,15.90655,0.564705882352941,3.633,3.743058e-06,3.743058,0.0,4.329,4.62951e-07,0.462951,0.0,3.995,3.187565e-05,31.87565,0.0,4.294,8.726459e-07,0.8726459
768,768,8.41452084e-05,84.1452084,0,1,92.23529411764709,,False,,0.0,4.318,2.18615e-06,2.18615,0.7686274509803923,3.89,4.377428e-05,43.77428,0.0,4.164,5.202585e-07,0.5202585000000001,0.0,4.23,1.299643e-05,12.99643,0.0,3.977,5.204859e-06,5.204859,0.0,4.329,5.281469e-07,0.5281469,0.0,3.995,1.752077e-05,17.520770000000002,0.0,4.294,1.414314e-06,1.4143139999999998
769,769,6.39458773e-05,63.94587729999999,0,1,67.76470588235291,,False,,0.0,4.318,4.697577e-07,0.4697577,0.0,4.261,1.245424e-06,1.245424,0.0,4.164,1.464693e-05,14.64693,0.564705882352941,3.913,3.592933e-06,3.592933,0.0,3.977,3.294754e-06,3.294754,0.0,4.329,3.927878e-05,39.27878,0.0,3.995,4.724322e-07,0.4724321999999999,0.0,4.294,9.448664e-07,0.9448664
770,770,1.190107999e-05,11.90107999,0,1,14.588235294117649,,False,,0.0,4.318,1.762312e-07,0.1762312,0.0,4.261,4.3464e-07,0.4346399999999999,0.1215686274509804,4.028,6.791961e-06,6.791961000000001,0.0,4.23,9.875241e-07,0.9875241,0.0,3.977,2.334185e-06,2.334185,0.0,4.329,8.210304e-08,0.08210304,0.0,3.995,9.229665e-08,0.09229665,0.0,4.294,1.002139e-06,1.002139
771,771,1.24834361e-05,12.4834361,0,1,14.588235294117649,,False,,0.0,4.318,5.741058e-07,0.5741058,0.1215686274509804,4.134,4.550745e-06,4.550745,0.0,4.164,1.761592e-07,0.1761592,0.0,4.23,1.487399e-06,1.487399,0.0,3.977,1.948222e-06,1.948222,0.0,4.329,1.779171e-07,0.1779171,0.0,3.995,2.437652e-06,2.437652,0.0,4.294,1.131236e-06,1.131236
772,772,5.77598926e-06,5.77598926,0,1,4.705882352941177,,False,,0.0,4.318,2.607554e-07,0.2607554,0.0,4.261,2.772177e-07,0.2772177,0.0392156862745098,4.086,2.653883e-06,2.653883,0.0,4.23,9.685597e-07,0.9685597,0.0,3.977,3.553698e-07,0.3553698,0.0,4.329,8.556106e-08,0.08556106,0.0,3.995,1.771499e-07,0.1771499,0.0,4.294,9.974927e-07,0.9974927
773,773,5.6136574e-06,5.6136574,0,1,4.705882352941177,,False,,0.0,4.318,4.404177e-07,0.4404176999999999,0.0392156862745098,4.261,5.796022e-07,0.5796022,0.0,4.164,1.176792e-07,0.1176792,0.0,4.23,9.257327e-07,0.9257327,0.0,3.977,2.141303e-06,2.141303,0.0,4.329,8.79862e-08,0.0879862,0.0,3.995,3.364713e-07,0.3364713,0.0,4.294,9.844651e-07,0.9844651
774,774,6.92155956e-05,69.2155956,0,2,63.05882352941176,,False,,0.0,4.318,5.371834e-07,0.5371834000000001,0.0,4.261,1.827052e-05,18.27052,0.0,4.164,6.468144e-07,0.6468144,0.0,4.23,1.485117e-05,14.851170000000002,0.5254901960784313,3.647,3.665728e-06,3.665728,0.0,4.329,4.145543e-07,0.4145543,0.0,3.995,2.995999e-05,29.95999,0.0,4.294,8.696355e-07,0.8696355
775,775,5.97083276e-05,59.7083276,0,1,63.05882352941176,,False,,0.0,4.318,4.698243e-07,0.4698243,0.0,4.261,1.220942e-06,1.220942,0.0,4.164,1.363352e-05,13.63352,0.5254901960784313,3.925,3.445336e-06,3.445336,0.0,3.977,2.996007e-06,2.996007,0.0,4.329,3.65801e-05,36.5801,0.0,3.995,4.1666e-07,0.41666,0.0,4.294,9.459383e-07,0.9459383
776,776,6.499817654999999e-05,64.99817655,0,1,71.52941176470588,,False,,0.0,4.318,2.444804e-07,0.2444804,0.0,4.261,3.12515e-06,3.12515,0.596078431372549,3.831,3.214395e-05,32.14395,0.0,4.23,9.770307e-07,0.9770307,0.0,3.977,2.740765e-05,27.40765,0.0,4.329,6.280726e-08,0.06280726,0.0,3.995,3.706919e-08,0.03706919,0.0,4.294,1.000039e-06,1.000039
777,777,6.591443670000001e-05,65.91443670000001,0,1,71.52941176470588,,False,,0.0,4.318,1.771486e-06,1.771486,0.596078431372549,3.937,3.384444e-05,33.84444,0.0,4.164,4.38783e-07,0.438783,0.0,4.23,9.949391e-06,9.949391,0.0,3.977,4.290523e-06,4.290523,0.0,4.329,4.509137e-07,0.4509137,0.0,3.995,1.380588e-05,13.80588,0.0,4.294,1.36302e-06,1.36302
778,778,1.7518388879999997e-05,17.518388880000003,0,1,20.70588235294117,,False,,0.0,4.318,1.500386e-07,0.1500386,0.0,4.261,6.635658e-07,0.6635658,0.1725490196078431,3.995,9.924516e-06,9.924516,0.0,4.23,9.936296e-07,0.9936296,0.0,3.977,4.644761e-06,4.644761,0.0,4.329,8.035284e-08,0.08035284,0.0,3.995,5.870804e-08,0.0587080399999999,0.0,4.294,1.002817e-06,1.002817
779,779,1.96026149e-05,19.602614900000003,0,1,20.70588235294117,,False,,0.0,4.318,7.319609e-07,0.7319609,0.1725490196078431,4.094,8.46332e-06,8.463320000000001,0.0,4.164,2.149581e-07,0.2149581,0.0,4.23,2.530911e-06,2.530911,0.0,3.977,2.189838e-06,2.189838,0.0,4.329,2.232809e-07,0.2232809,0.0,3.995,4.063617e-06,4.063617,0.0,4.294,1.184729e-06,1.184729
780,780,9.77187303e-05,97.7187303,0,1,106.35294117647058,,False,,0.0,4.318,4.40228e-07,0.440228,0.0,4.261,4.995859e-06,4.995859,0.8862745098039215,3.751,4.617463e-05,46.17463,0.0,4.23,9.386741e-07,0.9386741,0.0,3.977,4.401823e-05,44.01823,0.0,4.329,5.22604e-08,0.0522604,0.0,3.995,1.08419e-07,0.108419,0.0,4.294,9.904298e-07,0.9904298
781,781,9.67089562e-05,96.7089562,0,1,106.35294117647058,,False,,0.0,4.318,2.472259e-06,2.472259,0.8862745098039215,3.86,5.062504e-05,50.62504,0.0,4.164,5.734167e-07,0.5734167,0.0,4.23,1.510152e-05,15.10152,0.0,3.977,5.864674e-06,5.864674,0.0,4.329,5.834725e-07,0.5834725,0.0,3.995,2.00462e-05,20.0462,0.0,4.294,1.442374e-06,1.442374
782,782,0.0001087585274,108.7585274,0,1,101.6470588235294,,False,,0.0,4.318,1.271912e-06,1.271912,0.0,4.261,3.154627e-05,31.54627,0.0,4.164,1.040699e-06,1.040699,0.0,4.23,2.356862e-05,23.568620000000003,0.8470588235294118,3.543,4.246376e-06,4.246376,0.0,4.329,8.136511e-07,0.8136511,0.0,3.995,4.536706e-05,45.36706,0.0,4.294,9.039393e-07,0.9039393
783,783,3.005852721e-05,30.058527209999998,0,1,31.529411764705884,,False,,0.0,4.318,1.405587e-07,0.1405587,0.0,4.261,1.259767e-06,1.259767,0.2627450980392157,3.94,1.621891e-05,16.218909999999997,0.0,4.23,9.976037e-07,0.9976037,0.0,3.977,1.033592e-05,10.33592,0.0,4.329,7.554912e-08,0.07554912,0.0,3.995,2.489469e-08,0.02489469,0.0,4.294,1.005324e-06,1.005324
784,784,5.62408365e-06,5.624083649999999,0,1,101.6470588235294,,False,,0.0,4.318,4.432754e-07,0.4432754,0.0,4.261,5.802941e-07,0.5802940999999999,0.0,4.164,1.169504e-07,0.1169504,0.8470588235294118,3.832,9.276189e-07,0.9276189,0.0,3.977,2.148701e-06,2.148701,0.0,4.329,8.940535e-08,0.08940535,0.0,3.995,3.350135e-07,0.3350135,0.0,4.294,9.82825e-07,0.982825
785,785,2.98360988e-05,29.8360988,0,1,31.529411764705884,,False,,0.0,4.318,9.623088e-07,0.9623088,0.2627450980392157,4.05,1.407236e-05,14.07236,0.0,4.164,2.667007e-07,0.2667007,0.0,4.23,4.128515e-06,4.128515,0.0,3.977,2.610691e-06,2.610691,0.0,4.329,2.797043e-07,0.2797042999999999,0.0,3.995,6.281468e-06,6.281468,0.0,4.294,1.234351e-06,1.234351
786,786,6.93843288e-05,69.3843288,0,1,76.23529411764703,,False,,0.0,4.318,2.695716e-07,0.2695715999999999,0.0,4.261,3.364479e-06,3.364479,0.6352941176470586,3.82,3.412919e-05,34.12919,0.0,4.23,9.748717e-07,0.9748717,0.0,3.977,2.954236e-05,29.54236,0.0,4.329,6.133276e-08,0.06133276,0.0,3.995,4.369954e-08,0.04369954,0.0,4.294,9.988242e-07,0.9988242
787,787,6.88490854e-05,68.8490854,0,1,76.23529411764703,,False,,0.0,4.318,1.842087e-06,1.842087,0.6352941176470586,3.929,3.541469e-05,35.41469,0.0,4.164,4.479334e-07,0.4479334,0.0,4.23,1.045232e-05,10.45232,0.0,3.977,4.453112e-06,4.453112,0.0,4.329,4.62658e-07,0.462658,0.0,3.995,1.440205e-05,14.40205,0.0,4.294,1.374235e-06,1.374235
788,788,9.647114436e-05,96.47114436,0,1,104.94117647058825,,False,,0.0,4.318,4.318872e-07,0.4318871999999999,0.0,4.261,4.924167e-06,4.924167,0.8745098039215687,3.754,4.562238e-05,45.62238,0.0,4.23,9.445333e-07,0.9445333,0.0,3.977,4.339744e-05,43.39744,0.0,4.329,5.353116e-08,0.05353116,0.0,3.995,1.04781e-07,0.104781,0.0,4.294,9.924247e-07,0.9924247
789,789,9.5920516e-05,95.920516,0,1,104.94117647058825,,False,,0.0,4.318,2.450945e-06,2.450945,0.8745098039215687,3.862,5.02456e-05,50.2456,0.0,4.164,5.698494e-07,0.5698494,0.0,4.23,1.494545e-05,14.94545,0.0,3.977,5.838607e-06,5.8386070000000005,0.0,4.329,5.805056e-07,0.5805056,0.0,3.995,1.984633e-05,19.84633,0.0,4.294,1.443229e-06,1.443229
790,790,0.0001033681135,103.3681135,0,1,96.0,,False,,0.0,4.318,1.154146e-06,1.154146,0.0,4.261,2.968117e-05,29.68117,0.0,4.164,9.791039e-07,0.9791039,0.0,4.23,2.234522e-05,22.34522,0.7999999999999999,3.557,4.16823e-06,4.168229999999999,0.0,4.329,7.526736e-07,0.7526735999999999,0.0,3.995,4.338648e-05,43.38648,0.0,4.294,9.0109e-07,0.90109
791,791,9.01254979e-05,90.1254979,0,2,96.0,,False,,0.0,4.318,4.773714e-07,0.4773714,0.0,4.261,1.407482e-06,1.407482,0.0,4.164,2.084684e-05,20.84684,0.7999999999999999,3.844,4.446554e-06,4.446554,0.0,3.977,5.19059e-06,5.19059,0.0,4.329,5.594559e-05,55.94559,0.0,3.995,8.438192e-07,0.8438192,0.0,4.294,9.672513e-07,0.9672513
792,792,3.0321872100000007e-05,30.3218721,0,1,31.058823529411757,,False,,0.0,4.318,1.382984e-07,0.1382984,0.0,4.261,1.269182e-06,1.269182,0.2588235294117646,3.939,1.639688e-05,16.39688,0.0,4.23,1.000294e-06,1.000294,0.0,3.977,1.041242e-05,10.41242,0.0,4.329,7.574378e-08,0.07574378,0.0,3.995,2.375692e-08,0.02375692,0.0,4.294,1.005297e-06,1.005297
793,793,2.96821026e-05,29.6821026,0,1,31.058823529411757,,False,,0.0,4.318,9.582984e-07,0.9582984,0.2588235294117646,4.051,1.395421e-05,13.95421,0.0,4.164,2.662304e-07,0.2662304,0.0,4.23,4.115997e-06,4.115997,0.0,3.977,2.605845e-06,2.605845,0.0,4.329,2.790238e-07,0.2790238,0.0,3.995,6.258249e-06,6.258249,0.0,4.294,1.244249e-06,1.244249
794,794,3.527520854e-05,35.27520854,0,1,40.94117647058824,,False,,0.0,4.318,1.446562e-07,0.1446562,0.0,4.261,1.518262e-06,1.518262,0.3411764705882353,3.921,1.876153e-05,18.76153,0.0,4.23,9.983831e-07,0.9983831,0.0,3.977,1.275182e-05,12.75182,0.0,4.329,7.43104e-08,0.0743104,0.0,3.995,1.919484e-08,0.0191948399999999,0.0,4.294,1.007052e-06,1.007052
795,795,3.91094398e-05,39.1094398,0,1,40.94117647058824,,False,,0.0,4.318,1.168589e-06,1.168589,0.3411764705882353,4.017,1.909147e-05,19.09147,0.0,4.164,3.101541e-07,0.3101541,0.0,4.23,5.628951e-06,5.628951,0.0,3.977,3.028736e-06,3.028736,0.0,4.329,3.270927e-07,0.3270927,0.0,3.995,8.278525e-06,8.278525,0.0,4.294,1.275922e-06,1.275922
796,796,5.600732426999999e-05,56.00732427,0,1,61.17647058823529,,False,,0.0,4.318,2.060121e-07,0.2060121,0.0,4.261,2.622609e-06,2.622609,0.5098039215686274,3.856,2.822276e-05,28.22276,0.0,4.23,9.856544e-07,0.9856544,0.0,3.977,2.287255e-05,22.87255,0.0,4.329,6.683447e-08,0.0668344699999999,0.0,3.995,2.44723e-08,0.0244723,0.0,4.294,1.006432e-06,1.006432
797,797,5.7240808e-05,57.240808,0,1,61.17647058823529,,False,,0.0,4.318,1.577828e-06,1.577828,0.5098039215686274,3.961,2.894594e-05,28.94594,0.0,4.164,3.957514e-07,0.3957514,0.0,4.23,8.60918e-06,8.60918,0.0,3.977,3.877443e-06,3.877443,0.0,4.329,4.129636e-07,0.4129636,0.0,3.995,1.207325e-05,12.07325,0.0,4.294,1.348452e-06,1.348452
798,798,9.041985358e-05,90.41985358,0,1,98.35294117647057,,False,,0.0,4.318,3.853024e-07,0.3853024,0.0,4.261,4.558455e-06,4.558455,0.8196078431372548,3.768,4.311312e-05,43.11312,0.0,4.23,9.557218e-07,0.9557217999999998,0.0,3.977,4.026561e-05,40.26561,0.0,4.329,5.505298e-08,0.0550529799999999,0.0,3.995,8.79444e-08,0.0879444,0.0,4.294,9.98647e-07,0.998647
799,799,8.99703539e-05,89.9703539,0,1,98.35294117647057,,False,,0.0,4.318,2.317905e-06,2.317905,0.8196078431372548,3.876,4.691393e-05,46.91393,0.0,4.164,5.390008e-07,0.5390008,0.0,4.23,1.404646e-05,14.046460000000002,0.0,3.977,5.528796e-06,5.528796,0.0,4.329,5.596781e-07,0.5596781,0.0,3.995,1.86319e-05,18.6319,0.0,4.294,1.432684e-06,1.432684
800,800,0.000114384054,114.384054,0,1,107.76470588235296,,False,,0.0,4.318,1.382142e-06,1.382142,0.0,4.261,3.34149e-05,33.4149,0.0,4.164,1.085508e-06,1.085508,0.0,4.23,2.479926e-05,24.79926,0.8980392156862746,3.529,4.324918e-06,4.324918,0.0,4.329,8.726307e-07,0.8726307,0.0,3.995,4.759126e-05,47.59126,0.0,4.294,9.134353e-07,0.9134353
801,801,9.83358492e-05,98.3358492,0,1,107.76470588235296,,False,,0.0,4.318,4.815448e-07,0.4815447999999999,0.0,4.261,1.454083e-06,1.454083,0.0,4.164,2.279839e-05,22.79839,0.8980392156862746,3.824,4.698953e-06,4.698953,0.0,3.977,5.8228e-06,5.8228,0.0,4.329,6.112648e-05,61.12648,0.0,3.995,9.709146e-07,0.9709146,0.0,4.294,9.826838e-07,0.9826838
802,802,6.176434362000001e-05,61.76434361999999,0,1,67.76470588235291,,False,,0.0,4.318,2.311032e-07,0.2311032,0.0,4.261,2.938807e-06,2.938807,0.564705882352941,3.84,3.079226e-05,30.79226,0.0,4.23,9.851191e-07,0.9851191,0.0,3.977,2.571071e-05,25.71071,0.0,4.329,6.428005e-08,0.06428005,0.0,3.995,3.198827e-08,0.03198827,0.0,4.294,1.010076e-06,1.010076
803,803,6.15144201e-05,61.5144201,0,1,67.76470588235291,,False,,0.0,4.318,1.671971e-06,1.671971,0.564705882352941,3.949,3.127538e-05,31.27538,0.0,4.164,4.141286e-07,0.4141286,0.0,4.23,9.331093e-06,9.331093,0.0,3.977,4.087864e-06,4.087864,0.0,4.329,4.345865e-07,0.4345865,0.0,3.995,1.293629e-05,12.93629,0.0,4.294,1.363107e-06,1.3631069999999998
804,804,5.738466392e-05,57.38466392,0,1,63.05882352941176,,False,,0.0,4.318,2.141412e-07,0.2141412,0.0,4.261,2.694815e-06,2.694815,0.5254901960784313,3.852,2.889712e-05,28.89712,0.0,4.23,9.895398e-07,0.9895398,0.0,3.977,2.348768e-05,23.48768,0.0,4.329,6.478447e-08,0.06478447,0.0,3.995,2.640445e-08,0.02640445,0.0,4.294,1.010179e-06,1.010179
805,805,5.72103551e-05,57.2103551,0,1,63.05882352941176,,False,,0.0,4.318,1.573159e-06,1.573159,0.5254901960784313,3.961,2.89156e-05,28.9156,0.0,4.164,3.941075e-07,0.3941075,0.0,4.23,8.630038e-06,8.630037999999999,0.0,3.977,3.870758e-06,3.870758,0.0,4.329,4.162046e-07,0.4162046,0.0,3.995,1.205891e-05,12.05891,0.0,4.294,1.351578e-06,1.351578
806,806,6.97255888e-05,69.7255888,0,1,63.52941176470587,,False,,0.0,4.318,5.388318e-07,0.5388318,0.0,4.261,1.835549e-05,18.35549,0.0,4.164,6.493704e-07,0.6493704,0.0,4.23,1.492608e-05,14.92608,0.5294117647058822,3.646,3.675205e-06,3.675205,0.0,4.329,4.146455e-07,0.4146455,0.0,3.995,3.028781e-05,30.28781,0.0,4.294,8.781561e-07,0.8781561
807,807,6.01855282e-05,60.1855282,0,1,63.52941176470587,,False,,0.0,4.318,4.700853e-07,0.4700853,0.0,4.261,1.23166e-06,1.23166,0.0,4.164,1.376114e-05,13.76114,0.5294117647058822,3.924,3.487281e-06,3.4872810000000003,0.0,3.977,3.044484e-06,3.044484,0.0,4.329,3.681987e-05,36.81987,0.0,3.995,4.222362e-07,0.4222362,0.0,4.294,9.487717e-07,0.9487717
808,808,9.281744886e-05,92.81744886,0,1,101.6470588235294,,False,,0.0,4.318,4.025279e-07,0.4025279,0.0,4.261,4.713585e-06,4.713585,0.8470588235294118,3.762,4.412264e-05,44.12264,0.0,4.23,9.550563e-07,0.9550563,0.0,3.977,4.147535e-05,41.475350000000006,0.0,4.329,5.374017e-08,0.05374017,0.0,3.995,9.533999e-08,0.09533999,0.0,4.294,9.992095e-07,0.9992095
809,809,9.24312212e-05,92.4312212,0,1,101.6470588235294,,False,,0.0,4.318,2.376862e-06,2.376862,0.8470588235294118,3.87,4.817393e-05,48.17393,0.0,4.164,5.503439e-07,0.5503439,0.0,4.23,1.445692e-05,14.45692,0.0,3.977,5.661809e-06,5.661809,0.0,4.329,5.698633e-07,0.5698633,0.0,3.995,1.919597e-05,19.19597,0.0,4.294,1.445523e-06,1.445523
810,810,2.3953437561e-05,23.953437561,0,2,19.76470588235293,,False,,0.0,4.318,8.624061e-09,0.0086240609999999,0.0,4.261,4.154023e-06,4.154023,0.0,4.164,2.194978e-07,0.2194978,0.0,4.23,4.842109e-06,4.842109000000001,0.1647058823529411,3.802,2.880682e-06,2.880682,0.0,4.329,5.0231e-08,0.050231,0.0,3.995,1.091613e-05,10.91613,0.0,4.294,8.821407e-07,0.8821407
811,811,2.002824615e-05,20.02824615,0,1,19.76470588235293,,False,,0.0,4.318,4.618409e-07,0.4618409,0.0,4.261,9.104393e-07,0.9104393,0.0,4.164,3.989455e-06,3.989455,0.1647058823529411,4.066,1.982002e-06,1.982002,0.0,3.977,9.656158e-07,0.9656158,0.0,4.329,1.071753e-05,10.71753,0.0,3.995,5.477155e-08,0.0547715499999999,0.0,4.294,9.465916e-07,0.9465916
812,812,5.66968079e-06,5.66968079,0,1,57.41176470588234,,False,,0.0,4.318,4.442934e-07,0.4442934,0.0,4.261,5.900795e-07,0.5900795000000001,0.0,4.164,1.187774e-07,0.1187774,0.0,4.23,9.409038e-07,0.9409038,0.4784313725490195,3.664,2.156753e-06,2.156753,0.0,4.329,8.923539e-08,0.08923539,0.0,3.995,3.37097e-07,0.337097,0.0,4.294,9.925413e-07,0.9925413
813,813,5.59752385e-05,55.9752385,0,1,57.41176470588234,,False,,0.0,4.318,4.732757e-07,0.4732756999999999,0.0,4.261,1.207734e-06,1.207734,0.0,4.164,1.271552e-05,12.71552,0.4784313725490195,3.936,3.341015e-06,3.341015,0.0,3.977,2.759238e-06,2.759238,0.0,4.329,3.41607e-05,34.1607,0.0,3.995,3.707112e-07,0.3707111999999999,0.0,4.294,9.470446e-07,0.9470446
814,814,3.388370456e-05,33.88370456,0,1,29.176470588235283,,False,,0.0,4.318,7.036576e-08,0.07036576,0.0,4.261,7.022973e-06,7.022973,0.0,4.164,3.060877e-07,0.3060876999999999,0.0,4.23,7.023588e-06,7.023587999999999,0.2431372549019607,3.761,3.065818e-06,3.065818,0.0,4.329,1.118905e-07,0.1118905,0.0,3.995,1.540758e-05,15.40758,0.0,4.294,8.754016e-07,0.8754016
815,815,8.771756204e-05,87.71756203999999,0,1,96.0,,False,,0.0,4.318,3.688264e-07,0.3688264,0.0,4.261,4.414011e-06,4.414011,0.7999999999999999,3.774,4.198688e-05,41.98688,0.0,4.23,9.568394e-07,0.9568394,0.0,3.977,3.885136e-05,38.85136,0.0,4.329,5.503441e-08,0.05503441,0.0,3.995,8.264983e-08,0.08264983,0.0,4.294,1.001961e-06,1.001961
816,816,2.777965958e-05,27.77965958,0,1,29.176470588235283,,False,,0.0,4.318,4.648579e-07,0.4648579,0.0,4.261,9.88442e-07,0.988442,0.0,4.164,5.914057e-06,5.914057,0.2431372549019607,4.031,2.304216e-06,2.304216,0.0,3.977,1.220656e-06,1.2206560000000002,0.0,4.329,1.585279e-05,15.85279,0.0,3.995,9.363908e-08,0.09363908,0.0,4.294,9.410016e-07,0.9410016
817,817,8.753029010000001e-05,87.5302901,0,1,96.0,,False,,0.0,4.318,2.2629e-06,2.2629,0.7999999999999999,3.882,4.537422e-05,45.37422,0.0,4.164,5.283621e-07,0.5283621000000001,0.0,4.23,1.37317e-05,13.7317,0.0,3.977,5.397616e-06,5.397616,0.0,4.329,5.50699e-07,0.5506989999999999,0.0,3.995,1.825033e-05,18.25033,0.0,4.294,1.434463e-06,1.434463
818,818,5.80429621e-05,58.0429621,0,1,52.23529411764704,,False,,0.0,4.318,3.586448e-07,0.3586448,0.0,4.261,1.45989e-05,14.5989,0.0,4.164,5.347575e-07,0.5347575,0.0,4.23,1.236333e-05,12.36333,0.4352941176470587,3.68,3.498796e-06,3.498796,0.0,4.329,3.087198e-07,0.3087198,0.0,3.995,2.551104e-05,25.51104,0.0,4.294,8.68774e-07,0.8687739999999999
819,819,9.833357793e-05,98.33357793,0,1,107.76470588235296,,False,,0.0,4.318,4.385009e-07,0.4385008999999999,0.0,4.261,5.017174e-06,5.017174,0.8980392156862746,3.749,4.64726e-05,46.4726,0.0,4.23,9.436661e-07,0.9436661,0.0,3.977,4.429762e-05,44.29762,0.0,4.329,5.259433e-08,0.05259433,0.0,3.995,1.100696e-07,0.1100696,0.0,4.294,1.001353e-06,1.001353
820,820,5.0989234e-05,50.989234,0,1,52.23529411764704,,False,,0.0,4.318,4.729759e-07,0.4729759,0.0,4.261,1.172734e-06,1.1727340000000002,0.0,4.164,1.153953e-05,11.53953,0.4352941176470587,3.951,3.163331e-06,3.163331,0.0,3.977,2.439495e-06,2.439495,0.0,4.329,3.09464e-05,30.9464,0.0,3.995,3.106249e-07,0.3106249,0.0,4.294,9.441432e-07,0.9441432
821,821,9.34107602e-05,93.4107602,0,1,86.58823529411764,,False,,0.0,4.318,9.600506e-07,0.9600506,0.0,4.261,2.623151e-05,26.23151,0.0,4.164,8.856412e-07,0.8856412,0.0,4.23,2.016966e-05,20.16966,0.7215686274509803,3.582,4.027699e-06,4.027699,0.0,4.329,6.501562e-07,0.6501562,0.0,3.995,3.959101e-05,39.59101,0.0,4.294,8.950332e-07,0.8950332
822,822,9.80502038e-05,98.0502038,0,1,107.76470588235296,,False,,0.0,4.318,2.497095e-06,2.497095,0.8980392156862746,3.857,5.117306e-05,51.17306,0.0,4.164,5.718096e-07,0.5718095999999999,0.0,4.23,1.548006e-05,15.480060000000002,0.0,3.977,5.947551e-06,5.947551,0.0,4.329,5.972332e-07,0.5972332,0.0,3.995,2.032237e-05,20.32237,0.0,4.294,1.461025e-06,1.461025
823,823,8.11039401e-05,81.10394009999999,0,1,86.58823529411764,,False,,0.0,4.318,4.797059e-07,0.4797058999999999,0.0,4.261,1.361891e-06,1.361891,0.0,4.164,1.869371e-05,18.69371,0.7215686274509803,3.867,4.175453e-06,4.175453,0.0,3.977,4.503523e-06,4.503523,0.0,4.329,5.021017e-05,50.21017,0.0,3.995,7.091456e-07,0.7091456,0.0,4.294,9.703416e-07,0.9703416
824,824,0.0001074986327,107.4986327,0,1,100.7058823529412,,False,,0.0,4.318,1.232802e-06,1.232802,0.0,4.261,3.1213e-05,31.213,0.0,4.164,9.998842e-07,0.9998842,0.0,4.23,2.318975e-05,23.18975,0.8392156862745099,3.546,4.274272e-06,4.274272,0.0,4.329,8.035026e-07,0.8035026000000001,0.0,3.995,4.487317e-05,44.87317,0.0,4.294,9.122519e-07,0.9122519
825,825,9.40737448e-05,94.0737448,0,1,100.7058823529412,,False,,0.0,4.318,4.816525e-07,0.4816525,0.0,4.261,1.433982e-06,1.433982,0.0,4.164,2.179716e-05,21.79716,0.8392156862745099,3.835,4.58067e-06,4.58067,0.0,3.977,5.489438e-06,5.489438,0.0,4.329,5.840966e-05,58.40966,0.0,3.995,9.041985e-07,0.9041985,0.0,4.294,9.769838e-07,0.9769838
826,826,6.17248251e-05,61.7248251,0,1,55.99999999999999,,False,,0.0,4.318,4.128358e-07,0.4128358,0.0,4.261,1.577871e-05,15.778709999999998,0.0,4.164,5.699515e-07,0.5699514999999999,0.0,4.23,1.313027e-05,13.13027,0.4666666666666666,3.669,3.563385e-06,3.563385,0.0,4.329,3.407415e-07,0.3407415,0.0,3.995,2.705801e-05,27.058010000000003,0.0,4.294,8.709213e-07,0.8709213
827,827,5.42070288e-05,54.2070288,0,1,55.99999999999999,,False,,0.0,4.318,4.761407e-07,0.4761407,0.0,4.261,1.194553e-06,1.194553,0.0,4.164,1.229383e-05,12.29383,0.4666666666666666,3.941,3.280929e-06,3.280929,0.0,3.977,2.641287e-06,2.641287,0.0,4.329,3.30258e-05,33.0258,0.0,3.995,3.490242e-07,0.3490241999999999,0.0,4.294,9.454649e-07,0.9454649
828,828,7.11933309e-05,71.1933309,0,1,64.94117647058822,,False,,0.0,4.318,5.629103e-07,0.5629103000000001,0.0,4.261,1.885454e-05,18.85454,0.0,4.164,6.61199e-07,0.661199,0.0,4.23,1.521163e-05,15.21163,0.5411764705882351,3.642,3.710576e-06,3.710576,0.0,4.329,4.274384e-07,0.4274384,0.0,3.995,3.088759e-05,30.88759,0.0,4.294,8.774472e-07,0.8774472
829,829,6.11255567e-05,61.1255567,0,1,64.94117647058822,,False,,0.0,4.318,4.732168e-07,0.4732168,0.0,4.261,1.240331e-06,1.240331,0.0,4.164,1.401808e-05,14.01808,0.5411764705882351,3.921,3.517111e-06,3.517111,0.0,3.977,3.083044e-06,3.083044,0.0,4.329,3.740777e-05,37.40777,0.0,3.995,4.332608e-07,0.4332608,0.0,4.294,9.527431e-07,0.9527431
830,830,5.779091853e-05,57.79091853,0,1,63.52941176470587,,False,,0.0,4.318,2.143679e-07,0.2143679,0.0,4.261,2.721467e-06,2.721467,0.5294117647058822,3.851,2.908503e-05,29.08503,0.0,4.23,9.895022e-07,0.9895022,0.0,3.977,2.367739e-05,23.67739,0.0,4.329,6.584189e-08,0.06584189,0.0,3.995,2.689954e-08,0.02689954,0.0,4.294,1.01042e-06,1.01042
831,831,5.94461835e-05,59.4461835,0,1,63.52941176470587,,False,,0.0,4.318,1.629729e-06,1.629729,0.5294117647058822,3.955,3.012668e-05,30.12668,0.0,4.164,4.009036e-07,0.4009035999999999,0.0,4.23,9.011333e-06,9.011333,0.0,3.977,3.993711e-06,3.993711,0.0,4.329,4.269799e-07,0.4269798999999999,0.0,3.995,1.249762e-05,12.49762,0.0,4.294,1.359227e-06,1.359227
832,832,1.711922533e-05,17.11922533,0,1,19.76470588235293,,False,,0.0,4.318,1.542409e-07,0.1542409,0.0,4.261,6.502398e-07,0.6502398,0.1647058823529411,3.997,9.718563e-06,9.718563,0.0,4.23,1.001184e-06,1.001184,0.0,3.977,4.436398e-06,4.436398,0.0,4.329,8.201129e-08,0.08201129,0.0,3.995,6.231934e-08,0.06231934,0.0,4.294,1.014269e-06,1.014269
833,833,1.74760262e-05,17.4760262,0,1,19.76470588235293,,False,,0.0,4.318,6.903127e-07,0.6903127,0.1647058823529411,4.105,7.262103e-06,7.262103,0.0,4.164,2.042591e-07,0.2042591,0.0,4.23,2.22537e-06,2.22537,0.0,3.977,2.120471e-06,2.120471,0.0,4.329,2.131354e-07,0.2131354,0.0,3.995,3.579005e-06,3.579005,0.0,4.294,1.18137e-06,1.18137
834,834,9.68494013e-05,96.8494013,0,1,92.70588235294116,,False,,0.0,4.318,1.02584e-06,1.02584,0.0,4.261,2.745492e-05,27.45492,0.0,4.164,9.154396e-07,0.9154396,0.0,4.23,2.088906e-05,20.88906,0.7725490196078431,3.573,4.089854e-06,4.089854,0.0,4.329,6.865787e-07,0.6865787000000001,0.0,3.995,4.089228e-05,40.89228,0.0,4.294,8.95429e-07,0.895429
835,835,8.694131029999999e-05,86.9413103,0,1,92.70588235294116,,False,,0.0,4.318,4.840621e-07,0.4840621,0.0,4.261,1.394817e-06,1.394817,0.0,4.164,2.008631e-05,20.08631,0.7725490196078431,3.852,4.353743e-06,4.353743,0.0,3.977,4.911947e-06,4.911947,0.0,4.329,5.393385e-05,53.93385,0.0,3.995,7.954465e-07,0.7954465,0.0,4.294,9.811347e-07,0.9811347
836,836,5.25863179e-05,52.5863179,0,1,57.41176470588234,,False,,0.0,4.318,1.981416e-07,0.1981416,0.0,4.261,2.441104e-06,2.441104,0.4784313725490195,3.866,2.674505e-05,26.74505,0.0,4.23,9.932218e-07,0.9932218,0.0,3.977,2.110634e-05,21.10634,0.0,4.329,6.894663e-08,0.06894663,0.0,3.995,2.167187e-08,0.02167187,0.0,4.294,1.011842e-06,1.011842
837,837,5.37870649e-05,53.7870649,0,1,57.41176470588234,,False,,0.0,4.318,1.503121e-06,1.503121,0.4784313725490195,3.971,2.711536e-05,27.11536,0.0,4.164,3.780239e-07,0.3780239,0.0,4.23,8.031481e-06,8.031481000000001,0.0,3.977,3.705945e-06,3.705945,0.0,4.329,4.00994e-07,0.400994,0.0,3.995,1.131304e-05,11.31304,0.0,4.294,1.3391e-06,1.3391
838,838,2.555956109e-05,25.559561090000003,0,1,29.176470588235283,,False,,0.0,4.318,1.404435e-07,0.1404435,0.0,4.261,1.039452e-06,1.0394519999999998,0.2431372549019607,3.958,1.405144e-05,14.05144,0.0,4.23,1.004655e-06,1.004655,0.0,3.977,8.195895e-06,8.195895,0.0,4.329,7.964014e-08,0.07964014,0.0,3.995,3.324445e-08,0.03324445,0.0,4.294,1.014791e-06,1.014791
839,839,2.6396447e-05,26.396447,0,1,29.176470588235283,,False,,0.0,4.318,8.892169e-07,0.8892169,0.2431372549019607,4.064,1.21234e-05,12.1234,0.0,4.164,2.503472e-07,0.2503472,0.0,4.23,3.602654e-06,3.602654,0.0,3.977,2.475905e-06,2.475905,0.0,4.329,2.642439e-07,0.2642439,0.0,3.995,5.553801e-06,5.553801,0.0,4.294,1.236879e-06,1.236879
840,840,4.64515542e-05,46.4515542,0,1,44.23529411764706,,False,,0.0,4.318,2.026096e-07,0.2026096,0.0,4.261,1.095074e-05,10.95074,0.0,4.164,4.19581e-07,0.419581,0.0,4.23,9.761011e-06,9.761011,0.3686274509803922,3.716,3.327349e-06,3.3273490000000003,0.0,4.329,2.089817e-07,0.2089817,0.0,3.995,2.070662e-05,20.70662,0.0,4.294,8.746619e-07,0.8746619
841,841,5.68955127e-06,5.689551270000001,0,1,44.23529411764706,,False,,0.0,4.318,4.48272e-07,0.448272,0.0,4.261,5.932545e-07,0.5932545,0.0,4.164,1.199783e-07,0.1199783,0.3686274509803922,3.972,9.383155e-07,0.9383155,0.0,3.977,2.165234e-06,2.1652340000000003,0.0,4.329,9.108507e-08,0.09108507,0.0,3.995,3.39469e-07,0.3394689999999999,0.0,4.294,9.939429e-07,0.9939429
842,842,4.810392682e-05,48.103926820000005,0,1,52.23529411764704,,False,,0.0,4.318,1.790093e-07,0.1790092999999999,0.0,4.261,2.197464e-06,2.197464,0.4352941176470587,3.879,2.472907e-05,24.72907,0.0,4.23,9.967928e-07,0.9967928,0.0,3.977,1.889786e-05,18.89786,0.0,4.329,7.073862e-08,0.0707386199999999,0.0,3.995,1.90161e-08,0.0190160999999999,0.0,4.294,1.013976e-06,1.013976
843,843,4.914846400000001e-05,49.148464,0,1,52.23529411764704,,False,,0.0,4.318,1.398761e-06,1.398761,0.4352941176470587,3.985,2.452477e-05,24.52477,0.0,4.164,3.559062e-07,0.3559062,0.0,4.23,7.290342e-06,7.290342,0.0,3.977,3.4899e-06,3.4899,0.0,4.329,3.808928e-07,0.3808928,0.0,3.995,1.038073e-05,10.380730000000002,0.0,4.294,1.327162e-06,1.327162
844,844,7.946764669e-05,79.46764669,0,1,86.58823529411764,,False,,0.0,4.318,3.17595e-07,0.317595,0.0,4.261,3.942129e-06,3.942129,0.7215686274509803,3.794,3.852174e-05,38.52174,0.0,4.23,9.658635e-07,0.9658635,0.0,3.977,3.459005e-05,34.590050000000005,0.0,4.329,5.886296e-08,0.05886296,0.0,3.995,6.354523e-08,0.06354523,0.0,4.294,1.007861e-06,1.007861
845,845,7.912016880000001e-05,79.1201688,0,1,86.58823529411764,,False,,0.0,4.318,2.073434e-06,2.073434,0.7215686274509803,3.903,4.085102e-05,40.85102,0.0,4.164,4.894426e-07,0.4894425999999999,0.0,4.23,1.227986e-05,12.27986,0.0,3.977,4.974344e-06,4.974344,0.0,4.329,5.159922e-07,0.5159922,0.0,3.995,1.651943e-05,16.51943,0.0,4.294,1.416646e-06,1.4166459999999998
846,846,9.186820304e-05,91.86820304,0,1,100.7058823529412,,False,,0.0,4.318,3.9419e-07,0.39419,0.0,4.261,4.651192e-06,4.651192,0.8392156862745099,3.764,4.373555e-05,43.73555,0.0,4.23,9.515268e-07,0.9515268,0.0,3.977,4.098601e-05,40.98601,0.0,4.329,5.544848e-08,0.05544848,0.0,3.995,9.255676e-08,0.09255676,0.0,4.294,1.001729e-06,1.001729
847,847,9.20761431e-05,92.0761431,0,1,100.7058823529412,,False,,0.0,4.318,2.366867e-06,2.366867,0.8392156862745099,3.871,4.791473e-05,47.91473,0.0,4.164,5.4634e-07,0.54634,0.0,4.23,1.446029e-05,14.46029,0.0,3.977,5.648777e-06,5.648777,0.0,4.329,5.712331e-07,0.5712331,0.0,3.995,1.911699e-05,19.11699,0.0,4.294,1.450916e-06,1.450916
848,848,5.11348635e-05,51.13486350000001,0,1,55.99999999999999,,False,,0.0,4.318,1.891237e-07,0.1891236999999999,0.0,4.261,2.36032e-06,2.36032,0.4666666666666666,3.87,2.61221e-05,26.1221,0.0,4.23,9.925022e-07,0.9925022,0.0,3.977,2.036576e-05,20.36576,0.0,4.329,6.835467e-08,0.06835467,0.0,3.995,2.051493e-08,0.02051493,0.0,4.294,1.016188e-06,1.016188
849,849,5.27857089e-05,52.7857089,0,1,55.99999999999999,,False,,0.0,4.318,1.480258e-06,1.480258,0.4666666666666666,3.974,2.645377e-05,26.45377,0.0,4.164,3.711049e-07,0.3711049,0.0,4.23,7.915239e-06,7.915239,0.0,3.977,3.676581e-06,3.676581,0.0,4.329,3.95321e-07,0.395321,0.0,3.995,1.114534e-05,11.14534,0.0,4.294,1.348095e-06,1.3480949999999998
850,850,5.916693736e-05,59.166937360000006,0,1,64.94117647058822,,False,,0.0,4.318,2.192384e-07,0.2192384,0.0,4.261,2.79957e-06,2.79957,0.5411764705882351,3.847,2.971631e-05,29.71631,0.0,4.23,9.863513e-07,0.9863513,0.0,3.977,2.434029e-05,24.34029,0.0,4.329,6.578851e-08,0.06578851,0.0,3.995,2.851215e-08,0.02851215,0.0,4.294,1.010877e-06,1.010877
851,851,5.76519572e-05,57.6519572,0,1,64.94117647058822,,False,,0.0,4.318,1.587397e-06,1.587397,0.5411764705882351,3.96,2.922419e-05,29.22419,0.0,4.164,3.972475e-07,0.3972475,0.0,4.23,8.661125e-06,8.661124999999998,0.0,3.977,3.895377e-06,3.895377,0.0,4.329,4.187237e-07,0.4187237,0.0,3.995,1.211787e-05,12.11787,0.0,4.294,1.350027e-06,1.350027
852,852,9.3104353e-05,93.104353,0,1,86.11764705882354,,False,,0.0,4.318,9.542658e-07,0.9542658,0.0,4.261,2.620428e-05,26.20428,0.0,4.164,8.720937e-07,0.8720937,0.0,4.23,2.007437e-05,20.07437,0.7176470588235294,3.583,4.046967e-06,4.046967,0.0,4.329,6.43167e-07,0.6431669999999999,0.0,3.995,3.941512e-05,39.41512,0.0,4.294,8.940895e-07,0.8940895
853,853,8.103977900000001e-05,81.03977900000001,0,1,86.11764705882354,,False,,0.0,4.318,4.851373e-07,0.4851373,0.0,4.261,1.368176e-06,1.368176,0.0,4.164,1.870502e-05,18.70502,0.7176470588235294,3.867,4.165622e-06,4.165622,0.0,3.977,4.479931e-06,4.479931,0.0,4.329,5.016068e-05,50.16068,0.0,3.995,7.063998e-07,0.7063998,0.0,4.294,9.688129e-07,0.9688129
854,854,8.481233926999999e-05,84.81233927,0,1,92.70588235294116,,False,,0.0,4.318,3.554305e-07,0.3554305,0.0,4.261,4.249297e-06,4.249297,0.7725490196078431,3.781,4.083267e-05,40.83267,0.0,4.23,9.613146e-07,0.9613146,0.0,3.977,3.72756e-05,37.2756,0.0,4.329,5.704493e-08,0.05704493,0.0,3.995,7.477124e-08,0.07477124,0.0,4.294,1.006211e-06,1.0062110000000002
855,855,8.47507193e-05,84.7507193,0,1,92.70588235294116,,False,,0.0,4.318,2.201499e-06,2.201499,0.7725490196078431,3.889,4.387423e-05,43.87423,0.0,4.164,5.104841e-07,0.5104841000000001,0.0,4.23,1.326767e-05,13.26767,0.0,3.977,5.266391e-06,5.266391,0.0,4.329,5.391782e-07,0.5391781999999999,0.0,3.995,1.765978e-05,17.659779999999998,0.0,4.294,1.431487e-06,1.431487
856,856,8.956508256000001e-06,8.956508256,0,1,5.176470588235284,,False,,0.0,4.318,9.963858e-08,0.0996385799999999,0.0,4.261,3.161951e-07,0.3161951,0.0,4.164,1.071546e-07,0.1071546,0.0,4.23,1.592683e-06,1.592683,0.0431372549019607,3.896,2.447915e-06,2.447915,0.0,4.329,6.275376e-09,0.006275376,0.0,3.995,3.453323e-06,3.453323,0.0,4.294,9.333236e-07,0.9333236
857,857,5.69599383e-06,5.69599383,0,1,5.176470588235284,,False,,0.0,4.318,4.470157e-07,0.4470157,0.0,4.261,5.929105e-07,0.5929105,0.0,4.164,1.196155e-07,0.1196154999999999,0.0431372549019607,4.23,9.425389e-07,0.9425389,0.0,3.977,2.163421e-06,2.163421,0.0,4.329,9.008683e-08,0.0900868299999999,0.0,3.995,3.419446e-07,0.3419446,0.0,4.294,9.984608e-07,0.9984608
858,858,3.9841087170000005e-05,39.84108717,0,1,44.23529411764706,,False,,0.0,4.318,1.548607e-07,0.1548607,0.0,4.261,1.75262e-06,1.75262,0.3686274509803922,3.905,2.095468e-05,20.95468,0.0,4.23,1.005257e-06,1.005257,0.0,3.977,1.48654e-05,14.8654,0.0,4.329,7.160436e-08,0.07160436,0.0,3.995,1.774211e-08,0.01774211,0.0,4.294,1.018923e-06,1.018923
859,859,4.21833019e-05,42.1833019,0,1,44.23529411764706,,False,,0.0,4.318,1.236301e-06,1.236301,0.3686274509803922,4.007,2.071336e-05,20.71336,0.0,4.164,3.224037e-07,0.3224037,0.0,4.23,6.170866e-06,6.170866,0.0,3.977,3.168539e-06,3.168539,0.0,4.329,3.434262e-07,0.3434261999999999,0.0,3.995,8.920499e-06,8.920499,0.0,4.294,1.307907e-06,1.307907
860,860,7.893335198e-05,78.93335198,0,1,86.11764705882354,,False,,0.0,4.318,3.118689e-07,0.3118689,0.0,4.261,3.906399e-06,3.906399,0.7176470588235294,3.795,3.832629e-05,38.32629,0.0,4.23,9.674932e-07,0.9674932,0.0,3.977,3.428961e-05,34.28961,0.0,4.329,5.768713e-08,0.05768713,0.0,3.995,6.300775e-08,0.06300775,0.0,4.294,1.010996e-06,1.010996
861,861,7.82607268e-05,78.2607268,0,1,86.11764705882354,,False,,0.0,4.318,2.051557e-06,2.051557,0.7176470588235294,3.905,4.036715e-05,40.36715,0.0,4.164,4.843066e-07,0.4843066,0.0,4.23,1.216481e-05,12.16481,0.0,3.977,4.932635e-06,4.932635,0.0,4.329,5.099012e-07,0.5099011999999999,0.0,3.995,1.633334e-05,16.33334,0.0,4.294,1.417027e-06,1.417027
862,862,5.67561653e-06,5.675616529999999,0,1,5.176470588235284,,False,,0.0,4.318,4.44473e-07,0.444473,0.0,4.261,5.934756e-07,0.5934756,0.0431372549019607,4.086,1.189254e-07,0.1189254,0.0,4.23,9.364644e-07,0.9364644,0.0,3.977,2.158184e-06,2.158184,0.0,4.329,9.004413e-08,0.09004413,0.0,3.995,3.434666e-07,0.3434666,0.0,4.294,9.905834e-07,0.9905834
863,863,5.66331767e-06,5.66331767,0,1,5.176470588235284,,False,,0.0,4.318,4.454187e-07,0.4454187,0.0431372549019607,4.261,5.896048e-07,0.5896047999999999,0.0,4.164,1.190414e-07,0.1190413999999999,0.0,4.23,9.359092e-07,0.9359092,0.0,3.977,2.155003e-06,2.155003,0.0,4.329,8.971087e-08,0.08971087,0.0,3.995,3.411482e-07,0.3411482,0.0,4.294,9.874815e-07,0.9874815
864,864,8.125715529999999e-05,81.2571553,0,1,74.82352941176468,,False,,0.0,4.318,7.352405e-07,0.7352405000000001,0.0,4.261,2.222922e-05,22.22922,0.0,4.164,7.570213e-07,0.7570213,0.0,4.23,1.745155e-05,17.45155,0.6235294117647057,3.614,3.868161e-06,3.868161,0.0,4.329,5.28383e-07,0.5283829999999999,0.0,3.995,3.480445e-05,34.80445,0.0,4.294,8.831295e-07,0.8831295
865,865,7.08998614e-05,70.89986139999999,0,1,74.82352941176468,,False,,0.0,4.318,4.780886e-07,0.4780886,0.0,4.261,1.302174e-06,1.302174,0.0,4.164,1.630668e-05,16.30668,0.6235294117647057,3.894,3.834255e-06,3.834255,0.0,3.977,3.758822e-06,3.758822,0.0,4.329,4.370341e-05,43.70341,0.0,3.995,5.612638e-07,0.5612638,0.0,4.294,9.55168e-07,0.955168
866,866,0.0001059645202,105.9645202,0,1,99.2941176470588,,False,,0.0,4.318,1.209779e-06,1.2097790000000002,0.0,4.261,3.0466e-05,30.466,0.0,4.164,1.013305e-06,1.013305,0.0,4.23,2.299881e-05,22.99881,0.8274509803921568,3.55,4.203142e-06,4.203142000000001,0.0,4.329,7.792613e-07,0.7792613,0.0,3.995,4.438811e-05,44.38811,0.0,4.294,9.061129e-07,0.9061129
867,867,9.26082994e-05,92.6082994,0,1,99.2941176470588,,False,,0.0,4.318,4.769445e-07,0.4769445,0.0,4.261,1.423386e-06,1.423386,0.0,4.164,2.147093e-05,21.47093,0.8274509803921568,3.838,4.52145e-06,4.52145,0.0,3.977,5.381112e-06,5.381112000000001,0.0,4.329,5.748001e-05,57.48001,0.0,3.995,8.783805e-07,0.8783805,0.0,4.294,9.760864e-07,0.9760864
868,868,2.3173407204e-05,23.173407204,0,1,19.294117647058822,,False,,0.0,4.318,5.752014e-09,0.005752014,0.0,4.261,3.897338e-06,3.897338,0.0,4.164,2.137238e-07,0.2137238,0.0,4.23,4.677717e-06,4.677717,0.1607843137254902,3.806,2.848438e-06,2.848438,0.0,4.329,4.411729e-08,0.0441172899999999,0.0,3.995,1.060148e-05,10.60148,0.0,4.294,8.848411e-07,0.8848411
869,869,1.957771153e-05,19.57771153,0,1,19.294117647058822,,False,,0.0,4.318,4.592429e-07,0.4592429,0.0,4.261,9.041478e-07,0.9041478,0.0,4.164,3.896324e-06,3.896324,0.1607843137254902,4.068,1.960054e-06,1.960054,0.0,3.977,9.628233e-07,0.9628233,0.0,4.329,1.039905e-05,10.39905,0.0,3.995,5.385513e-08,0.05385513,0.0,4.294,9.422144e-07,0.9422144
870,870,2.09821968e-05,20.9821968,0,1,17.882352941176464,,False,,0.0,4.318,1.05779e-09,0.0010577899999999,0.0,4.261,3.284928e-06,3.284928,0.0,4.164,1.948919e-07,0.1948919,0.0,4.23,4.213141e-06,4.213141,0.1490196078431372,3.816,2.796727e-06,2.796727,0.0,4.329,3.332671e-08,0.0333267099999999,0.0,3.995,9.573276e-06,9.573276,0.0,4.294,8.848484e-07,0.8848484
871,871,1.840380104e-05,18.40380104,0,1,17.882352941176464,,False,,0.0,4.318,4.592486e-07,0.4592486,0.0,4.261,8.905376e-07,0.8905376,0.0,4.164,3.59244e-06,3.59244,0.1490196078431372,4.074,1.897897e-06,1.897897,0.0,3.977,9.301791e-07,0.9301791,0.0,4.329,9.639194e-06,9.639194,0.0,3.995,5.098714e-08,0.05098714,0.0,4.294,9.433176e-07,0.9433176
872,872,6.844627155e-05,68.44627154999999,0,1,74.82352941176468,,False,,0.0,4.318,2.631553e-07,0.2631553,0.0,4.261,3.316115e-06,3.316115,0.6235294117647057,3.822,3.377568e-05,33.77568,0.0,4.23,9.747582e-07,0.9747582,0.0,3.977,2.900659e-05,29.00659,0.0,4.329,6.195556e-08,0.0619555599999999,0.0,3.995,4.214249e-08,0.04214249,0.0,4.294,1.005875e-06,1.005875
873,873,6.85352261e-05,68.53522609999999,0,1,74.82352941176468,,False,,0.0,4.318,1.831514e-06,1.831514,0.6235294117647057,3.93,3.511599e-05,35.11599,0.0,4.164,4.453898e-07,0.4453898,0.0,4.23,1.048861e-05,10.48861,0.0,3.977,4.427141e-06,4.427141,0.0,4.329,4.658543e-07,0.4658543,0.0,3.995,1.43777e-05,14.3777,0.0,4.294,1.383027e-06,1.383027
874,874,9.039865923e-05,90.39865923,0,1,99.2941176470588,,False,,0.0,4.318,3.818593e-07,0.3818593,0.0,4.261,4.568248e-06,4.5682480000000005,0.8274509803921568,3.767,4.309046e-05,43.09046,0.0,4.23,9.490474e-07,0.9490474,0.0,3.977,4.026781e-05,40.26781,0.0,4.329,5.386105e-08,0.05386105,0.0,3.995,8.963008e-08,0.08963008,0.0,4.294,9.977434e-07,0.9977434
875,875,9.06459375e-05,90.6459375,0,1,99.2941176470588,,False,,0.0,4.318,2.336143e-06,2.3361430000000003,0.8274509803921568,3.874,4.720541e-05,47.20541,0.0,4.164,5.44777e-07,0.544777,0.0,4.23,1.41438e-05,14.1438,0.0,3.977,5.568393e-06,5.568393,0.0,4.329,5.593965e-07,0.5593965,0.0,3.995,1.88508e-05,18.8508,0.0,4.294,1.437218e-06,1.437218
876,876,0.0001106770573,110.6770573,0,1,104.4705882352941,,False,,0.0,4.318,1.310641e-06,1.3106410000000002,0.0,4.261,3.225907e-05,32.25907,0.0,4.164,1.052705e-06,1.052705,0.0,4.23,2.395599e-05,23.955990000000003,0.8705882352941176,3.538,4.271017e-06,4.2710170000000005,0.0,4.329,8.344629e-07,0.8344629,0.0,3.995,4.608729e-05,46.08729,0.0,4.294,9.058814e-07,0.9058814
877,877,9.69670042e-05,96.9670042,0,1,104.4705882352941,,False,,0.0,4.318,4.800067e-07,0.4800067,0.0,4.261,1.442638e-06,1.442638,0.0,4.164,2.247231e-05,22.47231,0.8705882352941176,3.827,4.655577e-06,4.655577,0.0,3.977,5.725485e-06,5.725485,0.0,4.329,6.02583e-05,60.2583,0.0,3.995,9.490989e-07,0.9490989,0.0,4.294,9.835886e-07,0.9835886
878,878,0.0001068164114999,106.8164115,0,1,100.23529411764706,,False,,0.0,4.318,1.22876e-06,1.22876,0.0,4.261,3.084226e-05,30.84226,0.0,4.164,1.012493e-06,1.012493,0.0,4.23,2.308208e-05,23.08208,0.8352941176470589,3.548,4.218331e-06,4.218331,0.0,4.329,7.902807e-07,0.7902807,0.0,3.995,4.473764e-05,44.73764,0.0,4.294,9.045668e-07,0.9045668
879,879,9.30787306e-05,93.0787306,0,1,100.23529411764706,,False,,0.0,4.318,4.751913e-07,0.4751913,0.0,4.261,1.417504e-06,1.417504,0.0,4.164,2.157843e-05,21.57843,0.8352941176470589,3.837,4.53075e-06,4.530749999999999,0.0,3.977,5.421116e-06,5.4211160000000005,0.0,4.329,5.779641e-05,57.79641,0.0,3.995,8.879848e-07,0.8879848,0.0,4.294,9.713445e-07,0.9713445
880,880,5.621670560000001e-06,5.62167056,0,1,3.764705882352936,,False,,0.0,4.318,4.348437e-07,0.4348437,0.0,4.261,5.591832e-07,0.5591832,0.0,4.164,1.179906e-07,0.1179906,0.0,4.23,9.268627e-07,0.9268627,0.0313725490196078,3.976,2.152233e-06,2.1522330000000003,0.0,4.329,8.601096e-08,0.08601096,0.0,3.995,3.56838e-07,0.356838,0.0,4.294,9.877084e-07,0.9877084
881,881,5.64025983e-06,5.64025983,0,1,3.764705882352936,,False,,0.0,4.318,4.397508e-07,0.4397508,0.0,4.261,5.861229e-07,0.5861229,0.0,4.164,1.173102e-07,0.1173101999999999,0.0313725490196078,4.23,9.348437e-07,0.9348437,0.0,3.977,2.146164e-06,2.146164,0.0,4.329,8.785963e-08,0.08785963,0.0,3.995,3.402321e-07,0.3402321,0.0,4.294,9.879765e-07,0.9879765
882,882,5.63153902e-06,5.63153902,0,1,19.294117647058822,,False,,0.0,4.318,4.39826e-07,0.439826,0.0,4.261,5.853999e-07,0.5853999,0.1607843137254902,3.999,1.179876e-07,0.1179876,0.0,4.23,9.339702e-07,0.9339702,0.0,3.977,2.14263e-06,2.14263,0.0,4.329,8.773702e-08,0.08773702,0.0,3.995,3.372002e-07,0.3372002,0.0,4.294,9.867881e-07,0.9867881
883,883,1.82201402e-05,18.220140200000003,0,1,19.294117647058822,,False,,0.0,4.318,7.004672e-07,0.7004672000000001,0.1607843137254902,4.101,7.687398e-06,7.687398,0.0,4.164,2.094245e-07,0.2094244999999999,0.0,4.23,2.33727e-06,2.33727,0.0,3.977,2.140849e-06,2.140849,0.0,4.329,2.137205e-07,0.2137205,0.0,3.995,3.753497e-06,3.753497,0.0,4.294,1.177514e-06,1.177514
884,884,0.0001176392633,117.6392633,0,1,111.05882352941175,,False,,0.0,4.318,1.45682e-06,1.45682,0.0,4.261,3.450698e-05,34.50698,0.0,4.164,1.128007e-06,1.128007,0.0,4.23,2.552045e-05,25.52045,0.9254901960784314,3.521,4.356582e-06,4.356582,0.0,4.329,9.068568e-07,0.9068568,0.0,3.995,4.884645e-05,48.84645,0.0,4.294,9.171175e-07,0.9171175
885,885,0.0001029293133,102.9293133,0,1,111.05882352941175,,False,,0.0,4.318,4.737674e-07,0.4737674,0.0,4.261,1.464224e-06,1.464224,0.0,4.164,2.39461e-05,23.9461,0.9254901960784314,3.813,4.840755e-06,4.840755,0.0,3.977,6.202903e-06,6.202903,0.0,4.329,6.397461e-05,63.97461,0.0,3.995,1.041846e-06,1.0418459999999998,0.0,4.294,9.851079e-07,0.9851079
886,886,1.653171332e-05,16.53171332,0,1,17.882352941176464,,False,,0.0,4.318,1.535923e-07,0.1535923,0.0,4.261,6.217097e-07,0.6217097,0.1490196078431372,4.0,9.39229e-06,9.39229,0.0,4.23,9.925803e-07,0.9925803,0.0,3.977,4.222536e-06,4.222536,0.0,4.329,8.034027e-08,0.08034027,0.0,3.995,6.303375e-08,0.06303375,0.0,4.294,1.005631e-06,1.005631
887,887,1.70845014e-05,17.0845014,0,1,17.882352941176464,,False,,0.0,4.318,6.759295e-07,0.6759295000000001,0.1490196078431372,4.107,7.074573e-06,7.074573,0.0,4.164,2.044719e-07,0.2044718999999999,0.0,4.23,2.154015e-06,2.154015,0.0,3.977,2.103054e-06,2.103054,0.0,4.329,2.07357e-07,0.2073569999999999,0.0,3.995,3.498254e-06,3.498254,0.0,4.294,1.166847e-06,1.166847
888,888,9.492358394e-05,94.92358394,0,1,104.4705882352941,,False,,0.0,4.318,4.141353e-07,0.4141353,0.0,4.261,4.826838e-06,4.826838,0.8705882352941176,3.757,4.501701e-05,45.01701,0.0,4.23,9.37245e-07,0.937245,0.0,3.977,4.258527e-05,42.58527,0.0,4.329,5.214744e-08,0.0521474399999999,0.0,3.995,1.007632e-07,0.1007632,0.0,4.294,9.90175e-07,0.990175
889,889,9.5023966e-05,95.023966,0,1,104.4705882352941,,False,,0.0,4.318,2.421995e-06,2.421995,0.8705882352941176,3.864,4.950962e-05,49.50962,0.0,4.164,5.612326e-07,0.5612326,0.0,4.23,1.497929e-05,14.97929,0.0,3.977,5.780948e-06,5.780948,0.0,4.329,5.758404e-07,0.5758403999999999,0.0,3.995,1.97499e-05,19.7499,0.0,4.294,1.44514e-06,1.44514
890,890,7.12658836e-05,71.2658836,0,1,65.41176470588236,,False,,0.0,4.318,5.708787e-07,0.5708787000000001,0.0,4.261,1.892922e-05,18.92922,0.0,4.164,6.668964e-07,0.6668964,0.0,4.23,1.528586e-05,15.28586,0.5450980392156863,3.641,3.693779e-06,3.693779,0.0,4.329,4.323911e-07,0.4323911,0.0,3.995,3.081488e-05,30.81488,0.0,4.294,8.719784e-07,0.8719783999999999
891,891,6.13522965e-05,61.3522965,0,1,65.41176470588236,,False,,0.0,4.318,4.687479e-07,0.4687479,0.0,4.261,1.234799e-06,1.234799,0.0,4.164,1.399586e-05,13.99586,0.5450980392156863,3.92,3.501412e-06,3.501412,0.0,3.977,3.116241e-06,3.116241,0.0,4.329,3.765541e-05,37.65541,0.0,3.995,4.359807e-07,0.4359807,0.0,4.294,9.438459e-07,0.9438459
892,892,8.25640355e-05,82.56403549999999,0,1,76.70588235294117,,False,,0.0,4.318,7.679384e-07,0.7679384,0.0,4.261,2.272897e-05,22.72897,0.0,4.164,7.697947e-07,0.7697946999999999,0.0,4.23,1.772367e-05,17.72367,0.6392156862745098,3.61,3.875765e-06,3.875765,0.0,4.329,5.40524e-07,0.540524,0.0,3.995,3.528019e-05,35.28019,0.0,4.294,8.771834e-07,0.8771834
893,893,7.177399959999999e-05,71.7739996,0,1,76.70588235294117,,False,,0.0,4.318,4.753671e-07,0.4753671,0.0,4.261,1.297882e-06,1.297882,0.0,4.164,1.644669e-05,16.44669,0.6392156862745098,3.891,3.838362e-06,3.838362,0.0,3.977,3.8162e-06,3.8162,0.0,4.329,4.437418e-05,44.37418,0.0,3.995,5.757809e-07,0.5757809,0.0,4.294,9.495376e-07,0.9495376
894,894,9.115416827e-05,91.15416827,0,1,100.23529411764706,,False,,0.0,4.318,3.976609e-07,0.3976609,0.0,4.261,4.615783e-06,4.615783,0.8352941176470589,3.766,4.342765e-05,43.42765,0.0,4.23,9.44543e-07,0.944543,0.0,3.977,4.063315e-05,40.63315,0.0,4.329,5.395079e-08,0.05395079,0.0,3.995,9.066908e-08,0.09066908,0.0,4.294,9.907615e-07,0.9907615
895,895,9.07711383e-05,90.7711383,0,1,100.23529411764706,,False,,0.0,4.318,2.333218e-06,2.333218,0.8352941176470589,3.874,4.730361e-05,47.30361,0.0,4.164,5.483263e-07,0.5483263,0.0,4.23,1.420503e-05,14.20503,0.0,3.977,5.553071e-06,5.553071,0.0,4.329,5.57943e-07,0.557943,0.0,3.995,1.884363e-05,18.84363,0.0,4.294,1.42631e-06,1.42631
896,896,5.28925869e-06,5.2892586900000005,0,1,3.764705882352936,,False,,0.0,4.318,2.765584e-07,0.2765584,0.0,4.261,2.829328e-07,0.2829328,0.0313725490196078,4.095,2.190571e-06,2.1905710000000003,0.0,4.23,9.654999e-07,0.9654999,0.0,3.977,2.995453e-07,0.2995453,0.0,4.329,8.692679e-08,0.08692679,0.0,3.995,1.926422e-07,0.1926421999999999,0.0,4.294,9.945823e-07,0.9945823
897,897,5.6093558e-06,5.6093558,0,1,3.764705882352936,,False,,0.0,4.318,4.37956e-07,0.4379559999999999,0.0313725490196078,4.261,5.827389e-07,0.5827389000000001,0.0,4.164,1.164507e-07,0.1164507,0.0,4.23,9.278432e-07,0.9278432,0.0,3.977,2.136064e-06,2.136064,0.0,4.329,8.84033e-08,0.0884033,0.0,3.995,3.381213e-07,0.3381213,0.0,4.294,9.817784e-07,0.9817784
898,898,0.00010091885862,100.91885862,0,1,111.05882352941175,,False,,0.0,4.318,4.56527e-07,0.456527,0.0,4.261,5.193845e-06,5.193845,0.9254901960784314,3.743,4.752827e-05,47.52827,0.0,4.23,9.300758e-07,0.9300758,0.0,3.977,4.56599e-05,45.6599,0.0,4.329,5.031282e-08,0.0503128199999999,0.0,3.995,1.174634e-07,0.1174634,0.0,4.294,9.824646e-07,0.9824646
899,899,0.0001003615532,100.3615532,0,1,111.05882352941175,,False,,0.0,4.318,2.556805e-06,2.556805,0.9254901960784314,3.851,5.254943e-05,52.54943,0.0,4.164,5.890462e-07,0.5890462,0.0,4.23,1.575578e-05,15.75578,0.0,3.977,6.06748e-06,6.067480000000001,0.0,4.329,6.00822e-07,0.600822,0.0,3.995,2.079798e-05,20.79798,0.0,4.294,1.44421e-06,1.44421
900,900,0.000100372087,100.372087,0,1,94.11764705882352,,False,,0.0,4.318,1.103301e-06,1.103301,0.0,4.261,2.869427e-05,28.69427,0.0,4.164,9.50664e-07,0.950664,0.0,4.23,2.170029e-05,21.70029,0.784313725490196,3.564,4.125044e-06,4.125044,0.0,4.329,7.220743e-07,0.7220743,0.0,3.995,4.218384e-05,42.18384,0.0,4.294,8.926037e-07,0.8926037
901,901,8.80884615e-05,88.0884615,0,1,94.11764705882352,,False,,0.0,4.318,4.705291e-07,0.4705291,0.0,4.261,1.387829e-06,1.387829,0.0,4.164,2.039202e-05,20.39202,0.784313725490196,3.849,4.365998e-06,4.365997999999999,0.0,3.977,5.052324e-06,5.052324,0.0,4.329,5.464758e-05,54.64758,0.0,3.995,8.122071e-07,0.8122071,0.0,4.294,9.599743e-07,0.9599743
902,902,2.827150223e-05,28.27150223,0,1,23.99999999999999,,False,,0.0,4.318,3.136329e-08,0.03136329,0.0,4.261,5.409358e-06,5.409358,0.0,4.164,2.588052e-07,0.2588051999999999,0.0,4.23,5.814512e-06,5.814512000000001,0.1999999999999999,3.783,2.940292e-06,2.940292,0.0,4.329,7.621794e-08,0.07621794,0.0,3.995,1.287328e-05,12.87328,0.0,4.294,8.676738e-07,0.8676738
903,903,2.328730055e-05,23.28730055,0,1,23.99999999999999,,False,,0.0,4.318,4.568474e-07,0.4568474,0.0,4.261,9.344212e-07,0.9344212,0.0,4.164,4.817191e-06,4.817190999999999,0.1999999999999999,4.05,2.104186e-06,2.1041860000000003,0.0,3.977,1.063848e-06,1.063848,0.0,4.329,1.291247e-05,12.91247,0.0,3.995,6.779205e-08,0.0677920499999999,0.0,4.294,9.305449e-07,0.9305449
904,904,7.44220758e-05,74.42207579999999,0,1,68.70588235294117,,False,,0.0,4.318,6.27346e-07,0.627346,0.0,4.261,2.000652e-05,20.00652,0.0,4.164,6.980339e-07,0.6980339,0.0,4.23,1.599659e-05,15.99659,0.5725490196078431,3.632,3.747833e-06,3.747833,0.0,4.329,4.636697e-07,0.4636697,0.0,3.995,3.201474e-05,32.01474,0.0,4.294,8.673432e-07,0.8673432000000001
905,905,6.403506890000001e-05,64.0350689,0,1,68.70588235294117,,False,,0.0,4.318,4.695611e-07,0.4695611,0.0,4.261,1.249856e-06,1.249856,0.0,4.164,1.462467e-05,14.62467,0.5725490196078431,3.912,3.58135e-06,3.58135,0.0,3.977,3.297274e-06,3.297274,0.0,4.329,3.939233e-05,39.39233,0.0,3.995,4.749232e-07,0.4749232,0.0,4.294,9.451046e-07,0.9451046
906,906,5.954433404e-05,59.54433404,0,1,65.41176470588236,,False,,0.0,4.318,2.207807e-07,0.2207807,0.0,4.261,2.821527e-06,2.821527,0.5450980392156863,3.846,2.981355e-05,29.81355,0.0,4.23,9.739084e-07,0.9739084,0.0,3.977,2.462531e-05,24.62531,0.0,4.329,6.336794e-08,0.06336794,0.0,3.995,2.9496e-08,0.029496,0.0,4.294,9.96394e-07,0.996394
907,907,6.07690056e-05,60.76900559999999,0,1,65.41176470588236,,False,,0.0,4.318,1.657052e-06,1.657052,0.5450980392156863,3.951,3.098156e-05,30.98156,0.0,4.164,4.122083e-07,0.4122082999999999,0.0,4.23,9.14672e-06,9.14672,0.0,3.977,4.036491e-06,4.036491,0.0,4.329,4.271673e-07,0.4271672999999999,0.0,3.995,1.276312e-05,12.76312,0.0,4.294,1.344687e-06,1.3446870000000002
908,908,6.918399084e-05,69.18399084,0,1,76.70588235294117,,False,,0.0,4.318,2.631653e-07,0.2631653,0.0,4.261,3.353689e-06,3.353689,0.6392156862745098,3.82,3.400385e-05,34.00385,0.0,4.23,9.666875e-07,0.9666875,0.0,3.977,2.949896e-05,29.49896,0.0,4.329,5.939313e-08,0.05939313,0.0,3.995,4.352131e-08,0.04352131,0.0,4.294,9.947246e-07,0.9947246
909,909,6.88987198e-05,68.89871980000001,0,1,76.70588235294117,,False,,0.0,4.318,1.838571e-06,1.838571,0.6392156862745098,3.929,3.539669e-05,35.39669,0.0,4.164,4.487844e-07,0.4487843999999999,0.0,4.23,1.054474e-05,10.54474,0.0,3.977,4.42793e-06,4.42793,0.0,4.329,4.641754e-07,0.4641754,0.0,3.995,1.440588e-05,14.405880000000002,0.0,4.294,1.371949e-06,1.371949
910,910,8.557484889e-05,85.57484889,0,1,94.11764705882352,,False,,0.0,4.318,3.551661e-07,0.3551661,0.0,4.261,4.282398e-06,4.282398000000001,0.784313725490196,3.779,4.105115e-05,41.05115,0.0,4.23,9.509041e-07,0.9509041,0.0,3.977,3.781338e-05,37.81338,0.0,4.329,5.471379e-08,0.05471379,0.0,3.995,7.72139e-08,0.0772139,0.0,4.294,9.89923e-07,0.989923
911,911,8.54563313e-05,85.45633129999999,0,1,94.11764705882352,,False,,0.0,4.318,2.210862e-06,2.210862,0.784313725490196,3.887,4.438298e-05,44.38298,0.0,4.164,5.211234e-07,0.5211234,0.0,4.23,1.332509e-05,13.32509,0.0,3.977,5.27684e-06,5.27684,0.0,4.329,5.374489e-07,0.5374489,0.0,3.995,1.778905e-05,17.78905,0.0,4.294,1.412937e-06,1.412937
912,912,5.59481904e-06,5.59481904,0,1,23.99999999999999,,False,,0.0,4.318,4.34442e-07,0.434442,0.0,4.261,5.825954e-07,0.5825954,0.1999999999999999,3.972,1.16258e-07,0.116258,0.0,4.23,9.27394e-07,0.927394,0.0,3.977,2.13202e-06,2.13202,0.0,4.329,8.784834e-08,0.08784834,0.0,3.995,3.369945e-07,0.3369945,0.0,4.294,9.772668e-07,0.9772668
913,913,2.15140483e-05,21.5140483,0,1,23.99999999999999,,False,,0.0,4.318,7.728523e-07,0.7728523,0.1999999999999999,4.085,9.514075e-06,9.514075,0.0,4.164,2.258127e-07,0.2258127,0.0,4.23,2.837147e-06,2.8371470000000003,0.0,3.977,2.261015e-06,2.261015,0.0,4.329,2.313593e-07,0.2313593,0.0,3.995,4.48223e-06,4.48223,0.0,4.294,1.189557e-06,1.1895570000000002
914,914,6.218881334e-05,62.18881334,0,1,68.70588235294117,,False,,0.0,4.318,2.326144e-07,0.2326144,0.0,4.261,2.966919e-06,2.966919,0.5725490196078431,3.839,3.098423e-05,30.984230000000004,0.0,4.23,9.720198e-07,0.9720198,0.0,3.977,2.594198e-05,25.94198,0.0,4.329,6.193895e-08,0.06193895,0.0,3.995,3.259409e-08,0.03259409,0.0,4.294,9.965171e-07,0.9965171000000002
915,915,6.07789568e-05,60.77895679999999,0,1,68.70588235294117,,False,,0.0,4.318,1.652533e-06,1.6525329999999998,0.5725490196078431,3.951,3.095764e-05,30.95764,0.0,4.164,4.145745e-07,0.4145745,0.0,4.23,9.169684e-06,9.169683999999998,0.0,3.977,4.036909e-06,4.036909,0.0,4.329,4.243333e-07,0.4243332999999999,0.0,3.995,1.277378e-05,12.77378,0.0,4.294,1.349503e-06,1.349503
916,916,6.4306955e-05,64.30695499999999,0,1,58.823529411764696,,False,,0.0,4.318,4.588621e-07,0.4588621,0.0,4.261,1.671637e-05,16.716369999999998,0.0,4.164,5.983933e-07,0.5983933,0.0,4.23,1.37334e-05,13.7334,0.4901960784313725,3.661,3.58157e-06,3.58157,0.0,4.329,3.690873e-07,0.3690872999999999,0.0,3.995,2.798353e-05,27.98353,0.0,4.294,8.657423e-07,0.8657423
917,917,5.71480737e-05,57.1480737,0,1,58.823529411764696,,False,,0.0,4.318,4.675262e-07,0.4675262,0.0,4.261,1.200903e-06,1.200903,0.0,4.164,1.298474e-05,12.98474,0.4901960784313725,3.932,3.350788e-06,3.350788,0.0,3.977,2.821247e-06,2.821247,0.0,4.329,3.499346e-05,34.99346,0.0,3.995,3.866325e-07,0.3866325,0.0,4.294,9.42777e-07,0.942777
918,918,9.70822887e-05,97.0822887,0,1,90.82352941176472,,False,,0.0,4.318,1.042694e-06,1.042694,0.0,4.261,2.761946e-05,27.61946,0.0,4.164,9.182523e-07,0.9182523,0.0,4.23,2.101093e-05,21.01093,0.7568627450980393,3.572,4.076828e-06,4.076828,0.0,4.329,6.933911e-07,0.6933911,0.0,3.995,4.083049e-05,40.83049,0.0,4.294,8.902433e-07,0.8902433000000001
919,919,8.45613409e-05,84.5613409,0,1,90.82352941176472,,False,,0.0,4.318,4.702174e-07,0.4702173999999999,0.0,4.261,1.366958e-06,1.366958,0.0,4.164,1.956068e-05,19.56068,0.7568627450980393,3.858,4.244168e-06,4.244168,0.0,3.977,4.765563e-06,4.765563,0.0,4.329,5.2427e-05,52.427,0.0,3.995,7.618302e-07,0.7618302,0.0,4.294,9.649243e-07,0.9649243
920,920,5.3470051500000006e-05,53.4700515,0,1,58.823529411764696,,False,,0.0,4.318,1.964267e-07,0.1964267,0.0,4.261,2.489531e-06,2.489531,0.4901960784313725,3.863,2.712261e-05,27.12261,0.0,4.23,9.788848e-07,0.9788848,0.0,3.977,2.159487e-05,21.59487,0.0,4.329,6.391044e-08,0.06391044,0.0,3.995,2.254356e-08,0.0225435599999999,0.0,4.294,1.001275e-06,1.001275
921,921,5.50872118e-05,55.087211800000006,0,1,58.823529411764696,,False,,0.0,4.318,1.525238e-06,1.525238,0.4901960784313725,3.967,2.786927e-05,27.86927,0.0,4.164,3.856971e-07,0.3856970999999999,0.0,4.23,8.22011e-06,8.22011,0.0,3.977,3.758082e-06,3.758082,0.0,4.329,3.998787e-07,0.3998787,0.0,3.995,1.160374e-05,11.60374,0.0,4.294,1.325196e-06,1.3251959999999998
922,922,8.310217241e-05,83.10217241000001,0,1,90.82352941176472,,False,,0.0,4.318,3.421272e-07,0.3421272,0.0,4.261,4.143726e-06,4.143726,0.7568627450980393,3.785,3.998219e-05,39.98219,0.0,4.23,9.535584e-07,0.9535584,0.0,3.977,3.656105e-05,36.56105,0.0,4.329,5.473226e-08,0.05473226,0.0,3.995,7.238265e-08,0.0723826499999999,0.0,4.294,9.924059e-07,0.9924059
923,923,8.24899782e-05,82.4899782,0,1,90.82352941176472,,False,,0.0,4.318,2.143461e-06,2.143461,0.7568627450980393,3.894,4.278898e-05,42.78898,0.0,4.164,5.14982e-07,0.5149819999999999,0.0,4.23,1.278926e-05,12.78926,0.0,3.977,5.120853e-06,5.120853,0.0,4.329,5.194772e-07,0.5194772000000001,0.0,3.995,1.720939e-05,17.209390000000003,0.0,4.294,1.403575e-06,1.403575
