global_target_layer,current_layer,layer_status,skip_reason,layer_iter,loss_before_iter,loss_after_iter,heater_label,heater_role,heater_port,mzi_id,arm_index,voltage_before,voltage_after,gradient,accepted,line_search_trials,lr_used
7,2,optimized,,0,0.012993456964406734,0.012569580480279284,MZI5_arm0,current_layer,11,5,0,3.393,3.392588766159287,0.004112338407125535,True,1,0.1
7,2,optimized,,0,0.012569580480279284,0.012501272269406618,MZI5_arm1,current_layer,7,5,1,4.539,4.539023604514661,-0.007553444691679461,True,6,0.003125
7,2,optimized,,0,0.012501272269406618,0.008194716280466911,MZI6_arm0,current_layer,12,6,0,3.685,3.662519183935313,0.2248081606468703,True,1,0.1
7,2,optimized,,0,0.008194716280466911,0.005098650367758834,MZI6_arm1,current_layer,8,6,1,4.268,4.287372931760661,-0.193729317606608,True,1,0.1
7,2,optimized,,0,0.005098650367758834,0.005076195815676606,MZI7_arm0,current_layer,13,7,0,3.008,3.0079320882699054,0.0054329384075497145,True,4,0.0125
7,2,optimized,,0,0.005076195815676606,0.005076195815676606,MZI7_arm1,current_layer,9,7,1,3.503,3.503,-0.005487659217467159,False,7,0.1
7,2,optimized,,0,0.005076195815676606,0.005056888861233226,MZI1_arm0,previous_layer_compensation,65,1,0,4.694,4.693960228945934,0.001590842162638651,True,3,0.025
7,2,optimized,,0,0.005056888861233226,0.004988222661907779,MZI2_arm0,previous_layer_compensation,67,2,0,4.427,4.430374589883941,-0.03374589883941729,True,1,0.1
7,2,optimized,,0,0.004988222661907779,0.004980918085902344,MZI3_arm0,previous_layer_compensation,66,3,0,4.294,4.293365051468287,0.00634948531712237,True,1,0.1
7,2,optimized,,0,0.004980918085902344,0.004964579993677693,MZI4_arm0,previous_layer_compensation,68,4,0,4.309,4.3091080483963236,-0.001080483963230868,True,1,0.1
7,2,optimized,,1,0.00497782966353885,0.0037338214650302804,MZI6_arm0,current_layer,12,6,0,3.663,3.651048458436647,0.11951541563352823,True,1,0.1
7,2,optimized,,1,0.0037338214650302804,0.00303645287924251,MZI6_arm1,current_layer,8,6,1,4.287,4.296349159940736,-0.09349159940736779,True,1,0.1
7,2,optimized,,1,0.00303645287924251,0.003003814909430939,MZI5_arm1,current_layer,7,5,1,4.539,4.539759805182223,-0.007598051822238635,True,1,0.1
7,2,optimized,,1,0.003003814909430939,0.002997394440094357,MZI7_arm1,current_layer,9,7,1,3.503,3.503397370007138,-0.003973700071378834,True,1,0.1
7,2,optimized,,1,0.002997394440094357,0.002997394440094357,MZI7_arm0,current_layer,13,7,0,3.008,3.008,0.00478195580565837,False,7,0.1
7,2,optimized,,1,0.002997394440094357,0.0029733443735992272,MZI5_arm0,current_layer,11,5,0,3.393,3.392858948029621,0.005642078815156214,True,3,0.025
7,2,optimized,,1,0.0029733443735992272,0.0028887328669483757,MZI2_arm0,previous_layer_compensation,67,2,0,4.43,4.4332672923591225,-0.03267292359122856,True,1,0.1
7,2,optimized,,1,0.0028887328669483757,0.0028739920292420985,MZI3_arm0,previous_layer_compensation,66,3,0,4.293,4.292600968692817,0.003990313071835278,True,1,0.1
7,2,optimized,,1,0.0028739920292420985,0.0028372178828760656,MZI1_arm0,previous_layer_compensation,65,1,0,4.694,4.694051275639377,-0.0005127563937721886,True,1,0.1
7,2,optimized,,1,0.0028372178828760656,0.0028372178828760656,MZI4_arm0,previous_layer_compensation,68,4,0,4.309,4.309,-0.00011165680494565713,False,7,0.1
7,2,optimized,,2,0.0028677543954011963,0.0025999375026498762,MZI6_arm0,current_layer,12,6,0,3.651,3.6452888821341722,0.05711117865827635,True,1,0.1
7,2,optimized,,2,0.0025999375026498762,0.0023800358480003834,MZI6_arm1,current_layer,8,6,1,4.296,4.300527046528602,-0.04527046528601623,True,1,0.1
7,2,optimized,,2,0.0023800358480003834,0.0023725912971397406,MZI5_arm1,current_layer,7,5,1,4.54,4.54065064963939,-0.006506496393900367,True,1,0.1
7,2,optimized,,2,0.0023725912971397406,0.0023668448693159798,MZI5_arm0,current_layer,11,5,0,3.393,3.392795607121611,0.004087857567773315,True,2,0.05
7,2,optimized,,2,0.0023668448693159798,0.0023668448693159798,MZI7_arm0,current_layer,13,7,0,3.008,3.008,0.00403604896015868,False,7,0.1
7,2,optimized,,2,0.0023668448693159798,0.002366683474125752,MZI7_arm1,current_layer,9,7,1,3.503,3.5030531117747343,-0.004248941978726485,True,4,0.0125
7,2,optimized,,2,0.002366683474125752,0.002277377792585234,MZI2_arm0,previous_layer_compensation,67,2,0,4.433,4.4361387755370325,-0.031387755370325836,True,1,0.1
7,2,optimized,,2,0.002277377792585234,0.0022674578259849866,MZI3_arm0,previous_layer_compensation,66,3,0,4.293,4.292980218039855,0.00316511362331004,True,5,0.00625
7,2,optimized,,2,0.0022674578259849866,0.0022629066156817836,MZI1_arm0,previous_layer_compensation,65,1,0,4.694,4.694108512591348,-0.0010851259134837174,True,1,0.1
7,2,optimized,,2,0.0022629066156817836,0.0022629066156817836,MZI4_arm0,previous_layer_compensation,68,4,0,4.309,4.309,1.7470062681306775,False,7,0.1
7,2,optimized,,3,0.0023121650239399075,0.00225039235240043,MZI6_arm0,current_layer,12,6,0,3.645,3.6422850176122488,0.02714982387751315,True,1,0.1
7,2,optimized,,3,0.00225039235240043,0.0022016165656325247,MZI6_arm1,current_layer,8,6,1,4.301,4.3027682698007474,-0.017682698007475402,True,1,0.1
7,2,optimized,,3,0.0022016165656325247,0.0021792293452163216,MZI5_arm1,current_layer,7,5,1,4.541,4.541398634977654,-0.003986349776530346,True,1,0.1
7,2,optimized,,3,0.0021792293452163216,0.00216536459444173,MZI7_arm1,current_layer,9,7,1,3.503,3.503223358880572,-0.004467177611441047,True,2,0.05
7,2,optimized,,3,0.00216536459444173,0.002150300778813579,MZI5_arm0,current_layer,11,5,0,3.393,3.392987624710266,0.0039600927148216985,True,6,0.003125
7,2,optimized,,3,0.002150300778813579,0.002150300778813579,MZI7_arm0,current_layer,13,7,0,3.008,3.008,0.004570783855115889,False,7,0.1
7,2,optimized,,3,0.002150300778813579,0.002150300778813579,MZI4_arm0,previous_layer_compensation,68,4,0,4.309,4.309,-0.0006135676122278408,False,7,0.1
7,2,optimized,,3,0.002150300778813579,0.002112707546277356,MZI2_arm0,previous_layer_compensation,67,2,0,4.436,4.43904333639599,-0.030433363959897836,True,1,0.1
7,2,optimized,,3,0.002112707546277356,0.0020709701423671655,MZI3_arm0,previous_layer_compensation,66,3,0,4.293,4.292618146322389,0.0038185367761163743,True,1,0.1
7,2,optimized,,3,0.0020709701423671655,0.0020709701423671655,MZI1_arm0,previous_layer_compensation,65,1,0,4.694,4.694,-0.0005356961316899767,False,7,0.1
7,2,optimized,,4,0.0020879336000428047,0.002086098922652361,MZI6_arm0,current_layer,12,6,0,3.642,3.6407857901151512,0.012142098848485898,True,1,0.1
7,2,optimized,,4,0.002086098922652361,0.0020731282476098363,MZI6_arm1,current_layer,8,6,1,4.303,4.30379730323104,-0.007973032310401537,True,1,0.1
7,2,optimized,,4,0.0020731282476098363,0.0020703473724639843,MZI7_arm0,current_layer,13,7,0,3.008,3.0076176736956555,0.003823263043444975,True,1,0.1
7,2,optimized,,4,0.0020703473724639843,0.0020698881427110936,MZI7_arm1,current_layer,9,7,1,3.503,3.50302770655815,-0.004433049303967261,True,5,0.00625
7,2,optimized,,4,0.0020698881427110936,0.0020631705916988956,MZI5_arm1,current_layer,7,5,1,4.541,4.541205895716283,-0.004117914325652386,True,2,0.05
7,2,optimized,,4,0.0020631705916988956,0.002057210093367379,MZI5_arm0,current_layer,11,5,0,3.393,3.3929957145725673,0.002742673556889764,True,7,0.0015625
7,2,optimized,,4,0.002057210093367379,0.001998664458831634,MZI2_arm0,previous_layer_compensation,67,2,0,4.439,4.44185294195378,-0.028529419537799028,True,1,0.1
7,2,optimized,,4,0.001998664458831634,0.0019883191290569397,MZI3_arm0,previous_layer_compensation,66,3,0,4.293,4.292666367261366,0.0033363273863403,True,1,0.1
7,2,optimized,,4,0.0019883191290569397,0.0019805795530309766,MZI4_arm0,previous_layer_compensation,68,4,0,4.309,4.309055240254385,-0.0005524025438509405,True,1,0.1
7,2,optimized,,4,0.0019805795530309766,0.0019598271555020938,MZI1_arm0,previous_layer_compensation,65,1,0,4.694,4.694080890054827,-0.0008089005482709047,True,1,0.1
7,2,optimized,,5,0.0019949251709651906,0.001983680228984609,MZI6_arm0,current_layer,12,6,0,3.641,3.6404366861387447,0.00563313861255145,True,1,0.1
7,2,optimized,,5,0.001983680228984609,0.0019653198633632777,MZI6_arm1,current_layer,8,6,1,4.304,4.304051409296713,-0.0005140929671338443,True,1,0.1
7,2,optimized,,5,0.0019653198633632777,0.0019653198633632777,MZI7_arm1,current_layer,9,7,1,3.503,3.503,-0.0028554160644900213,False,7,0.1
7,2,optimized,,5,0.0019653198633632777,0.001963698070452817,MZI5_arm1,current_layer,7,5,1,4.541,4.541405498211659,-0.004054982116587463,True,1,0.1
7,2,optimized,,5,0.001963698070452817,0.001963698070452817,MZI7_arm0,current_layer,13,7,0,3.008,3.008,0.003581467217853861,False,7,0.1
7,2,optimized,,5,0.001963698070452817,0.0019607039395662766,MZI5_arm0,current_layer,11,5,0,3.393,3.392689990318422,0.0031000968157765623,True,1,0.1
7,2,optimized,,5,0.0019607039395662766,0.0018965741949179273,MZI2_arm0,previous_layer_compensation,67,2,0,4.442,4.444746465596453,-0.027464655964528278,True,1,0.1
7,2,optimized,,5,0.0018965741949179273,0.001896370672765673,MZI3_arm0,previous_layer_compensation,66,3,0,4.293,4.292789416755707,0.004211664885861745,True,2,0.05
7,2,optimized,,5,0.001896370672765673,0.001886832285548225,MZI1_arm0,previous_layer_compensation,65,1,0,4.694,4.694009933955922,-0.0007947164737257327,True,4,0.0125
7,2,optimized,,5,0.001886832285548225,0.001886832285548225,MZI4_arm0,previous_layer_compensation,68,4,0,4.309,4.309,-0.0001265157787479692,False,7,0.1
7,2,optimized,,6,0.001915719431281829,0.0018954181135388225,MZI6_arm0,current_layer,12,6,0,3.64,3.6396959148972234,0.0030408510277650075,True,1,0.1
7,2,optimized,,6,0.0018954181135388225,0.0018953525115350438,MZI5_arm1,current_layer,7,5,1,4.541,4.541177240635749,-0.003544812714973734,True,2,0.05
7,2,optimized,,6,0.0018953525115350438,0.001888509468584862,MZI7_arm0,current_layer,13,7,0,3.008,3.0075932963403367,0.004067036596634641,True,1,0.1
7,2,optimized,,6,0.001888509468584862,0.001888509468584862,MZI5_arm0,current_layer,11,5,0,3.393,3.393,0.0019922131446546898,False,7,0.1
7,2,optimized,,6,0.001888509468584862,0.001888509468584862,MZI7_arm1,current_layer,9,7,1,3.503,3.503,-0.003476815240863377,False,7,0.1
7,2,optimized,,6,0.001888509468584862,0.0018855801497403173,MZI6_arm1,current_layer,8,6,1,4.304,4.304021881427357,-0.0008752570942933526,True,3,0.025
7,2,optimized,,6,0.0018855801497403173,0.0018439855604007317,MZI2_arm0,previous_layer_compensation,67,2,0,4.445,4.4474609450936775,-0.024609450936776217,True,1,0.1
7,2,optimized,,6,0.0018439855604007317,0.0018379099359836241,MZI3_arm0,previous_layer_compensation,66,3,0,4.293,4.292808565175767,0.0038286964846690618,True,2,0.05
7,2,optimized,,6,0.0018379099359836241,0.0018365229376968199,MZI1_arm0,previous_layer_compensation,65,1,0,4.694,4.694079691387483,-0.0007969138748272188,True,1,0.1
7,2,optimized,,6,0.0018365229376968199,0.0018266963915233793,MZI4_arm0,previous_layer_compensation,68,4,0,4.309,4.309028667688829,-0.00028667688829255115,True,1,0.1
7,2,optimized,,7,0.001866263670384059,0.0018445066928925824,MZI7_arm0,current_layer,13,7,0,3.008,3.007680630403254,0.0031936959674565466,True,1,0.1
7,2,optimized,,7,0.0018445066928925824,0.001833026450267803,MZI5_arm1,current_layer,7,5,1,4.541,4.541404639317652,-0.004046393176518104,True,1,0.1
7,2,optimized,,7,0.001833026450267803,0.0018293153298727944,MZI7_arm1,current_layer,9,7,1,3.503,3.5030939013706752,-0.003756054827005087,True,3,0.025
7,2,optimized,,7,0.0018293153298727944,0.0018293153298727944,MZI6_arm0,current_layer,12,6,0,3.64,3.64,0.0028041514523360874,False,7,0.1
7,2,optimized,,7,0.0018293153298727944,0.001809861486651968,MZI5_arm0,current_layer,11,5,0,3.393,3.392992485000725,0.0024047997680278943,True,6,0.003125
7,2,optimized,,7,0.001809861486651968,0.001809861486651968,MZI6_arm1,current_layer,8,6,1,4.304,4.304,-0.0015490254646324487,False,7,0.1
7,2,optimized,,7,0.001809861486651968,0.0017909191767794285,MZI2_arm0,previous_layer_compensation,67,2,0,4.447,4.449442593405842,-0.024425934058420577,True,1,0.1
7,2,optimized,,7,0.0017909191767794285,0.0017813328818266404,MZI3_arm0,previous_layer_compensation,66,3,0,4.293,4.292974845586978,0.00402470608352808,True,5,0.00625
7,2,optimized,,7,0.0017813328818266404,0.0017813328818266404,MZI1_arm0,previous_layer_compensation,65,1,0,4.694,4.694,-0.0007834602978403073,False,7,0.1
7,2,optimized,,7,0.0017813328818266404,0.0017813328818266404,MZI4_arm0,previous_layer_compensation,68,4,0,4.309,4.309,-0.001109845690061195,False,7,0.1
7,3,optimized,,0,0.009234387100225115,0.009223570086360279,MZI9_arm0,current_layer,76,9,0,5.183,5.183751549620618,-0.007515496206181292,True,1,0.1
7,3,optimized,,0,0.009223570086360279,0.009213298675810284,MZI9_arm1,current_layer,72,9,1,5.25,5.24982531399625,0.006987440149996686,True,3,0.025
7,3,optimized,,0,0.009213298675810284,0.008882236648159106,MZI10_arm0,current_layer,75,10,0,5.497,5.5,-0.1372922856843485,True,1,0.1
7,3,optimized,,0,0.008882236648159106,0.007646967205871624,MZI10_arm1,current_layer,71,10,1,5.384,5.371800449816338,0.12199550183661934,True,1,0.1
7,3,optimized,,0,0.007646967205871624,0.007579272391596184,MZI11_arm0,current_layer,74,11,0,4.193,4.191366365519889,0.016336344801099977,True,1,0.1
7,3,optimized,,0,0.007579272391596184,0.00752644321216755,MZI11_arm1,current_layer,70,11,1,5.008,5.009705404051485,-0.017054040514853083,True,1,0.1
7,3,optimized,,0,0.00752644321216755,0.007525918879821009,MZI12_arm0,current_layer,73,12,0,3.532,3.532287395933014,-0.002873959330141086,True,1,0.1
7,3,optimized,,0,0.007525918879821009,0.007515394619493211,MZI12_arm1,current_layer,69,12,1,3.646,3.64561495365883,0.0038504634117013823,True,1,0.1
7,3,optimized,,0,0.007515394619493211,0.007515394619493211,MZI5_arm0,previous_layer_compensation,11,5,0,3.393,3.393,0.007961367122587068,False,7,0.1
7,3,optimized,,0,0.007515394619493211,0.007515394619493211,MZI5_arm1,previous_layer_compensation,7,5,1,4.541,4.541,-0.01397056604633252,False,7,0.1
7,3,optimized,,0,0.007515394619493211,0.006996500885879498,MZI6_arm0,previous_layer_compensation,12,6,0,3.64,3.647708846144195,-0.07708846144194759,True,1,0.1
7,3,optimized,,0,0.006996500885879498,0.006576542711919376,MZI6_arm1,previous_layer_compensation,8,6,1,4.304,4.2972385959322885,0.06761404067711389,True,1,0.1
7,3,optimized,,0,0.006576542711919376,0.006414056374127977,MZI7_arm0,previous_layer_compensation,13,7,0,3.008,3.012388845818852,-0.04388845818851986,True,1,0.1
7,3,optimized,,0,0.006414056374127977,0.006233294392793571,MZI7_arm1,previous_layer_compensation,9,7,1,3.503,3.498523991170585,0.04476008829414754,True,1,0.1
7,3,optimized,,1,0.006240286652751136,0.00622958674690068,MZI10_arm0,current_layer,75,10,0,5.5,5.5,-0.09826877995977093,True,2,0.05
7,3,optimized,,1,0.00622958674690068,0.005227579698725903,MZI10_arm1,current_layer,71,10,1,5.372,5.36359317693897,0.08406823061030111,True,1,0.1
7,3,optimized,,1,0.005227579698725903,0.005227579698725903,MZI11_arm1,current_layer,70,11,1,5.01,5.01,0.12441072906401593,False,7,0.1
7,3,optimized,,1,0.005227579698725903,0.005227579698725903,MZI11_arm0,current_layer,74,11,0,4.191,4.191,0.01589646250871672,False,7,0.1
7,3,optimized,,1,0.005227579698725903,0.005227579698725903,MZI9_arm0,current_layer,76,9,0,5.184,5.184,-0.005654076276866877,False,7,0.1
7,3,optimized,,1,0.005227579698725903,0.005227579698725903,MZI9_arm1,current_layer,72,9,1,5.25,5.25,0.006824495012566544,False,7,0.1
7,3,optimized,,1,0.005227579698725903,0.005227579698725903,MZI12_arm1,current_layer,69,12,1,3.646,3.646,0.0019630091882485625,False,7,0.1
7,3,optimized,,1,0.005227579698725903,0.005227579698725903,MZI12_arm0,current_layer,73,12,0,3.532,3.532,-0.0029738735362107626,False,7,0.1
7,3,optimized,,1,0.005227579698725903,0.005227579698725903,MZI6_arm0,previous_layer_compensation,12,6,0,3.648,3.648,-0.037922177934988456,False,7,0.1
7,3,optimized,,1,0.005227579698725903,0.005227579698725903,MZI6_arm1,previous_layer_compensation,8,6,1,4.297,4.297,0.04616808529923664,False,7,0.1
7,3,optimized,,1,0.005227579698725903,0.005227579698725903,MZI7_arm1,previous_layer_compensation,9,7,1,3.499,3.499,0.0409746165086688,False,7,0.1
7,3,optimized,,1,0.005227579698725903,0.005227579698725903,MZI7_arm0,previous_layer_compensation,13,7,0,3.012,3.012,-0.036634602843210295,False,7,0.1
7,3,optimized,,1,0.005227579698725903,0.005227579698725903,MZI5_arm1,previous_layer_compensation,7,5,1,4.541,4.541,-0.008979318923376329,False,7,0.1
7,3,optimized,,1,0.005227579698725903,0.005227579698725903,MZI5_arm0,previous_layer_compensation,11,5,0,3.393,3.393,0.00478114595681845,False,7,0.1
7,3,optimized,,2,0.005714223369011044,0.005646027748430301,MZI11_arm1,current_layer,70,11,1,5.01,5.011606812414606,-0.01606812414606598,True,1,0.1
7,3,optimized,,2,0.005646027748430301,0.00563091642358545,MZI10_arm0,current_layer,75,10,0,5.5,5.5,-0.0727775791455951,True,2,0.05
7,3,optimized,,2,0.00563091642358545,0.005316257333802539,MZI10_arm1,current_layer,71,10,1,5.364,5.357924425069447,0.06075574930552696,True,1,0.1
7,3,optimized,,2,0.005316257333802539,0.005281313999965308,MZI11_arm0,current_layer,74,11,0,4.191,4.1895880887577235,0.01411911242276333,True,1,0.1
7,3,optimized,,2,0.005281313999965308,0.005263536840423587,MZI9_arm1,current_layer,72,9,1,5.25,5.24984132659138,0.006346936344813907,True,3,0.025
7,3,optimized,,2,0.005263536840423587,0.005263536840423587,MZI9_arm0,current_layer,76,9,0,5.184,5.184,-0.006477498408326903,False,7,0.1
7,3,optimized,,2,0.005263536840423587,0.005263536840423587,MZI12_arm0,current_layer,73,12,0,3.532,3.532,-0.002708648622450156,False,7,0.1
7,3,optimized,,2,0.005263536840423587,0.005263536840423587,MZI12_arm1,current_layer,69,12,1,3.646,3.646,0.002545301909273013,False,7,0.1
7,3,optimized,,2,0.005263536840423587,0.005096777186316141,MZI6_arm1,previous_layer_compensation,8,6,1,4.297,4.292271429022965,0.0472857097703456,True,1,0.1
7,3,optimized,,2,0.005096777186316141,0.004950560681277273,MZI7_arm1,previous_layer_compensation,9,7,1,3.499,3.4949303788134283,0.04069621186571828,True,1,0.1
7,3,optimized,,2,0.004950560681277273,0.004923985698069941,MZI6_arm0,previous_layer_compensation,12,6,0,3.648,3.650557577131859,-0.025575771318587744,True,1,0.1
7,3,optimized,,2,0.004923985698069941,0.00482677061097753,MZI7_arm0,previous_layer_compensation,13,7,0,3.012,3.015236358053017,-0.03236358053017014,True,1,0.1
7,3,optimized,,2,0.00482677061097753,0.004824280945267476,MZI5_arm1,previous_layer_compensation,7,5,1,4.541,4.541136631548974,-0.0054652619589504,True,3,0.025
7,3,optimized,,2,0.004824280945267476,0.004807128687440061,MZI5_arm0,previous_layer_compensation,11,5,0,3.393,3.392602009679665,0.003979903203344214,True,1,0.1
7,3,optimized,,3,0.004826585787509173,0.004800635248137299,MZI10_arm0,current_layer,75,10,0,5.5,5.5,-0.059898439576418064,True,1,0.1
7,3,optimized,,3,0.004800635248137299,0.004605486243278711,MZI10_arm1,current_layer,71,10,1,5.358,5.35349560149039,0.04504398509610376,True,1,0.1
7,3,optimized,,3,0.004605486243278711,0.004580434545733032,MZI11_arm1,current_layer,70,11,1,5.012,5.013583725303313,-0.01583725303313722,True,1,0.1
7,3,optimized,,3,0.004580434545733032,0.004566400395246281,MZI11_arm0,current_layer,74,11,0,4.19,4.18872404755634,0.012759524436603695,True,1,0.1
7,3,optimized,,3,0.004566400395246281,0.004531561580733385,MZI9_arm0,current_layer,76,9,0,5.184,5.1846005576770136,-0.006005576770133938,True,1,0.1
7,3,optimized,,3,0.004531561580733385,0.004531561580733385,MZI9_arm1,current_layer,72,9,1,5.25,5.25,0.006463227122303219,False,7,0.1
7,3,optimized,,3,0.004531561580733385,0.004531561580733385,MZI12_arm0,current_layer,73,12,0,3.532,3.532,-0.0022453588966569256,False,7,0.1
7,3,optimized,,3,0.004531561580733385,0.004531561580733385,MZI12_arm1,current_layer,69,12,1,3.646,3.646,0.003010281932413884,False,7,0.1
7,3,optimized,,3,0.004531561580733385,0.004507402239481067,MZI6_arm1,previous_layer_compensation,8,6,1,4.292,4.2896703211828795,0.023296788171205833,True,1,0.1
7,3,optimized,,3,0.004507402239481067,0.0044105672295287794,MZI7_arm1,previous_layer_compensation,9,7,1,3.495,3.491658867954403,0.03341132045596871,True,1,0.1
7,3,optimized,,3,0.0044105672295287794,0.004351580738950446,MZI7_arm0,previous_layer_compensation,13,7,0,3.015,3.017690448328957,-0.026904483289569202,True,1,0.1
7,3,optimized,,3,0.004351580738950446,0.004351580738950446,MZI6_arm0,previous_layer_compensation,12,6,0,3.651,3.651,-0.012032166094314478,False,7,0.1
7,3,optimized,,3,0.004351580738950446,0.004344809870077035,MZI5_arm1,previous_layer_compensation,7,5,1,4.541,4.541375672047028,-0.0037567204702807443,True,1,0.1
7,3,optimized,,3,0.004344809870077035,0.00433994873694868,MZI5_arm0,previous_layer_compensation,11,5,0,3.393,3.392735407791178,0.0026459220882139325,True,1,0.1
7,3,optimized,,4,0.004328860434897946,0.004322524016629885,MZI10_arm0,current_layer,75,10,0,5.5,5.5,-0.04456911123631468,True,1,0.1
7,3,optimized,,4,0.004322524016629885,0.004244038723401719,MZI10_arm1,current_layer,71,10,1,5.353,5.349711766676465,0.03288233323535484,True,1,0.1
7,3,optimized,,4,0.004244038723401719,0.004219627152957482,MZI11_arm1,current_layer,70,11,1,5.014,5.015471230487266,-0.01471230487266041,True,1,0.1
7,3,optimized,,4,0.004219627152957482,0.004219627152957482,MZI11_arm0,current_layer,74,11,0,4.189,4.189,0.012933839277197016,False,7,0.1
7,3,optimized,,4,0.004219627152957482,0.004219627152957482,MZI9_arm1,current_layer,72,9,1,5.25,5.25,0.006445716081736662,False,7,0.1
7,3,optimized,,4,0.004219627152957482,0.004219614527827482,MZI9_arm0,current_layer,76,9,0,5.185,5.185138211284044,-0.011056902723528803,True,4,0.0125
7,3,optimized,,4,0.004219614527827482,0.004212913398162988,MZI12_arm1,current_layer,69,12,1,3.646,3.6459097343272706,0.0018053134545903129,True,2,0.05
7,3,optimized,,4,0.004212913398162988,0.004212913398162988,MZI12_arm0,current_layer,73,12,0,3.532,3.532,-0.0025489947564835886,False,7,0.1
7,3,optimized,,4,0.004212913398162988,0.004170721449905373,MZI7_arm1,previous_layer_compensation,9,7,1,3.492,3.489288326089862,0.02711673910138054,True,1,0.1
7,3,optimized,,4,0.004170721449905373,0.00415270255990312,MZI7_arm0,previous_layer_compensation,13,7,0,3.018,3.0203435547183095,-0.023435547183095422,True,1,0.1
7,3,optimized,,4,0.00415270255990312,0.004116058049047523,MZI6_arm1,previous_layer_compensation,8,6,1,4.29,4.28830566717684,0.016943328231594255,True,1,0.1
7,3,optimized,,4,0.004116058049047523,0.004106622748788422,MZI6_arm0,previous_layer_compensation,12,6,0,3.651,3.651631238728645,-0.006312387286449851,True,1,0.1
7,3,optimized,,4,0.004106622748788422,0.004104936280407247,MZI5_arm1,previous_layer_compensation,7,5,1,4.541,4.541247388746337,-0.0024738874633665345,True,1,0.1
7,3,optimized,,4,0.004104936280407247,0.004092516994115689,MZI5_arm0,previous_layer_compensation,11,5,0,3.393,3.39284118578514,0.0015881421485980792,True,1,0.1
7,3,optimized,,5,0.004084373166529052,0.004074923706169057,MZI10_arm0,current_layer,75,10,0,5.5,5.5,-0.03653206118113699,True,5,0.00625
7,3,optimized,,5,0.004074923706169057,0.0040536282160129845,MZI10_arm1,current_layer,71,10,1,5.35,5.347518659280109,0.02481340719890963,True,1,0.1
7,3,optimized,,5,0.0040536282160129845,0.004048622591153737,MZI11_arm1,current_layer,70,11,1,5.015,5.016323095954381,-0.01323095954381807,True,1,0.1
7,3,optimized,,5,0.004048622591153737,0.004045781398444446,MZI11_arm0,current_layer,74,11,0,4.189,4.187767852760377,0.012321472396232378,True,1,0.1
7,3,optimized,,5,0.004045781398444446,0.004041267109635758,MZI9_arm0,current_layer,76,9,0,5.185,5.185576909519514,-0.00576909519514191,True,1,0.1
7,3,optimized,,5,0.004041267109635758,0.0040374525418969305,MZI9_arm1,current_layer,72,9,1,5.25,5.249434557636613,0.005654423633868177,True,1,0.1
7,3,optimized,,5,0.0040374525418969305,0.004002230854080224,MZI12_arm0,current_layer,73,12,0,3.532,3.532218678020299,-0.002186780202987312,True,1,0.1
7,3,optimized,,5,0.004002230854080224,0.004000428533380606,MZI12_arm1,current_layer,69,12,1,3.646,3.6457164949110026,0.002835050889974969,True,1,0.1
7,3,optimized,,5,0.004000428533380606,0.0039706346205222185,MZI7_arm1,previous_layer_compensation,9,7,1,3.489,3.486704563145808,0.02295436854192123,True,1,0.1
7,3,optimized,,5,0.0039706346205222185,0.003917934892190256,MZI7_arm0,previous_layer_compensation,13,7,0,3.02,3.0219251726303917,-0.01925172630391799,True,1,0.1
7,3,optimized,,5,0.003917934892190256,0.003917934892190256,MZI6_arm1,previous_layer_compensation,8,6,1,4.288,4.288,0.007489772388913858,False,7,0.1
7,3,optimized,,5,0.003917934892190256,0.003917934892190256,MZI6_arm0,previous_layer_compensation,12,6,0,3.652,3.652,-0.005014441641981765,False,7,0.1
7,3,optimized,,5,0.003917934892190256,0.003909951279718637,MZI5_arm1,previous_layer_compensation,7,5,1,4.541,4.541025654089429,-0.0010261635771612566,True,3,0.025
7,3,optimized,,5,0.003909951279718637,0.003906494529144832,MZI5_arm0,previous_layer_compensation,11,5,0,3.393,3.392994991082473,0.00040071340217321755,True,4,0.0125
7,3,optimized,,6,0.003923529848176881,0.003923529848176881,MZI10_arm0,current_layer,75,10,0,5.5,5.5,-0.033265469332150015,False,7,0.1
7,3,optimized,,6,0.003923529848176881,0.00390823189274529,MZI10_arm1,current_layer,71,10,1,5.348,5.346032555595574,0.0196744440442574,True,1,0.1
7,3,optimized,,6,0.00390823189274529,0.0038793016688729114,MZI11_arm1,current_layer,70,11,1,5.016,5.017294554267019,-0.01294554267018937,True,1,0.1
7,3,optimized,,6,0.0038793016688729114,0.0038617175444857765,MZI11_arm0,current_layer,74,11,0,4.188,4.18682725656194,0.011727434380599637,True,1,0.1
7,3,optimized,,6,0.0038617175444857765,0.003840908343247987,MZI9_arm0,current_layer,76,9,0,5.186,5.186582026944553,-0.005820269445527094,True,1,0.1
7,3,optimized,,6,0.003840908343247987,0.003840908343247987,MZI9_arm1,current_layer,72,9,1,5.249,5.249,0.006018803084584818,False,7,0.1
7,3,optimized,,6,0.003840908343247987,0.003840908343247987,MZI12_arm1,current_layer,69,12,1,3.646,3.646,0.0016232793024624824,False,7,0.1
7,3,optimized,,6,0.003840908343247987,0.003840908343247987,MZI12_arm0,current_layer,73,12,0,3.532,3.532,-0.002652943939421724,False,7,0.1
7,3,optimized,,6,0.003840908343247987,0.0038081498269058934,MZI7_arm1,previous_layer_compensation,9,7,1,3.487,3.4849526058938514,0.020473941061489306,True,1,0.1
7,3,optimized,,6,0.0038081498269058934,0.003804721131327916,MZI7_arm0,previous_layer_compensation,13,7,0,3.022,3.0235988233569144,-0.015988233569148257,True,1,0.1
7,3,optimized,,6,0.003804721131327916,0.0037679066927908604,MZI6_arm1,previous_layer_compensation,8,6,1,4.288,4.287096268907402,0.009037310925981899,True,1,0.1
7,3,optimized,,6,0.0037679066927908604,0.0037679066927908604,MZI6_arm0,previous_layer_compensation,12,6,0,3.652,3.652,-0.002065021896308537,False,7,0.1
7,3,optimized,,6,0.0037679066927908604,0.0037679066927908604,MZI5_arm1,previous_layer_compensation,7,5,1,4.541,4.541,0.00034354994811442184,False,7,0.1
7,3,optimized,,6,0.0037679066927908604,0.003757551534658125,MZI5_arm0,previous_layer_compensation,11,5,0,3.393,3.392999791747965,0.00013328130230795706,True,7,0.0015625
7,3,optimized,,7,0.0037711150030636385,0.0037711150030636385,MZI10_arm0,current_layer,75,10,0,5.5,5.5,-16.16774211966387,False,7,0.1
7,3,optimized,,7,0.0037711150030636385,0.0037711150030636385,MZI10_arm1,current_layer,71,10,1,5.346,5.346,0.01584641555939315,False,7,0.1
7,3,optimized,,7,0.0037711150030636385,0.0037711150030636385,MZI11_arm1,current_layer,70,11,1,5.017,5.017,-0.011907644782417988,False,7,0.1
7,3,optimized,,7,0.0037711150030636385,0.0037525311059772915,MZI11_arm0,current_layer,74,11,0,4.187,4.185871688377835,0.01128311622165104,True,1,0.1
7,3,optimized,,7,0.0037525311059772915,0.0037525311059772915,MZI9_arm1,current_layer,72,9,1,5.249,5.249,0.005785079948226192,False,7,0.1
7,3,optimized,,7,0.0037525311059772915,0.0037525311059772915,MZI9_arm0,current_layer,76,9,0,5.187,5.187,-0.005630775244543031,False,7,0.1
7,3,optimized,,7,0.0037525311059772915,0.0037525311059772915,MZI12_arm0,current_layer,73,12,0,3.532,3.532,-0.0015162592640714256,False,7,0.1
7,3,optimized,,7,0.0037525311059772915,0.0037525311059772915,MZI12_arm1,current_layer,69,12,1,3.646,3.646,0.0015458776603053323,False,7,0.1
7,3,optimized,,7,0.0037525311059772915,0.0037347317200473826,MZI7_arm1,previous_layer_compensation,9,7,1,3.485,3.483491152929415,0.01508847070584969,True,1,0.1
7,3,optimized,,7,0.0037347317200473826,0.0037088467233618826,MZI7_arm0,previous_layer_compensation,13,7,0,3.024,3.0253115576605007,-0.013115576605007123,True,1,0.1
7,3,optimized,,7,0.0037088467233618826,0.0037044405426306017,MZI6_arm1,previous_layer_compensation,8,6,1,4.287,4.286363119420642,0.006368805793582233,True,1,0.1
7,3,optimized,,7,0.0037044405426306017,0.0037044405426306017,MZI6_arm0,previous_layer_compensation,12,6,0,3.652,3.652,0.00017936180771041863,False,7,0.1
7,3,optimized,,7,0.0037044405426306017,0.0037044405426306017,MZI5_arm1,previous_layer_compensation,7,5,1,4.541,4.541,0.00011830220054564883,False,7,0.1
7,3,optimized,,7,0.0037044405426306017,0.00369156192591208,MZI5_arm0,previous_layer_compensation,11,5,0,3.393,3.3929370456174692,0.0006295438253058207,True,1,0.1
7,3,optimized,,8,0.003719033807543226,0.0037040054376643846,MZI10_arm0,current_layer,75,10,0,5.5,5.5,-0.028204291741539374,True,3,0.025
7,3,optimized,,8,0.0037040054376643846,0.0036751737742403414,MZI10_arm1,current_layer,71,10,1,5.346,5.344478222593473,0.015217774065266297,True,1,0.1
7,3,optimized,,8,0.0036751737742403414,0.0036751737742403414,MZI11_arm1,current_layer,70,11,1,5.017,5.017,-0.010994745295213453,False,7,0.1
7,3,optimized,,8,0.0036751737742403414,0.0036751737742403414,MZI11_arm0,current_layer,74,11,0,4.186,4.186,0.011082966919277192,False,7,0.1
7,3,optimized,,8,0.0036751737742403414,0.0036751737742403414,MZI9_arm1,current_layer,72,9,1,5.249,5.249,0.005781827909009749,False,7,0.1
7,3,optimized,,8,0.0036751737742403414,0.0034717047611936692,MZI9_arm0,current_layer,76,9,0,5.187,5.18703184239265,-0.005094782823951622,True,5,0.00625
7,3,optimized,,8,0.0034717047611936692,0.0034717047611936692,MZI12_arm1,current_layer,69,12,1,3.646,3.646,0.0016257959224008033,False,7,0.1
7,3,optimized,,8,0.0034717047611936692,0.0034717047611936692,MZI12_arm0,current_layer,73,12,0,3.532,3.532,-0.0021557778011167257,False,7,0.1
7,3,optimized,,8,0.0034717047611936692,0.0034717047611936692,MZI7_arm1,previous_layer_compensation,9,7,1,3.483,3.483,0.01376747092009762,False,7,0.1
7,3,optimized,,8,0.0034717047611936692,0.0034717047611936692,MZI7_arm0,previous_layer_compensation,13,7,0,3.025,3.025,-0.012778146979148522,False,7,0.1
7,3,optimized,,8,0.0034717047611936692,0.0034717047611936692,MZI6_arm1,previous_layer_compensation,8,6,1,4.286,4.286,0.0023954368047337986,False,7,0.1
7,3,optimized,,8,0.0034717047611936692,0.0034717047611936692,MZI5_arm0,previous_layer_compensation,11,5,0,3.393,3.393,-0.0009912698742313509,False,7,0.1
7,3,optimized,,8,0.0034717047611936692,0.0034717047611936692,MZI6_arm0,previous_layer_compensation,12,6,0,3.652,3.652,-0.00016775611008463986,False,7,0.1
7,3,optimized,,8,0.0034717047611936692,0.0034717047611936692,MZI5_arm1,previous_layer_compensation,7,5,1,4.541,4.541,0.0005877481392462421,False,7,0.1
7,3,optimized,,9,0.003755676644275701,0.0037035290356239392,MZI10_arm0,current_layer,75,10,0,5.5,5.5,-0.023403707132223707,True,1,0.1
7,3,optimized,,9,0.0037035290356239392,0.0037035290356239392,MZI10_arm1,current_layer,71,10,1,5.344,5.344,0.011197541547620883,False,7,0.1
7,3,optimized,,9,0.0037035290356239392,0.003697372126710838,MZI11_arm0,current_layer,74,11,0,4.186,4.185731984953809,0.01072060184763511,True,3,0.025
7,3,optimized,,9,0.003697372126710838,0.003671115634256096,MZI11_arm1,current_layer,70,11,1,5.017,5.018211120880564,-0.012111208805640584,True,1,0.1
7,3,optimized,,9,0.003671115634256096,0.0036464231100117456,MZI9_arm1,current_layer,72,9,1,5.249,5.248381369302507,0.006186306974929392,True,1,0.1
7,3,optimized,,9,0.0036464231100117456,0.00363843988708623,MZI9_arm0,current_layer,76,9,0,5.187,5.1874618430956225,-0.004618430956225822,True,1,0.1
7,3,optimized,,9,0.00363843988708623,0.00363843988708623,MZI12_arm0,current_layer,73,12,0,3.532,3.532,-0.006305260723033493,False,7,0.1
7,3,optimized,,9,0.00363843988708623,0.00363843988708623,MZI12_arm1,current_layer,69,12,1,3.646,3.646,0.001293797325898964,False,7,0.1
7,3,optimized,,9,0.00363843988708623,0.00363843988708623,MZI7_arm1,previous_layer_compensation,9,7,1,3.483,3.483,0.014437294053953094,False,7,0.1
7,3,optimized,,9,0.00363843988708623,0.00363843988708623,MZI7_arm0,previous_layer_compensation,13,7,0,3.025,3.025,-0.011973691146742894,False,7,0.1
7,3,optimized,,9,0.00363843988708623,0.00363843988708623,MZI6_arm1,previous_layer_compensation,8,6,1,4.286,4.286,0.002318316409469598,False,7,0.1
7,3,optimized,,9,0.00363843988708623,0.00363843988708623,MZI5_arm0,previous_layer_compensation,11,5,0,3.393,3.393,-0.0008477923074214612,False,7,0.1
7,3,optimized,,9,0.00363843988708623,0.00363843988708623,MZI5_arm1,previous_layer_compensation,7,5,1,4.541,4.541,0.001802784780002338,False,7,0.1
7,3,optimized,,9,0.00363843988708623,0.00363843988708623,MZI6_arm0,previous_layer_compensation,12,6,0,3.652,3.652,-0.0012942619903186009,False,7,0.1
7,4,optimized,,0,0.014816832100093411,0.014302242828152659,MZI13_arm0,current_layer,19,13,0,3.036,3.0429531014321367,-0.06953101432136788,True,1,0.1
7,4,optimized,,0,0.014302242828152659,0.013602196522623207,MZI13_arm1,current_layer,15,13,1,4.207,4.197619676040335,0.09380323959664477,True,1,0.1
7,4,optimized,,0,0.013602196522623207,0.01057458607067154,MZI14_arm0,current_layer,20,14,0,3.106,3.0882588385009573,0.17741161499042668,True,1,0.1
7,4,optimized,,0,0.01057458607067154,0.008433734206976852,MZI14_arm1,current_layer,16,14,1,3.712,3.728433926130692,-0.16433926130691873,True,1,0.1
7,4,optimized,,0,0.008433734206976852,0.008424384342426563,MZI15_arm0,current_layer,21,15,0,2.157,2.1574143333733815,-0.0041433337338166055,True,1,0.1
7,4,optimized,,0,0.008424384342426563,0.008419469597086653,MZI15_arm1,current_layer,17,15,1,3.732,3.7319755625180813,0.007819994214021532,True,6,0.003125
7,4,optimized,,0,0.008419469597086653,0.008419469597086653,MZI9_arm0,previous_layer_compensation,76,9,0,5.187,5.187,0.0038947531877222895,False,7,0.1
7,4,optimized,,0,0.008419469597086653,0.008419469597086653,MZI9_arm1,previous_layer_compensation,72,9,1,5.248,5.248,-0.018569667644879585,False,7,0.1
7,4,optimized,,0,0.008419469597086653,0.008419469597086653,MZI10_arm0,previous_layer_compensation,75,10,0,5.5,5.5,-0.035542202707590224,False,7,0.1
7,4,optimized,,0,0.008419469597086653,0.008350860262647261,MZI10_arm1,previous_layer_compensation,71,10,1,5.344,5.342894385728161,0.04422457087356958,True,3,0.025
7,4,optimized,,0,0.008350860262647261,0.00833873974161769,MZI11_arm0,previous_layer_compensation,74,11,0,4.186,4.185978000535182,0.007039828741808709,True,6,0.003125
7,4,optimized,,0,0.00833873974161769,0.008324491670068641,MZI11_arm1,previous_layer_compensation,70,11,1,5.018,5.017755060098242,0.004898798035146328,True,2,0.05
7,4,optimized,,0,0.008324491670068641,0.008324491670068641,MZI12_arm0,previous_layer_compensation,73,12,0,3.532,3.532,-0.003650963584913254,False,7,0.1
7,4,optimized,,0,0.008324491670068641,0.008324491670068641,MZI12_arm1,previous_layer_compensation,69,12,1,3.646,3.646,2.2624537504886475,False,7,0.1
7,4,optimized,,1,0.008393628428909922,0.007366455086070666,MZI14_arm0,current_layer,20,14,0,3.088,3.07710032773556,0.10899672264439786,True,1,0.1
7,4,optimized,,1,0.007366455086070666,0.006596562096725781,MZI14_arm1,current_layer,16,14,1,3.728,3.737531108311447,-0.09531108311447013,True,1,0.1
7,4,optimized,,1,0.006596562096725781,0.006043414559593561,MZI13_arm1,current_layer,15,13,1,4.198,4.190727518124756,0.0727248187524435,True,1,0.1
7,4,optimized,,1,0.006043414559593561,0.005891869347731257,MZI13_arm0,current_layer,19,13,0,3.043,3.047021666311849,-0.040216663118484736,True,1,0.1
7,4,optimized,,1,0.005891869347731257,0.0058811839361264,MZI15_arm1,current_layer,17,15,1,3.732,3.73194985576608,0.008023077427264541,True,5,0.00625
7,4,optimized,,1,0.0058811839361264,0.005824729415632261,MZI15_arm0,current_layer,21,15,0,2.157,2.157618953924207,-0.006189539242071801,True,1,0.1
7,4,optimized,,1,0.005824729415632261,0.005824729415632261,MZI12_arm1,previous_layer_compensation,69,12,1,3.646,3.646,-5.747719362520458e-05,False,7,0.1
7,4,optimized,,1,0.005824729415632261,0.005763830460716192,MZI10_arm1,previous_layer_compensation,71,10,1,5.343,5.339258126874186,0.03741873125814357,True,1,0.1
7,4,optimized,,1,0.005763830460716192,0.005696596376389715,MZI10_arm0,previous_layer_compensation,75,10,0,5.5,5.5,-0.03803601016238079,True,3,0.025
7,4,optimized,,1,0.005696596376389715,0.005657671738477918,MZI9_arm1,previous_layer_compensation,72,9,1,5.248,5.248165685438755,-0.013254835100347424,True,4,0.0125
7,4,optimized,,1,0.005657671738477918,0.005652313497267441,MZI11_arm0,previous_layer_compensation,74,11,0,4.186,4.185995419132667,0.0029317550927233987,True,7,0.0015625
7,4,optimized,,1,0.005652313497267441,0.005642873259687374,MZI11_arm1,previous_layer_compensation,70,11,1,5.018,5.0179434339388855,0.004525284889117009,True,4,0.0125
7,4,optimized,,1,0.005642873259687374,0.005642873259687374,MZI9_arm0,previous_layer_compensation,76,9,0,5.187,5.187,0.00621670020703846,False,7,0.1
7,4,optimized,,1,0.005642873259687374,0.005642873259687374,MZI12_arm0,previous_layer_compensation,73,12,0,3.532,3.532,-0.0024895300197252056,False,7,0.1
7,4,optimized,,2,0.0057622803102048824,0.005456890502775249,MZI14_arm0,current_layer,20,14,0,3.077,3.0708686260148323,0.06131373985167658,True,1,0.1
7,4,optimized,,2,0.005456890502775249,0.005165165153074787,MZI14_arm1,current_layer,16,14,1,3.738,3.7433164792335885,-0.05316479233588565,True,1,0.1
7,4,optimized,,2,0.005165165153074787,0.004918982298361877,MZI13_arm1,current_layer,15,13,1,4.191,4.186380907781805,0.04619092218195081,True,1,0.1
7,4,optimized,,2,0.004918982298361877,0.0048967855617605095,MZI13_arm0,current_layer,19,13,0,3.047,3.0493271772530077,-0.02327177253007753,True,1,0.1
7,4,optimized,,2,0.0048967855617605095,0.004873234445840055,MZI15_arm1,current_layer,17,15,1,3.732,3.731327268552306,0.006727314476942649,True,1,0.1
7,4,optimized,,2,0.004873234445840055,0.004862967049266698,MZI15_arm0,current_layer,21,15,0,2.158,2.158345593016865,-0.0034559301686534643,True,1,0.1
7,4,optimized,,2,0.004862967049266698,0.004836027085331893,MZI10_arm0,previous_layer_compensation,75,10,0,5.5,5.5,-0.03546289390666532,True,2,0.05
7,4,optimized,,2,0.004836027085331893,0.0048034065429518056,MZI10_arm1,previous_layer_compensation,71,10,1,5.339,5.335777246586942,0.032227534130585975,True,1,0.1
7,4,optimized,,2,0.0048034065429518056,0.004794666810070518,MZI9_arm1,previous_layer_compensation,72,9,1,5.248,5.24848224255811,-0.009644851162185898,True,2,0.05
7,4,optimized,,2,0.004794666810070518,0.00476733923742314,MZI9_arm0,previous_layer_compensation,76,9,0,5.187,5.186784663017004,0.004306739659924627,True,2,0.05
7,4,optimized,,2,0.00476733923742314,0.00476733923742314,MZI11_arm1,previous_layer_compensation,70,11,1,5.018,5.018,0.004638913740416215,False,7,0.1
7,4,optimized,,2,0.00476733923742314,0.00476682517429485,MZI11_arm0,previous_layer_compensation,74,11,0,4.186,4.185993251010311,0.0010798383502249732,True,5,0.00625
7,4,optimized,,2,0.00476682517429485,0.00476682517429485,MZI12_arm0,previous_layer_compensation,73,12,0,3.532,3.532,-0.005772979604492596,False,7,0.1
7,4,optimized,,2,0.00476682517429485,0.004755334654679651,MZI12_arm1,previous_layer_compensation,69,12,1,3.646,3.64598608004944,0.0011135960447807437,True,4,0.0125
7,4,optimized,,3,0.004799968730127268,0.004625396980221128,MZI14_arm0,current_layer,20,14,0,3.071,3.067057144678987,0.03942855321012829,True,1,0.1
7,4,optimized,,3,0.004625396980221128,0.004518548400275693,MZI14_arm1,current_layer,16,14,1,3.743,3.7459696929148762,-0.029696929148763825,True,1,0.1
7,4,optimized,,3,0.004518548400275693,0.004433872918379378,MZI13_arm1,current_layer,15,13,1,4.186,4.183016569500391,0.029834304996089245,True,1,0.1
7,4,optimized,,3,0.004433872918379378,0.004403822554345748,MZI13_arm0,current_layer,19,13,0,3.049,3.0501798255134744,-0.011798255134744348,True,1,0.1
7,4,optimized,,3,0.004403822554345748,0.004368077748609139,MZI15_arm1,current_layer,17,15,1,3.731,3.7081721720394407,0.45655655921118315,True,2,0.05
7,4,optimized,,3,0.004368077748609139,0.004344694563730314,MZI15_arm0,current_layer,21,15,0,2.158,2.1581893355255164,-0.003786710510331688,True,2,0.05
7,4,optimized,,3,0.004344694563730314,0.004336985806771411,MZI10_arm0,previous_layer_compensation,75,10,0,5.5,5.5,-0.03155294773204947,True,3,0.025
7,4,optimized,,3,0.004336985806771411,0.004327376397869722,MZI10_arm1,previous_layer_compensation,71,10,1,5.336,5.333371427733345,0.02628572266655461,True,1,0.1
7,4,optimized,,3,0.004327376397869722,0.004308159363727727,MZI9_arm1,previous_layer_compensation,72,9,1,5.248,5.248664961398054,-0.006649613980538253,True,1,0.1
7,4,optimized,,3,0.004308159363727727,0.0042544466625148705,MZI12_arm0,previous_layer_compensation,73,12,0,3.532,3.532242910324407,-0.004858206488144298,True,2,0.05
7,4,optimized,,3,0.0042544466625148705,0.004216357993580452,MZI11_arm1,previous_layer_compensation,70,11,1,5.018,5.017923172774644,0.00307308901423011,True,3,0.025
7,4,optimized,,3,0.004216357993580452,0.004216357993580452,MZI9_arm0,previous_layer_compensation,76,9,0,5.187,5.187,0.0024571338111283995,False,7,0.1
7,4,optimized,,3,0.004216357993580452,0.004216357993580452,MZI12_arm1,previous_layer_compensation,69,12,1,3.646,3.646,0.000146927269613242,False,7,0.1
7,4,optimized,,3,0.004216357993580452,0.004216357993580452,MZI11_arm0,previous_layer_compensation,74,11,0,4.186,4.186,0.0033647197469725463,False,7,0.1
7,4,optimized,,4,0.004324429063681337,0.004300695149684827,MZI15_arm1,current_layer,17,15,1,3.708,3.707697671581462,0.0030232841853807388,True,1,0.1
7,4,optimized,,4,0.004300695149684827,0.004194321951169131,MZI14_arm0,current_layer,20,14,0,3.067,3.0647614001261054,0.022385998738946783,True,1,0.1
7,4,optimized,,4,0.004194321951169131,0.0041859955753665535,MZI13_arm1,current_layer,15,13,1,4.183,4.1811512481537525,0.01848751846247523,True,1,0.1
7,4,optimized,,4,0.0041859955753665535,0.0041665049020615285,MZI14_arm1,current_layer,16,14,1,3.746,3.745509471993763,0.07848448099791927,True,5,0.00625
7,4,optimized,,4,0.0041665049020615285,0.004151926496443706,MZI13_arm0,current_layer,19,13,0,3.05,3.050082378840362,-0.0065903072289761324,True,4,0.0125
7,4,optimized,,4,0.004151926496443706,0.004151926496443706,MZI15_arm0,current_layer,21,15,0,2.158,2.158,-0.0035405428281430327,False,7,0.1
7,4,optimized,,4,0.004151926496443706,0.004151926496443706,MZI10_arm0,previous_layer_compensation,75,10,0,5.5,5.5,-0.027267396411867068,False,7,0.1
7,4,optimized,,4,0.004151926496443706,0.004151926496443706,MZI10_arm1,previous_layer_compensation,71,10,1,5.333,5.333,0.021158865554010562,False,7,0.1
7,4,optimized,,4,0.004151926496443706,0.004151926496443706,MZI9_arm1,previous_layer_compensation,72,9,1,5.249,5.249,-0.0055907743699697855,False,7,0.1
7,4,optimized,,4,0.004151926496443706,0.004151926496443706,MZI12_arm0,previous_layer_compensation,73,12,0,3.532,3.532,-0.002997169242861545,False,7,0.1
7,4,optimized,,4,0.004151926496443706,0.004151926496443706,MZI11_arm0,previous_layer_compensation,74,11,0,4.186,4.186,0.002740957225539529,False,7,0.1
7,4,optimized,,4,0.004151926496443706,0.004151926496443706,MZI11_arm1,previous_layer_compensation,70,11,1,5.018,5.018,0.0034661477357695192,False,7,0.1
7,4,optimized,,4,0.004151926496443706,0.004151926496443706,MZI9_arm0,previous_layer_compensation,76,9,0,5.187,5.187,0.0028292845400961068,False,7,0.1
7,4,optimized,,4,0.004151926496443706,0.004151926496443706,MZI12_arm1,previous_layer_compensation,69,12,1,3.646,3.646,0.0006167641225120587,False,7,0.1
7,4,optimized,,5,0.004167929164427436,0.004150011972877358,MZI14_arm1,current_layer,16,14,1,3.746,3.7477063374220845,-0.01706337422084329,True,1,0.1
7,4,optimized,,5,0.004150011972877358,0.00414473763215975,MZI14_arm0,current_layer,20,14,0,3.065,3.063619447935687,0.013805520643131614,True,1,0.1
7,4,optimized,,5,0.00414473763215975,0.004070657292167094,MZI13_arm1,current_layer,15,13,1,4.181,4.179681493964832,0.013185060351682373,True,1,0.1
7,4,optimized,,5,0.004070657292167094,0.004070657292167094,MZI13_arm0,current_layer,19,13,0,3.05,3.05,-0.005589208925791404,False,7,0.1
7,4,optimized,,5,0.004070657292167094,0.004070657292167094,MZI15_arm0,current_layer,21,15,0,2.158,2.158,-0.0027654019314325507,False,7,0.1
7,4,optimized,,5,0.004070657292167094,0.004070657292167094,MZI15_arm1,current_layer,17,15,1,3.708,3.708,0.0006681696277942116,False,7,0.1
7,4,optimized,,5,0.004070657292167094,0.004070657292167094,MZI10_arm0,previous_layer_compensation,75,10,0,5.5,5.5,-0.026961890421313948,False,7,0.1
7,4,optimized,,5,0.004070657292167094,0.004070657292167094,MZI10_arm1,previous_layer_compensation,71,10,1,5.333,5.333,0.02052014213054072,False,7,0.1
7,4,optimized,,5,0.004070657292167094,0.004070657292167094,MZI9_arm1,previous_layer_compensation,72,9,1,5.249,5.249,-0.005676107195569262,False,7,0.1
7,4,optimized,,5,0.004070657292167094,0.004070657292167094,MZI11_arm1,previous_layer_compensation,70,11,1,5.018,5.018,0.003903255995563894,False,7,0.1
7,4,optimized,,5,0.004070657292167094,0.004070657292167094,MZI12_arm0,previous_layer_compensation,73,12,0,3.532,3.532,-0.0025090641823177664,False,7,0.1
7,4,optimized,,5,0.004070657292167094,0.004070657292167094,MZI9_arm0,previous_layer_compensation,76,9,0,5.187,5.187,0.003455956140306321,False,7,0.1
7,4,optimized,,5,0.004070657292167094,0.004070657292167094,MZI11_arm0,previous_layer_compensation,74,11,0,4.186,4.186,0.002024582938158653,False,7,0.1
7,4,optimized,,5,0.004070657292167094,0.004070657292167094,MZI12_arm1,previous_layer_compensation,69,12,1,3.646,3.646,0.0003881346249915955,False,7,0.1
7,4,optimized,,6,0.004081471532925035,0.004081028589618255,MZI14_arm1,current_layer,16,14,1,3.748,3.7490129899556366,-0.010129899556362005,True,1,0.1
7,4,optimized,,6,0.004081028589618255,0.00406354492909886,MZI14_arm0,current_layer,20,14,0,3.064,3.0630833320916437,0.00916667908356521,True,1,0.1
7,4,optimized,,6,0.00406354492909886,0.004059407162729935,MZI13_arm1,current_layer,15,13,1,4.18,4.179157023140086,0.008429768599136328,True,1,0.1
7,4,optimized,,6,0.004059407162729935,0.004041992582407614,MZI13_arm0,current_layer,19,13,0,3.05,3.0500726758207275,-0.002907032829102061,True,3,0.025
7,4,optimized,,6,0.004041992582407614,0.004041992582407614,MZI15_arm0,current_layer,21,15,0,2.158,2.158,-0.003145765574809071,False,7,0.1
7,4,optimized,,6,0.004041992582407614,0.004041992582407614,MZI15_arm1,current_layer,17,15,1,3.708,3.708,0.0012090401955095473,False,7,0.1
7,4,optimized,,6,0.004041992582407614,0.004041992582407614,MZI10_arm0,previous_layer_compensation,75,10,0,5.5,5.5,-0.02824299895973765,False,7,0.1
7,4,optimized,,6,0.004041992582407614,0.004041992582407614,MZI10_arm1,previous_layer_compensation,71,10,1,5.333,5.333,0.01982296102523714,False,7,0.1
7,4,optimized,,6,0.004041992582407614,0.004041992582407614,MZI9_arm1,previous_layer_compensation,72,9,1,5.249,5.249,-0.00567117764570009,False,7,0.1
7,4,optimized,,6,0.004041992582407614,0.004041992582407614,MZI11_arm1,previous_layer_compensation,70,11,1,5.018,5.018,0.004459122627651505,False,7,0.1
7,4,optimized,,6,0.004041992582407614,0.004041992582407614,MZI9_arm0,previous_layer_compensation,76,9,0,5.187,5.187,0.0022170990804779582,False,7,0.1
7,4,optimized,,6,0.004041992582407614,0.004041992582407614,MZI12_arm0,previous_layer_compensation,73,12,0,3.532,3.532,-0.0035232572837723465,False,7,0.1
7,4,optimized,,6,0.004041992582407614,0.004041992582407614,MZI11_arm0,previous_layer_compensation,74,11,0,4.186,4.186,0.0024669168091553304,False,7,0.1
7,4,optimized,,6,0.004041992582407614,0.004041992582407614,MZI12_arm1,previous_layer_compensation,69,12,1,3.646,3.646,0.0013916425587750243,False,7,0.1
7,4,optimized,,7,0.004103399530410156,0.0040891331102502525,MZI14_arm1,current_layer,16,14,1,3.749,3.749544381408517,-0.005443814085167356,True,1,0.1
7,4,optimized,,7,0.0040891331102502525,0.0040891331102502525,MZI14_arm0,current_layer,20,14,0,3.063,3.063,0.013405198414182569,False,7,0.1
7,4,optimized,,7,0.0040891331102502525,0.004065498844226713,MZI13_arm1,current_layer,15,13,1,4.179,4.178979937845022,0.006419889593096242,True,6,0.003125
7,4,optimized,,7,0.004065498844226713,0.004065498844226713,MZI15_arm0,current_layer,21,15,0,2.158,2.158,-0.0018153204331502794,False,7,0.1
7,4,optimized,,7,0.004065498844226713,0.004065498844226713,MZI13_arm0,current_layer,19,13,0,3.05,3.05,-0.004206736406715986,False,7,0.1
7,4,optimized,,7,0.004065498844226713,0.004065498844226713,MZI15_arm1,current_layer,17,15,1,3.708,3.708,0.0008477512589670362,False,7,0.1
7,4,optimized,,7,0.004065498844226713,0.004065498844226713,MZI10_arm0,previous_layer_compensation,75,10,0,5.5,5.5,-0.0331710354402954,False,7,0.1
7,4,optimized,,7,0.004065498844226713,0.004065498844226713,MZI10_arm1,previous_layer_compensation,71,10,1,5.333,5.333,0.01785169951713613,False,7,0.1
7,4,optimized,,7,0.004065498844226713,0.004065498844226713,MZI9_arm1,previous_layer_compensation,72,9,1,5.249,5.249,-0.004450642882244718,False,7,0.1
7,4,optimized,,7,0.004065498844226713,0.0040648003297711404,MZI11_arm1,previous_layer_compensation,70,11,1,5.018,5.017999770631178,7.339802284545681e-05,True,6,0.003125
7,4,optimized,,7,0.0040648003297711404,0.0040648003297711404,MZI12_arm0,previous_layer_compensation,73,12,0,3.532,3.532,-0.004899140520396015,False,7,0.1
7,4,optimized,,7,0.0040648003297711404,0.0040648003297711404,MZI11_arm0,previous_layer_compensation,74,11,0,4.186,4.186,0.002516100142974022,False,7,0.1
7,4,optimized,,7,0.0040648003297711404,0.0040648003297711404,MZI9_arm0,previous_layer_compensation,76,9,0,5.187,5.187,0.0026284836523646385,False,7,0.1
7,4,optimized,,7,0.0040648003297711404,0.0040648003297711404,MZI12_arm1,previous_layer_compensation,69,12,1,3.646,3.646,0.0006864493935544891,False,7,0.1
7,4,optimized,,8,0.004158550240547026,0.004098740086905132,MZI14_arm0,current_layer,20,14,0,3.063,3.062427424822273,0.005725751777273133,True,1,0.1
7,4,optimized,,8,0.004098740086905132,0.004094215562127376,MZI13_arm1,current_layer,15,13,1,4.179,4.178685773359395,0.006284532812102405,True,2,0.05
7,4,optimized,,8,0.004094215562127376,0.004066691563741756,MZI14_arm1,current_layer,16,14,1,3.75,3.7499077468602433,0.001845062795134752,True,2,0.05
7,4,optimized,,8,0.004066691563741756,0.004066691563741756,MZI13_arm0,current_layer,19,13,0,3.05,3.05,-0.0035705968140947613,False,7,0.1
7,4,optimized,,8,0.004066691563741756,0.004066691563741756,MZI15_arm0,current_layer,21,15,0,2.158,2.158,-0.0019367453814581118,False,7,0.1
7,4,optimized,,8,0.004066691563741756,0.004059727129150237,MZI15_arm1,current_layer,17,15,1,3.708,3.707981103121869,0.00018896878130989365,True,1,0.1
7,4,optimized,,8,0.004059727129150237,0.004059727129150237,MZI10_arm0,previous_layer_compensation,75,10,0,5.5,5.5,-0.023308204149736337,False,7,0.1
7,4,optimized,,8,0.004059727129150237,0.004039118545762273,MZI10_arm1,previous_layer_compensation,71,10,1,5.333,5.3310527787435,0.01947221256500631,True,1,0.1
7,4,optimized,,8,0.004039118545762273,0.004039043155734131,MZI12_arm0,previous_layer_compensation,73,12,0,3.532,3.532117643444674,-0.0047057377869592,True,3,0.025
7,4,optimized,,8,0.004039043155734131,0.004034350599654696,MZI9_arm1,previous_layer_compensation,72,9,1,5.249,5.249114978356115,-0.004599134244624422,True,3,0.025
7,4,optimized,,8,0.004034350599654696,0.004034350599654696,MZI9_arm0,previous_layer_compensation,76,9,0,5.187,5.187,0.002486478586030085,False,7,0.1
7,4,optimized,,8,0.004034350599654696,0.004027749421802841,MZI11_arm0,previous_layer_compensation,74,11,0,4.186,4.185983657878903,0.0026147393756043324,True,5,0.00625
7,4,optimized,,8,0.004027749421802841,0.004027749421802841,MZI12_arm1,previous_layer_compensation,69,12,1,3.646,3.646,-0.00015106322045746367,False,7,0.1
7,4,optimized,,8,0.004027749421802841,0.004027749421802841,MZI11_arm1,previous_layer_compensation,70,11,1,5.018,5.018,0.004098824289659786,False,7,0.1
7,5,optimized,,0,0.007600197588218003,0.007600197588218003,MZI17_arm0,current_layer,84,17,0,3.195,3.195,-0.0018383531051998003,False,7,0.1
7,5,optimized,,0,0.007600197588218003,0.007600197588218003,MZI17_arm1,current_layer,80,17,1,3.455,3.455,0.0013535005892061848,False,7,0.1
7,5,optimized,,0,0.007600197588218003,0.007600197588218003,MZI18_arm0,current_layer,83,18,0,3.507,3.507,-0.020492279887202366,False,7,0.1
7,5,optimized,,0,0.007600197588218003,0.007595472802658641,MZI18_arm1,current_layer,79,18,1,4.44,4.437430096444384,0.025699035556162764,True,1,0.1
7,5,optimized,,0,0.007595472802658641,0.007500876281170829,MZI19_arm0,current_layer,82,19,0,4.524,4.526969662396655,-0.029696623966555185,True,1,0.1
7,5,optimized,,0,0.007500876281170829,0.007387082592091171,MZI19_arm1,current_layer,78,19,1,5.244,5.24141681740413,0.02583182595869165,True,1,0.1
7,5,optimized,,0,0.007387082592091171,0.007384344806409722,MZI20_arm0,current_layer,81,20,0,1.517,1.5167345892935182,0.002654107064816865,True,1,0.1
7,5,optimized,,0,0.007384344806409722,0.007384344806409722,MZI20_arm1,current_layer,77,20,1,4.585,4.585,-0.006394336852964188,False,7,0.1
7,5,optimized,,0,0.007384344806409722,0.007330599849938384,MZI13_arm0,previous_layer_compensation,19,13,0,3.05,3.0543216226986605,-0.043216226986607334,True,1,0.1
7,5,optimized,,0,0.007330599849938384,0.00702979759810882,MZI13_arm1,previous_layer_compensation,15,13,1,4.179,4.174135756931082,0.0486424306891834,True,1,0.1
7,5,optimized,,0,0.00702979759810882,0.006109165575897753,MZI14_arm0,previous_layer_compensation,20,14,0,3.062,3.0721678685971625,-0.10167868597162706,True,1,0.1
7,5,optimized,,0,0.006109165575897753,0.00509229384519241,MZI14_arm1,previous_layer_compensation,16,14,1,3.75,3.739759350589637,0.10240649410362977,True,1,0.1
7,5,optimized,,0,0.00509229384519241,0.00509229384519241,MZI15_arm0,previous_layer_compensation,21,15,0,2.158,2.158,-0.00036410606752148233,False,7,0.1
7,5,optimized,,0,0.00509229384519241,0.005086876920925958,MZI15_arm1,previous_layer_compensation,17,15,1,3.708,3.707963661520478,0.005814156723553437,True,5,0.00625
7,5,optimized,,1,0.005104770856762304,0.005104770856762304,MZI19_arm0,current_layer,82,19,0,4.527,4.527,-0.0005886151517755151,False,7,0.1
7,5,optimized,,1,0.005104770856762304,0.005104770856762304,MZI19_arm1,current_layer,78,19,1,5.241,5.241,0.0024989734652311525,False,7,0.1
7,5,optimized,,1,0.005104770856762304,0.005104770856762304,MZI18_arm1,current_layer,79,18,1,4.437,4.437,0.017097624154842422,False,7,0.1
7,5,optimized,,1,0.005104770856762304,0.005104770856762304,MZI18_arm0,current_layer,83,18,0,3.507,3.507,-0.014117908905635825,False,7,0.1
7,5,optimized,,1,0.005104770856762304,0.005104770856762304,MZI20_arm1,current_layer,77,20,1,4.585,4.585,-0.009246980458428677,False,7,0.1
7,5,optimized,,1,0.005104770856762304,0.005104770856762304,MZI20_arm0,current_layer,81,20,0,1.517,1.517,0.0017147924049171058,False,7,0.1
7,5,optimized,,1,0.005104770856762304,0.005104770856762304,MZI17_arm0,current_layer,84,17,0,3.195,3.195,-0.00026468033960040465,False,7,0.1
7,5,optimized,,1,0.005104770856762304,0.005104770856762304,MZI17_arm1,current_layer,80,17,1,3.455,3.455,-0.0001193139926920771,False,7,0.1
7,5,optimized,,1,0.005104770856762304,0.004673255768070094,MZI14_arm1,previous_layer_compensation,16,14,1,3.74,3.7323072884565223,0.07692711543478169,True,1,0.1
7,5,optimized,,1,0.004673255768070094,0.004391249954920626,MZI14_arm0,previous_layer_compensation,20,14,0,3.072,3.0766984023839576,-0.0469840238395765,True,1,0.1
7,5,optimized,,1,0.004391249954920626,0.004378278995942305,MZI13_arm1,previous_layer_compensation,15,13,1,4.174,4.171097555595852,0.02902444404148493,True,1,0.1
7,5,optimized,,1,0.004378278995942305,0.004373341778119191,MZI13_arm0,previous_layer_compensation,19,13,0,3.054,3.054175826016288,-0.014066081303058774,True,4,0.0125
7,5,optimized,,1,0.004373341778119191,0.004373341778119191,MZI15_arm1,previous_layer_compensation,17,15,1,3.708,3.708,0.006740608929973822,False,7,0.1
7,5,optimized,,1,0.004373341778119191,0.004312675794154614,MZI15_arm0,previous_layer_compensation,21,15,0,2.158,2.1586417240060904,-0.006417240060905838,True,1,0.1
7,5,optimized,,2,0.00432511434912972,0.00432511434912972,MZI18_arm1,current_layer,79,18,1,4.437,4.437,0.01128478412016816,False,7,0.1
7,5,optimized,,2,0.00432511434912972,0.00432511434912972,MZI18_arm0,current_layer,83,18,0,3.507,3.507,-0.013067797752014765,False,7,0.1
7,5,optimized,,2,0.00432511434912972,0.004322321401940184,MZI20_arm1,current_layer,77,20,1,4.585,4.5858240987931636,-0.008240987931636353,True,1,0.1
7,5,optimized,,2,0.004322321401940184,0.004322321401940184,MZI19_arm1,current_layer,78,19,1,5.241,5.241,-0.008845492278749648,False,7,0.1
7,5,optimized,,2,0.004322321401940184,0.004322321401940184,MZI20_arm0,current_layer,81,20,0,1.517,1.517,0.0011626793811325513,False,7,0.1
7,5,optimized,,2,0.004322321401940184,0.004322321401940184,MZI19_arm0,current_layer,82,19,0,4.527,4.527,0.007530778012064063,False,7,0.1
7,5,optimized,,2,0.004322321401940184,0.004322321401940184,MZI17_arm0,current_layer,84,17,0,3.195,3.195,-0.0014107406930384523,False,7,0.1
7,5,optimized,,2,0.004322321401940184,0.00431081285584957,MZI17_arm1,current_layer,80,17,1,3.455,3.454829703820359,0.001702961796412452,True,1,0.1
7,5,optimized,,2,0.00431081285584957,0.004220327701668651,MZI14_arm1,previous_layer_compensation,16,14,1,3.732,3.727669764927568,0.0433023507243208,True,1,0.1
7,5,optimized,,2,0.004220327701668651,0.004177667419255376,MZI14_arm0,previous_layer_compensation,20,14,0,3.077,3.0797406850116347,-0.027406850116347605,True,1,0.1
7,5,optimized,,2,0.004177667419255376,0.00415852594941705,MZI13_arm1,previous_layer_compensation,15,13,1,4.171,4.169131038171938,0.01868961828062639,True,1,0.1
7,5,optimized,,2,0.00415852594941705,0.004151035137429348,MZI13_arm0,previous_layer_compensation,19,13,0,3.054,3.0544090503177053,-0.008181006354106608,True,2,0.05
7,5,optimized,,2,0.004151035137429348,0.004129159959481734,MZI15_arm1,previous_layer_compensation,17,15,1,3.708,3.7071399884006753,0.008600115993248801,True,1,0.1
7,5,optimized,,2,0.004129159959481734,0.004078060046811881,MZI15_arm0,previous_layer_compensation,21,15,0,2.159,2.1596036401460865,-0.006036401460868057,True,1,0.1
7,5,optimized,,3,0.004058697885062752,0.004058697885062752,MZI18_arm0,current_layer,83,18,0,3.507,3.507,-0.011870938498688628,False,7,0.1
7,5,optimized,,3,0.004058697885062752,0.004058697885062752,MZI18_arm1,current_layer,79,18,1,4.437,4.437,0.014337834513295478,False,7,0.1
7,5,optimized,,3,0.004058697885062752,0.004044581752342288,MZI19_arm1,current_layer,78,19,1,5.241,5.242140606707076,-0.011406067070759088,True,1,0.1
7,5,optimized,,3,0.004044581752342288,0.004044581752342288,MZI20_arm1,current_layer,77,20,1,4.586,4.586,-0.00987465453114855,False,7,0.1
7,5,optimized,,3,0.004044581752342288,0.004044581752342288,MZI19_arm0,current_layer,82,19,0,4.527,4.527,0.030012325480714166,False,7,0.1
7,5,optimized,,3,0.004044581752342288,0.004027445911508709,MZI17_arm1,current_layer,80,17,1,3.455,3.4549686048597095,0.0006279028058123187,True,2,0.05
7,5,optimized,,3,0.004027445911508709,0.004027445911508709,MZI17_arm0,current_layer,84,17,0,3.195,3.195,-0.0010043734631639961,False,7,0.1
7,5,optimized,,3,0.004027445911508709,0.004027445911508709,MZI20_arm0,current_layer,81,20,0,1.517,1.517,0.00322909652224277,False,7,0.1
7,5,optimized,,3,0.004027445911508709,0.004027445911508709,MZI14_arm1,previous_layer_compensation,16,14,1,3.728,3.728,0.027598663954079873,False,7,0.1
7,5,optimized,,3,0.004027445911508709,0.004027445911508709,MZI14_arm0,previous_layer_compensation,20,14,0,3.08,3.08,-0.022717710199007663,False,7,0.1
7,5,optimized,,3,0.004027445911508709,0.004027445911508709,MZI13_arm1,previous_layer_compensation,15,13,1,4.169,4.169,0.009944476715011592,False,7,0.1
7,5,optimized,,3,0.004027445911508709,0.004027445911508709,MZI15_arm1,previous_layer_compensation,17,15,1,3.707,3.707,0.005827236118156036,False,7,0.1
7,5,optimized,,3,0.004027445911508709,0.004027445911508709,MZI13_arm0,previous_layer_compensation,19,13,0,3.054,3.054,-0.00801517016021553,False,7,0.1
7,5,optimized,,3,0.004027445911508709,0.004027445911508709,MZI15_arm0,previous_layer_compensation,21,15,0,2.16,2.16,-0.004808964919272066,False,7,0.1
7,5,optimized,,4,0.004053836463666302,0.004053836463666302,MZI19_arm0,current_layer,82,19,0,4.527,4.527,0.00872118297861438,False,7,0.1
7,5,optimized,,4,0.004053836463666302,0.004053836463666302,MZI18_arm1,current_layer,79,18,1,4.437,4.437,0.01157663306251092,False,7,0.1
7,5,optimized,,4,0.004053836463666302,0.004053836463666302,MZI18_arm0,current_layer,83,18,0,3.507,3.507,-0.011853499070488218,False,7,0.1
7,5,optimized,,4,0.004053836463666302,0.004026894866746945,MZI19_arm1,current_layer,78,19,1,5.242,5.242048813639484,-0.015620364634982611,True,6,0.003125
7,5,optimized,,4,0.004026894866746945,0.004026894866746945,MZI20_arm1,current_layer,77,20,1,4.586,4.586,-0.010622072824419081,False,7,0.1
7,5,optimized,,4,0.004026894866746945,0.004026894866746945,MZI20_arm0,current_layer,81,20,0,1.517,1.517,0.0003343650479623557,False,7,0.1
7,5,optimized,,4,0.004026894866746945,0.004026894866746945,MZI17_arm0,current_layer,84,17,0,3.195,3.195,-0.0007435787219015743,False,7,0.1
7,5,optimized,,4,0.004026894866746945,0.004026894866746945,MZI17_arm1,current_layer,80,17,1,3.455,3.455,0.001038505349468059,False,7,0.1
7,5,optimized,,4,0.004026894866746945,0.004026894866746945,MZI14_arm1,previous_layer_compensation,16,14,1,3.728,3.728,0.028463005642179788,False,7,0.1
7,5,optimized,,4,0.004026894866746945,0.004026894866746945,MZI14_arm0,previous_layer_compensation,20,14,0,3.08,3.08,-0.02260793990980332,False,7,0.1
7,5,optimized,,4,0.004026894866746945,0.004026894866746945,MZI13_arm1,previous_layer_compensation,15,13,1,4.169,4.169,0.01186601203502935,False,7,0.1
7,5,optimized,,4,0.004026894866746945,0.004026894866746945,MZI13_arm0,previous_layer_compensation,19,13,0,3.054,3.054,-0.01791733983261188,False,7,0.1
7,5,optimized,,4,0.004026894866746945,0.004026894866746945,MZI15_arm1,previous_layer_compensation,17,15,1,3.707,3.707,0.005320497318809674,False,7,0.1
7,5,optimized,,4,0.004026894866746945,0.004026894866746945,MZI15_arm0,previous_layer_compensation,21,15,0,2.16,2.16,-0.0068967643534901596,False,7,0.1
7,5,optimized,,5,0.004492848393419439,0.00445259863146004,MZI19_arm1,current_layer,78,19,1,5.242,5.243198921031628,-0.011989210316281085,True,1,0.1
7,5,optimized,,5,0.00445259863146004,0.0044080834420632915,MZI18_arm0,current_layer,83,18,0,3.507,3.5087653372544603,-0.017653372544600626,True,1,0.1
7,5,optimized,,5,0.0044080834420632915,0.004386457017096657,MZI18_arm1,current_layer,79,18,1,4.437,4.434847259957012,0.021527400429880515,True,1,0.1
7,5,optimized,,5,0.004386457017096657,0.004329750692367285,MZI20_arm1,current_layer,77,20,1,4.586,4.586917882688978,-0.009178826889773154,True,1,0.1
7,5,optimized,,5,0.004329750692367285,0.004310356324107171,MZI19_arm0,current_layer,82,19,0,4.527,4.526008323697081,0.009916763029196921,True,1,0.1
7,5,optimized,,5,0.004310356324107171,0.004310356324107171,MZI17_arm1,current_layer,80,17,1,3.455,3.455,0.0009851061757930749,False,7,0.1
7,5,optimized,,5,0.004310356324107171,0.004298771245041019,MZI17_arm0,current_layer,84,17,0,3.195,3.195099840212781,-0.0019968042556264033,True,2,0.05
7,5,optimized,,5,0.004298771245041019,0.0042911877648394315,MZI20_arm0,current_layer,81,20,0,1.517,1.516715238853757,0.0028476114624293907,True,1,0.1
7,5,optimized,,5,0.0042911877648394315,0.004223497910295849,MZI14_arm1,previous_layer_compensation,16,14,1,3.728,3.725076230723552,0.02923769276448385,True,1,0.1
7,5,optimized,,5,0.004223497910295849,0.004223497910295849,MZI14_arm0,previous_layer_compensation,20,14,0,3.08,3.08,-0.01786520173323089,False,7,0.1
7,5,optimized,,5,0.004223497910295849,0.004216381179400577,MZI13_arm0,previous_layer_compensation,19,13,0,3.054,3.054051749698811,-0.01655990361950865,True,6,0.003125
7,5,optimized,,5,0.004216381179400577,0.004209392942511647,MZI13_arm1,previous_layer_compensation,15,13,1,4.169,4.167038138381995,0.01961861618004055,True,1,0.1
7,5,optimized,,5,0.004209392942511647,0.004209392942511647,MZI15_arm0,previous_layer_compensation,21,15,0,2.16,2.16,-0.005662283220792349,False,7,0.1
7,5,optimized,,5,0.004209392942511647,0.004173264214229643,MZI15_arm1,previous_layer_compensation,17,15,1,3.707,3.706988330309174,0.00746860212850943,True,7,0.0015625
7,5,optimized,,6,0.004212350527594232,0.004212350527594232,MZI18_arm1,current_layer,79,18,1,4.435,4.435,0.015164960006750045,False,7,0.1
7,5,optimized,,6,0.004212350527594232,0.004176004947781084,MZI18_arm0,current_layer,83,18,0,3.509,3.5098341140976674,-0.016682281953353056,True,2,0.05
7,5,optimized,,6,0.004176004947781084,0.004176004947781084,MZI19_arm1,current_layer,78,19,1,5.243,5.243,-0.008300005165981292,False,7,0.1
7,5,optimized,,6,0.004176004947781084,0.004176004947781084,MZI19_arm0,current_layer,82,19,0,4.526,4.526,0.008950080784721395,False,7,0.1
7,5,optimized,,6,0.004176004947781084,0.0041625637535137785,MZI20_arm1,current_layer,77,20,1,4.587,4.587406845942188,-0.008136918843767797,True,2,0.05
7,5,optimized,,6,0.0041625637535137785,0.0041625637535137785,MZI20_arm0,current_layer,81,20,0,1.517,1.517,0.0014362008982483116,False,7,0.1
7,5,optimized,,6,0.0041625637535137785,0.0041625637535137785,MZI17_arm0,current_layer,84,17,0,3.195,3.195,-0.0003672193401207509,False,7,0.1
7,5,optimized,,6,0.0041625637535137785,0.0041625637535137785,MZI17_arm1,current_layer,80,17,1,3.455,3.455,-0.003452203344996536,False,7,0.1
7,5,optimized,,6,0.0041625637535137785,0.004117648062343149,MZI14_arm1,previous_layer_compensation,16,14,1,3.725,3.7171249486845612,1.26000821047021,True,5,0.00625
7,5,optimized,,6,0.004117648062343149,0.0040891718239079045,MZI13_arm1,previous_layer_compensation,15,13,1,4.167,4.167476684580194,-0.3050781313243009,True,7,0.0015625
7,5,optimized,,6,0.0040891718239079045,0.0040891718239079045,MZI14_arm0,previous_layer_compensation,20,14,0,3.08,3.08,0.001983460857979921,False,7,0.1
7,5,optimized,,6,0.0040891718239079045,0.00408378462670535,MZI13_arm0,previous_layer_compensation,19,13,0,3.054,3.054248524439942,-0.0099409775976949,True,3,0.025
7,5,optimized,,6,0.00408378462670535,0.00408378462670535,MZI15_arm1,previous_layer_compensation,17,15,1,3.707,3.707,0.007428012071756318,False,7,0.1
7,5,optimized,,6,0.00408378462670535,0.00408378462670535,MZI15_arm0,previous_layer_compensation,21,15,0,2.16,2.16,-0.006265586315234534,False,7,0.1
7,5,optimized,,7,0.004197299667980664,0.004109951132977147,MZI18_arm0,current_layer,83,18,0,3.51,3.511435036359455,-0.014350363594554622,True,1,0.1
7,5,optimized,,7,0.004109951132977147,0.004102813595555201,MZI18_arm1,current_layer,79,18,1,4.435,4.434014659269463,0.009853407305361512,True,1,0.1
7,5,optimized,,7,0.004102813595555201,0.004097922537652861,MZI19_arm0,current_layer,82,19,0,4.526,4.526069974641935,-0.0013994928387077612,True,2,0.05
7,5,optimized,,7,0.004097922537652861,0.004087889411815504,MZI19_arm1,current_layer,78,19,1,5.243,5.242902197378723,0.0019560524255456367,True,2,0.05
7,5,optimized,,7,0.004087889411815504,0.004065209592109435,MZI20_arm1,current_layer,77,20,1,4.587,4.587766346314119,-0.007663463141193968,True,1,0.1
7,5,optimized,,7,0.004065209592109435,0.004055226850951235,MZI17_arm1,current_layer,80,17,1,3.455,3.4549927415856576,0.000290336573698633,True,3,0.025
7,5,optimized,,7,0.004055226850951235,0.004055226850951235,MZI20_arm0,current_layer,81,20,0,1.517,1.517,0.001185735000813888,False,7,0.1
7,5,optimized,,7,0.004055226850951235,0.004055226850951235,MZI17_arm0,current_layer,84,17,0,3.195,3.195,-0.0009144400159705703,False,7,0.1
7,5,optimized,,7,0.004055226850951235,0.004055226850951235,MZI14_arm1,previous_layer_compensation,16,14,1,3.717,3.717,0.022841033752422392,False,7,0.1
7,5,optimized,,7,0.004055226850951235,0.004046637051430209,MZI13_arm1,previous_layer_compensation,15,13,1,4.167,4.166217714795046,0.015645704099075605,True,2,0.05
7,5,optimized,,7,0.004046637051430209,0.004028082676746575,MZI13_arm0,previous_layer_compensation,19,13,0,3.054,3.054397767954664,-0.007955359093283775,True,2,0.05
7,5,optimized,,7,0.004028082676746575,0.004028082676746575,MZI15_arm1,previous_layer_compensation,17,15,1,3.707,3.707,0.004940323338383733,False,7,0.1
7,5,optimized,,7,0.004028082676746575,0.004028082676746575,MZI15_arm0,previous_layer_compensation,21,15,0,2.16,2.16,-0.005797036774253067,False,7,0.1
7,5,optimized,,7,0.004028082676746575,0.004015019625410589,MZI14_arm0,previous_layer_compensation,20,14,0,3.08,3.0800000642503926,-4.112025122611579e-05,True,7,0.0015625
7,5,optimized,,8,0.004094579067692553,0.003994727026069605,MZI18_arm0,current_layer,83,18,0,3.511,3.512390483887552,-0.0139048388755183,True,1,0.1
7,5,optimized,,8,0.003994727026069605,0.003957735135025496,MZI18_arm1,current_layer,79,18,1,4.434,4.432524402353685,0.01475597646314993,True,1,0.1
7,5,optimized,,8,0.003957735135025496,0.003957735135025496,MZI20_arm1,current_layer,77,20,1,4.588,4.588,-0.010165080297272065,False,7,0.1
7,5,optimized,,8,0.003957735135025496,0.0039413659003457,MZI19_arm1,current_layer,78,19,1,5.243,5.242957467566238,0.0008506486752551996,True,2,0.05
7,5,optimized,,8,0.0039413659003457,0.003929287408332276,MZI19_arm0,current_layer,82,19,0,4.526,4.52587568973615,0.001243102638493403,True,1,0.1
7,5,optimized,,8,0.003929287408332276,0.003929287408332276,MZI20_arm0,current_layer,81,20,0,1.517,1.517,-0.0002167289289282382,False,7,0.1
7,5,optimized,,8,0.003929287408332276,0.003929287408332276,MZI17_arm0,current_layer,84,17,0,3.195,3.195,0.0011913177207692634,False,7,0.1
7,5,optimized,,8,0.003929287408332276,0.003929287408332276,MZI17_arm1,current_layer,80,17,1,3.455,3.455,-0.0017686084489244192,False,7,0.1
7,5,optimized,,8,0.003929287408332276,0.003929287408332276,MZI14_arm1,previous_layer_compensation,16,14,1,3.717,3.717,0.0029345555225414295,False,7,0.1
7,5,optimized,,8,0.003929287408332276,0.003912903942227476,MZI13_arm1,previous_layer_compensation,15,13,1,4.166,4.165252001189098,0.0074799881090228375,True,1,0.1
7,5,optimized,,8,0.003912903942227476,0.003912903942227476,MZI13_arm0,previous_layer_compensation,19,13,0,3.054,3.054,-0.005135784043318386,False,7,0.1
7,5,optimized,,8,0.003912903942227476,0.003907272432881717,MZI15_arm0,previous_layer_compensation,21,15,0,2.16,2.1606043802544583,-0.00604380254458046,True,1,0.1
7,5,optimized,,8,0.003907272432881717,0.003907272432881717,MZI15_arm1,previous_layer_compensation,17,15,1,3.707,3.707,0.0046721905000333425,False,7,0.1
7,5,optimized,,8,0.003907272432881717,0.003907272432881717,MZI14_arm0,previous_layer_compensation,20,14,0,3.08,3.08,0.0006097563005928594,False,7,0.1
7,5,optimized,,9,0.0040497673653363256,0.0039164230132323835,MZI18_arm1,current_layer,79,18,1,4.433,4.431544888530087,0.014551114699124864,True,1,0.1
7,5,optimized,,9,0.0039164230132323835,0.003910257457118777,MZI18_arm0,current_layer,83,18,0,3.512,3.5126499744528696,-0.012999489057394155,True,2,0.05
7,5,optimized,,9,0.003910257457118777,0.0038951343194865624,MZI20_arm1,current_layer,77,20,1,4.588,4.5910989636624455,-0.0309896366244529,True,1,0.1
7,5,optimized,,9,0.0038951343194865624,0.0038779797706755617,MZI17_arm1,current_layer,80,17,1,3.455,3.4550777492946643,-0.0007774929466417885,True,1,0.1
7,5,optimized,,9,0.0038779797706755617,0.003855025221090399,MZI19_arm0,current_layer,82,19,0,4.526,4.525995527970977,0.0001788811609209311,True,3,0.025
7,5,optimized,,9,0.003855025221090399,0.003855025221090399,MZI17_arm0,current_layer,84,17,0,3.195,3.195,-0.0007695267148445557,False,7,0.1
7,5,optimized,,9,0.003855025221090399,0.003855025221090399,MZI19_arm1,current_layer,78,19,1,5.243,5.243,-0.0006405497776095128,False,7,0.1
7,5,optimized,,9,0.003855025221090399,0.003855025221090399,MZI20_arm0,current_layer,81,20,0,1.517,1.517,0.0007573496411209743,False,7,0.1
7,5,optimized,,9,0.003855025221090399,0.003855025221090399,MZI13_arm1,previous_layer_compensation,15,13,1,4.165,4.165,-0.0015504771955288169,False,7,0.1
7,5,optimized,,9,0.003855025221090399,0.0038496721264270443,MZI15_arm0,previous_layer_compensation,21,15,0,2.161,2.1610072020468123,-0.004609309959826176,True,7,0.0015625
7,5,optimized,,9,0.0038496721264270443,0.0038496721264270443,MZI13_arm0,previous_layer_compensation,19,13,0,3.054,3.054,-0.0026745499196425605,False,7,0.1
7,5,optimized,,9,0.0038496721264270443,0.0038363168320724975,MZI15_arm1,previous_layer_compensation,17,15,1,3.707,3.7068492053844198,0.003015892311598398,True,2,0.05
7,5,optimized,,9,0.0038363168320724975,0.0038363168320724975,MZI14_arm1,previous_layer_compensation,16,14,1,3.717,3.717,-0.0017920660412242067,False,7,0.1
7,5,optimized,,9,0.0038363168320724975,0.0038288739333553683,MZI14_arm0,previous_layer_compensation,20,14,0,3.08,3.0799580173703442,0.00041982629655659475,True,1,0.1
7,5,optimized,,10,0.0038707395670088515,0.0038695810788704323,MZI20_arm1,current_layer,77,20,1,4.591,4.591048034989618,-0.007685598338813094,True,5,0.00625
7,5,optimized,,10,0.0038695810788704323,0.0038557302960396983,MZI18_arm1,current_layer,79,18,1,4.432,4.431956249703325,0.01400009493595236,True,6,0.003125
7,5,optimized,,10,0.0038557302960396983,0.0038557302960396983,MZI18_arm0,current_layer,83,18,0,3.513,3.513,-0.009640308637006835,False,7,0.1
7,5,optimized,,10,0.0038557302960396983,0.0038448677674663713,MZI17_arm1,current_layer,80,17,1,3.455,3.455025705934672,-0.001028237386872603,True,3,0.025
7,5,optimized,,10,0.0038448677674663713,0.0038448677674663713,MZI17_arm0,current_layer,84,17,0,3.195,3.195,-0.002755636586829991,False,7,0.1
7,5,optimized,,10,0.0038448677674663713,0.0038098814493131516,MZI20_arm0,current_layer,81,20,0,1.517,1.5170001826923263,-2.923077223131694e-05,True,5,0.00625
7,5,optimized,,10,0.0038098814493131516,0.0038098814493131516,MZI19_arm1,current_layer,78,19,1,5.243,5.243,-0.0023756926026813675,False,7,0.1
7,5,optimized,,10,0.0038098814493131516,0.0038098814493131516,MZI19_arm0,current_layer,82,19,0,4.526,4.526,0.003855516689249914,False,7,0.1
7,5,optimized,,10,0.0038098814493131516,0.0038098814493131516,MZI15_arm0,previous_layer_compensation,21,15,0,2.161,2.161,-0.005820564345885568,False,7,0.1
7,5,optimized,,10,0.0038098814493131516,0.0038098814493131516,MZI15_arm1,previous_layer_compensation,17,15,1,3.707,3.707,0.004622621885851592,False,7,0.1
7,5,optimized,,10,0.0038098814493131516,0.0038098814493131516,MZI13_arm0,previous_layer_compensation,19,13,0,3.054,3.054,-0.002559898764765585,False,7,0.1
7,5,optimized,,10,0.0038098814493131516,0.0038098814493131516,MZI14_arm1,previous_layer_compensation,16,14,1,3.717,3.717,-0.0012296907752158768,False,7,0.1
7,5,optimized,,10,0.0038098814493131516,0.0038098814493131516,MZI13_arm1,previous_layer_compensation,15,13,1,4.165,4.165,0.002299246241727846,False,7,0.1
7,5,optimized,,10,0.0038098814493131516,0.0038098814493131516,MZI14_arm0,previous_layer_compensation,20,14,0,3.08,3.08,0.0024554458408851854,False,7,0.1
7,5,optimized,,11,0.0038670901467425726,0.003866123883616781,MZI18_arm1,current_layer,79,18,1,4.432,4.43044371208971,0.01556287910290571,True,1,0.1
7,5,optimized,,11,0.003866123883616781,0.0038195623382861294,MZI18_arm0,current_layer,83,18,0,3.513,3.5138921097035394,-0.00892109703539584,True,1,0.1
7,5,optimized,,11,0.0038195623382861294,0.003796965778077949,MZI20_arm1,current_layer,77,20,1,4.591,4.591244541376158,-0.009781655046296942,True,3,0.025
7,5,optimized,,11,0.003796965778077949,0.003796965778077949,MZI19_arm0,current_layer,82,19,0,4.526,4.526,0.006342766866064862,False,7,0.1
7,5,optimized,,11,0.003796965778077949,0.003796965778077949,MZI17_arm0,current_layer,84,17,0,3.195,3.195,-0.007487949742680944,False,7,0.1
7,5,optimized,,11,0.003796965778077949,0.003796965778077949,MZI19_arm1,current_layer,78,19,1,5.243,5.243,-0.004819711429039527,False,7,0.1
7,5,optimized,,11,0.003796965778077949,0.003796965778077949,MZI17_arm1,current_layer,80,17,1,3.455,3.455,0.0013894752080009774,False,7,0.1
7,5,optimized,,11,0.003796965778077949,0.003796965778077949,MZI20_arm0,current_layer,81,20,0,1.517,1.517,0.0034399946712359145,False,7,0.1
7,5,optimized,,11,0.003796965778077949,0.003796965778077949,MZI15_arm0,previous_layer_compensation,21,15,0,2.161,2.161,-0.006529785996505936,False,7,0.1
7,5,optimized,,11,0.003796965778077949,0.003796965778077949,MZI15_arm1,previous_layer_compensation,17,15,1,3.707,3.707,0.005711211613951224,False,7,0.1
7,5,optimized,,11,0.003796965778077949,0.003796965778077949,MZI13_arm0,previous_layer_compensation,19,13,0,3.054,3.054,-0.02034384087043638,False,7,0.1
7,5,optimized,,11,0.003796965778077949,0.003796965778077949,MZI14_arm0,previous_layer_compensation,20,14,0,3.08,3.08,0.001155686718732912,False,7,0.1
7,5,optimized,,11,0.003796965778077949,0.003796965778077949,MZI13_arm1,previous_layer_compensation,15,13,1,4.165,4.165,0.024895059415098043,False,7,0.1
7,5,optimized,,11,0.003796965778077949,0.003796965778077949,MZI14_arm1,previous_layer_compensation,16,14,1,3.717,3.717,-0.002271509619739115,False,7,0.1
7,5,optimized,,12,0.0041576673947553225,0.00408395558389833,MZI18_arm1,current_layer,79,18,1,4.43,4.428482117220717,0.015178827792822244,True,1,0.1
7,5,optimized,,12,0.00408395558389833,0.00408395558389833,MZI20_arm1,current_layer,77,20,1,4.591,4.591,-0.009905490355100837,False,7,0.1
7,5,optimized,,12,0.00408395558389833,0.00408395558389833,MZI18_arm0,current_layer,83,18,0,3.514,3.514,-0.013688755054545873,False,7,0.1
7,5,optimized,,12,0.00408395558389833,0.00408395558389833,MZI17_arm0,current_layer,84,17,0,3.195,3.195,0.00021825363541480377,False,7,0.1
7,5,optimized,,12,0.00408395558389833,0.0040609619994047995,MZI19_arm0,current_layer,82,19,0,4.526,4.525350014952384,0.006499850476159538,True,1,0.1
7,5,optimized,,12,0.0040609619994047995,0.004058292740355281,MZI19_arm1,current_layer,78,19,1,5.243,5.2430111413418174,-0.0008913073453375666,True,4,0.0125
7,5,optimized,,12,0.004058292740355281,0.004058292740355281,MZI20_arm0,current_layer,81,20,0,1.517,1.517,0.001320119018998594,False,7,0.1
7,5,optimized,,12,0.004058292740355281,0.004058292740355281,MZI17_arm1,current_layer,80,17,1,3.455,3.455,0.000612404437244206,False,7,0.1
7,5,optimized,,12,0.004058292740355281,0.004058292740355281,MZI13_arm1,previous_layer_compensation,15,13,1,4.165,4.165,0.023448884215220903,False,7,0.1
7,5,optimized,,12,0.004058292740355281,0.004058292740355281,MZI13_arm0,previous_layer_compensation,19,13,0,3.054,3.054,-0.016088639631147747,False,7,0.1
7,5,optimized,,12,0.004058292740355281,0.004054341630350445,MZI15_arm0,previous_layer_compensation,21,15,0,2.161,2.161014065828268,-0.009002130091359108,True,7,0.0015625
7,5,optimized,,12,0.004054341630350445,0.004054341630350445,MZI15_arm1,previous_layer_compensation,17,15,1,3.707,3.707,0.005222790937046513,False,7,0.1
7,5,optimized,,12,0.004054341630350445,0.004054341630350445,MZI14_arm1,previous_layer_compensation,16,14,1,3.717,3.717,-0.0025700132629920725,False,7,0.1
7,5,optimized,,12,0.004054341630350445,0.004054341630350445,MZI14_arm0,previous_layer_compensation,20,14,0,3.08,3.08,0.004099608174305539,False,7,0.1
7,5,optimized,,13,0.004164248994221114,0.00414817504745218,MZI18_arm1,current_layer,79,18,1,4.428,4.426579015601501,0.01420984398498768,True,1,0.1
7,5,optimized,,13,0.00414817504745218,0.0041131810604998036,MZI18_arm0,current_layer,83,18,0,3.514,3.514754345182224,-0.015086903644489719,True,2,0.05
7,5,optimized,,13,0.0041131810604998036,0.0041131810604998036,MZI20_arm1,current_layer,77,20,1,4.591,4.591,-0.010445873417355814,False,7,0.1
7,5,optimized,,13,0.0041131810604998036,0.0041131810604998036,MZI19_arm0,current_layer,82,19,0,4.525,4.525,0.004661893018340136,False,7,0.1
7,5,optimized,,13,0.0041131810604998036,0.0041131810604998036,MZI20_arm0,current_layer,81,20,0,1.517,1.517,0.002560362914818049,False,7,0.1
7,5,optimized,,13,0.0041131810604998036,0.0041131810604998036,MZI19_arm1,current_layer,78,19,1,5.243,5.243,-0.0016238644217433668,False,7,0.1
7,5,optimized,,13,0.0041131810604998036,0.0041131810604998036,MZI17_arm1,current_layer,80,17,1,3.455,3.455,-0.0009755821192027744,False,7,0.1
7,5,optimized,,13,0.0041131810604998036,0.0041131810604998036,MZI17_arm0,current_layer,84,17,0,3.195,3.195,-0.0012847912769919825,False,7,0.1
7,5,optimized,,13,0.0041131810604998036,0.0041131810604998036,MZI13_arm1,previous_layer_compensation,15,13,1,4.165,4.165,0.01934270912993222,False,7,0.1
7,5,optimized,,13,0.0041131810604998036,0.0041131810604998036,MZI13_arm0,previous_layer_compensation,19,13,0,3.054,3.054,-0.018122769780510254,False,7,0.1
7,5,optimized,,13,0.0041131810604998036,0.0041131810604998036,MZI15_arm0,previous_layer_compensation,21,15,0,2.161,2.161,-0.005394396280304544,False,7,0.1
7,5,optimized,,13,0.0041131810604998036,0.0041131810604998036,MZI15_arm1,previous_layer_compensation,17,15,1,3.707,3.707,0.005624703036046511,False,7,0.1
7,5,optimized,,13,0.0041131810604998036,0.0041131810604998036,MZI14_arm0,previous_layer_compensation,20,14,0,3.08,3.08,0.0028010677568063667,False,7,0.1
7,5,optimized,,13,0.0041131810604998036,0.0041131810604998036,MZI14_arm1,previous_layer_compensation,16,14,1,3.717,3.717,-0.004597286999935271,False,7,0.1
7,5,optimized,,14,0.004277987178209642,0.004219146111558415,MZI18_arm0,current_layer,83,18,0,3.515,3.515199776237779,-0.01598209902228996,True,4,0.0125
7,5,optimized,,14,0.004219146111558415,0.0041956070339841415,MZI18_arm1,current_layer,79,18,1,4.427,4.425357761821171,0.01642238178828884,True,1,0.1
7,5,optimized,,14,0.0041956070339841415,0.0041956070339841415,MZI20_arm1,current_layer,77,20,1,4.591,4.591,-0.006964658077264026,False,7,0.1
7,5,optimized,,14,0.0041956070339841415,0.0041956070339841415,MZI19_arm0,current_layer,82,19,0,4.525,4.525,0.005176613303713229,False,7,0.1
7,5,optimized,,14,0.0041956070339841415,0.004193083758188583,MZI20_arm0,current_layer,81,20,0,1.517,1.5164060043619667,0.19007860417061476,True,6,0.003125
7,5,optimized,,14,0.004193083758188583,0.004193083758188583,MZI19_arm1,current_layer,78,19,1,5.243,5.243,-0.0028154662327952917,False,7,0.1
7,5,optimized,,14,0.004193083758188583,0.004193083758188583,MZI17_arm0,current_layer,84,17,0,3.195,3.195,-0.0004087381326469153,False,7,0.1
7,5,optimized,,14,0.004193083758188583,0.004193083758188583,MZI17_arm1,current_layer,80,17,1,3.455,3.455,0.0019154442314856341,False,7,0.1
7,5,optimized,,14,0.004193083758188583,0.0041484980084518465,MZI13_arm1,previous_layer_compensation,15,13,1,4.165,4.16255879338061,0.024412066193901686,True,1,0.1
7,5,optimized,,14,0.0041484980084518465,0.004129581822947165,MZI13_arm0,previous_layer_compensation,19,13,0,3.054,3.054017199481032,-0.011007667860756151,True,7,0.0015625
7,5,optimized,,14,0.004129581822947165,0.004129581822947165,MZI15_arm1,previous_layer_compensation,17,15,1,3.707,3.707,0.004970039491635323,False,7,0.1
7,5,optimized,,14,0.004129581822947165,0.004129581822947165,MZI15_arm0,previous_layer_compensation,21,15,0,2.161,2.161,-0.004594108135397047,False,7,0.1
7,5,optimized,,14,0.004129581822947165,0.004129581822947165,MZI14_arm1,previous_layer_compensation,16,14,1,3.717,3.717,-0.0009214458483797587,False,7,0.1
7,5,optimized,,14,0.004129581822947165,0.004129581822947165,MZI14_arm0,previous_layer_compensation,20,14,0,3.08,3.08,0.004238551524298803,False,7,0.1
7,5,optimized,,15,0.004205003885925046,0.004185268834982706,MZI20_arm0,current_layer,81,20,0,1.516,1.5159521133428848,0.0009577331423040025,True,2,0.05
7,5,optimized,,15,0.004185268834982706,0.004174120823030026,MZI18_arm1,current_layer,79,18,1,4.425,4.424803889223077,0.007844431076906536,True,3,0.025
7,5,optimized,,15,0.004174120823030026,0.004174120823030026,MZI18_arm0,current_layer,83,18,0,3.515,3.515,-0.01148922900664418,False,7,0.1
7,5,optimized,,15,0.004174120823030026,0.004173965722416837,MZI20_arm1,current_layer,77,20,1,4.591,4.591819566288929,-0.008195662889281544,True,1,0.1
7,5,optimized,,15,0.004173965722416837,0.004162316786994052,MZI19_arm0,current_layer,82,19,0,4.525,4.524960037683071,0.0031969853543286175,True,4,0.0125
7,5,optimized,,15,0.004162316786994052,0.004162316786994052,MZI19_arm1,current_layer,78,19,1,5.243,5.243,-0.002998759107099377,False,7,0.1
7,5,optimized,,15,0.004162316786994052,0.004148817084079173,MZI17_arm1,current_layer,80,17,1,3.455,3.455013161305877,-0.004211617880700414,True,6,0.003125
7,5,optimized,,15,0.004148817084079173,0.004148817084079173,MZI17_arm0,current_layer,84,17,0,3.195,3.195,-0.0016077288982584783,False,7,0.1
7,5,optimized,,15,0.004148817084079173,0.004123402396751434,MZI13_arm1,previous_layer_compensation,15,13,1,4.163,4.162956481393463,0.013925954091909405,True,6,0.003125
7,5,optimized,,15,0.004123402396751434,0.004123402396751434,MZI13_arm0,previous_layer_compensation,19,13,0,3.054,3.054,-0.014933498181259625,False,7,0.1
7,5,optimized,,15,0.004123402396751434,0.004123402396751434,MZI15_arm1,previous_layer_compensation,17,15,1,3.707,3.707,0.005784798915215833,False,7,0.1
7,5,optimized,,15,0.004123402396751434,0.004123402396751434,MZI15_arm0,previous_layer_compensation,21,15,0,2.161,2.161,-0.0045582966875975465,False,7,0.1
7,5,optimized,,15,0.004123402396751434,0.004123402396751434,MZI14_arm0,previous_layer_compensation,20,14,0,3.08,3.08,0.004220770826331759,False,7,0.1
7,5,optimized,,15,0.004123402396751434,0.004123402396751434,MZI14_arm1,previous_layer_compensation,16,14,1,3.717,3.717,-0.0035076589374233836,False,7,0.1
7,5,optimized,,16,0.0043024758325157985,0.00415532438233852,MZI18_arm0,current_layer,83,18,0,3.515,3.5163748947911078,-0.013748947911075872,True,1,0.1
7,5,optimized,,16,0.00415532438233852,0.00415532438233852,MZI20_arm1,current_layer,77,20,1,4.592,4.592,-0.018339448084349147,False,7,0.1
7,5,optimized,,16,0.00415532438233852,0.00415532438233852,MZI18_arm1,current_layer,79,18,1,4.425,4.425,0.00663895747991958,False,7,0.1
7,5,optimized,,16,0.00415532438233852,0.00415532438233852,MZI17_arm1,current_layer,80,17,1,3.455,3.455,-0.0011239438621267678,False,7,0.1
7,5,optimized,,16,0.00415532438233852,0.00415532438233852,MZI19_arm0,current_layer,82,19,0,4.525,4.525,0.009729071935210632,False,7,0.1
7,5,optimized,,16,0.00415532438233852,0.00415532438233852,MZI19_arm1,current_layer,78,19,1,5.243,5.243,-0.013151077303154615,False,7,0.1
7,5,optimized,,16,0.00415532438233852,0.00415532438233852,MZI17_arm0,current_layer,84,17,0,3.195,3.195,0.0012592514051377264,False,7,0.1
7,5,optimized,,16,0.00415532438233852,0.00415532438233852,MZI20_arm0,current_layer,81,20,0,1.516,1.516,-0.0028242173414604853,False,7,0.1
7,5,optimized,,16,0.00415532438233852,0.00415532438233852,MZI13_arm0,previous_layer_compensation,19,13,0,3.054,3.054,-0.013339869474972363,False,7,0.1
7,5,optimized,,16,0.00415532438233852,0.00415532438233852,MZI13_arm1,previous_layer_compensation,15,13,1,4.163,4.163,0.01641982720977807,False,7,0.1
7,5,optimized,,16,0.00415532438233852,0.00415532438233852,MZI15_arm1,previous_layer_compensation,17,15,1,3.707,3.707,0.0037320207126892184,False,7,0.1
7,5,optimized,,16,0.00415532438233852,0.00415532438233852,MZI15_arm0,previous_layer_compensation,21,15,0,2.161,2.161,-0.005229406640475972,False,7,0.1
7,5,optimized,,16,0.00415532438233852,0.00415532438233852,MZI14_arm0,previous_layer_compensation,20,14,0,3.08,3.08,-0.0064375041480610965,False,7,0.1
7,5,optimized,,16,0.00415532438233852,0.00415532438233852,MZI14_arm1,previous_layer_compensation,16,14,1,3.717,3.717,0.003023534895872689,False,7,0.1
7,5,optimized,,17,0.004980332108715389,0.004974337769644416,MZI20_arm1,current_layer,77,20,1,4.592,4.592250757737162,-0.005015154743236333,True,2,0.05
7,5,optimized,,17,0.004974337769644416,0.0049617328373568045,MZI18_arm0,current_layer,83,18,0,3.516,3.5171206675900133,-0.011206675900134591,True,1,0.1
7,5,optimized,,17,0.0049617328373568045,0.004943863013354171,MZI19_arm1,current_layer,78,19,1,5.243,5.243173119261975,-0.013849540957977429,True,4,0.0125
7,5,optimized,,17,0.004943863013354171,0.004937770481808823,MZI19_arm0,current_layer,82,19,0,4.525,4.524930477848252,0.011123544279731671,True,5,0.00625
7,5,optimized,,17,0.004937770481808823,0.004937770481808823,MZI18_arm1,current_layer,79,18,1,4.425,4.425,0.00866110462828532,False,7,0.1
7,5,optimized,,17,0.004937770481808823,0.004925688290531038,MZI20_arm0,current_layer,81,20,0,1.516,1.5160023445996547,-9.378398618399122e-05,True,3,0.025
7,5,optimized,,17,0.004925688290531038,0.004924555308211832,MZI17_arm0,current_layer,84,17,0,3.195,3.1949990169691875,0.00031456986000623154,True,6,0.003125
7,5,optimized,,17,0.004924555308211832,0.004924555308211832,MZI17_arm1,current_layer,80,17,1,3.455,3.455,0.0004294383866789219,False,7,0.1
7,5,optimized,,17,0.004924555308211832,0.004914461112633397,MZI13_arm1,previous_layer_compensation,15,13,1,4.163,4.161598242793538,0.01401757206462349,True,1,0.1
7,5,optimized,,17,0.004914461112633397,0.004914461112633397,MZI13_arm0,previous_layer_compensation,19,13,0,3.054,3.054,-0.006510230955942018,False,7,0.1
7,5,optimized,,17,0.004914461112633397,0.004914461112633397,MZI14_arm0,previous_layer_compensation,20,14,0,3.08,3.08,-0.0035548560722797637,False,7,0.1
7,5,optimized,,17,0.004914461112633397,0.004914461112633397,MZI15_arm0,previous_layer_compensation,21,15,0,2.161,2.161,-0.003067648569579854,False,7,0.1
7,5,optimized,,17,0.004914461112633397,0.004914461112633397,MZI15_arm1,previous_layer_compensation,17,15,1,3.707,3.707,0.005846068389732303,False,7,0.1
7,5,optimized,,17,0.004914461112633397,0.004914461112633397,MZI14_arm1,previous_layer_compensation,16,14,1,3.717,3.717,0.0021502985401385755,False,7,0.1
7,5,optimized,,18,0.005069765905203665,0.005010185884381283,MZI19_arm1,current_layer,78,19,1,5.243,5.244301001078507,-0.013010010785071439,True,1,0.1
7,5,optimized,,18,0.005010185884381283,0.004922860215039765,MZI18_arm0,current_layer,83,18,0,3.517,3.51771317575179,-0.007131757517900397,True,1,0.1
7,5,optimized,,18,0.004922860215039765,0.004917257298990316,MZI19_arm0,current_layer,82,19,0,4.525,4.52489644284171,0.008284572663201784,True,4,0.0125
7,5,optimized,,18,0.004917257298990316,0.004891487102664201,MZI18_arm1,current_layer,79,18,1,4.425,4.424984189137515,0.005059475995225189,True,6,0.003125
7,5,optimized,,18,0.004891487102664201,0.004891487102664201,MZI20_arm1,current_layer,77,20,1,4.592,4.592,-0.007085046438124603,False,7,0.1
7,5,optimized,,18,0.004891487102664201,0.004891487102664201,MZI17_arm1,current_layer,80,17,1,3.455,3.455,0.001431502751669983,False,7,0.1
7,5,optimized,,18,0.004891487102664201,0.004891487102664201,MZI17_arm0,current_layer,84,17,0,3.195,3.195,0.000166658887635544,False,7,0.1
7,5,optimized,,18,0.004891487102664201,0.004891487102664201,MZI20_arm0,current_layer,81,20,0,1.516,1.516,0.05714386240633665,False,7,0.1
7,5,optimized,,18,0.004891487102664201,0.004891487102664201,MZI13_arm1,previous_layer_compensation,15,13,1,4.162,4.162,0.011589423497230349,False,7,0.1
7,5,optimized,,18,0.004891487102664201,0.004891487102664201,MZI13_arm0,previous_layer_compensation,19,13,0,3.054,3.054,-0.008113792387835028,False,7,0.1
7,5,optimized,,18,0.004891487102664201,0.004891487102664201,MZI15_arm1,previous_layer_compensation,17,15,1,3.707,3.707,0.009173567518033247,False,7,0.1
7,5,optimized,,18,0.004891487102664201,0.004891487102664201,MZI14_arm0,previous_layer_compensation,20,14,0,3.08,3.08,-0.001238813312540555,False,7,0.1
7,5,optimized,,18,0.004891487102664201,0.004891487102664201,MZI15_arm0,previous_layer_compensation,21,15,0,2.161,2.161,-0.003054841851930646,False,7,0.1
7,5,optimized,,18,0.004891487102664201,0.004891487102664201,MZI14_arm1,previous_layer_compensation,16,14,1,3.717,3.717,0.007709799532042837,False,7,0.1
7,5,optimized,,19,0.0049134316620633965,0.0049134316620633965,MZI20_arm0,current_layer,81,20,0,1.516,1.516,0.0002805104322796531,False,7,0.1
7,5,optimized,,19,0.0049134316620633965,0.00490418381175357,MZI19_arm1,current_layer,78,19,1,5.244,5.244037426284843,-0.00598820557487793,True,5,0.00625
7,5,optimized,,19,0.00490418381175357,0.00490418381175357,MZI19_arm0,current_layer,82,19,0,4.525,4.525,0.009692050699679417,False,7,0.1
7,5,optimized,,19,0.00490418381175357,0.00490418381175357,MZI18_arm0,current_layer,83,18,0,3.518,3.518,-0.007279509725639435,False,7,0.1
7,5,optimized,,19,0.00490418381175357,0.00490418381175357,MZI20_arm1,current_layer,77,20,1,4.592,4.592,-0.007297315703109134,False,7,0.1
7,5,optimized,,19,0.00490418381175357,0.00490418381175357,MZI18_arm1,current_layer,79,18,1,4.425,4.425,0.005433117551408633,False,7,0.1
7,5,optimized,,19,0.00490418381175357,0.00490418381175357,MZI17_arm1,current_layer,80,17,1,3.455,3.455,0.011476610872634931,False,7,0.1
7,5,optimized,,19,0.00490418381175357,0.00490418381175357,MZI17_arm0,current_layer,84,17,0,3.195,3.195,-0.004882124491286132,False,7,0.1
7,5,optimized,,19,0.00490418381175357,0.00490418381175357,MZI13_arm1,previous_layer_compensation,15,13,1,4.162,4.162,-0.02501318108651859,False,7,0.1
7,5,optimized,,19,0.00490418381175357,0.00490418381175357,MZI15_arm1,previous_layer_compensation,17,15,1,3.707,3.707,0.006536621510651443,False,7,0.1
7,5,optimized,,19,0.00490418381175357,0.00490418381175357,MZI13_arm0,previous_layer_compensation,19,13,0,3.054,3.054,0.017860495149819168,False,7,0.1
7,5,optimized,,19,0.00490418381175357,0.00490418381175357,MZI14_arm1,previous_layer_compensation,16,14,1,3.717,3.717,-0.0002719155730551701,False,7,0.1
7,5,optimized,,19,0.00490418381175357,0.00490418381175357,MZI15_arm0,previous_layer_compensation,21,15,0,2.161,2.161,-0.015899969284342067,False,7,0.1
7,5,optimized,,19,0.00490418381175357,0.00490418381175357,MZI14_arm0,previous_layer_compensation,20,14,0,3.08,3.08,-0.006885519479038498,False,7,0.1
7,6,optimized,,0,0.02145952618279045,0.018817821714785934,MZI21_arm0,current_layer,27,21,0,3.577,3.559659905178128,0.17340094821871826,True,1,0.1
7,6,optimized,,0,0.018817821714785934,0.01610012813598939,MZI21_arm1,current_layer,23,21,1,4.788,4.806207056919227,-0.18207056919227027,True,1,0.1
7,6,optimized,,0,0.01610012813598939,0.014877960537722298,MZI22_arm0,current_layer,28,22,0,3.724,3.7111289326960346,0.12871067303965422,True,1,0.1
7,6,optimized,,0,0.014877960537722298,0.013440964129058666,MZI22_arm1,current_layer,24,22,1,4.825,4.837936327875176,-0.12936327875175482,True,1,0.1
7,6,optimized,,0,0.013440964129058666,0.013387690171878762,MZI23_arm0,current_layer,29,23,0,4.433,4.4299508649743125,0.03049135025687353,True,1,0.1
7,6,optimized,,0,0.013387690171878762,0.013336592665463288,MZI23_arm1,current_layer,25,23,1,5.038,5.040296055395382,-0.022960553953817502,True,1,0.1
7,6,optimized,,0,0.013336592665463288,0.013270672407149504,MZI17_arm0,previous_layer_compensation,84,17,0,3.195,3.194493436916513,0.0050656308348655645,True,1,0.1
7,6,optimized,,0,0.013270672407149504,0.013270672407149504,MZI17_arm1,previous_layer_compensation,80,17,1,3.455,3.455,-0.00207311164447249,False,7,0.1
7,6,optimized,,0,0.013270672407149504,0.013270672407149504,MZI18_arm0,previous_layer_compensation,83,18,0,3.518,3.518,-0.03375153511611203,False,7,0.1
7,6,optimized,,0,0.013270672407149504,0.013249115469354904,MZI18_arm1,previous_layer_compensation,79,18,1,4.425,4.423344774521226,0.01655225478773568,True,1,0.1
7,6,optimized,,0,0.013249115469354904,0.013184736601377693,MZI19_arm0,previous_layer_compensation,82,19,0,4.525,4.528922428766177,-0.03922428766176541,True,1,0.1
7,6,optimized,,0,0.013184736601377693,0.013009760059043548,MZI19_arm1,previous_layer_compensation,78,19,1,5.244,5.237834893236708,0.06165106763291914,True,1,0.1
7,6,optimized,,0,0.013009760059043548,0.012871857428911521,MZI20_arm0,previous_layer_compensation,81,20,0,1.516,1.515872050013077,0.0012794998692304625,True,1,0.1
7,6,optimized,,0,0.012871857428911521,0.01270910748382107,MZI20_arm1,previous_layer_compensation,77,20,1,4.592,4.6419999999999995,-1.0851152161431612,True,1,0.1
7,6,optimized,,1,0.0128204496832779,0.011341091312590087,MZI21_arm1,current_layer,23,21,1,4.806,4.8188487603550705,-0.12848760355070477,True,1,0.1
7,6,optimized,,1,0.011341091312590087,0.010859163670240925,MZI21_arm0,current_layer,27,21,0,3.56,3.5525204495050287,0.07479550494971421,True,1,0.1
7,6,optimized,,1,0.010859163670240925,0.010169233703961536,MZI22_arm1,current_layer,24,22,1,4.838,4.8467760568650755,-0.0877605686507538,True,1,0.1
7,6,optimized,,1,0.010169233703961536,0.010115119607812213,MZI22_arm0,current_layer,28,22,0,3.711,3.7080537481703133,0.029462518296867312,True,1,0.1
7,6,optimized,,1,0.010115119607812213,0.01009444230702213,MZI23_arm0,current_layer,29,23,0,4.43,4.4279623987535315,0.02037601246468097,True,1,0.1
7,6,optimized,,1,0.01009444230702213,0.01006691867536453,MZI23_arm1,current_layer,25,23,1,5.04,5.041898194828705,-0.018981948287048803,True,1,0.1
7,6,optimized,,1,0.01006691867536453,0.010006151239648079,MZI20_arm1,previous_layer_compensation,77,20,1,4.642,4.642020954813544,-0.00020954813544287184,True,1,0.1
7,6,optimized,,1,0.010006151239648079,0.009924832736699132,MZI19_arm1,previous_layer_compensation,78,19,1,5.238,5.233728703002422,0.042712969975783416,True,1,0.1
7,6,optimized,,1,0.009924832736699132,0.009863461009866377,MZI19_arm0,previous_layer_compensation,82,19,0,4.529,4.52921084683187,-0.016867746549601763,True,4,0.0125
7,6,optimized,,1,0.009863461009866377,0.009863143758684974,MZI18_arm0,previous_layer_compensation,83,18,0,3.518,3.520625787719533,-0.0262578771953306,True,1,0.1
7,6,optimized,,1,0.009863143758684974,0.00980618853778757,MZI18_arm1,previous_layer_compensation,79,18,1,4.423,4.4219770850975335,0.01022914902466957,True,1,0.1
7,6,optimized,,1,0.00980618853778757,0.009705066884917742,MZI17_arm0,previous_layer_compensation,84,17,0,3.194,3.1937729395225727,0.002270604774272983,True,1,0.1
7,6,optimized,,1,0.009705066884917742,0.009705066884917742,MZI17_arm1,previous_layer_compensation,80,17,1,3.455,3.455,0.00045260804579804744,False,7,0.1
7,6,optimized,,1,0.009705066884917742,0.009705066884917742,MZI20_arm0,previous_layer_compensation,81,20,0,1.516,1.516,5.544938189452025e-05,False,7,0.1
7,6,optimized,,2,0.009926764687895762,0.009271783133633475,MZI21_arm1,current_layer,23,21,1,4.819,4.827328333980326,-0.08328333980325846,True,1,0.1
7,6,optimized,,2,0.009271783133633475,0.009205988221849324,MZI22_arm1,current_layer,24,22,1,4.847,4.851328991123788,-0.04328991123787835,True,1,0.1
7,6,optimized,,2,0.009205988221849324,0.008940151188978639,MZI21_arm0,current_layer,27,21,0,3.553,3.548294478009328,0.04705521990671902,True,1,0.1
7,6,optimized,,2,0.008940151188978639,0.008855261125072048,MZI22_arm0,current_layer,28,22,0,3.708,3.706597514060772,0.014024859392282003,True,1,0.1
7,6,optimized,,2,0.008855261125072048,0.008855261125072048,MZI23_arm0,current_layer,29,23,0,4.428,4.428,0.014217930245578924,False,7,0.1
7,6,optimized,,2,0.008855261125072048,0.008855261125072048,MZI23_arm1,current_layer,25,23,1,5.042,5.042,-0.014338252792364715,False,7,0.1
7,6,optimized,,2,0.008855261125072048,0.008791251882849115,MZI19_arm1,previous_layer_compensation,78,19,1,5.234,5.23086296178505,0.03137038214949749,True,1,0.1
7,6,optimized,,2,0.008791251882849115,0.008763190363954945,MZI18_arm0,previous_layer_compensation,83,18,0,3.521,3.5211131912875535,-0.018110606008608296,True,5,0.00625
7,6,optimized,,2,0.008763190363954945,0.008763190363954945,MZI19_arm0,previous_layer_compensation,82,19,0,4.529,4.529,-0.010913380769856007,False,7,0.1
7,6,optimized,,2,0.008763190363954945,0.00875625376582079,MZI18_arm1,previous_layer_compensation,79,18,1,4.422,4.420973074304502,0.010269256954975778,True,1,0.1
7,6,optimized,,2,0.00875625376582079,0.00875625376582079,MZI17_arm0,previous_layer_compensation,84,17,0,3.194,3.194,-0.0015792198641569476,False,7,0.1
7,6,optimized,,2,0.00875625376582079,0.00875625376582079,MZI17_arm1,previous_layer_compensation,80,17,1,3.455,3.455,0.0036922876451093087,False,7,0.1
7,6,optimized,,2,0.00875625376582079,0.00875625376582079,MZI20_arm1,previous_layer_compensation,77,20,1,4.642,4.642,0.0008558309800767343,False,7,0.1
7,6,optimized,,2,0.00875625376582079,0.00875625376582079,MZI20_arm0,previous_layer_compensation,81,20,0,1.516,1.516,-0.0018759131737805246,False,7,0.1
7,6,optimized,,3,0.008811478082290524,0.008647557958630443,MZI21_arm1,current_layer,23,21,1,4.827,4.832462417250091,-0.05462417250090621,True,1,0.1
7,6,optimized,,3,0.008647557958630443,0.00850493962021609,MZI21_arm0,current_layer,27,21,0,3.548,3.545125375015045,0.028746249849551375,True,1,0.1
7,6,optimized,,3,0.00850493962021609,0.00848979861349083,MZI22_arm1,current_layer,24,22,1,4.851,4.851687874729139,-0.027514989165555358,True,3,0.025
7,6,optimized,,3,0.00848979861349083,0.00848979861349083,MZI23_arm1,current_layer,25,23,1,5.042,5.042,-0.014808502415616162,False,7,0.1
7,6,optimized,,3,0.00848979861349083,0.008458538787687911,MZI23_arm0,current_layer,29,23,0,4.428,4.42640701879753,0.01592981202469989,True,1,0.1
7,6,optimized,,3,0.008458538787687911,0.008458538787687911,MZI22_arm0,current_layer,28,22,0,3.707,3.707,0.012486949471151872,False,7,0.1
7,6,optimized,,3,0.008458538787687911,0.008444859898372308,MZI19_arm1,previous_layer_compensation,78,19,1,5.231,5.228853857745554,0.02146142254446451,True,1,0.1
7,6,optimized,,3,0.008444859898372308,0.008410866151924552,MZI18_arm0,previous_layer_compensation,83,18,0,3.521,3.5226873602717492,-0.0168736027174951,True,1,0.1
7,6,optimized,,3,0.008410866151924552,0.008380878247245207,MZI19_arm0,previous_layer_compensation,82,19,0,4.529,4.529235405960648,-0.004708119212971812,True,2,0.05
7,6,optimized,,3,0.008380878247245207,0.008345657253981986,MZI18_arm1,previous_layer_compensation,79,18,1,4.421,4.421687190075851,-0.43980164854452414,True,7,0.0015625
7,6,optimized,,3,0.008345657253981986,0.008345657253981986,MZI17_arm1,previous_layer_compensation,80,17,1,3.455,3.455,0.004261666334375932,False,7,0.1
7,6,optimized,,3,0.008345657253981986,0.008342998888250958,MZI20_arm0,previous_layer_compensation,81,20,0,1.516,1.515996118211593,0.0006210861451213292,True,5,0.00625
7,6,optimized,,3,0.008342998888250958,0.008342998888250958,MZI17_arm0,previous_layer_compensation,84,17,0,3.194,3.194,-0.0025629994109589,False,7,0.1
7,6,optimized,,3,0.008342998888250958,0.008342998888250958,MZI20_arm1,previous_layer_compensation,77,20,1,4.642,4.642,0.001430341460165823,False,7,0.1
7,6,optimized,,4,0.008387527117508271,0.008297681658280737,MZI21_arm1,current_layer,23,21,1,4.832,4.835934851230068,-0.03934851230068122,True,1,0.1
7,6,optimized,,4,0.008297681658280737,0.008207414523051265,MZI21_arm0,current_layer,27,21,0,3.545,3.54281975420228,0.02180245797719809,True,1,0.1
7,6,optimized,,4,0.008207414523051265,0.008169802006313922,MZI22_arm1,current_layer,24,22,1,4.852,4.852577264092333,-0.023090563693312444,True,3,0.025
7,6,optimized,,4,0.008169802006313922,0.007518878337499584,MZI23_arm0,current_layer,29,23,0,4.426,4.424882308088114,0.011176919118860883,True,1,0.1
7,6,optimized,,4,0.007518878337499584,0.007518878337499584,MZI23_arm1,current_layer,25,23,1,5.042,5.042,-0.009166651722098221,False,7,0.1
7,6,optimized,,4,0.007518878337499584,0.007518878337499584,MZI22_arm0,current_layer,28,22,0,3.707,3.707,0.007623001374554331,False,7,0.1
7,6,optimized,,4,0.007518878337499584,0.007518878337499584,MZI18_arm1,previous_layer_compensation,79,18,1,4.422,4.422,0.006750398129697178,False,7,0.1
7,6,optimized,,4,0.007518878337499584,0.007518878337499584,MZI19_arm1,previous_layer_compensation,78,19,1,5.229,5.229,0.012105833493136329,False,7,0.1
7,6,optimized,,4,0.007518878337499584,0.007518878337499584,MZI18_arm0,previous_layer_compensation,83,18,0,3.523,3.523,-0.014438274387322394,False,7,0.1
7,6,optimized,,4,0.007518878337499584,0.007518878337499584,MZI19_arm0,previous_layer_compensation,82,19,0,4.529,4.529,-0.007489482385449343,False,7,0.1
7,6,optimized,,4,0.007518878337499584,0.007518878337499584,MZI17_arm1,previous_layer_compensation,80,17,1,3.455,3.455,0.005648592777090887,False,7,0.1
7,6,optimized,,4,0.007518878337499584,0.007518878337499584,MZI17_arm0,previous_layer_compensation,84,17,0,3.194,3.194,-0.0017456070578187272,False,7,0.1
7,6,optimized,,4,0.007518878337499584,0.007518878337499584,MZI20_arm1,previous_layer_compensation,77,20,1,4.642,4.642,0.00261733856781974,False,7,0.1
7,6,optimized,,4,0.007518878337499584,0.007518878337499584,MZI20_arm0,previous_layer_compensation,81,20,0,1.516,1.516,-0.0005749486976233843,False,7,0.1
7,6,optimized,,5,0.049124993369631484,0.008176153494616372,MZI21_arm1,current_layer,23,21,1,4.836,4.838540622828097,-0.025406228280968408,True,1,0.1
7,6,optimized,,5,0.008176153494616372,0.008148330781523444,MZI22_arm1,current_layer,24,22,1,4.853,4.855103213564259,-0.021032135642597077,True,1,0.1
7,6,optimized,,5,0.008148330781523444,0.007952650250939528,MZI21_arm0,current_layer,27,21,0,3.543,3.5416061251086712,0.013938748913289372,True,1,0.1
7,6,optimized,,5,0.007952650250939528,0.007952650250939528,MZI23_arm0,current_layer,29,23,0,4.425,4.425,0.011330002385902675,False,7,0.1
7,6,optimized,,5,0.007952650250939528,0.007952650250939528,MZI23_arm1,current_layer,25,23,1,5.042,5.042,-0.009872178304997068,False,7,0.1
7,6,optimized,,5,0.007952650250939528,0.007952650250939528,MZI22_arm0,current_layer,28,22,0,3.707,3.707,0.004246636454101725,False,7,0.1
7,6,optimized,,5,0.007952650250939528,0.007952650250939528,MZI18_arm0,previous_layer_compensation,83,18,0,3.523,3.523,-0.01328485265017805,False,7,0.1
7,6,optimized,,5,0.007952650250939528,0.007889999554417498,MZI19_arm1,previous_layer_compensation,78,19,1,5.229,5.227651531813332,0.0134846818666853,True,1,0.1
7,6,optimized,,5,0.007889999554417498,0.007889999554417498,MZI19_arm0,previous_layer_compensation,82,19,0,4.529,4.529,-0.004479741467888947,False,7,0.1
7,6,optimized,,5,0.007889999554417498,0.007889999554417498,MZI18_arm1,previous_layer_compensation,79,18,1,4.422,4.422,0.00555237489931131,False,7,0.1
7,6,optimized,,5,0.007889999554417498,0.007889999554417498,MZI17_arm1,previous_layer_compensation,80,17,1,3.455,3.455,0.006011578901497517,False,7,0.1
7,6,optimized,,5,0.007889999554417498,0.007889999554417498,MZI20_arm1,previous_layer_compensation,77,20,1,4.642,4.642,0.0037174128853796977,False,7,0.1
7,6,optimized,,5,0.007889999554417498,0.007889999554417498,MZI17_arm0,previous_layer_compensation,84,17,0,3.194,3.194,-0.0019377842962209676,False,7,0.1
7,6,optimized,,5,0.007889999554417498,0.007889999554417498,MZI20_arm0,previous_layer_compensation,81,20,0,1.516,1.516,-0.0031129367510858924,False,7,0.1
7,6,optimized,,6,0.008004244948249728,0.008004244948249728,MZI21_arm1,current_layer,23,21,1,4.839,4.839,-0.015355350522175211,False,7,0.1
7,6,optimized,,6,0.008004244948249728,0.008000857035140389,MZI22_arm1,current_layer,24,22,1,4.855,4.855617121388118,-0.012342427762345856,True,2,0.05
7,6,optimized,,6,0.008000857035140389,0.008000857035140389,MZI21_arm0,current_layer,27,21,0,3.542,3.542,0.013494801484567814,False,7,0.1
7,6,optimized,,6,0.008000857035140389,0.007993040547558347,MZI23_arm0,current_layer,29,23,0,4.425,4.424346576949832,0.013068461003368071,True,2,0.05
7,6,optimized,,6,0.007993040547558347,0.007993040547558347,MZI23_arm1,current_layer,25,23,1,5.042,5.042,-0.0077101419767127205,False,7,0.1
7,6,optimized,,6,0.007993040547558347,0.007986453961973337,MZI22_arm0,current_layer,28,22,0,3.707,3.706850086903711,0.0029982619257722344,True,2,0.05
7,6,optimized,,6,0.007986453961973337,0.007962534883996654,MZI19_arm1,previous_layer_compensation,78,19,1,5.228,5.227787957784582,0.00848168861671581,True,3,0.025
7,6,optimized,,6,0.007962534883996654,0.007962534883996654,MZI18_arm0,previous_layer_compensation,83,18,0,3.523,3.523,-0.015837576549913496,False,7,0.1
7,6,optimized,,6,0.007962534883996654,0.007947007633550041,MZI17_arm1,previous_layer_compensation,80,17,1,3.455,3.4546741582165277,0.006516835669445689,True,2,0.05
7,6,optimized,,6,0.007947007633550041,0.007947007633550041,MZI18_arm1,previous_layer_compensation,79,18,1,4.422,4.422,0.007897753019051474,False,7,0.1
7,6,optimized,,6,0.007947007633550041,0.007941430735138987,MZI19_arm0,previous_layer_compensation,82,19,0,4.529,4.529041686041198,-0.0033348832958692634,True,4,0.0125
7,6,optimized,,6,0.007941430735138987,0.007941430735138987,MZI20_arm1,previous_layer_compensation,77,20,1,4.642,4.642,0.0030052016576769276,False,7,0.1
7,6,optimized,,6,0.007941430735138987,0.007941430735138987,MZI20_arm0,previous_layer_compensation,81,20,0,1.516,1.516,-0.0015073137367623336,False,7,0.1
7,6,optimized,,6,0.007941430735138987,0.00785344598917799,MZI17_arm0,previous_layer_compensation,84,17,0,3.194,3.194045174965789,-0.0036139972631235207,True,4,0.0125
7,6,optimized,,7,0.007984870678892886,0.007949823492712487,MZI21_arm1,current_layer,23,21,1,4.839,4.839897675005204,-0.017953500104078216,True,2,0.05
7,6,optimized,,7,0.007949823492712487,0.007926774840838839,MZI21_arm0,current_layer,27,21,0,3.542,3.5414374959946913,0.011250080106173352,True,2,0.05
7,6,optimized,,7,0.007926774840838839,0.007913582834142991,MZI23_arm0,current_layer,29,23,0,4.424,4.4239837304670075,0.010412501115246013,True,7,0.0015625
7,6,optimized,,7,0.007913582834142991,0.007913582834142991,MZI22_arm1,current_layer,24,22,1,4.856,4.856,-0.007270690707125524,False,7,0.1
7,6,optimized,,7,0.007913582834142991,0.0072195341962887774,MZI23_arm1,current_layer,25,23,1,5.042,5.042027180683896,-0.008697818846896596,True,6,0.003125
7,6,optimized,,7,0.0072195341962887774,0.0072195341962887774,MZI22_arm0,current_layer,28,22,0,3.707,3.707,0.003662377178418075,False,7,0.1
7,6,optimized,,7,0.0072195341962887774,0.0072195341962887774,MZI18_arm0,previous_layer_compensation,83,18,0,3.523,3.523,-0.013339638130166377,False,7,0.1
7,6,optimized,,7,0.0072195341962887774,0.0072195341962887774,MZI19_arm1,previous_layer_compensation,78,19,1,5.228,5.228,0.007907102268779474,False,7,0.1
7,6,optimized,,7,0.0072195341962887774,0.0072195341962887774,MZI18_arm1,previous_layer_compensation,79,18,1,4.422,4.422,0.006829162671789112,False,7,0.1
7,6,optimized,,7,0.0072195341962887774,0.0072195341962887774,MZI17_arm1,previous_layer_compensation,80,17,1,3.455,3.455,0.006013080928640545,False,7,0.1
7,6,optimized,,7,0.0072195341962887774,0.0072195341962887774,MZI17_arm0,previous_layer_compensation,84,17,0,3.194,3.194,-0.00513993335659844,False,7,0.1
7,6,optimized,,7,0.0072195341962887774,0.0072195341962887774,MZI19_arm0,previous_layer_compensation,82,19,0,4.529,4.529,0.00018296543443457403,False,7,0.1
7,6,optimized,,7,0.0072195341962887774,0.0072195341962887774,MZI20_arm1,previous_layer_compensation,77,20,1,4.642,4.642,0.0036433650564882468,False,7,0.1
7,6,optimized,,7,0.0072195341962887774,0.0072195341962887774,MZI20_arm0,previous_layer_compensation,81,20,0,1.516,1.516,9.652682824191897e-05,False,7,0.1
7,6,optimized,,8,0.007959077217668822,0.007922964102104916,MZI21_arm1,current_layer,23,21,1,4.84,4.840065262822243,-0.010442051558879657,True,5,0.00625
7,6,optimized,,8,0.007922964102104916,0.007912388087569487,MZI21_arm0,current_layer,27,21,0,3.541,3.5402846594636355,0.007153405363644619,True,1,0.1
7,6,optimized,,8,0.007912388087569487,0.00788035140506449,MZI23_arm0,current_layer,29,23,0,4.424,4.422963235761309,0.010367642386910264,True,1,0.1
7,6,optimized,,8,0.00788035140506449,0.00788035140506449,MZI23_arm1,current_layer,25,23,1,5.042,5.042,-0.006471616709573645,False,7,0.1
7,6,optimized,,8,0.00788035140506449,0.0078590623057167,MZI22_arm1,current_layer,24,22,1,4.856,4.856108055386124,-0.008644430889924979,True,4,0.0125
7,6,optimized,,8,0.0078590623057167,0.007272764352288393,MZI22_arm0,current_layer,28,22,0,3.707,3.706869934666877,0.002601306662453277,True,2,0.05
7,6,optimized,,8,0.007272764352288393,0.007272764352288393,MZI18_arm0,previous_layer_compensation,83,18,0,3.523,3.523,-0.013874727115746078,False,7,0.1
7,6,optimized,,8,0.007272764352288393,0.007272764352288393,MZI19_arm1,previous_layer_compensation,78,19,1,5.228,5.228,0.008315968415320826,False,7,0.1
7,6,optimized,,8,0.007272764352288393,0.007272764352288393,MZI18_arm1,previous_layer_compensation,79,18,1,4.422,4.422,0.006569599264291561,False,7,0.1
7,6,optimized,,8,0.007272764352288393,0.007272764352288393,MZI17_arm1,previous_layer_compensation,80,17,1,3.455,3.455,0.0076485788922423465,False,7,0.1
7,6,optimized,,8,0.007272764352288393,0.007272764352288393,MZI17_arm0,previous_layer_compensation,84,17,0,3.194,3.194,-0.005531348684800931,False,7,0.1
7,6,optimized,,8,0.007272764352288393,0.007272764352288393,MZI20_arm1,previous_layer_compensation,77,20,1,4.642,4.642,0.002143996756302955,False,7,0.1
7,6,optimized,,8,0.007272764352288393,0.007272764352288393,MZI19_arm0,previous_layer_compensation,82,19,0,4.529,4.529,-0.002123170546526958,False,7,0.1
7,6,optimized,,8,0.007272764352288393,0.007272764352288393,MZI20_arm0,previous_layer_compensation,81,20,0,1.516,1.516,-0.0014088001757077751,False,7,0.1
7,6,optimized,,9,0.007875871982451264,0.007875871982451264,MZI21_arm1,current_layer,23,21,1,4.84,4.84,-0.010893657957422255,False,7,0.1
7,6,optimized,,9,0.007875871982451264,0.007851300789133424,MZI23_arm0,current_layer,29,23,0,4.423,4.422835534510929,0.006578619562847226,True,3,0.025
7,6,optimized,,9,0.007851300789133424,0.007851300789133424,MZI22_arm1,current_layer,24,22,1,4.856,4.856,-0.010102275197797822,False,7,0.1
7,6,optimized,,9,0.007851300789133424,0.007849885935727307,MZI21_arm0,current_layer,27,21,0,3.54,3.539827235296112,0.006910588155507657,True,3,0.025
7,6,optimized,,9,0.007849885935727307,0.007832619448757355,MZI23_arm1,current_layer,25,23,1,5.042,5.042048158852553,-0.0077054164085114335,True,5,0.00625
7,6,optimized,,9,0.007832619448757355,0.007832619448757355,MZI22_arm0,current_layer,28,22,0,3.707,3.707,0.0048157755452023,False,7,0.1
7,6,optimized,,9,0.007832619448757355,0.00721016218829207,MZI18_arm0,previous_layer_compensation,83,18,0,3.523,3.5244449858901747,-0.014449858901745823,True,1,0.1
7,6,optimized,,9,0.00721016218829207,0.00721016218829207,MZI19_arm1,previous_layer_compensation,78,19,1,5.228,5.228,0.010149035246882028,False,7,0.1
7,6,optimized,,9,0.00721016218829207,0.00721016218829207,MZI17_arm1,previous_layer_compensation,80,17,1,3.455,3.455,0.007071738310814528,False,7,0.1
7,6,optimized,,9,0.00721016218829207,0.00721016218829207,MZI18_arm1,previous_layer_compensation,79,18,1,4.422,4.422,0.0027387774089312144,False,7,0.1
7,6,optimized,,9,0.00721016218829207,0.00721016218829207,MZI17_arm0,previous_layer_compensation,84,17,0,3.194,3.194,-0.004337899161238218,False,7,0.1
7,6,optimized,,9,0.00721016218829207,0.00721016218829207,MZI20_arm1,previous_layer_compensation,77,20,1,4.642,4.642,0.003635675398071672,False,7,0.1
7,6,optimized,,9,0.00721016218829207,0.00721016218829207,MZI19_arm0,previous_layer_compensation,82,19,0,4.529,4.529,-0.0002980428139647146,False,7,0.1
7,6,optimized,,9,0.00721016218829207,0.00721016218829207,MZI20_arm0,previous_layer_compensation,81,20,0,1.516,1.516,0.0006785780898335609,False,7,0.1
7,6,optimized,,10,0.007936131610162609,0.007885392619517095,MZI21_arm1,current_layer,23,21,1,4.84,4.8406307600983665,-0.012615201967335812,True,2,0.05
7,6,optimized,,10,0.007885392619517095,0.007858002757079359,MZI22_arm1,current_layer,24,22,1,4.856,4.856951619721211,-0.009516197212106349,True,1,0.1
7,6,optimized,,10,0.007858002757079359,0.007760402603160392,MZI23_arm1,current_layer,25,23,1,5.042,5.042335577608482,-0.006711552169645176,True,2,0.05
7,6,optimized,,10,0.007760402603160392,0.007760402603160392,MZI21_arm0,current_layer,27,21,0,3.54,3.54,0.004873780706049877,False,7,0.1
7,6,optimized,,10,0.007760402603160392,0.007760402603160392,MZI23_arm0,current_layer,29,23,0,4.423,4.423,0.008327836094784456,False,7,0.1
7,6,optimized,,10,0.007760402603160392,0.007760402603160392,MZI22_arm0,current_layer,28,22,0,3.707,3.707,-0.001960173574953523,False,7,0.1
7,6,optimized,,10,0.007760402603160392,0.007760402603160392,MZI18_arm0,previous_layer_compensation,83,18,0,3.524,3.524,-0.01089998921528088,False,7,0.1
7,6,optimized,,10,0.007760402603160392,0.007760402603160392,MZI19_arm1,previous_layer_compensation,78,19,1,5.228,5.228,0.004896021363886309,False,7,0.1
7,6,optimized,,10,0.007760402603160392,0.007760402603160392,MZI17_arm1,previous_layer_compensation,80,17,1,3.455,3.455,0.0058368390861419615,False,7,0.1
7,6,optimized,,10,0.007760402603160392,0.007760402603160392,MZI17_arm0,previous_layer_compensation,84,17,0,3.194,3.194,-0.0036443040694477424,False,7,0.1
7,6,optimized,,10,0.007760402603160392,0.007760402603160392,MZI20_arm1,previous_layer_compensation,77,20,1,4.642,4.642,0.0029173812217324793,False,7,0.1
7,6,optimized,,10,0.007760402603160392,0.007760402603160392,MZI18_arm1,previous_layer_compensation,79,18,1,4.422,4.422,0.004640440071663176,False,7,0.1
7,6,optimized,,10,0.007760402603160392,0.007760402603160392,MZI20_arm0,previous_layer_compensation,81,20,0,1.516,1.516,-0.0005775527938401288,False,7,0.1
7,6,optimized,,10,0.007760402603160392,0.007760402603160392,MZI19_arm0,previous_layer_compensation,82,19,0,4.529,4.529,-0.0020439942242338974,False,7,0.1
7,7,optimized,,0,0.01352216028041893,0.01352216028041893,MZI25_arm0,current_layer,100,25,0,3.921,3.921,0.013714052073887248,False,7,0.1
7,7,optimized,,0,0.01352216028041893,0.01352216028041893,MZI25_arm1,current_layer,104,25,1,0.0,0.0,0.006951645153029443,False,7,0.1
7,7,optimized,,0,0.01352216028041893,0.01352216028041893,MZI26_arm0,current_layer,99,26,0,2.906,2.906,-0.004097643562267881,False,7,0.1
7,7,optimized,,0,0.01352216028041893,0.01352216028041893,MZI26_arm1,current_layer,103,26,1,5.155,5.155,-0.8141326914380655,False,7,0.1
7,7,optimized,,0,0.01352216028041893,0.01352216028041893,MZI27_arm0,current_layer,102,27,0,3.836,3.836,0.03329041363671141,False,7,0.1
7,7,optimized,,0,0.01352216028041893,0.01352216028041893,MZI27_arm1,current_layer,98,27,1,4.083,4.083,-0.035136183172112756,False,7,0.1
7,7,optimized,,0,0.01352216028041893,0.01352216028041893,MZI28_arm0,current_layer,101,28,0,2.478,2.478,0.0020611477547662228,False,7,0.1
7,7,optimized,,0,0.01352216028041893,0.01352216028041893,MZI28_arm1,current_layer,97,28,1,4.936,4.936,-0.001660000766839348,False,7,0.1
7,7,optimized,,0,0.01352216028041893,0.01352216028041893,MZI21_arm0,previous_layer_compensation,27,21,0,3.54,3.54,-0.02265944630582982,False,7,0.1
7,7,optimized,,0,0.01352216028041893,0.01352216028041893,MZI21_arm1,previous_layer_compensation,23,21,1,4.841,4.841,0.02880830936614274,False,7,0.1
7,7,optimized,,0,0.01352216028041893,0.012624881204424562,MZI22_arm0,previous_layer_compensation,28,22,0,3.707,3.7176425092966743,-0.10642509296674242,True,1,0.1
7,7,optimized,,0,0.012624881204424562,0.011207532941478818,MZI22_arm1,previous_layer_compensation,24,22,1,4.857,4.844468861839412,0.12531138160588096,True,1,0.1
7,7,optimized,,0,0.011207532941478818,0.010814002079189347,MZI23_arm0,previous_layer_compensation,29,23,0,4.423,4.428852762590159,-0.05852762590158877,True,1,0.1
7,7,optimized,,0,0.010814002079189347,0.010538780164429318,MZI23_arm1,previous_layer_compensation,25,23,1,5.042,5.036277389970689,0.057226100293108484,True,1,0.1
7,7,optimized,,1,0.010549368211290879,0.010545753504902685,MZI26_arm1,current_layer,103,26,1,5.155,5.154474282839049,0.005257171609517078,True,1,0.1
7,7,optimized,,1,0.010545753504902685,0.010384114748443734,MZI27_arm1,current_layer,98,27,1,4.083,4.087454841359976,-0.044548413599756725,True,1,0.1
7,7,optimized,,1,0.010384114748443734,0.010199137885310289,MZI27_arm0,current_layer,102,27,0,3.836,3.8319589464518637,0.04041053548136287,True,1,0.1
7,7,optimized,,1,0.010199137885310289,0.010157417208912674,MZI25_arm0,current_layer,100,25,0,3.921,3.919541260763437,0.01458739236563153,True,1,0.1
7,7,optimized,,1,0.010157417208912674,0.010148413730015378,MZI25_arm1,current_layer,104,25,1,0.0,3.530601255591608e-05,-0.0014122405022366433,True,3,0.025
7,7,optimized,,1,0.010148413730015378,0.010147077837165933,MZI26_arm0,current_layer,99,26,0,2.906,2.905979192759024,0.00166457927806905,True,4,0.0125
7,7,optimized,,1,0.010147077837165933,0.010129208377682348,MZI28_arm0,current_layer,101,28,0,2.478,2.4779575746421463,0.0033940286283068066,True,4,0.0125
7,7,optimized,,1,0.010129208377682348,0.010129208377682348,MZI28_arm1,current_layer,97,28,1,4.936,4.936,0.001192966174141489,False,7,0.1
7,7,optimized,,1,0.010129208377682348,0.00928633370189503,MZI22_arm1,previous_layer_compensation,24,22,1,4.844,4.83407193998149,0.09928060018510389,True,1,0.1
7,7,optimized,,1,0.00928633370189503,0.009021817907800475,MZI22_arm0,previous_layer_compensation,28,22,0,3.718,3.723525515461008,-0.05525515461007888,True,1,0.1
7,7,optimized,,1,0.009021817907800475,0.00889342924184716,MZI23_arm0,previous_layer_compensation,29,23,0,4.429,4.432896454049702,-0.038964540497015435,True,1,0.1
7,7,optimized,,1,0.00889342924184716,0.008683787388148817,MZI23_arm1,previous_layer_compensation,25,23,1,5.036,5.032238277336615,0.03761722663383875,True,1,0.1
7,7,optimized,,1,0.008683787388148817,0.008640532865217546,MZI21_arm1,previous_layer_compensation,23,21,1,4.841,4.8381341272412,0.028658727588004848,True,1,0.1
7,7,optimized,,1,0.008640532865217546,0.008591670974365313,MZI21_arm0,previous_layer_compensation,27,21,0,3.54,3.5419465774250805,-0.019465774250803838,True,1,0.1
7,7,optimized,,2,0.008628636038739024,0.00852314153809455,MZI27_arm1,current_layer,98,27,1,4.087,4.087493247159252,-0.004932471592526099,True,1,0.1
7,7,optimized,,2,0.00852314153809455,0.008440369478694438,MZI27_arm0,current_layer,102,27,0,3.832,3.827830305367391,0.041696946326089376,True,1,0.1
7,7,optimized,,2,0.008440369478694438,0.008397535469616642,MZI25_arm0,current_layer,100,25,0,3.92,3.919200652948738,0.015986941025237227,True,2,0.05
7,7,optimized,,2,0.008397535469616642,0.008362129478863098,MZI26_arm1,current_layer,103,26,1,5.154,5.154004810971347,-0.0007697554155370712,True,5,0.00625
7,7,optimized,,2,0.008362129478863098,0.008362129478863098,MZI28_arm0,current_layer,101,28,0,2.478,2.478,0.003703348636401208,False,7,0.1
7,7,optimized,,2,0.008362129478863098,0.008362129478863098,MZI26_arm0,current_layer,99,26,0,2.906,2.906,0.0033771572001381708,False,7,0.1
7,7,optimized,,2,0.008362129478863098,0.00835499604209666,MZI25_arm1,current_layer,104,25,1,0.0,0.0,0.00415701708898937,True,6,0.003125
7,7,optimized,,2,0.00835499604209666,0.00835499604209666,MZI28_arm1,current_layer,97,28,1,4.936,4.936,-0.001237527643523024,False,7,0.1
7,7,optimized,,2,0.00835499604209666,0.008010689350370448,MZI22_arm1,previous_layer_compensation,24,22,1,4.834,4.828114254139809,0.05885745860190667,True,1,0.1
7,7,optimized,,2,0.008010689350370448,0.008010689350370448,MZI22_arm0,previous_layer_compensation,28,22,0,3.724,3.724,-0.028968460783256367,False,7,0.1
7,7,optimized,,2,0.008010689350370448,0.007968956132737876,MZI23_arm0,previous_layer_compensation,29,23,0,4.433,4.43604109406233,-0.030410940623302626,True,1,0.1
7,7,optimized,,2,0.007968956132737876,0.007893020626860262,MZI23_arm1,previous_layer_compensation,25,23,1,5.032,5.029140528237369,0.028594717626306117,True,1,0.1
7,7,optimized,,2,0.007893020626860262,0.007867149880263392,MZI21_arm1,previous_layer_compensation,23,21,1,4.838,4.837149161159702,0.01701677680597303,True,2,0.05
7,7,optimized,,2,0.007867149880263392,0.007867149880263392,MZI21_arm0,previous_layer_compensation,27,21,0,3.542,3.542,-0.01421536255113994,False,7,0.1
7,7,optimized,,3,0.007999922528416673,0.007716585821544941,MZI27_arm0,current_layer,102,27,0,3.828,3.823474541087038,0.045254589129620694,True,1,0.1
7,7,optimized,,3,0.007716585821544941,0.007697053918595763,MZI25_arm0,current_layer,100,25,0,3.919,3.917512973784601,0.01487026215399059,True,1,0.1
7,7,optimized,,3,0.007697053918595763,0.0076043994847460284,MZI27_arm1,current_layer,98,27,1,4.087,4.091202486594769,-0.042024865947690025,True,1,0.1
7,7,optimized,,3,0.0076043994847460284,0.007543379105516249,MZI25_arm1,current_layer,104,25,1,0.0,0.0,0.000561873490440663,True,1,0.1
7,7,optimized,,3,0.007543379105516249,0.00750767455945814,MZI28_arm0,current_layer,101,28,0,2.478,2.4779753130867026,0.0019749530637956196,True,4,0.0125
7,7,optimized,,3,0.00750767455945814,0.00750767455945814,MZI26_arm0,current_layer,99,26,0,2.906,2.906,0.003366023202499947,False,7,0.1
7,7,optimized,,3,0.00750767455945814,0.00750767455945814,MZI28_arm1,current_layer,97,28,1,4.936,4.936,0.00017237968346817405,False,7,0.1
7,7,optimized,,3,0.00750767455945814,0.00750767455945814,MZI26_arm1,current_layer,103,26,1,5.154,5.154,-0.0026761334177444465,False,7,0.1
7,7,optimized,,3,0.00750767455945814,0.007475816755973246,MZI22_arm1,previous_layer_compensation,24,22,1,4.828,4.823380747883834,0.04619252116166503,True,1,0.1
7,7,optimized,,3,0.007475816755973246,0.007303822415982077,MZI23_arm0,previous_layer_compensation,29,23,0,4.436,4.438022642812265,-0.02022642812264995,True,1,0.1
7,7,optimized,,3,0.007303822415982077,0.007303822415982077,MZI22_arm0,previous_layer_compensation,28,22,0,3.724,3.724,-0.023566304633367202,False,7,0.1
7,7,optimized,,3,0.007303822415982077,0.007257963015337212,MZI23_arm1,previous_layer_compensation,25,23,1,5.029,5.027941842471001,0.02116315057997552,True,2,0.05
7,7,optimized,,3,0.007257963015337212,0.007257963015337212,MZI21_arm1,previous_layer_compensation,23,21,1,4.837,4.837,0.0182600788045604,False,7,0.1
7,7,optimized,,3,0.007257963015337212,0.007257963015337212,MZI21_arm0,previous_layer_compensation,27,21,0,3.542,3.542,-0.015721977507897014,False,7,0.1
7,7,optimized,,4,0.007341972231502102,0.007133624815195631,MZI27_arm0,current_layer,102,27,0,3.823,3.818984958820705,0.04015041179294788,True,1,0.1
7,7,optimized,,4,0.007133624815195631,0.006978631254780497,MZI27_arm1,current_layer,98,27,1,4.091,4.094915723952108,-0.039157239521083964,True,1,0.1
7,7,optimized,,4,0.006978631254780497,0.006977044026704355,MZI25_arm0,current_layer,100,25,0,3.918,3.9177898303822154,0.008406784711396565,True,3,0.025
7,7,optimized,,4,0.006977044026704355,0.006977044026704355,MZI26_arm0,current_layer,99,26,0,2.906,2.906,0.004571129885041565,False,7,0.1
7,7,optimized,,4,0.006977044026704355,0.006971415059479854,MZI26_arm1,current_layer,103,26,1,5.154,5.154007611418079,-0.002435653785359455,True,6,0.003125
7,7,optimized,,4,0.006971415059479854,0.006971415059479854,MZI28_arm0,current_layer,101,28,0,2.478,2.478,-5.011980846211617e-06,False,7,0.1
7,7,optimized,,4,0.006971415059479854,0.006968848543632857,MZI25_arm1,current_layer,104,25,1,0.0,7.406031925026834e-06,-0.002369930216008587,True,6,0.003125
7,7,optimized,,4,0.006968848543632857,0.006968848543632857,MZI28_arm1,current_layer,97,28,1,4.936,4.936,-0.0017885750348337701,False,7,0.1
7,7,optimized,,4,0.006968848543632857,0.006900845541556725,MZI22_arm1,previous_layer_compensation,24,22,1,4.823,4.81949653006307,0.035034699369306095,True,1,0.1
7,7,optimized,,4,0.006900845541556725,0.006879811659582168,MZI22_arm0,previous_layer_compensation,28,22,0,3.724,3.7243345477892795,-0.013381911571168954,True,3,0.025
7,7,optimized,,4,0.006879811659582168,0.006847675589500879,MZI23_arm1,previous_layer_compensation,25,23,1,5.028,5.0259310738164515,0.02068926183548242,True,1,0.1
7,7,optimized,,4,0.006847675589500879,0.006064847412332011,MZI23_arm0,previous_layer_compensation,29,23,0,4.438,4.438388891936231,-0.015555677449266565,True,3,0.025
7,7,optimized,,4,0.006064847412332011,0.006064847412332011,MZI21_arm1,previous_layer_compensation,23,21,1,4.837,4.837,0.015113203908072366,False,7,0.1
7,7,optimized,,4,0.006064847412332011,0.006064847412332011,MZI21_arm0,previous_layer_compensation,27,21,0,3.542,3.542,-0.013838283295621433,False,7,0.1
7,7,optimized,,5,0.006872499091688181,0.006725102710260268,MZI27_arm0,current_layer,102,27,0,3.819,3.8154036318828184,0.0359636811718152,True,1,0.1
7,7,optimized,,5,0.006725102710260268,0.0065952904316313185,MZI27_arm1,current_layer,98,27,1,4.095,4.098878236315958,-0.03878236315958046,True,1,0.1
7,7,optimized,,5,0.0065952904316313185,0.006541620189977334,MZI25_arm0,current_layer,100,25,0,3.918,3.917420095597904,0.011598088041916078,True,2,0.05
7,7,optimized,,5,0.006541620189977334,0.006527130719067432,MZI26_arm0,current_layer,99,26,0,2.906,2.9059139328630055,0.0068853709595818255,True,4,0.0125
7,7,optimized,,5,0.006527130719067432,0.006519338093445495,MZI26_arm1,current_layer,103,26,1,5.154,5.154041794490118,-0.006687118418840925,True,5,0.00625
7,7,optimized,,5,0.006519338093445495,0.006519338093445495,MZI25_arm1,current_layer,104,25,1,0.0,0.0,0.002521107534255015,False,7,0.1
7,7,optimized,,5,0.006519338093445495,0.006492431092381841,MZI28_arm1,current_layer,97,28,1,4.936,4.936001864328774,-0.00029829260389529463,True,5,0.00625
7,7,optimized,,5,0.006492431092381841,0.006492431092381841,MZI28_arm0,current_layer,101,28,0,2.478,2.478,0.002693203737267255,False,7,0.1
7,7,optimized,,5,0.006492431092381841,0.006492431092381841,MZI22_arm1,previous_layer_compensation,24,22,1,4.819,4.819,0.021994738044438692,False,7,0.1
7,7,optimized,,5,0.006492431092381841,0.006492431092381841,MZI23_arm1,previous_layer_compensation,25,23,1,5.026,5.026,0.017926544471851567,False,7,0.1
7,7,optimized,,5,0.006492431092381841,0.006492431092381841,MZI23_arm0,previous_layer_compensation,29,23,0,4.438,4.438,-0.01531992525674777,False,7,0.1
7,7,optimized,,5,0.006492431092381841,0.006492431092381841,MZI21_arm1,previous_layer_compensation,23,21,1,4.837,4.837,0.015188696565565369,False,7,0.1
7,7,optimized,,5,0.006492431092381841,0.006485294237171846,MZI21_arm0,previous_layer_compensation,27,21,0,3.542,3.543262911403263,-0.012629114032630012,True,1,0.1
7,7,optimized,,5,0.006485294237171846,0.006485294237171846,MZI22_arm0,previous_layer_compensation,28,22,0,3.724,3.724,-0.014583821775591704,False,7,0.1
7,7,optimized,,6,0.006540615734375235,0.006442673040101194,MZI27_arm1,current_layer,98,27,1,4.099,4.102221008529033,-0.03221008529032207,True,1,0.1
7,7,optimized,,6,0.006442673040101194,0.006433772645643134,MZI27_arm0,current_layer,102,27,0,3.815,3.8118213443827114,0.03178655617288748,True,1,0.1
7,7,optimized,,6,0.006433772645643134,0.006338883665033631,MZI25_arm0,current_layer,100,25,0,3.917,3.9153245815167934,0.016754184832063493,True,1,0.1
7,7,optimized,,6,0.006338883665033631,0.006300647393869276,MZI26_arm0,current_layer,99,26,0,2.906,2.9057624660428405,0.004750679143194023,True,2,0.05
7,7,optimized,,6,0.006300647393869276,0.006300647393869276,MZI26_arm1,current_layer,103,26,1,5.154,5.154,-0.0035136916430121624,False,7,0.1
7,7,optimized,,6,0.006300647393869276,0.006300647393869276,MZI28_arm0,current_layer,101,28,0,2.478,2.478,0.002089271234839163,False,7,0.1
7,7,optimized,,6,0.006300647393869276,0.006278090291208442,MZI25_arm1,current_layer,104,25,1,0.0,0.0,0.005386198053917643,True,5,0.00625
7,7,optimized,,6,0.006278090291208442,0.006278090291208442,MZI28_arm1,current_layer,97,28,1,4.936,4.936,0.0010751733100157449,False,7,0.1
7,7,optimized,,6,0.006278090291208442,0.006278090291208442,MZI22_arm1,previous_layer_compensation,24,22,1,4.819,4.819,0.02577602826009064,False,7,0.1
7,7,optimized,,6,0.006278090291208442,0.006278090291208442,MZI23_arm1,previous_layer_compensation,25,23,1,5.026,5.026,0.021722083567179785,False,7,0.1
7,7,optimized,,6,0.006278090291208442,0.006278090291208442,MZI23_arm0,previous_layer_compensation,29,23,0,4.438,4.438,-0.014905484398180844,False,7,0.1
7,7,optimized,,6,0.006278090291208442,0.006278090291208442,MZI21_arm1,previous_layer_compensation,23,21,1,4.837,4.837,0.015865431211916945,False,7,0.1
7,7,optimized,,6,0.006278090291208442,0.006278090291208442,MZI22_arm0,previous_layer_compensation,28,22,0,3.724,3.724,-0.015838304136156812,False,7,0.1
7,7,optimized,,6,0.006278090291208442,0.006278090291208442,MZI21_arm0,previous_layer_compensation,27,21,0,3.543,3.543,-0.01604533898525033,False,7,0.1
7,7,optimized,,7,0.03913452320433511,0.0062666441282853485,MZI27_arm1,current_layer,98,27,1,4.102,4.104771876620065,-0.027718766200645787,True,1,0.1
7,7,optimized,,7,0.0062666441282853485,0.006239200889358364,MZI27_arm0,current_layer,102,27,0,3.812,3.808895737245943,0.03104262754056554,True,1,0.1
7,7,optimized,,7,0.006239200889358364,0.00623866563741477,MZI25_arm0,current_layer,100,25,0,3.915,3.9142726080362173,0.014547839275649765,True,2,0.05
7,7,optimized,,7,0.00623866563741477,0.00623668568742665,MZI25_arm1,current_layer,104,25,1,0.0,0.0,0.00021790687734159382,True,1,0.1
7,7,optimized,,7,0.00623668568742665,0.006092071238696806,MZI26_arm0,current_layer,99,26,0,2.906,2.905697338757087,0.003026612429133624,True,1,0.1
7,7,optimized,,7,0.006092071238696806,0.006092071238696806,MZI26_arm1,current_layer,103,26,1,5.154,5.154,-0.006900729310730883,False,7,0.1
7,7,optimized,,7,0.006092071238696806,0.006011751408773396,MZI28_arm0,current_layer,101,28,0,2.478,2.4779563916284135,0.0034886697269377004,True,4,0.0125
7,7,optimized,,7,0.006011751408773396,0.006011751408773396,MZI28_arm1,current_layer,97,28,1,4.936,4.936,0.7602850570553472,False,7,0.1
7,7,optimized,,7,0.006011751408773396,0.006011751408773396,MZI22_arm1,previous_layer_compensation,24,22,1,4.819,4.819,0.025760306370300554,False,7,0.1
7,7,optimized,,7,0.006011751408773396,0.006011751408773396,MZI23_arm1,previous_layer_compensation,25,23,1,5.026,5.026,0.018296504683779427,False,7,0.1
7,7,optimized,,7,0.006011751408773396,0.006011751408773396,MZI21_arm0,previous_layer_compensation,27,21,0,3.543,3.543,-0.014020815725922326,False,7,0.1
7,7,optimized,,7,0.006011751408773396,0.006011751408773396,MZI21_arm1,previous_layer_compensation,23,21,1,4.837,4.837,0.010873406266328106,False,7,0.1
7,7,optimized,,7,0.006011751408773396,0.006011751408773396,MZI22_arm0,previous_layer_compensation,28,22,0,3.724,3.724,-0.016685020561808865,False,7,0.1
7,7,optimized,,7,0.006011751408773396,0.006011751408773396,MZI23_arm0,previous_layer_compensation,29,23,0,4.438,4.438,-0.019587814442000705,False,7,0.1
7,7,optimized,,8,0.0061080210296809954,0.0061080210296809954,MZI28_arm1,current_layer,97,28,1,4.936,4.936,-0.0006484630000638344,False,7,0.1
7,7,optimized,,8,0.0061080210296809954,0.006092677032535178,MZI27_arm0,current_layer,102,27,0,3.809,3.806137343755786,0.028626562442137845,True,1,0.1
7,7,optimized,,8,0.006092677032535178,0.006041458697095712,MZI27_arm1,current_layer,98,27,1,4.105,4.107520992887861,-0.02520992887860395,True,1,0.1
7,7,optimized,,8,0.006041458697095712,0.005997115325903714,MZI25_arm0,current_layer,100,25,0,3.914,3.9127247007867,0.012752992132999453,True,1,0.1
7,7,optimized,,8,0.005997115325903714,0.005973821140574662,MZI26_arm1,current_layer,103,26,1,5.154,5.154545194594205,-0.005451945942057983,True,1,0.1
7,7,optimized,,8,0.005973821140574662,0.005973821140574662,MZI28_arm0,current_layer,101,28,0,2.478,2.478,0.007865611017442297,False,7,0.1
7,7,optimized,,8,0.005973821140574662,0.005969093600850116,MZI26_arm0,current_layer,99,26,0,2.906,2.905778577384627,0.008856904614918806,True,3,0.025
7,7,optimized,,8,0.005969093600850116,0.0059551110085441375,MZI25_arm1,current_layer,104,25,1,0.0,0.0,0.0013176117885078595,True,1,0.1
7,7,optimized,,8,0.0059551110085441375,0.0059551110085441375,MZI22_arm1,previous_layer_compensation,24,22,1,4.819,4.819,0.03020583145663176,False,7,0.1
7,7,optimized,,8,0.0059551110085441375,0.005431269265497186,MZI23_arm0,previous_layer_compensation,29,23,0,4.438,4.439719093311941,-0.01719093311940594,True,1,0.1
7,7,optimized,,8,0.005431269265497186,0.005431269265497186,MZI23_arm1,previous_layer_compensation,25,23,1,5.026,5.026,0.01772391488081786,False,7,0.1
7,7,optimized,,8,0.005431269265497186,0.005431269265497186,MZI22_arm0,previous_layer_compensation,28,22,0,3.724,3.724,-0.02007601697829084,False,7,0.1
7,7,optimized,,8,0.005431269265497186,0.005431269265497186,MZI21_arm0,previous_layer_compensation,27,21,0,3.543,3.543,-0.014083618217164839,False,7,0.1
7,7,optimized,,8,0.005431269265497186,0.005431269265497186,MZI21_arm1,previous_layer_compensation,23,21,1,4.837,4.837,0.013419988547508022,False,7,0.1
7,7,optimized,,9,0.0059708213615903205,0.0059654112942800035,MZI27_arm0,current_layer,102,27,0,3.806,3.8038311239922904,0.021688760077094887,True,1,0.1
7,7,optimized,,9,0.0059654112942800035,0.005823947362641727,MZI27_arm1,current_layer,98,27,1,4.108,4.110037263753495,-0.02037263753495546,True,1,0.1
7,7,optimized,,9,0.005823947362641727,0.005821587893371584,MZI25_arm0,current_layer,100,25,0,3.913,3.9129580217340667,0.013433045098541816,True,6,0.003125
7,7,optimized,,9,0.005821587893371584,0.005821587893371584,MZI26_arm0,current_layer,99,26,0,2.906,2.906,0.006821400318074644,False,7,0.1
7,7,optimized,,9,0.005821587893371584,0.005821587893371584,MZI28_arm0,current_layer,101,28,0,2.478,2.478,0.002175104649493091,False,7,0.1
7,7,optimized,,9,0.005821587893371584,0.005819653758791857,MZI26_arm1,current_layer,103,26,1,5.155,5.155550000910986,-0.005500009109853693,True,1,0.1
7,7,optimized,,9,0.005819653758791857,0.005819653758791857,MZI25_arm1,current_layer,104,25,1,0.0,0.0,0.001086976310739167,False,7,0.1
7,7,optimized,,9,0.005819653758791857,0.005792216853645116,MZI28_arm1,current_layer,97,28,1,4.936,4.935999085377064,0.00029267933939702595,True,6,0.003125
7,7,optimized,,9,0.005792216853645116,0.005785133903669358,MZI22_arm1,previous_layer_compensation,24,22,1,4.819,4.817369923363825,0.032601532723495204,True,2,0.05
7,7,optimized,,9,0.005785133903669358,0.00578101418306959,MZI22_arm0,previous_layer_compensation,28,22,0,3.724,3.7255610246610367,-0.015610246610364944,True,1,0.1
7,7,optimized,,9,0.00578101418306959,0.00576752495670256,MZI23_arm1,previous_layer_compensation,25,23,1,5.026,5.024565411255722,0.014345887442778602,True,1,0.1
7,7,optimized,,9,0.00576752495670256,0.00572540023680809,MZI23_arm0,previous_layer_compensation,29,23,0,4.44,4.440578949954744,-0.011578999094863903,True,2,0.05
7,7,optimized,,9,0.00572540023680809,0.005701995782129683,MZI21_arm0,previous_layer_compensation,27,21,0,3.543,3.5446995333405087,-0.016995333405083787,True,1,0.1
7,7,optimized,,9,0.005701995782129683,0.005640618708318788,MZI21_arm1,previous_layer_compensation,23,21,1,4.837,4.836437974482021,0.01124051035956053,True,2,0.05
7,7,optimized,,10,0.005762396215753939,0.005729683940968719,MZI27_arm0,current_layer,102,27,0,3.804,3.801836319012453,0.021636809875466265,True,1,0.1
7,7,optimized,,10,0.005729683940968719,0.005638115068729239,MZI27_arm1,current_layer,98,27,1,4.11,4.111888250730176,-0.018882507301754472,True,1,0.1
7,7,optimized,,10,0.005638115068729239,0.005613370878193507,MZI25_arm0,current_layer,100,25,0,3.913,3.91223998986814,0.015200202637200387,True,2,0.05
7,7,optimized,,10,0.005613370878193507,0.005573950180694633,MZI26_arm0,current_layer,99,26,0,2.906,2.905757283961846,0.0024271603815422525,True,1,0.1
7,7,optimized,,10,0.005573950180694633,0.005545979757077642,MZI26_arm1,current_layer,103,26,1,5.156,5.156323388542879,-0.006467770857581612,True,2,0.05
7,7,optimized,,10,0.005545979757077642,0.005512645835824298,MZI28_arm0,current_layer,101,28,0,2.478,2.4781879503692754,-0.0018795036927512082,True,1,0.1
7,7,optimized,,10,0.005512645835824298,0.005512645835824298,MZI25_arm1,current_layer,104,25,1,0.0,0.0,-0.0003210970094076702,False,7,0.1
7,7,optimized,,10,0.005512645835824298,0.005512645835824298,MZI28_arm1,current_layer,97,28,1,4.936,4.936,-0.0010864906762836893,False,7,0.1
7,7,optimized,,10,0.005512645835824298,0.005512645835824298,MZI22_arm1,previous_layer_compensation,24,22,1,4.817,4.817,0.02277600435252575,False,7,0.1
7,7,optimized,,10,0.005512645835824298,0.005512645835824298,MZI21_arm0,previous_layer_compensation,27,21,0,3.545,3.545,-0.006689412583003585,False,7,0.1
7,7,optimized,,10,0.005512645835824298,0.005512645835824298,MZI22_arm0,previous_layer_compensation,28,22,0,3.726,3.726,-0.014024201288028162,False,7,0.1
7,7,optimized,,10,0.005512645835824298,0.005512645835824298,MZI23_arm1,previous_layer_compensation,25,23,1,5.025,5.025,0.016064451109155678,False,7,0.1
7,7,optimized,,10,0.005512645835824298,0.005512645835824298,MZI23_arm0,previous_layer_compensation,29,23,0,4.441,4.441,-0.011800067184798367,False,7,0.1
7,7,optimized,,10,0.005512645835824298,0.005512645835824298,MZI21_arm1,previous_layer_compensation,23,21,1,4.836,4.836,0.0055603613880595105,False,7,0.1
7,7,optimized,,11,0.005645683889328444,0.005614318403632162,MZI27_arm0,current_layer,102,27,0,3.802,3.799862323699296,0.021376763007043824,True,1,0.1
7,7,optimized,,11,0.005614318403632162,0.005548244579430476,MZI27_arm1,current_layer,98,27,1,4.112,4.113875461545961,-0.01875461545960273,True,1,0.1
7,7,optimized,,11,0.005548244579430476,0.0054798350345163106,MZI25_arm0,current_layer,100,25,0,3.912,3.9106654538475336,0.013345461524661578,True,1,0.1
7,7,optimized,,11,0.0054798350345163106,0.0054798350345163106,MZI26_arm1,current_layer,103,26,1,5.156,5.156,-0.006098970491406311,False,7,0.1
7,7,optimized,,11,0.0054798350345163106,0.0054798350345163106,MZI26_arm0,current_layer,99,26,0,2.906,2.906,0.006109550523482479,False,7,0.1
7,7,optimized,,11,0.0054798350345163106,0.0054798350345163106,MZI28_arm0,current_layer,101,28,0,2.478,2.478,0.0019042524363720543,False,7,0.1
7,7,optimized,,11,0.0054798350345163106,0.005442594159756009,MZI28_arm1,current_layer,97,28,1,4.936,4.936021505068845,-0.0034408110151744674,True,5,0.00625
7,7,optimized,,11,0.005442594159756009,0.005442594159756009,MZI25_arm1,current_layer,104,25,1,0.0,0.0,-0.0008871315605692761,False,7,0.1
7,7,optimized,,11,0.005442594159756009,0.005442594159756009,MZI22_arm1,previous_layer_compensation,24,22,1,4.817,4.817,0.022531870212261027,False,7,0.1
7,7,optimized,,11,0.005442594159756009,0.005442594159756009,MZI23_arm1,previous_layer_compensation,25,23,1,5.025,5.025,0.01214764834574825,False,7,0.1
7,7,optimized,,11,0.005442594159756009,0.005442594159756009,MZI22_arm0,previous_layer_compensation,28,22,0,3.726,3.726,-0.015610542069044255,False,7,0.1
7,7,optimized,,11,0.005442594159756009,0.005393384653416404,MZI23_arm0,previous_layer_compensation,29,23,0,4.441,4.442080638399671,-0.010806383996709888,True,1,0.1
7,7,optimized,,11,0.005393384653416404,0.005393384653416404,MZI21_arm0,previous_layer_compensation,27,21,0,3.545,3.545,-0.007536045200601069,False,7,0.1
7,7,optimized,,11,0.005393384653416404,0.005393384653416404,MZI21_arm1,previous_layer_compensation,23,21,1,4.836,4.836,0.00545377340642408,False,7,0.1
7,7,optimized,,12,0.00553073023496748,0.005477343944914596,MZI27_arm0,current_layer,102,27,0,3.8,3.798259472475873,0.017405275241268024,True,1,0.1
7,7,optimized,,12,0.005477343944914596,0.005410291891346505,MZI27_arm1,current_layer,98,27,1,4.114,4.115700883398968,-0.017008833989674815,True,1,0.1
7,7,optimized,,12,0.005410291891346505,0.0054072187499982745,MZI25_arm0,current_layer,100,25,0,3.911,3.9097911722006433,0.01208827799356523,True,1,0.1
7,7,optimized,,12,0.0054072187499982745,0.005402132961790091,MZI26_arm0,current_layer,99,26,0,2.906,2.905972263979029,0.00887552671068956,True,6,0.003125
7,7,optimized,,12,0.005402132961790091,0.005342837756030159,MZI26_arm1,current_layer,103,26,1,5.156,5.156367234333016,-0.0073446866603200074,True,2,0.05
7,7,optimized,,12,0.005342837756030159,0.005342837756030159,MZI28_arm1,current_layer,97,28,1,4.936,4.936,-0.002991079358818275,False,7,0.1
7,7,optimized,,12,0.005342837756030159,0.005342837756030159,MZI28_arm0,current_layer,101,28,0,2.478,2.478,0.0004474245776942385,False,7,0.1
7,7,optimized,,12,0.005342837756030159,0.005342837756030159,MZI25_arm1,current_layer,104,25,1,0.0,0.0,0.0037126366458556815,False,7,0.1
7,7,optimized,,12,0.005342837756030159,0.005331790883661876,MZI22_arm1,previous_layer_compensation,24,22,1,4.817,4.8157640754954985,0.024718490090035666,True,2,0.05
7,7,optimized,,12,0.005331790883661876,0.005300006051767744,MZI22_arm0,previous_layer_compensation,28,22,0,3.726,3.7274345194678378,-0.014345194678378227,True,1,0.1
7,7,optimized,,12,0.005300006051767744,0.005300006051767744,MZI23_arm1,previous_layer_compensation,25,23,1,5.025,5.025,0.0124341670232536,False,7,0.1
7,7,optimized,,12,0.005300006051767744,0.005300006051767744,MZI23_arm0,previous_layer_compensation,29,23,0,4.442,4.442,-0.009069546880957752,False,7,0.1
7,7,optimized,,12,0.005300006051767744,0.005300006051767744,MZI21_arm0,previous_layer_compensation,27,21,0,3.545,3.545,-0.006928655951532594,False,7,0.1
7,7,optimized,,12,0.005300006051767744,0.005300006051767744,MZI21_arm1,previous_layer_compensation,23,21,1,4.836,4.836,0.0069967238623219455,False,7,0.1
7,7,optimized,,13,0.0053875421163727105,0.005298880664504917,MZI27_arm0,current_layer,102,27,0,3.798,3.796211517694556,0.017884823054439298,True,1,0.1
7,7,optimized,,13,0.005298880664504917,0.005293617500197729,MZI27_arm1,current_layer,98,27,1,4.116,4.1160287549784105,-0.018403186183020757,True,7,0.0015625
7,7,optimized,,13,0.005293617500197729,0.005293617500197729,MZI25_arm0,current_layer,100,25,0,3.91,3.91,0.00991790898099231,False,7,0.1
7,7,optimized,,13,0.005293617500197729,0.00529226991748149,MZI26_arm0,current_layer,99,26,0,2.906,2.905709430001706,0.005811399965881145,True,2,0.05
7,7,optimized,,13,0.00529226991748149,0.005267754838586648,MZI26_arm1,current_layer,103,26,1,5.156,5.156012833768706,-0.008213611972207234,True,7,0.0015625
7,7,optimized,,13,0.005267754838586648,0.005267754838586648,MZI25_arm1,current_layer,104,25,1,0.0,0.0,-0.001476329549054663,False,7,0.1
7,7,optimized,,13,0.005267754838586648,0.005267754838586648,MZI28_arm1,current_layer,97,28,1,4.936,4.936,-0.0012498342623841784,False,7,0.1
7,7,optimized,,13,0.005267754838586648,0.005267754838586648,MZI28_arm0,current_layer,101,28,0,2.478,2.478,0.0014698961556335248,False,7,0.1
7,7,optimized,,13,0.005267754838586648,0.005267754838586648,MZI22_arm1,previous_layer_compensation,24,22,1,4.816,4.816,0.019352690953691614,False,7,0.1
7,7,optimized,,13,0.005267754838586648,0.005267754838586648,MZI22_arm0,previous_layer_compensation,28,22,0,3.727,3.727,-0.011657831741174782,False,7,0.1
7,7,optimized,,13,0.005267754838586648,0.005267754838586648,MZI23_arm1,previous_layer_compensation,25,23,1,5.025,5.025,0.009148727479598035,False,7,0.1
7,7,optimized,,13,0.005267754838586648,0.005267754838586648,MZI23_arm0,previous_layer_compensation,29,23,0,4.442,4.442,-0.011064435474554846,False,7,0.1
7,7,optimized,,13,0.005267754838586648,0.005267754838586648,MZI21_arm1,previous_layer_compensation,23,21,1,4.836,4.836,0.006670991298532318,False,7,0.1
7,7,optimized,,13,0.005267754838586648,0.005267754838586648,MZI21_arm0,previous_layer_compensation,27,21,0,3.545,3.545,-0.008216742074402567,False,7,0.1
7,7,optimized,,14,0.0053739216142702105,0.00532807552042799,MZI27_arm1,current_layer,98,27,1,4.116,4.116364064202274,-0.014562568090947593,True,3,0.025
7,7,optimized,,14,0.00532807552042799,0.00532807552042799,MZI27_arm0,current_layer,102,27,0,3.796,3.796,0.014212646218006277,False,7,0.1
7,7,optimized,,14,0.00532807552042799,0.005327665051744804,MZI25_arm0,current_layer,100,25,0,3.91,3.9098171260244947,0.014629918040441732,True,4,0.0125
7,7,optimized,,14,0.005327665051744804,0.005324293660058751,MZI26_arm1,current_layer,103,26,1,5.156,5.15605103888023,-0.008166220836932563,True,5,0.00625
7,7,optimized,,14,0.005324293660058751,0.005323547485824613,MZI26_arm0,current_layer,99,26,0,2.906,2.9058311502532725,0.006753989869104592,True,3,0.025
7,7,optimized,,14,0.005323547485824613,0.005323547485824613,MZI25_arm1,current_layer,104,25,1,0.0,0.0,0.00395843651430491,False,7,0.1
7,7,optimized,,14,0.005323547485824613,0.005296427143614585,MZI28_arm0,current_layer,101,28,0,2.478,2.477985437869105,0.0011649704716426774,True,4,0.0125
7,7,optimized,,14,0.005296427143614585,0.005296427143614585,MZI28_arm1,current_layer,97,28,1,4.936,4.936,-0.002317219428189349,False,7,0.1
7,7,optimized,,14,0.005296427143614585,0.005296427143614585,MZI22_arm1,previous_layer_compensation,24,22,1,4.816,4.816,0.017017472202840722,False,7,0.1
7,7,optimized,,14,0.005296427143614585,0.005296427143614585,MZI22_arm0,previous_layer_compensation,28,22,0,3.727,3.727,-0.00800240918685595,False,7,0.1
7,7,optimized,,14,0.005296427143614585,0.005296427143614585,MZI23_arm0,previous_layer_compensation,29,23,0,4.442,4.442,-0.009490126782815132,False,7,0.1
7,7,optimized,,14,0.005296427143614585,0.005296427143614585,MZI23_arm1,previous_layer_compensation,25,23,1,5.025,5.025,0.011520525019153093,False,7,0.1
7,7,optimized,,14,0.005296427143614585,0.005268358579812796,MZI21_arm0,previous_layer_compensation,27,21,0,3.545,3.5458132549740866,-0.008132549740867053,True,1,0.1
7,7,optimized,,14,0.005268358579812796,0.005268358579812796,MZI21_arm1,previous_layer_compensation,23,21,1,4.836,4.836,0.007957886430340101,False,7,0.1
