local_measurement_index,sample_index,output_power_sum_w,output_power_sum_uw,switch_current_failure_count,upload_attempts,target_input_power_uw,output_power_limit_uw,output_power_limit_exceeded,repair_reason,feature_0,input_voltage_0,output_power_w_0,output_power_uw_0,feature_1,input_voltage_1,output_power_w_1,output_power_uw_1,feature_2,input_voltage_2,output_power_w_2,output_power_uw_2,feature_3,input_voltage_3,output_power_w_3,output_power_uw_3,feature_4,input_voltage_4,output_power_w_4,output_power_uw_4,feature_5,input_voltage_5,output_power_w_5,output_power_uw_5,feature_6,input_voltage_6,output_power_w_6,output_power_uw_6,feature_7,input_voltage_7,output_power_w_7,output_power_uw_7
0,0,0.0001174542701,117.4542701,0,1,120.0,,False,,0.0,4.318,1.230787e-06,1.230787,1.0,3.829,6.051399e-05,60.51399,0.0,4.164,2.764994e-06,2.764994,0.0,4.23,3.011487e-05,30.11487,0.0,3.977,1.942178e-06,1.942178,0.0,4.329,1.930359e-05,19.30359,0.0,3.995,4.323181e-07,0.4323181,0.0,4.294,1.151543e-06,1.151543
1,1,0.0001057994616,105.7994616,0,1,120.0,,False,,0.0,4.318,3.633908e-07,0.3633908,0.0,4.261,5.773834e-07,0.5773834,1.0,3.722,4.575855e-05,45.75855,0.0,4.23,5.444394e-07,0.5444394,0.0,3.977,2.448459e-05,24.48459,0.0,4.329,1.630994e-06,1.630994,0.0,3.995,3.095422e-05,30.95422,0.0,4.294,1.485894e-06,1.485894
2,2,0.0001130126398,113.0126398,0,1,120.0,,False,,0.0,4.318,2.984939e-07,0.2984939,0.0,4.261,6.495666e-05,64.95666,0.0,4.164,2.155028e-06,2.155028,1.0,3.79,2.669604e-05,26.69604,0.0,3.977,1.620323e-06,1.620323,0.0,4.329,1.572419e-05,15.72419,0.0,3.995,3.813729e-07,0.3813729,0.0,4.294,1.180532e-06,1.180532
3,3,0.0001338867264,133.8867264,0,1,120.0,,False,,0.0,4.318,3.080925e-07,0.3080925,0.0,4.261,2.175474e-07,0.2175474,0.0,4.164,5.58485e-05,55.8485,0.0,4.23,4.650903e-07,0.4650903,1.0,3.498,4.061038e-05,40.61038,0.0,4.329,5.463214e-06,5.463214,0.0,3.995,3.031652e-05,30.31652,0.0,4.294,6.573822e-07,0.6573821999999999
4,4,0.0001299429612,129.9429612,0,1,116.23529411764704,,False,,0.0,4.318,3.049605e-07,0.3049605,0.0,4.261,2.164497e-07,0.2164497,0.0,4.164,5.398495e-05,53.984950000000005,0.0,4.23,4.384337e-07,0.4384337,0.968627450980392,3.507,3.937085e-05,39.37085,0.0,4.329,5.410506e-06,5.410506,0.0,3.995,2.955395e-05,29.55395,0.0,4.294,6.628613e-07,0.6628613000000001
5,5,0.0001097428143,109.7428143,0,1,116.23529411764704,,False,,0.0,4.318,2.910987e-07,0.2910987,0.0,4.261,6.318808e-05,63.18808,0.0,4.164,2.145752e-06,2.145752,0.968627450980392,3.798,2.584898e-05,25.84898,0.0,3.977,1.609236e-06,1.609236,0.0,4.329,1.510739e-05,15.10739,0.0,3.995,3.734456e-07,0.3734456,0.0,4.294,1.178832e-06,1.178832
6,6,0.0001263429952,126.3429952,0,1,112.4705882352941,,False,,0.0,4.318,3.044099e-07,0.3044099,0.0,4.261,2.14063e-07,0.214063,0.0,4.164,5.228348e-05,52.28348,0.0,4.23,4.13988e-07,0.413988,0.9372549019607842,3.516,3.831298e-05,38.31298,0.0,4.329,5.356661e-06,5.356661,0.0,3.995,2.878172e-05,28.78172,0.0,4.294,6.756933e-07,0.6756932999999999
7,7,0.0001058010148,105.8010148,0,1,112.4705882352941,,False,,0.0,4.318,2.967312e-07,0.2967312,0.0,4.261,6.099794e-05,60.99794,0.0,4.164,2.135711e-06,2.135711,0.9372549019607842,3.807,2.489677e-05,24.89677,0.0,3.977,1.599031e-06,1.599031,0.0,4.329,1.432288e-05,14.32288,0.0,3.995,3.669036e-07,0.3669036,0.0,4.294,1.185048e-06,1.185048
8,8,0.0001292809376999,129.2809377,0,1,115.29411764705884,,False,,0.0,4.318,3.062155e-07,0.3062155,0.0,4.261,2.156136e-07,0.2156136,0.0,4.164,5.368473e-05,53.68473,0.0,4.23,4.370856e-07,0.4370855999999999,0.9607843137254904,3.509,3.918721e-05,39.18721,0.0,4.329,5.408363e-06,5.4083630000000005,0.0,3.995,2.93693e-05,29.3693,0.0,4.294,6.7242e-07,0.67242
9,9,0.0001087530573,108.7530573,0,1,115.29411764705884,,False,,0.0,4.318,2.97674e-07,0.297674,0.0,4.261,6.263104e-05,62.631040000000006,0.0,4.164,2.144671e-06,2.144671,0.9607843137254904,3.8,2.561274e-05,25.61274,0.0,3.977,1.6066e-06,1.6066,0.0,4.329,1.491007e-05,14.91007,0.0,3.995,3.699213e-07,0.3699213,0.0,4.294,1.180341e-06,1.180341
10,10,0.0001257464303,125.7464303,0,1,112.0,,False,,0.0,4.318,3.026016e-07,0.3026016,0.0,4.261,2.146697e-07,0.2146697,0.0,4.164,5.19719e-05,51.971900000000005,0.0,4.23,4.123743e-07,0.4123743,0.9333333333333332,3.517,3.813405e-05,38.13405,0.0,4.329,5.356733e-06,5.356733,0.0,3.995,2.868321e-05,28.683210000000003,0.0,4.294,6.708917e-07,0.6708917
11,11,0.0001055071401,105.5071401,0,1,112.0,,False,,0.0,4.318,2.889189e-07,0.2889189,0.0,4.261,6.08564e-05,60.8564,0.0,4.164,2.132809e-06,2.1328090000000004,0.9333333333333332,3.808,2.479876e-05,24.79876,0.0,3.977,1.597401e-06,1.597401,0.0,4.329,1.429567e-05,14.29567,0.0,3.995,3.622952e-07,0.3622952,0.0,4.294,1.174886e-06,1.174886
12,12,0.0001285275551,128.5275551,0,1,114.8235294117647,,False,,0.0,4.318,3.045491e-07,0.3045490999999999,0.0,4.261,2.157462e-07,0.2157462,0.0,4.164,5.33533e-05,53.3533,0.0,4.23,4.297336e-07,0.4297336,0.9568627450980391,3.51,3.890027e-05,38.90027,0.0,4.329,5.388101e-06,5.388101000000001,0.0,3.995,2.926983e-05,29.26983,0.0,4.294,6.660252e-07,0.6660252
13,13,0.0001084705757999,108.4705758,0,1,114.8235294117647,,False,,0.0,4.318,2.944183e-07,0.2944182999999999,0.0,4.261,6.251216e-05,62.51216,0.0,4.164,2.14533e-06,2.14533,0.9568627450980391,3.801,2.553021e-05,25.53021,0.0,3.977,1.606629e-06,1.606629,0.0,4.329,1.482675e-05,14.82675,0.0,3.995,3.707035e-07,0.3707035,0.0,4.294,1.184375e-06,1.184375
14,14,0.0001073456755,107.3456755,0,1,95.05882352941174,,False,,0.0,4.318,2.881077e-07,0.2881077,0.0,4.261,2.078202e-07,0.2078202,0.0,4.164,4.341269e-05,43.41269,0.0,4.23,3.009077e-07,0.3009077,0.7921568627450978,3.56,3.243578e-05,32.435779999999994,0.0,4.329,5.087556e-06,5.087556,0.0,3.995,2.49082e-05,24.9082,0.0,4.294,7.046139e-07,0.7046139
15,15,8.988627440000001e-05,89.88627439999999,0,1,95.05882352941174,,False,,0.0,4.318,2.858178e-07,0.2858178,0.0,4.261,5.221377e-05,52.21377,0.0,4.164,2.099255e-06,2.0992550000000003,0.7921568627450978,3.846,2.087494e-05,20.87494,0.0,3.977,1.550152e-06,1.550152,0.0,4.329,1.137248e-05,11.37248,0.0,3.995,3.287746e-07,0.3287746,0.0,4.294,1.161085e-06,1.161085
16,16,9.4299068e-05,94.299068,0,1,82.35294117647057,,False,,0.0,4.318,2.769885e-07,0.2769885,0.0,4.261,2.026021e-07,0.2026021,0.0,4.164,3.728698e-05,37.28698,0.0,4.23,2.280728e-07,0.2280728,0.6862745098039214,3.592,2.84949e-05,28.4949,0.0,4.329,4.899749e-06,4.899749,0.0,3.995,2.217642e-05,22.17642,0.0,4.294,7.333556e-07,0.7333556
17,17,7.81401182e-05,78.1401182,0,1,82.35294117647057,,False,,0.0,4.318,2.847648e-07,0.2847648,0.0,4.261,4.56191e-05,45.6191,0.0,4.164,2.063203e-06,2.063203,0.6862745098039214,3.875,1.798175e-05,17.98175,0.0,3.977,1.507536e-06,1.507536,0.0,4.329,9.22459e-06,9.22459,0.0,3.995,3.093674e-07,0.3093674,0.0,4.294,1.149807e-06,1.149807
18,18,9.65325832e-05,96.5325832,0,1,84.23529411764706,,False,,0.0,4.318,2.791326e-07,0.2791326,0.0,4.261,2.032563e-07,0.2032563,0.0,4.164,3.830945e-05,38.30945,0.0,4.23,2.390818e-07,0.2390818,0.7019607843137254,3.587,2.917766e-05,29.17766,0.0,4.329,4.929503e-06,4.929503,0.0,3.995,2.266675e-05,22.66675,0.0,4.294,7.277495e-07,0.7277495
19,19,7.97056404e-05,79.70564040000001,0,1,84.23529411764706,,False,,0.0,4.318,2.873268e-07,0.2873268,0.0,4.261,4.649257e-05,46.49257,0.0,4.164,2.069933e-06,2.069933,0.7019607843137254,3.871,1.838476e-05,18.38476,0.0,3.977,1.512977e-06,1.512977,0.0,4.329,9.487157e-06,9.487157,0.0,3.995,3.109626e-07,0.3109626,0.0,4.294,1.159954e-06,1.159954
20,20,9.56449899e-05,95.6449899,0,1,83.76470588235294,,False,,0.0,4.318,2.78824e-07,0.278824,0.0,4.261,2.02984e-07,0.202984,0.0,4.164,3.789943e-05,37.89943,0.0,4.23,2.326956e-07,0.2326956,0.6980392156862745,3.589,2.890046e-05,28.90046,0.0,4.329,4.909146e-06,4.909146,0.0,3.995,2.248775e-05,22.48775,0.0,4.294,7.337003e-07,0.7337003
21,21,7.978122979999999e-05,79.7812298,0,1,83.76470588235294,,False,,0.0,4.318,2.84133e-07,0.284133,0.0,4.261,4.655916e-05,46.55916,0.0,4.164,2.071936e-06,2.071936,0.6980392156862745,3.871,1.839457e-05,18.39457,0.0,3.977,1.513902e-06,1.513902,0.0,4.329,9.500036e-06,9.500036,0.0,3.995,3.097588e-07,0.3097588,0.0,4.294,1.147734e-06,1.1477339999999998
22,22,9.70981476e-05,97.0981476,0,1,85.17647058823529,,False,,0.0,4.318,2.78045e-07,0.278045,0.0,4.261,2.039352e-07,0.2039351999999999,0.0,4.164,3.857064e-05,38.57064,0.0,4.23,2.396539e-07,0.2396539,0.7098039215686274,3.585,2.92873e-05,29.2873,0.0,4.329,4.947256e-06,4.947255999999999,0.0,3.995,2.284574e-05,22.84574,0.0,4.294,7.255775e-07,0.7255775
23,23,8.092176470000001e-05,80.92176470000001,0,1,85.17647058823529,,False,,0.0,4.318,2.796788e-07,0.2796788,0.0,4.261,4.722052e-05,47.22052,0.0,4.164,2.073559e-06,2.073559,0.7098039215686274,3.868,1.865695e-05,18.65695,0.0,3.977,1.520785e-06,1.5207849999999998,0.0,4.329,9.705939e-06,9.705939,0.0,3.995,3.125269e-07,0.3125269,0.0,4.294,1.151806e-06,1.151806
24,24,0.0001272040226,127.2040226,0,1,113.41176470588232,,False,,0.0,4.318,3.034574e-07,0.3034574,0.0,4.261,2.157452e-07,0.2157452,0.0,4.164,5.270039e-05,52.70039,0.0,4.23,4.221959e-07,0.4221959,0.945098039215686,3.514,3.853252e-05,38.53252,0.0,4.329,5.397597e-06,5.397597,0.0,3.995,2.896413e-05,28.96413,0.0,4.294,6.679871e-07,0.6679871000000001
25,25,0.0001072620917999,107.2620918,0,1,113.41176470588232,,False,,0.0,4.318,2.880521e-07,0.2880521,0.0,4.261,6.188502e-05,61.88502,0.0,4.164,2.142464e-06,2.142464,0.945098039215686,3.804,2.520792e-05,25.20792,0.0,3.977,1.607683e-06,1.607683,0.0,4.329,1.458365e-05,14.58365,0.0,3.995,3.662247e-07,0.3662247,0.0,4.294,1.181078e-06,1.181078
26,26,0.0001103379675,110.3379675,0,1,97.88235294117646,,False,,0.0,4.318,2.903849e-07,0.2903849,0.0,4.261,2.105918e-07,0.2105918,0.0,4.164,4.477729e-05,44.77729,0.0,4.23,3.147087e-07,0.3147087,0.8156862745098039,3.553,3.33226e-05,33.3226,0.0,4.329,5.17072e-06,5.17072,0.0,3.995,2.555331e-05,25.55331,0.0,4.294,6.983621e-07,0.6983621
27,27,9.18964441e-05,91.8964441,0,1,97.88235294117646,,False,,0.0,4.318,2.886287e-07,0.2886287,0.0,4.261,5.338721e-05,53.38721,0.0,4.164,2.102969e-06,2.102969,0.8156862745098039,3.841,2.136096e-05,21.36096,0.0,3.977,1.56221e-06,1.56221,0.0,4.329,1.169109e-05,11.69109,0.0,3.995,3.343694e-07,0.3343694,0.0,4.294,1.169007e-06,1.169007
28,28,9.36360442e-05,93.6360442,0,1,81.88235294117646,,False,,0.0,4.318,2.778519e-07,0.2778519,0.0,4.261,2.023487e-07,0.2023487,0.0,4.164,3.694919e-05,36.94919,0.0,4.23,2.22988e-07,0.222988,0.6823529411764705,3.594,2.825138e-05,28.25138,0.0,4.329,4.906509e-06,4.906509,0.0,3.995,2.208974e-05,22.08974,0.0,4.294,7.360366e-07,0.7360366
29,29,7.75045745e-05,77.5045745,0,1,81.88235294117646,,False,,0.0,4.318,2.822163e-07,0.2822163,0.0,4.261,4.529375e-05,45.29375,0.0,4.164,2.062908e-06,2.062908,0.6823529411764705,3.877,1.782155e-05,17.82155,0.0,3.977,1.513003e-06,1.513003,0.0,4.329,9.06994e-06,9.06994,0.0,3.995,3.065992e-07,0.3065992,0.0,4.294,1.154608e-06,1.154608
30,30,9.43335854e-05,94.3335854,0,1,82.82352941176471,,False,,0.0,4.318,2.771149e-07,0.2771149,0.0,4.261,2.037327e-07,0.2037327,0.0,4.164,3.732859e-05,37.32859,0.0,4.23,2.210479e-07,0.2210479,0.6901960784313725,3.592,2.843667e-05,28.43667,0.0,4.329,4.911215e-06,4.911214999999999,0.0,3.995,2.22202e-05,22.2202,0.0,4.294,7.350149e-07,0.7350149
31,31,7.82638349e-05,78.26383489999999,0,1,82.82352941176471,,False,,0.0,4.318,2.818403e-07,0.2818403,0.0,4.261,4.574996e-05,45.74996,0.0,4.164,2.066035e-06,2.0660350000000003,0.6901960784313725,3.875,1.79728e-05,17.9728,0.0,3.977,1.518322e-06,1.518322,0.0,4.329,9.207168e-06,9.207168,0.0,3.995,3.090476e-07,0.3090476,0.0,4.294,1.158662e-06,1.158662
32,32,0.0001015004811999,101.5004812,0,1,88.94117647058823,,False,,0.0,4.318,2.854876e-07,0.2854875999999999,0.0,4.261,2.04177e-07,0.204177,0.0,4.164,4.058168e-05,40.58168,0.0,4.23,2.658255e-07,0.2658255,0.7411764705882352,3.575,3.067716e-05,30.67716,0.0,4.329,5.02204e-06,5.02204,0.0,3.995,2.373193e-05,23.73193,0.0,4.294,7.321811e-07,0.7321811
33,33,8.411075520000001e-05,84.1107552,0,1,88.94117647058823,,False,,0.0,4.318,2.905768e-07,0.2905767999999999,0.0,4.261,4.899702e-05,48.99702,0.0,4.164,2.083269e-06,2.083269,0.7411764705882352,3.86,1.94795e-05,19.4795,0.0,3.977,1.539329e-06,1.539329,0.0,4.329,1.024596e-05,10.24596,0.0,3.995,3.183644e-07,0.3183644,0.0,4.294,1.156736e-06,1.156736
34,34,0.0001314577561,131.45775609999998,0,1,117.6470588235294,,False,,0.0,4.318,3.075787e-07,0.3075787,0.0,4.261,2.178799e-07,0.2178799,0.0,4.164,5.476152e-05,54.76152,0.0,4.23,4.430194e-07,0.4430194,0.980392156862745,3.504,3.979765e-05,39.79765,0.0,4.329,5.452589e-06,5.452589,0.0,3.995,2.981629e-05,29.81629,0.0,4.294,6.612291e-07,0.6612291
35,35,0.0001102727918999,110.2727919,0,1,117.6470588235294,,False,,0.0,4.318,2.937022e-07,0.2937021999999999,0.0,4.261,6.35101e-05,63.5101,0.0,4.164,2.139848e-06,2.139848,0.980392156862745,3.797,2.599692e-05,25.99692,0.0,3.977,1.623712e-06,1.6237119999999998,0.0,4.329,1.513464e-05,15.13464,0.0,3.995,3.773387e-07,0.3773387,0.0,4.294,1.196531e-06,1.196531
36,36,0.0001026587702999,102.6587703,0,1,90.35294117647058,,False,,0.0,4.318,2.864221e-07,0.2864221,0.0,4.261,2.063661e-07,0.2063661,0.0,4.164,4.112401e-05,41.124010000000006,0.0,4.23,2.69822e-07,0.269822,0.7529411764705882,3.572,3.099878e-05,30.99878,0.0,4.329,5.048839e-06,5.048839,0.0,3.995,2.399421e-05,23.99421,0.0,4.294,7.303211e-07,0.7303211000000001
37,37,8.53194967e-05,85.3194967,0,1,90.35294117647058,,False,,0.0,4.318,2.923037e-07,0.2923037,0.0,4.261,4.966367e-05,49.66367,0.0,4.164,2.0861e-06,2.0861,0.7529411764705882,3.857,1.978827e-05,19.78827,0.0,3.977,1.541375e-06,1.541375,0.0,4.329,1.046308e-05,10.46308,0.0,3.995,3.22723e-07,0.322723,0.0,4.294,1.161975e-06,1.161975
38,38,7.22223696e-05,72.2223696,0,1,62.58823529411765,,False,,0.0,4.318,2.592329e-07,0.2592329,0.0,4.261,1.915292e-07,0.1915292,0.0,4.164,2.714565e-05,27.14565,0.0,4.23,1.184884e-07,0.1184884,0.5215686274509804,3.649,2.169298e-05,21.69298,0.0,4.329,4.515525e-06,4.515525,0.0,3.995,1.751171e-05,17.51171,0.0,4.294,7.872541e-07,0.7872541
39,39,0.0001009433559,100.9433559,0,1,116.23529411764704,,False,,0.0,4.318,3.589244e-07,0.3589244,0.0,4.261,5.608588e-07,0.5608588000000001,0.968627450980392,3.734,4.337314e-05,43.37314,0.0,4.23,5.040627e-07,0.5040627,0.0,3.977,2.340931e-05,23.40931,0.0,4.329,1.658537e-06,1.6585370000000002,0.0,3.995,2.958777e-05,29.58777,0.0,4.294,1.490753e-06,1.490753
40,40,5.945110299999999e-05,59.45110299999999,0,1,62.58823529411765,,False,,0.0,4.318,2.755394e-07,0.2755394,0.0,4.261,3.503632e-05,35.03632,0.0,4.164,1.986396e-06,1.986396,0.5215686274509804,3.926,1.331355e-05,13.31355,0.0,3.977,1.437002e-06,1.437002,0.0,4.329,5.997397e-06,5.997396999999999,0.0,3.995,2.715816e-07,0.2715816,0.0,4.294,1.133317e-06,1.133317
41,41,5.445157764e-05,54.45157764,0,1,46.11764705882353,,False,,0.0,4.318,2.410041e-07,0.2410041,0.0,4.261,1.79473e-07,0.179473,0.0,4.164,1.923048e-05,19.23048,0.0,4.23,5.418084e-08,0.05418084,0.3843137254901961,3.699,1.619145e-05,16.19145,0.0,4.329,4.126923e-06,4.126923,0.0,3.995,1.360003e-05,13.60003,0.0,4.294,8.280367e-07,0.8280367
42,42,0.0001137486185,113.7486185,0,1,116.23529411764704,,False,,0.0,4.318,1.217602e-06,1.217602,0.968627450980392,3.837,5.856141e-05,58.56141,0.0,4.164,2.776104e-06,2.776104,0.0,4.23,2.912583e-05,29.12583,0.0,3.977,1.924372e-06,1.924372,0.0,4.329,1.855877e-05,18.55877,0.0,3.995,4.273595e-07,0.4273595,0.0,4.294,1.157171e-06,1.157171
43,43,9.96995013e-05,99.6995013,0,1,112.4705882352941,,False,,0.0,4.318,3.58964e-07,0.358964,0.0,4.261,5.551235e-07,0.5551235,0.9372549019607842,3.737,4.272702e-05,42.72702,0.0,4.23,4.931738e-07,0.4931738,0.0,3.977,2.312645e-05,23.12645,0.0,4.329,1.666812e-06,1.666812,0.0,3.995,2.92776e-05,29.2776,0.0,4.294,1.494358e-06,1.494358
44,44,4.61616065e-05,46.161606500000005,0,1,46.11764705882353,,False,,0.0,4.318,2.663973e-07,0.2663973,0.0,4.261,2.726171e-05,27.26171,0.0,4.164,1.933328e-06,1.933328,0.3843137254901961,3.966,1.003805e-05,10.03805,0.0,3.977,1.374777e-06,1.374777,0.0,4.329,3.895064e-06,3.895064,0.0,3.995,2.572162e-07,0.2572162,0.0,4.294,1.135064e-06,1.135064
45,45,4.881334913e-05,48.81334912999999,0,2,40.47058823529412,,False,,0.0,4.318,2.364818e-07,0.2364818,0.0,4.261,1.732922e-07,0.1732922,0.0,4.164,1.673453e-05,16.73453,0.0,4.23,3.867653e-08,0.03867653,0.3372549019607843,3.716,1.448398e-05,14.48398,0.0,4.329,3.977613e-06,3.977613,0.0,3.995,1.231577e-05,12.31577,0.0,4.294,8.530056e-07,0.8530056
46,46,0.0001099061622,109.9061622,0,2,112.4705882352941,,False,,0.0,4.318,1.180244e-06,1.180244,0.9372549019607842,3.846,5.667946e-05,56.67946,0.0,4.164,2.752815e-06,2.752815,0.0,4.23,2.80652e-05,28.0652,0.0,3.977,1.892569e-06,1.892569,0.0,4.329,1.775695e-05,17.75695,0.0,3.995,4.239922e-07,0.4239922,0.0,4.294,1.154932e-06,1.154932
47,47,3.91506117e-05,39.1506117,0,1,40.47058823529412,,False,,0.0,4.318,2.590567e-07,0.2590567,0.0,4.261,2.310576e-05,23.10576,0.0,4.164,1.892065e-06,1.892065,0.3372549019607843,3.989,8.322692e-06,8.322692,0.0,3.977,1.332871e-06,1.332871,0.0,4.329,2.870136e-06,2.870136,0.0,3.995,2.4731e-07,0.24731,0.0,4.294,1.120721e-06,1.120721
48,48,4.6560753059999993e-05,46.56075306,0,1,38.58823529411765,,False,,0.0,4.318,2.345416e-07,0.2345416,0.0,4.261,1.715932e-07,0.1715932,0.0,4.164,1.574534e-05,15.74534,0.0,4.23,3.316806e-08,0.03316806,0.3215686274509804,3.723,1.378021e-05,13.78021,0.0,4.329,3.928308e-06,3.928308,0.0,3.995,1.180573e-05,11.80573,0.0,4.294,8.618622e-07,0.8618621999999999
49,49,0.0001017050429,101.7050429,0,1,115.29411764705884,,False,,0.0,4.318,3.610486e-07,0.3610486,0.0,4.261,5.643819e-07,0.5643819,0.9607843137254904,3.732,4.374857e-05,43.74857,0.0,4.23,5.148174e-07,0.5148174000000001,0.0,3.977,2.350321e-05,23.50321,0.0,4.329,1.641428e-06,1.641428,0.0,3.995,2.988095e-05,29.88095,0.0,4.294,1.490637e-06,1.490637
50,50,3.83426692e-05,38.3426692,0,1,38.58823529411765,,False,,0.0,4.318,2.542223e-07,0.2542223,0.0,4.261,2.265921e-05,22.65921,0.0,4.164,1.884174e-06,1.884174,0.3215686274509804,3.992,8.107033e-06,8.107033000000001,0.0,3.977,1.326468e-06,1.3264680000000002,0.0,4.329,2.757522e-06,2.7575220000000003,0.0,3.995,2.437469e-07,0.2437468999999999,0.0,4.294,1.110293e-06,1.110293
51,51,6.310659002e-05,63.10659002,0,1,54.11764705882352,,False,,0.0,4.318,2.500478e-07,0.2500478,0.0,4.261,1.860408e-07,0.1860408,0.0,4.164,2.300592e-05,23.00592,0.0,4.23,8.255882e-08,0.08255882,0.4509803921568627,3.674,1.889443e-05,18.89443,0.0,4.329,4.327886e-06,4.327886,0.0,3.995,1.554309e-05,15.54309,0.0,4.294,8.166166e-07,0.8166166
52,52,0.0001134047997,113.4047997,0,1,115.29411764705884,,False,,0.0,4.318,1.200689e-06,1.200689,0.9607843137254904,3.839,5.85322e-05,58.5322,0.0,4.164,2.76797e-06,2.76797,0.0,4.23,2.901811e-05,29.01811,0.0,3.977,1.920538e-06,1.920538,0.0,4.329,1.836787e-05,18.36787,0.0,3.995,4.327297e-07,0.4327297,0.0,4.294,1.164693e-06,1.164693
53,53,5.2930229600000006e-05,52.9302296,0,1,54.11764705882352,,False,,0.0,4.318,2.743574e-07,0.2743574,0.0,4.261,3.120253e-05,31.20253,0.0,4.164,1.970751e-06,1.970751,0.4509803921568627,3.945,1.174058e-05,11.74058,0.0,3.977,1.410634e-06,1.410634,0.0,4.329,4.92588e-06,4.92588,0.0,3.995,2.663112e-07,0.2663112,0.0,4.294,1.139186e-06,1.139186
54,54,0.0001104240921,110.4240921,0,1,97.41176470588236,,False,,0.0,4.318,2.946188e-07,0.2946188,0.0,4.261,2.080303e-07,0.2080303,0.0,4.164,4.480291e-05,44.80291,0.0,4.23,3.089052e-07,0.3089052,0.8117647058823529,3.553,3.330928e-05,33.30928,0.0,4.329,5.175851e-06,5.175851,0.0,3.995,2.561914e-05,25.61914,0.0,4.294,7.053568e-07,0.7053568
55,55,9.19212964e-05,91.9212964,0,1,97.41176470588236,,False,,0.0,4.318,2.915776e-07,0.2915776,0.0,4.261,5.336184e-05,53.36184,0.0,4.164,2.103015e-06,2.103015,0.8117647058823529,3.841,2.142553e-05,21.42553,0.0,3.977,1.571079e-06,1.571079,0.0,4.329,1.165806e-05,11.65806,0.0,3.995,3.356788e-07,0.3356788,0.0,4.294,1.174516e-06,1.174516
56,56,0.0001023477979,102.3477979,0,1,89.88235294117646,,False,,0.0,4.318,2.876739e-07,0.2876739,0.0,4.261,2.048265e-07,0.2048265,0.0,4.164,4.093383e-05,40.93383,0.0,4.23,2.683585e-07,0.2683585,0.7490196078431371,3.573,3.09427e-05,30.9427,0.0,4.329,5.0445e-06,5.044499999999999,0.0,3.995,2.392662e-05,23.92662,0.0,4.294,7.39289e-07,0.739289
57,57,8.38463846e-05,83.84638460000001,0,1,89.88235294117646,,False,,0.0,4.318,2.900189e-07,0.2900188999999999,0.0,4.261,4.883656e-05,48.836560000000006,0.0,4.164,2.083775e-06,2.083775,0.7490196078431371,3.861,1.94102e-05,19.4102,0.0,3.977,1.540322e-06,1.540322,0.0,4.329,1.019604e-05,10.19604,0.0,3.995,3.203537e-07,0.3203537,0.0,4.294,1.169115e-06,1.169115
58,58,0.0001199982239,119.9982239,0,1,106.8235294117647,,False,,0.0,4.318,3.021155e-07,0.3021155,0.0,4.261,2.112515e-07,0.2112515,0.0,4.164,4.924503e-05,49.24503,0.0,4.23,3.747178e-07,0.3747178,0.8901960784313725,3.531,3.632412e-05,36.32412,0.0,4.329,5.317384e-06,5.317384,0.0,3.995,2.752483e-05,27.52483,0.0,4.294,6.987751e-07,0.6987751
59,59,0.0001002296799,100.2296799,0,2,106.8235294117647,,False,,0.0,4.318,2.928807e-07,0.2928807,0.0,4.261,5.801376e-05,58.01376,0.0,4.164,2.1276e-06,2.1276,0.8901960784313725,3.821,2.348008e-05,23.48008,0.0,3.977,1.59925e-06,1.59925,0.0,4.329,1.317959e-05,13.17959,0.0,3.995,3.548502e-07,0.3548502,0.0,4.294,1.181669e-06,1.181669
60,60,9.68634487e-05,96.8634487,0,1,84.70588235294117,,False,,0.0,4.318,2.825058e-07,0.2825058,0.0,4.261,2.029545e-07,0.2029544999999999,0.0,4.164,3.846241e-05,38.46241,0.0,4.23,2.383149e-07,0.2383149,0.7058823529411764,3.586,2.922445e-05,29.22445,0.0,4.329,4.980536e-06,4.980536,0.0,3.995,2.273336e-05,22.73336,0.0,4.294,7.389175e-07,0.7389175
61,61,8.01998267e-05,80.1998267,0,1,84.70588235294117,,False,,0.0,4.318,2.870057e-07,0.2870057,0.0,4.261,4.67881e-05,46.7881,0.0,4.164,2.075282e-06,2.075282,0.7058823529411764,3.87,1.850391e-05,18.50391,0.0,3.977,1.528592e-06,1.528592,0.0,4.329,9.541784e-06,9.541784,0.0,3.995,3.13022e-07,0.3130219999999999,0.0,4.294,1.162131e-06,1.162131
62,62,0.0001178288432,117.8288432,0,1,104.0,,False,,0.0,4.318,2.991186e-07,0.2991186,0.0,4.261,2.108659e-07,0.2108659,0.0,4.164,4.825073e-05,48.25073,0.0,4.23,3.593808e-07,0.3593808,0.8666666666666667,3.536,3.56594e-05,35.6594,0.0,4.329,5.273188e-06,5.273188,0.0,3.995,2.708059e-05,27.08059,0.0,4.294,6.955699e-07,0.6955699000000001
63,63,9.81444739e-05,98.1444739,0,1,104.0,,False,,0.0,4.318,2.96101e-07,0.296101,0.0,4.261,5.684037e-05,56.84037,0.0,4.164,2.120318e-06,2.120318,0.8666666666666667,3.826,2.297953e-05,22.97953,0.0,3.977,1.587317e-06,1.587317,0.0,4.329,1.278721e-05,12.78721,0.0,3.995,3.497149e-07,0.3497149,0.0,4.294,1.183913e-06,1.183913
64,64,8.49856318e-05,84.9856318,0,1,73.88235294117648,,False,,0.0,4.318,2.720477e-07,0.2720477,0.0,4.261,1.96613e-07,0.1966129999999999,0.0,4.164,3.296177e-05,32.96177,0.0,4.23,1.774747e-07,0.1774746999999999,0.615686274509804,3.616,2.561505e-05,25.61505,0.0,4.329,4.753835e-06,4.753835,0.0,3.995,2.024131e-05,20.24131,0.0,4.294,7.675314e-07,0.7675314000000001
65,65,6.92129143e-05,69.2129143,0,1,73.88235294117648,,False,,0.0,4.318,2.855004e-07,0.2855004,0.0,4.261,4.05782e-05,40.5782,0.0,4.164,2.036784e-06,2.036784,0.615686274509804,3.899,1.576842e-05,15.76842,0.0,3.977,1.482677e-06,1.482677,0.0,4.329,7.622106e-06,7.622106,0.0,3.995,2.926349e-07,0.2926349,0.0,4.294,1.146592e-06,1.146592
66,66,5.685811269000001e-05,56.85811269,0,1,48.47058823529412,,False,,0.0,4.318,2.457195e-07,0.2457194999999999,0.0,4.261,1.803078e-07,0.1803078,0.0,4.164,2.025063e-05,20.25063,0.0,4.23,6.234409e-08,0.06234409,0.403921568627451,3.692,1.699189e-05,16.991889999999998,0.0,4.329,4.176683e-06,4.176683000000001,0.0,3.995,1.411434e-05,14.11434,0.0,4.294,8.361983e-07,0.8361983000000001
67,67,4.80658131e-05,48.0658131,0,1,48.47058823529412,,False,,0.0,4.318,2.694487e-07,0.2694487,0.0,4.261,2.839372e-05,28.39372,0.0,4.164,1.94287e-06,1.94287,0.403921568627451,3.96,1.050845e-05,10.50845,0.0,3.977,1.383113e-06,1.383113,0.0,4.329,4.178988e-06,4.178988,0.0,3.995,2.583074e-07,0.2583073999999999,0.0,4.294,1.130916e-06,1.130916
68,68,4.141834615e-05,41.41834615,0,1,34.35294117647058,,False,,0.0,4.318,2.29084e-07,0.2290839999999999,0.0,4.261,1.670263e-07,0.1670263,0.0,4.164,1.352511e-05,13.52511,0.0,4.23,2.271655e-08,0.02271655,0.2862745098039215,3.74,1.21989e-05,12.1989,0.0,4.329,3.773095e-06,3.773095,0.0,3.995,1.062508e-05,10.62508,0.0,4.294,8.773343e-07,0.8773343
69,69,9.8808772e-05,98.808772,0,1,112.0,,False,,0.0,4.318,3.570673e-07,0.3570673,0.0,4.261,5.54822e-07,0.554822,0.9333333333333332,3.739,4.243178e-05,42.43178,0.0,4.23,4.886027e-07,0.4886027,0.0,3.977,2.282485e-05,22.82485,0.0,4.329,1.652639e-06,1.6526390000000002,0.0,3.995,2.901768e-05,29.01768,0.0,4.294,1.481331e-06,1.481331
70,70,3.27508468e-05,32.7508468,0,1,34.35294117647058,,False,,0.0,4.318,2.503621e-07,0.2503621,0.0,4.261,1.927923e-05,19.27923,0.0,4.164,1.838244e-06,1.838244,0.2862745098039215,4.012,6.741806e-06,6.741806,0.0,3.977,1.292011e-06,1.292011,0.0,4.329,2.007094e-06,2.007094,0.0,3.995,2.372027e-07,0.2372027,0.0,4.294,1.104897e-06,1.104897
71,71,3.479127219e-05,34.791272189999994,0,1,28.70588235294117,,False,,0.0,4.318,2.199783e-07,0.2199783,0.0,4.261,1.622016e-07,0.1622016,0.0,4.164,1.072483e-05,10.72483,0.0,4.23,1.230549e-08,0.01230549,0.2392156862745098,3.763,1.013509e-05,10.13509,0.0,4.329,3.587347e-06,3.5873470000000003,0.0,3.995,9.067466e-06,9.067466,0.0,4.294,8.820538e-07,0.8820538
72,72,0.0001084589852999,108.4589853,0,1,112.0,,False,,0.0,4.318,1.181631e-06,1.181631,0.9333333333333332,3.848,5.580899e-05,55.80899,0.0,4.164,2.76574e-06,2.76574,0.0,4.23,2.76791e-05,27.6791,0.0,3.977,1.881086e-06,1.881086,0.0,4.329,1.756695e-05,17.56695,0.0,3.995,4.230853e-07,0.4230853,0.0,4.294,1.152403e-06,1.152403
73,73,2.7452505e-05,27.452505,0,1,28.70588235294117,,False,,0.0,4.318,2.373241e-07,0.2373241,0.0,4.261,1.604462e-05,16.044620000000002,0.0,4.164,1.803164e-06,1.803164,0.2392156862745098,4.033,5.442281e-06,5.442281,0.0,3.977,1.250329e-06,1.250329,0.0,4.329,1.344929e-06,1.344929,0.0,3.995,2.341159e-07,0.2341159,0.0,4.294,1.095742e-06,1.095742
74,74,0.0001007739552,100.77395520000002,0,1,114.8235294117647,,False,,0.0,4.318,3.585865e-07,0.3585865,0.0,4.261,5.619468e-07,0.5619468,0.9568627450980391,3.734,4.333944e-05,43.33944,0.0,4.23,5.050729e-07,0.5050729,0.0,3.977,2.329996e-05,23.29996,0.0,4.329,1.65449e-06,1.65449,0.0,3.995,2.956685e-05,29.56685,0.0,4.294,1.487609e-06,1.487609
75,75,4.087777321e-05,40.87777321,0,1,33.88235294117646,,False,,0.0,4.318,2.264056e-07,0.2264056,0.0,4.261,1.686335e-07,0.1686335,0.0,4.164,1.326461e-05,13.26461,0.0,4.23,1.973711e-08,0.01973711,0.2823529411764705,3.742,1.205667e-05,12.05667,0.0,4.329,3.768957e-06,3.768957,0.0,3.995,1.050954e-05,10.50954,0.0,4.294,8.6322e-07,0.86322
76,76,0.0001108846282999,110.8846283,0,1,114.8235294117647,,False,,0.0,4.318,1.2023e-06,1.2023,0.9568627450980391,3.843,5.716266e-05,57.16266,0.0,4.164,2.765552e-06,2.765552,0.0,4.23,2.831831e-05,28.31831,0.0,3.977,1.902342e-06,1.902342,0.0,4.329,1.795799e-05,17.95799,0.0,3.995,4.207373e-07,0.4207373,0.0,4.294,1.154737e-06,1.154737
77,77,3.33403343e-05,33.340334299999995,0,1,33.88235294117646,,False,,0.0,4.318,2.511333e-07,0.2511333,0.0,4.261,1.963625e-05,19.63625,0.0,4.164,1.846176e-06,1.846176,0.2823529411764705,4.01,6.893934e-06,6.893934,0.0,3.977,1.289187e-06,1.289187,0.0,4.329,2.086232e-06,2.086232,0.0,3.995,2.38258e-07,0.238258,0.0,4.294,1.099164e-06,1.099164
78,78,5.506857898e-05,55.06857898,0,1,47.05882352941176,,False,,0.0,4.318,2.425863e-07,0.2425862999999999,0.0,4.261,1.803609e-07,0.1803609,0.0,4.164,1.949626e-05,19.49626,0.0,4.23,5.616418e-08,0.0561641799999999,0.3921568627450979,3.697,1.639406e-05,16.39406,0.0,4.329,4.143401e-06,4.143401,0.0,3.995,1.372434e-05,13.72434,0.0,4.294,8.314066e-07,0.8314066
0,79,4.60296701e-05,46.0296701,0,1,47.05882352941176,,False,explicit_power_anomaly_remeasure,0.0,4.318,2.661156e-07,0.2661155999999999,0.0,4.261,2.713519e-05,27.13519,0.0,4.164,1.961792e-06,1.961792,0.3921568627450979,3.966,1.001028e-05,10.01028,0.0,3.977,1.375857e-06,1.375857,0.0,4.329,3.918163e-06,3.918163,0.0,3.995,2.507005e-07,0.2507005,0.0,4.294,1.111572e-06,1.111572
80,80,8.21169502e-05,82.1169502,0,1,72.0,,False,,0.0,4.318,2.681239e-07,0.2681239,0.0,4.261,1.967314e-07,0.1967314,0.0,4.164,3.164396e-05,31.64396,0.0,4.23,1.639605e-07,0.1639605,0.6,3.623,2.473327e-05,24.73327,0.0,4.329,4.694495e-06,4.694495,0.0,3.995,1.964562e-05,19.64562,0.0,4.294,7.707894e-07,0.7707894
81,81,6.773704829999999e-05,67.7370483,0,1,72.0,,False,,0.0,4.318,2.757489e-07,0.2757489,0.0,4.261,3.976157e-05,39.76157,0.0,4.164,2.027663e-06,2.027663,0.6,3.903,1.538119e-05,15.38119,0.0,3.977,1.474247e-06,1.474247,0.0,4.329,7.387217e-06,7.387217,0.0,3.995,2.881384e-07,0.2881384,0.0,4.294,1.141274e-06,1.141274
82,82,0.0001175018399,117.5018399,0,1,105.41176470588236,,False,,0.0,4.318,2.969736e-07,0.2969735999999999,0.0,4.261,2.12717e-07,0.212717,0.0,4.164,4.815869e-05,48.15869,0.0,4.23,3.557873e-07,0.3557873,0.8784313725490196,3.536,3.544194e-05,35.44194,0.0,4.329,5.256206e-06,5.256206000000001,0.0,3.995,2.709112e-05,27.09112,0.0,4.294,6.88406e-07,0.688406
83,83,9.81794688e-05,98.1794688,0,1,105.41176470588236,,False,,0.0,4.318,2.887927e-07,0.2887926999999999,0.0,4.261,5.689467e-05,56.89467,0.0,4.164,2.119467e-06,2.119467,0.8784313725490196,3.826,2.293848e-05,22.93848,0.0,3.977,1.584289e-06,1.5842889999999998,0.0,4.329,1.283177e-05,12.83177,0.0,3.995,3.483121e-07,0.3483121,0.0,4.294,1.173688e-06,1.173688
84,84,0.0001265904865,126.5904865,0,1,114.35294117647057,,False,,0.0,4.318,3.047079e-07,0.3047079,0.0,4.261,2.160266e-07,0.2160266,0.0,4.164,5.237527e-05,52.37527,0.0,4.23,4.171292e-07,0.4171292,0.952941176470588,3.515,3.830401e-05,38.30401,0.0,4.329,5.396413e-06,5.396413,0.0,3.995,2.88976e-05,28.8976,0.0,4.294,6.793298e-07,0.6793298
85,85,8.254832570000001e-05,82.54832569999999,0,1,95.05882352941174,,False,,0.0,4.318,3.361733e-07,0.3361732999999999,0.0,4.261,4.930398e-07,0.4930398,0.7921568627450978,3.779,3.462205e-05,34.62205,0.0,4.23,3.590146e-07,0.3590146,0.0,3.977,1.913858e-05,19.13858,0.0,4.329,1.728906e-06,1.728906,0.0,3.995,2.443435e-05,24.43435,0.0,4.294,1.436212e-06,1.436212
86,86,0.0001055212217999,105.5212218,0,1,114.35294117647057,,False,,0.0,4.318,2.984808e-07,0.2984808,0.0,4.261,6.088679e-05,60.88679,0.0,4.164,2.137353e-06,2.137353,0.952941176470588,3.808,2.479907e-05,24.79907,0.0,3.977,1.605788e-06,1.605788,0.0,4.329,1.425151e-05,14.25151,0.0,3.995,3.62989e-07,0.362989,0.0,4.294,1.179241e-06,1.179241
87,87,3.819015031e-05,38.19015031,0,1,32.0,,False,,0.0,4.318,2.235837e-07,0.2235837,0.0,4.261,1.642321e-07,0.1642321,0.0,4.164,1.214154e-05,12.14154,0.0,4.23,1.693451e-08,0.01693451,0.2666666666666666,3.751,1.121869e-05,11.21869,0.0,4.329,3.669417e-06,3.669417,0.0,3.995,9.874891e-06,9.874891,0.0,4.294,8.80862e-07,0.880862
88,88,9.13928518e-05,91.3928518,0,1,95.05882352941174,,False,,0.0,4.318,1.056994e-06,1.056994,0.7921568627450978,3.887,4.707816e-05,47.07816,0.0,4.164,2.671185e-06,2.6711850000000004,0.0,4.23,2.312593e-05,23.12593,0.0,3.977,1.733257e-06,1.733257,0.0,4.329,1.419093e-05,14.19093,0.0,3.995,4.004548e-07,0.4004548,0.0,4.294,1.135941e-06,1.135941
89,89,7.12561051e-05,71.2561051,0,1,82.35294117647057,,False,,0.0,4.318,3.189502e-07,0.3189502,0.0,4.261,4.503866e-07,0.4503866,0.6862745098039214,3.808,2.929877e-05,29.29877,0.0,4.23,2.758663e-07,0.2758663,0.0,3.977,1.652109e-05,16.52109,0.0,4.329,1.760671e-06,1.760671,0.0,3.995,2.12301e-05,21.2301,0.0,4.294,1.400271e-06,1.400271
90,90,3.09086335e-05,30.9086335,0,1,32.0,,False,,0.0,4.318,2.419786e-07,0.2419786,0.0,4.261,1.816978e-05,18.16978,0.0,4.164,1.826627e-06,1.826627,0.2666666666666666,4.019,6.289015e-06,6.289015,0.0,3.977,1.27013e-06,1.27013,0.0,4.329,1.777996e-06,1.777996,0.0,3.995,2.336569e-07,0.2336569,0.0,4.294,1.09945e-06,1.0994499999999998
91,91,1.115820357e-05,11.15820357,0,1,7.529411764705872,,False,,0.0,4.318,1.82449e-07,0.182449,0.0,4.261,1.24977e-07,0.1249769999999999,0.0,4.164,1.610212e-06,1.610212,0.0,4.23,7.333197e-08,0.07333197,0.0627450980392156,3.878,2.767254e-06,2.7672540000000003,0.0,4.329,2.560857e-06,2.5608570000000004,0.0,3.995,2.87266e-06,2.87266,0.0,4.294,9.664626e-07,0.9664626
92,92,7.81727535e-05,78.1727535,0,1,82.35294117647057,,False,,0.0,4.318,9.592552e-07,0.9592552,0.6862745098039214,3.918,4.025046e-05,40.25046,0.0,4.164,2.608693e-06,2.608693,0.0,4.23,1.95079e-05,19.5079,0.0,3.977,1.622434e-06,1.622434,0.0,4.329,1.171575e-05,11.71575,0.0,3.995,3.840933e-07,0.3840933,0.0,4.294,1.124168e-06,1.1241679999999998
93,93,7.27083654e-05,72.70836539999999,0,1,84.23529411764706,,False,,0.0,4.318,3.221233e-07,0.3221233,0.0,4.261,4.560162e-07,0.4560162,0.7019607843137254,3.804,2.996154e-05,29.96154,0.0,4.23,2.909279e-07,0.2909278999999999,0.0,3.977,1.683849e-05,16.83849,0.0,4.329,1.755676e-06,1.755676,0.0,3.995,2.167353e-05,21.67353,0.0,4.294,1.410062e-06,1.410062
94,94,6.9943896e-06,6.9943896,0,1,7.529411764705872,,False,,0.0,4.318,1.871602e-07,0.1871602,0.0,4.261,2.272079e-06,2.272079,0.0,4.164,1.507163e-06,1.507163,0.0627450980392156,4.163,4.891728e-07,0.4891728,0.0,3.977,1.01332e-06,1.01332,0.0,4.329,2.29089e-07,0.229089,0.0,3.995,2.439276e-07,0.2439276,0.0,4.294,1.052478e-06,1.0524779999999998
95,95,1.5674759849999998e-05,15.67475985,0,1,11.764705882352928,,False,,0.0,4.318,1.91629e-07,0.191629,0.0,4.261,1.35546e-07,0.135546,0.0,4.164,3.131976e-06,3.131976,0.0,4.23,4.066025e-08,0.04066025,0.0980392156862744,3.848,4.198252e-06,4.198251999999999,0.0,4.329,2.826885e-06,2.8268850000000003,0.0,3.995,4.196393e-06,4.1963930000000005,0.0,4.294,9.534186e-07,0.9534186
96,96,7.99063837e-05,79.90638369999999,0,1,84.23529411764706,,False,,0.0,4.318,9.704432e-07,0.9704432,0.7019607843137254,3.914,4.120555e-05,41.20555,0.0,4.164,2.610985e-06,2.610985,0.0,4.23,1.996953e-05,19.96953,0.0,3.977,1.642996e-06,1.642996,0.0,4.329,1.199566e-05,11.99566,0.0,3.995,3.856415e-07,0.3856414999999999,0.0,4.294,1.125578e-06,1.1255780000000002
97,97,1.328639413e-05,13.28639413,0,1,11.764705882352928,,False,,0.0,4.318,2.133083e-07,0.2133083,0.0,4.261,6.944624e-06,6.944624,0.0,4.164,1.643878e-06,1.6438780000000002,0.0980392156862744,4.105,1.987544e-06,1.987544,0.0,3.977,1.117266e-06,1.117266,0.0,4.329,7.736653e-08,0.07736653,0.0,3.995,2.299683e-07,0.2299683,0.0,4.294,1.072439e-06,1.072439
98,98,7.21002718e-05,72.1002718,0,1,83.76470588235294,,False,,0.0,4.318,3.216428e-07,0.3216428,0.0,4.261,4.517736e-07,0.4517736,0.6980392156862745,3.806,2.97082e-05,29.7082,0.0,4.23,2.825434e-07,0.2825434,0.0,3.977,1.669768e-05,16.69768,0.0,4.329,1.760484e-06,1.760484,0.0,3.995,2.147382e-05,21.47382,0.0,4.294,1.404128e-06,1.404128
99,99,1.499624988e-05,14.99624988,0,1,11.29411764705882,,False,,0.0,4.318,1.902476e-07,0.1902476,0.0,4.261,1.344913e-07,0.1344913,0.0,4.164,2.897135e-06,2.897135,0.0,4.23,4.406598e-08,0.04406598,0.0941176470588235,3.852,3.978382e-06,3.978382,0.0,4.329,2.794063e-06,2.794063,0.0,3.995,4.00592e-06,4.00592,0.0,4.294,9.51945e-07,0.951945
100,100,7.8994199e-05,78.994199,0,1,83.76470588235294,,False,,0.0,4.318,9.609258e-07,0.9609258,0.6980392156862745,3.916,4.072053e-05,40.72053,0.0,4.164,2.600231e-06,2.600231,0.0,4.23,1.974878e-05,19.74878,0.0,3.977,1.626376e-06,1.626376,0.0,4.329,1.183394e-05,11.83394,0.0,3.995,3.834312e-07,0.3834311999999999,0.0,4.294,1.119985e-06,1.119985
101,101,7.31315889e-05,73.1315889,0,1,85.17647058823529,,False,,0.0,4.318,3.23517e-07,0.323517,0.0,4.261,4.570948e-07,0.4570948,0.7098039215686274,3.803,3.019008e-05,30.19008,0.0,4.23,2.927251e-07,0.2927251,0.0,3.977,1.694428e-05,16.944280000000003,0.0,4.329,1.754688e-06,1.754688,0.0,3.995,2.176038e-05,21.76038,0.0,4.294,1.408824e-06,1.408824
102,102,1.160449193e-05,11.60449193,0,1,11.29411764705882,,False,,0.0,4.318,2.077176e-07,0.2077176,0.0,4.261,5.794845e-06,5.794845,0.0,4.164,1.607492e-06,1.607492,0.0941176470588235,4.117,1.585588e-06,1.585588,0.0,3.977,1.093223e-06,1.093223,0.0,4.329,2.350183e-08,0.02350183,0.0,3.995,2.286505e-07,0.2286505,0.0,4.294,1.063474e-06,1.063474
103,103,1.153495366e-05,11.53495366,0,1,7.999999999999991,,False,,0.0,4.318,1.835493e-07,0.1835493,0.0,4.261,1.268164e-07,0.1268164,0.0,4.164,1.73309e-06,1.73309,0.0,4.23,7.018796e-08,0.07018796,0.0666666666666666,3.875,2.883109e-06,2.883109,0.0,4.329,2.591411e-06,2.591411,0.0,3.995,2.983619e-06,2.983619,0.0,4.294,9.63171e-07,0.963171
1,104,8.080594730000001e-05,80.80594729999999,0,1,85.17647058823529,,False,explicit_power_anomaly_remeasure,0.0,4.318,9.570145e-07,0.9570145,0.7098039215686274,3.912,4.170722e-05,41.70722,0.0,4.164,2.61415e-06,2.6141500000000004,0.0,4.23,2.02279e-05,20.2279,0.0,3.977,1.640823e-06,1.640823,0.0,4.329,1.214872e-05,12.14872,0.0,3.995,3.843538e-07,0.3843537999999999,0.0,4.294,1.125766e-06,1.125766
105,105,9.70036119e-05,97.0036119,0,1,113.41176470588232,,False,,0.0,4.318,3.528041e-07,0.3528040999999999,0.0,4.261,5.485643e-07,0.5485643,0.945098039215686,3.743,4.155661e-05,41.55661,0.0,4.23,4.726525e-07,0.4726525,0.0,3.977,2.246683e-05,22.46683,0.0,4.329,1.669239e-06,1.669239,0.0,3.995,2.847548e-05,28.47548,0.0,4.294,1.461432e-06,1.4614319999999998
106,106,7.556544200000001e-06,7.556544199999999,0,1,7.999999999999991,,False,,0.0,4.318,1.894712e-07,0.1894712,0.0,4.261,2.768231e-06,2.768231,0.0,4.164,1.518061e-06,1.518061,0.0666666666666666,4.155,6.257951e-07,0.6257951,0.0,3.977,1.025264e-06,1.025264,0.0,4.329,1.443729e-07,0.1443729,0.0,3.995,2.39249e-07,0.239249,0.0,4.294,1.0461e-06,1.0461
107,107,8.16388279e-05,81.6388279,0,1,72.94117647058823,,False,,0.0,4.318,2.669239e-07,0.2669239,0.0,4.261,1.974577e-07,0.1974576999999999,0.0,4.164,3.148164e-05,31.48164,0.0,4.23,1.616749e-07,0.1616749,0.6078431372549019,3.624,2.454481e-05,24.54481,0.0,4.329,4.675289e-06,4.675289,0.0,3.995,1.955233e-05,19.55233,0.0,4.294,7.587024e-07,0.7587024
108,108,0.0001071433587,107.1433587,0,1,113.41176470588232,,False,,0.0,4.318,1.16461e-06,1.16461,0.945098039215686,3.851,5.518985e-05,55.18985,0.0,4.164,2.734958e-06,2.734958,0.0,4.23,2.735253e-05,27.35253,0.0,3.977,1.864688e-06,1.864688,0.0,4.329,1.728478e-05,17.284779999999998,0.0,3.995,4.153297e-07,0.4153297,0.0,4.294,1.136613e-06,1.136613
109,109,6.675757e-05,66.75757,0,1,72.94117647058823,,False,,0.0,4.318,2.748449e-07,0.2748449,0.0,4.261,3.918537e-05,39.18537,0.0,4.164,2.020624e-06,2.020624,0.6078431372549019,3.905,1.515685e-05,15.15685,0.0,3.977,1.4606e-06,1.4606,0.0,4.329,7.245662e-06,7.245662,0.0,3.995,2.818101e-07,0.2818101,0.0,4.294,1.131809e-06,1.1318089999999998
110,110,0.0001285636532,128.5636532,0,1,118.11764705882352,,False,,0.0,4.318,3.046289e-07,0.3046289,0.0,4.261,2.180796e-07,0.2180796,0.0,4.164,5.34232e-05,53.4232,0.0,4.23,4.314028e-07,0.4314028,0.984313725490196,3.51,3.887507e-05,38.87507,0.0,4.329,5.40157e-06,5.40157,0.0,3.995,2.92458e-05,29.2458,0.0,4.294,6.639019e-07,0.6639019
111,111,8.36419609e-05,83.6419609,0,1,97.88235294117646,,False,,0.0,4.318,3.368501e-07,0.3368501,0.0,4.261,4.955433e-07,0.4955433,0.8156862745098039,3.776,3.516821e-05,35.16821,0.0,4.23,3.691245e-07,0.3691244999999999,0.0,3.977,1.937464e-05,19.37464,0.0,4.329,1.721043e-06,1.721043,0.0,3.995,2.47466e-05,24.7466,0.0,4.294,1.42995e-06,1.42995
112,112,0.0001070845647,107.0845647,0,1,118.11764705882352,,False,,0.0,4.318,2.92632e-07,0.292632,0.0,4.261,6.169311e-05,61.69311,0.0,4.164,2.142578e-06,2.142578,0.984313725490196,3.804,2.519309e-05,25.19309,0.0,3.977,1.600494e-06,1.600494,0.0,4.329,1.462935e-05,14.62935,0.0,3.995,3.635207e-07,0.3635207,0.0,4.294,1.16979e-06,1.16979
113,113,9.24307882e-05,92.4307882,0,1,97.88235294117646,,False,,0.0,4.318,1.056125e-06,1.056125,0.8156862745098039,3.884,4.764501e-05,47.645010000000006,0.0,4.164,2.669049e-06,2.669049,0.0,4.23,2.336931e-05,23.36931,0.0,3.977,1.741307e-06,1.741307,0.0,4.329,1.442876e-05,14.42876,0.0,3.995,3.935862e-07,0.3935862,0.0,4.294,1.127641e-06,1.127641
114,114,6.96151397e-05,69.6151397,0,1,81.88235294117646,,False,,0.0,4.318,3.155873e-07,0.3155872999999999,0.0,4.261,4.438326e-07,0.4438325999999999,0.6823529411764705,3.812,2.854575e-05,28.54575,0.0,4.23,2.670908e-07,0.2670907999999999,0.0,3.977,1.616096e-05,16.16096,0.0,4.329,1.767835e-06,1.767835,0.0,3.995,2.07204e-05,20.7204,0.0,4.294,1.393684e-06,1.393684
115,115,1.015088802e-05,10.15088802,0,2,6.588235294117643,,False,,0.0,4.318,1.777317e-07,0.1777317,0.0,4.261,1.242315e-07,0.1242315,0.0,4.164,1.31844e-06,1.31844,0.0,4.23,8.438732e-08,0.08438732,0.0549019607843137,3.886,2.447385e-06,2.447385,0.0,4.329,2.476051e-06,2.476051,0.0,3.995,2.554727e-06,2.554727,0.0,4.294,9.679345e-07,0.9679345
116,116,7.681587620000001e-05,76.8158762,0,1,81.88235294117646,,False,,0.0,4.318,9.396788e-07,0.9396788,0.6823529411764705,3.921,3.952484e-05,39.52484,0.0,4.164,2.589606e-06,2.589606,0.0,4.23,1.919179e-05,19.19179,0.0,3.977,1.604138e-06,1.604138,0.0,4.329,1.147231e-05,11.472309999999998,0.0,3.995,3.789684e-07,0.3789684,0.0,4.294,1.114545e-06,1.114545
117,117,5.75303897e-06,5.75303897,0,1,6.588235294117643,,False,,0.0,4.318,1.536405e-07,0.1536405,0.0,4.261,9.372847e-08,0.09372847,0.0,4.164,1.332129e-06,1.332129,0.0549019607843137,4.196,2.62766e-07,0.262766,0.0,3.977,8.912563e-07,0.8912563,0.0,4.329,1.732223e-06,1.7322229999999998,0.0,3.995,2.742027e-07,0.2742027,0.0,4.294,1.013093e-06,1.0130929999999998
118,118,7.042913099999999e-05,70.429131,0,1,82.82352941176471,,False,,0.0,4.318,3.162274e-07,0.3162274,0.0,4.261,4.490188e-07,0.4490188,0.6901960784313725,3.81,2.8936e-05,28.936,0.0,4.23,2.722388e-07,0.2722388,0.0,3.977,1.631704e-05,16.31704,0.0,4.329,1.75965e-06,1.75965,0.0,3.995,2.098842e-05,20.98842,0.0,4.294,1.390536e-06,1.390536
119,119,9.69204527e-06,9.692045269999998,0,1,6.1176470588235246,,False,,0.0,4.318,1.768823e-07,0.1768823,0.0,4.261,1.221809e-07,0.1221809,0.0,4.164,1.190296e-06,1.190296,0.0,4.23,9.030397e-08,0.09030397,0.0509803921568627,3.89,2.294274e-06,2.294274,0.0,4.329,2.444968e-06,2.444968,0.0,3.995,2.400313e-06,2.400313,0.0,4.294,9.728271e-07,0.9728271
120,120,7.72421489e-05,77.24214889999999,0,2,82.82352941176471,,False,,0.0,4.318,9.415749e-07,0.9415749,0.6901960784313725,3.92,3.983741e-05,39.83741,0.0,4.164,2.583002e-06,2.583002,0.0,4.23,1.924379e-05,19.24379,0.0,3.977,1.603719e-06,1.603719,0.0,4.329,1.154008e-05,11.54008,0.0,3.995,3.80945e-07,0.380945,0.0,4.294,1.111628e-06,1.111628
121,121,7.60704012e-05,76.07040119999999,0,1,88.94117647058823,,False,,0.0,4.318,3.247738e-07,0.3247738,0.0,4.261,4.689635e-07,0.4689635,0.7411764705882352,3.795,3.154132e-05,31.541319999999995,0.0,4.23,3.138359e-07,0.3138359,0.0,3.977,1.765403e-05,17.65403,0.0,4.329,1.737372e-06,1.737372,0.0,3.995,2.262327e-05,22.62327,0.0,4.294,1.406836e-06,1.406836
122,122,5.447291700000001e-06,5.4472917,0,1,6.1176470588235246,,False,,0.0,4.318,1.602193e-07,0.1602192999999999,0.0,4.261,2.501098e-07,0.2501098,0.0,4.164,1.366112e-06,1.366112,0.0509803921568627,4.216,1.730172e-07,0.1730172,0.0,3.977,9.157393e-07,0.9157393,0.0,4.329,1.300254e-06,1.300254,0.0,3.995,2.666001e-07,0.2666001,0.0,4.294,1.01524e-06,1.01524
123,123,4.864928093e-05,48.64928093,0,1,41.882352941176464,,False,,0.0,4.318,2.334921e-07,0.2334921,0.0,4.261,1.755932e-07,0.1755931999999999,0.0,4.164,1.670748e-05,16.70748,0.0,4.23,3.605783e-08,0.03605783,0.3490196078431372,3.716,1.442651e-05,14.42651,0.0,4.329,3.950439e-06,3.950439,0.0,3.995,1.22881e-05,12.2881,0.0,4.294,8.316088e-07,0.8316087999999999
124,124,8.39068978e-05,83.90689780000001,0,1,88.94117647058823,,False,,0.0,4.318,9.927048e-07,0.9927048,0.7411764705882352,3.904,4.326342e-05,43.26342,0.0,4.164,2.621258e-06,2.621258,0.0,4.23,2.10569e-05,21.0569,0.0,3.977,1.669234e-06,1.669234,0.0,4.329,1.279512e-05,12.79512,0.0,3.995,3.88631e-07,0.388631,0.0,4.294,1.11963e-06,1.11963
125,125,9.98958819e-05,99.8958819,0,1,117.6470588235294,,False,,0.0,4.318,3.535297e-07,0.3535297,0.0,4.261,5.552914e-07,0.5552914,0.980392156862745,3.736,4.293416e-05,42.93416,0.0,4.23,4.983348e-07,0.4983347999999999,0.0,3.977,2.31233e-05,23.1233,0.0,4.329,1.648479e-06,1.648479,0.0,3.995,2.931672e-05,29.31672,0.0,4.294,1.466067e-06,1.466067
126,126,4.04971248e-05,40.4971248,0,1,41.882352941176464,,False,,0.0,4.318,2.56099e-07,0.256099,0.0,4.261,2.391106e-05,23.91106,0.0,4.164,1.886262e-06,1.886262,0.3490196078431372,3.984,8.661164e-06,8.661164,0.0,3.977,1.325367e-06,1.325367,0.0,4.329,3.10784e-06,3.10784,0.0,3.995,2.460558e-07,0.2460558,0.0,4.294,1.103277e-06,1.103277
127,127,0.0001285704703999,128.5704704,0,1,118.5882352941176,,False,,0.0,4.318,3.043931e-07,0.3043931,0.0,4.261,2.174354e-07,0.2174354,0.0,4.164,5.336728e-05,53.36728,0.0,4.23,4.305402e-07,0.4305402,0.9882352941176468,3.51,3.899571e-05,38.99571,0.0,4.329,5.376736e-06,5.376736,0.0,3.995,2.921937e-05,29.21937,0.0,4.294,6.590057e-07,0.6590057
128,128,0.0001100375249999,110.037525,0,1,117.6470588235294,,False,,0.0,4.318,1.181199e-06,1.181199,0.980392156862745,3.844,5.661837e-05,56.61837,0.0,4.164,2.745596e-06,2.745596,0.0,4.23,2.811644e-05,28.11644,0.0,3.977,1.8812e-06,1.8812,0.0,4.329,1.793964e-05,17.93964,0.0,3.995,4.16231e-07,0.416231,0.0,4.294,1.138849e-06,1.138849
129,129,0.0001070489835,107.0489835,0,1,118.5882352941176,,False,,0.0,4.318,2.904522e-07,0.2904522,0.0,4.261,6.164184e-05,61.64184000000001,0.0,4.164,2.137215e-06,2.137215,0.9882352941176468,3.804,2.519538e-05,25.19538,0.0,3.977,1.590642e-06,1.590642,0.0,4.329,1.466212e-05,14.66212,0.0,3.995,3.631573e-07,0.3631572999999999,0.0,4.294,1.168177e-06,1.168177
130,130,5.626863377e-05,56.26863377,0,1,49.411764705882334,,False,,0.0,4.318,2.406014e-07,0.2406014,0.0,4.261,1.806789e-07,0.1806789,0.0,4.164,2.007479e-05,20.07479,0.0,4.23,5.949887e-08,0.05949887,0.4117647058823528,3.693,1.676592e-05,16.76592,0.0,4.329,4.133318e-06,4.133318,0.0,3.995,1.399792e-05,13.99792,0.0,4.294,8.159066e-07,0.8159066
131,131,7.68275602e-05,76.8275602,0,1,90.35294117647058,,False,,0.0,4.318,3.258583e-07,0.3258583,0.0,4.261,4.694552e-07,0.4694551999999999,0.7529411764705882,3.793,3.192104e-05,31.92104,0.0,4.23,3.207987e-07,0.3207987,0.0,3.977,1.784103e-05,17.84103,0.0,4.329,1.737264e-06,1.737264,0.0,3.995,2.280404e-05,22.80404,0.0,4.294,1.408074e-06,1.408074
132,132,4.81801787e-05,48.1801787,0,1,49.411764705882334,,False,,0.0,4.318,2.63219e-07,0.263219,0.0,4.261,2.843236e-05,28.43236,0.0,4.164,1.933378e-06,1.933378,0.4117647058823528,3.959,1.056469e-05,10.56469,0.0,3.977,1.367419e-06,1.367419,0.0,4.329,4.255117e-06,4.255117,0.0,3.995,2.551507e-07,0.2551507,0.0,4.294,1.108845e-06,1.108845
133,133,3.176985979e-05,31.76985979,0,1,26.823529411764707,,False,,0.0,4.318,2.131329e-07,0.2131329,0.0,4.261,1.583387e-07,0.1583387,0.0,4.164,9.489167e-06,9.489167,0.0,4.23,1.000329e-08,0.01000329,0.2235294117647059,3.774,9.221192e-06,9.221192,0.0,4.329,3.457267e-06,3.457267,0.0,3.995,8.335739e-06,8.335739,0.0,4.294,8.850199e-07,0.8850199
134,134,8.55194299e-05,85.5194299,0,1,90.35294117647058,,False,,0.0,4.318,1.00524e-06,1.00524,0.7529411764705882,3.9,4.405486e-05,44.05486,0.0,4.164,2.630868e-06,2.630868,0.0,4.23,2.151089e-05,21.51089,0.0,3.977,1.669786e-06,1.669786,0.0,4.329,1.314207e-05,13.14207,0.0,3.995,3.875609e-07,0.3875609,0.0,4.294,1.118155e-06,1.118155
135,135,5.36080451e-05,53.6080451,0,1,62.58823529411765,,False,,0.0,4.318,2.926614e-07,0.2926614,0.0,4.261,3.788194e-07,0.3788194,0.5215686274509804,3.857,2.106543e-05,21.06543,0.0,4.23,1.599343e-07,0.1599343,0.0,3.977,1.241882e-05,12.41882,0.0,4.329,1.80902e-06,1.80902,0.0,3.995,1.613929e-05,16.13929,0.0,4.294,1.34407e-06,1.34407
136,136,2.49922051e-05,24.9922051,0,1,26.823529411764707,,False,,0.0,4.318,2.320553e-07,0.2320553,0.0,4.261,1.453673e-05,14.53673,0.0,4.164,1.76537e-06,1.76537,0.2235294117647059,4.043,4.849996e-06,4.849996,0.0,3.977,1.220309e-06,1.220309,0.0,4.329,1.091674e-06,1.091674,0.0,3.995,2.267548e-07,0.2267548,0.0,4.294,1.069316e-06,1.0693160000000002
137,137,2.993158845e-05,29.93158845,0,1,24.94117647058824,,False,,0.0,4.318,2.087806e-07,0.2087806,0.0,4.261,1.569003e-07,0.1569003,0.0,4.164,8.742856e-06,8.742856,0.0,4.23,1.044315e-08,0.01044315,0.207843137254902,3.781,8.652191e-06,8.652191,0.0,4.329,3.401485e-06,3.401485,0.0,3.995,7.87081e-06,7.87081,0.0,4.294,8.881224e-07,0.8881224
138,138,6.03583664e-05,60.3583664,0,1,62.58823529411765,,False,,0.0,4.318,8.120695e-07,0.8120695,0.5215686274509804,3.963,3.093618e-05,30.936180000000004,0.0,4.164,2.469088e-06,2.469088,0.0,4.23,1.475367e-05,14.75367,0.0,3.977,1.460101e-06,1.460101,0.0,4.329,8.470419e-06,8.470419,0.0,3.995,3.590299e-07,0.3590299,0.0,4.294,1.097809e-06,1.097809
139,139,3.993529345e-05,39.93529345,0,1,46.11764705882353,,False,,0.0,4.318,2.712481e-07,0.2712481,0.0,4.261,3.188807e-07,0.3188807,0.3843137254901961,3.9,1.477716e-05,14.77716,0.0,4.23,8.655265e-08,0.08655265,0.0,3.977,9.226311e-06,9.226311,0.0,4.329,1.836474e-06,1.836474,0.0,3.995,1.212935e-05,12.12935,0.0,4.294,1.289317e-06,1.2893169999999998
140,140,2.35895831e-05,23.5895831,0,1,24.94117647058824,,False,,0.0,4.318,2.343799e-07,0.2343799,0.0,4.261,1.364679e-05,13.64679,0.0,4.164,1.75386e-06,1.75386,0.207843137254902,4.049,4.509692e-06,4.509692,0.0,3.977,1.206326e-06,1.206326,0.0,4.329,9.4048e-07,0.94048,0.0,3.995,2.276232e-07,0.2276232,0.0,4.294,1.070432e-06,1.070432
141,141,3.2804208900000007e-05,32.804208900000006,0,1,27.76470588235293,,False,,0.0,4.318,2.149715e-07,0.2149714999999999,0.0,4.261,1.590313e-07,0.1590313,0.0,4.164,9.934689e-06,9.934689,0.0,4.23,1.17059e-08,0.0117059,0.2313725490196078,3.77,9.529207e-06,9.529207,0.0,4.329,3.491301e-06,3.491301,0.0,3.995,8.582526e-06,8.582526000000001,0.0,4.294,8.807772e-07,0.8807772
142,142,4.22101629e-05,42.21016289999999,0,1,46.11764705882353,,False,,0.0,4.318,6.577631e-07,0.6577630999999999,0.3843137254901961,4.016,2.146597e-05,21.46597,0.0,4.164,2.301559e-06,2.301559,0.0,4.23,9.826874e-06,9.826874,0.0,3.977,1.301704e-06,1.301704,0.0,4.329,5.245662e-06,5.245661999999999,0.0,3.995,3.327798e-07,0.3327798,0.0,4.294,1.077851e-06,1.077851
143,143,3.592962276e-05,35.92962276,0,1,40.47058823529412,,False,,0.0,4.318,2.652151e-07,0.2652151,0.0,4.261,2.996179e-07,0.2996179,0.3372549019607843,3.914,1.293716e-05,12.93716,0.0,4.23,6.936976e-08,0.0693697599999999,0.0,3.977,8.322091e-06,8.322091,0.0,4.329,1.844496e-06,1.844496,0.0,3.995,1.091547e-05,10.91547,0.0,4.294,1.276203e-06,1.276203
144,144,2.56515096e-05,25.6515096,0,1,27.76470588235293,,False,,0.0,4.318,2.370453e-07,0.2370453,0.0,4.261,1.492954e-05,14.92954,0.0,4.164,1.769918e-06,1.769918,0.2313725490196078,4.04,5.019791e-06,5.019791000000001,0.0,3.977,1.225413e-06,1.225413,0.0,4.329,1.168425e-06,1.168425,0.0,3.995,2.284363e-07,0.2284363,0.0,4.294,1.072941e-06,1.072941
145,145,3.497915371e-05,34.97915371,0,1,29.6470588235294,,False,,0.0,4.318,2.179747e-07,0.2179747,0.0,4.261,1.608563e-07,0.1608563,0.0,4.164,1.084794e-05,10.84794,0.0,4.23,1.331441e-08,0.0133144099999999,0.2470588235294117,3.762,1.022424e-05,10.22424,0.0,4.329,3.545758e-06,3.545758,0.0,3.995,9.095705e-06,9.095705,0.0,4.294,8.733653e-07,0.8733653
146,146,4.0695035400000005e-05,40.6950354,0,1,40.47058823529412,,False,,0.0,4.318,6.424007e-07,0.6424006999999999,0.3372549019607843,4.021,2.064089e-05,20.64089,0.0,4.164,2.287345e-06,2.287345,0.0,4.23,9.433861e-06,9.433861,0.0,3.977,1.284188e-06,1.284188,0.0,4.329,4.999414e-06,4.999414,0.0,3.995,3.317127e-07,0.3317126999999999,0.0,4.294,1.075224e-06,1.075224
147,147,3.2562281330000004e-05,32.562281330000005,0,1,38.58823529411765,,False,,0.0,4.318,2.588124e-07,0.2588124,0.0,4.261,2.872997e-07,0.2872997,0.3215686274509804,3.926,1.14343e-05,11.4343,0.0,4.23,5.499823e-08,0.05499823,0.0,3.977,7.488984e-06,7.488984,0.0,4.329,1.862091e-06,1.862091,0.0,3.995,9.912738e-06,9.912738,0.0,4.294,1.263058e-06,1.263058
148,148,2.73098918e-05,27.3098918,0,1,29.6470588235294,,False,,0.0,4.318,2.379762e-07,0.2379762,0.0,4.261,1.595493e-05,15.95493,0.0,4.164,1.786039e-06,1.786039,0.2470588235294117,4.033,5.420341e-06,5.4203410000000005,0.0,3.977,1.238213e-06,1.238213,0.0,4.329,1.362726e-06,1.362726,0.0,3.995,2.296036e-07,0.2296036,0.0,4.294,1.080063e-06,1.080063
149,149,3.86097203e-05,38.6097203,0,1,38.58823529411765,,False,,0.0,4.318,6.221213e-07,0.6221213,0.3215686274509804,4.028,1.95462e-05,19.5462,0.0,4.164,2.262191e-06,2.262191,0.0,4.23,8.864081e-06,8.864081,0.0,3.977,1.268781e-06,1.268781,0.0,4.329,4.629706e-06,4.629706,0.0,3.995,3.31006e-07,0.3310059999999999,0.0,4.294,1.085634e-06,1.085634
150,150,4.63508735e-05,46.35087349999999,0,1,54.11764705882352,,False,,0.0,4.318,2.823278e-07,0.2823277999999999,0.0,4.261,3.471056e-07,0.3471056,0.4509803921568627,3.879,1.767161e-05,17.671609999999998,0.0,4.23,1.209301e-07,0.1209301,0.0,3.977,1.075564e-05,10.75564,0.0,4.329,1.825421e-06,1.825421,0.0,3.995,1.403115e-05,14.03115,0.0,4.294,1.316689e-06,1.316689
151,151,5.4456198e-05,54.456198,0,1,54.11764705882352,,False,,0.0,4.318,7.623301e-07,0.7623301,0.4509803921568627,3.98,2.792497e-05,27.92497,0.0,4.164,2.418098e-06,2.418098,0.0,4.23,1.31251e-05,13.125100000000002,0.0,3.977,1.408412e-06,1.408412,0.0,4.329,7.367307e-06,7.367306999999999,0.0,3.995,3.531069e-07,0.3531069,0.0,4.294,1.096874e-06,1.096874
2,152,8.32315962e-05,83.23159620000001,0,1,97.41176470588236,,False,explicit_power_anomaly_remeasure,0.0,4.318,3.339841e-07,0.3339840999999999,0.0,4.261,4.756147e-07,0.4756147,0.8117647058823529,3.777,3.501365e-05,35.013650000000005,0.0,4.23,3.694494e-07,0.3694494,0.0,3.977,1.926904e-05,19.26904,0.0,4.329,1.672911e-06,1.672911,0.0,3.995,2.466421e-05,24.66421,0.0,4.294,1.432737e-06,1.432737
153,153,8.61565713e-05,86.1565713,0,1,77.1764705882353,,False,,0.0,4.318,2.683766e-07,0.2683766,0.0,4.261,1.990247e-07,0.1990247,0.0,4.164,3.355329e-05,33.553290000000004,0.0,4.23,1.854906e-07,0.1854906,0.6431372549019608,3.612,2.59982e-05,25.9982,0.0,4.329,4.735636e-06,4.735636,0.0,3.995,2.046746e-05,20.46746,0.0,4.294,7.490934e-07,0.7490934
154,154,9.17735323e-05,91.7735323,0,1,97.41176470588236,,False,,0.0,4.318,1.053298e-06,1.053298,0.8117647058823529,3.885,4.725661e-05,47.25661,0.0,4.164,2.666136e-06,2.666136,0.0,4.23,2.317507e-05,23.17507,0.0,3.977,1.731288e-06,1.731288,0.0,4.329,1.436155e-05,14.36155,0.0,3.995,3.990173e-07,0.3990172999999999,0.0,4.294,1.130563e-06,1.130563
155,155,7.68502522e-05,76.8502522,0,1,89.88235294117646,,False,,0.0,4.318,3.2578e-07,0.32578,0.0,4.261,4.69484e-07,0.469484,0.7490196078431371,3.793,3.19675e-05,31.9675,0.0,4.23,3.186242e-07,0.3186242,0.0,3.977,1.780606e-05,17.80606,0.0,4.329,1.728708e-06,1.728708,0.0,3.995,2.28278e-05,22.8278,0.0,4.294,1.406296e-06,1.406296
156,156,7.118582319999999e-05,71.1858232,0,1,77.1764705882353,,False,,0.0,4.318,2.788942e-07,0.2788942,0.0,4.261,4.168338e-05,41.68338,0.0,4.164,2.036216e-06,2.036216,0.6431372549019608,3.893,1.624783e-05,16.24783,0.0,3.977,1.470942e-06,1.470942,0.0,4.329,8.041485e-06,8.041485,0.0,3.995,2.92877e-07,0.292877,0.0,4.294,1.134199e-06,1.134199
157,157,2.864747672e-05,28.64747672,0,1,23.52941176470588,,False,,0.0,4.318,2.089962e-07,0.2089962,0.0,4.261,1.54842e-07,0.154842,0.0,4.164,8.205635e-06,8.205635000000001,0.0,4.23,1.054392e-08,0.01054392,0.196078431372549,3.786,8.258961e-06,8.258961,0.0,4.329,3.347973e-06,3.347973,0.0,3.995,7.560274e-06,7.560274,0.0,4.294,9.002516e-07,0.9002515999999999
158,158,8.501352820000001e-05,85.0135282,0,1,89.88235294117646,,False,,0.0,4.318,9.997899e-07,0.9997899,0.7490196078431371,3.901,4.381069e-05,43.81069,0.0,4.164,2.634819e-06,2.634819,0.0,4.23,2.134612e-05,21.34612,0.0,3.977,1.674894e-06,1.674894,0.0,4.329,1.302735e-05,13.02735,0.0,3.995,3.929613e-07,0.3929613,0.0,4.294,1.126904e-06,1.126904
159,159,2.31992478e-05,23.1992478,0,1,23.52941176470588,,False,,0.0,4.318,2.334429e-07,0.2334428999999999,0.0,4.261,1.338015e-05,13.38015,0.0,4.164,1.752172e-06,1.752172,0.196078431372549,4.051,4.42487e-06,4.42487,0.0,3.977,1.207526e-06,1.207526,0.0,4.329,8.917206e-07,0.8917206000000001,0.0,3.995,2.292963e-07,0.2292962999999999,0.0,4.294,1.08007e-06,1.08007
160,160,4.865269054e-05,48.65269054,0,1,45.17647058823529,,False,,0.0,4.318,2.317578e-07,0.2317577999999999,0.0,4.261,1.748914e-07,0.1748914,0.0,4.164,1.669116e-05,16.69116,0.0,4.23,3.803774e-08,0.03803774,0.3764705882352941,3.716,1.444395e-05,14.44395,0.0,4.329,3.95998e-06,3.95998,0.0,3.995,1.228116e-05,12.281160000000002,0.0,4.294,8.317536e-07,0.8317536
161,161,4.34872519e-05,43.4872519,0,1,45.17647058823529,,False,,0.0,4.318,2.575945e-07,0.2575945,0.0,4.261,2.566433e-05,25.66433,0.0,4.164,1.906008e-06,1.906008,0.3764705882352941,3.974,9.405104e-06,9.405104,0.0,3.977,1.346299e-06,1.346299,0.0,4.329,3.541661e-06,3.541661,0.0,3.995,2.505934e-07,0.2505934,0.0,4.294,1.115662e-06,1.115662
162,162,0.0001002657763,100.2657763,0,2,93.6470588235294,,False,,0.0,4.318,2.83103e-07,0.283103,0.0,4.261,2.046327e-07,0.2046327,0.0,4.164,4.008421e-05,40.08421,0.0,4.23,2.590743e-07,0.2590743,0.7803921568627451,3.577,3.029493e-05,30.29493,0.0,4.329,4.985074e-06,4.985074,0.0,3.995,2.343832e-05,23.43832,0.0,4.294,7.164323e-07,0.7164323
163,163,8.60464934e-05,86.0464934,0,1,93.6470588235294,,False,,0.0,4.318,2.840783e-07,0.2840783,0.0,4.261,5.006943e-05,50.06943,0.0,4.164,2.086797e-06,2.086797,0.7803921568627451,3.855,1.995607e-05,19.95607,0.0,3.977,1.532261e-06,1.532261,0.0,4.329,1.064571e-05,10.64571,0.0,3.995,3.223451e-07,0.3223451,0.0,4.294,1.149802e-06,1.149802
164,164,1.356152576e-05,13.56152576,0,1,9.88235294117646,,False,,0.0,4.318,1.85471e-07,0.185471,0.0,4.261,1.313535e-07,0.1313535,0.0,4.164,2.411545e-06,2.411545,0.0,4.23,5.277776e-08,0.05277776,0.0823529411764705,3.861,3.533693e-06,3.533693,0.0,4.329,2.700604e-06,2.700604,0.0,3.995,3.588711e-06,3.588711,0.0,4.294,9.573705e-07,0.9573705
165,165,1.158931623e-05,11.58931623,0,1,9.88235294117646,,False,,0.0,4.318,2.08095e-07,0.208095,0.0,4.261,5.777176e-06,5.777176,0.0,4.164,1.60969e-06,1.60969,0.0823529411764705,4.117,1.59253e-06,1.59253,0.0,3.977,1.090516e-06,1.090516,0.0,4.329,2.401333e-08,0.02401333,0.0,3.995,2.303519e-07,0.2303519,0.0,4.294,1.056944e-06,1.056944
166,166,1.399620889e-05,13.99620889,0,1,10.35294117647058,,False,,0.0,4.318,1.87377e-07,0.187377,0.0,4.261,1.330447e-07,0.1330447,0.0,4.164,2.55613e-06,2.55613,0.0,4.23,5.053609e-08,0.05053609,0.0862745098039215,3.858,3.675669e-06,3.675669,0.0,4.329,2.716493e-06,2.7164930000000003,0.0,3.995,3.727947e-06,3.727947,0.0,4.294,9.490121e-07,0.9490121
167,167,9.31613774e-06,9.316137740000002,0,1,10.35294117647058,,False,,0.0,4.318,1.97713e-07,0.197713,0.0,4.261,4.142708e-06,4.142708000000001,0.0,4.164,1.563335e-06,1.563335,0.0862745098039215,4.136,1.043913e-06,1.043913,0.0,3.977,1.058066e-06,1.058066,0.0,4.329,2.601144e-08,0.0260114399999999,0.0,3.995,2.343843e-07,0.2343843,0.0,4.294,1.050007e-06,1.050007
168,168,5.123367540000001e-05,51.2336754,0,1,44.70588235294117,,False,,0.0,4.318,2.360897e-07,0.2360896999999999,0.0,4.261,1.772076e-07,0.1772076,0.0,4.164,1.780742e-05,17.80742,0.0,4.23,4.44235e-08,0.0444235,0.3725490196078431,3.708,1.52338e-05,15.2338,0.0,4.329,4.021121e-06,4.021121,0.0,3.995,1.288065e-05,12.88065,0.0,4.294,8.329636e-07,0.8329636
169,169,4.35200094e-05,43.5200094,0,1,44.70588235294117,,False,,0.0,4.318,2.605228e-07,0.2605228,0.0,4.261,2.569998e-05,25.69998,0.0,4.164,1.911358e-06,1.911358,0.3725490196078431,3.974,9.403748e-06,9.403748,0.0,3.977,1.346238e-06,1.3462379999999998,0.0,4.329,3.530628e-06,3.530628,0.0,3.995,2.503796e-07,0.2503796,0.0,4.294,1.117155e-06,1.117155
170,170,9.15993502e-05,91.5993502,0,1,106.8235294117647,,False,,0.0,4.318,3.459186e-07,0.3459186,0.0,4.261,5.256483e-07,0.5256483,0.8901960784313725,3.756,3.891903e-05,38.91903,0.0,4.23,4.306963e-07,0.4306963,0.0,3.977,2.124902e-05,21.24902,0.0,4.329,1.687496e-06,1.687496,0.0,3.995,2.698852e-05,26.98852,0.0,4.294,1.453021e-06,1.453021
171,171,6.92307419e-05,69.2307419,0,1,60.70588235294117,,False,,0.0,4.318,2.549052e-07,0.2549052,0.0,4.261,1.892014e-07,0.1892014,0.0,4.164,2.584297e-05,25.84297,0.0,4.23,1.082736e-07,0.1082736,0.5058823529411764,3.657,2.076536e-05,20.76536,0.0,4.329,4.414936e-06,4.414936,0.0,3.995,1.686189e-05,16.861890000000002,0.0,4.294,7.932057e-07,0.7932057
172,172,0.0001012112842,101.2112842,0,1,106.8235294117647,,False,,0.0,4.318,1.117424e-06,1.117424,0.8901960784313725,3.864,5.216493e-05,52.16493,0.0,4.164,2.707231e-06,2.707231,0.0,4.23,2.573284e-05,25.732840000000003,0.0,3.977,1.809742e-06,1.809742,0.0,4.329,1.612966e-05,16.12966,0.0,3.995,4.111902e-07,0.4111902,0.0,4.294,1.138267e-06,1.138267
173,173,5.7861232600000005e-05,57.8612326,0,1,60.70588235294117,,False,,0.0,4.318,2.742364e-07,0.2742364,0.0,4.261,3.405004e-05,34.05004,0.0,4.164,1.983199e-06,1.983199,0.5058823529411764,3.93,1.296119e-05,12.96119,0.0,3.977,1.417651e-06,1.417651,0.0,4.329,5.768344e-06,5.768344,0.0,3.995,2.719252e-07,0.2719252,0.0,4.294,1.134647e-06,1.134647
174,174,1.205139783e-05,12.05139783,0,1,8.470588235294112,,False,,0.0,4.318,1.82696e-07,0.182696,0.0,4.261,1.286983e-07,0.1286983,0.0,4.164,1.910037e-06,1.910037,0.0,4.23,6.416763e-08,0.06416763,0.0705882352941176,3.871,3.055551e-06,3.0555510000000004,0.0,4.329,2.60364e-06,2.6036400000000004,0.0,3.995,3.142141e-06,3.142141,0.0,4.294,9.644669e-07,0.9644669
175,175,7.35971369e-05,73.5971369,0,1,84.70588235294117,,False,,0.0,4.318,3.21785e-07,0.321785,0.0,4.261,4.557115e-07,0.4557115,0.7058823529411764,3.802,3.034472e-05,30.34472,0.0,4.23,2.934074e-07,0.2934074,0.0,3.977,1.711347e-05,17.11347,0.0,4.329,1.750479e-06,1.750479,0.0,3.995,2.190746e-05,21.90746,0.0,4.294,1.410104e-06,1.410104
176,176,9.96501998e-06,9.96501998,0,1,8.470588235294112,,False,,0.0,4.318,2.008911e-07,0.2008911,0.0,4.261,4.61913e-06,4.61913,0.0,4.164,1.577116e-06,1.577116,0.0705882352941176,4.13,1.200019e-06,1.200019,0.0,3.977,1.067265e-06,1.067265,0.0,4.329,1.327728e-08,0.01327728,0.0,3.995,2.336736e-07,0.2336736,0.0,4.294,1.053648e-06,1.053648
177,177,2.9683550310000003e-05,29.68355031,0,1,24.47058823529411,,False,,0.0,4.318,2.10524e-07,0.210524,0.0,4.261,1.558518e-07,0.1558518,0.0,4.164,8.622567e-06,8.622567,0.0,4.23,1.111061e-08,0.01111061,0.2039215686274509,3.782,8.578916e-06,8.578916000000001,0.0,4.329,3.398413e-06,3.398413,0.0,3.995,7.81121e-06,7.81121,0.0,4.294,8.949579e-07,0.8949579
178,178,8.04088594e-05,80.4088594,0,1,84.70588235294117,,False,,0.0,4.318,9.633033e-07,0.9633033,0.7058823529411764,3.913,4.14399e-05,41.4399,0.0,4.164,2.600154e-06,2.6001540000000003,0.0,4.23,2.014455e-05,20.14455,0.0,3.977,1.638003e-06,1.638003,0.0,4.329,1.210928e-05,12.10928,0.0,3.995,3.881731e-07,0.3881731,0.0,4.294,1.125496e-06,1.125496
179,179,2.340931e-05,23.40931,0,1,24.47058823529411,,False,,0.0,4.318,2.347366e-07,0.2347366,0.0,4.261,1.351032e-05,13.51032,0.0,4.164,1.758419e-06,1.7584190000000002,0.2039215686274509,4.05,4.470337e-06,4.470337,0.0,3.977,1.214654e-06,1.214654,0.0,4.329,9.087161e-07,0.9087161,0.0,3.995,2.287183e-07,0.2287183,0.0,4.294,1.083409e-06,1.0834089999999998
180,180,0.0001201160882,120.1160882,0,1,108.70588235294116,,False,,0.0,4.318,2.975854e-07,0.2975854,0.0,4.261,2.12747e-07,0.212747,0.0,4.164,4.933779e-05,49.33779,0.0,4.23,3.759893e-07,0.3759893,0.9058823529411764,3.53,3.638539e-05,36.38539,0.0,4.329,5.270123e-06,5.270123,0.0,3.995,2.755095e-05,27.55095,0.0,4.294,6.855135e-07,0.6855135
181,181,9.99240246e-05,99.9240246,0,1,108.70588235294116,,False,,0.0,4.318,2.925306e-07,0.2925306,0.0,4.261,5.779308e-05,57.79308,0.0,4.164,2.122453e-06,2.122453,0.9058823529411764,3.821,2.340773e-05,23.40773,0.0,3.977,1.581519e-06,1.581519,0.0,4.329,1.320066e-05,13.20066,0.0,3.995,3.53058e-07,0.353058,0.0,4.294,1.172994e-06,1.172994
182,182,0.0001209247730999,120.9247731,0,1,109.1764705882353,,False,,0.0,4.318,2.988604e-07,0.2988603999999999,0.0,4.261,2.123381e-07,0.2123381,0.0,4.164,4.980154e-05,49.80154,0.0,4.23,3.83373e-07,0.383373,0.9098039215686275,3.528,3.655427e-05,36.55427,0.0,4.329,5.293376e-06,5.293376,0.0,3.995,2.770266e-05,27.70266,0.0,4.294,6.783556e-07,0.6783556000000001
183,183,0.0001004274006,100.4274006,0,1,109.1764705882353,,False,,0.0,4.318,2.95143e-07,0.295143,0.0,4.261,5.806798e-05,58.06798,0.0,4.164,2.121492e-06,2.121492,0.9098039215686275,3.82,2.353182e-05,23.53182,0.0,3.977,1.581691e-06,1.581691,0.0,4.329,1.330531e-05,13.30531,0.0,3.995,3.530456e-07,0.3530455999999999,0.0,4.294,1.170919e-06,1.170919
184,184,8.9633036e-05,89.63303599999999,0,1,104.0,,False,,0.0,4.318,3.43352e-07,0.343352,0.0,4.261,5.170917e-07,0.5170916999999999,0.8666666666666667,3.761,3.801622e-05,38.01622,0.0,4.23,4.176393e-07,0.4176393,0.0,3.977,2.073775e-05,20.73775,0.0,4.329,1.682689e-06,1.682689,0.0,3.995,2.64701e-05,26.4701,0.0,4.294,1.448194e-06,1.448194
185,185,2.751169182e-05,27.51169182,0,1,22.11764705882352,,False,,0.0,4.318,2.060899e-07,0.2060899,0.0,4.261,1.539749e-07,0.1539749,0.0,4.164,7.729857e-06,7.729856999999999,0.0,4.23,1.061052e-08,0.01061052,0.184313725490196,3.791,7.900407e-06,7.900407,0.0,4.329,3.336246e-06,3.336246,0.0,3.995,7.27654e-06,7.27654,0.0,4.294,8.979665e-07,0.8979665
186,186,9.92113998e-05,99.2113998,0,1,104.0,,False,,0.0,4.318,1.100262e-06,1.100262,0.8666666666666667,3.869,5.116338e-05,51.16338,0.0,4.164,2.699086e-06,2.6990860000000003,0.0,4.23,2.520197e-05,25.201970000000003,0.0,3.977,1.798972e-06,1.798972,0.0,4.329,1.569999e-05,15.69999,0.0,3.995,4.087298e-07,0.4087298,0.0,4.294,1.13901e-06,1.13901
187,187,6.35187987e-05,63.5187987,0,1,73.88235294117648,,False,,0.0,4.318,3.090051e-07,0.3090051,0.0,4.261,4.196832e-07,0.4196832,0.615686274509804,3.829,2.562179e-05,25.62179,0.0,4.23,2.233604e-07,0.2233604,0.0,3.977,1.477501e-05,14.77501,0.0,4.329,1.788027e-06,1.788027,0.0,3.995,1.899815e-05,18.99815,0.0,4.294,1.383773e-06,1.383773
188,188,2.17788067e-05,21.7788067,0,1,22.11764705882352,,False,,0.0,4.318,2.29973e-07,0.2299729999999999,0.0,4.261,1.249594e-05,12.49594,0.0,4.164,1.74129e-06,1.74129,0.184313725490196,4.058,4.056665e-06,4.056665,0.0,3.977,1.20342e-06,1.20342,0.0,4.329,7.353121e-07,0.7353121,0.0,3.995,2.298756e-07,0.2298755999999999,0.0,4.294,1.086331e-06,1.0863310000000002
189,189,1.262937992e-05,12.629379919999998,0,1,8.941176470588232,,False,,0.0,4.318,1.85492e-07,0.185492,0.0,4.261,1.295775e-07,0.1295775,0.0,4.164,2.091814e-06,2.091814,0.0,4.23,5.993312e-08,0.05993312,0.0745098039215686,3.867,3.233069e-06,3.233069,0.0,4.329,2.646822e-06,2.646822,0.0,3.995,3.311987e-06,3.311987,0.0,4.294,9.706853e-07,0.9706853
190,190,7.15223835e-05,71.52238349999999,0,1,73.88235294117648,,False,,0.0,4.318,8.952218e-07,0.8952218,0.615686274509804,3.935,3.684578e-05,36.84578,0.0,4.164,2.546665e-06,2.5466650000000004,0.0,4.23,1.77457e-05,17.7457,0.0,3.977,1.566232e-06,1.566232,0.0,4.329,1.041589e-05,10.41589,0.0,3.995,3.785567e-07,0.3785567,0.0,4.294,1.128338e-06,1.128338
191,191,4.2823213200000006e-05,42.8232132,0,1,48.47058823529412,,False,,0.0,4.318,2.757873e-07,0.2757873,0.0,4.261,3.310159e-07,0.3310159,0.403921568627451,3.891,1.602559e-05,16.02559,0.0,4.23,1.01083e-07,0.101083,0.0,3.977,9.935577e-06,9.935577,0.0,4.329,1.841191e-06,1.841191,0.0,3.995,1.298858e-05,12.98858,0.0,4.294,1.324389e-06,1.324389
192,192,8.259822440000001e-06,8.25982244,0,1,8.941176470588232,,False,,0.0,4.318,1.957338e-07,0.1957337999999999,0.0,4.261,3.317913e-06,3.3179130000000003,0.0,4.164,1.539329e-06,1.539329,0.0745098039215686,4.147,7.908118e-07,0.7908118000000001,0.0,3.977,1.041846e-06,1.0418459999999998,0.0,4.329,8.091944e-08,0.08091944,0.0,3.995,2.375064e-07,0.2375064,0.0,4.294,1.055763e-06,1.055763
193,193,4.90529234e-05,49.0529234,0,1,48.47058823529412,,False,,0.0,4.318,7.076937e-07,0.7076937,0.403921568627451,3.996,2.508131e-05,25.08131,0.0,4.164,2.375859e-06,2.375859,0.0,4.23,1.169506e-05,11.69506,0.0,3.977,1.36862e-06,1.36862,0.0,4.329,6.368119e-06,6.368119,0.0,3.995,3.494777e-07,0.3494777,0.0,4.294,1.106784e-06,1.106784
194,194,2.896611394e-05,28.96611394,0,1,34.35294117647058,,False,,0.0,4.318,2.517745e-07,0.2517745,0.0,4.261,2.695651e-07,0.2695651,0.2862745098039215,3.94,9.782371e-06,9.782371,0.0,4.23,4.154634e-08,0.04154634,0.0,3.977,6.659255e-06,6.659255,0.0,4.329,1.863615e-06,1.863615,0.0,3.995,8.834056e-06,8.834056,0.0,4.294,1.263931e-06,1.263931
195,195,5.76521177e-06,5.7652117700000005,0,1,9.41176470588234,,False,,0.0,4.318,1.551004e-07,0.1551004,0.0,4.261,9.310277e-08,0.09310277,0.0,4.164,1.334072e-06,1.334072,0.0,4.23,2.610466e-07,0.2610466,0.0784313725490195,3.864,8.93833e-07,0.893833,0.0,4.329,1.731041e-06,1.731041,0.0,3.995,2.74095e-07,0.274095,0.0,4.294,1.022921e-06,1.022921
196,196,3.54094779e-05,35.4094779,0,1,34.35294117647058,,False,,0.0,4.318,5.95278e-07,0.595278,0.2862745098039215,4.039,1.781407e-05,17.81407,0.0,4.164,2.237258e-06,2.237258,0.0,4.23,8.008567e-06,8.008567,0.0,3.977,1.243167e-06,1.243167,0.0,4.329,4.091402e-06,4.091402,0.0,3.995,3.292839e-07,0.3292839,0.0,4.294,1.090452e-06,1.090452
197,197,2.721955059e-05,27.219550590000004,0,1,28.70588235294117,,False,,0.0,4.318,2.486512e-07,0.2486512,0.0,4.261,2.627572e-07,0.2627572,0.2392156862745098,3.947,8.988222e-06,8.988222,0.0,4.23,3.609919e-08,0.0360991899999999,0.0,3.977,6.255273e-06,6.255273000000001,0.0,4.329,1.870759e-06,1.870759,0.0,3.995,8.301921e-06,8.301921,0.0,4.294,1.255868e-06,1.255868
198,198,7.972811799999999e-06,7.9728118,0,1,9.41176470588234,,False,,0.0,4.318,1.92541e-07,0.192541,0.0,4.261,3.095246e-06,3.095246,0.0,4.164,1.532738e-06,1.532738,0.0784313725490195,4.15,7.202299e-07,0.7202299000000001,0.0,3.977,1.037054e-06,1.037054,0.0,4.329,1.040432e-07,0.1040432,0.0,3.995,2.383547e-07,0.2383547,0.0,4.294,1.052605e-06,1.052605
199,199,2.9259769700000004e-05,29.259769700000003,0,1,28.70588235294117,,False,,0.0,4.318,5.321883e-07,0.5321883,0.2392156862745098,4.061,1.447581e-05,14.47581,0.0,4.164,2.161496e-06,2.161496,0.0,4.23,6.373579e-06,6.373579,0.0,3.977,1.187547e-06,1.187547,0.0,4.329,3.118847e-06,3.118847,0.0,3.995,3.220794e-07,0.3220793999999999,0.0,4.294,1.088223e-06,1.088223
3,200,3.017002379e-05,30.17002379,0,1,33.88235294117646,,False,explicit_power_anomaly_remeasure,0.0,4.318,2.55735e-07,0.255735,0.0,4.261,2.715105e-07,0.2715105,0.2823529411764705,3.935,1.035564e-05,10.35564,0.0,4.23,4.445129e-08,0.04445129,0.0,3.977,6.929062e-06,6.929062,0.0,4.329,1.838501e-06,1.838501,0.0,3.995,9.220561e-06,9.220561,0.0,4.294,1.254563e-06,1.254563
201,201,3.5179603699999994e-05,35.1796037,0,1,33.88235294117646,,False,,0.0,4.318,5.841842e-07,0.5841842,0.2823529411764705,4.04,1.769533e-05,17.69533,0.0,4.164,2.232365e-06,2.232365,0.0,4.23,7.952268e-06,7.952267999999999,0.0,3.977,1.246373e-06,1.246373,0.0,4.329,4.04694e-06,4.04694,0.0,3.995,3.303855e-07,0.3303855,0.0,4.294,1.091758e-06,1.091758
202,202,4.179919052e-05,41.79919052,0,1,47.05882352941176,,False,,0.0,4.318,2.750849e-07,0.2750848999999999,0.0,4.261,3.279762e-07,0.3279762,0.3921568627450979,3.894,1.556703e-05,15.56703,0.0,4.23,9.598942e-08,0.09598942,0.0,3.977,9.698232e-06,9.698232,0.0,4.329,1.846134e-06,1.846134,0.0,3.995,1.267077e-05,12.67077,0.0,4.294,1.317974e-06,1.317974
203,203,4.630143070000001e-05,46.3014307,0,1,47.05882352941176,,False,,0.0,4.318,6.917439e-07,0.6917439,0.3921568627450979,4.004,2.363192e-05,23.63192,0.0,4.164,2.348746e-06,2.348746,0.0,4.23,1.093309e-05,10.93309,0.0,3.977,1.342877e-06,1.342877,0.0,4.329,5.906069e-06,5.9060690000000005,0.0,3.995,3.435948e-07,0.3435948,0.0,4.294,1.10339e-06,1.10339
204,204,6.24517742e-05,62.45177419999999,0,1,72.0,,False,,0.0,4.318,3.064607e-07,0.3064607,0.0,4.261,4.156192e-07,0.4156192,0.6,3.832,2.515911e-05,25.15911,0.0,4.23,2.192843e-07,0.2192843,0.0,3.977,1.447477e-05,14.47477,0.0,4.329,1.785347e-06,1.7853469999999998,0.0,3.995,1.871111e-05,18.71111,0.0,4.294,1.380073e-06,1.380073
205,205,7.07063084e-05,70.7063084,0,1,72.0,,False,,0.0,4.318,8.901659e-07,0.8901659000000001,0.6,3.937,3.645531e-05,36.45531,0.0,4.164,2.547471e-06,2.547471,0.0,4.23,1.749345e-05,17.49345,0.0,3.977,1.554091e-06,1.554091,0.0,4.329,1.027747e-05,10.27747,0.0,3.995,3.737685e-07,0.3737685,0.0,4.294,1.114582e-06,1.114582
206,206,9.15264815e-05,91.5264815,0,1,105.41176470588236,,False,,0.0,4.318,3.444125e-07,0.3444125,0.0,4.261,5.282582e-07,0.5282582,0.8784313725490196,3.756,3.90019e-05,39.0019,0.0,4.23,4.282158e-07,0.4282158,0.0,3.977,2.112345e-05,21.12345,0.0,4.329,1.674398e-06,1.674398,0.0,3.995,2.697148e-05,26.97148,0.0,4.294,1.454367e-06,1.454367
207,207,2.8720845791e-05,28.720845791,0,2,23.05882352941176,,False,,0.0,4.318,2.101148e-07,0.2101148,0.0,4.261,1.550059e-07,0.1550059,0.0,4.164,8.212338e-06,8.212337999999999,0.0,4.23,9.618191e-09,0.009618191,0.192156862745098,3.786,8.27128e-06,8.27128,0.0,4.329,3.381044e-06,3.381044,0.0,3.995,7.58344e-06,7.58344,0.0,4.294,8.980049e-07,0.8980049
208,208,0.0001016285291,101.6285291,0,1,105.41176470588236,,False,,0.0,4.318,1.116755e-06,1.1167550000000002,0.8784313725490196,3.864,5.246382e-05,52.46382,0.0,4.164,2.713488e-06,2.713488,0.0,4.23,2.584006e-05,25.84006,0.0,3.977,1.819306e-06,1.819306,0.0,4.329,1.611746e-05,16.11746,0.0,3.995,4.152701e-07,0.4152701,0.0,4.294,1.14237e-06,1.14237
209,209,2.26502258e-05,22.6502258,0,1,23.05882352941176,,False,,0.0,4.318,2.310405e-07,0.2310405,0.0,4.261,1.305399e-05,13.05399,0.0,4.164,1.752061e-06,1.752061,0.192156862745098,4.054,4.273195e-06,4.273194999999999,0.0,3.977,1.21043e-06,1.21043,0.0,4.329,8.163074e-07,0.8163074,0.0,3.995,2.290829e-07,0.2290829,0.0,4.294,1.084119e-06,1.084119
210,210,8.237348759999999e-05,82.3734876,0,1,72.47058823529412,,False,,0.0,4.318,2.661514e-07,0.2661514,0.0,4.261,1.972212e-07,0.1972212,0.0,4.164,3.182091e-05,31.82091,0.0,4.23,1.645755e-07,0.1645754999999999,0.6039215686274509,3.622,2.476613e-05,24.76613,0.0,4.329,4.705451e-06,4.705451,0.0,3.995,1.969508e-05,19.69508,0.0,4.294,7.579685e-07,0.7579684999999999
211,211,6.831965759999999e-05,68.3196576,0,1,72.47058823529412,,False,,0.0,4.318,2.818921e-07,0.2818921,0.0,4.261,4.008157e-05,40.08157,0.0,4.164,2.028159e-06,2.028159,0.6039215686274509,3.901,1.554564e-05,15.54564,0.0,3.977,1.476463e-06,1.476463,0.0,4.329,7.466461e-06,7.466461000000001,0.0,3.995,2.907765e-07,0.2907765,0.0,4.294,1.148696e-06,1.148696
212,212,0.0001327979191,132.7979191,0,1,119.52941176470588,,False,,0.0,4.318,3.08256e-07,0.308256,0.0,4.261,2.184599e-07,0.2184598999999999,0.0,4.164,5.536304e-05,55.36304,0.0,4.23,4.53353e-07,0.453353,0.996078431372549,3.501,4.020728e-05,40.20728,0.0,4.329,5.465557e-06,5.465557,0.0,3.995,3.011891e-05,30.11891,0.0,4.294,6.630632e-07,0.6630632
213,213,0.0001112134713,111.2134713,0,1,119.52941176470588,,False,,0.0,4.318,2.892111e-07,0.2892111,0.0,4.261,6.403983e-05,64.03983000000001,0.0,4.164,2.147505e-06,2.147505,0.996078431372549,3.795,2.622043e-05,26.22043,0.0,3.977,1.626481e-06,1.6264809999999998,0.0,4.329,1.533499e-05,15.33499,0.0,3.995,3.729732e-07,0.3729732,0.0,4.294,1.182051e-06,1.182051
214,214,9.94673059e-05,99.4673059,0,1,114.35294117647057,,False,,0.0,4.318,3.552667e-07,0.3552667,0.0,4.261,5.564771e-07,0.5564771000000001,0.952941176470588,3.737,4.274986e-05,42.74986,0.0,4.23,4.938291e-07,0.4938291,0.0,3.977,2.298812e-05,22.98812,0.0,4.329,1.650011e-06,1.650011,0.0,3.995,2.91968e-05,29.1968,0.0,4.294,1.476942e-06,1.4769420000000002
215,215,0.0001087985022,108.7985022,0,1,96.47058823529412,,False,,0.0,4.318,2.896699e-07,0.2896699,0.0,4.261,2.099452e-07,0.2099452,0.0,4.164,4.397688e-05,43.97688,0.0,4.23,3.025614e-07,0.3025614,0.8039215686274511,3.557,3.288519e-05,32.88519,0.0,4.329,5.150989e-06,5.150989,0.0,3.995,2.527746e-05,25.27746,0.0,4.294,7.058067e-07,0.7058067
216,216,0.000110104313,110.104313,0,1,114.35294117647057,,False,,0.0,4.318,1.181719e-06,1.181719,0.952941176470588,3.845,5.677224e-05,56.77224,0.0,4.164,2.755929e-06,2.755929,0.0,4.23,2.81204e-05,28.1204,0.0,3.977,1.891159e-06,1.891159,0.0,4.329,1.781683e-05,17.81683,0.0,3.995,4.17429e-07,0.417429,0.0,4.294,1.148607e-06,1.1486070000000002
217,217,2.946191141e-05,29.46191141,0,1,32.0,,False,,0.0,4.318,2.558443e-07,0.2558442999999999,0.0,4.261,2.765851e-07,0.2765851,0.2666666666666666,3.938,9.984637e-06,9.984637,0.0,4.23,4.200801e-08,0.04200801,0.0,3.977,6.775262e-06,6.775262000000001,0.0,4.329,1.876844e-06,1.876844,0.0,3.995,8.98234e-06,8.98234,0.0,4.294,1.268391e-06,1.268391
218,218,8.99258902e-05,89.9258902,0,1,96.47058823529412,,False,,0.0,4.318,2.879988e-07,0.2879988,0.0,4.261,5.23094e-05,52.3094,0.0,4.164,2.099413e-06,2.099413,0.8039215686274511,3.846,2.089691e-05,20.89691,0.0,3.977,1.562595e-06,1.562595,0.0,4.329,1.126715e-05,11.26715,0.0,3.995,3.322644e-07,0.3322644,0.0,4.294,1.170159e-06,1.170159
219,219,2.056025043e-05,20.56025043,0,1,15.529411764705875,,False,,0.0,4.318,2.001885e-07,0.2001885,0.0,4.261,1.436816e-07,0.1436816,0.0,4.164,4.950651e-06,4.950651,0.0,4.23,2.251373e-08,0.02251373,0.1294117647058823,3.822,5.725348e-06,5.725347999999999,0.0,4.329,3.065896e-06,3.065896,0.0,3.995,5.514357e-06,5.514357,0.0,4.294,9.376146e-07,0.9376146
220,220,3.06751912e-05,30.6751912,0,1,32.0,,False,,0.0,4.318,5.494805e-07,0.5494804999999999,0.2666666666666666,4.056,1.524783e-05,15.24783,0.0,4.164,2.187544e-06,2.1875440000000004,0.0,4.23,6.742953e-06,6.742953,0.0,3.977,1.206679e-06,1.206679,0.0,4.329,3.315081e-06,3.315081,0.0,3.995,3.260797e-07,0.3260797,0.0,4.294,1.099544e-06,1.099544
221,221,6.39654029e-06,6.39654029,0,1,7.529411764705872,,False,,0.0,4.318,1.918853e-07,0.1918853,0.0,4.261,1.392044e-07,0.1392044,0.0627450980392156,4.073,3.875826e-07,0.3875826,0.0,4.23,7.241999e-08,0.07241999,0.0,3.977,1.218147e-06,1.218147,0.0,4.329,1.852493e-06,1.852493,0.0,3.995,1.423986e-06,1.423986,0.0,4.294,1.110822e-06,1.110822
222,222,1.65741291e-05,16.5741291,0,1,15.529411764705875,,False,,0.0,4.318,2.22406e-07,0.222406,0.0,4.261,9.136214e-06,9.136214,0.0,4.164,1.688575e-06,1.688575,0.1294117647058823,4.085,2.788483e-06,2.788483,0.0,3.977,1.156928e-06,1.156928,0.0,4.329,2.714408e-07,0.2714408,0.0,3.995,2.298283e-07,0.2298282999999999,0.0,4.294,1.080254e-06,1.080254
223,223,1.469788471e-05,14.69788471,0,1,10.8235294117647,,False,,0.0,4.318,1.896016e-07,0.1896016,0.0,4.261,1.337004e-07,0.1337004,0.0,4.164,2.781876e-06,2.781876,0.0,4.23,4.658611e-08,0.04658611,0.0901960784313725,3.854,3.885193e-06,3.885193,0.0,4.329,2.790734e-06,2.790734,0.0,3.995,3.912621e-06,3.912621000000001,0.0,4.294,9.575726e-07,0.9575726
224,224,5.8121074e-06,5.8121074,0,1,7.529411764705872,,False,,0.0,4.318,1.556379e-07,0.1556379,0.0627450980392156,4.261,9.35273e-08,0.0935273,0.0,4.164,1.343909e-06,1.343909,0.0,4.23,2.647649e-07,0.2647648999999999,0.0,3.977,9.026329e-07,0.9026329,0.0,4.329,1.744114e-06,1.744114,0.0,3.995,2.749404e-07,0.2749404,0.0,4.294,1.032581e-06,1.032581
225,225,1.1462046910000002e-05,11.46204691,0,1,11.764705882352928,,False,,0.0,4.318,2.129609e-07,0.2129609,0.0,4.261,1.777455e-07,0.1777455,0.0980392156862744,4.027,2.254581e-06,2.254581,0.0,4.23,2.838651e-08,0.02838651,0.0,3.977,2.476229e-06,2.476229,0.0,4.329,1.877827e-06,1.877827,0.0,3.995,3.270597e-06,3.2705970000000004,0.0,4.294,1.16372e-06,1.16372
226,226,1.113403156e-05,11.13403156,0,1,10.8235294117647,,False,,0.0,4.318,2.067357e-07,0.2067357,0.0,4.261,5.432717e-06,5.432717,0.0,4.164,1.612091e-06,1.612091,0.0901960784313725,4.121,1.468412e-06,1.4684119999999998,0.0,3.977,1.093693e-06,1.093693,0.0,4.329,1.407116e-08,0.01407116,0.0,3.995,2.337637e-07,0.2337637,0.0,4.294,1.072548e-06,1.072548
227,227,1.7604004310000002e-05,17.60400431,0,1,13.176470588235286,,False,,0.0,4.318,1.955853e-07,0.1955853,0.0,4.261,1.384978e-07,0.1384977999999999,0.0,4.164,3.835194e-06,3.835194,0.0,4.23,3.262521e-08,0.0326252099999999,0.1098039215686274,3.837,4.801675e-06,4.801675,0.0,4.329,2.92786e-06,2.92786,0.0,3.995,4.721724e-06,4.721724,0.0,4.294,9.50843e-07,0.950843
228,228,1.761384249e-05,17.61384249,0,1,11.764705882352928,,False,,0.0,4.318,1.950723e-07,0.1950723,0.0980392156862744,4.144,1.389119e-07,0.1389119,0.0,4.164,3.835537e-06,3.835537,0.0,4.23,3.238999e-08,0.03238999,0.0,3.977,4.797842e-06,4.797842,0.0,4.329,2.928886e-06,2.928886,0.0,3.995,4.731715e-06,4.731715,0.0,4.294,9.534883e-07,0.9534883
229,229,1.4574545900000002e-05,14.5745459,0,1,13.176470588235286,,False,,0.0,4.318,2.185743e-07,0.2185743,0.0,4.261,7.791132e-06,7.791132,0.0,4.164,1.664894e-06,1.664894,0.1098039215686274,4.097,2.307446e-06,2.307446,0.0,3.977,1.136575e-06,1.136575,0.0,4.329,1.397677e-07,0.1397677,0.0,3.995,2.306479e-07,0.2306479,0.0,4.294,1.085509e-06,1.085509
230,230,5.80538434e-06,5.80538434,0,1,11.29411764705882,,False,,0.0,4.318,1.566917e-07,0.1566917,0.0,4.261,9.397604e-08,0.09397604,0.0941176470588235,4.164,1.341826e-06,1.3418260000000002,0.0,4.23,2.623364e-07,0.2623364,0.0,3.977,8.985968e-07,0.8985968,0.0,4.329,1.745644e-06,1.745644,0.0,3.995,2.755504e-07,0.2755504,0.0,4.294,1.030763e-06,1.030763
231,231,1.08142757e-05,10.8142757,0,1,11.29411764705882,,False,,0.0,4.318,3.257883e-07,0.3257883,0.0941176470588235,4.152,4.116251e-06,4.116251,0.0,4.164,1.818787e-06,1.818787,0.0,4.23,1.464357e-06,1.464357,0.0,3.977,1.004057e-06,1.004057,0.0,4.329,7.324744e-07,0.7324744,0.0,3.995,2.92704e-07,0.292704,0.0,4.294,1.059857e-06,1.059857
232,232,6.3147355e-06,6.314735500000001,0,1,7.999999999999991,,False,,0.0,4.318,1.912993e-07,0.1912993,0.0,4.261,1.399121e-07,0.1399121,0.0666666666666666,4.074,3.585063e-07,0.3585063,0.0,4.23,7.44838e-08,0.0744838,0.0,3.977,1.195836e-06,1.195836,0.0,4.329,1.847751e-06,1.847751,0.0,3.995,1.390793e-06,1.390793,0.0,4.294,1.116154e-06,1.116154
233,233,1.16311823e-05,11.6311823,0,1,7.999999999999991,,False,,0.0,4.318,3.369691e-07,0.3369691,0.0666666666666666,4.146,4.605365e-06,4.605365,0.0,4.164,1.841878e-06,1.841878,0.0,4.23,1.677497e-06,1.677497,0.0,3.977,1.007429e-06,1.007429,0.0,4.329,8.041316e-07,0.8041316000000001,0.0,3.995,2.949176e-07,0.2949176,0.0,4.294,1.062995e-06,1.062995
234,234,6.398841849999999e-05,63.9884185,0,1,72.94117647058823,,False,,0.0,4.318,3.108661e-07,0.3108661,0.0,4.261,4.225306e-07,0.4225306,0.6078431372549019,3.828,2.583946e-05,25.83946,0.0,4.23,2.276188e-07,0.2276188,0.0,3.977,1.485846e-05,14.85846,0.0,4.329,1.789749e-06,1.789749,0.0,3.995,1.915083e-05,19.15083,0.0,4.294,1.388904e-06,1.388904
235,235,7.28119593e-05,72.8119593,0,1,72.94117647058823,,False,,0.0,4.318,9.115248e-07,0.9115248,0.6078431372549019,3.932,3.754971e-05,37.54971,0.0,4.164,2.57405e-06,2.57405,0.0,4.23,1.805114e-05,18.05114,0.0,3.977,1.579616e-06,1.579616,0.0,4.329,1.064024e-05,10.64024,0.0,3.995,3.795155e-07,0.3795155,0.0,4.294,1.126163e-06,1.126163
236,236,0.0001279873068,127.9873068,0,1,113.88235294117646,,False,,0.0,4.318,3.060138e-07,0.3060138,0.0,4.261,2.14619e-07,0.214619,0.0,4.164,5.309032e-05,53.09032,0.0,4.23,4.24118e-07,0.424118,0.9490196078431372,3.512,3.871319e-05,38.71319,0.0,4.329,5.405689e-06,5.405689,0.0,3.995,2.915822e-05,29.15822,0.0,4.294,6.75137e-07,0.675137
4,237,0.0001064358356,106.4358356,0,1,113.88235294117646,,False,explicit_power_anomaly_remeasure,0.0,4.318,2.984735e-07,0.2984735,0.0,4.261,6.132088e-05,61.32088,0.0,4.164,2.19318e-06,2.19318,0.9490196078431372,3.806,2.503236e-05,25.03236,0.0,3.977,1.636665e-06,1.636665,0.0,4.329,1.442185e-05,14.42185,0.0,3.995,3.568061e-07,0.3568061,0.0,4.294,1.175621e-06,1.175621
238,238,0.0001037393777,103.7393777,0,1,118.11764705882352,,False,,0.0,4.318,3.626376e-07,0.3626376,0.0,4.261,5.712756e-07,0.5712756,0.984313725490196,3.727,4.469698e-05,44.69698,0.0,4.23,5.300395e-07,0.5300395,0.0,3.977,2.39992e-05,23.9992,0.0,4.329,1.64431e-06,1.64431,0.0,3.995,3.04372e-05,30.4372,0.0,4.294,1.497735e-06,1.497735
239,239,0.0001123244771999,112.3244772,0,1,102.5882352941176,,False,,0.0,4.318,2.94177e-07,0.2941769999999999,0.0,4.261,2.08916e-07,0.208916,0.0,4.164,4.571857e-05,45.71857,0.0,4.23,3.270728e-07,0.3270728,0.8549019607843135,3.549,3.393133e-05,33.93133,0.0,4.329,5.201314e-06,5.201314,0.0,3.995,2.593473e-05,25.93473,0.0,4.294,7.083674e-07,0.7083674
240,240,0.0001148789837,114.8789837,0,1,118.11764705882352,,False,,0.0,4.318,1.212901e-06,1.212901,0.984313725490196,3.835,5.918827e-05,59.18827,0.0,4.164,2.77237e-06,2.77237,0.0,4.23,2.944878e-05,29.44878,0.0,3.977,1.932309e-06,1.932309,0.0,4.329,1.87297e-05,18.7297,0.0,3.995,4.330577e-07,0.4330577,0.0,4.294,1.161596e-06,1.161596
241,241,9.59035078e-05,95.9035078,0,1,102.5882352941176,,False,,0.0,4.318,2.98484e-07,0.298484,0.0,4.261,5.553626e-05,55.536260000000006,0.0,4.164,2.114885e-06,2.114885,0.8549019607843135,3.831,2.240606e-05,22.40606,0.0,3.977,1.577681e-06,1.577681,0.0,4.329,1.244482e-05,12.44482,0.0,3.995,3.443678e-07,0.3443678,0.0,4.294,1.18095e-06,1.1809500000000002
242,242,2.560050464e-05,25.60050464,0,1,20.23529411764705,,False,,0.0,4.318,2.07121e-07,0.207121,0.0,4.261,1.501072e-07,0.1501072,0.0,4.164,6.934333e-06,6.9343330000000005,0.0,4.23,1.366884e-08,0.01366884,0.1686274509803921,3.799,7.302134e-06,7.302134,0.0,4.329,3.263381e-06,3.263381,0.0,3.995,6.803964e-06,6.803964000000001,0.0,4.294,9.257956e-07,0.9257956
243,243,5.29537957e-06,5.29537957,0,1,6.588235294117643,,False,,0.0,4.318,1.852278e-07,0.1852278,0.0,4.261,1.27964e-07,0.127964,0.0549019607843137,4.09,8.233009e-08,0.08233009,0.0,4.23,9.823488e-08,0.09823488,0.0,3.977,9.256236e-07,0.9256236,0.0,4.329,1.831874e-06,1.831874,0.0,3.995,9.447392e-07,0.9447392,0.0,4.294,1.099386e-06,1.099386
244,244,2.07772633e-05,20.7772633,0,1,20.23529411764705,,False,,0.0,4.318,2.327001e-07,0.2327001,0.0,4.261,1.183498e-05,11.83498,0.0,4.164,1.743623e-06,1.743623,0.1686274509803921,4.063,3.811955e-06,3.811955,0.0,3.977,1.197606e-06,1.197606,0.0,4.329,6.290126e-07,0.6290126,0.0,3.995,2.317046e-07,0.2317046,0.0,4.294,1.095682e-06,1.095682
245,245,5.7960307e-06,5.7960307,0,2,6.588235294117643,,False,,0.0,4.318,1.55894e-07,0.155894,0.0549019607843137,4.261,9.32778e-08,0.0932778,0.0,4.164,1.342664e-06,1.342664,0.0,4.23,2.61779e-07,0.261779,0.0,3.977,8.950847e-07,0.8950847,0.0,4.329,1.741741e-06,1.741741,0.0,3.995,2.753982e-07,0.2753982,0.0,4.294,1.030192e-06,1.030192
246,246,1.655410238e-05,16.55410238,0,1,12.235294117647047,,False,,0.0,4.318,1.92863e-07,0.192863,0.0,4.261,1.365187e-07,0.1365187,0.0,4.164,3.46117e-06,3.46117,0.0,4.23,3.620408e-08,0.03620408,0.1019607843137254,3.843,4.467211e-06,4.467211000000001,0.0,4.329,2.872627e-06,2.872627,0.0,3.995,4.443001e-06,4.443001,0.0,4.294,9.445076e-07,0.9445076
247,247,5.43840339e-06,5.43840339,0,1,6.1176470588235246,,False,,0.0,4.318,1.85328e-07,0.185328,0.0,4.261,1.304324e-07,0.1304324,0.0509803921568627,4.087,1.210403e-07,0.1210403,0.0,4.23,9.324109e-08,0.09324109,0.0,3.977,9.687886e-07,0.9687886,0.0,4.329,1.840738e-06,1.840738,0.0,3.995,1.011635e-06,1.011635,0.0,4.294,1.0872e-06,1.0872
248,248,1.162364252e-05,11.62364252,0,1,12.235294117647047,,False,,0.0,4.318,2.054468e-07,0.2054467999999999,0.0,4.261,5.811207e-06,5.8112070000000005,0.0,4.164,1.613866e-06,1.613866,0.1019607843137254,4.117,1.593965e-06,1.593965,0.0,3.977,1.095472e-06,1.095472,0.0,4.329,2.379172e-08,0.02379172,0.0,3.995,2.28402e-07,0.228402,0.0,4.294,1.051492e-06,1.051492
249,249,1.094353145e-05,10.94353145,0,1,7.058823529411764,,False,,0.0,4.318,1.820882e-07,0.1820882,0.0,4.261,1.249242e-07,0.1249242,0.0,4.164,1.544387e-06,1.544387,0.0,4.23,7.522945e-08,0.0752294499999999,0.0588235294117647,3.88,2.694867e-06,2.694867,0.0,4.329,2.566003e-06,2.566003,0.0,3.995,2.792601e-06,2.792601,0.0,4.294,9.634316e-07,0.9634316
250,250,5.792612699999999e-06,5.7926127,0,1,6.1176470588235246,,False,,0.0,4.318,1.551748e-07,0.1551748,0.0509803921568627,4.261,9.24806e-08,0.0924806,0.0,4.164,1.340649e-06,1.340649,0.0,4.23,2.643443e-07,0.2643443,0.0,3.977,8.987628e-07,0.8987628,0.0,4.329,1.740793e-06,1.740793,0.0,3.995,2.753692e-07,0.2753692,0.0,4.294,1.025039e-06,1.025039
251,251,3.762816962e-05,37.62816962,0,1,41.882352941176464,,False,,0.0,4.318,2.684272e-07,0.2684272,0.0,4.261,3.13155e-07,0.313155,0.3490196078431372,3.908,1.371636e-05,13.71636,0.0,4.23,7.624942e-08,0.07624942,0.0,3.977,8.646768e-06,8.646768000000002,0.0,4.329,1.856218e-06,1.856218,0.0,3.995,1.146086e-05,11.46086,0.0,4.294,1.290132e-06,1.290132
252,252,6.9270374e-06,6.9270374,0,1,7.058823529411764,,False,,0.0,4.318,1.866977e-07,0.1866977,0.0,4.261,2.21449e-06,2.21449,0.0,4.164,1.504534e-06,1.504534,0.0588235294117647,4.164,4.715076e-07,0.4715075999999999,0.0,3.977,1.011537e-06,1.011537,0.0,4.329,2.427121e-07,0.2427121,0.0,3.995,2.43385e-07,0.243385,0.0,4.294,1.052174e-06,1.052174
253,253,7.96657593e-05,79.66575929999999,0,1,69.17647058823528,,False,,0.0,4.318,2.652558e-07,0.2652558,0.0,4.261,1.96049e-07,0.196049,0.0,4.164,3.057358e-05,30.57358,0.0,4.23,1.514395e-07,0.1514395,0.576470588235294,3.629,2.397272e-05,23.97272,0.0,4.329,4.663611e-06,4.663611,0.0,3.995,1.907768e-05,19.07768,0.0,4.294,7.65424e-07,0.765424
254,254,3.97610251e-05,39.7610251,0,1,41.882352941176464,,False,,0.0,4.318,6.40024e-07,0.640024,0.3490196078431372,4.024,2.013482e-05,20.13482,0.0,4.164,2.291745e-06,2.291745,0.0,4.23,9.180295e-06,9.180295,0.0,3.977,1.285875e-06,1.285875,0.0,4.329,4.808566e-06,4.808566,0.0,3.995,3.323751e-07,0.3323751,0.0,4.294,1.087325e-06,1.087325
255,255,0.0001028434185,102.8434185,0,1,118.5882352941176,,False,,0.0,4.318,3.599022e-07,0.3599022,0.0,4.261,5.662267e-07,0.5662267,0.9882352941176468,3.729,4.434371e-05,44.34371,0.0,4.23,5.230946e-07,0.5230946,0.0,3.977,2.37501e-05,23.7501,0.0,4.329,1.633689e-06,1.633689,0.0,3.995,3.017803e-05,30.17803,0.0,4.294,1.488666e-06,1.488666
256,256,6.518370929999999e-05,65.18370929999999,0,1,69.17647058823528,,False,,0.0,4.318,2.785677e-07,0.2785677,0.0,4.261,3.831379e-05,38.31379,0.0,4.164,2.013542e-06,2.013542,0.576470588235294,3.91,1.473666e-05,14.73666,0.0,3.977,1.458871e-06,1.458871,0.0,4.329,6.963292e-06,6.963292,0.0,3.995,2.821576e-07,0.2821576,0.0,4.294,1.136829e-06,1.136829
257,257,0.0001148811035999,114.8811036,0,1,118.5882352941176,,False,,0.0,4.318,1.217733e-06,1.2177330000000002,0.9882352941176468,3.834,5.918272e-05,59.18272,0.0,4.164,2.775203e-06,2.775203,0.0,4.23,2.939644e-05,29.39644,0.0,3.977,1.930537e-06,1.930537,0.0,4.329,1.879681e-05,18.79681,0.0,3.995,4.270866e-07,0.4270866,0.0,4.294,1.154574e-06,1.154574
258,258,3.728838994e-05,37.28838994,0,1,30.588235294117645,,False,,0.0,4.318,2.216959e-07,0.2216959,0.0,4.261,1.64593e-07,0.164593,0.0,4.164,1.178486e-05,11.78486,0.0,4.23,1.556014e-08,0.01556014,0.2549019607843137,3.754,1.094018e-05,10.94018,0.0,4.329,3.654154e-06,3.654154,0.0,3.995,9.63338e-06,9.63338,0.0,4.294,8.739669e-07,0.8739669
259,259,4.42310604e-05,44.2310604,0,1,49.411764705882334,,False,,0.0,4.318,2.803383e-07,0.2803383,0.0,4.261,3.41606e-07,0.341606,0.4117647058823528,3.886,1.673559e-05,16.73559,0.0,4.23,1.078071e-07,0.1078071,0.0,3.977,1.022287e-05,10.22287,0.0,4.329,1.835451e-06,1.835451,0.0,3.995,1.339503e-05,13.39503,0.0,4.294,1.312368e-06,1.3123680000000002
260,260,3.01351911e-05,30.1351911,0,1,30.588235294117645,,False,,0.0,4.318,2.416607e-07,0.2416607,0.0,4.261,1.769792e-05,17.69792,0.0,4.164,1.819417e-06,1.819417,0.2549019607843137,4.022,6.100763e-06,6.100763,0.0,3.977,1.266178e-06,1.266178,0.0,4.329,1.684675e-06,1.684675,0.0,3.995,2.340254e-07,0.2340254,0.0,4.294,1.090552e-06,1.090552
261,261,3.150789816e-05,31.50789816,0,1,25.411764705882348,,False,,0.0,4.318,2.151527e-07,0.2151527,0.0,4.261,1.579014e-07,0.1579014,0.0,4.164,9.359265e-06,9.359265,0.0,4.23,1.086576e-08,0.01086576,0.2117647058823529,3.775,9.134177e-06,9.134177,0.0,4.329,3.470755e-06,3.470755,0.0,3.995,8.268921e-06,8.268921,0.0,4.294,8.908603e-07,0.8908603
262,262,5.05872606e-05,50.58726059999999,0,1,49.411764705882334,,False,,0.0,4.318,7.363677e-07,0.7363677,0.4117647058823528,3.991,2.585419e-05,25.85419,0.0,4.164,2.40198e-06,2.40198,0.0,4.23,1.209378e-05,12.09378,0.0,3.977,1.385762e-06,1.385762,0.0,4.329,6.672067e-06,6.672067,0.0,3.995,3.462809e-07,0.3462809,0.0,4.294,1.096833e-06,1.0968330000000002
263,263,2.379771911e-05,23.79771911,0,1,26.823529411764707,,False,,0.0,4.318,2.429537e-07,0.2429537,0.0,4.261,2.464748e-07,0.2464748,0.2235294117647059,3.961,7.48663e-06,7.48663,0.0,4.23,2.717961e-08,0.02717961,0.0,3.977,5.431006e-06,5.431006,0.0,4.329,1.878656e-06,1.878656,0.0,3.995,7.253432e-06,7.253432,0.0,4.294,1.231387e-06,1.231387
264,264,2.47957976e-05,24.7957976,0,1,25.411764705882348,,False,,0.0,4.318,2.369485e-07,0.2369485,0.0,4.261,1.439078e-05,14.39078,0.0,4.164,1.773641e-06,1.773641,0.2117647058823529,4.044,4.794165e-06,4.794165,0.0,3.977,1.229682e-06,1.229682,0.0,4.329,1.053235e-06,1.053235,0.0,3.995,2.298341e-07,0.2298341,0.0,4.294,1.087512e-06,1.087512
265,265,3.961077137e-05,39.61077137,0,1,32.4705882352941,,False,,0.0,4.318,2.25748e-07,0.225748,0.0,4.261,1.668253e-07,0.1668252999999999,0.0,4.164,1.27668e-05,12.7668,0.0,4.23,1.935267e-08,0.01935267,0.2705882352941175,3.746,1.16545e-05,11.6545,0.0,4.329,3.727002e-06,3.727002,0.0,3.995,1.018373e-05,10.18373,0.0,4.294,8.668134e-07,0.8668134000000001
266,266,2.66411216e-05,26.6411216,0,1,26.823529411764707,,False,,0.0,4.318,5.087845e-07,0.5087845,0.2235294117647059,4.071,1.307305e-05,13.07305,0.0,4.164,2.124166e-06,2.124166,0.0,4.23,5.675398e-06,5.675398,0.0,3.977,1.159399e-06,1.159399,0.0,4.329,2.709632e-06,2.709632,0.0,3.995,3.139811e-07,0.3139810999999999,0.0,4.294,1.076711e-06,1.0767110000000002
267,267,2.27229208e-05,22.7229208,0,1,24.94117647058824,,False,,0.0,4.318,2.414416e-07,0.2414416,0.0,4.261,2.418044e-07,0.2418043999999999,0.207843137254902,3.966,7.026451e-06,7.026451,0.0,4.23,2.42548e-08,0.0242548,0.0,3.977,5.176334e-06,5.176334000000001,0.0,4.329,1.878493e-06,1.878493,0.0,3.995,6.911732e-06,6.911732000000001,0.0,4.294,1.22241e-06,1.22241
268,268,3.26513946e-05,32.6513946,0,1,32.4705882352941,,False,,0.0,4.318,2.496747e-07,0.2496747,0.0,4.261,1.919918e-05,19.19918,0.0,4.164,1.840821e-06,1.840821,0.2705882352941175,4.012,6.726535e-06,6.726535,0.0,3.977,1.283156e-06,1.283156,0.0,4.329,2.011918e-06,2.011918,0.0,3.995,2.375769e-07,0.2375768999999999,0.0,4.294,1.102533e-06,1.102533
269,269,4.311493135e-05,43.11493135,0,1,35.76470588235294,,False,,0.0,4.318,2.293863e-07,0.2293863,0.0,4.261,1.687151e-07,0.1687151,0.0,4.164,1.427351e-05,14.27351,0.0,4.23,2.472145e-08,0.02472145,0.2980392156862745,3.734,1.274118e-05,12.74118,0.0,4.329,3.825591e-06,3.825591,0.0,3.995,1.100113e-05,11.001130000000002,0.0,4.294,8.506975e-07,0.8506975
270,270,2.5267763e-05,25.267763,0,1,24.94117647058824,,False,,0.0,4.318,5.010542e-07,0.5010542,0.207843137254902,4.076,1.231475e-05,12.31475,0.0,4.164,2.107141e-06,2.1071410000000004,0.0,4.23,5.296574e-06,5.296574,0.0,3.977,1.146979e-06,1.146979,0.0,4.329,2.520645e-06,2.520645,0.0,3.995,3.114598e-07,0.3114597999999999,0.0,4.294,1.06916e-06,1.06916
271,271,2.406685958e-05,24.06685958,0,1,27.76470588235293,,False,,0.0,4.318,2.442425e-07,0.2442424999999999,0.0,4.261,2.478262e-07,0.2478262,0.2313725490196078,3.96,7.615486e-06,7.615486000000001,0.0,4.23,2.719088e-08,0.02719088,0.0,3.977,5.491701e-06,5.491701,0.0,4.329,1.885057e-06,1.885057,0.0,3.995,7.329132e-06,7.329131999999999,0.0,4.294,1.226224e-06,1.226224
272,272,3.43294995e-05,34.329499500000004,0,1,35.76470588235294,,False,,0.0,4.318,2.507335e-07,0.2507335,0.0,4.261,2.024424e-05,20.24424,0.0,4.164,1.847327e-06,1.847327,0.2980392156862745,4.006,7.127518e-06,7.127518,0.0,3.977,1.294019e-06,1.2940189999999998,0.0,4.329,2.224929e-06,2.224929,0.0,3.995,2.36799e-07,0.236799,0.0,4.294,1.103934e-06,1.103934
273,273,4.431967524e-05,44.31967524,0,1,36.70588235294117,,False,,0.0,4.318,2.304625e-07,0.2304625,0.0,4.261,1.716398e-07,0.1716398,0.0,4.164,1.478953e-05,14.78953,0.0,4.23,2.746174e-08,0.02746174,0.3058823529411764,3.73,1.311923e-05,13.11923,0.0,4.329,3.856132e-06,3.856132,0.0,3.995,1.127131e-05,11.27131,0.0,4.294,8.539092e-07,0.8539092
274,274,2.83221279e-05,28.3221279,0,1,27.76470588235293,,False,,0.0,4.318,5.322888e-07,0.5322888,0.2313725490196078,4.064,1.397763e-05,13.97763,0.0,4.164,2.150072e-06,2.150072,0.0,4.23,6.111033e-06,6.111033,0.0,3.977,1.174704e-06,1.174704,0.0,4.329,2.993347e-06,2.993347,0.0,3.995,3.171501e-07,0.3171501,0.0,4.294,1.065903e-06,1.0659029999999998
275,275,2.427524503e-05,24.27524503,0,1,29.6470588235294,,False,,0.0,4.318,2.435616e-07,0.2435616,0.0,4.261,2.508329e-07,0.2508329,0.2470588235294117,3.959,7.720789e-06,7.720789000000001,0.0,4.23,2.765453e-08,0.02765453,0.0,3.977,5.537311e-06,5.537311000000001,0.0,4.329,1.885142e-06,1.885142,0.0,3.995,7.382117e-06,7.382117,0.0,4.294,1.227837e-06,1.227837
276,276,3.55900341e-05,35.5900341,0,1,36.70588235294117,,False,,0.0,4.318,2.52517e-07,0.252517,0.0,4.261,2.099312e-05,20.99312,0.0,4.164,1.855077e-06,1.855077,0.3058823529411764,4.001,7.453752e-06,7.453752,0.0,3.977,1.299672e-06,1.2996720000000002,0.0,4.329,2.401324e-06,2.401324,0.0,3.995,2.380561e-07,0.2380561,0.0,4.294,1.096516e-06,1.096516
277,277,4.502757469e-05,45.02757469,0,1,37.17647058823529,,False,,0.0,4.318,2.296313e-07,0.2296313,0.0,4.261,1.73472e-07,0.173472,0.0,4.164,1.510979e-05,15.10979,0.0,4.23,2.845089e-08,0.02845089,0.3098039215686274,3.728,1.330817e-05,13.30817,0.0,4.329,3.87364e-06,3.87364,0.0,3.995,1.144936e-05,11.44936,0.0,4.294,8.550605e-07,0.8550605
278,278,3.00452114e-05,30.0452114,0,1,29.6470588235294,,False,,0.0,4.318,5.462105e-07,0.5462105,0.2470588235294117,4.058,1.491625e-05,14.91625,0.0,4.164,2.165784e-06,2.165784,0.0,4.23,6.581356e-06,6.581356,0.0,3.977,1.192283e-06,1.192283,0.0,4.329,3.240941e-06,3.240941,0.0,3.995,3.200199e-07,0.3200198999999999,0.0,4.294,1.082367e-06,1.082367
279,279,3.64140265e-05,36.4140265,0,1,37.17647058823529,,False,,0.0,4.318,2.509637e-07,0.2509637,0.0,4.261,2.149412e-05,21.49412,0.0,4.164,1.85979e-06,1.85979,0.3098039215686274,3.998,7.655755e-06,7.655755000000001,0.0,3.977,1.305018e-06,1.305018,0.0,4.329,2.515217e-06,2.515217,0.0,3.995,2.384068e-07,0.2384067999999999,0.0,4.294,1.094756e-06,1.0947559999999998
280,280,8.90614785e-05,89.06147849999999,0,1,77.64705882352942,,False,,0.0,4.318,2.72526e-07,0.272526,0.0,4.261,2.017798e-07,0.2017797999999999,0.0,4.164,3.488586e-05,34.88586,0.0,4.23,1.962014e-07,0.1962014,0.6470588235294118,3.605,2.683843e-05,26.83843,0.0,4.329,4.805208e-06,4.805208,0.0,3.995,2.11249e-05,21.1249,0.0,4.294,7.365733e-07,0.7365733
281,281,6.7806082e-05,67.806082,0,1,77.1764705882353,,False,,0.0,4.318,3.134313e-07,0.3134313,0.0,4.261,4.383254e-07,0.4383254,0.6431372549019608,3.817,2.772093e-05,27.72093,0.0,4.23,2.505163e-07,0.2505163,0.0,3.977,1.569109e-05,15.69109,0.0,4.329,1.757147e-06,1.7571469999999998,0.0,3.995,2.02491e-05,20.2491,0.0,4.294,1.385542e-06,1.385542
282,282,7.388629590000001e-05,73.88629590000001,0,1,77.64705882352942,,False,,0.0,4.318,2.811194e-07,0.2811194,0.0,4.261,4.323486e-05,43.23486,0.0,4.164,2.043189e-06,2.043189,0.6470588235294118,3.886,1.6931e-05,16.931,0.0,3.977,1.487096e-06,1.487096,0.0,4.329,8.472456e-06,8.472456000000001,0.0,3.995,2.971055e-07,0.2971055,0.0,4.294,1.13947e-06,1.13947
283,283,7.389219349999999e-05,73.8921935,0,1,66.8235294117647,,False,,0.0,4.318,2.578835e-07,0.2578835,0.0,4.261,1.940683e-07,0.1940683,0.0,4.164,2.796682e-05,27.96682,0.0,4.23,1.245841e-07,0.1245840999999999,0.5568627450980391,3.644,2.217614e-05,22.17614,0.0,4.329,4.525836e-06,4.525836,0.0,3.995,1.787696e-05,17.87696,0.0,4.294,7.699016e-07,0.7699016
284,284,7.48465718e-05,74.84657179999999,0,1,77.1764705882353,,False,,0.0,4.318,9.252494e-07,0.9252494,0.6431372549019608,3.926,3.856612e-05,38.56612,0.0,4.164,2.57436e-06,2.57436,0.0,4.23,1.863607e-05,18.63607,0.0,3.977,1.587734e-06,1.587734,0.0,4.329,1.106572e-05,11.06572,0.0,3.995,3.760254e-07,0.3760254,0.0,4.294,1.115293e-06,1.115293
285,285,2.11783163e-05,21.1783163,0,1,23.52941176470588,,False,,0.0,4.318,2.355596e-07,0.2355596,0.0,4.261,2.332881e-07,0.2332881,0.196078431372549,3.973,6.372913e-06,6.3729130000000005,0.0,4.23,2.20626e-08,0.0220625999999999,0.0,3.977,4.809297e-06,4.809297,0.0,4.329,1.878199e-06,1.878199,0.0,3.995,6.420494e-06,6.420494,0.0,4.294,1.206503e-06,1.206503
286,286,6.453777909999999e-05,64.5377791,0,1,66.8235294117647,,False,,0.0,4.318,2.757612e-07,0.2757612,0.0,4.261,3.793224e-05,37.93224,0.0,4.164,2.009528e-06,2.009528,0.5568627450980391,3.911,1.457955e-05,14.57955,0.0,3.977,1.447915e-06,1.4479149999999998,0.0,4.329,6.883681e-06,6.883681,0.0,3.995,2.802109e-07,0.2802109,0.0,4.294,1.128893e-06,1.128893
287,287,3.443263162e-05,34.43263162,0,1,28.23529411764705,,False,,0.0,4.318,2.15757e-07,0.215757,0.0,4.261,1.636352e-07,0.1636352,0.0,4.164,1.060243e-05,10.60243,0.0,4.23,1.228512e-08,0.01228512,0.2352941176470588,3.764,1.003843e-05,10.03843,0.0,4.329,3.559758e-06,3.559758,0.0,3.995,8.964451e-06,8.964451,0.0,4.294,8.758853e-07,0.8758853
288,288,2.31278554e-05,23.1278554,0,1,23.52941176470588,,False,,0.0,4.318,4.756956e-07,0.4756956,0.196078431372549,4.085,1.114234e-05,11.14234,0.0,4.164,2.068126e-06,2.068126,0.0,4.23,4.723222e-06,4.723222,0.0,3.977,1.12282e-06,1.12282,0.0,4.329,2.223682e-06,2.223682,0.0,3.995,3.084288e-07,0.3084288,0.0,4.294,1.063541e-06,1.0635409999999998
289,289,4.058922132e-05,40.58922132,0,1,45.17647058823529,,False,,0.0,4.318,2.723226e-07,0.2723226,0.0,4.261,3.274025e-07,0.3274025,0.3764705882352941,3.898,1.506457e-05,15.06457,0.0,4.23,9.068322e-08,0.09068322,0.0,3.977,9.364187e-06,9.364187,0.0,4.329,1.850378e-06,1.850378,0.0,3.995,1.23245e-05,12.3245,0.0,4.294,1.295178e-06,1.295178
290,290,2.68285639e-05,26.8285639,0,1,28.23529411764705,,False,,0.0,4.318,2.397873e-07,0.2397873,0.0,4.261,1.565707e-05,15.65707,0.0,4.164,1.783179e-06,1.783179,0.2352941176470588,4.035,5.301612e-06,5.301612,0.0,3.977,1.236052e-06,1.2360520000000002,0.0,4.329,1.289715e-06,1.289715,0.0,3.995,2.315766e-07,0.2315766,0.0,4.294,1.089572e-06,1.089572
291,291,4.61582619e-05,46.1582619,0,1,45.17647058823529,,False,,0.0,4.318,6.888513e-07,0.6888513,0.3764705882352941,4.004,2.356981e-05,23.56981,0.0,4.164,2.348535e-06,2.348535,0.0,4.23,1.088852e-05,10.88852,0.0,3.977,1.337598e-06,1.337598,0.0,4.329,5.896882e-06,5.896882,0.0,3.995,3.408486e-07,0.3408486,0.0,4.294,1.087217e-06,1.087217
292,292,8.22528823e-05,82.25288230000001,0,1,93.6470588235294,,False,,0.0,4.318,3.316682e-07,0.3316681999999999,0.0,4.261,4.93031e-07,0.493031,0.7803921568627451,3.779,3.453744e-05,34.537440000000004,0.0,4.23,3.589871e-07,0.3589871,0.0,3.977,1.905207e-05,19.05207,0.0,4.329,1.717265e-06,1.717265,0.0,3.995,2.433908e-05,24.33908,0.0,4.294,1.423341e-06,1.423341
293,293,9.01159163e-05,90.1159163,0,1,93.6470588235294,,False,,0.0,4.318,1.037756e-06,1.037756,0.7803921568627451,3.889,4.648909e-05,46.48909,0.0,4.164,2.659742e-06,2.659742,0.0,4.23,2.271542e-05,22.71542,0.0,3.977,1.714761e-06,1.714761,0.0,4.329,1.398118e-05,13.98118,0.0,3.995,3.939643e-07,0.3939643,0.0,4.294,1.124003e-06,1.124003
294,294,9.06751975e-05,90.6751975,0,1,79.52941176470587,,False,,0.0,4.318,2.733786e-07,0.2733785999999999,0.0,4.261,2.021142e-07,0.2021142,0.0,4.164,3.566202e-05,35.66202,0.0,4.23,2.075378e-07,0.2075378,0.6627450980392156,3.601,2.732791e-05,27.32791,0.0,4.329,4.839695e-06,4.839695,0.0,3.995,2.143218e-05,21.43218,0.0,4.294,7.303619e-07,0.7303619
295,295,7.46791721e-05,74.6791721,0,1,79.52941176470587,,False,,0.0,4.318,2.781698e-07,0.2781698,0.0,4.261,4.367671e-05,43.67671,0.0,4.164,2.046912e-06,2.0469120000000003,0.6627450980392156,3.884,1.712657e-05,17.12657,0.0,3.977,1.489823e-06,1.489823,0.0,4.329,8.623966e-06,8.623966,0.0,3.995,2.977403e-07,0.2977403,0.0,4.294,1.139281e-06,1.139281
296,296,6.579460577e-05,65.79460577,0,1,56.94117647058823,,False,,0.0,4.318,2.487507e-07,0.2487507,0.0,4.261,1.891445e-07,0.1891445,0.0,4.164,2.432394e-05,24.32394,0.0,4.23,9.163497e-08,0.09163497,0.4745098039215686,3.666,1.970525e-05,19.70525,0.0,4.329,4.351713e-06,4.351713,0.0,3.995,1.609693e-05,16.09693,0.0,4.294,7.872426e-07,0.7872426
297,297,5.74997766e-06,5.74997766,0,1,9.88235294117646,,False,,0.0,4.318,1.535335e-07,0.1535335,0.0,4.261,9.347266e-08,0.09347266,0.0823529411764705,4.164,1.332299e-06,1.332299,0.0,4.23,2.654626e-07,0.2654626,0.0,3.977,8.91655e-07,0.891655,0.0,4.329,1.724972e-06,1.7249720000000002,0.0,3.995,2.742769e-07,0.2742769,0.0,4.294,1.014306e-06,1.014306
298,298,5.44548416e-05,54.4548416,0,1,56.94117647058823,,False,,0.0,4.318,2.70211e-07,0.270211,0.0,4.261,3.209068e-05,32.09068,0.0,4.164,1.967768e-06,1.967768,0.4745098039215686,3.94,1.211018e-05,12.11018,0.0,3.977,1.398459e-06,1.398459,0.0,4.329,5.234778e-06,5.234778,0.0,3.995,2.643586e-07,0.2643586,0.0,4.294,1.118407e-06,1.118407
299,299,1.0306063550000002e-05,10.30606355,0,1,9.88235294117646,,False,,0.0,4.318,3.272139e-07,0.3272139,0.0823529411764705,4.15,4.24339e-06,4.24339,0.0,4.164,1.807232e-06,1.807232,0.0,4.23,1.52194e-06,1.52194,0.0,3.977,9.932444e-07,0.9932444,0.0,4.329,7.509915e-08,0.07509915,0.0,3.995,2.902641e-07,0.2902641,0.0,4.294,1.04768e-06,1.04768
5,300,3.674283152e-05,36.74283152,0,1,10.35294117647058,,False,explicit_power_anomaly_remeasure,0.0,4.318,2.678386e-07,0.2678386,0.0,4.261,3.003866e-07,0.3003866,0.0862745098039215,3.911,1.332936e-05,13.32936,0.0,4.23,7.107732e-08,0.07107732,0.0,3.977,8.449447e-06,8.449447,0.0,4.329,1.822463e-06,1.822463,0.0,3.995,1.121607e-05,11.21607,0.0,4.294,1.286189e-06,1.286189
301,301,1.68457747e-05,16.8457747,0,1,12.705882352941169,,False,,0.0,4.318,1.911362e-07,0.1911362,0.0,4.261,1.374207e-07,0.1374207,0.0,4.164,3.588178e-06,3.588178,0.0,4.23,3.39216e-08,0.0339216,0.1058823529411764,3.841,4.572505e-06,4.5725050000000005,0.0,4.329,2.882197e-06,2.882197,0.0,3.995,4.507574e-06,4.507574,0.0,4.294,9.328422e-07,0.9328422
6,302,1.1580824099999998e-05,11.5808241,0,1,10.35294117647058,,False,explicit_power_anomaly_remeasure,0.0,4.318,3.358147e-07,0.3358146999999999,0.0862745098039215,4.146,4.597849e-06,4.597849,0.0,4.164,1.828663e-06,1.828663,0.0,4.23,1.667085e-06,1.667085,0.0,3.977,1.007655e-06,1.007655,0.0,4.329,8.043219e-07,0.8043219,0.0,3.995,2.883835e-07,0.2883834999999999,0.0,4.294,1.051052e-06,1.051052
303,303,1.39753809e-05,13.975380899999998,0,2,12.705882352941169,,False,,0.0,4.318,2.124044e-07,0.2124044,0.0,4.261,7.427468e-06,7.427467999999999,0.0,4.164,1.639571e-06,1.639571,0.1058823529411764,4.1,2.171695e-06,2.171695,0.0,3.977,1.118476e-06,1.118476,0.0,4.329,1.167525e-07,0.1167525,0.0,3.995,2.27587e-07,0.227587,0.0,4.294,1.061427e-06,1.061427
304,304,3.937913221e-05,39.37913221,0,1,44.70588235294117,,False,,0.0,4.318,2.700472e-07,0.2700472,0.0,4.261,3.194928e-07,0.3194928,0.3725490196078431,3.902,1.453388e-05,14.53388,0.0,4.23,8.444621e-08,0.08444621,0.0,3.977,9.101325e-06,9.101325,0.0,4.329,1.845355e-06,1.845355,0.0,3.995,1.193338e-05,11.93338,0.0,4.294,1.291206e-06,1.291206
305,305,4.5099423e-05,45.099423,0,1,44.70588235294117,,False,,0.0,4.318,6.824122e-07,0.6824122,0.3725490196078431,4.007,2.297716e-05,22.97716,0.0,4.164,2.334387e-06,2.334387,0.0,4.23,1.06166e-05,10.6166,0.0,3.977,1.328648e-06,1.3286479999999998,0.0,4.329,5.732783e-06,5.732783,0.0,3.995,3.395508e-07,0.3395508,0.0,4.294,1.087882e-06,1.087882
306,306,5.29313521e-05,52.9313521,0,1,60.70588235294117,,False,,0.0,4.318,2.911736e-07,0.2911736,0.0,4.261,3.782856e-07,0.3782856,0.5058823529411764,3.859,2.077025e-05,20.77025,0.0,4.23,1.576139e-07,0.1576139,0.0,3.977,1.225769e-05,12.25769,0.0,4.329,1.808543e-06,1.808543,0.0,3.995,1.592447e-05,15.92447,0.0,4.294,1.343326e-06,1.343326
307,307,6.015521879999999e-05,60.1552188,0,1,60.70588235294117,,False,,0.0,4.318,8.053309e-07,0.8053309,0.5058823529411764,3.964,3.095987e-05,30.95987,0.0,4.164,2.463878e-06,2.463878,0.0,4.23,1.463595e-05,14.63595,0.0,3.977,1.460066e-06,1.460066,0.0,4.329,8.365895e-06,8.365895,0.0,3.995,3.593259e-07,0.3593259,0.0,4.294,1.104903e-06,1.1049030000000002
308,308,8.08120387e-06,8.08120387,0,1,8.470588235294112,,False,,0.0,4.318,1.977532e-07,0.1977532,0.0,4.261,1.530927e-07,0.1530927,0.0705882352941176,4.054,9.880546e-07,0.9880546,0.0,4.23,4.973737e-08,0.04973737,0.0,3.977,1.646644e-06,1.646644,0.0,4.329,1.843278e-06,1.843278,0.0,3.995,2.082148e-06,2.082148,0.0,4.294,1.120496e-06,1.120496
309,309,8.8687549e-06,8.868754899999999,0,1,8.470588235294112,,False,,0.0,4.318,2.93056e-07,0.293056,0.0705882352941176,4.167,2.960276e-06,2.960276,0.0,4.164,1.735372e-06,1.735372,0.0,4.23,9.713567e-07,0.9713567,0.0,3.977,9.647614e-07,0.9647614,0.0,4.329,6.117133e-07,0.6117133,0.0,3.995,2.869175e-07,0.2869175,0.0,4.294,1.045302e-06,1.045302
310,310,2.1780761030000003e-05,21.78076103,0,1,24.47058823529411,,False,,0.0,4.318,2.364735e-07,0.2364735,0.0,4.261,2.349432e-07,0.2349432,0.2039215686274509,3.97,6.646278e-06,6.646278,0.0,4.23,2.352633e-08,0.02352633,0.0,3.977,4.95044e-06,4.95044,0.0,4.329,1.865343e-06,1.865343,0.0,3.995,6.613594e-06,6.613594,0.0,4.294,1.210163e-06,1.210163
311,311,5.489526407e-05,54.89526407,0,2,46.58823529411764,,False,,0.0,4.318,2.394578e-07,0.2394578,0.0,4.261,1.799278e-07,0.1799278,0.0,4.164,1.947743e-05,19.47743,0.0,4.23,5.563887e-08,0.05563887,0.388235294117647,3.697,1.636052e-05,16.360519999999998,0.0,4.329,4.09464e-06,4.09464,0.0,3.995,1.367594e-05,13.67594,0.0,4.294,8.117096e-07,0.8117096
312,312,2.3122328e-05,23.122328,0,1,24.47058823529411,,False,,0.0,4.318,4.712224e-07,0.4712224,0.2039215686274509,4.085,1.114053e-05,11.14053,0.0,4.164,2.058739e-06,2.058739,0.0,4.23,4.729762e-06,4.729762,0.0,3.977,1.116435e-06,1.1164349999999998,0.0,4.329,2.234619e-06,2.234619,0.0,3.995,3.071816e-07,0.3071816,0.0,4.294,1.063839e-06,1.063839
313,313,9.40925642e-05,94.0925642,0,1,108.70588235294116,,False,,0.0,4.318,3.465823e-07,0.3465823,0.0,4.261,5.337541e-07,0.5337541,0.9058823529411764,3.75,4.015662e-05,40.15662,0.0,4.23,4.530808e-07,0.4530808,0.0,3.977,2.180683e-05,21.80683,0.0,4.329,1.669322e-06,1.669322,0.0,3.995,2.767402e-05,27.67402,0.0,4.294,1.452355e-06,1.452355
314,314,4.52344202e-05,45.2344202,0,1,46.58823529411764,,False,,0.0,4.318,2.605524e-07,0.2605524,0.0,4.261,2.670414e-05,26.70414,0.0,4.164,1.91092e-06,1.91092,0.388235294117647,3.968,9.832918e-06,9.832918,0.0,3.977,1.348897e-06,1.348897,0.0,4.329,3.814138e-06,3.814138,0.0,3.995,2.510888e-07,0.2510888,0.0,4.294,1.111766e-06,1.111766
315,315,0.0001027300302999,102.7300303,0,1,108.70588235294116,,False,,0.0,4.318,1.125518e-06,1.125518,0.9058823529411764,3.86,5.283744e-05,52.83744,0.0,4.164,2.708359e-06,2.708359,0.0,4.23,2.619774e-05,26.19774,0.0,3.977,1.814187e-06,1.814187,0.0,4.329,1.649967e-05,16.49967,0.0,3.995,4.138703e-07,0.4138703,0.0,4.294,1.133246e-06,1.133246
316,316,9.39564584e-05,93.9564584,0,1,109.1764705882353,,False,,0.0,4.318,3.463656e-07,0.3463656,0.0,4.261,5.315453e-07,0.5315453,0.9098039215686275,3.75,4.012842e-05,40.12842,0.0,4.23,4.547535e-07,0.4547535,0.0,3.977,2.173968e-05,21.73968,0.0,4.329,1.660005e-06,1.660005,0.0,3.995,2.764675e-05,27.64675,0.0,4.294,1.448939e-06,1.448939
317,317,0.0001032455568,103.2455568,0,1,109.1764705882353,,False,,0.0,4.318,1.125818e-06,1.125818,0.9098039215686275,3.859,5.320719e-05,53.20719,0.0,4.164,2.709996e-06,2.7099960000000003,0.0,4.23,2.629274e-05,26.29274,0.0,3.977,1.82545e-06,1.82545,0.0,4.329,1.655041e-05,16.55041,0.0,3.995,4.046668e-07,0.4046668,0.0,4.294,1.129286e-06,1.129286
318,318,1.819862812e-05,18.19862812,0,1,22.11764705882352,,False,,0.0,4.318,2.284452e-07,0.2284452,0.0,4.261,2.161508e-07,0.2161508,0.184313725490196,3.987,5.098151e-06,5.098151,0.0,4.23,1.894812e-08,0.01894812,0.0,3.977,4.102112e-06,4.102112,0.0,4.329,1.867021e-06,1.867021,0.0,3.995,5.478649e-06,5.478649,0.0,4.294,1.189151e-06,1.1891509999999998
319,319,2.19047186e-05,21.904718599999995,0,1,22.11764705882352,,False,,0.0,4.318,4.609703e-07,0.4609703,0.184313725490196,4.09,1.045147e-05,10.45147,0.0,4.164,2.043669e-06,2.043669,0.0,4.23,4.416573e-06,4.416573,0.0,3.977,1.10462e-06,1.10462,0.0,4.329,2.067463e-06,2.067463,0.0,3.995,3.051663e-07,0.3051663,0.0,4.294,1.054787e-06,1.054787
320,320,7.968192930000001e-06,7.96819293,0,1,8.941176470588232,,False,,0.0,4.318,1.967708e-07,0.1967708,0.0,4.261,1.51554e-07,0.151554,0.0745098039215686,4.055,9.479256e-07,0.9479256,0.0,4.23,5.033053e-08,0.05033053,0.0,3.977,1.614848e-06,1.614848,0.0,4.329,1.83883e-06,1.83883,0.0,3.995,2.044359e-06,2.044359,0.0,4.294,1.123575e-06,1.123575
321,321,1.75494614e-05,17.5494614,0,1,13.647058823529408,,False,,0.0,4.318,1.923871e-07,0.1923871,0.0,4.261,1.379482e-07,0.1379482,0.0,4.164,3.855478e-06,3.855478,0.0,4.23,3.08437e-08,0.0308436999999999,0.1137254901960784,3.837,4.797426e-06,4.797426000000001,0.0,4.329,2.897844e-06,2.897844,0.0,3.995,4.704098e-06,4.704098,0.0,4.294,9.334364e-07,0.9334364
322,322,9.3216239e-06,9.3216239,0,1,8.941176470588232,,False,,0.0,4.318,3.00784e-07,0.300784,0.0745098039215686,4.163,3.240419e-06,3.240419,0.0,4.164,1.748204e-06,1.748204,0.0,4.23,1.092918e-06,1.092918,0.0,3.977,9.734214e-07,0.9734214,0.0,4.329,6.366753e-07,0.6366752999999999,0.0,3.995,2.864592e-07,0.2864591999999999,0.0,4.294,1.042743e-06,1.042743
323,323,1.44501426e-05,14.4501426,0,1,13.647058823529408,,False,,0.0,4.318,2.134919e-07,0.2134918999999999,0.0,4.261,7.748525e-06,7.748525000000001,0.0,4.164,1.643734e-06,1.6437339999999998,0.1137254901960784,4.097,2.284191e-06,2.284191,0.0,3.977,1.121074e-06,1.121074,0.0,4.329,1.470256e-07,0.1470255999999999,0.0,3.995,2.267151e-07,0.2267151,0.0,4.294,1.065386e-06,1.065386
324,324,1.812294286e-05,18.12294286,0,1,14.117647058823527,,False,,0.0,4.318,1.936202e-07,0.1936202,0.0,4.261,1.390945e-07,0.1390945,0.0,4.164,4.054192e-06,4.054192,0.0,4.23,2.878366e-08,0.02878366,0.1176470588235294,3.834,4.982468e-06,4.982468,0.0,4.329,2.934379e-06,2.934379,0.0,3.995,4.860892e-06,4.860892,0.0,4.294,9.295135e-07,0.9295135
325,325,8.15457972e-06,8.154579720000001,0,1,9.41176470588234,,False,,0.0,4.318,1.980992e-07,0.1980992,0.0,4.261,1.534792e-07,0.1534792,0.0784313725490195,4.053,1.019535e-06,1.019535,0.0,4.23,4.803032e-08,0.0480303199999999,0.0,3.977,1.659742e-06,1.659742,0.0,4.329,1.850276e-06,1.850276,0.0,3.995,2.111169e-06,2.111169,0.0,4.294,1.114249e-06,1.114249
326,326,1.4906645100000002e-05,14.9066451,0,1,14.117647058823527,,False,,0.0,4.318,2.134387e-07,0.2134387,0.0,4.261,8.067361e-06,8.067361,0.0,4.164,1.65444e-06,1.65444,0.1176470588235294,4.094,2.397439e-06,2.3974390000000003,0.0,3.977,1.127726e-06,1.127726,0.0,4.329,1.727544e-07,0.1727544,0.0,3.995,2.25608e-07,0.225608,0.0,4.294,1.047878e-06,1.047878
327,327,9.9152686e-06,9.9152686,0,1,9.41176470588234,,False,,0.0,4.318,3.109872e-07,0.3109872,0.0784313725490195,4.158,3.606444e-06,3.606444,0.0,4.164,1.771611e-06,1.771611,0.0,4.23,1.2503e-06,1.2503,0.0,3.977,9.792764e-07,0.9792764,0.0,4.329,6.760065e-07,0.6760065000000001,0.0,3.995,2.849735e-07,0.2849735,0.0,4.294,1.03567e-06,1.03567
328,328,1.946886129e-05,19.46886129,0,1,23.05882352941176,,False,,0.0,4.318,2.314788e-07,0.2314787999999999,0.0,4.261,2.222242e-07,0.2222242,0.192156862745098,3.981,5.638791e-06,5.638790999999999,0.0,4.23,2.022229e-08,0.02022229,0.0,3.977,4.396425e-06,4.396425,0.0,4.329,1.867188e-06,1.867188,0.0,3.995,5.888462e-06,5.888462,0.0,4.294,1.20407e-06,1.20407
329,329,2.21783469e-05,22.1783469,0,1,23.05882352941176,,False,,0.0,4.318,4.634011e-07,0.4634011,0.192156862745098,4.089,1.06018e-05,10.6018,0.0,4.164,2.046541e-06,2.046541,0.0,4.23,4.492182e-06,4.492182,0.0,3.977,1.108616e-06,1.108616,0.0,4.329,2.103425e-06,2.103425,0.0,3.995,3.044478e-07,0.3044478,0.0,4.294,1.057934e-06,1.057934
330,330,7.88876498e-05,78.88764979999999,0,1,72.47058823529412,,False,,0.0,4.318,7.219568e-07,0.7219568000000001,0.0,4.261,1.077603e-05,10.77603,0.6039215686274509,3.833,2.150222e-05,21.50222,0.0,4.23,8.323875e-06,8.323875,0.0,3.977,1.273445e-05,12.73445,0.0,4.329,4.108716e-06,4.108715999999999,0.0,3.995,1.92905e-05,19.2905,0.0,4.294,1.429902e-06,1.429902
331,331,2.21647351e-05,22.1647351,0,1,72.47058823529412,,False,,0.0,4.318,4.644306e-07,0.4644305999999999,0.6039215686274509,3.939,1.060585e-05,10.60585,0.0,4.164,2.048711e-06,2.048711,0.0,4.23,4.472891e-06,4.472891000000001,0.0,3.977,1.107901e-06,1.107901,0.0,4.329,2.103692e-06,2.103692,0.0,3.995,3.056425e-07,0.3056425,0.0,4.294,1.055617e-06,1.055617
332,332,0.0001018954787999,101.8954788,0,1,119.52941176470588,,False,,0.0,4.318,3.563939e-07,0.3563939,0.0,4.261,5.612131e-07,0.5612131,0.996078431372549,3.731,4.393276e-05,43.93276,0.0,4.23,5.167168e-07,0.5167168,0.0,3.977,2.358389e-05,23.58389,0.0,4.329,1.629627e-06,1.629627,0.0,3.995,2.984498e-05,29.844980000000003,0.0,4.294,1.469898e-06,1.469898
333,333,6.903082750000001e-05,69.0308275,0,1,60.23529411764704,,False,,0.0,4.318,2.522928e-07,0.2522928,0.0,4.261,1.899824e-07,0.1899824,0.0,4.164,2.575173e-05,25.75173,0.0,4.23,1.08103e-07,0.108103,0.5019607843137254,3.657,2.073308e-05,20.73308,0.0,4.329,4.416199e-06,4.416199,0.0,3.995,1.680222e-05,16.802220000000002,0.0,4.294,7.772203e-07,0.7772203
334,334,0.0001101465741,110.1465741,0,1,119.52941176470588,,False,,0.0,4.318,1.18117e-06,1.18117,0.996078431372549,3.844,5.671733e-05,56.71733,0.0,4.164,2.745825e-06,2.745825,0.0,4.23,2.814627e-05,28.14627,0.0,3.977,1.876993e-06,1.876993,0.0,4.329,1.792358e-05,17.92358,0.0,3.995,4.163951e-07,0.4163951,0.0,4.294,1.139011e-06,1.139011
335,335,5.63264839e-05,56.3264839,0,1,60.23529411764704,,False,,0.0,4.318,2.733778e-07,0.2733778,0.0,4.261,3.314197e-05,33.14197,0.0,4.164,1.981263e-06,1.981263,0.5019607843137254,3.934,1.257638e-05,12.57638,0.0,3.977,1.408112e-06,1.408112,0.0,4.329,5.556486e-06,5.5564860000000005,0.0,3.995,2.678251e-07,0.2678251,0.0,4.294,1.12107e-06,1.12107
336,336,0.0001295219838,129.5219838,0,1,119.05882352941175,,False,,0.0,4.318,3.051347e-07,0.3051347,0.0,4.261,2.170305e-07,0.2170305,0.0,4.164,5.390778e-05,53.90778,0.0,4.23,4.295108e-07,0.4295107999999999,0.992156862745098,3.507,3.91439e-05,39.1439,0.0,4.329,5.380762e-06,5.380762,0.0,3.995,2.948101e-05,29.48101,0.0,4.294,6.568558e-07,0.6568558
337,337,0.0001079204823,107.92048229999996,0,1,119.05882352941175,,False,,0.0,4.318,2.903939e-07,0.2903939,0.0,4.261,6.218452e-05,62.18451999999999,0.0,4.164,2.138552e-06,2.138552,0.992156862745098,3.802,2.537353e-05,25.37353,0.0,3.977,1.599926e-06,1.599926,0.0,4.329,1.479692e-05,14.79692,0.0,3.995,3.673214e-07,0.3673213999999999,0.0,4.294,1.169319e-06,1.169319
338,338,8.22305191e-05,82.23051910000001,0,1,96.47058823529412,,False,,0.0,4.318,3.312349e-07,0.3312349,0.0,4.261,4.901856e-07,0.4901856,0.8039215686274511,3.779,3.455118e-05,34.55118,0.0,4.23,3.599736e-07,0.3599736,0.0,3.977,1.905656e-05,19.05656,0.0,4.329,1.707587e-06,1.707587,0.0,3.995,2.430712e-05,24.30712,0.0,4.294,1.426678e-06,1.426678
339,339,9.06534894e-05,90.6534894,0,1,96.47058823529412,,False,,0.0,4.318,1.039352e-06,1.0393519999999998,0.8039215686274511,3.888,4.672217e-05,46.722170000000006,0.0,4.164,2.660549e-06,2.660549,0.0,4.23,2.286521e-05,22.86521,0.0,3.977,1.716721e-06,1.716721,0.0,4.329,1.412982e-05,14.12982,0.0,3.995,3.942914e-07,0.3942914,0.0,4.294,1.125376e-06,1.125376
340,340,1.341512473e-05,13.41512473,0,1,15.529411764705875,,False,,0.0,4.318,2.155112e-07,0.2155111999999999,0.0,4.261,1.898847e-07,0.1898847,0.1294117647058823,4.014,3.077302e-06,3.077302,0.0,4.23,2.238883e-08,0.02238883,0.0,3.977,2.951579e-06,2.951579,0.0,4.329,1.865952e-06,1.865952,0.0,3.995,3.922339e-06,3.922339,0.0,4.294,1.170168e-06,1.170168
341,341,1.39286699e-05,13.9286699,0,1,15.529411764705875,,False,,0.0,4.318,3.668724e-07,0.3668724,0.1294117647058823,4.131,5.963364e-06,5.963364,0.0,4.164,1.886384e-06,1.886384,0.0,4.23,2.28933e-06,2.28933,0.0,3.977,1.027003e-06,1.027003,0.0,4.329,1.03734e-06,1.0373400000000002,0.0,3.995,2.964175e-07,0.2964175,0.0,4.294,1.061959e-06,1.061959
342,342,5.74487902e-06,5.74487902,0,1,10.8235294117647,,False,,0.0,4.318,1.544077e-07,0.1544077,0.0,4.261,9.229682e-08,0.09229682,0.0901960784313725,4.164,1.331461e-06,1.331461,0.0,4.23,2.61409e-07,0.261409,0.0,3.977,8.903955e-07,0.8903955,0.0,4.329,1.721222e-06,1.7212219999999998,0.0,3.995,2.73854e-07,0.273854,0.0,4.294,1.019833e-06,1.019833
343,343,1.04422772e-05,10.4422772,0,1,10.8235294117647,,False,,0.0,4.318,3.199513e-07,0.3199513,0.0901960784313725,4.154,3.913515e-06,3.913515,0.0,4.164,1.791471e-06,1.791471,0.0,4.23,1.381254e-06,1.381254,0.0,3.977,9.875162e-07,0.9875162,0.0,4.329,7.127228e-07,0.7127228,0.0,3.995,2.905289e-07,0.2905289,0.0,4.294,1.045318e-06,1.045318
344,344,1.295668935e-05,12.95668935,0,1,13.176470588235286,,False,,0.0,4.318,2.145529e-07,0.2145529,0.0,4.261,1.869143e-07,0.1869143,0.1098039215686274,4.017,2.881163e-06,2.881163,0.0,4.23,2.380015e-08,0.02380015,0.0,3.977,2.839641e-06,2.839641,0.0,4.329,1.864378e-06,1.864378,0.0,3.995,3.779637e-06,3.779637,0.0,4.294,1.166603e-06,1.166603
345,345,1.45867664e-05,14.586766399999998,0,1,13.176470588235286,,False,,0.0,4.318,3.731605e-07,0.3731605,0.1098039215686274,4.127,6.360155e-06,6.360155,0.0,4.164,1.900866e-06,1.900866,0.0,4.23,2.465661e-06,2.465661,0.0,3.977,1.034887e-06,1.034887,0.0,4.329,1.106723e-06,1.106723,0.0,3.995,2.955009e-07,0.2955009,0.0,4.294,1.049813e-06,1.049813
346,346,9.68216272e-05,96.8216272,0,1,113.88235294117646,,False,,0.0,4.318,3.496995e-07,0.3496995,0.0,4.261,5.452916e-07,0.5452916,0.9490196078431372,3.743,4.148464e-05,41.48464,0.0,4.23,4.753571e-07,0.4753571,0.0,3.977,2.239594e-05,22.39594,0.0,4.329,1.652426e-06,1.652426,0.0,3.995,2.845832e-05,28.45832,0.0,4.294,1.459953e-06,1.459953
347,347,8.918439870000001e-05,89.1843987,0,1,80.0,,False,,0.0,4.318,2.720439e-07,0.2720439,0.0,4.261,2.004528e-07,0.2004528,0.0,4.164,3.494897e-05,34.94897,0.0,4.23,2.003706e-07,0.2003705999999999,0.6666666666666666,3.604,2.684969e-05,26.84969,0.0,4.329,4.809537e-06,4.809537,0.0,3.995,2.116235e-05,21.16235,0.0,4.294,7.409844e-07,0.7409844
348,348,0.0001065393147,106.5393147,0,1,113.88235294117646,,False,,0.0,4.318,1.152303e-06,1.152303,0.9490196078431372,3.852,5.488294e-05,54.88294,0.0,4.164,2.733574e-06,2.733574,0.0,4.23,2.718581e-05,27.18581,0.0,3.977,1.851909e-06,1.851909,0.0,4.329,1.717846e-05,17.178459999999998,0.0,3.995,4.157477e-07,0.4157477,0.0,4.294,1.138571e-06,1.138571
349,349,7.344728860000001e-05,73.44728860000001,0,1,80.0,,False,,0.0,4.318,2.858092e-07,0.2858092,0.0,4.261,4.294334e-05,42.94334,0.0,4.164,2.048762e-06,2.048762,0.6666666666666666,3.887,1.684429e-05,16.84429,0.0,3.977,1.487965e-06,1.487965,0.0,4.329,8.40014e-06,8.40014,0.0,3.995,2.979334e-07,0.2979334,0.0,4.294,1.139049e-06,1.1390490000000002
350,350,8.75410625e-05,87.54106250000001,0,1,102.5882352941176,,False,,0.0,4.318,3.396801e-07,0.3396801,0.0,4.261,5.116367e-07,0.5116367,0.8549019607843135,3.766,3.700277e-05,37.002770000000005,0.0,4.23,3.990637e-07,0.3990637,0.0,3.977,2.03106e-05,20.3106,0.0,4.329,1.702261e-06,1.702261,0.0,3.995,2.582997e-05,25.82997,0.0,4.294,1.445081e-06,1.445081
351,351,8.96682422e-05,89.6682422,0,1,80.47058823529409,,False,,0.0,4.318,2.707007e-07,0.2707007,0.0,4.261,2.015053e-07,0.2015053,0.0,4.164,3.516529e-05,35.16529,0.0,4.23,2.033473e-07,0.2033473,0.6705882352941174,3.603,2.701648e-05,27.01648,0.0,4.329,4.82198e-06,4.82198,0.0,3.995,2.124657e-05,21.24657,0.0,4.294,7.423689e-07,0.7423689
352,352,9.64087198e-05,96.4087198,0,1,102.5882352941176,,False,,0.0,4.318,1.075871e-06,1.075871,0.8549019607843135,3.875,4.97323e-05,49.7323,0.0,4.164,2.685437e-06,2.6854370000000003,0.0,4.23,2.445561e-05,24.45561,0.0,3.977,1.772647e-06,1.772647,0.0,4.329,1.514731e-05,15.14731,0.0,3.995,4.047168e-07,0.4047168,0.0,4.294,1.134828e-06,1.134828
353,353,1.599942864e-05,15.999428639999998,0,1,20.23529411764705,,False,,0.0,4.318,2.235146e-07,0.2235146,0.0,4.261,2.042657e-07,0.2042657,0.1686274509803921,3.999,4.15557e-06,4.15557,0.0,4.23,1.825234e-08,0.01825234,0.0,3.977,3.562414e-06,3.562414,0.0,4.329,1.879559e-06,1.879559,0.0,3.995,4.769931e-06,4.769931,0.0,4.294,1.185922e-06,1.185922
354,354,7.38198399e-05,73.81983989999999,0,1,80.47058823529409,,False,,0.0,4.318,2.784352e-07,0.2784352,0.0,4.261,4.316871e-05,43.16871,0.0,4.164,2.045508e-06,2.045508,0.6705882352941174,3.886,1.692545e-05,16.925449999999998,0.0,3.977,1.488639e-06,1.488639,0.0,4.329,8.474639e-06,8.474639,0.0,3.995,2.966577e-07,0.2966576999999999,0.0,4.294,1.141801e-06,1.141801
355,355,2.0269492100000003e-05,20.2694921,0,1,20.23529411764705,,False,,0.0,4.318,4.402997e-07,0.4402997,0.1686274509803921,4.098,9.546113e-06,9.546113,0.0,4.164,2.020154e-06,2.020154,0.0,4.23,3.972062e-06,3.972062,0.0,3.977,1.096945e-06,1.096945,0.0,4.329,1.813831e-06,1.813831,0.0,3.995,3.072814e-07,0.3072814,0.0,4.294,1.072806e-06,1.072806
356,356,1.173756726e-05,11.73756726,0,1,12.235294117647047,,False,,0.0,4.318,2.122643e-07,0.2122643,0.0,4.261,1.799503e-07,0.1799503,0.1019607843137254,4.025,2.376712e-06,2.376712,0.0,4.23,2.782066e-08,0.02782066,0.0,3.977,2.543958e-06,2.543958,0.0,4.329,1.864291e-06,1.864291,0.0,3.995,3.373744e-06,3.373744,0.0,4.294,1.158827e-06,1.1588269999999998
357,357,1.2191249300000002e-05,12.1912493,0,2,12.235294117647047,,False,,0.0,4.318,3.417491e-07,0.3417491,0.1019607843137254,4.142,4.945976e-06,4.945976,0.0,4.164,1.844977e-06,1.844977,0.0,4.23,1.834618e-06,1.834618,0.0,3.977,1.012071e-06,1.0120710000000002,0.0,4.329,8.607999e-07,0.8607999000000001,0.0,3.995,2.935933e-07,0.2935933,0.0,4.294,1.057465e-06,1.057465
358,358,5.99742045e-06,5.997420449999999,0,1,7.058823529411764,,False,,0.0,4.318,1.885196e-07,0.1885196,0.0,4.261,1.367409e-07,0.1367409,0.0588235294117647,4.078,2.742411e-07,0.2742411,0.0,4.23,7.960985e-08,0.07960985,0.0,3.977,1.113702e-06,1.1137020000000002,0.0,4.329,1.831492e-06,1.831492,0.0,3.995,1.266082e-06,1.266082,0.0,4.294,1.107033e-06,1.107033
359,359,1.914945999e-05,19.14945999,0,1,15.058823529411754,,False,,0.0,4.318,1.966131e-07,0.1966131,0.0,4.261,1.428368e-07,0.1428368,0.0,4.164,4.430539e-06,4.430539,0.0,4.23,2.598999e-08,0.02598999,0.1254901960784313,3.829,5.293328e-06,5.293328,0.0,4.329,2.994606e-06,2.994606,0.0,3.995,5.132482e-06,5.132482,0.0,4.294,9.330651e-07,0.9330651
360,360,5.7653900700000005e-06,5.76539007,0,1,7.058823529411764,,False,,0.0,4.318,1.55154e-07,0.155154,0.0588235294117647,4.261,9.316817e-08,0.09316817,0.0,4.164,1.332585e-06,1.332585,0.0,4.23,2.622429e-07,0.2622429,0.0,3.977,8.944207e-07,0.8944207,0.0,4.329,1.730981e-06,1.730981,0.0,3.995,2.742393e-07,0.2742393,0.0,4.294,1.022599e-06,1.022599
361,361,5.91393879e-05,59.1393879,0,1,69.17647058823528,,False,,0.0,4.318,3.027181e-07,0.3027181,0.0,4.261,4.017273e-07,0.4017273,0.576470588235294,3.841,2.362061e-05,23.62061,0.0,4.23,1.971855e-07,0.1971854999999999,0.0,3.977,1.371198e-05,13.71198,0.0,4.329,1.800745e-06,1.800745,0.0,3.995,1.774391e-05,17.74391,0.0,4.294,1.360512e-06,1.360512
362,362,1.56343454e-05,15.6343454,0,1,15.058823529411754,,False,,0.0,4.318,2.17613e-07,0.217613,0.0,4.261,8.53167e-06,8.53167,0.0,4.164,1.672388e-06,1.672388,0.1254901960784313,4.09,2.556209e-06,2.556209,0.0,3.977,1.14481e-06,1.14481,0.0,4.329,2.115678e-07,0.2115678,0.0,3.995,2.278386e-07,0.2278386,0.0,4.294,1.072249e-06,1.072249
363,363,0.0001049190885,104.9190885,0,1,94.58823529411764,,False,,0.0,4.318,2.844089e-07,0.2844089,0.0,4.261,2.081764e-07,0.2081763999999999,0.0,4.164,4.220441e-05,42.20441,0.0,4.23,2.854257e-07,0.2854257,0.788235294117647,3.566,3.172756e-05,31.72756,0.0,4.329,5.068324e-06,5.0683240000000005,0.0,3.995,2.442769e-05,24.42769,0.0,4.294,7.130935e-07,0.7130935
364,364,6.672152179999999e-05,66.7215218,0,1,69.17647058823528,,False,,0.0,4.318,8.621265e-07,0.8621264999999999,0.576470588235294,3.946,3.425694e-05,34.25694,0.0,4.164,2.52416e-06,2.52416,0.0,4.23,1.647407e-05,16.47407,0.0,3.977,1.524099e-06,1.524099,0.0,4.329,9.607716e-06,9.607716,0.0,3.995,3.638423e-07,0.3638423,0.0,4.294,1.108568e-06,1.108568
365,365,8.637234249999999e-05,86.3723425,0,1,94.58823529411764,,False,,0.0,4.318,2.902169e-07,0.2902169,0.0,4.261,5.023957e-05,50.23957,0.0,4.164,2.085707e-06,2.085707,0.788235294117647,3.854,2.002352e-05,20.02352,0.0,3.977,1.538683e-06,1.538683,0.0,4.329,1.071619e-05,10.71619,0.0,3.995,3.221076e-07,0.3221076,0.0,4.294,1.156348e-06,1.1563480000000002
366,366,2.472969849e-05,24.72969849,0,1,30.588235294117645,,False,,0.0,4.318,2.439958e-07,0.2439958,0.0,4.261,2.526118e-07,0.2526118,0.2549019607843137,3.957,7.906951e-06,7.906951,0.0,4.23,2.908189e-08,0.02908189,0.0,3.977,5.642309e-06,5.642309,0.0,4.329,1.878767e-06,1.878767,0.0,3.995,7.535242e-06,7.535242,0.0,4.294,1.24074e-06,1.2407400000000002
367,367,3.00592745e-05,30.0592745,0,1,30.588235294117645,,False,,0.0,4.318,5.404359e-07,0.5404359000000001,0.2549019607843137,4.058,1.49312e-05,14.9312,0.0,4.164,2.168385e-06,2.168385,0.0,4.23,6.5877e-06,6.5877,0.0,3.977,1.195114e-06,1.195114,0.0,4.329,3.233248e-06,3.233248,0.0,3.995,3.200516e-07,0.3200516,0.0,4.294,1.08314e-06,1.08314
368,368,2.246310069e-05,22.46310069,0,1,25.411764705882348,,False,,0.0,4.318,2.39242e-07,0.239242,0.0,4.261,2.412689e-07,0.2412689,0.2117647058823529,3.967,6.918041e-06,6.9180410000000006,0.0,4.23,2.430979e-08,0.02430979,0.0,3.977,5.101623e-06,5.101623,0.0,4.329,1.881149e-06,1.881149,0.0,3.995,6.833377e-06,6.8333770000000005,0.0,4.294,1.22409e-06,1.22409
369,369,2.46378029e-05,24.6378029,0,1,25.411764705882348,,False,,0.0,4.318,4.840544e-07,0.4840544,0.2117647058823529,4.079,1.194218e-05,11.94218,0.0,4.164,2.096807e-06,2.096807,0.0,4.23,5.139477e-06,5.139477,0.0,3.977,1.141505e-06,1.141505,0.0,4.329,2.434688e-06,2.434688,0.0,3.995,3.145445e-07,0.3145444999999999,0.0,4.294,1.084547e-06,1.084547
370,370,2.969697472e-05,29.69697472,0,1,32.4705882352941,,False,,0.0,4.318,2.544672e-07,0.2544672,0.0,4.261,2.724786e-07,0.2724786,0.2705882352941175,3.937,1.009607e-05,10.09607,0.0,4.23,4.435792e-08,0.04435792,0.0,3.977,6.843304e-06,6.843304000000001,0.0,4.329,1.866206e-06,1.866206,0.0,3.995,9.050729e-06,9.050729,0.0,4.294,1.269362e-06,1.269362
371,371,4.434675926e-05,44.34675926,0,2,37.6470588235294,,False,,0.0,4.318,2.298003e-07,0.2298003,0.0,4.261,1.708747e-07,0.1708747,0.0,4.164,1.481368e-05,14.81368,0.0,4.23,2.811596e-08,0.02811596,0.3137254901960783,3.73,1.310564e-05,13.10564,0.0,4.329,3.855967e-06,3.855967,0.0,3.995,1.128624e-05,11.28624,0.0,4.294,8.564413e-07,0.8564413
372,372,3.24125161e-05,32.4125161,0,1,32.4705882352941,,False,,0.0,4.318,5.651232e-07,0.5651231999999999,0.2705882352941175,4.049,1.619028e-05,16.190279999999998,0.0,4.164,2.204114e-06,2.204114,0.0,4.23,7.224224e-06,7.224224,0.0,3.977,1.216659e-06,1.2166590000000002,0.0,4.329,3.613429e-06,3.613429,0.0,3.995,3.226949e-07,0.3226949,0.0,4.294,1.075992e-06,1.0759919999999998
373,373,3.256585846e-05,32.56585846,0,1,35.76470588235294,,False,,0.0,4.318,2.599481e-07,0.2599480999999999,0.0,4.261,2.90943e-07,0.290943,0.2980392156862745,3.926,1.140883e-05,11.40883,0.0,4.23,5.381336e-08,0.05381336,0.0,3.977,7.490029e-06,7.490029,0.0,4.329,1.871939e-06,1.871939,0.0,3.995,9.921967e-06,9.921967,0.0,4.294,1.268389e-06,1.268389
374,374,3.54877557e-05,35.487755699999994,0,1,37.6470588235294,,False,,0.0,4.318,2.523743e-07,0.2523743,0.0,4.261,2.09149e-05,20.9149,0.0,4.164,1.861183e-06,1.861183,0.3137254901960783,4.002,7.418935e-06,7.418935,0.0,3.977,1.30718e-06,1.30718,0.0,4.329,2.379457e-06,2.379457,0.0,3.995,2.410844e-07,0.2410844,0.0,4.294,1.112642e-06,1.112642
7,375,4.650779087e-05,46.50779087,0,2,39.52941176470588,,False,explicit_power_anomaly_remeasure,0.0,4.318,2.323362e-07,0.2323362,0.0,4.261,1.73278e-07,0.173278,0.0,4.164,1.575525e-05,15.755250000000002,0.0,4.23,3.421087e-08,0.03421087,0.3294117647058823,3.723,1.376316e-05,13.76316,0.0,4.329,3.911075e-06,3.911075,0.0,3.995,1.177785e-05,11.77785,0.0,4.294,8.606308e-07,0.8606308
376,376,3.3587835e-05,33.587835,0,1,35.76470588235294,,False,,0.0,4.318,5.803348e-07,0.5803348,0.2980392156862745,4.045,1.683151e-05,16.83151,0.0,4.164,2.218495e-06,2.218495,0.0,4.23,7.521168e-06,7.521168,0.0,3.977,1.230481e-06,1.230481,0.0,4.329,3.788896e-06,3.788896,0.0,3.995,3.257452e-07,0.3257452,0.0,4.294,1.091205e-06,1.091205
377,377,3.339605261e-05,33.39605261,0,1,36.70588235294117,,False,,0.0,4.318,2.612614e-07,0.2612614,0.0,4.261,2.892953e-07,0.2892953,0.3058823529411764,3.923,1.175157e-05,11.75157,0.0,4.23,5.796391e-08,0.05796391,0.0,3.977,7.702923e-06,7.702923,0.0,4.329,1.85814e-06,1.85814,0.0,3.995,1.018735e-05,10.18735,0.0,4.294,1.287549e-06,1.287549
378,378,3.7083064e-05,37.083064,0,2,39.52941176470588,,False,,0.0,4.318,2.57704e-07,0.257704,0.0,4.261,2.185257e-05,21.85257,0.0,4.164,1.875006e-06,1.875006,0.3294117647058823,3.996,7.824665e-06,7.824665,0.0,3.977,1.316146e-06,1.316146,0.0,4.329,2.601215e-06,2.601215,0.0,3.995,2.42469e-07,0.242469,0.0,4.294,1.113289e-06,1.113289
379,379,4.868184241e-05,48.68184241,0,1,41.41176470588235,,False,,0.0,4.318,2.34668e-07,0.234668,0.0,4.261,1.744975e-07,0.1744975,0.0,4.164,1.66904e-05,16.6904,0.0,4.23,3.857601e-08,0.0385760099999999,0.3450980392156862,3.716,1.444492e-05,14.44492,0.0,4.329,3.965557e-06,3.965557,0.0,3.995,1.230025e-05,12.30025,0.0,4.294,8.329739e-07,0.8329738999999999
380,380,3.7011952e-05,37.011952,0,1,36.70588235294117,,False,,0.0,4.318,6.130476e-07,0.6130476,0.3058823529411764,4.033,1.865723e-05,18.65723,0.0,4.164,2.255203e-06,2.255203,0.0,4.23,8.447319e-06,8.447319,0.0,3.977,1.258393e-06,1.258393,0.0,4.329,4.36936e-06,4.36936,0.0,3.995,3.278684e-07,0.3278684,0.0,4.294,1.083531e-06,1.083531
381,381,3.368710551e-05,33.687105509999995,0,1,37.17647058823529,,False,,0.0,4.318,2.628202e-07,0.2628202,0.0,4.261,2.918671e-07,0.2918671,0.3098039215686274,3.922,1.189753e-05,11.89753,0.0,4.23,5.866421e-08,0.05866421,0.0,3.977,7.770316e-06,7.770315999999999,0.0,4.329,1.869201e-06,1.869201,0.0,3.995,1.025891e-05,10.25891,0.0,4.294,1.277797e-06,1.277797
382,382,4.06076524e-05,40.6076524,0,1,41.41176470588235,,False,,0.0,4.318,2.61455e-07,0.261455,0.0,4.261,2.39795e-05,23.9795,0.0,4.164,1.894548e-06,1.894548,0.3450980392156862,3.984,8.676378e-06,8.676378,0.0,3.977,1.3373e-06,1.3373000000000002,0.0,4.329,3.086818e-06,3.086818,0.0,3.995,2.473204e-07,0.2473204,0.0,4.294,1.124333e-06,1.124333
383,383,3.75911834e-05,37.591183400000006,0,1,37.17647058823529,,False,,0.0,4.318,6.190351e-07,0.6190351,0.3098039215686274,4.031,1.897068e-05,18.97068,0.0,4.164,2.270139e-06,2.270139,0.0,4.23,8.598539e-06,8.598539,0.0,3.977,1.262632e-06,1.262632,0.0,4.329,4.45077e-06,4.45077,0.0,3.995,3.295843e-07,0.3295843,0.0,4.294,1.089804e-06,1.089804
384,384,5.161060945e-05,51.61060945,0,1,43.764705882352935,,False,,0.0,4.318,2.390254e-07,0.2390253999999999,0.0,4.261,1.770036e-07,0.1770035999999999,0.0,4.164,1.798607e-05,17.986069999999998,0.0,4.23,4.405855e-08,0.04405855,0.3647058823529411,3.707,1.533019e-05,15.33019,0.0,4.329,4.047477e-06,4.047477,0.0,3.995,1.295725e-05,12.95725,0.0,4.294,8.295349e-07,0.8295349000000001
385,385,6.64141741e-05,66.4141741,0,2,77.64705882352942,,False,,0.0,4.318,3.138154e-07,0.3138153999999999,0.0,4.261,4.322922e-07,0.4322922,0.6470588235294118,3.821,2.697915e-05,26.97915,0.0,4.23,2.444935e-07,0.2444934999999999,0.0,3.977,1.540082e-05,15.40082,0.0,4.329,1.784982e-06,1.784982,0.0,3.995,1.9857e-05,19.857,0.0,4.294,1.401621e-06,1.401621
386,386,4.26905844e-05,42.6905844,0,1,43.764705882352935,,False,,0.0,4.318,2.623717e-07,0.2623717,0.0,4.261,2.521808e-05,25.21808,0.0,4.164,1.911086e-06,1.911086,0.3647058823529411,3.977,9.188903e-06,9.188903,0.0,3.977,1.350616e-06,1.350616,0.0,4.329,3.384913e-06,3.384913,0.0,3.995,2.504177e-07,0.2504177,0.0,4.294,1.124197e-06,1.124197
387,387,9.98345541e-05,99.8345541,0,1,89.41176470588236,,False,,0.0,4.318,2.83739e-07,0.283739,0.0,4.261,2.057673e-07,0.2057673,0.0,4.164,3.982484e-05,39.82484,0.0,4.23,2.549542e-07,0.2549541999999999,0.7450980392156864,3.578,3.018895e-05,30.18895,0.0,4.329,5.001104e-06,5.001104000000001,0.0,3.995,2.33481e-05,23.3481,0.0,4.294,7.270996e-07,0.7270996000000001
388,388,7.347243000000001e-05,73.47243,0,1,77.64705882352942,,False,,0.0,4.318,9.162504e-07,0.9162504,0.6470588235294118,3.93,3.787522e-05,37.87522,0.0,4.164,2.568138e-06,2.568138,0.0,4.23,1.825952e-05,18.25952,0.0,3.977,1.583288e-06,1.583288,0.0,4.329,1.076847e-05,10.76847,0.0,3.995,3.785996e-07,0.3785996,0.0,4.294,1.122944e-06,1.122944
389,389,5.77583816e-05,57.75838160000001,0,1,66.8235294117647,,False,,0.0,4.318,3.021935e-07,0.3021935,0.0,4.261,3.972804e-07,0.3972804,0.5568627450980391,3.845,2.298518e-05,22.98518,0.0,4.23,1.872497e-07,0.1872497,0.0,3.977,1.337849e-05,13.37849,0.0,4.329,1.800939e-06,1.800939,0.0,3.995,1.734123e-05,17.341230000000003,0.0,4.294,1.365819e-06,1.365819
390,390,8.2932048e-05,82.932048,0,1,89.41176470588236,,False,,0.0,4.318,2.877612e-07,0.2877612,0.0,4.261,4.833212e-05,48.33212,0.0,4.164,2.078623e-06,2.078623,0.7450980392156864,3.863,1.91767e-05,19.1767,0.0,3.977,1.533172e-06,1.533172,0.0,4.329,1.004224e-05,10.04224,0.0,3.995,3.182658e-07,0.3182658,0.0,4.294,1.163166e-06,1.163166
391,391,6.132596921e-05,61.32596921,0,1,53.17647058823528,,False,,0.0,4.318,2.48432e-07,0.248432,0.0,4.261,1.828767e-07,0.1828767,0.0,4.164,2.222589e-05,22.22589,0.0,4.23,7.803771e-08,0.07803771,0.4431372549019607,3.679,1.836342e-05,18.36342,0.0,4.329,4.277102e-06,4.277101999999999,0.0,3.995,1.512272e-05,15.12272,0.0,4.294,8.274908e-07,0.8274908
392,392,6.583888970000001e-05,65.8388897,0,1,66.8235294117647,,False,,0.0,4.318,8.531518e-07,0.8531518,0.5568627450980391,3.95,3.393116e-05,33.93116,0.0,4.164,2.520436e-06,2.520436,0.0,4.23,1.618107e-05,16.181070000000002,0.0,3.977,1.520043e-06,1.520043,0.0,4.329,9.333354e-06,9.333354,0.0,3.995,3.712479e-07,0.3712479,0.0,4.294,1.128427e-06,1.128427
393,393,2.475048467e-05,24.75048467,0,1,28.23529411764705,,False,,0.0,4.318,2.457063e-07,0.2457063,0.0,4.261,2.487976e-07,0.2487975999999999,0.2352941176470588,3.957,7.879971e-06,7.879970999999999,0.0,4.23,2.915977e-08,0.02915977,0.0,3.977,5.6664e-06,5.666399999999999,0.0,4.329,1.876374e-06,1.876374,0.0,3.995,7.550871e-06,7.550871,0.0,4.294,1.253205e-06,1.253205
394,394,5.12325139e-05,51.2325139,0,1,53.17647058823528,,False,,0.0,4.318,2.733056e-07,0.2733056,0.0,4.261,3.019482e-05,30.19482,0.0,4.164,1.961691e-06,1.961691,0.4431372549019607,3.95,1.131908e-05,11.31908,0.0,3.977,1.399299e-06,1.399299,0.0,4.329,4.678284e-06,4.6782840000000006,0.0,3.995,2.644753e-07,0.2644752999999999,0.0,4.294,1.141559e-06,1.141559
395,395,4.132277848e-05,41.32277848,0,1,34.8235294117647,,False,,0.0,4.318,2.272909e-07,0.2272909,0.0,4.261,1.675981e-07,0.1675981,0.0,4.164,1.349397e-05,13.49397,0.0,4.23,2.133328e-08,0.02133328,0.2901960784313725,3.74,1.21532e-05,12.1532,0.0,4.329,3.787257e-06,3.787257,0.0,3.995,1.060439e-05,10.60439,0.0,4.294,8.677392e-07,0.8677391999999999
396,396,2.6275e-05,26.275,0,1,28.23529411764705,,False,,0.0,4.318,5.123574e-07,0.5123574,0.2352941176470588,4.072,1.284549e-05,12.84549,0.0,4.164,2.137469e-06,2.1374690000000003,0.0,4.23,5.570694e-06,5.5706940000000005,0.0,3.977,1.160946e-06,1.160946,0.0,4.329,2.656524e-06,2.656524,0.0,3.995,3.145316e-07,0.3145315999999999,0.0,4.294,1.076988e-06,1.0769879999999998
397,397,3.48721531e-05,34.872153100000006,0,1,34.8235294117647,,False,,0.0,4.318,2.53656e-07,0.253656,0.0,4.261,2.053299e-05,20.53299,0.0,4.164,1.862119e-06,1.862119,0.2901960784313725,4.004,7.268301e-06,7.268301,0.0,3.977,1.308478e-06,1.308478,0.0,4.329,2.287436e-06,2.287436,0.0,3.995,2.421901e-07,0.2421901,0.0,4.294,1.116983e-06,1.116983
398,398,4.190794949e-05,41.90794949,0,1,35.294117647058805,,False,,0.0,4.318,2.281734e-07,0.2281734,0.0,4.261,1.683348e-07,0.1683348,0.0,4.164,1.372606e-05,13.72606,0.0,4.23,2.376669e-08,0.02376669,0.2941176470588234,3.738,1.237174e-05,12.37174,0.0,4.329,3.78725e-06,3.78725,0.0,3.995,1.07238e-05,10.7238,0.0,4.294,8.788246e-07,0.8788246000000001
399,399,3.27184619e-05,32.718461899999994,0,1,35.294117647058805,,False,,0.0,4.318,2.536712e-07,0.2536712,0.0,4.261,1.920563e-05,19.20563,0.0,4.164,1.847714e-06,1.847714,0.2941176470588234,4.012,6.758839e-06,6.758838999999999,0.0,3.977,1.293995e-06,1.293995,0.0,4.329,1.998545e-06,1.998545,0.0,3.995,2.405347e-07,0.2405347,0.0,4.294,1.119533e-06,1.119533
400,400,6.82444821e-05,68.2444821,0,1,79.52941176470587,,False,,0.0,4.318,3.1524e-07,0.31524,0.0,4.261,4.366764e-07,0.4366763999999999,0.6627450980392156,3.816,2.779358e-05,27.79358,0.0,4.23,2.539517e-07,0.2539517,0.0,3.977,1.588683e-05,15.88683,0.0,4.329,1.774e-06,1.774,0.0,3.995,2.037358e-05,20.37358,0.0,4.294,1.410624e-06,1.410624
401,401,7.72962232e-05,77.2962232,0,1,79.52941176470587,,False,,0.0,4.318,9.349899e-07,0.9349899,0.6627450980392156,3.921,3.990805e-05,39.90805,0.0,4.164,2.589723e-06,2.589723,0.0,4.23,1.928552e-05,19.28552,0.0,3.977,1.620695e-06,1.620695,0.0,4.329,1.144658e-05,11.44658,0.0,3.995,3.829433e-07,0.3829433,0.0,4.294,1.127722e-06,1.127722
402,402,0.0001281007536,128.10075360000002,0,1,115.76470588235294,,False,,0.0,4.318,3.067152e-07,0.3067151999999999,0.0,4.261,2.154154e-07,0.2154154,0.0,4.164,5.307545e-05,53.07545,0.0,4.23,4.236032e-07,0.4236032,0.9647058823529412,3.512,3.879321e-05,38.79321,0.0,4.329,5.425468e-06,5.425468,0.0,3.995,2.918187e-05,29.18187,0.0,4.294,6.790218e-07,0.6790218
403,403,4.94009556e-05,49.4009556,0,2,56.94117647058823,,False,,0.0,4.318,2.905699e-07,0.2905699,0.0,4.261,3.605711e-07,0.3605711,0.4745098039215686,3.87,1.903359e-05,19.03359,0.0,4.23,1.367606e-07,0.1367605999999999,0.0,3.977,1.146207e-05,11.46207,0.0,4.329,1.83116e-06,1.83116,0.0,3.995,1.493218e-05,14.93218,0.0,4.294,1.354054e-06,1.354054
404,404,0.0001066229867999,106.6229868,0,1,115.76470588235294,,False,,0.0,4.318,3.025855e-07,0.3025855,0.0,4.261,6.145924e-05,61.45924,0.0,4.164,2.146481e-06,2.146481,0.9647058823529412,3.805,2.509187e-05,25.09187,0.0,3.977,1.612197e-06,1.612197,0.0,4.329,1.444802e-05,14.44802,0.0,3.995,3.698913e-07,0.3698913,0.0,4.294,1.192702e-06,1.1927020000000002
405,405,5.69039541e-05,56.90395410000001,0,1,56.94117647058823,,False,,0.0,4.318,7.778254e-07,0.7778254,0.4745098039215686,3.974,2.923936e-05,29.23936,0.0,4.164,2.455359e-06,2.455359,0.0,4.23,1.378109e-05,13.78109,0.0,3.977,1.440337e-06,1.440337,0.0,4.329,7.722587e-06,7.722587000000001,0.0,3.995,3.619567e-07,0.3619566999999999,0.0,4.294,1.125439e-06,1.125439
406,406,1.2819326600000002e-05,12.8193266,0,1,12.705882352941169,,False,,0.0,4.318,2.167101e-07,0.2167101,0.0,4.261,1.862608e-07,0.1862608,0.1058823529411764,4.018,2.790147e-06,2.790147,0.0,4.23,2.44377e-08,0.0244377,0.0,3.977,2.811011e-06,2.811011,0.0,4.329,1.876987e-06,1.876987,0.0,3.995,3.731145e-06,3.731145,0.0,4.294,1.182628e-06,1.182628
407,407,1.35080816e-05,13.5080816,0,1,12.705882352941169,,False,,0.0,4.318,3.619088e-07,0.3619088,0.1058823529411764,4.134,5.692727e-06,5.6927270000000005,0.0,4.164,1.89303e-06,1.89303,0.0,4.23,2.175055e-06,2.175055,0.0,3.977,1.031088e-06,1.031088,0.0,4.329,9.844168e-07,0.9844168,0.0,3.995,2.98026e-07,0.298026,0.0,4.294,1.07183e-06,1.07183
408,408,0.0001214994255,121.4994255,0,1,101.17647058823528,,False,,0.0,4.318,5.735199e-07,0.5735199,0.0,4.261,4.557052e-06,4.5570520000000005,0.0,4.164,4.436732e-05,44.36732,0.0,4.23,5.931419e-06,5.931419,0.8431372549019607,3.547,3.622531e-05,36.22531,0.0,4.329,3.468326e-06,3.468326,0.0,3.995,2.564137e-05,25.64137,0.0,4.294,7.351086e-07,0.7351086
409,409,9.50581529e-05,95.0581529,0,2,101.17647058823528,,False,,0.0,4.318,2.97685e-07,0.297685,0.0,4.261,5.510395e-05,55.103950000000005,0.0,4.164,2.117161e-06,2.117161,0.8431372549019607,3.833,2.220777e-05,22.20777,0.0,3.977,1.577854e-06,1.577854,0.0,4.329,1.223769e-05,12.23769,0.0,3.995,3.433429e-07,0.3433429,0.0,4.294,1.1727e-06,1.1727
410,410,0.0001172409042999,117.2409043,0,1,105.88235294117646,,False,,0.0,4.318,2.999164e-07,0.2999164,0.0,4.261,2.114305e-07,0.2114305,0.0,4.164,4.809827e-05,48.09827,0.0,4.23,3.515763e-07,0.3515763,0.8823529411764706,3.536,3.533937e-05,35.33937,0.0,4.329,5.278351e-06,5.278351000000001,0.0,3.995,2.697137e-05,26.97137,0.0,4.294,6.906201e-07,0.6906201
411,411,9.80671519e-05,98.0671519,0,1,105.88235294117646,,False,,0.0,4.318,2.931585e-07,0.2931585,0.0,4.261,5.679818e-05,56.79818,0.0,4.164,2.120831e-06,2.120831,0.8823529411764706,3.826,2.293474e-05,22.93474,0.0,3.977,1.582387e-06,1.582387,0.0,4.329,1.280858e-05,12.80858,0.0,3.995,3.486884e-07,0.3486884,0.0,4.294,1.180587e-06,1.180587
412,412,2.287157144e-05,22.87157144,0,1,18.823529411764707,,False,,0.0,4.318,2.036715e-07,0.2036715,0.0,4.261,1.473389e-07,0.1473389,0.0,4.164,5.859819e-06,5.859819,0.0,4.23,1.700774e-08,0.01700774,0.1568627450980392,3.811,6.45247e-06,6.45247,0.0,4.329,3.159588e-06,3.159588,0.0,3.995,6.103302e-06,6.103302,0.0,4.294,9.283743e-07,0.9283743
413,413,1.9354784000000003e-05,19.354784,0,1,18.823529411764707,,False,,0.0,4.318,2.298286e-07,0.2298286,0.0,4.261,1.094083e-05,10.94083,0.0,4.164,1.721626e-06,1.721626,0.1568627450980392,4.07,3.456425e-06,3.4564250000000003,0.0,3.977,1.186766e-06,1.186766,0.0,4.329,4.991462e-07,0.4991462,0.0,3.995,2.300892e-07,0.2300892,0.0,4.294,1.090073e-06,1.090073
414,414,4.082311074e-05,40.82311074,0,1,46.58823529411764,,False,,0.0,4.318,2.746159e-07,0.2746159,0.0,4.261,3.248697e-07,0.3248697,0.388235294117647,3.897,1.513214e-05,15.13214,0.0,4.23,9.173914e-08,0.09173914,0.0,3.977,9.452771e-06,9.452770999999998,0.0,4.329,1.853993e-06,1.853993,0.0,3.995,1.238802e-05,12.38802,0.0,4.294,1.304962e-06,1.304962
415,415,8.32398495e-05,83.23984949999999,0,1,73.41176470588235,,False,,0.0,4.318,2.699155e-07,0.2699155,0.0,4.261,1.965049e-07,0.1965049,0.0,4.164,3.217577e-05,32.17577,0.0,4.23,1.707275e-07,0.1707275,0.6117647058823529,3.62,2.505251e-05,25.05251,0.0,4.329,4.724601e-06,4.724601,0.0,3.995,1.988553e-05,19.88553,0.0,4.294,7.642906e-07,0.7642906
416,416,4.55973264e-05,45.5973264,0,1,46.58823529411764,,False,,0.0,4.318,6.886651e-07,0.6886651,0.388235294117647,4.006,2.327028e-05,23.27028,0.0,4.164,2.357734e-06,2.357734,0.0,4.23,1.070975e-05,10.70975,0.0,3.977,1.338996e-06,1.338996,0.0,4.329,5.786484e-06,5.786484,0.0,3.995,3.427563e-07,0.3427563,0.0,4.294,1.102661e-06,1.102661
417,417,6.87930341e-05,68.7930341,0,1,73.41176470588235,,False,,0.0,4.318,2.772717e-07,0.2772717,0.0,4.261,4.035467e-05,40.35467,0.0,4.164,2.031267e-06,2.031267,0.6117647058823529,3.9,1.563703e-05,15.63703,0.0,3.977,1.471802e-06,1.471802,0.0,4.329,7.586701e-06,7.586701,0.0,3.995,2.898154e-07,0.2898154,0.0,4.294,1.144477e-06,1.144477
418,418,2.655839816e-05,26.55839816,0,1,21.176470588235293,,False,,0.0,4.318,2.078132e-07,0.2078132,0.0,4.261,1.52462e-07,0.152462,0.0,4.164,7.32247e-06,7.32247,0.0,4.23,1.157656e-08,0.01157656,0.1764705882352941,3.795,7.598951e-06,7.598951,0.0,4.329,3.310052e-06,3.310052,0.0,3.995,7.046765e-06,7.046765,0.0,4.294,9.083084e-07,0.9083084
419,419,2.10824002e-05,21.0824002,0,1,21.176470588235293,,False,,0.0,4.318,2.314612e-07,0.2314612,0.0,4.261,1.205398e-05,12.05398,0.0,4.164,1.744156e-06,1.744156,0.1764705882352941,4.061,3.888305e-06,3.888305,0.0,3.977,1.193656e-06,1.193656,0.0,4.329,6.612232e-07,0.6612232,0.0,3.995,2.287188e-07,0.2287188,0.0,4.294,1.0809e-06,1.0809000000000002
420,420,1.049065406e-05,10.49065406,0,1,13.647058823529408,,False,,0.0,4.318,2.088395e-07,0.2088394999999999,0.0,4.261,1.732581e-07,0.1732581,0.1137254901960784,4.034,1.875802e-06,1.875802,0.0,4.23,3.185446e-08,0.03185446,0.0,3.977,2.235324e-06,2.235324,0.0,4.329,1.878071e-06,1.878071,0.0,3.995,2.934484e-06,2.934484,0.0,4.294,1.153021e-06,1.153021
421,421,1.60505284e-05,16.0505284,0,1,13.647058823529408,,False,,0.0,4.318,3.970162e-07,0.3970162,0.1137254901960784,4.119,7.161156e-06,7.161156,0.0,4.164,1.952038e-06,1.952038,0.0,4.23,2.853794e-06,2.853794,0.0,3.977,1.054288e-06,1.054288,0.0,4.329,1.274e-06,1.274,0.0,3.995,2.997272e-07,0.2997272,0.0,4.294,1.058509e-06,1.058509
422,422,1.281512773e-05,12.81512773,0,1,14.117647058823527,,False,,0.0,4.318,2.172891e-07,0.2172891,0.0,4.261,1.871976e-07,0.1871976,0.1176470588235294,4.018,2.807798e-06,2.807798,0.0,4.23,2.263503e-08,0.02263503,0.0,3.977,2.789952e-06,2.789952,0.0,4.329,1.884956e-06,1.884956,0.0,3.995,3.733736e-06,3.733736,0.0,4.294,1.171564e-06,1.171564
423,423,1.36307447e-05,13.6307447,0,1,14.117647058823527,,False,,0.0,4.318,3.641246e-07,0.3641246,0.1176470588235294,4.133,5.787592e-06,5.787592,0.0,4.164,1.892921e-06,1.892921,0.0,4.23,2.212348e-06,2.212348,0.0,3.977,1.031099e-06,1.031099,0.0,4.329,9.94906e-07,0.994906,0.0,3.995,2.947351e-07,0.2947351,0.0,4.294,1.053019e-06,1.053019
424,424,5.24017033e-05,52.4017033,0,1,60.23529411764704,,False,,0.0,4.318,2.921929e-07,0.2921929,0.0,4.261,3.769025e-07,0.3769025,0.5019607843137254,3.861,2.049364e-05,20.49364,0.0,4.23,1.549539e-07,0.1549539,0.0,3.977,1.210359e-05,12.10359,0.0,4.329,1.824263e-06,1.824263,0.0,3.995,1.580241e-05,15.80241,0.0,4.294,1.353751e-06,1.353751
425,425,5.96317906e-05,59.6317906,0,1,60.23529411764704,,False,,0.0,4.318,8.071601e-07,0.8071600999999999,0.5019607843137254,3.966,3.066413e-05,30.66413,0.0,4.164,2.476092e-06,2.476092,0.0,4.23,1.451551e-05,14.51551,0.0,3.977,1.457907e-06,1.457907,0.0,4.329,8.239616e-06,8.239616,0.0,3.995,3.615345e-07,0.3615345,0.0,4.294,1.109841e-06,1.109841
426,426,0.0001032339217,103.2339217,0,1,119.05882352941175,,False,,0.0,4.318,3.621711e-07,0.3621710999999999,0.0,4.261,5.695409e-07,0.5695409,0.992156862745098,3.728,4.451788e-05,44.51788,0.0,4.23,5.267677e-07,0.5267677000000001,0.0,3.977,2.387084e-05,23.87084,0.0,4.329,1.640527e-06,1.6405269999999998,0.0,3.995,3.025231e-05,30.25231,0.0,4.294,1.493885e-06,1.493885
427,427,0.0001145514475,114.5514475,0,1,119.05882352941175,,False,,0.0,4.318,1.208683e-06,1.208683,0.992156862745098,3.835,5.903174e-05,59.03174,0.0,4.164,2.777671e-06,2.777671,0.0,4.23,2.934058e-05,29.34058,0.0,3.977,1.926476e-06,1.926476,0.0,4.329,1.868535e-05,18.68535,0.0,3.995,4.243625e-07,0.4243625,0.0,4.294,1.156585e-06,1.156585
428,428,5.532353287e-05,55.32353287,0,1,47.52941176470587,,False,,0.0,4.318,2.40939e-07,0.240939,0.0,4.261,1.797522e-07,0.1797522,0.0,4.164,1.959254e-05,19.59254,0.0,4.23,5.663567e-08,0.05663567,0.3960784313725489,3.696,1.647403e-05,16.47403,0.0,4.329,4.142472e-06,4.142472,0.0,3.995,1.379897e-05,13.79897,0.0,4.294,8.38194e-07,0.838194
429,429,4.63926332e-05,46.392633200000006,0,1,47.52941176470587,,False,,0.0,4.318,2.65961e-07,0.265961,0.0,4.261,2.739926e-05,27.39926,0.0,4.164,1.929025e-06,1.929025,0.3960784313725489,3.965,1.010564e-05,10.10564,0.0,3.977,1.368135e-06,1.368135,0.0,4.329,3.944083e-06,3.944083,0.0,3.995,2.546012e-07,0.2546011999999999,0.0,4.294,1.125928e-06,1.125928
430,430,6.93926906e-05,69.3926906,0,1,80.0,,False,,0.0,4.318,3.178022e-07,0.3178022,0.0,4.261,4.455852e-07,0.4455852,0.6666666666666666,3.813,2.839681e-05,28.39681,0.0,4.23,2.641432e-07,0.2641432,0.0,3.977,1.608029e-05,16.080289999999998,0.0,4.329,1.772373e-06,1.772373,0.0,3.995,2.071008e-05,20.71008,0.0,4.294,1.405607e-06,1.4056069999999998
431,431,7.66197888e-05,76.61978880000001,0,1,80.0,,False,,0.0,4.318,9.384888e-07,0.9384888,0.6666666666666666,3.922,3.950852e-05,39.50852,0.0,4.164,2.591484e-06,2.591484,0.0,4.23,1.90939e-05,19.0939,0.0,3.977,1.61158e-06,1.61158,0.0,4.329,1.136474e-05,11.36474,0.0,3.995,3.83892e-07,0.3838919999999999,0.0,4.294,1.127184e-06,1.127184
432,432,0.0001290493495,129.0493495,0,1,117.1764705882353,,False,,0.0,4.318,3.069919e-07,0.3069919,0.0,4.261,2.158562e-07,0.2158562,0.0,4.164,5.357795e-05,53.57795,0.0,4.23,4.19985e-07,0.419985,0.9764705882352942,3.508,3.904418e-05,39.04418,0.0,4.329,5.409463e-06,5.409463,0.0,3.995,2.940572e-05,29.40572,0.0,4.294,6.692034e-07,0.6692034
433,433,0.0001084934703999,108.4934704,0,1,117.1764705882353,,False,,0.0,4.318,2.963492e-07,0.2963492,0.0,4.261,6.255898e-05,62.55897999999999,0.0,4.164,2.140837e-06,2.140837,0.9764705882352942,3.801,2.55231e-05,25.5231,0.0,3.977,1.610815e-06,1.610815,0.0,4.329,1.48113e-05,14.8113,0.0,3.995,3.696052e-07,0.3696051999999999,0.0,4.294,1.182484e-06,1.182484
434,434,6.965782539999999e-05,69.65782540000001,0,1,80.47058823529409,,False,,0.0,4.318,3.166095e-07,0.3166095,0.0,4.261,4.45797e-07,0.445797,0.6705882352941174,3.812,2.854889e-05,28.54889,0.0,4.23,2.658989e-07,0.2658989,0.0,3.977,1.616748e-05,16.167479999999998,0.0,4.329,1.761082e-06,1.761082,0.0,3.995,2.075223e-05,20.75223,0.0,4.294,1.399838e-06,1.399838
435,435,6.368910162e-05,63.68910162,0,1,55.05882352941175,,False,,0.0,4.318,2.499148e-07,0.2499148,0.0,4.261,1.854964e-07,0.1854964,0.0,4.164,2.33128e-05,23.312800000000003,0.0,4.23,8.498102e-08,0.08498102,0.4588235294117646,3.672,1.906401e-05,19.06401,0.0,4.329,4.329588e-06,4.329587999999999,0.0,3.995,1.566203e-05,15.66203,0.0,4.294,8.002814e-07,0.8002813999999999
436,436,7.73084301e-05,77.30843010000001,0,1,80.47058823529409,,False,,0.0,4.318,9.46804e-07,0.946804,0.6705882352941174,3.92,3.983117e-05,39.83117,0.0,4.164,2.594123e-06,2.594123,0.0,4.23,1.930142e-05,19.30142,0.0,3.977,1.61265e-06,1.61265,0.0,4.329,1.151228e-05,11.51228,0.0,3.995,3.844631e-07,0.3844631,0.0,4.294,1.12552e-06,1.12552
437,437,5.31749293e-05,53.1749293,0,1,55.05882352941175,,False,,0.0,4.318,2.734037e-07,0.2734036999999999,0.0,4.261,3.137601e-05,31.37601,0.0,4.164,1.960488e-06,1.960488,0.4588235294117646,3.944,1.177365e-05,11.77365,0.0,3.977,1.398936e-06,1.398936,0.0,4.329,5.002763e-06,5.002763,0.0,3.995,2.639606e-07,0.2639606,0.0,4.294,1.125718e-06,1.125718
438,438,1.5506362539999998e-05,15.50636254,0,1,15.058823529411754,,False,,0.0,4.318,2.241772e-07,0.2241772,0.0,4.261,2.010736e-07,0.2010736,0.1254901960784313,4.002,3.921002e-06,3.921002,0.0,4.23,1.944274e-08,0.01944274,0.0,3.977,3.447701e-06,3.447701,0.0,4.329,1.8823e-06,1.8823,0.0,3.995,4.619949e-06,4.619949,0.0,4.294,1.190717e-06,1.190717
439,439,1.7610526599999998e-05,17.610526600000004,0,1,15.058823529411754,,False,,0.0,4.318,4.134813e-07,0.4134813,0.1254901960784313,4.111,8.05266e-06,8.052660000000001,0.0,4.164,1.976632e-06,1.976632,0.0,4.23,3.262088e-06,3.2620880000000003,0.0,3.977,1.068074e-06,1.068074,0.0,4.329,1.46408e-06,1.46408,0.0,3.995,3.020863e-07,0.3020863,0.0,4.294,1.071425e-06,1.071425
8,440,8.27663398e-05,82.7663398,0,1,94.58823529411764,,False,explicit_power_anomaly_remeasure,0.0,4.318,3.350911e-07,0.3350911,0.0,4.261,4.756461e-07,0.4756461,0.788235294117647,3.778,3.474476e-05,34.74476,0.0,4.23,3.642976e-07,0.3642976,0.0,3.977,1.917647e-05,19.17647,0.0,4.329,1.675396e-06,1.675396,0.0,3.995,2.456244e-05,24.56244,0.0,4.294,1.432239e-06,1.432239
441,441,8.81346435e-05,88.1346435,0,1,94.58823529411764,,False,,0.0,4.318,1.025126e-06,1.025126,0.788235294117647,3.894,4.540625e-05,45.40625,0.0,4.164,2.654454e-06,2.6544540000000003,0.0,4.23,2.223829e-05,22.23829,0.0,3.977,1.705712e-06,1.705712,0.0,4.329,1.357338e-05,13.57338,0.0,3.995,3.957935e-07,0.3957935,0.0,4.294,1.135638e-06,1.135638
442,442,0.0001212164806,121.21648059999998,0,1,111.52941176470588,,False,,0.0,4.318,3.015552e-07,0.3015552,0.0,4.261,2.133758e-07,0.2133758,0.0,4.164,4.992118e-05,49.92118,0.0,4.23,3.749793e-07,0.3749793,0.9294117647058824,3.527,3.667831e-05,36.67831,0.0,4.329,5.307133e-06,5.307132999999999,0.0,3.995,2.773349e-05,27.73349,0.0,4.294,6.864573e-07,0.6864573
443,443,0.0001029959508,102.9959508,0,1,111.52941176470588,,False,,0.0,4.318,2.961278e-07,0.2961278,0.0,4.261,5.951105e-05,59.51105,0.0,4.164,2.125678e-06,2.125678,0.9294117647058824,3.814,2.413235e-05,24.13235,0.0,3.977,1.595142e-06,1.595142,0.0,4.329,1.380548e-05,13.80548,0.0,3.995,3.56163e-07,0.356163,0.0,4.294,1.17396e-06,1.17396
444,444,4.549029676e-05,45.49029676,0,1,38.11764705882352,,False,,0.0,4.318,2.31174e-07,0.231174,0.0,4.261,1.735354e-07,0.1735354,0.0,4.164,1.530018e-05,15.30018,0.0,4.23,2.867186e-08,0.0286718599999999,0.3176470588235293,3.726,1.345417e-05,13.45417,0.0,4.329,3.890228e-06,3.890228000000001,0.0,3.995,1.156213e-05,11.56213,0.0,4.294,8.502075e-07,0.8502075
9,445,3.65024978e-05,36.5024978,0,1,38.11764705882352,,False,explicit_power_anomaly_remeasure,0.0,4.318,2.568758e-07,0.2568758,0.0,4.261,2.150016e-05,21.50016,0.0,4.164,1.893041e-06,1.893041,0.3176470588235293,3.998,7.664314e-06,7.664314,0.0,3.977,1.325949e-06,1.325949,0.0,4.329,2.510697e-06,2.510697,0.0,3.995,2.41487e-07,0.241487,0.0,4.294,1.109974e-06,1.109974
446,446,4.301804655e-05,43.01804655,0,1,36.23529411764705,,False,,0.0,4.318,2.2905e-07,0.22905,0.0,4.261,1.691492e-07,0.1691492,0.0,4.164,1.424658e-05,14.24658,0.0,4.23,2.549545e-08,0.02549545,0.3019607843137254,3.734,1.269632e-05,12.69632,0.0,4.329,3.81911e-06,3.81911,0.0,3.995,1.097022e-05,10.97022,0.0,4.294,8.621219e-07,0.8621219
447,447,3.4319058299999995e-05,34.319058299999995,0,1,36.23529411764705,,False,,0.0,4.318,2.526467e-07,0.2526467,0.0,4.261,2.021844e-05,20.21844,0.0,4.164,1.849621e-06,1.849621,0.3019607843137254,4.006,7.14217e-06,7.142169999999999,0.0,3.977,1.292762e-06,1.292762,0.0,4.329,2.22651e-06,2.22651,0.0,3.995,2.376326e-07,0.2376326,0.0,4.294,1.099276e-06,1.099276
448,448,3.1171336e-05,31.171336,0,1,37.6470588235294,,False,,0.0,4.318,2.591092e-07,0.2591092,0.0,4.261,2.825147e-07,0.2825147,0.3137254901960783,3.931,1.079023e-05,10.79023,0.0,4.23,4.93641e-08,0.0493641,0.0,3.977,7.170915e-06,7.170915,0.0,4.329,1.870751e-06,1.870751,0.0,3.995,9.488323e-06,9.488323,0.0,4.294,1.260129e-06,1.260129
449,449,3.49851699e-05,34.9851699,0,1,37.6470588235294,,False,,0.0,4.318,5.95325e-07,0.595325,0.3137254901960783,4.04,1.757115e-05,17.57115,0.0,4.164,2.232328e-06,2.2323280000000003,0.0,4.23,7.90873e-06,7.908729999999999,0.0,3.977,1.239626e-06,1.239626,0.0,4.329,4.023202e-06,4.023202,0.0,3.995,3.261999e-07,0.3261999,0.0,4.294,1.088609e-06,1.0886090000000002
450,450,3.3129273120000006e-05,33.12927312,0,1,39.52941176470588,,False,,0.0,4.318,2.611275e-07,0.2611275,0.0,4.261,2.91231e-07,0.291231,0.3294117647058823,3.924,1.165473e-05,11.65473,0.0,4.23,5.735262e-08,0.05735262,0.0,3.977,7.643765e-06,7.643765,0.0,4.329,1.862088e-06,1.862088,0.0,3.995,1.008695e-05,10.08695,0.0,4.294,1.272029e-06,1.272029
10,451,4.040025099999999e-05,40.400251,0,1,39.52941176470588,,False,sample451_input_voltage_fixed,0.0,4.318,5.668713e-07,0.5668713,0.3294117647058823,4.026,2.059409e-05,20.59409,0.0,4.164,2.389996e-06,2.389996,0.0,4.23,9.163924e-06,9.163924,0.0,3.977,1.315416e-06,1.315416,0.0,4.329,4.84986e-06,4.84986,0.0,3.995,3.752097e-07,0.3752097,0.0,4.294,1.144884e-06,1.144884
452,452,3.413585229e-05,34.13585229,0,1,41.41176470588235,,False,,0.0,4.318,2.639906e-07,0.2639905999999999,0.0,4.261,2.955008e-07,0.2955008,0.3450980392156862,3.92,1.211241e-05,12.11241,0.0,4.23,6.103889e-08,0.06103889,0.0,3.977,7.864358e-06,7.864358,0.0,4.329,1.860331e-06,1.860331,0.0,3.995,1.040602e-05,10.40602,0.0,4.294,1.272203e-06,1.272203
453,453,5.598842493000001e-05,55.98842493,0,1,48.0,,False,,0.0,4.318,2.434228e-07,0.2434228,0.0,4.261,1.804972e-07,0.1804972,0.0,4.164,1.99258e-05,19.9258,0.0,4.23,5.797413e-08,0.05797413,0.4,3.694,1.669178e-05,16.69178,0.0,4.329,4.145743e-06,4.145743,0.0,3.995,1.392701e-05,13.92701,0.0,4.294,8.161978e-07,0.8161978
454,454,4.00204669e-05,40.0204669,0,1,41.41176470588235,,False,,0.0,4.318,6.390856e-07,0.6390856,0.3450980392156862,4.023,2.03097e-05,20.3097,0.0,4.164,2.286254e-06,2.286254,0.0,4.23,9.223359e-06,9.223359,0.0,3.977,1.281007e-06,1.281007,0.0,4.329,4.865241e-06,4.865241,0.0,3.995,3.314623e-07,0.3314623,0.0,4.294,1.084358e-06,1.0843580000000002
455,455,4.6898874e-05,46.89887399999999,0,1,48.0,,False,,0.0,4.318,2.58708e-07,0.258708,0.0,4.261,2.772011e-05,27.72011,0.0,4.164,1.922024e-06,1.922024,0.4,3.963,1.02298e-05,10.2298,0.0,3.977,1.364679e-06,1.3646790000000002,0.0,4.329,4.033438e-06,4.033438,0.0,3.995,2.53045e-07,0.2530449999999999,0.0,4.294,1.11707e-06,1.11707
456,456,3.959940224e-05,39.59940224,0,1,43.764705882352935,,False,,0.0,4.318,2.718603e-07,0.2718603,0.0,4.261,3.200301e-07,0.3200301,0.3647058823529411,3.901,1.460986e-05,14.60986,0.0,4.23,8.519184e-08,0.08519184,0.0,3.977,9.152484e-06,9.152484,0.0,4.329,1.852603e-06,1.852603,0.0,3.995,1.200979e-05,12.00979,0.0,4.294,1.297583e-06,1.297583
457,457,4.120654460000001e-05,41.2065446,0,1,43.764705882352935,,False,,0.0,4.318,6.484651e-07,0.6484651,0.3647058823529411,4.019,2.092912e-05,20.92912,0.0,4.164,2.302017e-06,2.302017,0.0,4.23,9.546503e-06,9.546503,0.0,3.977,1.288429e-06,1.288429,0.0,4.329,5.076646e-06,5.076646,0.0,3.995,3.341015e-07,0.3341015,0.0,4.294,1.081263e-06,1.081263
458,458,7.79191643e-05,77.9191643,0,1,89.41176470588236,,False,,0.0,4.318,3.283317e-07,0.3283317,0.0,4.261,4.774575e-07,0.4774575,0.7450980392156864,3.79,3.248684e-05,32.48684,0.0,4.23,3.256091e-07,0.3256091,0.0,3.977,1.80124e-05,18.0124,0.0,4.329,1.737162e-06,1.737162,0.0,3.995,2.313622e-05,23.13622,0.0,4.294,1.415144e-06,1.415144
459,459,0.000102575729,102.575729,0,1,91.2941176470588,,False,,0.0,4.318,2.825965e-07,0.2825965,0.0,4.261,2.082024e-07,0.2082023999999999,0.0,4.164,4.11617e-05,41.1617,0.0,4.23,2.718047e-07,0.2718047,0.76078431372549,3.571,3.097187e-05,30.97187,0.0,4.329,5.025583e-06,5.025583,0.0,3.995,2.39418e-05,23.9418,0.0,4.294,7.121724e-07,0.7121723999999999
460,460,8.64408384e-05,86.4408384,0,1,89.41176470588236,,False,,0.0,4.318,1.002479e-06,1.002479,0.7450980392156864,3.898,4.461685e-05,44.61685,0.0,4.164,2.636921e-06,2.636921,0.0,4.23,2.171658e-05,21.71658,0.0,3.977,1.684201e-06,1.6842009999999998,0.0,4.329,1.327167e-05,13.27167,0.0,3.995,3.879584e-07,0.3879584,0.0,4.294,1.124179e-06,1.124179
461,461,4.66370497e-05,46.6370497,0,1,53.17647058823528,,False,,0.0,4.318,2.819422e-07,0.2819422,0.0,4.261,3.534863e-07,0.3534863,0.4431372549019607,3.878,1.784151e-05,17.84151,0.0,4.23,1.226722e-07,0.1226722,0.0,3.977,1.07633e-05,10.7633,0.0,4.329,1.831817e-06,1.831817,0.0,3.995,1.412455e-05,14.12455,0.0,4.294,1.317772e-06,1.317772
462,462,8.49727425e-05,84.9727425,0,1,91.2941176470588,,False,,0.0,4.318,2.83054e-07,0.283054,0.0,4.261,4.942916e-05,49.42916,0.0,4.164,2.079667e-06,2.079667,0.76078431372549,3.857,1.970755e-05,19.70755,0.0,3.977,1.523786e-06,1.523786,0.0,4.329,1.048553e-05,10.48553,0.0,3.995,3.164885e-07,0.3164885,0.0,4.294,1.147507e-06,1.147507
463,463,5.31534164e-05,53.1534164,0,1,53.17647058823528,,False,,0.0,4.318,7.492812e-07,0.7492812,0.4431372549019607,3.983,2.727269e-05,27.27269,0.0,4.164,2.417429e-06,2.4174290000000003,0.0,4.23,1.274074e-05,12.74074,0.0,3.977,1.396889e-06,1.396889,0.0,4.329,7.137097e-06,7.137097,0.0,3.995,3.478062e-07,0.3478062,0.0,4.294,1.091484e-06,1.091484
464,464,3.175535021e-05,31.755350210000003,0,1,34.8235294117647,,False,,0.0,4.318,2.553278e-07,0.2553278,0.0,4.261,2.868124e-07,0.2868123999999999,0.2901960784313725,3.929,1.105869e-05,11.05869,0.0,4.23,5.143801e-08,0.05143801,0.0,3.977,7.313171e-06,7.313171,0.0,4.329,1.863425e-06,1.863425,0.0,3.995,9.66845e-06,9.66845,0.0,4.294,1.258036e-06,1.258036
465,465,3.52116613e-05,35.2116613,0,1,34.8235294117647,,False,,0.0,4.318,5.935464e-07,0.5935464,0.2901960784313725,4.039,1.771937e-05,17.71937,0.0,4.164,2.231497e-06,2.231497,0.0,4.23,7.954398e-06,7.954398000000001,0.0,3.977,1.234995e-06,1.2349949999999998,0.0,4.329,4.082076e-06,4.082076,0.0,3.995,3.243549e-07,0.3243549,0.0,4.294,1.071424e-06,1.0714240000000002
466,466,3.223319761e-05,32.233197610000005,0,1,35.294117647058805,,False,,0.0,4.318,2.584298e-07,0.2584298,0.0,4.261,2.863741e-07,0.2863740999999999,0.2941176470588234,3.927,1.125827e-05,11.25827,0.0,4.23,5.342771e-08,0.05342771,0.0,3.977,7.43643e-06,7.43643,0.0,4.329,1.860994e-06,1.860994,0.0,3.995,9.81811e-06,9.81811,0.0,4.294,1.261162e-06,1.261162
467,467,3.37623685e-05,33.7623685,0,1,35.294117647058805,,False,,0.0,4.318,5.794283e-07,0.5794283,0.2941176470588234,4.044,1.694715e-05,16.94715,0.0,4.164,2.213154e-06,2.213154,0.0,4.23,7.564449e-06,7.564449,0.0,3.977,1.226544e-06,1.226544,0.0,4.329,3.833467e-06,3.833467,0.0,3.995,3.225172e-07,0.3225172,0.0,4.294,1.075659e-06,1.075659
468,468,3.306931494e-05,33.06931494,0,1,27.29411764705881,,False,,0.0,4.318,2.155294e-07,0.2155293999999999,0.0,4.261,1.603729e-07,0.1603729,0.0,4.164,1.002597e-05,10.02597,0.0,4.23,1.003314e-08,0.01003314,0.2274509803921568,3.769,9.625797e-06,9.625797,0.0,4.329,3.511934e-06,3.511934,0.0,3.995,8.637922e-06,8.637922,0.0,4.294,8.817565e-07,0.8817565
469,469,2.59061847e-05,25.9061847,0,1,27.29411764705881,,False,,0.0,4.318,2.383497e-07,0.2383497,0.0,4.261,1.50931e-05,15.0931,0.0,4.164,1.775281e-06,1.775281,0.2274509803921568,4.039,5.080518e-06,5.080518,0.0,3.977,1.230495e-06,1.230495,0.0,4.329,1.188924e-06,1.188924,0.0,3.995,2.27735e-07,0.227735,0.0,4.294,1.071782e-06,1.071782
11,470,4.01813999e-05,40.1813999,0,1,33.411764705882355,,False,explicit_power_anomaly_remeasure,0.0,4.318,2.25465e-07,0.225465,0.0,4.261,1.684951e-07,0.1684950999999999,0.0,4.164,1.301566e-05,13.01566,0.0,4.23,2.08602e-08,0.0208602,0.2784313725490196,3.744,1.181899e-05,11.81899,0.0,4.329,3.750069e-06,3.750069,0.0,3.995,1.030916e-05,10.30916,0.0,4.294,8.727006e-07,0.8727005999999999
471,471,3.33489771e-05,33.3489771,0,1,33.411764705882355,,False,,0.0,4.318,2.495243e-07,0.2495243,0.0,4.261,1.964119e-05,19.64119,0.0,4.164,1.833052e-06,1.833052,0.2784313725490196,4.009,6.903967e-06,6.903967,0.0,3.977,1.280111e-06,1.280111,0.0,4.329,2.11203e-06,2.11203,0.0,3.995,2.354428e-07,0.2354427999999999,0.0,4.294,1.09366e-06,1.09366
12,472,9.87178079e-05,98.7178079,0,1,115.76470588235294,,False,explicit_power_anomaly_remeasure,0.0,4.318,3.565072e-07,0.3565072,0.0,4.261,5.292133e-07,0.5292133,0.9647058823529412,3.739,4.232368e-05,42.32368,0.0,4.23,4.918384e-07,0.4918383999999999,0.0,3.977,2.291197e-05,22.91197,0.0,4.329,1.616043e-06,1.616043,0.0,3.995,2.900812e-05,29.00812,0.0,4.294,1.480436e-06,1.480436
473,473,0.0001103148488999,110.3148489,0,2,98.82352941176468,,False,,0.0,4.318,2.885355e-07,0.2885355,0.0,4.261,2.108898e-07,0.2108898,0.0,4.164,4.475305e-05,44.75305,0.0,4.23,3.157787e-07,0.3157786999999999,0.8235294117647057,3.552,3.335883e-05,33.35883,0.0,4.329,5.127655e-06,5.127655,0.0,3.995,2.556373e-05,25.56373,0.0,4.294,6.963799e-07,0.6963798999999999
474,474,0.0001072454898,107.2454898,0,1,115.76470588235294,,False,,0.0,4.318,1.1566e-06,1.1566,0.9647058823529412,3.85,5.51862e-05,55.1862,0.0,4.164,2.736252e-06,2.736252,0.0,4.23,2.73967e-05,27.396700000000003,0.0,3.977,1.861913e-06,1.861913,0.0,4.329,1.735684e-05,17.35684,0.0,3.995,4.147238e-07,0.4147238,0.0,4.294,1.136261e-06,1.136261
0,475,9.53559387e-05,95.3559387,0,1,98.82352941176468,,False,explicit_power_anomaly_remeasure,0.0,4.318,3.39954e-07,0.339954,0.0,4.261,5.46649e-05,54.6649,0.0,4.164,2.186086e-06,2.186086,0.8235294117647057,3.833,2.287006e-05,22.87006,0.0,3.977,1.627234e-06,1.6272339999999998,0.0,4.329,1.211587e-05,12.11587,0.0,3.995,3.434987e-07,0.3434987,0.0,4.294,1.208336e-06,1.208336
476,476,2.093851215e-05,20.93851215,0,1,17.411764705882344,,False,,0.0,4.318,1.984963e-07,0.1984963,0.0,4.261,1.442137e-07,0.1442137,0.0,4.164,5.136508e-06,5.136508,0.0,4.23,1.976745e-08,0.01976745,0.1450980392156862,3.82,5.855046e-06,5.855046,0.0,4.329,3.050607e-06,3.050607,0.0,3.995,5.608462e-06,5.608462,0.0,4.294,9.254117e-07,0.9254117
477,477,1.80496624e-05,18.049662400000003,0,1,17.411764705882344,,False,,0.0,4.318,2.217962e-07,0.2217962,0.0,4.261,1.011063e-05,10.11063,0.0,4.164,1.69704e-06,1.69704,0.1450980392156862,4.076,3.162443e-06,3.162443,0.0,3.977,1.160096e-06,1.160096,0.0,4.329,3.987431e-07,0.3987431,0.0,3.995,2.270811e-07,0.2270811,0.0,4.294,1.071833e-06,1.0718329999999998
478,478,6.85470989e-05,68.54709890000001,0,1,59.76470588235294,,False,,0.0,4.318,2.527019e-07,0.2527019,0.0,4.261,1.895586e-07,0.1895586,0.0,4.164,2.554089e-05,25.54089,0.0,4.23,1.043187e-07,0.1043187,0.4980392156862745,3.658,2.057363e-05,20.57363,0.0,4.329,4.397102e-06,4.397102,0.0,3.995,1.670137e-05,16.70137,0.0,4.294,7.875277e-07,0.7875276999999999
479,479,5.77110208e-05,57.7110208,0,1,59.76470588235294,,False,,0.0,4.318,2.712596e-07,0.2712596,0.0,4.261,3.398612e-05,33.98612,0.0,4.164,1.977141e-06,1.9771410000000005,0.4980392156862745,3.93,1.291014e-05,12.91014,0.0,3.977,1.412482e-06,1.412482,0.0,4.329,5.768125e-06,5.768125,0.0,3.995,2.696242e-07,0.2696242,0.0,4.294,1.116129e-06,1.116129
480,480,6.714245705e-05,67.14245704999999,0,1,58.352941176470594,,False,,0.0,4.318,2.520173e-07,0.2520173,0.0,4.261,1.880641e-07,0.1880641,0.0,4.164,2.490964e-05,24.90964,0.0,4.23,9.799425e-08,0.09799425,0.4862745098039216,3.662,2.015068e-05,20.15068,0.0,4.329,4.359322e-06,4.359322,0.0,3.995,1.63981e-05,16.398100000000003,0.0,4.294,7.866394e-07,0.7866394
481,481,5.6401373000000005e-05,56.40137300000001,0,1,58.352941176470594,,False,,0.0,4.318,2.686973e-07,0.2686973,0.0,4.261,3.32282e-05,33.2282,0.0,4.164,1.971646e-06,1.971646,0.4862745098039216,3.934,1.258843e-05,12.58843,0.0,3.977,1.403216e-06,1.403216,0.0,4.329,5.555433e-06,5.555433,0.0,3.995,2.677507e-07,0.2677507,0.0,4.294,1.118e-06,1.118
482,482,6.50191129e-05,65.0191129,0,1,56.47058823529412,,False,,0.0,4.318,2.483497e-07,0.2483497,0.0,4.261,1.872986e-07,0.1872985999999999,0.0,4.164,2.397072e-05,23.97072,0.0,4.23,9.13114e-08,0.0913114,0.4705882352941177,3.668,1.94826e-05,19.4826,0.0,4.329,4.319176e-06,4.319176000000001,0.0,3.995,1.592678e-05,15.92678,0.0,4.294,7.928772e-07,0.7928772000000001
483,483,5.39085648e-05,53.9085648,0,1,56.47058823529412,,False,,0.0,4.318,2.716259e-07,0.2716259,0.0,4.261,3.173626e-05,31.73626,0.0,4.164,1.962879e-06,1.962879,0.4705882352941177,3.941,1.199261e-05,11.99261,0.0,3.977,1.394303e-06,1.394303,0.0,4.329,5.164523e-06,5.164523,0.0,3.995,2.649589e-07,0.2649589,0.0,4.294,1.121405e-06,1.121405
484,484,7.570023849999999e-05,75.7002385,0,1,66.35294117647058,,False,,0.0,4.318,2.594143e-07,0.2594143,0.0,4.261,1.939731e-07,0.1939731,0.0,4.164,2.881503e-05,28.81503,0.0,4.23,1.339708e-07,0.1339708,0.5529411764705882,3.639,2.274101e-05,22.74101,0.0,4.329,4.527427e-06,4.527426999999999,0.0,3.995,1.826354e-05,18.263540000000003,0.0,4.294,7.658733e-07,0.7658733
485,485,8.81677623e-05,88.16776229999999,0,1,101.17647058823528,,False,,0.0,4.318,3.405283e-07,0.3405283,0.0,4.261,5.124666e-07,0.5124666,0.8431372549019607,3.764,3.72715e-05,37.2715,0.0,4.23,4.077924e-07,0.4077924,0.0,3.977,2.048503e-05,20.48503,0.0,4.329,1.692622e-06,1.692622,0.0,3.995,2.602258e-05,26.02258,0.0,4.294,1.435243e-06,1.435243
486,486,6.19773325e-05,61.9773325,0,1,66.35294117647058,,False,,0.0,4.318,2.736935e-07,0.2736935,0.0,4.261,3.641881e-05,36.41881,0.0,4.164,1.99845e-06,1.99845,0.5529411764705882,3.918,1.397507e-05,13.97507,0.0,3.977,1.424714e-06,1.424714,0.0,4.329,6.488896e-06,6.488896,0.0,3.995,2.76561e-07,0.276561,0.0,4.294,1.121138e-06,1.121138
487,487,9.71021341e-05,97.1021341,0,1,101.17647058823528,,False,,0.0,4.318,1.080494e-06,1.0804939999999998,0.8431372549019607,3.873,5.007219e-05,50.07219,0.0,4.164,2.691696e-06,2.691696,0.0,4.23,2.460809e-05,24.60809,0.0,3.977,1.769764e-06,1.769764,0.0,4.329,1.534923e-05,15.34923,0.0,3.995,4.004981e-07,0.4004981,0.0,4.294,1.130172e-06,1.1301720000000002
488,488,9.2286314e-05,92.286314,0,1,105.88235294117646,,False,,0.0,4.318,3.447869e-07,0.3447869,0.0,4.261,5.265955e-07,0.5265955000000001,0.8823529411764706,3.754,3.936945e-05,39.36945,0.0,4.23,4.396406e-07,0.4396406,0.0,3.977,2.137618e-05,21.37618,0.0,4.329,1.664514e-06,1.664514,0.0,3.995,2.712164e-05,27.12164,0.0,4.294,1.443507e-06,1.443507
489,489,0.0001020393709999,102.039371,0,1,105.88235294117646,,False,,0.0,4.318,1.113604e-06,1.1136039999999998,0.8823529411764706,3.862,5.254962e-05,52.54962,0.0,4.164,2.699985e-06,2.6999850000000003,0.0,4.23,2.601322e-05,26.01322,0.0,3.977,1.810516e-06,1.810516,0.0,4.329,1.631238e-05,16.312379999999997,0.0,3.995,4.08168e-07,0.408168,0.0,4.294,1.131878e-06,1.131878
490,490,1.610529439e-05,16.10529439,0,1,18.823529411764707,,False,,0.0,4.318,2.223559e-07,0.2223559,0.0,4.261,2.037787e-07,0.2037787,0.1568627450980392,3.998,4.206305e-06,4.206305,0.0,4.23,1.921879e-08,0.01921879,0.0,3.977,3.60512e-06,3.60512,0.0,4.329,1.863263e-06,1.863263,0.0,3.995,4.8051e-06,4.8051,0.0,4.294,1.180153e-06,1.180153
491,491,1.87055795e-05,18.7055795,0,1,18.823529411764707,,False,,0.0,4.318,4.244139e-07,0.4244139,0.1568627450980392,4.105,8.685643e-06,8.685642999999999,0.0,4.164,1.983731e-06,1.983731,0.0,4.23,3.560199e-06,3.560199,0.0,3.977,1.077661e-06,1.077661,0.0,4.329,1.619915e-06,1.619915,0.0,3.995,2.985266e-07,0.2985266,0.0,4.294,1.05549e-06,1.05549
492,492,2.0465964120000003e-05,20.46596412,0,1,16.941176470588225,,False,,0.0,4.318,1.974396e-07,0.1974396,0.0,4.261,1.437127e-07,0.1437127,0.0,4.164,4.952339e-06,4.952339,0.0,4.23,2.010612e-08,0.02010612,0.1411764705882352,3.822,5.708885e-06,5.708885,0.0,4.329,3.028087e-06,3.028087,0.0,3.995,5.495757e-06,5.495757,0.0,4.294,9.196377e-07,0.9196377
493,493,6.340484639999999e-05,63.4048464,0,1,73.41176470588235,,False,,0.0,4.318,3.055053e-07,0.3055053,0.0,4.261,4.193519e-07,0.4193519,0.6117647058823529,3.829,2.566635e-05,25.66635,0.0,4.23,2.255302e-07,0.2255302,0.0,3.977,1.469528e-05,14.69528,0.0,4.329,1.770933e-06,1.770933,0.0,3.995,1.895661e-05,18.95661,0.0,4.294,1.365286e-06,1.365286
494,494,1.77205282e-05,17.720528199999997,0,1,16.941176470588225,,False,,0.0,4.318,2.213556e-07,0.2213555999999999,0.0,4.261,9.906908e-06,9.906908,0.0,4.164,1.686036e-06,1.686036,0.1411764705882352,4.078,3.075105e-06,3.075105,0.0,3.977,1.156855e-06,1.156855,0.0,4.329,3.781476e-07,0.3781476,0.0,3.995,2.26682e-07,0.226682,0.0,4.294,1.069439e-06,1.069439
495,495,7.031563179999999e-05,70.3156318,0,1,73.41176470588235,,False,,0.0,4.318,8.870712e-07,0.8870712,0.6117647058823529,3.937,3.618025e-05,36.18025,0.0,4.164,2.533823e-06,2.5338230000000004,0.0,4.23,1.741705e-05,17.41705,0.0,3.977,1.540298e-06,1.540298,0.0,4.329,1.02878e-05,10.2878,0.0,3.995,3.672436e-07,0.3672436,0.0,4.294,1.102096e-06,1.1020960000000002
496,496,1.686819428e-05,16.868194279999997,0,1,21.176470588235293,,False,,0.0,4.318,2.24929e-07,0.224929,0.0,4.261,2.104585e-07,0.2104585,0.1764705882352941,3.994,4.537921e-06,4.537921,0.0,4.23,1.862678e-08,0.01862678,0.0,3.977,3.765653e-06,3.765653,0.0,4.329,1.867016e-06,1.867016,0.0,3.995,5.062294e-06,5.062294,0.0,4.294,1.181296e-06,1.181296
497,497,2.1313999800000003e-05,21.3139998,0,1,21.176470588235293,,False,,0.0,4.318,4.503753e-07,0.4503753,0.1764705882352941,4.093,1.013711e-05,10.13711,0.0,4.164,2.029705e-06,2.0297050000000003,0.0,4.23,4.256251e-06,4.256251000000001,0.0,3.977,1.100569e-06,1.100569,0.0,4.329,1.976895e-06,1.976895,0.0,3.995,3.053805e-07,0.3053805,0.0,4.294,1.057714e-06,1.057714
14,498,4.345865112e-05,43.45865112,0,1,21.647058823529413,,False,explicit_power_anomaly_remeasure,0.0,4.318,2.286485e-07,0.2286485,0.0,4.261,1.713496e-07,0.1713496,0.0,4.164,1.443241e-05,14.43241,0.0,4.23,2.747072e-08,0.0274707199999999,0.1803921568627451,3.733,1.283555e-05,12.83555,0.0,4.329,3.828485e-06,3.828485,0.0,3.995,1.106911e-05,11.06911,0.0,4.294,8.656273e-07,0.8656273
499,499,2.02402112e-05,20.2402112,0,1,21.647058823529413,,False,,0.0,4.318,2.279997e-07,0.2279997,0.0,4.261,1.153146e-05,11.53146,0.0,4.164,1.717304e-06,1.717304,0.1803921568627451,4.065,3.692509e-06,3.692509,0.0,3.977,1.179544e-06,1.179544,0.0,4.329,5.992097e-07,0.5992097,0.0,3.995,2.245768e-07,0.2245768,0.0,4.294,1.067608e-06,1.067608
500,500,5.692196275e-05,56.921962750000006,0,1,48.94117647058823,,False,,0.0,4.318,2.40362e-07,0.240362,0.0,4.261,1.823353e-07,0.1823353,0.0,4.164,2.034152e-05,20.34152,0.0,4.23,6.119205e-08,0.06119205,0.4078431372549019,3.691,1.699579e-05,16.99579,0.0,4.329,4.147615e-06,4.147615,0.0,3.995,1.414485e-05,14.14485,0.0,4.294,8.082984e-07,0.8082984
501,501,4.77558988e-05,47.7558988,0,1,48.94117647058823,,False,,0.0,4.318,2.638164e-07,0.2638164,0.0,4.261,2.817438e-05,28.174380000000003,0.0,4.164,1.928872e-06,1.928872,0.4078431372549019,3.96,1.046862e-05,10.46862,0.0,3.977,1.363545e-06,1.363545,0.0,4.329,4.193372e-06,4.193371999999999,0.0,3.995,2.531384e-07,0.2531384,0.0,4.294,1.110155e-06,1.110155
502,502,4.636076145e-05,46.36076145,0,1,39.05882352941176,,False,,0.0,4.318,2.294196e-07,0.2294196,0.0,4.261,1.733682e-07,0.1733682,0.0,4.164,1.570503e-05,15.705030000000002,0.0,4.23,3.185745e-08,0.03185745,0.3254901960784313,3.723,1.375127e-05,13.75127,0.0,4.329,3.891984e-06,3.891984,0.0,3.995,1.174047e-05,11.74047,0.0,4.294,8.373622e-07,0.8373622000000001
15,503,3.74966955e-05,37.4966955,0,1,39.05882352941176,,False,explicit_power_anomaly_remeasure,0.0,4.318,2.597978e-07,0.2597978,0.0,4.261,2.208162e-05,22.08162,0.0,4.164,1.906514e-06,1.906514,0.3254901960784313,3.995,7.912771e-06,7.912771,0.0,3.977,1.335405e-06,1.3354050000000002,0.0,4.329,2.64264e-06,2.64264,0.0,3.995,2.434897e-07,0.2434896999999999,0.0,4.294,1.114458e-06,1.114458
504,504,2.1080238960000003e-05,21.080238960000003,0,1,15.999999999999996,,False,,0.0,4.318,1.986519e-07,0.1986519,0.0,4.261,1.435658e-07,0.1435658,0.0,4.164,5.189211e-06,5.189211,0.0,4.23,2.026136e-08,0.02026136,0.1333333333333333,3.819,5.904407e-06,5.904407,0.0,4.329,3.049513e-06,3.049513,0.0,3.995,5.652884e-06,5.652884,0.0,4.294,9.217449e-07,0.9217449
505,505,1.74156514e-05,17.4156514,0,1,15.999999999999996,,False,,0.0,4.318,2.226405e-07,0.2226405,0.0,4.261,9.69693e-06,9.69693,0.0,4.164,1.689065e-06,1.689065,0.1333333333333333,4.08,3.002117e-06,3.002117,0.0,3.977,1.15626e-06,1.15626,0.0,4.329,3.483605e-07,0.3483605,0.0,3.995,2.266364e-07,0.2266364,0.0,4.294,1.073642e-06,1.073642
506,506,0.0001219279654,121.92796540000002,0,1,110.1176470588235,,False,,0.0,4.318,2.99238e-07,0.299238,0.0,4.261,2.152751e-07,0.2152751,0.0,4.164,5.028516e-05,50.285160000000005,0.0,4.23,3.882948e-07,0.3882948,0.9176470588235291,3.525,3.68724e-05,36.872400000000006,0.0,4.329,5.300846e-06,5.300846,0.0,3.995,2.78912e-05,27.8912,0.0,4.294,6.755515e-07,0.6755515
507,507,4.202244404e-05,42.02244404,0,1,47.52941176470587,,False,,0.0,4.318,2.756465e-07,0.2756465,0.0,4.261,3.293913e-07,0.3293913,0.3960784313725489,3.893,1.569018e-05,15.69018,0.0,4.23,9.921224e-08,0.09921224,0.0,3.977,9.746112e-06,9.746112,0.0,4.329,1.832662e-06,1.832662,0.0,3.995,1.2745e-05,12.745,0.0,4.294,1.30424e-06,1.30424
508,508,0.0001014645137,101.4645137,0,1,110.1176470588235,,False,,0.0,4.318,2.960517e-07,0.2960517,0.0,4.261,5.856434e-05,58.56434,0.0,4.164,2.132233e-06,2.132233,0.9176470588235291,3.817,2.379829e-05,23.79829,0.0,3.977,1.583533e-06,1.583533,0.0,4.329,1.357235e-05,13.57235,0.0,3.995,3.52461e-07,0.3524609999999999,0.0,4.294,1.165255e-06,1.165255
509,509,3.1971955551e-05,31.971955551,0,1,26.352941176470587,,False,,0.0,4.318,2.125945e-07,0.2125945,0.0,4.261,1.589518e-07,0.1589518,0.0,4.164,9.570758e-06,9.570758,0.0,4.23,9.758751e-09,0.009758751,0.2196078431372549,3.773,9.284051e-06,9.284051000000002,0.0,4.329,3.464328e-06,3.464328,0.0,3.995,8.383595e-06,8.383595,0.0,4.294,8.879185e-07,0.8879184999999999
510,510,4.78486617e-05,47.8486617,0,1,47.52941176470587,,False,,0.0,4.318,6.95456e-07,0.695456,0.3960784313725489,3.999,2.448182e-05,24.481820000000003,0.0,4.164,2.360973e-06,2.360973,0.0,4.23,1.13442e-05,11.3442,0.0,3.977,1.354847e-06,1.354847,0.0,4.329,6.180488e-06,6.180488,0.0,3.995,3.417427e-07,0.3417427,0.0,4.294,1.089135e-06,1.089135
511,511,2.51686323e-05,25.1686323,0,1,26.352941176470587,,False,,0.0,4.318,2.356539e-07,0.2356539,0.0,4.261,1.462288e-05,14.62288,0.0,4.164,1.774573e-06,1.774573,0.2196078431372549,4.042,4.892868e-06,4.892868,0.0,3.977,1.228467e-06,1.228467,0.0,4.329,1.102784e-06,1.102784,0.0,3.995,2.286264e-07,0.2286264,0.0,4.294,1.08278e-06,1.08278
512,512,0.0001018123936,101.8123936,0,1,117.1764705882353,,False,,0.0,4.318,3.567062e-07,0.3567062,0.0,4.261,5.5918e-07,0.55918,0.9764705882352942,3.731,4.389886e-05,43.89886,0.0,4.23,5.182954e-07,0.5182954000000001,0.0,3.977,2.353389e-05,23.53389,0.0,4.329,1.621599e-06,1.621599,0.0,3.995,2.984869e-05,29.84869,0.0,4.294,1.475173e-06,1.475173
513,513,9.80480737e-05,98.0480737,0,1,87.52941176470588,,False,,0.0,4.318,2.803938e-07,0.2803938,0.0,4.261,2.041904e-07,0.2041904,0.0,4.164,3.905303e-05,39.05303,0.0,4.23,2.472221e-07,0.2472221,0.7294117647058823,3.582,2.95934e-05,29.5934,0.0,4.329,4.949401e-06,4.949401,0.0,3.995,2.299544e-05,22.99544,0.0,4.294,7.249964e-07,0.7249964
514,514,0.0001129012964,112.9012964,0,1,117.1764705882353,,False,,0.0,4.318,1.187818e-06,1.187818,0.9764705882352942,3.838,5.818024e-05,58.18024,0.0,4.164,2.754811e-06,2.754811,0.0,4.23,2.891495e-05,28.91495,0.0,3.977,1.908259e-06,1.908259,0.0,4.329,1.837674e-05,18.37674,0.0,3.995,4.268144e-07,0.4268144,0.0,4.294,1.151664e-06,1.151664
515,515,8.109719150000001e-05,81.09719150000001,0,1,87.52941176470588,,False,,0.0,4.318,2.91577e-07,0.291577,0.0,4.261,4.726598e-05,47.265980000000006,0.0,4.164,2.078437e-06,2.078437,0.7294117647058823,3.867,1.87285e-05,18.7285,0.0,3.977,1.519572e-06,1.519572,0.0,4.329,9.752961e-06,9.752961,0.0,3.995,3.122135e-07,0.3122135,0.0,4.294,1.147951e-06,1.147951
516,516,4.8003630700000006e-05,48.0036307,0,1,55.05882352941175,,False,,0.0,4.318,2.857038e-07,0.2857038,0.0,4.261,3.520242e-07,0.3520242,0.4588235294117646,3.874,1.844752e-05,18.44752,0.0,4.23,1.297227e-07,0.1297227,0.0,3.977,1.113432e-05,11.13432,0.0,4.329,1.817102e-06,1.817102,0.0,3.995,1.450259e-05,14.50259,0.0,4.294,1.334648e-06,1.334648
517,517,3.922384106e-05,39.22384106,0,1,32.94117647058823,,False,,0.0,4.318,2.239397e-07,0.2239397,0.0,4.261,1.652398e-07,0.1652398,0.0,4.164,1.261097e-05,12.61097,0.0,4.23,1.934776e-08,0.01934776,0.2745098039215686,3.747,1.153767e-05,11.53767,0.0,4.329,3.695433e-06,3.695433,0.0,3.995,1.010258e-05,10.10258,0.0,4.294,8.686608e-07,0.8686608
518,518,5.51758885e-05,55.1758885,0,1,55.05882352941175,,False,,0.0,4.318,7.615793e-07,0.7615793000000001,0.4588235294117646,3.978,2.833371e-05,28.33371,0.0,4.164,2.423541e-06,2.423541,0.0,4.23,1.331643e-05,13.31643,0.0,3.977,1.420731e-06,1.420731,0.0,4.329,7.459774e-06,7.459773999999999,0.0,3.995,3.549052e-07,0.3549052,0.0,4.294,1.105218e-06,1.105218
519,519,3.243452179999999e-05,32.4345218,0,1,32.94117647058823,,False,,0.0,4.318,2.501491e-07,0.2501491,0.0,4.261,1.905813e-05,19.05813,0.0,4.164,1.84198e-06,1.84198,0.2745098039215686,4.013,6.67931e-06,6.679309999999999,0.0,3.977,1.284164e-06,1.284164,0.0,4.329,1.98437e-06,1.98437,0.0,3.995,2.370297e-07,0.2370297,0.0,4.294,1.099389e-06,1.099389
520,520,6.079209405e-05,60.79209405,0,1,52.70588235294116,,False,,0.0,4.318,2.45163e-07,0.245163,0.0,4.261,1.852312e-07,0.1852312,0.0,4.164,2.20827e-05,22.082700000000003,0.0,4.23,7.541065e-08,0.07541065,0.4392156862745097,3.68,1.814458e-05,18.14458,0.0,4.329,4.255669e-06,4.255669,0.0,3.995,1.499811e-05,14.99811,0.0,4.294,8.052302e-07,0.8052302
521,521,5.07826258e-05,50.782625800000005,0,1,52.70588235294116,,False,,0.0,4.318,2.666102e-07,0.2666102,0.0,4.261,2.993437e-05,29.93437,0.0,4.164,1.957375e-06,1.957375,0.4392156862745097,3.951,1.120819e-05,11.20819,0.0,3.977,1.391735e-06,1.3917350000000002,0.0,4.329,4.637535e-06,4.637535,0.0,3.995,2.599396e-07,0.2599396,0.0,4.294,1.126871e-06,1.126871
522,522,9.67959344e-05,96.7959344,0,1,111.52941176470588,,False,,0.0,4.318,3.516427e-07,0.3516427,0.0,4.261,5.377611e-07,0.5377611,0.9294117647058824,3.743,4.14338e-05,41.433800000000005,0.0,4.23,4.782256e-07,0.4782256,0.0,3.977,2.241088e-05,22.41088,0.0,4.329,1.651149e-06,1.651149,0.0,3.995,2.846447e-05,28.46447,0.0,4.294,1.468006e-06,1.468006
523,523,7.72756058e-05,77.2756058,0,1,68.23529411764706,,False,,0.0,4.318,2.622606e-07,0.2622606,0.0,4.261,1.927195e-07,0.1927195,0.0,4.164,2.949867e-05,29.49867,0.0,4.23,1.439051e-07,0.1439051,0.5686274509803921,3.635,2.321987e-05,23.21987,0.0,4.329,4.593323e-06,4.593323,0.0,3.995,1.859661e-05,18.59661,0.0,4.294,7.682476e-07,0.7682476
524,524,0.0001065883075,106.5883075,0,1,111.52941176470588,,False,,0.0,4.318,1.14725e-06,1.14725,0.9294117647058824,3.852,5.495098e-05,54.95098,0.0,4.164,2.727128e-06,2.727128,0.0,4.23,2.717736e-05,27.17736,0.0,3.977,1.861245e-06,1.861245,0.0,4.329,1.716323e-05,17.163230000000002,0.0,3.995,4.172305e-07,0.4172305,0.0,4.294,1.143884e-06,1.143884
525,525,3.147236238e-05,31.47236238,0,1,38.11764705882352,,False,,0.0,4.318,2.563689e-07,0.2563689,0.0,4.261,2.79756e-07,0.279756,0.3176470588235293,3.93,1.091489e-05,10.91489,0.0,4.23,5.050548e-08,0.05050548,0.0,3.977,7.259424e-06,7.259424,0.0,4.329,1.849978e-06,1.849978,0.0,3.995,9.591799e-06,9.591799,0.0,4.294,1.269641e-06,1.269641
526,526,6.3502832e-05,63.502832000000005,0,1,68.23529411764706,,False,,0.0,4.318,2.808093e-07,0.2808093,0.0,4.261,3.727e-05,37.27,0.0,4.164,2.019267e-06,2.019267,0.5686274509803921,3.914,1.437314e-05,14.37314,0.0,3.977,1.453428e-06,1.4534280000000002,0.0,4.329,6.67868e-06,6.678680000000001,0.0,3.995,2.817287e-07,0.2817287,0.0,4.294,1.145779e-06,1.145779
527,527,3.8668219499999993e-05,38.6682195,0,1,38.11764705882352,,False,,0.0,4.318,6.118802e-07,0.6118802,0.3176470588235293,4.028,1.955278e-05,19.55278,0.0,4.164,2.268531e-06,2.2685310000000003,0.0,4.23,8.908205e-06,8.908204999999999,0.0,3.977,1.275603e-06,1.275603,0.0,4.329,4.625296e-06,4.6252960000000005,0.0,3.995,3.329603e-07,0.3329603,0.0,4.294,1.092964e-06,1.092964
528,528,3.285099038e-05,32.85099038,0,1,36.23529411764705,,False,,0.0,4.318,2.588214e-07,0.2588214,0.0,4.261,2.88262e-07,0.288262,0.3019607843137254,3.925,1.156594e-05,11.56594,0.0,4.23,5.505598e-08,0.05505598,0.0,3.977,7.546745e-06,7.546745,0.0,4.329,1.851213e-06,1.851213,0.0,3.995,1.002347e-05,10.02347,0.0,4.294,1.261483e-06,1.261483
529,529,3.38178794e-05,33.8178794,0,1,36.23529411764705,,False,,0.0,4.318,5.797497e-07,0.5797497,0.3019607843137254,4.044,1.69799e-05,16.9799,0.0,4.164,2.213133e-06,2.213133,0.0,4.23,7.578988e-06,7.578988000000001,0.0,3.977,1.226518e-06,1.226518,0.0,4.329,3.83943e-06,3.83943,0.0,3.995,3.243737e-07,0.3243737,0.0,4.294,1.075787e-06,1.075787
530,530,5.0713745990000005e-05,50.71374599000001,0,1,42.35294117647059,,False,,0.0,4.318,2.357863e-07,0.2357863,0.0,4.261,1.759594e-07,0.1759594,0.0,4.164,1.758737e-05,17.58737,0.0,4.23,4.341539e-08,0.04341539,0.3529411764705882,3.71,1.507649e-05,15.07649,0.0,4.329,4.010944e-06,4.010944,0.0,3.995,1.274202e-05,12.74202,0.0,4.294,8.417609e-07,0.8417608999999999
16,531,3.86050502e-05,38.6050502,0,1,42.35294117647059,,False,explicit_power_anomaly_remeasure,0.0,4.318,2.600714e-07,0.2600714,0.0,4.261,2.275328e-05,22.75328,0.0,4.164,1.913165e-06,1.913165,0.3529411764705882,3.991,8.189032e-06,8.189032,0.0,3.977,1.340977e-06,1.340977,0.0,4.329,2.798873e-06,2.798873,0.0,3.995,2.433378e-07,0.2433378,0.0,4.294,1.106314e-06,1.106314
532,532,5.905111494000001e-05,59.051114940000005,0,1,51.2941176470588,,False,,0.0,4.318,2.437645e-07,0.2437645,0.0,4.261,1.827765e-07,0.1827765,0.0,4.164,2.127242e-05,21.27242,0.0,4.23,6.919084e-08,0.06919084,0.4274509803921567,3.685,1.764437e-05,17.644370000000002,0.0,4.329,4.222157e-06,4.222157,0.0,3.995,1.46011e-05,14.6011,0.0,4.294,8.153361e-07,0.8153361
533,533,4.239571229e-05,42.39571229,0,1,48.0,,False,,0.0,4.318,2.761088e-07,0.2761088,0.0,4.261,3.327779e-07,0.3327779,0.4,3.892,1.587574e-05,15.87574,0.0,4.23,9.821559e-08,0.09821559,0.0,3.977,9.79775e-06,9.79775,0.0,4.329,1.835531e-06,1.835531,0.0,3.995,1.287258e-05,12.87258,0.0,4.294,1.307009e-06,1.307009
534,534,4.9828488800000006e-05,49.8284888,0,1,51.2941176470588,,False,,0.0,4.318,2.688347e-07,0.2688347,0.0,4.261,2.941034e-05,29.41034,0.0,4.164,1.953847e-06,1.953847,0.4274509803921567,3.954,1.095023e-05,10.95023,0.0,3.977,1.389271e-06,1.389271,0.0,4.329,4.479521e-06,4.479521,0.0,3.995,2.575431e-07,0.2575430999999999,0.0,4.294,1.118902e-06,1.118902
17,535,4.86643023e-05,48.6643023,0,1,48.0,,False,explicit_power_anomaly_remeasure,0.0,4.318,7.052816e-07,0.7052816,0.4,3.997,2.491896e-05,24.91896,0.0,4.164,2.382005e-06,2.3820050000000004,0.0,4.23,1.15623e-05,11.5623,0.0,3.977,1.365254e-06,1.3652540000000002,0.0,4.329,6.285842e-06,6.285842,0.0,3.995,3.424397e-07,0.3424397,0.0,4.294,1.10222e-06,1.10222
536,536,5.7608729160000006e-05,57.60872916,0,1,49.88235294117648,,False,,0.0,4.318,2.429032e-07,0.2429031999999999,0.0,4.261,1.828467e-07,0.1828467,0.0,4.164,2.065537e-05,20.65537,0.0,4.23,6.238746e-08,0.06238746,0.415686274509804,3.689,1.717641e-05,17.17641,0.0,4.329,4.192502e-06,4.192501999999999,0.0,3.995,1.428114e-05,14.28114,0.0,4.294,8.151698e-07,0.8151697999999999
537,537,4.82442947e-05,48.244294700000005,0,1,49.88235294117648,,False,,0.0,4.318,2.611567e-07,0.2611566999999999,0.0,4.261,2.85031e-05,28.5031,0.0,4.164,1.945608e-06,1.945608,0.415686274509804,3.959,1.055787e-05,10.55787,0.0,3.977,1.382891e-06,1.382891,0.0,4.329,4.218688e-06,4.218687999999999,0.0,3.995,2.556e-07,0.2556,0.0,4.294,1.119381e-06,1.119381
538,538,9.17496127e-05,91.7496127,0,1,80.94117647058823,,False,,0.0,4.318,2.750905e-07,0.2750905,0.0,4.261,2.035123e-07,0.2035123,0.0,4.164,3.615879e-05,36.15879,0.0,4.23,2.075418e-07,0.2075418,0.6745098039215686,3.598,2.762406e-05,27.62406,0.0,4.329,4.861971e-06,4.861971,0.0,3.995,2.168055e-05,21.68055,0.0,4.294,7.380971e-07,0.7380971000000001
539,539,7.964547060000001e-05,79.64547060000001,0,1,91.2941176470588,,False,,0.0,4.318,3.2974e-07,0.32974,0.0,4.261,4.779484e-07,0.4779484,0.76078431372549,3.786,3.328082e-05,33.280820000000006,0.0,4.23,3.374432e-07,0.3374432,0.0,3.977,1.845951e-05,18.45951,0.0,4.329,1.718077e-06,1.718077,0.0,3.995,2.361273e-05,23.61273,0.0,4.294,1.429202e-06,1.429202
540,540,7.50240401e-05,75.0240401,0,1,80.94117647058823,,False,,0.0,4.318,2.760993e-07,0.2760993,0.0,4.261,4.390925e-05,43.90925,0.0,4.164,2.063125e-06,2.063125,0.6745098039215686,3.883,1.719171e-05,17.19171,0.0,3.977,1.506613e-06,1.506613,0.0,4.329,8.625895e-06,8.625895,0.0,3.995,2.995168e-07,0.2995168,0.0,4.294,1.151831e-06,1.1518309999999998
541,541,9.82604126e-05,98.2604126,0,1,87.05882352941177,,False,,0.0,4.318,2.817415e-07,0.2817415,0.0,4.261,2.041426e-07,0.2041426,0.0,4.164,3.911047e-05,39.11047,0.0,4.23,2.471632e-07,0.2471632,0.7254901960784313,3.582,2.96918e-05,29.6918,0.0,4.329,4.979571e-06,4.979571,0.0,3.995,2.300978e-05,23.00978,0.0,4.294,7.357443e-07,0.7357443
542,542,8.77282911e-05,87.7282911,0,2,91.2941176470588,,False,,0.0,4.318,1.01934e-06,1.01934,0.76078431372549,3.895,4.521076e-05,45.21076,0.0,4.164,2.658162e-06,2.658162,0.0,4.23,2.210855e-05,22.10855,0.0,3.977,1.704602e-06,1.704602,0.0,4.329,1.34982e-05,13.4982,0.0,3.995,3.936701e-07,0.3936701,0.0,4.294,1.135007e-06,1.135007
543,543,8.08884968e-05,80.8884968,0,1,87.05882352941177,,False,,0.0,4.318,2.895892e-07,0.2895892,0.0,4.261,4.718898e-05,47.18898,0.0,4.164,2.085309e-06,2.085309,0.7254901960784313,3.868,1.864682e-05,18.64682,0.0,3.977,1.530618e-06,1.530618,0.0,4.329,9.676787e-06,9.676787,0.0,3.995,3.117146e-07,0.3117146,0.0,4.294,1.158679e-06,1.158679
544,544,2.29305482e-05,22.9305482,0,1,27.29411764705881,,False,,0.0,4.318,2.413882e-07,0.2413882,0.0,4.261,2.396115e-07,0.2396115,0.2274509803921568,3.965,7.117776e-06,7.117776,0.0,4.23,2.44345e-08,0.0244344999999999,0.0,3.977,5.219275e-06,5.219275,0.0,4.329,1.87109e-06,1.87109,0.0,3.995,6.986307e-06,6.986307,0.0,4.294,1.230666e-06,1.230666
545,545,2.63613796e-05,26.3613796,0,1,27.29411764705881,,False,,0.0,4.318,5.074128e-07,0.5074128,0.2274509803921568,4.072,1.290717e-05,12.90717,0.0,4.164,2.123181e-06,2.123181,0.0,4.23,5.579434e-06,5.579434,0.0,3.977,1.161264e-06,1.161264,0.0,4.329,2.677708e-06,2.677708,0.0,3.995,3.167958e-07,0.3167958,0.0,4.294,1.088414e-06,1.088414
546,546,2.839743635e-05,28.39743635,0,1,33.411764705882355,,False,,0.0,4.318,2.528352e-07,0.2528352,0.0,4.261,2.647934e-07,0.2647933999999999,0.2784313725490196,3.942,9.510501e-06,9.510501,0.0,4.23,3.916175e-08,0.03916175,0.0,3.977,6.524052e-06,6.524052,0.0,4.329,1.85942e-06,1.85942,0.0,3.995,8.680149e-06,8.680149,0.0,4.294,1.266524e-06,1.2665240000000002
547,547,2.79355465e-05,27.9355465,0,1,22.58823529411764,,False,,0.0,4.318,2.103868e-07,0.2103868,0.0,4.261,1.539858e-07,0.1539858,0.0,4.164,7.898881e-06,7.898880999999999,0.0,4.23,1.16337e-08,0.0116337,0.188235294117647,3.789,8.016519e-06,8.016519,0.0,4.329,3.361949e-06,3.361949,0.0,3.995,7.377149e-06,7.377149,0.0,4.294,9.050422e-07,0.9050422
548,548,3.13509946e-05,31.3509946,0,1,33.411764705882355,,False,,0.0,4.318,5.55265e-07,0.555265,0.2784313725490196,4.053,1.563717e-05,15.63717,0.0,4.164,2.19277e-06,2.19277,0.0,4.23,6.906756e-06,6.906756000000001,0.0,3.977,1.206877e-06,1.206877,0.0,4.329,3.43608e-06,3.43608,0.0,3.995,3.213906e-07,0.3213906,0.0,4.294,1.094686e-06,1.0946859999999998
549,549,5.7911099e-06,5.7911099,0,1,22.58823529411764,,False,,0.0,4.318,1.549956e-07,0.1549956,0.0,4.261,9.33959e-08,0.0933959,0.0,4.164,1.341191e-06,1.341191,0.188235294117647,4.056,2.640513e-07,0.2640513,0.0,3.977,8.996514e-07,0.8996514,0.0,4.329,1.745854e-06,1.745854,0.0,3.995,2.697807e-07,0.2697807,0.0,4.294,1.02219e-06,1.0221900000000002
550,550,7.3547368e-05,73.547368,0,1,64.4705882352941,,False,,0.0,4.318,2.597995e-07,0.2597995,0.0,4.261,1.920687e-07,0.1920686999999999,0.0,4.164,2.777215e-05,27.77215,0.0,4.23,1.258898e-07,0.1258898,0.5372549019607842,3.645,2.207604e-05,22.07604,0.0,4.329,4.544101e-06,4.544101,0.0,3.995,1.778579e-05,17.785790000000002,0.0,4.294,7.91529e-07,0.791529
551,551,5.86949437e-05,58.6949437,0,1,64.4705882352941,,False,,0.0,4.318,2.79063e-07,0.279063,0.0,4.261,3.450196e-05,34.50196,0.0,4.164,2.021952e-06,2.021952,0.5372549019607842,3.928,1.315816e-05,13.15816,0.0,3.977,1.446668e-06,1.446668,0.0,4.329,5.870462e-06,5.870462,0.0,3.995,2.729777e-07,0.2729777,0.0,4.294,1.143701e-06,1.143701
552,552,8.59827823e-05,85.9827823,0,1,98.82352941176468,,False,,0.0,4.318,3.382881e-07,0.3382881,0.0,4.261,4.919817e-07,0.4919817,0.8235294117647057,3.77,3.624766e-05,36.24766,0.0,4.23,3.882705e-07,0.3882704999999999,0.0,3.977,1.992652e-05,19.92652,0.0,4.329,1.670027e-06,1.670027,0.0,3.995,2.547119e-05,25.47119,0.0,4.294,1.448845e-06,1.448845
553,553,8.5422279e-05,85.422279,0,1,75.29411764705883,,False,,0.0,4.318,2.705542e-07,0.2705541999999999,0.0,4.261,1.990394e-07,0.1990394,0.0,4.164,3.31937e-05,33.1937,0.0,4.23,1.817408e-07,0.1817408,0.6274509803921569,3.614,2.573582e-05,25.73582,0.0,4.329,4.771106e-06,4.771106,0.0,3.995,2.031092e-05,20.31092,0.0,4.294,7.593986e-07,0.7593986
554,554,9.45182544e-05,94.51825440000002,0,1,98.82352941176468,,False,,0.0,4.318,1.077668e-06,1.077668,0.8235294117647057,3.879,4.872214e-05,48.72214,0.0,4.164,2.697735e-06,2.697735,0.0,4.23,2.391935e-05,23.91935,0.0,3.977,1.765067e-06,1.765067,0.0,4.329,1.479277e-05,14.79277,0.0,3.995,4.018834e-07,0.4018834,0.0,4.294,1.141641e-06,1.141641
555,555,1.530159407e-05,15.301594069999998,0,1,17.411764705882344,,False,,0.0,4.318,2.241975e-07,0.2241975,0.0,4.261,2.011272e-07,0.2011272,0.1450980392156862,4.003,3.842085e-06,3.842085,0.0,4.23,1.742337e-08,0.0174233699999999,0.0,3.977,3.397424e-06,3.397424,0.0,4.329,1.868465e-06,1.868465,0.0,3.995,4.565614e-06,4.565614,0.0,4.294,1.185258e-06,1.185258
556,556,7.010525890000001e-05,70.10525890000001,0,1,75.29411764705883,,False,,0.0,4.318,2.82706e-07,0.282706,0.0,4.261,4.103789e-05,41.03789,0.0,4.164,2.071295e-06,2.071295,0.6274509803921569,3.896,1.597635e-05,15.976350000000002,0.0,3.977,1.504118e-06,1.504118,0.0,4.329,7.794603e-06,7.794602999999999,0.0,3.995,2.902229e-07,0.2902229,0.0,4.294,1.148074e-06,1.148074
557,557,1.74282742e-05,17.428274199999997,0,1,17.411764705882344,,False,,0.0,4.318,4.124832e-07,0.4124832,0.1450980392156862,4.112,7.957224e-06,7.957223999999999,0.0,4.164,1.979325e-06,1.979325,0.0,4.23,3.198962e-06,3.198962,0.0,3.977,1.070861e-06,1.070861,0.0,4.329,1.436155e-06,1.4361549999999998,0.0,3.995,3.00084e-07,0.3000839999999999,0.0,4.294,1.07318e-06,1.07318
558,558,5.2045443400000006e-05,52.04544340000001,0,1,59.76470588235294,,False,,0.0,4.318,2.936309e-07,0.2936309,0.0,4.261,3.626605e-07,0.3626605,0.4980392156862745,3.862,2.029263e-05,20.292630000000003,0.0,4.23,1.51259e-07,0.151259,0.0,3.977,1.206716e-05,12.06716,0.0,4.329,1.791511e-06,1.791511,0.0,3.995,1.572503e-05,15.725030000000002,0.0,4.294,1.361562e-06,1.361562
559,559,5.93064112e-05,59.3064112,0,1,59.76470588235294,,False,,0.0,4.318,7.982728e-07,0.7982728,0.4980392156862745,3.967,3.050587e-05,30.50587,0.0,4.164,2.470013e-06,2.470013,0.0,4.23,1.443101e-05,14.43101,0.0,3.977,1.463898e-06,1.463898,0.0,4.329,8.151595e-06,8.151595,0.0,3.995,3.594814e-07,0.3594814,0.0,4.294,1.126271e-06,1.126271
560,560,5.07139938e-05,50.7139938,0,1,58.352941176470594,,False,,0.0,4.318,2.916544e-07,0.2916544,0.0,4.261,3.565658e-07,0.3565658,0.4862745098039216,3.866,1.968272e-05,19.68272,0.0,4.23,1.437986e-07,0.1437986,0.0,3.977,1.174266e-05,11.74266,0.0,4.329,1.798136e-06,1.798136,0.0,3.995,1.534415e-05,15.34415,0.0,4.294,1.354309e-06,1.354309
561,561,5.81342299e-05,58.1342299,0,1,58.352941176470594,,False,,0.0,4.318,7.921932e-07,0.7921932,0.4862745098039216,3.97,2.99126e-05,29.9126,0.0,4.164,2.4614e-06,2.4614,0.0,4.23,1.4087e-05,14.087000000000002,0.0,3.977,1.450974e-06,1.450974,0.0,4.329,7.949891e-06,7.949891,0.0,3.995,3.580887e-07,0.3580887,0.0,4.294,1.122083e-06,1.122083
562,562,4.93934697e-05,49.3934697,0,1,56.47058823529412,,False,,0.0,4.318,2.891653e-07,0.2891652999999999,0.0,4.261,3.525733e-07,0.3525733,0.4705882352941177,3.87,1.907711e-05,19.07711,0.0,4.23,1.365991e-07,0.1365991,0.0,3.977,1.145953e-05,11.45953,0.0,4.329,1.799159e-06,1.799159,0.0,3.995,1.493459e-05,14.93459,0.0,4.294,1.344743e-06,1.344743
563,563,5.63367183e-05,56.3367183,0,1,56.47058823529412,,False,,0.0,4.318,7.76108e-07,0.776108,0.4705882352941177,3.975,2.898969e-05,28.98969,0.0,4.164,2.445334e-06,2.4453340000000003,0.0,4.23,1.359652e-05,13.59652,0.0,3.977,1.437364e-06,1.437364,0.0,4.329,7.621504e-06,7.621504,0.0,3.995,3.554973e-07,0.3554973,0.0,4.294,1.114701e-06,1.114701
18,564,5.75925972e-05,57.5925972,0,1,66.35294117647058,,False,explicit_power_anomaly_remeasure,0.0,4.318,3.011963e-07,0.3011963,0.0,4.261,3.83759e-07,0.383759,0.5529411764705882,3.846,2.293585e-05,22.93585,0.0,4.23,1.874169e-07,0.1874169,0.0,3.977,1.332516e-05,13.32516,0.0,4.329,1.773355e-06,1.773355,0.0,3.995,1.731882e-05,17.31882,0.0,4.294,1.36704e-06,1.36704
565,565,6.57270993e-05,65.72709929999999,0,1,66.35294117647058,,False,,0.0,4.318,8.502507e-07,0.8502507,0.5529411764705882,3.95,3.389891e-05,33.89891,0.0,4.164,2.518033e-06,2.518033,0.0,4.23,1.613961e-05,16.13961,0.0,3.977,1.515107e-06,1.5151070000000002,0.0,4.329,9.312618e-06,9.312618,0.0,3.995,3.679976e-07,0.3679976,0.0,4.294,1.124573e-06,1.124573
566,566,5.983477534e-05,59.83477534,0,1,51.764705882352935,,False,,0.0,4.318,2.452799e-07,0.2452799,0.0,4.261,1.839668e-07,0.1839668,0.0,4.164,2.163817e-05,21.63817,0.0,4.23,7.152244e-08,0.07152244,0.4313725490196078,3.683,1.785592e-05,17.85592,0.0,4.329,4.269663e-06,4.269663,0.0,3.995,1.475633e-05,14.75633,0.0,4.294,8.139232e-07,0.8139232000000001
567,567,4.99278981e-05,49.92789809999999,0,1,51.764705882352935,,False,,0.0,4.318,2.697022e-07,0.2697022,0.0,4.261,2.942785e-05,29.42785,0.0,4.164,1.97797e-06,1.97797,0.4313725490196078,3.954,1.097607e-05,10.97607,0.0,3.977,1.40512e-06,1.40512,0.0,4.329,4.475407e-06,4.475407000000001,0.0,3.995,2.585789e-07,0.2585789,0.0,4.294,1.1372e-06,1.1372
568,568,1.511354378e-05,15.11354378,0,1,16.941176470588225,,False,,0.0,4.318,2.232036e-07,0.2232036,0.0,4.261,1.995688e-07,0.1995688,0.1411764705882352,4.004,3.751742e-06,3.751742,0.0,4.23,1.868838e-08,0.01868838,0.0,3.977,3.357439e-06,3.357439,0.0,4.329,1.864328e-06,1.864328,0.0,3.995,4.503312e-06,4.503312,0.0,4.294,1.195262e-06,1.195262
569,569,1.7198731e-05,17.198731,0,1,16.941176470588225,,False,,0.0,4.318,4.070459e-07,0.4070458999999999,0.1411764705882352,4.113,7.84209e-06,7.84209,0.0,4.164,1.96918e-06,1.96918,0.0,4.23,3.138e-06,3.138,0.0,3.977,1.069052e-06,1.069052,0.0,4.329,1.403576e-06,1.403576,0.0,3.995,2.997591e-07,0.2997591,0.0,4.294,1.070028e-06,1.070028
570,570,5.87626905e-05,58.762690500000005,0,1,50.823529411764696,,False,,0.0,4.318,2.461982e-07,0.2461982,0.0,4.261,1.824378e-07,0.1824378,0.0,4.164,2.114166e-05,21.14166,0.0,4.23,6.83932e-08,0.0683932,0.4235294117647058,3.686,1.754319e-05,17.543190000000003,0.0,4.329,4.232934e-06,4.232934,0.0,3.995,1.452381e-05,14.52381,0.0,4.294,8.240673e-07,0.8240673000000001
571,571,4.925175840000001e-05,49.25175840000001,0,1,50.823529411764696,,False,,0.0,4.318,2.702521e-07,0.2702521,0.0,4.261,2.904181e-05,29.04181,0.0,4.164,1.97481e-06,1.97481,0.4235294117647058,3.956,1.081606e-05,10.81606,0.0,3.977,1.405538e-06,1.405538,0.0,4.329,4.356018e-06,4.356018000000001,0.0,3.995,2.578653e-07,0.2578653,0.0,4.294,1.129405e-06,1.129405
572,572,1.7679377069999998e-05,17.67937707,0,1,21.647058823529413,,False,,0.0,4.318,2.308645e-07,0.2308645,0.0,4.261,2.128131e-07,0.2128131,0.1803921568627451,3.99,4.842448e-06,4.842448,0.0,4.23,1.717147e-08,0.01717147,0.0,3.977,3.962257e-06,3.962257,0.0,4.329,1.868399e-06,1.868399,0.0,3.995,5.338808e-06,5.338808,0.0,4.294,1.206616e-06,1.206616
573,573,2.16913096e-05,21.6913096,0,1,21.647058823529413,,False,,0.0,4.318,4.595016e-07,0.4595016,0.1803921568627451,4.092,1.035245e-05,10.35245,0.0,4.164,2.055482e-06,2.055482,0.0,4.23,4.326705e-06,4.326705,0.0,3.977,1.117579e-06,1.117579,0.0,4.329,1.988267e-06,1.988267,0.0,3.995,3.06941e-07,0.306941,0.0,4.294,1.084384e-06,1.084384
574,574,4.41907792e-05,44.1907792,0,1,48.94117647058823,,False,,0.0,4.318,2.810782e-07,0.2810782,0.0,4.261,3.348729e-07,0.3348729,0.4078431372549019,3.886,1.670561e-05,16.70561,0.0,4.23,1.069501e-07,0.1069500999999999,0.0,3.977,1.020199e-05,10.20199,0.0,4.329,1.817534e-06,1.817534,0.0,3.995,1.341887e-05,13.41887,0.0,4.294,1.323874e-06,1.323874
575,575,4.95097229e-05,49.5097229,0,1,48.94117647058823,,False,,0.0,4.318,7.21944e-07,0.7219439999999999,0.4078431372549019,3.994,2.534764e-05,25.34764,0.0,4.164,2.398382e-06,2.398382,0.0,4.23,1.176756e-05,11.76756,0.0,3.977,1.37097e-06,1.3709699999999998,0.0,4.329,6.450992e-06,6.450992,0.0,3.995,3.452139e-07,0.3452139,0.0,4.294,1.107021e-06,1.107021
576,576,3.595359754e-05,35.95359754,0,1,39.05882352941176,,False,,0.0,4.318,2.681224e-07,0.2681224,0.0,4.261,2.972918e-07,0.2972918,0.3254901960784313,3.914,1.291793e-05,12.917929999999998,0.0,4.23,6.675834e-08,0.06675834,0.0,3.977,8.296157e-06,8.296157,0.0,4.329,1.840233e-06,1.840233,0.0,3.995,1.097082e-05,10.97082,0.0,4.294,1.296285e-06,1.296285
577,577,4.04732738e-05,40.47327380000001,0,1,39.05882352941176,,False,,0.0,4.318,6.434576e-07,0.6434576,0.3254901960784313,4.022,2.054661e-05,20.54661,0.0,4.164,2.303998e-06,2.303998,0.0,4.23,9.350738e-06,9.350738000000002,0.0,3.977,1.294447e-06,1.294447,0.0,4.329,4.903608e-06,4.903608,0.0,3.995,3.332222e-07,0.3332222,0.0,4.294,1.097193e-06,1.097193
578,578,1.423585446e-05,14.235854460000002,0,1,15.999999999999996,,False,,0.0,4.318,2.201583e-07,0.2201583,0.0,4.261,1.968867e-07,0.1968867,0.1333333333333333,4.009,3.396722e-06,3.396722,0.0,4.23,1.929546e-08,0.01929546,0.0,3.977,3.14288e-06,3.14288,0.0,4.329,1.871272e-06,1.871272,0.0,3.995,4.209005e-06,4.209005,0.0,4.294,1.179635e-06,1.179635
579,579,9.93557101e-05,99.3557101,0,1,88.47058823529412,,False,,0.0,4.318,2.827423e-07,0.2827423,0.0,4.261,2.058364e-07,0.2058364,0.0,4.164,3.966802e-05,39.66802,0.0,4.23,2.52486e-07,0.252486,0.7372549019607842,3.58,2.995645e-05,29.95645,0.0,4.329,5.019363e-06,5.019363,0.0,3.995,2.323663e-05,23.23663,0.0,4.294,7.341824e-07,0.7341824
580,580,1.6682017e-05,16.682017000000002,0,1,15.999999999999996,,False,,0.0,4.318,3.986826e-07,0.3986826,0.1333333333333333,4.116,7.532317e-06,7.532317,0.0,4.164,1.956664e-06,1.956664,0.0,4.23,3.008205e-06,3.008205,0.0,3.977,1.066289e-06,1.066289,0.0,4.329,1.343991e-06,1.343991,0.0,3.995,3.000654e-07,0.3000654,0.0,4.294,1.075803e-06,1.075803
581,581,8.211748680000001e-05,82.1174868,0,1,88.47058823529412,,False,,0.0,4.318,2.925017e-07,0.2925017,0.0,4.261,4.786775e-05,47.86775,0.0,4.164,2.111669e-06,2.111669,0.7372549019607842,3.865,1.896057e-05,18.96057,0.0,3.977,1.55348e-06,1.55348,0.0,4.329,9.855741e-06,9.855741,0.0,3.995,3.112971e-07,0.3112971,0.0,4.294,1.164478e-06,1.164478
582,582,9.53293742e-05,95.3293742,0,1,110.1176470588235,,False,,0.0,4.318,3.527557e-07,0.3527557,0.0,4.261,5.204535e-07,0.5204535,0.9176470588235291,3.747,4.07457e-05,40.7457,0.0,4.23,4.6132e-07,0.46132,0.0,3.977,2.206551e-05,22.06551,0.0,4.329,1.634595e-06,1.634595,0.0,3.995,2.807295e-05,28.07295,0.0,4.294,1.47609e-06,1.47609
583,583,0.000105301127,105.301127,0,1,110.1176470588235,,False,,0.0,4.318,1.148335e-06,1.148335,0.9176470588235291,3.855,5.425332e-05,54.25332,0.0,4.164,2.741873e-06,2.741873,0.0,4.23,2.685422e-05,26.85422,0.0,3.977,1.852805e-06,1.852805,0.0,4.329,1.68892e-05,16.889200000000002,0.0,3.995,4.13292e-07,0.413292,0.0,4.294,1.148082e-06,1.148082
584,584,2.365814759e-05,23.65814759,0,1,26.352941176470587,,False,,0.0,4.318,2.428802e-07,0.2428802,0.0,4.261,2.433394e-07,0.2433394,0.2196078431372549,3.962,7.443697e-06,7.443696999999999,0.0,4.23,2.465499e-08,0.02465499,0.0,3.977,5.389868e-06,5.389868,0.0,4.329,1.860235e-06,1.860235,0.0,3.995,7.21794e-06,7.21794,0.0,4.294,1.235533e-06,1.235533
585,585,2.55436663e-05,25.5436663,0,1,26.352941176470587,,False,,0.0,4.318,5.039608e-07,0.5039608,0.2196078431372549,4.075,1.244386e-05,12.44386,0.0,4.164,2.113576e-06,2.113576,0.0,4.23,5.375433e-06,5.375432999999999,0.0,3.977,1.150491e-06,1.150491,0.0,4.329,2.561386e-06,2.561386,0.0,3.995,3.129625e-07,0.3129625,0.0,4.294,1.081997e-06,1.081997
586,586,7.57601183e-05,75.7601183,0,1,87.52941176470588,,False,,0.0,4.318,3.255267e-07,0.3255267,0.0,4.261,4.523197e-07,0.4523197,0.7294117647058823,3.796,3.147065e-05,31.47065,0.0,4.23,3.112199e-07,0.3112199,0.0,3.977,1.753923e-05,17.53923,0.0,4.329,1.698651e-06,1.698651,0.0,3.995,2.254464e-05,22.54464,0.0,4.294,1.417881e-06,1.417881
587,587,5.290725407e-05,52.90725407000001,0,1,45.647058823529406,,False,,0.0,4.318,2.388801e-07,0.2388801,0.0,4.261,1.789078e-07,0.1789078,0.0,4.164,1.858347e-05,18.58347,0.0,4.23,4.900637e-08,0.04900637,0.380392156862745,3.703,1.573272e-05,15.73272,0.0,4.329,4.08133e-06,4.08133,0.0,3.995,1.321316e-05,13.21316,0.0,4.294,8.297798e-07,0.8297798
588,588,8.35172278e-05,83.5172278,0,1,87.52941176470588,,False,,0.0,4.318,9.928991e-07,0.9928991,0.7294117647058823,3.905,4.308432e-05,43.08432,0.0,4.164,2.642287e-06,2.642287,0.0,4.23,2.094603e-05,20.94603,0.0,3.977,1.66212e-06,1.66212,0.0,4.329,1.267515e-05,12.67515,0.0,3.995,3.838957e-07,0.3838957,0.0,4.294,1.130526e-06,1.130526
589,589,4.44869545e-05,44.4869545,0,1,45.647058823529406,,False,,0.0,4.318,2.624609e-07,0.2624609,0.0,4.261,2.625424e-05,26.25424,0.0,4.164,1.946954e-06,1.946954,0.380392156862745,3.971,9.641424e-06,9.641424,0.0,3.977,1.3755e-06,1.3755,0.0,4.329,3.64268e-06,3.64268,0.0,3.995,2.504246e-07,0.2504246,0.0,4.294,1.113271e-06,1.113271
590,590,0.0001076183770999,107.6183771,0,1,96.94117647058822,,False,,0.0,4.318,2.895522e-07,0.2895522,0.0,4.261,2.090318e-07,0.2090318,0.0,4.164,4.361846e-05,43.61846,0.0,4.23,2.998206e-07,0.2998206,0.8078431372549019,3.559,3.239413e-05,32.39413,0.0,4.329,5.129139e-06,5.129139,0.0,3.995,2.497205e-05,24.97205,0.0,4.294,7.061935e-07,0.7061935
591,591,2.9414388630000004e-05,29.41438863,0,1,32.94117647058823,,False,,0.0,4.318,2.555738e-07,0.2555738,0.0,4.261,2.69651e-07,0.269651,0.2745098039215686,3.938,1.000839e-05,10.00839,0.0,4.23,4.148983e-08,0.04148983,0.0,3.977,6.737942e-06,6.737942,0.0,4.329,1.849669e-06,1.849669,0.0,3.995,8.992985e-06,8.992985000000001,0.0,4.294,1.258688e-06,1.258688
592,592,8.92586066e-05,89.2586066,0,1,96.94117647058822,,False,,0.0,4.318,2.93302e-07,0.293302,0.0,4.261,5.181969e-05,51.81969,0.0,4.164,2.139241e-06,2.139241,0.8078431372549019,3.847,2.073807e-05,20.73807,0.0,3.977,1.577647e-06,1.577647,0.0,4.329,1.120502e-05,11.20502,0.0,3.995,3.214406e-07,0.3214406,0.0,4.294,1.164196e-06,1.164196
593,593,1.973019174e-05,19.73019174,0,1,16.470588235294116,,False,,0.0,4.318,1.990328e-07,0.1990327999999999,0.0,4.261,1.441132e-07,0.1441132,0.0,4.164,4.656032e-06,4.656032,0.0,4.23,2.340384e-08,0.02340384,0.1372549019607843,3.826,5.45251e-06,5.452509999999999,0.0,4.329,3.038517e-06,3.038517,0.0,3.995,5.285581e-06,5.2855810000000005,0.0,4.294,9.310019e-07,0.9310019
594,594,3.15961514e-05,31.5961514,0,1,32.94117647058823,,False,,0.0,4.318,5.623922e-07,0.5623922,0.2745098039215686,4.052,1.577574e-05,15.77574,0.0,4.164,2.196361e-06,2.196361,0.0,4.23,6.977697e-06,6.977697,0.0,3.977,1.203701e-06,1.203701,0.0,4.329,3.480565e-06,3.480565,0.0,3.995,3.199992e-07,0.3199992,0.0,4.294,1.079696e-06,1.079696
595,595,1.70590106e-05,17.0590106,0,1,16.470588235294116,,False,,0.0,4.318,2.225278e-07,0.2225278,0.0,4.261,9.43933e-06,9.43933,0.0,4.164,1.708777e-06,1.708777,0.1372549019607843,4.082,2.90553e-06,2.90553,0.0,3.977,1.164095e-06,1.164095,0.0,4.329,3.095575e-07,0.3095575,0.0,3.995,2.296643e-07,0.2296643,0.0,4.294,1.079529e-06,1.079529
596,596,4.61349391e-05,46.1349391,0,1,52.70588235294116,,False,,0.0,4.318,2.846857e-07,0.2846857,0.0,4.261,3.392902e-07,0.3392902,0.4392156862745097,3.88,1.760275e-05,17.60275,0.0,4.23,1.178892e-07,0.1178892,0.0,3.977,1.068062e-05,10.68062,0.0,4.329,1.80454e-06,1.80454,0.0,3.995,1.398603e-05,13.98603,0.0,4.294,1.319134e-06,1.319134
597,597,8.89793035e-05,88.97930349999999,0,1,78.58823529411765,,False,,0.0,4.318,2.737327e-07,0.2737327,0.0,4.261,2.012501e-07,0.2012501,0.0,4.164,3.488504e-05,34.88504,0.0,4.23,1.9889e-07,0.19889,0.6549019607843137,3.605,2.676749e-05,26.76749,0.0,4.329,4.831482e-06,4.831482,0.0,3.995,2.107389e-05,21.07389,0.0,4.294,7.475287e-07,0.7475286999999999
598,598,5.26962963e-05,52.6962963,0,1,52.70588235294116,,False,,0.0,4.318,7.472638e-07,0.7472638,0.4392156862745097,3.985,2.705469e-05,27.05469,0.0,4.164,2.414365e-06,2.414365,0.0,4.23,1.262795e-05,12.62795,0.0,3.977,1.402119e-06,1.402119,0.0,4.329,6.999017e-06,6.999017,0.0,3.995,3.480125e-07,0.3480125,0.0,4.294,1.102879e-06,1.102879
599,599,7.31963981e-05,73.1963981,0,1,78.58823529411765,,False,,0.0,4.318,2.840727e-07,0.2840726999999999,0.0,4.261,4.276773e-05,42.76773,0.0,4.164,2.084888e-06,2.084888,0.6549019607843137,3.888,1.677361e-05,16.773609999999998,0.0,3.977,1.515727e-06,1.515727,0.0,4.329,8.327691e-06,8.327691,0.0,3.995,2.943084e-07,0.2943084,0.0,4.294,1.148371e-06,1.148371
600,600,5.86805285e-05,58.6805285,0,1,68.23529411764706,,False,,0.0,4.318,3.009606e-07,0.3009606,0.0,4.261,3.890133e-07,0.3890133,0.5686274509803921,3.842,2.344019e-05,23.44019,0.0,4.23,1.950636e-07,0.1950636,0.0,3.977,1.355842e-05,13.55842,0.0,4.329,1.761834e-06,1.761834,0.0,3.995,1.766549e-05,17.665490000000002,0.0,4.294,1.369557e-06,1.369557
601,601,6.69462401e-05,66.94624010000001,0,1,68.23529411764706,,False,,0.0,4.318,8.614602e-07,0.8614602,0.5686274509803921,3.946,3.451865e-05,34.51865,0.0,4.164,2.522946e-06,2.522946,0.0,4.23,1.645362e-05,16.45362,0.0,3.977,1.527468e-06,1.527468,0.0,4.329,9.580524e-06,9.580524,0.0,3.995,3.674959e-07,0.3674959,0.0,4.294,1.114076e-06,1.114076
602,602,3.5111756199999994e-05,35.111756199999995,0,1,42.35294117647059,,False,,0.0,4.318,2.637125e-07,0.2637124999999999,0.0,4.261,2.969474e-07,0.2969474,0.3529411764705882,3.917,1.256777e-05,12.56777,0.0,4.23,6.15853e-08,0.0615852999999999,0.0,3.977,8.089411e-06,8.089411,0.0,4.329,1.834538e-06,1.834538,0.0,3.995,1.071492e-05,10.71492,0.0,4.294,1.282872e-06,1.2828719999999998
603,603,4.897077028e-05,48.97077028,0,1,42.82352941176471,,False,,0.0,4.318,2.359773e-07,0.2359773,0.0,4.261,1.769968e-07,0.1769967999999999,0.0,4.164,1.683322e-05,16.83322,0.0,4.23,3.671758e-08,0.03671758,0.3568627450980392,3.715,1.451159e-05,14.51159,0.0,4.329,3.994005e-06,3.994005,0.0,3.995,1.234416e-05,12.34416,0.0,4.294,8.381036e-07,0.8381036
604,604,3.96787658e-05,39.6787658,0,1,42.35294117647059,,False,,0.0,4.318,6.348515e-07,0.6348515,0.3529411764705882,4.024,2.011431e-05,20.11431,0.0,4.164,2.288252e-06,2.288252,0.0,4.23,9.149958e-06,9.149958,0.0,3.977,1.285304e-06,1.285304,0.0,4.329,4.788099e-06,4.788099,0.0,3.995,3.306723e-07,0.3306723,0.0,4.294,1.087319e-06,1.087319
605,605,4.2014755500000005e-05,42.0147555,0,1,42.82352941176471,,False,,0.0,4.318,2.615071e-07,0.2615071,0.0,4.261,2.479081e-05,24.79081,0.0,4.164,1.930523e-06,1.930523,0.3568627450980392,3.979,9.01856e-06,9.01856,0.0,3.977,1.357384e-06,1.357384,0.0,4.329,3.292431e-06,3.292431,0.0,3.995,2.480814e-07,0.2480813999999999,0.0,4.294,1.115459e-06,1.115459
606,606,4.48602752e-05,44.8602752,0,1,51.2941176470588,,False,,0.0,4.318,2.819991e-07,0.2819991,0.0,4.261,3.355408e-07,0.3355408,0.4274509803921567,3.884,1.700787e-05,17.00787,0.0,4.23,1.108603e-07,0.1108603,0.0,3.977,1.03816e-05,10.3816,0.0,4.329,1.803712e-06,1.803712,0.0,3.995,1.361902e-05,13.61902,0.0,4.294,1.319673e-06,1.319673
607,607,4.98230505e-05,49.8230505,0,1,51.2941176470588,,False,,0.0,4.318,7.252779e-07,0.7252779,0.4274509803921567,3.993,2.548897e-05,25.48897,0.0,4.164,2.393284e-06,2.393284,0.0,4.23,1.186586e-05,11.86586,0.0,3.977,1.374382e-06,1.374382,0.0,4.329,6.530966e-06,6.530966,0.0,3.995,3.434616e-07,0.3434616,0.0,4.294,1.100849e-06,1.100849
608,608,4.3630768500000006e-05,43.6307685,0,1,49.88235294117648,,False,,0.0,4.318,2.798624e-07,0.2798624,0.0,4.261,3.302535e-07,0.3302535,0.415686274509804,3.888,1.647213e-05,16.47213,0.0,4.23,1.043506e-07,0.1043506,0.0,3.977,1.007548e-05,10.07548,0.0,4.329,1.809006e-06,1.809006,0.0,3.995,1.324675e-05,13.24675,0.0,4.294,1.312936e-06,1.312936
609,609,7.454561359999999e-05,74.5456136,0,1,65.88235294117648,,False,,0.0,4.318,2.599828e-07,0.2599828,0.0,4.261,1.941865e-07,0.1941865,0.0,4.164,2.830425e-05,28.30425,0.0,4.23,1.26508e-07,0.126508,0.5490196078431373,3.642,2.237219e-05,22.37219,0.0,4.329,4.546911e-06,4.546911,0.0,3.995,1.796565e-05,17.96565,0.0,4.294,7.759353e-07,0.7759353
610,610,5.01635924e-05,50.1635924,0,1,49.88235294117648,,False,,0.0,4.318,7.270484e-07,0.7270484,0.415686274509804,3.992,2.570046e-05,25.70046,0.0,4.164,2.392362e-06,2.392362,0.0,4.23,1.194363e-05,11.94363,0.0,3.977,1.3728e-06,1.3728,0.0,4.329,6.590188e-06,6.590188,0.0,3.995,3.43324e-07,0.3433239999999999,0.0,4.294,1.09378e-06,1.0937800000000002
611,611,6.9547161e-05,69.547161,0,1,80.94117647058823,,False,,0.0,4.318,3.191153e-07,0.3191153,0.0,4.261,4.288521e-07,0.4288521,0.6745098039215686,3.812,2.858824e-05,28.588240000000003,0.0,4.23,2.697856e-07,0.2697856,0.0,3.977,1.605256e-05,16.05256,0.0,4.329,1.711937e-06,1.711937,0.0,3.995,2.077887e-05,20.77887,0.0,4.294,1.397801e-06,1.397801
612,612,6.10117665e-05,61.01176650000001,0,1,65.88235294117648,,False,,0.0,4.318,2.766737e-07,0.2766736999999999,0.0,4.261,3.582497e-05,35.82497,0.0,4.164,2.033626e-06,2.0336260000000004,0.5490196078431373,3.921,1.374139e-05,13.74139,0.0,3.977,1.455367e-06,1.455367,0.0,4.329,6.274861e-06,6.274861,0.0,3.995,2.738198e-07,0.2738198,0.0,4.294,1.131059e-06,1.131059
613,613,7.67029641e-05,76.70296409999999,0,1,80.94117647058823,,False,,0.0,4.318,9.394835e-07,0.9394835,0.6745098039215686,3.921,3.954068e-05,39.54068,0.0,4.164,2.596132e-06,2.596132,0.0,4.23,1.908811e-05,19.08811,0.0,3.977,1.599545e-06,1.599545,0.0,4.329,1.144651e-05,11.44651,0.0,3.995,3.749076e-07,0.3749076,0.0,4.294,1.117596e-06,1.117596
614,614,7.518059570000001e-05,75.1805957,0,1,87.05882352941177,,False,,0.0,4.318,3.239619e-07,0.3239619,0.0,4.261,4.504496e-07,0.4504496,0.7254901960784313,3.797,3.123172e-05,31.231720000000003,0.0,4.23,3.046082e-07,0.3046082,0.0,3.977,1.739576e-05,17.39576,0.0,4.329,1.69489e-06,1.69489,0.0,3.995,2.237169e-05,22.37169,0.0,4.294,1.407516e-06,1.407516
615,615,9.56410865e-05,95.6410865,0,1,85.64705882352942,,False,,0.0,4.318,2.775193e-07,0.2775193,0.0,4.261,2.059781e-07,0.2059781,0.0,4.164,3.798385e-05,37.98385,0.0,4.23,2.304741e-07,0.2304741,0.7137254901960784,3.588,2.881359e-05,28.81359,0.0,4.329,4.932119e-06,4.932119,0.0,3.995,2.24722e-05,22.4722,0.0,4.294,7.25356e-07,0.725356
616,616,8.25850462e-05,82.5850462,0,1,87.05882352941177,,False,,0.0,4.318,9.767766e-07,0.9767766,0.7254901960784313,3.907,4.264433e-05,42.64433,0.0,4.164,2.622889e-06,2.622889,0.0,4.23,2.065507e-05,20.65507,0.0,3.977,1.659811e-06,1.659811,0.0,4.329,1.2518e-05,12.518,0.0,3.995,3.815676e-07,0.3815676,0.0,4.294,1.126602e-06,1.126602
617,617,7.92929749e-05,79.2929749,0,1,85.64705882352942,,False,,0.0,4.318,2.847828e-07,0.2847828,0.0,4.261,4.62261e-05,46.2261,0.0,4.164,2.10489e-06,2.10489,0.7137254901960784,3.872,1.825278e-05,18.25278,0.0,3.977,1.535017e-06,1.535017,0.0,4.329,9.441849e-06,9.441849,0.0,3.995,3.011831e-07,0.3011831,0.0,4.294,1.146373e-06,1.146373
618,618,5.80122751e-05,58.0122751,0,1,50.35294117647059,,False,,0.0,4.318,2.444193e-07,0.2444193,0.0,4.261,1.833685e-07,0.1833685,0.0,4.164,2.083457e-05,20.83457,0.0,4.23,6.64182e-08,0.0664182,0.4196078431372549,3.688,1.732946e-05,17.32946,0.0,4.329,4.198617e-06,4.198617,0.0,3.995,1.434659e-05,14.34659,0.0,4.294,8.088321e-07,0.8088320999999999
619,619,4.81924839e-05,48.1924839,0,1,50.35294117647059,,False,,0.0,4.318,2.62448e-07,0.262448,0.0,4.261,2.843875e-05,28.43875,0.0,4.164,1.961582e-06,1.961582,0.4196078431372549,3.959,1.054429e-05,10.54429,0.0,3.977,1.391652e-06,1.391652,0.0,4.329,4.230396e-06,4.230396,0.0,3.995,2.531389e-07,0.2531389,0.0,4.294,1.110227e-06,1.110227
620,620,4.249535835e-05,42.49535835,0,1,40.0,,False,,0.0,4.318,2.266904e-07,0.2266904,0.0,4.261,1.720117e-07,0.1720117,0.0,4.164,1.404378e-05,14.04378,0.0,4.23,2.412375e-08,0.02412375,0.3333333333333333,3.736,1.252635e-05,12.52635,0.0,4.329,3.809287e-06,3.809287,0.0,3.995,1.08395e-05,10.8395,0.0,4.294,8.536155e-07,0.8536155
621,621,3.93339701e-05,39.3339701,0,1,40.0,,False,,0.0,4.318,2.527433e-07,0.2527433,0.0,4.261,2.321045e-05,23.21045,0.0,4.164,1.900505e-06,1.900505,0.3333333333333333,3.988,8.374342e-06,8.374342,0.0,3.977,1.336196e-06,1.336196,0.0,4.329,2.918695e-06,2.918695,0.0,3.995,2.413818e-07,0.2413818,0.0,4.294,1.099657e-06,1.099657
622,622,1.901258077e-05,19.012580770000003,0,1,22.58823529411764,,False,,0.0,4.318,2.299221e-07,0.2299221,0.0,4.261,2.206655e-07,0.2206655,0.188235294117647,3.983,5.447153e-06,5.447153,0.0,4.23,1.772617e-08,0.01772617,0.0,3.977,4.283325e-06,4.2833250000000005,0.0,4.329,1.857366e-06,1.857366,0.0,3.995,5.754382e-06,5.7543820000000006,0.0,4.294,1.202041e-06,1.202041
623,623,5.75792297e-06,5.757922969999999,0,1,22.58823529411764,,False,,0.0,4.318,1.538532e-07,0.1538532,0.188235294117647,4.089,9.444737e-08,0.09444737,0.0,4.164,1.32769e-06,1.32769,0.0,4.23,2.626119e-07,0.2626119,0.0,3.977,8.952374e-07,0.8952374,0.0,4.329,1.740836e-06,1.740836,0.0,3.995,2.698691e-07,0.2698691,0.0,4.294,1.013378e-06,1.013378
624,624,5.52476854e-05,55.2476854,0,1,64.4705882352941,,False,,0.0,4.318,2.947548e-07,0.2947548,0.0,4.261,3.760294e-07,0.3760294,0.5372549019607842,3.852,2.184732e-05,21.84732,0.0,4.23,1.722942e-07,0.1722942,0.0,3.977,1.280576e-05,12.80576,0.0,4.329,1.772137e-06,1.772137,0.0,3.995,1.663332e-05,16.63332,0.0,4.294,1.34607e-06,1.34607
625,625,6.3106913e-05,63.106913000000006,0,2,64.4705882352941,,False,,0.0,4.318,8.283945e-07,0.8283945,0.5372549019607842,3.956,3.251747e-05,32.51747,0.0,4.164,2.488718e-06,2.488718,0.0,4.23,1.543459e-05,15.434589999999998,0.0,3.977,1.491752e-06,1.491752,0.0,4.329,8.887363e-06,8.887362999999999,0.0,3.995,3.569035e-07,0.3569035,0.0,4.294,1.101722e-06,1.101722
626,626,0.000120121572,120.121572,0,1,109.6470588235294,,False,,0.0,4.318,2.974833e-07,0.2974833,0.0,4.261,2.163761e-07,0.2163761,0.0,4.164,4.936611e-05,49.36611,0.0,4.23,3.720405e-07,0.3720405,0.9137254901960784,3.529,3.633022e-05,36.33022,0.0,4.329,5.289096e-06,5.289096,0.0,3.995,2.757393e-05,27.57393,0.0,4.294,6.763161e-07,0.6763161000000001
627,627,0.0001002500932999,100.2500933,0,2,109.6470588235294,,False,,0.0,4.318,2.935232e-07,0.2935232,0.0,4.261,5.791432e-05,57.91432,0.0,4.164,2.169298e-06,2.169298,0.9137254901960784,3.82,2.343717e-05,23.43717,0.0,3.977,1.612851e-06,1.612851,0.0,4.329,1.332263e-05,13.32263,0.0,3.995,3.392461e-07,0.3392461,0.0,4.294,1.161055e-06,1.161055
628,628,6.43575227e-05,64.35752269999999,0,1,75.29411764705883,,False,,0.0,4.318,3.079449e-07,0.3079448999999999,0.0,4.261,4.107401e-07,0.4107401,0.6274509803921569,3.826,2.611876e-05,26.11876,0.0,4.23,2.310637e-07,0.2310637,0.0,3.977,1.491062e-05,14.91062,0.0,4.329,1.737565e-06,1.737565,0.0,3.995,1.926841e-05,19.26841,0.0,4.294,1.372419e-06,1.372419
629,629,7.3208284e-05,73.208284,0,1,75.29411764705883,,False,,0.0,4.318,9.03896e-07,0.903896,0.6274509803921569,3.93,3.778675e-05,37.78675,0.0,4.164,2.55589e-06,2.55589,0.0,4.23,1.816577e-05,18.16577,0.0,3.977,1.576328e-06,1.576328,0.0,4.329,1.074026e-05,10.74026,0.0,3.995,3.6926e-07,0.36926,0.0,4.294,1.11013e-06,1.1101299999999998
630,630,4.48111041e-05,44.8111041,0,2,51.764705882352935,,False,,0.0,4.318,2.765669e-07,0.2765669,0.0,4.261,3.372044e-07,0.3372044,0.4313725490196078,3.884,1.705071e-05,17.05071,0.0,4.23,1.099248e-07,0.1099248,0.0,3.977,1.035763e-05,10.35763,0.0,4.329,1.797562e-06,1.797562,0.0,3.995,1.357355e-05,13.57355,0.0,4.294,1.307956e-06,1.307956
631,631,3.574720765e-05,35.74720765,0,1,30.117647058823536,,False,,0.0,4.318,2.184124e-07,0.2184124,0.0,4.261,1.644966e-07,0.1644966,0.0,4.164,1.117833e-05,11.17833,0.0,4.23,1.360335e-08,0.01360335,0.2509803921568628,3.759,1.04454e-05,10.4454,0.0,4.329,3.602915e-06,3.602915,0.0,3.995,9.258752e-06,9.258752,0.0,4.294,8.652983e-07,0.8652983
632,632,5.151869609999999e-05,51.5186961,0,1,51.764705882352935,,False,,0.0,4.318,7.353635e-07,0.7353635000000001,0.4313725490196078,3.988,2.639867e-05,26.39867,0.0,4.164,2.395313e-06,2.395313,0.0,4.23,1.232716e-05,12.32716,0.0,3.977,1.386517e-06,1.386517,0.0,4.329,6.830758e-06,6.830758,0.0,3.995,3.456256e-07,0.3456256,0.0,4.294,1.099289e-06,1.099289
633,633,2.82881449e-05,28.2881449,0,1,30.117647058823536,,False,,0.0,4.318,2.418081e-07,0.2418081,0.0,4.261,1.652548e-05,16.52548,0.0,4.164,1.818767e-06,1.818767,0.2509803921568628,4.029,5.657665e-06,5.657665,0.0,3.977,1.259366e-06,1.259366,0.0,4.329,1.469239e-06,1.469239,0.0,3.995,2.312318e-07,0.2312318,0.0,4.294,1.084588e-06,1.084588
634,634,6.320199938999999e-05,63.20199939,0,1,55.52941176470589,,False,,0.0,4.318,2.470331e-07,0.2470330999999999,0.0,4.261,1.870657e-07,0.1870657,0.0,4.164,2.320741e-05,23.207410000000003,0.0,4.23,8.427179e-08,0.08427179,0.4627450980392157,3.673,1.889218e-05,18.89218,0.0,4.329,4.291626e-06,4.291626,0.0,3.995,1.550082e-05,15.50082,0.0,4.294,7.915928e-07,0.7915928
635,635,5.1094580600000005e-05,51.0945806,0,1,55.52941176470589,,False,,0.0,4.318,2.635055e-07,0.2635055,0.0,4.261,3.009465e-05,30.09465,0.0,4.164,1.978845e-06,1.978845,0.4627450980392157,3.95,1.128458e-05,11.28458,0.0,3.977,1.402453e-06,1.4024530000000002,0.0,4.329,4.69931e-06,4.69931,0.0,3.995,2.571701e-07,0.2571701,0.0,4.294,1.114067e-06,1.114067
636,636,4.40697659e-05,44.0697659,0,1,50.823529411764696,,False,,0.0,4.318,2.758545e-07,0.2758545,0.0,4.261,3.333871e-07,0.3333871,0.4235294117647058,3.886,1.669547e-05,16.69547,0.0,4.23,1.072333e-07,0.1072332999999999,0.0,3.977,1.019949e-05,10.19949,0.0,4.329,1.792895e-06,1.792895,0.0,3.995,1.336384e-05,13.36384,0.0,4.294,1.301596e-06,1.301596
637,637,4.7916481e-05,47.916481,0,1,50.823529411764696,,False,,0.0,4.318,7.040778e-07,0.7040778,0.4235294117647058,3.998,2.444695e-05,24.44695,0.0,4.164,2.366922e-06,2.366922,0.0,4.23,1.138714e-05,11.38714,0.0,3.977,1.353777e-06,1.353777,0.0,4.329,6.237406e-06,6.237406,0.0,3.995,3.370592e-07,0.3370592,0.0,4.294,1.083149e-06,1.083149
638,638,7.641412959999999e-05,76.4141296,0,1,88.47058823529412,,False,,0.0,4.318,3.226845e-07,0.3226845,0.0,4.261,4.536086e-07,0.4536086,0.7372549019607842,3.794,3.184135e-05,31.84135,0.0,4.23,3.161845e-07,0.3161845,0.0,3.977,1.766597e-05,17.66597,0.0,4.329,1.676249e-06,1.676249,0.0,3.995,2.273414e-05,22.73414,0.0,4.294,1.403943e-06,1.403943
639,639,8.41300881e-05,84.1300881,0,1,88.47058823529412,,False,,0.0,4.318,9.926607e-07,0.9926607,0.7372549019607842,3.903,4.339507e-05,43.39507,0.0,4.164,2.622752e-06,2.622752,0.0,4.23,2.107886e-05,21.07886,0.0,3.977,1.665291e-06,1.665291,0.0,4.329,1.287531e-05,12.87531,0.0,3.995,3.839954e-07,0.3839954,0.0,4.294,1.116149e-06,1.116149
640,640,5.733213919999999e-06,5.733213920000001,0,1,2.823529411764696,,False,,0.0,4.318,1.536969e-07,0.1536969,0.0,4.261,9.447252e-08,0.0944725199999999,0.0,4.164,1.32239e-06,1.32239,0.0,4.23,2.614944e-07,0.2614944,0.0235294117647058,3.977,8.918643e-07,0.8918642999999999,0.0,4.329,1.7252e-06,1.7252,0.0,3.995,2.706838e-07,0.2706838,0.0,4.294,1.013412e-06,1.013412
641,641,5.7346249800000005e-06,5.73462498,0,1,2.823529411764696,,False,,0.0,4.318,1.536664e-07,0.1536663999999999,0.0,4.261,9.407658e-08,0.09407658,0.0,4.164,1.323718e-06,1.323718,0.0235294117647058,4.23,2.635272e-07,0.2635271999999999,0.0,3.977,8.905063e-07,0.8905063,0.0,4.329,1.726223e-06,1.726223,0.0,3.995,2.698465e-07,0.2698465,0.0,4.294,1.013061e-06,1.013061
642,642,3.990000382e-05,39.90000382,0,1,45.647058823529406,,False,,0.0,4.318,2.71809e-07,0.271809,0.0,4.261,3.135303e-07,0.3135303,0.380392156862745,3.9,1.477731e-05,14.77731,0.0,4.23,8.668652e-08,0.08668652,0.0,3.977,9.208406e-06,9.208406,0.0,4.329,1.807498e-06,1.807498,0.0,3.995,1.214618e-05,12.14618,0.0,4.294,1.288584e-06,1.288584
643,643,4.31992503e-05,43.1992503,0,1,45.647058823529406,,False,,0.0,4.318,6.633094e-07,0.6633093999999999,0.380392156862745,4.013,2.198851e-05,21.98851,0.0,4.164,2.311151e-06,2.311151,0.0,4.23,1.010448e-05,10.10448,0.0,3.977,1.309903e-06,1.309903,0.0,4.329,5.409922e-06,5.409922,0.0,3.995,3.317739e-07,0.3317739,0.0,4.294,1.080201e-06,1.0802010000000002
644,644,8.34265502e-05,83.42655020000001,0,1,96.94117647058822,,False,,0.0,4.318,3.324966e-07,0.3324966,0.0,4.261,4.767361e-07,0.4767361,0.8078431372549019,3.776,3.512736e-05,35.12736,0.0,4.23,3.711745e-07,0.3711745,0.0,3.977,1.938004e-05,19.38004,0.0,4.329,1.656777e-06,1.656777,0.0,3.995,2.465888e-05,24.65888,0.0,4.294,1.423086e-06,1.423086
645,645,9.22119441e-05,92.2119441,0,1,96.94117647058822,,False,,0.0,4.318,1.047614e-06,1.047614,0.8078431372549019,3.884,4.747827e-05,47.47827,0.0,4.164,2.67353e-06,2.67353,0.0,4.23,2.334332e-05,23.34332,0.0,3.977,1.730843e-06,1.730843,0.0,4.329,1.442612e-05,14.42612,0.0,3.995,3.888041e-07,0.3888041,0.0,4.294,1.123443e-06,1.123443
646,646,1.526867712e-05,15.26867712,0,1,16.470588235294116,,False,,0.0,4.318,2.206075e-07,0.2206075,0.0,4.261,2.00236e-07,0.200236,0.1372549019607843,4.003,3.865325e-06,3.865325,0.0,4.23,1.762562e-08,0.0176256199999999,0.0,3.977,3.3847e-06,3.3847,0.0,4.329,1.847641e-06,1.847641,0.0,3.995,4.56422e-06,4.56422,0.0,4.294,1.168322e-06,1.168322
647,647,1.67552999e-05,16.7552999,0,1,16.470588235294116,,False,,0.0,4.318,4.00249e-07,0.400249,0.1372549019607843,4.115,7.584933e-06,7.584933,0.0,4.164,1.941907e-06,1.941907,0.0,4.23,3.037068e-06,3.037068,0.0,3.977,1.053319e-06,1.053319,0.0,4.329,1.379097e-06,1.379097,0.0,3.995,2.967709e-07,0.2967709,0.0,4.294,1.061956e-06,1.061956
648,648,2.172501342e-05,21.725013420000003,0,1,18.352941176470583,,False,,0.0,4.318,1.994728e-07,0.1994727999999999,0.0,4.261,1.455672e-07,0.1455672,0.0,4.164,5.452926e-06,5.452926000000001,0.0,4.23,1.909742e-08,0.01909742,0.1529411764705882,3.816,6.101416e-06,6.101416,0.0,4.329,3.095554e-06,3.095554,0.0,3.995,5.794338e-06,5.794338000000001,0.0,4.294,9.16642e-07,0.916642
649,649,6.73410661e-05,67.3410661,0,1,78.58823529411765,,False,,0.0,4.318,3.11788e-07,0.311788,0.0,4.261,4.194248e-07,0.4194248,0.6549019607843137,3.818,2.752492e-05,27.52492,0.0,4.23,2.545963e-07,0.2545963,0.0,3.977,1.55786e-05,15.5786,0.0,4.329,1.721652e-06,1.721652,0.0,3.995,2.014742e-05,20.14742,0.0,4.294,1.382665e-06,1.382665
650,650,1.84728783e-05,18.4728783,0,1,18.352941176470583,,False,,0.0,4.318,2.242956e-07,0.2242955999999999,0.0,4.261,1.036691e-05,10.36691,0.0,4.164,1.715064e-06,1.715064,0.1529411764705882,4.074,3.262689e-06,3.262689,0.0,3.977,1.170762e-06,1.170762,0.0,4.329,4.37198e-07,0.437198,0.0,3.995,2.265117e-07,0.2265117,0.0,4.294,1.069448e-06,1.069448
651,651,7.43219051e-05,74.32190510000001,0,1,78.58823529411765,,False,,0.0,4.318,9.143263e-07,0.9143263,0.6549019607843137,3.927,3.833715e-05,38.33715,0.0,4.164,2.5606e-06,2.5606,0.0,4.23,1.846457e-05,18.46457,0.0,3.977,1.582089e-06,1.582089,0.0,4.329,1.098248e-05,10.98248,0.0,3.995,3.721568e-07,0.3721568,0.0,4.294,1.108533e-06,1.108533
652,652,0.0001180298721,118.0298721,0,1,107.29411764705884,,False,,0.0,4.318,2.947681e-07,0.2947681,0.0,4.261,2.141993e-07,0.2141993,0.0,4.164,4.839455e-05,48.39455,0.0,4.23,3.629674e-07,0.3629674,0.8941176470588236,3.534,3.572387e-05,35.723870000000005,0.0,4.329,5.236267e-06,5.236267,0.0,3.995,2.712159e-05,27.12159,0.0,4.294,6.816603e-07,0.6816603
653,653,9.87150171e-05,98.7150171,0,1,107.29411764705884,,False,,0.0,4.318,2.90793e-07,0.290793,0.0,4.261,5.704895e-05,57.04895,0.0,4.164,2.16287e-06,2.1628700000000003,0.8941176470588236,3.824,2.307148e-05,23.07148,0.0,3.977,1.599459e-06,1.599459,0.0,4.329,1.304523e-05,13.04523,0.0,3.995,3.377281e-07,0.3377281,0.0,4.294,1.158507e-06,1.158507
654,654,9.7929345e-05,97.929345,0,1,87.99999999999997,,False,,0.0,4.318,2.77592e-07,0.277592,0.0,4.261,2.069924e-07,0.2069924,0.0,4.164,3.907571e-05,39.07571,0.0,4.23,2.466728e-07,0.2466728,0.7333333333333331,3.582,2.950304e-05,29.50304,0.0,4.329,4.941899e-06,4.941899,0.0,3.995,2.296056e-05,22.96056,0.0,4.294,7.168788e-07,0.7168788
19,655,8.128038540000001e-05,81.2803854,0,1,87.99999999999997,,False,explicit_power_anomaly_remeasure,0.0,4.318,2.920747e-07,0.2920747,0.0,4.261,4.730014e-05,47.30014,0.0,4.164,2.127115e-06,2.1271150000000003,0.7333333333333331,3.867,1.879702e-05,18.79702,0.0,3.977,1.552728e-06,1.552728,0.0,4.329,9.742483e-06,9.742483,0.0,3.995,3.089417e-07,0.3089417,0.0,4.294,1.159883e-06,1.159883
656,656,9.13614164e-05,91.3614164,0,1,81.41176470588236,,False,,0.0,4.318,2.741247e-07,0.2741247,0.0,4.261,2.026278e-07,0.2026278,0.0,4.164,3.59918e-05,35.991800000000005,0.0,4.23,2.11701e-07,0.211701,0.6784313725490196,3.599,2.755002e-05,27.55002,0.0,4.329,4.834594e-06,4.834594,0.0,3.995,2.156275e-05,21.56275,0.0,4.294,7.337989e-07,0.7337989
657,657,3.615430235e-05,36.15430235,0,1,42.82352941176471,,False,,0.0,4.318,2.652846e-07,0.2652846,0.0,4.261,2.969024e-07,0.2969024,0.3568627450980392,3.913,1.308283e-05,13.08283,0.0,4.23,6.981335e-08,0.06981335,0.0,3.977,8.329393e-06,8.329393,0.0,4.329,1.819895e-06,1.819895,0.0,3.995,1.101606e-05,11.01606,0.0,4.294,1.274124e-06,1.274124
658,658,7.56787794e-05,75.67877940000001,0,1,81.41176470588236,,False,,0.0,4.318,2.826529e-07,0.2826529,0.0,4.261,4.419798e-05,44.19798,0.0,4.164,2.08905e-06,2.08905,0.6784313725490196,3.881,1.735121e-05,17.351210000000002,0.0,3.977,1.515585e-06,1.515585,0.0,4.329,8.813398e-06,8.813398000000001,0.0,3.995,2.938525e-07,0.2938525,0.0,4.294,1.135051e-06,1.135051
659,659,4.3431703900000006e-05,43.4317039,0,1,42.82352941176471,,False,,0.0,4.318,6.621121e-07,0.6621121000000001,0.3568627450980392,4.012,2.213908e-05,22.13908,0.0,4.164,2.314942e-06,2.314942,0.0,4.23,1.014091e-05,10.14091,0.0,3.977,1.312689e-06,1.312689,0.0,4.329,5.45227e-06,5.45227,0.0,3.995,3.313408e-07,0.3313408,0.0,4.294,1.07836e-06,1.07836
660,660,5.66327917e-05,56.6327917,0,1,65.88235294117648,,False,,0.0,4.318,2.973919e-07,0.2973919,0.0,4.261,3.793334e-07,0.3793334,0.5490196078431373,3.848,2.253084e-05,22.53084,0.0,4.23,1.820894e-07,0.1820894,0.0,3.977,1.311543e-05,13.11543,0.0,4.329,1.761635e-06,1.7616349999999998,0.0,3.995,1.702013e-05,17.020129999999998,0.0,4.294,1.345942e-06,1.345942
661,661,6.45809496e-05,64.5809496,0,1,65.88235294117648,,False,,0.0,4.318,8.37188e-07,0.837188,0.5490196078431373,3.952,3.331868e-05,33.31868,0.0,4.164,2.490606e-06,2.490606,0.0,4.23,1.579178e-05,15.79178,0.0,3.977,1.500232e-06,1.500232,0.0,4.329,9.185916e-06,9.185916,0.0,3.995,3.565966e-07,0.3565966,0.0,4.294,1.099951e-06,1.099951
662,662,7.44552744e-05,74.45527440000001,0,1,85.64705882352942,,False,,0.0,4.318,3.200527e-07,0.3200527,0.0,4.261,4.45831e-07,0.445831,0.7137254901960784,3.799,3.087776e-05,30.87776,0.0,4.23,3.021067e-07,0.3021067,0.0,3.977,1.725688e-05,17.25688,0.0,4.329,1.695159e-06,1.695159,0.0,3.995,2.216008e-05,22.16008,0.0,4.294,1.397405e-06,1.397405
663,663,0.0001058305368,105.8305368,0,1,95.52941176470586,,False,,0.0,4.318,2.864971e-07,0.2864971,0.0,4.261,2.09894e-07,0.209894,0.0,4.164,4.279245e-05,42.79245,0.0,4.23,2.920724e-07,0.2920724,0.7960784313725487,3.563,3.19002e-05,31.9002,0.0,4.329,5.070216e-06,5.070215999999999,0.0,3.995,2.457689e-05,24.57689,0.0,4.294,7.023173e-07,0.7023173
664,664,8.11662036e-05,81.1662036,0,1,85.64705882352942,,False,,0.0,4.318,9.648643e-07,0.9648643,0.7137254901960784,3.91,4.177944e-05,41.77944,0.0,4.164,2.607171e-06,2.607171,0.0,4.23,2.03608e-05,20.3608,0.0,3.977,1.644846e-06,1.6448459999999998,0.0,4.329,1.231842e-05,12.31842,0.0,3.995,3.775843e-07,0.3775843,0.0,4.294,1.113078e-06,1.113078
665,665,4.39165957e-05,43.9165957,0,1,50.35294117647059,,False,,0.0,4.318,2.769875e-07,0.2769875,0.0,4.261,3.305797e-07,0.3305797,0.4196078431372549,3.887,1.662783e-05,16.62783,0.0,4.23,1.074415e-07,0.1074415,0.0,3.977,1.015731e-05,10.15731,0.0,4.329,1.796425e-06,1.796425,0.0,3.995,1.330677e-05,13.30677,0.0,4.294,1.313252e-06,1.313252
666,666,8.82389814e-05,88.2389814,0,1,95.52941176470586,,False,,0.0,4.318,2.871721e-07,0.2871721,0.0,4.261,5.122693e-05,51.22693,0.0,4.164,2.133666e-06,2.133666,0.7960784313725487,3.849,2.047933e-05,20.47933,0.0,3.977,1.563853e-06,1.563853,0.0,4.329,1.108045e-05,11.08045,0.0,3.995,3.178653e-07,0.3178653,0.0,4.294,1.149715e-06,1.149715
667,667,4.78746628e-05,47.8746628,0,1,50.35294117647059,,False,,0.0,4.318,6.969253e-07,0.6969253000000001,0.4196078431372549,3.999,2.450089e-05,24.50089,0.0,4.164,2.35253e-06,2.35253,0.0,4.23,1.133885e-05,11.33885,0.0,3.977,1.351152e-06,1.351152,0.0,4.329,6.202617e-06,6.202617,0.0,3.995,3.395805e-07,0.3395805,0.0,4.294,1.092118e-06,1.092118
668,668,3.311994677e-05,33.11994677,0,1,40.0,,False,,0.0,4.318,2.597536e-07,0.2597536,0.0,4.261,2.832493e-07,0.2832493,0.3333333333333333,3.924,1.171257e-05,11.71257,0.0,4.23,5.711087e-08,0.05711087,0.0,3.977,7.610181e-06,7.610181,0.0,4.329,1.82569e-06,1.82569,0.0,3.995,1.011189e-05,10.11189,0.0,4.294,1.259502e-06,1.259502
669,669,3.78428544e-05,37.8428544,0,1,40.0,,False,,0.0,4.318,6.144866e-07,0.6144866,0.3333333333333333,4.03,1.912796e-05,19.12796,0.0,4.164,2.258148e-06,2.2581480000000003,0.0,4.23,8.657134e-06,8.657134000000001,0.0,3.977,1.259661e-06,1.259661,0.0,4.329,4.51915e-06,4.51915,0.0,3.995,3.241848e-07,0.3241848,0.0,4.294,1.08213e-06,1.08213
670,670,3.1394808240000004e-05,31.39480824,0,1,25.882352941176467,,False,,0.0,4.318,2.132092e-07,0.2132092,0.0,4.261,1.582681e-07,0.1582681,0.0,4.164,9.361911e-06,9.361911,0.0,4.23,1.096804e-08,0.01096804,0.2156862745098039,3.775,9.091875e-06,9.091875,0.0,4.329,3.457868e-06,3.457868,0.0,3.995,8.221311e-06,8.221311,0.0,4.294,8.793979e-07,0.8793979
671,671,9.47148799e-05,94.7148799,0,1,109.6470588235294,,False,,0.0,4.318,3.471037e-07,0.3471037,0.0,4.261,5.131179e-07,0.5131179,0.9137254901960784,3.748,4.045317e-05,40.45317,0.0,4.23,4.616103e-07,0.4616103,0.0,3.977,2.194901e-05,21.94901,0.0,4.329,1.61608e-06,1.61608,0.0,3.995,2.791908e-05,27.91908,0.0,4.294,1.455708e-06,1.455708
672,672,2.45202617e-05,24.5202617,0,1,25.882352941176467,,False,,0.0,4.318,2.368738e-07,0.2368738,0.0,4.261,1.418784e-05,14.18784,0.0,4.164,1.782993e-06,1.7829929999999998,0.2156862745098039,4.045,4.73311e-06,4.73311,0.0,3.977,1.226374e-06,1.226374,0.0,4.329,1.035859e-06,1.035859,0.0,3.995,2.302429e-07,0.2302429,0.0,4.294,1.086969e-06,1.086969
673,673,0.0001025935528,102.5935528,0,1,91.76470588235291,,False,,0.0,4.318,2.84024e-07,0.284024,0.0,4.261,2.058877e-07,0.2058877,0.0,4.164,4.126628e-05,41.26628,0.0,4.23,2.745939e-07,0.2745939,0.7647058823529411,3.571,3.096104e-05,30.96104,0.0,4.329,5.024802e-06,5.024802,0.0,3.995,2.386529e-05,23.86529,0.0,4.294,7.116352e-07,0.7116352
674,674,0.0001046004346,104.6004346,0,1,109.6470588235294,,False,,0.0,4.318,1.131604e-06,1.131604,0.9137254901960784,3.856,5.395369e-05,53.95369,0.0,4.164,2.717299e-06,2.717299,0.0,4.23,2.66297e-05,26.6297,0.0,3.977,1.838879e-06,1.838879,0.0,4.329,1.678158e-05,16.78158,0.0,3.995,4.104686e-07,0.4104686,0.0,4.294,1.137214e-06,1.1372140000000002
675,675,8.50285274e-05,85.0285274,0,1,91.76470588235291,,False,,0.0,4.318,2.869478e-07,0.2869478,0.0,4.261,4.943446e-05,49.43446,0.0,4.164,2.128698e-06,2.128698,0.7647058823529411,3.857,1.967301e-05,19.67301,0.0,3.977,1.553365e-06,1.553365,0.0,4.329,1.049223e-05,10.49223,0.0,3.995,3.115536e-07,0.3115536,0.0,4.294,1.148263e-06,1.1482629999999998
676,676,8.41847163e-05,84.18471629999999,0,1,74.35294117647061,,False,,0.0,4.318,2.678893e-07,0.2678893,0.0,4.261,1.99547e-07,0.199547,0.0,4.164,3.27008e-05,32.700799999999994,0.0,4.23,1.754247e-07,0.1754247,0.619607843137255,3.617,2.532609e-05,25.32609,0.0,4.329,4.724597e-06,4.724597,0.0,3.995,2.003799e-05,20.03799,0.0,4.294,7.523783e-07,0.7523783
677,677,6.96442415e-05,69.64424149999999,0,1,74.35294117647061,,False,,0.0,4.318,2.797268e-07,0.2797268,0.0,4.261,4.074138e-05,40.74138,0.0,4.164,2.07056e-06,2.07056,0.619607843137255,3.897,1.586358e-05,15.86358,0.0,3.977,1.488296e-06,1.4882959999999998,0.0,4.329,7.782738e-06,7.782738,0.0,3.995,2.856717e-07,0.2856717,0.0,4.294,1.132289e-06,1.132289
678,678,8.88557357e-05,88.8557357,0,1,78.11764705882354,,False,,0.0,4.318,2.7203e-07,0.27203,0.0,4.261,2.013951e-07,0.2013951,0.0,4.164,3.483594e-05,34.83594,0.0,4.23,1.957158e-07,0.1957158,0.6509803921568628,3.605,2.67456e-05,26.7456,0.0,4.329,4.794927e-06,4.794927,0.0,3.995,2.107123e-05,21.07123,0.0,4.294,7.388978e-07,0.7388977999999999
679,679,7.20201574e-05,72.0201574,0,1,78.11764705882354,,False,,0.0,4.318,2.775015e-07,0.2775014999999999,0.0,4.261,4.20927e-05,42.0927,0.0,4.164,2.081779e-06,2.081779,0.6509803921568628,3.891,1.646819e-05,16.46819,0.0,3.977,1.50136e-06,1.50136,0.0,4.329,8.172936e-06,8.172936,0.0,3.995,2.898159e-07,0.2898158999999999,0.0,4.294,1.135875e-06,1.135875
680,680,2.452601635e-05,24.52601635,0,1,30.117647058823536,,False,,0.0,4.318,2.433405e-07,0.2433405,0.0,4.261,2.453925e-07,0.2453925,0.2509803921568628,3.958,7.844144e-06,7.844144,0.0,4.23,2.716635e-08,0.02716635,0.0,3.977,5.606438e-06,5.606438,0.0,4.329,1.847213e-06,1.847213,0.0,3.995,7.48226e-06,7.48226,0.0,4.294,1.230062e-06,1.230062
681,681,2.96447662e-05,29.644766200000003,0,1,30.117647058823536,,False,,0.0,4.318,5.368666e-07,0.5368666,0.2509803921568628,4.059,1.471805e-05,14.71805,0.0,4.164,2.163537e-06,2.1635370000000003,0.0,4.23,6.460804e-06,6.460804,0.0,3.977,1.184715e-06,1.184715,0.0,4.329,3.19167e-06,3.19167,0.0,3.995,3.160566e-07,0.3160565999999999,0.0,4.294,1.073067e-06,1.073067
682,682,4.87149959e-05,48.7149959,0,1,55.52941176470589,,False,,0.0,4.318,2.869049e-07,0.2869049,0.0,4.261,3.478605e-07,0.3478605,0.4627450980392157,3.872,1.880577e-05,18.80577,0.0,4.23,1.339615e-07,0.1339615,0.0,3.977,1.128021e-05,11.28021,0.0,4.329,1.788213e-06,1.788213,0.0,3.995,1.473567e-05,14.73567,0.0,4.294,1.336406e-06,1.336406
683,683,5.54631655e-05,55.4631655,0,1,55.52941176470589,,False,,0.0,4.318,7.649666e-07,0.7649665999999999,0.4627450980392157,3.977,2.852317e-05,28.52317,0.0,4.164,2.435655e-06,2.435655,0.0,4.23,1.335977e-05,13.35977,0.0,3.977,1.420636e-06,1.420636,0.0,4.329,7.518141e-06,7.518141,0.0,3.995,3.453869e-07,0.3453869,0.0,4.294,1.09544e-06,1.09544
684,684,7.64508999e-05,76.4508999,0,1,67.29411764705883,,False,,0.0,4.318,2.611713e-07,0.2611713,0.0,4.261,1.930712e-07,0.1930712,0.0,4.164,2.912292e-05,29.12292,0.0,4.23,1.400435e-07,0.1400435,0.5607843137254902,3.637,2.299624e-05,22.99624,0.0,4.329,4.585512e-06,4.585512,0.0,3.995,1.838357e-05,18.38357,0.0,4.294,7.683719e-07,0.7683719
685,685,6.274149570000001e-05,62.74149570000001,0,1,67.29411764705883,,False,,0.0,4.318,2.740032e-07,0.2740032,0.0,4.261,3.683036e-05,36.830360000000006,0.0,4.164,2.041193e-06,2.0411930000000003,0.5607843137254902,3.916,1.413503e-05,14.13503,0.0,3.977,1.463609e-06,1.4636090000000002,0.0,4.329,6.597679e-06,6.597678999999999,0.0,3.995,2.737305e-07,0.2737305,0.0,4.294,1.125891e-06,1.125891
686,686,6.394395089000001e-05,63.94395089,0,1,57.88235294117647,,False,,0.0,4.318,2.505694e-07,0.2505694,0.0,4.261,1.854416e-07,0.1854416,0.0,4.164,2.347883e-05,23.47883,0.0,4.23,8.799439e-08,0.08799439,0.4823529411764706,3.671,1.914516e-05,19.14516,0.0,4.329,4.326276e-06,4.326276,0.0,3.995,1.566363e-05,15.66363,0.0,4.294,8.060495e-07,0.8060495
687,687,5.5404668e-05,55.404668,0,1,57.88235294117647,,False,,0.0,4.318,2.754689e-07,0.2754689,0.0,4.261,3.258553e-05,32.58553,0.0,4.164,2.011486e-06,2.011486,0.4823529411764706,3.937,1.234587e-05,12.34587,0.0,3.977,1.429726e-06,1.4297259999999998,0.0,4.329,5.373354e-06,5.373354,0.0,3.995,2.631471e-07,0.2631470999999999,0.0,4.294,1.120086e-06,1.120086
688,688,6.78945644e-05,67.8945644,0,1,59.29411764705883,,False,,0.0,4.318,2.535073e-07,0.2535073,0.0,4.261,1.879385e-07,0.1879385,0.0,4.164,2.525086e-05,25.25086,0.0,4.23,1.035215e-07,0.1035215,0.4941176470588236,3.66,2.036385e-05,20.36385,0.0,4.329,4.409206e-06,4.409206,0.0,3.995,1.652689e-05,16.526889999999998,0.0,4.294,7.987911e-07,0.7987911
689,689,5.0545309e-06,5.0545309,0,1,2.823529411764696,,False,,0.0,4.318,1.830742e-07,0.1830742,0.0,4.261,1.270025e-07,0.1270025,0.0235294117647058,4.095,3.98981e-08,0.0398981,0.0,4.23,1.042266e-07,0.1042266,0.0,3.977,8.618874e-07,0.8618874,0.0,4.329,1.813758e-06,1.813758,0.0,3.995,8.333901e-07,0.8333901,0.0,4.294,1.091294e-06,1.091294
690,690,5.7184017e-05,57.18401699999999,0,1,59.29411764705883,,False,,0.0,4.318,2.781324e-07,0.2781324,0.0,4.261,3.357889e-05,33.578889999999994,0.0,4.164,2.02108e-06,2.02108,0.4941176470588236,3.932,1.281875e-05,12.81875,0.0,3.977,1.441097e-06,1.441097,0.0,4.329,5.639587e-06,5.639587,0.0,3.995,2.693836e-07,0.2693836,0.0,4.294,1.137097e-06,1.137097
691,691,5.75980368e-06,5.75980368,0,1,2.823529411764696,,False,,0.0,4.318,1.564819e-07,0.1564818999999999,0.0235294117647058,4.261,9.414208e-08,0.0941420799999999,0.0,4.164,1.326956e-06,1.326956,0.0,4.23,2.607808e-07,0.2607808,0.0,3.977,8.937545e-07,0.8937545,0.0,4.329,1.736317e-06,1.736317,0.0,3.995,2.701654e-07,0.2701654,0.0,4.294,1.021206e-06,1.021206
692,692,6.188457521e-05,61.88457521,0,1,53.6470588235294,,False,,0.0,4.318,2.490195e-07,0.2490194999999999,0.0,4.261,1.850425e-07,0.1850425,0.0,4.164,2.256086e-05,22.56086,0.0,4.23,8.049371e-08,0.08049371,0.4470588235294117,3.677,1.84953e-05,18.4953,0.0,4.329,4.27467e-06,4.27467,0.0,3.995,1.522644e-05,15.22644,0.0,4.294,8.127495e-07,0.8127494999999999
693,693,4.9824776e-05,49.82477600000001,0,1,53.6470588235294,,False,,0.0,4.318,2.70785e-07,0.270785,0.0,4.261,2.935145e-05,29.351450000000003,0.0,4.164,1.980196e-06,1.980196,0.4470588235294117,3.954,1.095853e-05,10.95853,0.0,3.977,1.400356e-06,1.400356,0.0,4.329,4.486871e-06,4.486871,0.0,3.995,2.56536e-07,0.256536,0.0,4.294,1.120052e-06,1.120052
694,694,1.60133733e-05,16.013373299999998,0,1,18.352941176470583,,False,,0.0,4.318,2.245311e-07,0.2245311,0.0,4.261,2.022833e-07,0.2022833,0.1529411764705882,3.999,4.149967e-06,4.149967,0.0,4.23,1.75549e-08,0.0175549,0.0,3.977,3.575477e-06,3.575477,0.0,4.329,1.850374e-06,1.850374,0.0,3.995,4.802649e-06,4.802649000000001,0.0,4.294,1.190537e-06,1.190537
695,695,1.86546137e-05,18.6546137,0,1,18.352941176470583,,False,,0.0,4.318,4.183545e-07,0.4183545,0.1529411764705882,4.106,8.652899e-06,8.652899,0.0,4.164,1.986971e-06,1.986971,0.0,4.23,3.539459e-06,3.539459,0.0,3.977,1.081031e-06,1.081031,0.0,4.329,1.60729e-06,1.60729,0.0,3.995,3.017242e-07,0.3017242,0.0,4.294,1.066885e-06,1.066885
696,696,9.36052134e-05,93.6052134,0,1,107.29411764705884,,False,,0.0,4.318,3.479598e-07,0.3479598,0.0,4.261,5.122813e-07,0.5122812999999999,0.8941176470588236,3.751,3.995195e-05,39.95195,0.0,4.23,4.497183e-07,0.4497183,0.0,3.977,2.168787e-05,21.68787,0.0,4.329,1.630557e-06,1.630557,0.0,3.995,2.756897e-05,27.56897,0.0,4.294,1.455907e-06,1.455907
697,697,0.0001029866716999,102.9866717,0,1,107.29411764705884,,False,,0.0,4.318,1.117682e-06,1.117682,0.8941176470588236,3.86,5.319244e-05,53.19244,0.0,4.164,2.720004e-06,2.720004,0.0,4.23,2.614125e-05,26.14125,0.0,3.977,1.82173e-06,1.82173,0.0,4.329,1.64512e-05,16.4512,0.0,3.995,4.067537e-07,0.4067537,0.0,4.294,1.135612e-06,1.135612
698,698,7.681415369999999e-05,76.81415369999999,0,2,87.99999999999997,,False,,0.0,4.318,3.258164e-07,0.3258164,0.0,4.261,4.535084e-07,0.4535084,0.7333333333333331,3.793,3.191262e-05,31.91262,0.0,4.23,3.205859e-07,0.3205859,0.0,3.977,1.782496e-05,17.82496,0.0,4.329,1.696177e-06,1.696177,0.0,3.995,2.286168e-05,22.86168,0.0,4.294,1.418806e-06,1.418806
699,699,8.53523133e-05,85.35231329999999,0,1,87.99999999999997,,False,,0.0,4.318,9.877117e-07,0.9877117,0.7333333333333331,3.901,4.409813e-05,44.09813,0.0,4.164,2.625378e-06,2.625378,0.0,4.23,2.144173e-05,21.44173,0.0,3.977,1.68153e-06,1.6815300000000002,0.0,4.329,1.299657e-05,12.99657,0.0,3.995,3.898316e-07,0.3898316,0.0,4.294,1.131432e-06,1.131432
700,700,7.08591427e-05,70.8591427,0,1,81.41176470588236,,False,,0.0,4.318,3.185511e-07,0.3185511,0.0,4.261,4.302778e-07,0.4302778,0.6784313725490196,3.809,2.912974e-05,29.12974,0.0,4.23,2.769748e-07,0.2769748,0.0,3.977,1.643399e-05,16.43399,0.0,4.329,1.720499e-06,1.720499,0.0,3.995,2.114495e-05,21.14495,0.0,4.294,1.40416e-06,1.40416
701,701,7.9636184e-05,79.636184,0,1,69.64705882352942,,False,,0.0,4.318,2.649164e-07,0.2649164,0.0,4.261,1.961894e-07,0.1961894,0.0,4.164,3.059352e-05,30.59352,0.0,4.23,1.546865e-07,0.1546865,0.5803921568627451,3.629,2.396724e-05,23.96724,0.0,4.329,4.644639e-06,4.644639000000001,0.0,3.995,1.904083e-05,19.04083,0.0,4.294,7.741627e-07,0.7741627000000001
702,702,7.842785269999999e-05,78.4278527,0,1,81.41176470588236,,False,,0.0,4.318,9.312064e-07,0.9312064,0.6784313725490196,3.918,4.052158e-05,40.52158,0.0,4.164,2.591062e-06,2.591062,0.0,4.23,1.95872e-05,19.587200000000003,0.0,3.977,1.621026e-06,1.621026,0.0,4.329,1.166828e-05,11.66828,0.0,3.995,3.808523e-07,0.3808523,0.0,4.294,1.126646e-06,1.126646
703,703,6.532429200000001e-05,65.324292,0,1,69.64705882352942,,False,,0.0,4.318,2.790185e-07,0.2790185,0.0,4.261,3.831036e-05,38.31036,0.0,4.164,2.052941e-06,2.052941,0.5803921568627451,3.909,1.47974e-05,14.7974,0.0,3.977,1.47392e-06,1.47392,0.0,4.329,7.001834e-06,7.001834000000001,0.0,3.995,2.793695e-07,0.2793695,0.0,4.294,1.129449e-06,1.129449
704,704,0.0001144641062,114.4641062,0,1,102.11764705882352,,False,,0.0,4.318,2.930978e-07,0.2930978,0.0,4.261,2.121988e-07,0.2121988,0.0,4.164,4.673183e-05,46.73183,0.0,4.23,3.385647e-07,0.3385647,0.8509803921568627,3.543,3.457751e-05,34.57751,0.0,4.329,5.225545e-06,5.225545,0.0,3.995,2.639562e-05,26.39562,0.0,4.294,6.897399e-07,0.6897399000000001
705,705,9.49751112e-05,94.9751112,0,1,102.11764705882352,,False,,0.0,4.318,2.958351e-07,0.2958351,0.0,4.261,5.500758e-05,55.00758,0.0,4.164,2.159574e-06,2.159574,0.8509803921568627,3.833,2.212383e-05,22.12383,0.0,3.977,1.596685e-06,1.596685,0.0,4.329,1.22986e-05,12.2986,0.0,3.995,3.312821e-07,0.3312820999999999,0.0,4.294,1.161725e-06,1.161725
706,706,0.0001292623428,129.2623428,0,1,116.7058823529412,,False,,0.0,4.318,3.049097e-07,0.3049097,0.0,4.261,2.177232e-07,0.2177232,0.0,4.164,5.376324e-05,53.76324,0.0,4.23,4.344131e-07,0.4344131,0.9725490196078432,3.508,3.910249e-05,39.10249,0.0,4.329,5.428407e-06,5.428407,0.0,3.995,2.934649e-05,29.34649,0.0,4.294,6.646698e-07,0.6646698
707,707,0.0001072000318999,107.2000319,0,1,116.7058823529412,,False,,0.0,4.318,2.93939e-07,0.293939,0.0,4.261,6.178652e-05,61.78652,0.0,4.164,2.189342e-06,2.189342,0.9725490196078432,3.804,2.518439e-05,25.18439,0.0,3.977,1.639055e-06,1.639055,0.0,4.329,1.457562e-05,14.57562,0.0,3.995,3.559379e-07,0.3559379,0.0,4.294,1.175228e-06,1.175228
708,708,8.35388603e-05,83.53886030000001,0,1,95.52941176470586,,False,,0.0,4.318,3.34205e-07,0.334205,0.0,4.261,4.785791e-07,0.4785791,0.7960784313725487,3.776,3.519504e-05,35.19504,0.0,4.23,3.712162e-07,0.3712162,0.0,3.977,1.932279e-05,19.32279,0.0,4.329,1.664756e-06,1.664756,0.0,3.995,2.474182e-05,24.74182,0.0,4.294,1.430454e-06,1.430454
709,709,9.26391957e-05,92.6391957,0,1,95.52941176470586,,False,,0.0,4.318,1.044937e-06,1.044937,0.7960784313725487,3.884,4.782979e-05,47.82979,0.0,4.164,2.671778e-06,2.671778,0.0,4.23,2.341153e-05,23.41153,0.0,3.977,1.744549e-06,1.744549,0.0,4.329,1.439925e-05,14.39925,0.0,3.995,3.990327e-07,0.3990327,0.0,4.294,1.138329e-06,1.138329
710,710,8.11086874e-05,81.1086874,0,1,71.05882352941175,,False,,0.0,4.318,2.654405e-07,0.2654404999999999,0.0,4.261,1.973552e-07,0.1973551999999999,0.0,4.164,3.123061e-05,31.23061,0.0,4.23,1.605185e-07,0.1605185,0.5921568627450979,3.625,2.440033e-05,24.40033,0.0,4.329,4.685542e-06,4.685542,0.0,3.995,1.940527e-05,19.40527,0.0,4.294,7.636212e-07,0.7636212
711,711,6.68526126e-05,66.8526126,0,1,71.05882352941175,,False,,0.0,4.318,2.784281e-07,0.2784280999999999,0.0,4.261,3.920813e-05,39.20813,0.0,4.164,2.06485e-06,2.06485,0.5921568627450979,3.905,1.515176e-05,15.15176,0.0,3.977,1.485204e-06,1.4852040000000002,0.0,4.329,7.247182e-06,7.247182,0.0,3.995,2.807015e-07,0.2807015,0.0,4.294,1.136357e-06,1.1363569999999998
712,712,5.040331948e-05,50.40331948000001,0,1,43.29411764705881,,False,,0.0,4.318,2.354961e-07,0.2354960999999999,0.0,4.261,1.773292e-07,0.1773292,0.0,4.164,1.747343e-05,17.47343,0.0,4.23,4.275588e-08,0.0427558799999999,0.3607843137254901,3.711,1.497188e-05,14.97188,0.0,4.329,4.018229e-06,4.018229,0.0,3.995,1.265072e-05,12.65072,0.0,4.294,8.334793e-07,0.8334793
713,713,4.14680928e-05,41.4680928,0,1,43.29411764705881,,False,,0.0,4.318,2.552313e-07,0.2552313,0.0,4.261,2.447846e-05,24.47846,0.0,4.164,1.931032e-06,1.931032,0.3607843137254901,3.981,8.886111e-06,8.886111,0.0,3.977,1.355347e-06,1.355347,0.0,4.329,3.214071e-06,3.214071,0.0,3.995,2.446955e-07,0.2446954999999999,0.0,4.294,1.103145e-06,1.103145
714,714,2.34046706e-05,23.404670600000003,0,1,25.882352941176467,,False,,0.0,4.318,2.417485e-07,0.2417485,0.0,4.261,2.445139e-07,0.2445139,0.2156862745098039,3.963,7.333615e-06,7.333615,0.0,4.23,2.35122e-08,0.0235122,0.0,3.977,5.321475e-06,5.321475,0.0,4.329,1.860117e-06,1.860117,0.0,3.995,7.139753e-06,7.139753000000001,0.0,4.294,1.239936e-06,1.239936
715,715,2.48526926e-05,24.8526926,0,1,25.882352941176467,,False,,0.0,4.318,4.918388e-07,0.4918388,0.2156862745098039,4.078,1.210746e-05,12.10746,0.0,4.164,2.101134e-06,2.101134,0.0,4.23,5.180176e-06,5.180176,0.0,3.977,1.146406e-06,1.1464059999999998,0.0,4.329,2.448269e-06,2.4482690000000003,0.0,3.995,3.090838e-07,0.3090837999999999,0.0,4.294,1.068325e-06,1.068325
716,716,8.049253879999999e-05,80.4925388,0,1,91.76470588235291,,False,,0.0,4.318,3.311628e-07,0.3311628,0.0,4.261,4.68619e-07,0.468619,0.7647058823529411,3.784,3.370599e-05,33.70599,0.0,4.23,3.46094e-07,0.346094,0.0,3.977,1.861202e-05,18.61202,0.0,4.329,1.686666e-06,1.686666,0.0,3.995,2.391006e-05,23.91006,0.0,4.294,1.431927e-06,1.431927
717,717,8.93047723e-05,89.3047723,0,1,91.76470588235291,,False,,0.0,4.318,1.025857e-06,1.025857,0.7647058823529411,3.892,4.619459e-05,46.19459,0.0,4.164,2.653066e-06,2.653066,0.0,4.23,2.246279e-05,22.46279,0.0,3.977,1.718998e-06,1.718998,0.0,4.329,1.37183e-05,13.7183,0.0,3.995,3.934243e-07,0.3934243,0.0,4.294,1.137747e-06,1.1377469999999998
718,718,0.0001042358614,104.2358614,0,1,92.23529411764709,,False,,0.0,4.318,2.886833e-07,0.2886833,0.0,4.261,2.063527e-07,0.2063527,0.0,4.164,4.19205e-05,41.9205,0.0,4.23,2.806146e-07,0.2806146,0.7686274509803923,3.568,3.151651e-05,31.516510000000004,0.0,4.329,5.089125e-06,5.089125,0.0,3.995,2.421738e-05,24.21738,0.0,4.294,7.166958e-07,0.7166958
719,719,8.63875027e-05,86.3875027,0,1,92.23529411764709,,False,,0.0,4.318,2.939926e-07,0.2939926,0.0,4.261,5.01486e-05,50.1486,0.0,4.164,2.136078e-06,2.136078,0.7686274509803923,3.854,2.006181e-05,20.06181,0.0,3.977,1.576999e-06,1.576999,0.0,4.329,1.068386e-05,10.68386,0.0,3.995,3.181401e-07,0.3181401,0.0,4.294,1.168023e-06,1.168023
720,720,1.913738421e-05,19.13738421,0,1,14.588235294117649,,False,,0.0,4.318,1.973263e-07,0.1973263,0.0,4.261,1.436749e-07,0.1436749,0.0,4.164,4.428476e-06,4.428476,0.0,4.23,2.729661e-08,0.02729661,0.1215686274509804,3.829,5.276628e-06,5.2766280000000005,0.0,4.329,3.002597e-06,3.002597,0.0,3.995,5.117414e-06,5.117414,0.0,4.294,9.439714e-07,0.9439714
721,721,1.56878228e-05,15.6878228,0,1,14.588235294117649,,False,,0.0,4.318,2.209888e-07,0.2209888,0.0,4.261,8.532911e-06,8.532910999999999,0.0,4.164,1.693433e-06,1.693433,0.1215686274509804,4.09,2.569351e-06,2.569351,0.0,3.977,1.156536e-06,1.156536,0.0,4.329,2.087763e-07,0.2087763,0.0,3.995,2.295657e-07,0.2295657,0.0,4.294,1.076261e-06,1.076261
722,722,6.49265268e-05,64.9265268,0,1,74.35294117647061,,False,,0.0,4.318,3.095775e-07,0.3095775,0.0,4.261,4.111673e-07,0.4111673,0.619607843137255,3.825,2.637821e-05,26.378210000000003,0.0,4.23,2.35033e-07,0.235033,0.0,3.977,1.498637e-05,14.98637,0.0,4.329,1.747293e-06,1.747293,0.0,3.995,1.947295e-05,19.47295,0.0,4.294,1.385926e-06,1.385926
723,723,7.23008028e-05,72.3008028,0,1,74.35294117647061,,False,,0.0,4.318,9.001981e-07,0.9001981,0.619607843137255,3.933,3.733694e-05,37.33694,0.0,4.164,2.557226e-06,2.557226,0.0,4.23,1.790439e-05,17.90439,0.0,3.977,1.574794e-06,1.574794,0.0,4.329,1.053894e-05,10.53894,0.0,3.995,3.715637e-07,0.3715637,0.0,4.294,1.116751e-06,1.116751
724,724,8.164637199999999e-06,8.1646372,0,1,4.705882352941177,,False,,0.0,4.318,1.745899e-07,0.1745899,0.0,4.261,1.187279e-07,0.1187279,0.0,4.164,7.960468e-07,0.7960468,0.0,4.23,1.146569e-07,0.1146569,0.0392156862745098,3.906,1.78727e-06,1.78727,0.0,4.329,2.335712e-06,2.335712,0.0,3.995,1.845838e-06,1.845838,0.0,4.294,9.917957e-07,0.9917957
725,725,6.81033097e-05,68.1033097,0,1,78.11764705882354,,False,,0.0,4.318,3.162277e-07,0.3162277,0.0,4.261,4.234544e-07,0.4234544,0.6509803921568628,3.816,2.785759e-05,27.85759,0.0,4.23,2.559526e-07,0.2559526,0.0,3.977,1.575316e-05,15.75316,0.0,4.329,1.727399e-06,1.727399,0.0,3.995,2.037319e-05,20.37319,0.0,4.294,1.396336e-06,1.396336
726,726,5.79821386e-06,5.79821386,0,1,4.705882352941177,,False,,0.0,4.318,1.560931e-07,0.1560931,0.0,4.261,9.521966e-08,0.09521966,0.0,4.164,1.33698e-06,1.3369799999999998,0.0392156862745098,4.23,2.633614e-07,0.2633613999999999,0.0,3.977,9.040511e-07,0.9040511,0.0,4.329,1.750029e-06,1.7500289999999998,0.0,3.995,2.713846e-07,0.2713846,0.0,4.294,1.021095e-06,1.021095
727,727,7.55101648e-05,75.5101648,0,1,78.11764705882354,,False,,0.0,4.318,9.252954e-07,0.9252954,0.6509803921568628,3.925,3.898199e-05,38.98199,0.0,4.164,2.580699e-06,2.580699,0.0,4.23,1.87723e-05,18.7723,0.0,3.977,1.60792e-06,1.60792,0.0,4.329,1.113234e-05,11.13234,0.0,3.995,3.771014e-07,0.3771014,0.0,4.294,1.132519e-06,1.132519
728,728,8.168605650000001e-05,81.6860565,0,1,71.52941176470588,,False,,0.0,4.318,2.689003e-07,0.2689003,0.0,4.261,1.960925e-07,0.1960925,0.0,4.164,3.14816e-05,31.4816,0.0,4.23,1.643388e-07,0.1643387999999999,0.596078431372549,3.624,2.45905e-05,24.5905,0.0,4.329,4.701222e-06,4.7012220000000005,0.0,3.995,1.951417e-05,19.51417,0.0,4.294,7.692329e-07,0.7692329
729,729,6.76723077e-05,67.6723077,0,1,71.52941176470588,,False,,0.0,4.318,2.82006e-07,0.282006,0.0,4.261,3.966751e-05,39.66751,0.0,4.164,2.069907e-06,2.069907,0.596078431372549,3.903,1.536851e-05,15.36851,0.0,3.977,1.495051e-06,1.495051,0.0,4.329,7.353774e-06,7.353774,0.0,3.995,2.866307e-07,0.2866307,0.0,4.294,1.148919e-06,1.148919
730,730,2.336268478e-05,23.36268478,0,1,20.70588235294117,,False,,0.0,4.318,2.041315e-07,0.2041315,0.0,4.261,1.488584e-07,0.1488584,0.0,4.164,6.060365e-06,6.060365,0.0,4.23,1.741928e-08,0.01741928,0.1725490196078431,3.809,6.602284e-06,6.602284,0.0,4.329,3.17776e-06,3.17776,0.0,3.995,6.217405e-06,6.217405,0.0,4.294,9.344616e-07,0.9344616
731,731,2.09997691e-05,20.9997691,0,1,20.70588235294117,,False,,0.0,4.318,2.345442e-07,0.2345442,0.0,4.261,1.195813e-05,11.95813,0.0,4.164,1.76341e-06,1.76341,0.1725490196078431,4.062,3.861894e-06,3.861894,0.0,3.977,1.210414e-06,1.210414,0.0,4.329,6.466268e-07,0.6466268,0.0,3.995,2.310011e-07,0.2310011,0.0,4.294,1.093749e-06,1.093749
732,732,0.0001191905508,119.1905508,0,1,106.35294117647058,,False,,0.0,4.318,2.986781e-07,0.2986781,0.0,4.261,2.133799e-07,0.2133799,0.0,4.164,4.897078e-05,48.97078,0.0,4.23,3.706805e-07,0.3706804999999999,0.8862745098039215,3.532,3.601049e-05,36.010490000000004,0.0,4.329,5.31859e-06,5.31859,0.0,3.995,2.731802e-05,27.31802,0.0,4.294,6.899323e-07,0.6899323
733,733,9.91228748e-05,99.1228748,0,1,106.35294117647058,,False,,0.0,4.318,3.020949e-07,0.3020949,0.0,4.261,5.723121e-05,57.23121,0.0,4.164,2.177897e-06,2.177897,0.8862745098039215,3.823,2.325978e-05,23.25978,0.0,3.977,1.61972e-06,1.61972,0.0,4.329,1.300638e-05,13.00638,0.0,3.995,3.435969e-07,0.3435969,0.0,4.294,1.182196e-06,1.182196
734,734,3.80659964e-05,38.0659964,0,1,31.529411764705884,,False,,0.0,4.318,2.24318e-07,0.224318,0.0,4.261,1.65834e-07,0.165834,0.0,4.164,1.215096e-05,12.15096,0.0,4.23,1.63764e-08,0.0163764,0.2627450980392157,3.751,1.113873e-05,11.13873,0.0,4.329,3.697561e-06,3.697561,0.0,3.995,9.800988e-06,9.800988,0.0,4.294,8.71229e-07,0.8712289999999999
735,735,3.1186704e-05,31.186704,0,1,31.529411764705884,,False,,0.0,4.318,2.504964e-07,0.2504964,0.0,4.261,1.826681e-05,18.26681,0.0,4.164,1.860497e-06,1.860497,0.2627450980392157,4.018,6.359481e-06,6.359481000000001,0.0,3.977,1.293724e-06,1.293724,0.0,4.329,1.807182e-06,1.807182,0.0,3.995,2.384736e-07,0.2384735999999999,0.0,4.294,1.11004e-06,1.11004
736,736,8.71950776e-05,87.1950776,0,1,76.23529411764703,,False,,0.0,4.318,2.732325e-07,0.2732325,0.0,4.261,1.983586e-07,0.1983586,0.0,4.164,3.399771e-05,33.997710000000005,0.0,4.23,1.883041e-07,0.1883041,0.6352941176470586,3.61,2.62899e-05,26.2899,0.0,4.329,4.795764e-06,4.795764,0.0,3.995,2.068857e-05,20.68857,0.0,4.294,7.632384e-07,0.7632384
737,737,7.225720480000001e-05,72.2572048,0,1,76.23529411764703,,False,,0.0,4.318,2.877373e-07,0.2877373,0.0,4.261,4.227754e-05,42.27754,0.0,4.164,2.087718e-06,2.087718,0.6352941176470586,3.891,1.648944e-05,16.489440000000002,0.0,3.977,1.515396e-06,1.515396,0.0,4.329,8.160974e-06,8.160974,0.0,3.995,2.915035e-07,0.2915034999999999,0.0,4.294,1.146896e-06,1.146896
738,738,5.91978923e-05,59.1978923,0,1,67.29411764705883,,False,,0.0,4.318,3.032312e-07,0.3032312,0.0,4.261,3.908174e-07,0.3908174,0.5607843137254902,3.841,2.365782e-05,23.65782,0.0,4.23,1.953297e-07,0.1953297,0.0,3.977,1.370249e-05,13.70249,0.0,4.329,1.764404e-06,1.764404,0.0,3.995,1.780898e-05,17.808980000000002,0.0,4.294,1.37482e-06,1.3748200000000002
739,739,6.70997666e-05,67.0997666,0,1,67.29411764705883,,False,,0.0,4.318,8.619926e-07,0.8619926,0.5607843137254902,3.946,3.459491e-05,34.59491,0.0,4.164,2.531445e-06,2.531445,0.0,4.23,1.651555e-05,16.51555,0.0,3.977,1.528162e-06,1.528162,0.0,4.329,9.581127e-06,9.581127,0.0,3.995,3.70247e-07,0.370247,0.0,4.294,1.116333e-06,1.116333
740,740,5.10567898e-05,51.0567898,0,1,57.88235294117647,,False,,0.0,4.318,2.921892e-07,0.2921892,0.0,4.261,3.585051e-07,0.3585051,0.4823529411764706,3.865,1.983486e-05,19.83486,0.0,4.23,1.460035e-07,0.1460035,0.0,3.977,1.183351e-05,11.83351,0.0,4.329,1.79221e-06,1.79221,0.0,3.995,1.545294e-05,15.452939999999998,0.0,4.294,1.346572e-06,1.346572
741,741,5.82698399e-05,58.2698399,0,1,57.88235294117647,,False,,0.0,4.318,7.904447e-07,0.7904447,0.4823529411764706,3.97,2.998848e-05,29.988480000000003,0.0,4.164,2.464985e-06,2.464985,0.0,4.23,1.411084e-05,14.11084,0.0,3.977,1.454518e-06,1.454518,0.0,4.329,7.975118e-06,7.975118,0.0,3.995,3.597642e-07,0.3597642,0.0,4.294,1.12569e-06,1.12569
742,742,5.25068735e-05,52.5068735,0,1,59.29411764705883,,False,,0.0,4.318,2.942519e-07,0.2942519,0.0,4.261,3.615693e-07,0.3615693,0.4941176470588236,3.861,2.049661e-05,20.49661,0.0,4.23,1.527973e-07,0.1527973,0.0,3.977,1.219666e-05,12.19666,0.0,4.329,1.782844e-06,1.782844,0.0,3.995,1.585535e-05,15.85535,0.0,4.294,1.366791e-06,1.366791
743,743,5.79883787e-05,57.9883787,0,1,59.29411764705883,,False,,0.0,4.318,7.741273e-07,0.7741273,0.4941176470588236,3.971,2.987085e-05,29.87085,0.0,4.164,2.461294e-06,2.461294,0.0,4.23,1.403965e-05,14.03965,0.0,3.977,1.455652e-06,1.455652,0.0,4.329,7.905571e-06,7.905571,0.0,3.995,3.593454e-07,0.3593454,0.0,4.294,1.121889e-06,1.121889
744,744,0.0001180191580999,118.01915809999998,0,1,104.94117647058825,,False,,0.0,4.318,2.984183e-07,0.2984183,0.0,4.261,2.126063e-07,0.2126063,0.0,4.164,4.839012e-05,48.39012,0.0,4.23,3.628739e-07,0.3628738999999999,0.8745098039215687,3.535,3.568641e-05,35.686409999999995,0.0,4.329,5.303552e-06,5.303552,0.0,3.995,2.707071e-05,27.07071,0.0,4.294,6.944676e-07,0.6944676
745,745,9.88646022e-05,98.8646022,0,1,104.94117647058825,,False,,0.0,4.318,3.017665e-07,0.3017665,0.0,4.261,5.711497e-05,57.11497,0.0,4.164,2.174811e-06,2.174811,0.8745098039215687,3.824,2.317635e-05,23.17635,0.0,3.977,1.622761e-06,1.622761,0.0,4.329,1.295087e-05,12.95087,0.0,3.995,3.433967e-07,0.3433967,0.0,4.294,1.179677e-06,1.179677
746,746,4.7759051e-05,47.759051,0,1,53.6470588235294,,False,,0.0,4.318,2.871695e-07,0.2871694999999999,0.0,4.261,3.439931e-07,0.3439931,0.4470588235294117,3.875,1.832408e-05,18.32408,0.0,4.23,1.266284e-07,0.1266284,0.0,3.977,1.105672e-05,11.05672,0.0,4.329,1.797018e-06,1.797018,0.0,3.995,1.447755e-05,14.47755,0.0,4.294,1.345892e-06,1.345892
747,747,5.43315192e-05,54.3315192,0,1,53.6470588235294,,False,,0.0,4.318,7.513527e-07,0.7513527,0.4470588235294117,3.981,2.79103e-05,27.9103,0.0,4.164,2.42934e-06,2.42934,0.0,4.23,1.308955e-05,13.08955,0.0,3.977,1.42077e-06,1.42077,0.0,4.329,7.257842e-06,7.257842,0.0,3.995,3.530605e-07,0.3530605,0.0,4.294,1.119304e-06,1.119304
748,748,3.752065526e-05,37.52065526,0,1,31.05882352941176,,False,,0.0,4.318,2.233031e-07,0.2233030999999999,0.0,4.261,1.655218e-07,0.1655218,0.0,4.164,1.188445e-05,11.88445,0.0,4.23,1.792786e-08,0.0179278599999999,0.2588235294117646,3.753,1.099601e-05,10.99601,0.0,4.329,3.666037e-06,3.666037,0.0,3.995,9.679099e-06,9.679099,0.0,4.294,8.883065e-07,0.8883065
749,749,3.06725296e-05,30.6725296,0,1,31.05882352941176,,False,,0.0,4.318,2.508785e-07,0.2508785,0.0,4.261,1.795747e-05,17.95747,0.0,4.164,1.857235e-06,1.857235,0.2588235294117646,4.02,6.232442e-06,6.232442,0.0,3.977,1.290045e-06,1.290045,0.0,4.329,1.734264e-06,1.734264,0.0,3.995,2.377621e-07,0.2377621,0.0,4.294,1.112433e-06,1.112433
750,750,6.100578829999999e-05,61.0057883,0,1,69.64705882352942,,False,,0.0,4.318,3.079558e-07,0.3079558,0.0,4.261,3.967861e-07,0.3967861,0.5803921568627451,3.836,2.450587e-05,24.50587,0.0,4.23,2.077384e-07,0.2077384,0.0,3.977,1.41006e-05,14.1006,0.0,4.329,1.756292e-06,1.756292,0.0,3.995,1.834951e-05,18.34951,0.0,4.294,1.381036e-06,1.381036
751,751,4.943009067e-05,49.43009067,0,1,40.94117647058824,,False,,0.0,4.318,2.361946e-07,0.2361946,0.0,4.261,1.765026e-07,0.1765026,0.0,4.164,1.704086e-05,17.04086,0.0,4.23,4.023917e-08,0.04023917,0.3411764705882353,3.714,1.466212e-05,14.66212,0.0,4.329,4.026698e-06,4.0266980000000006,0.0,3.995,1.241049e-05,12.41049,0.0,4.294,8.369863e-07,0.8369863
752,752,6.80445257e-05,68.04452570000001,0,1,69.64705882352942,,False,,0.0,4.318,8.699412e-07,0.8699412,0.5803921568627451,3.944,3.507999e-05,35.07999,0.0,4.164,2.53525e-06,2.53525,0.0,4.23,1.67969e-05,16.796899999999997,0.0,3.977,1.537265e-06,1.537265,0.0,4.329,9.72984e-06,9.72984,0.0,3.995,3.713265e-07,0.3713265,0.0,4.294,1.124013e-06,1.1240130000000002
753,753,3.94223541e-05,39.4223541,0,1,40.94117647058824,,False,,0.0,4.318,2.601657e-07,0.2601657,0.0,4.261,2.324282e-05,23.24282,0.0,4.164,1.917452e-06,1.917452,0.3411764705882353,3.988,8.385484e-06,8.385484000000002,0.0,3.977,1.34906e-06,1.34906,0.0,4.329,2.905441e-06,2.905441,0.0,3.995,2.436654e-07,0.2436654,0.0,4.294,1.118266e-06,1.118266
754,754,9.003421370000001e-05,90.03421370000001,0,1,102.11764705882352,,False,,0.0,4.318,3.464153e-07,0.3464153,0.0,4.261,5.00948e-07,0.500948,0.8509803921568627,3.76,3.821776e-05,38.217760000000006,0.0,4.23,4.203984e-07,0.4203984,0.0,3.977,2.084848e-05,20.84848,0.0,4.329,1.652019e-06,1.652019,0.0,3.995,2.6582e-05,26.582,0.0,4.294,1.466193e-06,1.466193
755,755,7.072723770000001e-05,70.7272377,0,2,61.17647058823529,,False,,0.0,4.318,2.570642e-07,0.2570641999999999,0.0,4.261,1.915973e-07,0.1915973,0.0,4.164,2.653644e-05,26.53644,0.0,4.23,1.136891e-07,0.1136891,0.5098039215686274,3.653,2.119599e-05,21.19599,0.0,4.329,4.491625e-06,4.491625,0.0,3.995,1.715411e-05,17.15411,0.0,4.294,7.867221e-07,0.7867221000000001
756,756,9.9286602e-05,99.286602,0,1,102.11764705882352,,False,,0.0,4.318,1.102666e-06,1.102666,0.8509803921568627,3.869,5.122623e-05,51.22623,0.0,4.164,2.715806e-06,2.715806,0.0,4.23,2.521417e-05,25.214170000000003,0.0,3.977,1.810139e-06,1.810139,0.0,4.329,1.566387e-05,15.66387,0.0,3.995,4.07344e-07,0.407344,0.0,4.294,1.146377e-06,1.146377
757,757,0.0001023351173999,102.3351174,0,1,116.7058823529412,,False,,0.0,4.318,3.605946e-07,0.3605946,0.0,4.261,5.402442e-07,0.5402442,0.9725490196078432,3.73,4.413591e-05,44.13591,0.0,4.23,5.239536e-07,0.5239536,0.0,3.977,2.35882e-05,23.5882,0.0,4.329,1.580774e-06,1.580774,0.0,3.995,3.011719e-05,30.11719,0.0,4.294,1.488251e-06,1.488251
758,758,5.97775332e-05,59.7775332,0,1,61.17647058823529,,False,,0.0,4.318,2.778267e-07,0.2778267,0.0,4.261,3.512872e-05,35.12872,0.0,4.164,2.035349e-06,2.035349,0.5098039215686274,3.925,1.342598e-05,13.42598,0.0,3.977,1.460241e-06,1.460241,0.0,4.329,6.035986e-06,6.035986,0.0,3.995,2.723725e-07,0.2723725,0.0,4.294,1.141058e-06,1.141058
759,759,0.0001088208379,108.8208379,0,1,98.35294117647057,,False,,0.0,4.318,2.912007e-07,0.2912007,0.0,4.261,2.106671e-07,0.2106671,0.0,4.164,4.409314e-05,44.093140000000005,0.0,4.23,3.05383e-07,0.3053829999999999,0.8196078431372548,3.557,3.284134e-05,32.84134,0.0,4.329,5.165462e-06,5.165462,0.0,3.995,2.520062e-05,25.20062,0.0,4.294,7.130251e-07,0.7130251
760,760,0.0001133540751999,113.3540752,0,1,116.7058823529412,,False,,0.0,4.318,1.19664e-06,1.19664,0.9725490196078432,3.838,5.857757e-05,58.57757,0.0,4.164,2.768768e-06,2.768768,0.0,4.23,2.896077e-05,28.96077,0.0,3.977,1.917832e-06,1.917832,0.0,4.329,1.835564e-05,18.35564,0.0,3.995,4.207562e-07,0.4207561999999999,0.0,4.294,1.156099e-06,1.156099
761,761,9.26903086e-05,92.6903086,0,1,98.35294117647057,,False,,0.0,4.318,2.939304e-07,0.2939304,0.0,4.261,5.375859e-05,53.758590000000005,0.0,4.164,2.152227e-06,2.152227,0.8196078431372548,3.839,2.155924e-05,21.559240000000003,0.0,3.977,1.597763e-06,1.597763,0.0,4.329,1.183293e-05,11.83293,0.0,3.995,3.281302e-07,0.3281302,0.0,4.294,1.167498e-06,1.167498
762,762,6.25084303e-05,62.5084303,0,1,71.05882352941175,,False,,0.0,4.318,3.09747e-07,0.309747,0.0,4.261,4.012296e-07,0.4012295999999999,0.5921568627450979,3.832,2.518955e-05,25.18955,0.0,4.23,2.177647e-07,0.2177646999999999,0.0,3.977,1.447499e-05,14.47499,0.0,4.329,1.751753e-06,1.751753,0.0,3.995,1.878208e-05,18.78208,0.0,4.294,1.381316e-06,1.381316
763,763,6.89696953e-05,68.96969529999998,0,1,71.05882352941175,,False,,0.0,4.318,8.815197e-07,0.8815197,0.5921568627450979,3.941,3.550186e-05,35.50185999999999,0.0,4.164,2.551251e-06,2.551251,0.0,4.23,1.703579e-05,17.03579,0.0,3.977,1.547917e-06,1.547917,0.0,4.329,9.967784e-06,9.967784,0.0,3.995,3.670646e-07,0.3670646,0.0,4.294,1.116509e-06,1.116509
764,764,3.596693583e-05,35.966935830000004,0,1,43.29411764705881,,False,,0.0,4.318,2.669944e-07,0.2669944,0.0,4.261,2.988712e-07,0.2988712,0.3607843137254901,3.914,1.297307e-05,12.973070000000002,0.0,4.23,6.757423e-08,0.06757423,0.0,3.977,8.263677e-06,8.263677000000001,0.0,4.329,1.835207e-06,1.835207,0.0,3.995,1.097368e-05,10.97368,0.0,4.294,1.287862e-06,1.287862
765,765,4.20633043e-05,42.0633043,0,1,43.29411764705881,,False,,0.0,4.318,6.580822e-07,0.6580822000000001,0.3607843137254901,4.017,2.1401e-05,21.401,0.0,4.164,2.318523e-06,2.318523,0.0,4.23,9.782205e-06,9.782205,0.0,3.977,1.306405e-06,1.306405,0.0,4.329,5.17457e-06,5.17457,0.0,3.995,3.313031e-07,0.3313030999999999,0.0,4.294,1.091216e-06,1.091216
766,766,8.11381469e-05,81.13814690000001,0,1,92.23529411764709,,False,,0.0,4.318,3.345446e-07,0.3345445999999999,0.0,4.261,4.695123e-07,0.4695123,0.7686274509803923,3.782,3.400859e-05,34.00859,0.0,4.23,3.50996e-07,0.350996,0.0,3.977,1.875122e-05,18.75122,0.0,4.329,1.679582e-06,1.679582,0.0,3.995,2.410898e-05,24.108980000000003,0.0,4.294,1.434722e-06,1.434722
767,767,7.79464787e-05,77.9464787,0,1,67.76470588235291,,False,,0.0,4.318,2.641258e-07,0.2641257999999999,0.0,4.261,1.962313e-07,0.1962313,0.0,4.164,2.984072e-05,29.84072,0.0,4.23,1.443721e-07,0.1443721,0.564705882352941,3.633,2.336099e-05,23.36099,0.0,4.329,4.632076e-06,4.6320760000000005,0.0,3.995,1.873907e-05,18.73907,0.0,4.294,7.688935e-07,0.7688935
768,768,8.98706414e-05,89.87064140000001,0,1,92.23529411764709,,False,,0.0,4.318,1.037804e-06,1.037804,0.7686274509803923,3.89,4.643017e-05,46.43017,0.0,4.164,2.677197e-06,2.677197,0.0,4.23,2.259214e-05,22.59214,0.0,3.977,1.720065e-06,1.720065,0.0,4.329,1.388651e-05,13.88651,0.0,3.995,3.911574e-07,0.3911574,0.0,4.294,1.135598e-06,1.135598
769,769,6.4045838e-05,64.045838,0,2,67.76470588235291,,False,,0.0,4.318,2.803264e-07,0.2803264,0.0,4.261,3.757631e-05,37.57631,0.0,4.164,2.056876e-06,2.056876,0.564705882352941,3.913,1.44668e-05,14.4668,0.0,3.977,1.478756e-06,1.478756,0.0,4.329,6.773353e-06,6.773353,0.0,3.995,2.760796e-07,0.2760796,0.0,4.294,1.137337e-06,1.137337
770,770,1.1333703140000002e-05,11.33370314,0,1,14.588235294117649,,False,,0.0,4.318,2.132968e-07,0.2132968,0.0,4.261,1.771546e-07,0.1771546,0.1215686274509804,4.028,2.219526e-06,2.219526,0.0,4.23,2.714374e-08,0.02714374,0.0,3.977,2.437e-06,2.4370000000000003,0.0,4.329,1.865775e-06,1.865775,0.0,3.995,3.240203e-06,3.240203,0.0,4.294,1.153604e-06,1.153604
771,771,1.34644503e-05,13.4644503,0,1,14.588235294117649,,False,,0.0,4.318,3.645845e-07,0.3645845,0.1215686274509804,4.134,5.692927e-06,5.692927,0.0,4.164,1.885373e-06,1.885373,0.0,4.23,2.156023e-06,2.156023,0.0,3.977,1.024822e-06,1.024822,0.0,4.329,9.875971e-07,0.9875971,0.0,3.995,2.929577e-07,0.2929577,0.0,4.294,1.060166e-06,1.060166
772,772,5.5110614800000005e-06,5.51106148,0,1,4.705882352941177,,False,,0.0,4.318,1.873822e-07,0.1873822,0.0,4.261,1.322675e-07,0.1322674999999999,0.0392156862745098,4.086,1.368394e-07,0.1368394,0.0,4.23,8.979548e-08,0.08979548,0.0,3.977,9.839989e-07,0.9839989,0.0,4.329,1.834724e-06,1.834724,0.0,3.995,1.048277e-06,1.048277,0.0,4.294,1.097777e-06,1.097777
773,773,5.800018979999999e-06,5.80001898,0,1,4.705882352941177,,False,,0.0,4.318,1.559176e-07,0.1559176,0.0392156862745098,4.261,9.453578e-08,0.09453578,0.0,4.164,1.342816e-06,1.342816,0.0,4.23,2.660076e-07,0.2660076,0.0,3.977,8.984525e-07,0.8984525,0.0,4.329,1.742528e-06,1.742528,0.0,3.995,2.721695e-07,0.2721695,0.0,4.294,1.027592e-06,1.0275919999999998
774,774,7.28620675e-05,72.8620675,0,1,63.05882352941176,,False,,0.0,4.318,2.603003e-07,0.2603003,0.0,4.261,1.932074e-07,0.1932074,0.0,4.164,2.748582e-05,27.48582,0.0,4.23,1.216932e-07,0.1216931999999999,0.5254901960784313,3.647,2.187115e-05,21.87115,0.0,4.329,4.539935e-06,4.539935,0.0,3.995,1.761216e-05,17.61216,0.0,4.294,7.778016e-07,0.7778016
775,775,5.97727774e-05,59.7727774,0,1,63.05882352941176,,False,,0.0,4.318,2.747645e-07,0.2747645,0.0,4.261,3.514744e-05,35.14744,0.0,4.164,2.02707e-06,2.02707,0.5254901960784313,3.925,1.340778e-05,13.40778,0.0,3.977,1.456489e-06,1.456489,0.0,4.329,6.057368e-06,6.057367999999999,0.0,3.995,2.703549e-07,0.2703549,0.0,4.294,1.131511e-06,1.131511
776,776,6.26046836e-05,62.6046836,0,1,71.52941176470588,,False,,0.0,4.318,3.083803e-07,0.3083803,0.0,4.261,4.034943e-07,0.4034943,0.596078431372549,3.831,2.530969e-05,25.30969,0.0,4.23,2.18336e-07,0.218336,0.0,3.977,1.445708e-05,14.45708,0.0,4.329,1.742342e-06,1.7423419999999998,0.0,3.995,1.878829e-05,18.78829,0.0,4.294,1.377071e-06,1.377071
777,777,7.05439709e-05,70.5439709,0,1,71.52941176470588,,False,,0.0,4.318,8.92039e-07,0.892039,0.596078431372549,3.937,3.637081e-05,36.37081,0.0,4.164,2.551199e-06,2.551199,0.0,4.23,1.744918e-05,17.449180000000002,0.0,3.977,1.557991e-06,1.557991,0.0,4.329,1.023862e-05,10.23862,0.0,3.995,3.689059e-07,0.3689059,0.0,4.294,1.115226e-06,1.115226
778,778,1.678374242e-05,16.783742419999996,0,1,20.70588235294117,,False,,0.0,4.318,2.270433e-07,0.2270433,0.0,4.261,2.099221e-07,0.2099221,0.1725490196078431,3.995,4.477326e-06,4.477326,0.0,4.23,1.682402e-08,0.01682402,0.0,3.977,3.753724e-06,3.753724,0.0,4.329,1.861647e-06,1.861647,0.0,3.995,5.039921e-06,5.039921,0.0,4.294,1.197335e-06,1.197335
779,779,2.11068725e-05,21.1068725,0,1,20.70588235294117,,False,,0.0,4.318,4.515927e-07,0.4515926999999999,0.1725490196078431,4.094,1.002602e-05,10.02602,0.0,4.164,2.038233e-06,2.038233,0.0,4.23,4.184615e-06,4.184615,0.0,3.977,1.104406e-06,1.104406,0.0,4.329,1.933969e-06,1.933969,0.0,3.995,3.042498e-07,0.3042498,0.0,4.294,1.063787e-06,1.063787
780,780,9.37653188e-05,93.76531880000002,0,1,106.35294117647058,,False,,0.0,4.318,3.49168e-07,0.349168,0.0,4.261,5.113983e-07,0.5113983,0.8862745098039215,3.751,4.001269e-05,40.012690000000006,0.0,4.23,4.501725e-07,0.4501725,0.0,3.977,2.170361e-05,21.70361,0.0,4.329,1.632625e-06,1.632625,0.0,3.995,2.763701e-05,27.63701,0.0,4.294,1.468645e-06,1.468645
781,781,0.0001031582106,103.1582106,0,1,106.35294117647058,,False,,0.0,4.318,1.126003e-06,1.126003,0.8862745098039215,3.86,5.326311e-05,53.263110000000005,0.0,4.164,2.725109e-06,2.725109,0.0,4.23,2.62232e-05,26.2232,0.0,3.977,1.830943e-06,1.830943,0.0,4.329,1.644223e-05,16.44223,0.0,3.995,4.056936e-07,0.4056936,0.0,4.294,1.141922e-06,1.141922
782,782,0.0001144366021,114.4366021,0,1,101.6470588235294,,False,,0.0,4.318,2.96279e-07,0.2962789999999999,0.0,4.261,2.117689e-07,0.2117689,0.0,4.164,4.679007e-05,46.79007,0.0,4.23,3.409224e-07,0.3409223999999999,0.8470588235294118,3.543,3.45892e-05,34.5892,0.0,4.329,5.232783e-06,5.232783,0.0,3.995,2.628383e-05,26.28383,0.0,4.294,6.917488e-07,0.6917487999999999
783,783,2.893522342e-05,28.93522342,0,1,31.529411764705884,,False,,0.0,4.318,2.553437e-07,0.2553437,0.0,4.261,2.659017e-07,0.2659017,0.2627450980392157,3.94,9.79283e-06,9.79283,0.0,4.23,4.037202e-08,0.04037202,0.0,3.977,6.635455e-06,6.635454999999999,0.0,4.329,1.844842e-06,1.844842,0.0,3.995,8.846309e-06,8.846309,0.0,4.294,1.25417e-06,1.25417
784,784,9.54855706e-05,95.4855706,0,1,101.6470588235294,,False,,0.0,4.318,2.947133e-07,0.2947132999999999,0.0,4.261,5.5237e-05,55.237,0.0,4.164,2.161772e-06,2.161772,0.8470588235294118,3.832,2.230666e-05,22.30666,0.0,3.977,1.599209e-06,1.599209,0.0,4.329,1.238909e-05,12.38909,0.0,3.995,3.320713e-07,0.3320712999999999,0.0,4.294,1.165055e-06,1.1650550000000002
785,785,3.2144386e-05,32.144386000000004,0,1,31.529411764705884,,False,,0.0,4.318,5.661549e-07,0.5661548999999999,0.2627450980392157,4.05,1.607462e-05,16.074620000000003,0.0,4.164,2.200694e-06,2.2006940000000004,0.0,4.23,7.120821e-06,7.120820999999999,0.0,3.977,1.215776e-06,1.215776,0.0,4.329,3.559831e-06,3.559831,0.0,3.995,3.211381e-07,0.3211381,0.0,4.294,1.085351e-06,1.085351
786,786,6.67607308e-05,66.76073079999999,0,1,76.23529411764703,,False,,0.0,4.318,3.132184e-07,0.3132184,0.0,4.261,4.185696e-07,0.4185696,0.6352941176470586,3.82,2.722071e-05,27.22071,0.0,4.23,2.483868e-07,0.2483868,0.0,3.977,1.543911e-05,15.43911,0.0,4.329,1.730119e-06,1.730119,0.0,3.995,2.000017e-05,20.00017,0.0,4.294,1.390447e-06,1.390447
787,787,7.34946244e-05,73.49462439999999,0,1,76.23529411764703,,False,,0.0,4.318,9.198969e-07,0.9198969,0.6352941176470586,3.929,3.782194e-05,37.82194,0.0,4.164,2.587047e-06,2.587047,0.0,4.23,1.826236e-05,18.26236,0.0,3.977,1.582005e-06,1.582005,0.0,4.329,1.083474e-05,10.83474,0.0,3.995,3.730385e-07,0.3730385,0.0,4.294,1.113597e-06,1.113597
788,788,9.23498171e-05,92.3498171,0,1,104.94117647058825,,False,,0.0,4.318,3.474871e-07,0.3474871,0.0,4.261,5.082599e-07,0.5082599,0.8745098039215687,3.754,3.936373e-05,39.36373,0.0,4.23,4.403771e-07,0.4403770999999999,0.0,3.977,2.133966e-05,21.33966,0.0,4.329,1.624685e-06,1.6246850000000002,0.0,3.995,2.726829e-05,27.26829,0.0,4.294,1.457328e-06,1.457328
789,789,0.0001019562728,101.9562728,0,1,104.94117647058825,,False,,0.0,4.318,1.125784e-06,1.125784,0.8745098039215687,3.862,5.254173e-05,52.54173,0.0,4.164,2.731575e-06,2.7315750000000003,0.0,4.23,2.592568e-05,25.92568,0.0,3.977,1.819926e-06,1.819926,0.0,4.329,1.627318e-05,16.27318,0.0,3.995,4.017668e-07,0.4017668,0.0,4.294,1.136631e-06,1.1366310000000002
790,790,0.0001085053142999,108.5053143,0,1,96.0,,False,,0.0,4.318,2.896903e-07,0.2896903,0.0,4.261,2.109976e-07,0.2109976,0.0,4.164,4.404619e-05,44.04619,0.0,4.23,3.041939e-07,0.3041938999999999,0.7999999999999999,3.557,3.275471e-05,32.75471,0.0,4.329,5.142736e-06,5.142736,0.0,3.995,2.505649e-05,25.05649,0.0,4.294,7.003065e-07,0.7003064999999999
791,791,9.04722067e-05,90.4722067,0,1,96.0,,False,,0.0,4.318,2.877823e-07,0.2877823,0.0,4.261,5.246536e-05,52.46536,0.0,4.164,2.144458e-06,2.144458,0.7999999999999999,3.844,2.104868e-05,21.04868,0.0,3.977,1.583014e-06,1.583014,0.0,4.329,1.146795e-05,11.467949999999998,0.0,3.995,3.206054e-07,0.3206054,0.0,4.294,1.154357e-06,1.154357
792,792,2.921252027e-05,29.21252027,0,1,31.05882352941176,,False,,0.0,4.318,2.537689e-07,0.2537689,0.0,4.261,2.692529e-07,0.2692529,0.2588235294117646,3.939,9.928433e-06,9.928433,0.0,4.23,4.126847e-08,0.04126847,0.0,3.977,6.689236e-06,6.689236,0.0,4.329,1.847214e-06,1.847214,0.0,3.995,8.928522e-06,8.928522,0.0,4.294,1.254825e-06,1.254825
793,793,3.18857106e-05,31.8857106,0,1,31.05882352941176,,False,,0.0,4.318,5.629892e-07,0.5629892000000001,0.2588235294117646,4.051,1.595216e-05,15.95216,0.0,4.164,2.192651e-06,2.192651,0.0,4.23,7.053961e-06,7.053960999999999,0.0,3.977,1.213747e-06,1.213747,0.0,4.329,3.51866e-06,3.51866,0.0,3.995,3.160564e-07,0.3160564,0.0,4.294,1.075486e-06,1.075486
794,794,3.396065603e-05,33.96065603,0,1,40.94117647058824,,False,,0.0,4.318,2.633918e-07,0.2633918,0.0,4.261,2.903115e-07,0.2903115,0.3411764705882353,3.921,1.204112e-05,12.04112,0.0,4.23,5.906673e-08,0.05906673,0.0,3.977,7.820553e-06,7.820553,0.0,4.329,1.835879e-06,1.835879,0.0,3.995,1.036681e-05,10.36681,0.0,4.294,1.283524e-06,1.283524
795,795,4.18931495e-05,41.89314950000001,0,1,40.94117647058824,,False,,0.0,4.318,6.548602e-07,0.6548602,0.3411764705882353,4.017,2.127293e-05,21.27293,0.0,4.164,2.309105e-06,2.309105,0.0,4.23,9.756181e-06,9.756181,0.0,3.977,1.303303e-06,1.303303,0.0,4.329,5.183885e-06,5.183885,0.0,3.995,3.328323e-07,0.3328322999999999,0.0,4.294,1.080053e-06,1.080053
796,796,5.38974104e-05,53.897410400000005,0,1,61.17647058823529,,False,,0.0,4.318,2.937174e-07,0.2937174,0.0,4.261,3.711469e-07,0.3711469,0.5098039215686274,3.856,2.121391e-05,21.21391,0.0,4.23,1.646961e-07,0.1646961,0.0,3.977,1.24621e-05,12.4621,0.0,4.329,1.778602e-06,1.778602,0.0,3.995,1.626568e-05,16.26568,0.0,4.294,1.347558e-06,1.347558
797,797,6.11171662e-05,61.11716619999999,0,1,61.17647058823529,,False,,0.0,4.318,8.152621e-07,0.8152621,0.5098039215686274,3.961,3.1437e-05,31.437,0.0,4.164,2.48205e-06,2.48205,0.0,4.23,1.490547e-05,14.90547,0.0,3.977,1.469199e-06,1.469199,0.0,4.329,8.551455e-06,8.551454999999999,0.0,3.995,3.555501e-07,0.3555501,0.0,4.294,1.10118e-06,1.10118
798,798,8.67463721e-05,86.7463721,0,1,98.35294117647057,,False,,0.0,4.318,3.380822e-07,0.3380822,0.0,4.261,4.909671e-07,0.4909671,0.8196078431372548,3.768,3.669871e-05,36.698710000000005,0.0,4.23,3.949598e-07,0.3949598,0.0,3.977,2.006842e-05,20.06842,0.0,4.329,1.656191e-06,1.6561910000000002,0.0,3.995,2.566075e-05,25.66075,0.0,4.294,1.438292e-06,1.438292
799,799,9.5689764e-05,95.689764,0,1,98.35294117647057,,False,,0.0,4.318,1.076783e-06,1.076783,0.8196078431372548,3.876,4.931313e-05,49.31313,0.0,4.164,2.696479e-06,2.696479,0.0,4.23,2.423158e-05,24.23158,0.0,3.977,1.773641e-06,1.773641,0.0,4.329,1.506483e-05,15.06483,0.0,3.995,3.99728e-07,0.3997279999999999,0.0,4.294,1.133593e-06,1.133593
800,800,0.0001202616937,120.2616937,0,1,107.76470588235296,,False,,0.0,4.318,2.989605e-07,0.2989604999999999,0.0,4.261,2.14822e-07,0.2148219999999999,0.0,4.164,4.955083e-05,49.550830000000005,0.0,4.23,3.723664e-07,0.3723664,0.8980392156862746,3.529,3.628558e-05,36.28558,0.0,4.329,5.292892e-06,5.292892,0.0,3.995,2.757141e-05,27.57141,0.0,4.294,6.748328e-07,0.6748327999999999
801,801,9.87885712e-05,98.7885712,0,1,107.76470588235296,,False,,0.0,4.318,2.876148e-07,0.2876148,0.0,4.261,5.709e-05,57.09,0.0,4.164,2.166995e-06,2.166995,0.8980392156862746,3.824,2.312243e-05,23.12243,0.0,3.977,1.605644e-06,1.605644,0.0,4.329,1.30214e-05,13.0214,0.0,3.995,3.367494e-07,0.3367494,0.0,4.294,1.157738e-06,1.157738
802,802,5.94777663e-05,59.4777663,0,1,67.76470588235291,,False,,0.0,4.318,3.011639e-07,0.3011639,0.0,4.261,3.928651e-07,0.3928651,0.564705882352941,3.84,2.38294e-05,23.8294,0.0,4.23,1.996243e-07,0.1996243,0.0,3.977,1.376645e-05,13.76645,0.0,4.329,1.755241e-06,1.755241,0.0,3.995,1.787091e-05,17.87091,0.0,4.294,1.362112e-06,1.362112
803,803,6.57674896e-05,65.76748959999999,0,1,67.76470588235291,,False,,0.0,4.318,8.487765e-07,0.8487765,0.564705882352941,3.949,3.389313e-05,33.89313,0.0,4.164,2.509746e-06,2.509746,0.0,4.23,1.616399e-05,16.16399,0.0,3.977,1.512058e-06,1.512058,0.0,4.329,9.373015e-06,9.373015,0.0,3.995,3.618541e-07,0.3618541,0.0,4.294,1.10492e-06,1.10492
804,804,5.52666325e-05,55.2666325,0,1,63.05882352941176,,False,,0.0,4.318,2.954585e-07,0.2954585,0.0,4.261,3.757382e-07,0.3757381999999999,0.5254901960784313,3.852,2.187466e-05,21.87466,0.0,4.23,1.725318e-07,0.1725317999999999,0.0,3.977,1.279959e-05,12.79959,0.0,4.329,1.765172e-06,1.765172,0.0,3.995,1.664135e-05,16.64135,0.0,4.294,1.342132e-06,1.342132
805,805,6.129686940000001e-05,61.296869400000006,0,1,63.05882352941176,,False,,0.0,4.318,8.108981e-07,0.8108981000000001,0.5254901960784313,3.961,3.153168e-05,31.53168,0.0,4.164,2.473568e-06,2.473568,0.0,4.23,1.498427e-05,14.98427,0.0,3.977,1.473152e-06,1.473152,0.0,4.329,8.56298e-06,8.56298,0.0,3.995,3.571753e-07,0.3571753,0.0,4.294,1.103146e-06,1.1031460000000002
806,806,7.31905088e-05,73.1905088,0,1,63.52941176470587,,False,,0.0,4.318,2.574337e-07,0.2574337,0.0,4.261,1.938633e-07,0.1938633,0.0,4.164,2.764976e-05,27.64976,0.0,4.23,1.244217e-07,0.1244217,0.5294117647058822,3.646,2.19765e-05,21.9765,0.0,4.329,4.516226e-06,4.5162260000000005,0.0,3.995,1.769639e-05,17.69639,0.0,4.294,7.759141e-07,0.7759140999999999
807,807,5.99324158e-05,59.932415800000015,0,1,63.52941176470587,,False,,0.0,4.318,2.769898e-07,0.2769898,0.0,4.261,3.521116e-05,35.21116000000001,0.0,4.164,2.031651e-06,2.031651,0.5294117647058822,3.924,1.346763e-05,13.46763,0.0,3.977,1.446565e-06,1.446565,0.0,4.329,6.112427e-06,6.112426999999999,0.0,3.995,2.69166e-07,0.269166,0.0,4.294,1.116827e-06,1.116827
808,808,8.90421223e-05,89.0421223,0,1,101.6470588235294,,False,,0.0,4.318,3.39833e-07,0.339833,0.0,4.261,4.981553e-07,0.4981553,0.8470588235294118,3.762,3.780554e-05,37.80554,0.0,4.23,4.14394e-07,0.414394,0.0,3.977,2.059686e-05,20.59686,0.0,4.329,1.628147e-06,1.628147,0.0,3.995,2.632029e-05,26.32029,0.0,4.294,1.438903e-06,1.438903
809,809,9.83882201e-05,98.3882201,0,2,101.6470588235294,,False,,0.0,4.318,1.089282e-06,1.089282,0.8470588235294118,3.87,5.077261e-05,50.77261,0.0,4.164,2.695128e-06,2.695128,0.0,4.23,2.495046e-05,24.950460000000003,0.0,3.977,1.793161e-06,1.793161,0.0,4.329,1.556014e-05,15.56014,0.0,3.995,3.988111e-07,0.3988111,0.0,4.294,1.128628e-06,1.128628
810,810,2.488581281e-05,24.88581281,0,1,19.76470588235293,,False,,0.0,4.318,2.045673e-07,0.2045673,0.0,4.261,1.509007e-07,0.1509007,0.0,4.164,6.700409e-06,6.700409,0.0,4.23,1.358501e-08,0.01358501,0.1647058823529411,3.802,7.075783e-06,7.075783,0.0,4.329,3.238229e-06,3.238229,0.0,3.995,6.602113e-06,6.602112999999999,0.0,4.294,9.002258e-07,0.9002258
811,811,2.0054794e-05,20.054794,0,1,19.76470588235293,,False,,0.0,4.318,2.24759e-07,0.224759,0.0,4.261,1.139256e-05,11.39256,0.0,4.164,1.737829e-06,1.737829,0.1647058823529411,4.066,3.644139e-06,3.644139,0.0,3.977,1.189279e-06,1.189279,0.0,4.329,5.729698e-07,0.5729698,0.0,3.995,2.258962e-07,0.2258962,0.0,4.294,1.067362e-06,1.067362
812,812,6.64445316e-05,66.44453159999999,0,1,57.41176470588234,,False,,0.0,4.318,2.503229e-07,0.2503229,0.0,4.261,1.893361e-07,0.1893360999999999,0.0,4.164,2.461355e-05,24.61355,0.0,4.23,9.75105e-08,0.0975105,0.4784313725490195,3.664,1.990908e-05,19.90908,0.0,4.329,4.368028e-06,4.368028000000001,0.0,3.995,1.62284e-05,16.228399999999997,0.0,4.294,7.883041e-07,0.7883041
813,813,5.57816625e-05,55.7816625,0,1,57.41176470588234,,False,,0.0,4.318,2.714749e-07,0.2714749,0.0,4.261,3.282767e-05,32.827670000000005,0.0,4.164,2.005281e-06,2.005281,0.4784313725490195,3.936,1.2432e-05,12.432,0.0,3.977,1.425584e-06,1.425584,0.0,4.329,5.443527e-06,5.443527,0.0,3.995,2.628516e-07,0.2628515999999999,0.0,4.294,1.113274e-06,1.113274
814,814,3.5272840969999995e-05,35.27284097,0,1,29.176470588235283,,False,,0.0,4.318,2.180209e-07,0.2180209,0.0,4.261,1.639252e-07,0.1639252,0.0,4.164,1.098966e-05,10.98966,0.0,4.23,1.349197e-08,0.0134919699999999,0.2431372549019607,3.761,1.028464e-05,10.28464,0.0,4.329,3.58275e-06,3.5827500000000003,0.0,3.995,9.154395e-06,9.154395,0.0,4.294,8.659579e-07,0.8659579000000001
815,815,8.41530625e-05,84.1530625,0,1,96.0,,False,,0.0,4.318,3.33955e-07,0.333955,0.0,4.261,4.789172e-07,0.4789172,0.7999999999999999,3.774,3.546931e-05,35.46931,0.0,4.23,3.790403e-07,0.3790403,0.0,3.977,1.948967e-05,19.48967,0.0,4.329,1.654266e-06,1.654266,0.0,3.995,2.492043e-05,24.920430000000003,0.0,4.294,1.427474e-06,1.427474
816,816,2.77757921e-05,27.7757921,0,1,29.176470588235283,,False,,0.0,4.318,2.385196e-07,0.2385196,0.0,4.261,1.622029e-05,16.220290000000002,0.0,4.164,1.815143e-06,1.815143,0.2431372549019607,4.031,5.531937e-06,5.531937,0.0,3.977,1.250492e-06,1.250492,0.0,4.329,1.411979e-06,1.411979,0.0,3.995,2.306435e-07,0.2306435,0.0,4.294,1.076788e-06,1.076788
817,817,9.31844272e-05,93.1844272,0,1,96.0,,False,,0.0,4.318,1.049777e-06,1.0497770000000002,0.7999999999999999,3.882,4.806355e-05,48.06355,0.0,4.164,2.677163e-06,2.677163,0.0,4.23,2.356195e-05,23.56195,0.0,3.977,1.738295e-06,1.738295,0.0,4.329,1.45724e-05,14.5724,0.0,3.995,3.937092e-07,0.3937092,0.0,4.294,1.127583e-06,1.127583
818,818,6.075341961e-05,60.75341961,0,1,52.23529411764704,,False,,0.0,4.318,2.454101e-07,0.2454101,0.0,4.261,1.847663e-07,0.1847663,0.0,4.164,2.208419e-05,22.08419,0.0,4.23,7.471441e-08,0.07471441,0.4352941176470587,3.68,1.815089e-05,18.15089,0.0,4.329,4.247515e-06,4.247515,0.0,3.995,1.4969e-05,14.969,0.0,4.294,7.969338e-07,0.7969338
819,819,9.42136337e-05,94.2136337,0,1,107.76470588235296,,False,,0.0,4.318,3.460424e-07,0.3460424,0.0,4.261,5.139563e-07,0.5139562999999999,0.8980392156862746,3.749,4.033242e-05,40.33242,0.0,4.23,4.53104e-07,0.453104,0.0,3.977,2.177946e-05,21.77946,0.0,4.329,1.611708e-06,1.611708,0.0,3.995,2.772523e-05,27.72523,0.0,4.294,1.451713e-06,1.451713
820,820,5.07468126e-05,50.7468126,0,1,52.23529411764704,,False,,0.0,4.318,2.658861e-07,0.2658861,0.0,4.261,2.989269e-05,29.89269,0.0,4.164,1.978758e-06,1.978758,0.4352941176470587,3.951,1.118667e-05,11.18667,0.0,3.977,1.398758e-06,1.398758,0.0,4.329,4.654265e-06,4.654265,0.0,3.995,2.560645e-07,0.2560645,0.0,4.294,1.113721e-06,1.113721
821,821,9.79198378e-05,97.9198378,0,1,86.58823529411764,,False,,0.0,4.318,2.790124e-07,0.2790124,0.0,4.261,2.056596e-07,0.2056596,0.0,4.164,3.908165e-05,39.08165,0.0,4.23,2.458301e-07,0.2458301,0.7215686274509803,3.582,2.950262e-05,29.50262,0.0,4.329,4.940019e-06,4.940019,0.0,3.995,2.294678e-05,22.94678,0.0,4.294,7.182667e-07,0.7182666999999999
822,822,0.0001039273660999,103.9273661,0,1,107.76470588235296,,False,,0.0,4.318,1.129835e-06,1.129835,0.8980392156862746,3.857,5.35055e-05,53.5055,0.0,4.164,2.728106e-06,2.728106,0.0,4.23,2.646936e-05,26.46936,0.0,3.977,1.826517e-06,1.826517,0.0,4.329,1.672809e-05,16.728089999999998,0.0,3.995,4.066131e-07,0.4066131,0.0,4.294,1.133345e-06,1.133345
823,823,8.12294679e-05,81.2294679,0,1,86.58823529411764,,False,,0.0,4.318,2.858479e-07,0.2858479,0.0,4.261,4.729418e-05,47.29418,0.0,4.164,2.114975e-06,2.114975,0.7215686274509803,3.867,1.873282e-05,18.73282,0.0,3.977,1.535859e-06,1.535859,0.0,4.329,9.817133e-06,9.817133,0.0,3.995,3.05321e-07,0.305321,0.0,4.294,1.143332e-06,1.143332
824,824,0.0001130207602,113.0207602,0,1,100.7058823529412,,False,,0.0,4.318,2.913459e-07,0.2913459,0.0,4.261,2.117723e-07,0.2117723,0.0,4.164,4.609663e-05,46.09663,0.0,4.23,3.327157e-07,0.3327157,0.8392156862745099,3.546,3.417101e-05,34.17101,0.0,4.329,5.17032e-06,5.17032,0.0,3.995,2.605778e-05,26.05778,0.0,4.294,6.891863e-07,0.6891862999999999
825,825,9.41767456e-05,94.1767456,0,1,100.7058823529412,,False,,0.0,4.318,2.894278e-07,0.2894277999999999,0.0,4.261,5.45511e-05,54.5511,0.0,4.164,2.154985e-06,2.154985,0.8392156862745099,3.835,2.195742e-05,21.95742,0.0,3.977,1.584922e-06,1.584922,0.0,4.329,1.215403e-05,12.15403,0.0,3.995,3.298318e-07,0.3298318,0.0,4.294,1.155029e-06,1.155029
826,826,6.46974441e-05,64.6974441,0,1,55.99999999999999,,False,,0.0,4.318,2.49631e-07,0.249631,0.0,4.261,1.874182e-07,0.1874182,0.0,4.164,2.384977e-05,23.84977,0.0,4.23,9.02667e-08,0.0902666999999999,0.4666666666666666,3.669,1.93701e-05,19.3701,0.0,4.329,4.327486e-06,4.327486,0.0,3.995,1.583168e-05,15.831680000000002,0.0,4.294,7.910922e-07,0.7910922
827,827,5.405864929999999e-05,54.0586493,0,1,55.99999999999999,,False,,0.0,4.318,2.684391e-07,0.2684391,0.0,4.261,3.183581e-05,31.83581,0.0,4.164,1.997488e-06,1.997488,0.4666666666666666,3.941,1.200051e-05,12.00051,0.0,3.977,1.415581e-06,1.415581,0.0,4.329,5.169131e-06,5.169131,0.0,3.995,2.598672e-07,0.2598672,0.0,4.294,1.111823e-06,1.111823
828,828,7.45256853e-05,74.5256853,0,1,64.94117647058822,,False,,0.0,4.318,2.585737e-07,0.2585737,0.0,4.261,1.945883e-07,0.1945883,0.0,4.164,2.830897e-05,28.30897,0.0,4.23,1.300737e-07,0.1300737,0.5411764705882351,3.642,2.236357e-05,22.36357,0.0,4.329,4.531816e-06,4.531816,0.0,3.995,1.79714e-05,17.9714,0.0,4.294,7.666936e-07,0.7666936
829,829,6.10293398e-05,61.0293398,0,1,64.94117647058822,,False,,0.0,4.318,2.749547e-07,0.2749547,0.0,4.261,3.582261e-05,35.82261,0.0,4.164,2.033104e-06,2.033104,0.5411764705882351,3.921,1.373823e-05,13.73823,0.0,3.977,1.448601e-06,1.448601,0.0,4.329,6.31288e-06,6.31288,0.0,3.995,2.717841e-07,0.2717841,0.0,4.294,1.127176e-06,1.127176
830,830,5.57014896e-05,55.7014896,0,1,63.52941176470587,,False,,0.0,4.318,2.948209e-07,0.2948209,0.0,4.261,3.747969e-07,0.3747969,0.5294117647058822,3.851,2.207373e-05,22.07373,0.0,4.23,1.755068e-07,0.1755068,0.0,3.977,1.290119e-05,12.90119,0.0,4.329,1.760174e-06,1.760174,0.0,3.995,1.677251e-05,16.77251,0.0,4.294,1.348761e-06,1.348761
831,831,6.34109165e-05,63.41091650000001,0,1,63.52941176470587,,False,,0.0,4.318,8.27564e-07,0.827564,0.5294117647058822,3.955,3.259211e-05,32.592110000000005,0.0,4.164,2.494632e-06,2.494632,0.0,4.23,1.554087e-05,15.54087,0.0,3.977,1.486919e-06,1.486919,0.0,4.329,9.008374e-06,9.008374,0.0,3.995,3.594475e-07,0.3594475,0.0,4.294,1.101e-06,1.101
832,832,1.629012324e-05,16.29012324,0,1,19.76470588235293,,False,,0.0,4.318,2.238938e-07,0.2238938,0.0,4.261,2.05314e-07,0.205314,0.1647058823529411,3.997,4.3104e-06,4.3104000000000005,0.0,4.23,1.712344e-08,0.01712344,0.0,3.977,3.635098e-06,3.635098,0.0,4.329,1.844254e-06,1.844254,0.0,3.995,4.884916e-06,4.8849160000000005,0.0,4.294,1.169124e-06,1.169124
833,833,1.86919829e-05,18.6919829,0,1,19.76470588235293,,False,,0.0,4.318,4.23129e-07,0.423129,0.1647058823529411,4.105,8.678466e-06,8.678466,0.0,4.164,1.979603e-06,1.979603,0.0,4.23,3.558643e-06,3.558643,0.0,3.977,1.074314e-06,1.074314,0.0,4.329,1.627879e-06,1.627879,0.0,3.995,2.967229e-07,0.2967229,0.0,4.294,1.053226e-06,1.053226
834,834,0.000101846333,101.846333,0,1,92.70588235294116,,False,,0.0,4.318,2.816386e-07,0.2816385999999999,0.0,4.261,2.081695e-07,0.2081695,0.0,4.164,4.089204e-05,40.89204,0.0,4.23,2.687315e-07,0.2687315,0.7725490196078431,3.573,3.074186e-05,30.741860000000003,0.0,4.329,5.002686e-06,5.002686,0.0,3.995,2.37443e-05,23.7443,0.0,4.294,7.069074e-07,0.7069074
835,835,8.714656099999999e-05,87.146561,0,2,92.70588235294116,,False,,0.0,4.318,2.892142e-07,0.2892142,0.0,4.261,5.06063e-05,50.6063,0.0,4.164,2.12934e-06,2.12934,0.7725490196078431,3.852,2.023858e-05,20.23858,0.0,3.977,1.558598e-06,1.558598,0.0,4.329,1.08647e-05,10.8647,0.0,3.995,3.136888e-07,0.3136888,0.0,4.294,1.14614e-06,1.14614
836,836,5.05698963e-05,50.5698963,0,3,57.41176470588234,,False,,0.0,4.318,2.870278e-07,0.2870278,0.0,4.261,3.564621e-07,0.3564621,0.4784313725490195,3.866,1.971827e-05,19.71827,0.0,4.23,1.432754e-07,0.1432754,0.0,3.977,1.169173e-05,11.691730000000002,0.0,4.329,1.778904e-06,1.7789039999999998,0.0,3.995,1.527216e-05,15.27216,0.0,4.294,1.322067e-06,1.322067
837,837,5.75659212e-05,57.56592119999999,0,1,57.41176470588234,,False,,0.0,4.318,7.808399e-07,0.7808399,0.4784313725490195,3.971,2.960158e-05,29.60158,0.0,4.164,2.438434e-06,2.438434,0.0,4.23,1.394916e-05,13.94916,0.0,3.977,1.437831e-06,1.437831,0.0,4.329,7.911683e-06,7.911682999999999,0.0,3.995,3.496043e-07,0.3496043,0.0,4.294,1.096789e-06,1.096789
838,838,2.451556417e-05,24.51556417,0,1,29.176470588235283,,False,,0.0,4.318,2.422551e-07,0.2422551,0.0,4.261,2.453563e-07,0.2453563,0.2431372549019607,3.958,7.85642e-06,7.85642,0.0,4.23,2.745977e-08,0.0274597699999999,0.0,3.977,5.594646e-06,5.594646,0.0,4.329,1.841382e-06,1.841382,0.0,3.995,7.486504e-06,7.486504,0.0,4.294,1.221541e-06,1.221541
839,839,2.82752289e-05,28.2752289,0,1,29.176470588235283,,False,,0.0,4.318,5.213749e-07,0.5213749,0.2431372549019607,4.064,1.398682e-05,13.98682,0.0,4.164,2.134123e-06,2.134123,0.0,4.23,6.096668e-06,6.096668,0.0,3.977,1.169664e-06,1.169664,0.0,4.329,2.992087e-06,2.992087,0.0,3.995,3.10253e-07,0.310253,0.0,4.294,1.064239e-06,1.064239
840,840,4.861215668e-05,48.61215668,0,1,44.23529411764706,,False,,0.0,4.318,2.325329e-07,0.2325329,0.0,4.261,1.761008e-07,0.1761008,0.0,4.164,1.674316e-05,16.74316,0.0,4.23,3.834218e-08,0.03834218,0.3686274509803922,3.716,1.438997e-05,14.38997,0.0,4.329,3.955707e-06,3.955707,0.0,3.995,1.225109e-05,12.25109,0.0,4.294,8.252538e-07,0.8252537999999999
841,841,4.40054889e-05,44.0054889,0,1,44.23529411764706,,False,,0.0,4.318,2.560695e-07,0.2560694999999999,0.0,4.261,2.596446e-05,25.96446,0.0,4.164,1.935914e-06,1.935914,0.3686274509803922,3.972,9.515043e-06,9.515043,0.0,3.977,1.361135e-06,1.3611350000000002,0.0,4.329,3.620533e-06,3.620533,0.0,3.995,2.460154e-07,0.2460154,0.0,4.294,1.106319e-06,1.106319
842,842,4.63095523e-05,46.3095523,0,1,52.23529411764704,,False,,0.0,4.318,2.817349e-07,0.2817349,0.0,4.261,3.373102e-07,0.3373102,0.4352941176470587,3.879,1.773108e-05,17.73108,0.0,4.23,1.207102e-07,0.1207102,0.0,3.977,1.072361e-05,10.72361,0.0,4.329,1.793512e-06,1.793512,0.0,3.995,1.4009e-05,14.009,0.0,4.294,1.312595e-06,1.312595
843,843,5.26341366e-05,52.6341366,0,1,52.23529411764704,,False,,0.0,4.318,7.383775e-07,0.7383775,0.4352941176470587,3.985,2.703192e-05,27.03192,0.0,4.164,2.39922e-06,2.39922,0.0,4.23,1.2594e-05,12.594,0.0,3.977,1.396351e-06,1.396351,0.0,4.329,7.042349e-06,7.042349,0.0,3.995,3.442421e-07,0.3442421,0.0,4.294,1.087677e-06,1.087677
844,844,7.65173423e-05,76.5173423,0,1,86.58823529411764,,False,,0.0,4.318,3.232133e-07,0.3232133,0.0,4.261,4.52053e-07,0.452053,0.7215686274509803,3.794,3.187041e-05,31.87041,0.0,4.23,3.1881e-07,0.31881,0.0,3.977,1.771162e-05,17.71162,0.0,4.329,1.688414e-06,1.688414,0.0,3.995,2.27509e-05,22.7509,0.0,4.294,1.401922e-06,1.401922
845,845,8.41576327e-05,84.1576327,0,1,86.58823529411764,,False,,0.0,4.318,9.88391e-07,0.988391,0.7215686274509803,3.903,4.338388e-05,43.383880000000005,0.0,4.164,2.623358e-06,2.623358,0.0,4.23,2.11175e-05,21.1175,0.0,3.977,1.667797e-06,1.667797,0.0,4.329,1.287783e-05,12.87783,0.0,3.995,3.808827e-07,0.3808827,0.0,4.294,1.117994e-06,1.117994
846,846,8.81720957e-05,88.1720957,0,1,100.7058823529412,,False,,0.0,4.318,3.381627e-07,0.3381627,0.0,4.261,4.919451e-07,0.4919451,0.8392156862745099,3.764,3.743222e-05,37.43222,0.0,4.23,4.083299e-07,0.4083299,0.0,3.977,2.037443e-05,20.37443,0.0,4.329,1.640213e-06,1.640213,0.0,3.995,2.605027e-05,26.05027,0.0,4.294,1.436525e-06,1.436525
847,847,9.77868095e-05,97.7868095,0,1,100.7058823529412,,False,,0.0,4.318,1.092763e-06,1.092763,0.8392156862745099,3.871,5.041655e-05,50.41655,0.0,4.164,2.700859e-06,2.7008590000000003,0.0,4.23,2.47692e-05,24.7692,0.0,3.977,1.782236e-06,1.782236,0.0,4.329,1.549842e-05,15.49842,0.0,3.995,3.970415e-07,0.3970415,0.0,4.294,1.12974e-06,1.12974
848,848,4.92219554e-05,49.2219554,0,1,55.99999999999999,,False,,0.0,4.318,2.861755e-07,0.2861755,0.0,4.261,3.507167e-07,0.3507167,0.4666666666666666,3.87,1.909067e-05,19.090670000000003,0.0,4.23,1.366542e-07,0.1366542,0.0,3.977,1.139747e-05,11.39747,0.0,4.329,1.77631e-06,1.7763099999999998,0.0,3.995,1.486204e-05,14.86204,0.0,4.294,1.321919e-06,1.321919
849,849,5.64045095e-05,56.4045095,0,1,55.99999999999999,,False,,0.0,4.318,7.74667e-07,0.774667,0.4666666666666666,3.974,2.895358e-05,28.95358,0.0,4.164,2.43635e-06,2.43635,0.0,4.23,1.364595e-05,13.64595,0.0,3.977,1.430981e-06,1.430981,0.0,4.329,7.719116e-06,7.719116,0.0,3.995,3.494395e-07,0.3494395,0.0,4.294,1.094426e-06,1.094426
850,850,5.6989779e-05,56.989779,0,1,64.94117647058822,,False,,0.0,4.318,2.96878e-07,0.296878,0.0,4.261,3.799858e-07,0.3799858,0.5411764705882351,3.847,2.267151e-05,22.67151,0.0,4.23,1.834452e-07,0.1834452,0.0,3.977,1.320149e-05,13.20149,0.0,4.329,1.752416e-06,1.752416,0.0,3.995,1.715271e-05,17.15271,0.0,4.294,1.351344e-06,1.351344
851,851,6.161291820000001e-05,61.6129182,0,2,64.94117647058822,,False,,0.0,4.318,8.159706e-07,0.8159706,0.5411764705882351,3.96,3.170549e-05,31.70549,0.0,4.164,2.480957e-06,2.480957,0.0,4.23,1.502713e-05,15.02713,0.0,3.977,1.475001e-06,1.475001,0.0,4.329,8.643821e-06,8.643820999999999,0.0,3.995,3.571396e-07,0.3571396,0.0,4.294,1.107409e-06,1.107409
852,852,9.77352162e-05,97.7352162,0,1,86.11764705882354,,False,,0.0,4.318,2.800489e-07,0.2800489,0.0,4.261,2.049805e-07,0.2049804999999999,0.0,4.164,3.895114e-05,38.95114,0.0,4.23,2.457968e-07,0.2457967999999999,0.7176470588235294,3.583,2.947669e-05,29.47669,0.0,4.329,4.953443e-06,4.953443,0.0,3.995,2.290156e-05,22.90156,0.0,4.294,7.21557e-07,0.721557
853,853,8.11023692e-05,81.1023692,0,1,86.11764705882354,,False,,0.0,4.318,2.862413e-07,0.2862413,0.0,4.261,4.720905e-05,47.20905,0.0,4.164,2.113936e-06,2.113936,0.7176470588235294,3.867,1.87275e-05,18.7275,0.0,3.977,1.542085e-06,1.542085,0.0,4.329,9.767194e-06,9.767194,0.0,3.995,3.059899e-07,0.3059899,0.0,4.294,1.150373e-06,1.150373
854,854,8.149200970000001e-05,81.49200970000001,0,1,92.70588235294116,,False,,0.0,4.318,3.305583e-07,0.3305582999999999,0.0,4.261,4.680302e-07,0.4680301999999999,0.7725490196078431,3.781,3.417721e-05,34.17721,0.0,4.23,3.553962e-07,0.3553962,0.0,3.977,1.891942e-05,18.91942,0.0,4.329,1.668995e-06,1.668995,0.0,3.995,2.415062e-05,24.15062,0.0,4.294,1.42178e-06,1.42178
855,855,9.0409027e-05,90.409027,0,1,92.70588235294116,,False,,0.0,4.318,1.024916e-06,1.024916,0.7725490196078431,3.889,4.671817e-05,46.71817,0.0,4.164,2.649286e-06,2.649286,0.0,4.23,2.27989e-05,22.7989,0.0,3.977,1.723011e-06,1.7230109999999998,0.0,4.329,1.39746e-05,13.9746,0.0,3.995,3.92335e-07,0.392335,0.0,4.294,1.127809e-06,1.127809
856,856,9.05286097e-06,9.05286097,0,1,5.176470588235284,,False,,0.0,4.318,1.746567e-07,0.1746567,0.0,4.261,1.195569e-07,0.1195569,0.0,4.164,1.028072e-06,1.028072,0.0,4.23,9.816737e-08,0.09816737,0.0431372549019607,3.896,2.086641e-06,2.086641,0.0,4.329,2.392355e-06,2.392355,0.0,3.995,2.173714e-06,2.173714,0.0,4.294,9.79698e-07,0.979698
857,857,9.06201276e-06,9.06201276,0,1,5.176470588235284,,False,,0.0,4.318,1.753444e-07,0.1753444,0.0,4.261,1.20356e-07,0.1203559999999999,0.0,4.164,1.026326e-06,1.0263259999999998,0.0431372549019607,4.23,9.844806e-08,0.09844806,0.0,3.977,2.089448e-06,2.089448,0.0,4.329,2.400779e-06,2.400779,0.0,3.995,2.17955e-06,2.1795500000000003,0.0,4.294,9.717613e-07,0.9717613
20,858,3.85223889e-05,38.5223889,0,1,44.23529411764706,,False,explicit_power_anomaly_remeasure,0.0,4.318,2.696784e-07,0.2696784,0.0,4.261,3.105695e-07,0.3105695,0.3686274509803922,3.905,1.412518e-05,14.12518,0.0,4.23,7.9154e-08,0.079154,0.0,3.977,8.861448e-06,8.861448,0.0,4.329,1.830549e-06,1.830549,0.0,3.995,1.17475e-05,11.7475,0.0,4.294,1.29831e-06,1.29831
859,859,4.52154303e-05,45.2154303,0,1,44.23529411764706,,False,,0.0,4.318,6.780087e-07,0.6780087,0.3686274509803922,4.007,2.309565e-05,23.09565,0.0,4.164,2.335787e-06,2.335787,0.0,4.23,1.062145e-05,10.62145,0.0,3.977,1.330628e-06,1.330628,0.0,4.329,5.729064e-06,5.729064,0.0,3.995,3.357196e-07,0.3357196,0.0,4.294,1.089123e-06,1.089123
860,860,7.61350542e-05,76.1350542,0,1,86.11764705882354,,False,,0.0,4.318,3.250654e-07,0.3250653999999999,0.0,4.261,4.477161e-07,0.4477160999999999,0.7176470588235294,3.795,3.165301e-05,31.65301,0.0,4.23,3.144737e-07,0.3144737,0.0,3.977,1.764939e-05,17.64939,0.0,4.329,1.69387e-06,1.69387,0.0,3.995,2.264026e-05,22.64026,0.0,4.294,1.411269e-06,1.411269
861,861,8.34848204e-05,83.4848204,0,1,86.11764705882354,,False,,0.0,4.318,9.759777e-07,0.9759777,0.7176470588235294,3.905,4.313172e-05,43.13172,0.0,4.164,2.623363e-06,2.6233630000000003,0.0,4.23,2.091928e-05,20.91928,0.0,3.977,1.651189e-06,1.651189,0.0,4.329,1.268318e-05,12.68318,0.0,3.995,3.822977e-07,0.3822977,0.0,4.294,1.117813e-06,1.1178130000000002
862,862,5.47731835e-06,5.477318350000001,0,1,5.176470588235284,,False,,0.0,4.318,1.847717e-07,0.1847717,0.0,4.261,1.317742e-07,0.1317742,0.0431372549019607,4.086,1.389782e-07,0.1389782,0.0,4.23,8.965775e-08,0.08965775,0.0,3.977,9.785205e-07,0.9785205,0.0,4.329,1.813291e-06,1.813291,0.0,3.995,1.048594e-06,1.048594,0.0,4.294,1.091731e-06,1.091731
863,863,5.74862759e-06,5.74862759,0,1,5.176470588235284,,False,,0.0,4.318,1.537115e-07,0.1537115,0.0431372549019607,4.261,9.378079e-08,0.09378079,0.0,4.164,1.327184e-06,1.327184,0.0,4.23,2.621726e-07,0.2621726,0.0,3.977,8.929384e-07,0.8929384,0.0,4.329,1.728721e-06,1.728721,0.0,3.995,2.709773e-07,0.2709773,0.0,4.294,1.019142e-06,1.019142
864,864,8.5377373e-05,85.377373,0,1,74.82352941176468,,False,,0.0,4.318,2.681914e-07,0.2681914,0.0,4.261,1.989575e-07,0.1989575,0.0,4.164,3.321873e-05,33.21873,0.0,4.23,1.821973e-07,0.1821973,0.6235294117647057,3.614,2.572937e-05,25.72937,0.0,4.329,4.752477e-06,4.752477,0.0,3.995,2.027645e-05,20.27645,0.0,4.294,7.509998e-07,0.7509998
865,865,7.07541228e-05,70.7541228,0,1,74.82352941176468,,False,,0.0,4.318,2.799283e-07,0.2799283,0.0,4.261,4.137609e-05,41.37609,0.0,4.164,2.074436e-06,2.074436,0.6235294117647057,3.894,1.615588e-05,16.15588,0.0,3.977,1.5004e-06,1.5004000000000002,0.0,4.329,7.942461e-06,7.942461000000001,0.0,3.995,2.878845e-07,0.2878845,0.0,4.294,1.137043e-06,1.137043
866,866,0.0001114548614,111.4548614,0,1,99.2941176470588,,False,,0.0,4.318,2.899528e-07,0.2899528,0.0,4.261,2.109734e-07,0.2109733999999999,0.0,4.164,4.536973e-05,45.36973,0.0,4.23,3.238935e-07,0.3238935,0.8274509803921568,3.55,3.368468e-05,33.68468,0.0,4.329,5.17684e-06,5.17684,0.0,3.995,2.570217e-05,25.70217,0.0,4.294,6.966217e-07,0.6966217
867,867,9.27740408e-05,92.7740408,0,1,99.2941176470588,,False,,0.0,4.318,2.923724e-07,0.2923724,0.0,4.261,5.375379e-05,53.75379,0.0,4.164,2.150686e-06,2.150686,0.8274509803921568,3.838,2.161832e-05,21.61832,0.0,3.977,1.585495e-06,1.585495,0.0,4.329,1.188638e-05,11.88638,0.0,3.995,3.270824e-07,0.3270824,0.0,4.294,1.159915e-06,1.159915
868,868,2.3967332460000003e-05,23.96733246,0,1,19.294117647058822,,False,,0.0,4.318,2.03199e-07,0.203199,0.0,4.261,1.497948e-07,0.1497947999999999,0.0,4.164,6.324514e-06,6.324514,0.0,4.23,1.581866e-08,0.01581866,0.1607843137254902,3.806,6.79486e-06,6.79486,0.0,4.329,3.191356e-06,3.1913560000000003,0.0,3.995,6.369511e-06,6.369511,0.0,4.294,9.18279e-07,0.918279
869,869,1.96655558e-05,19.6655558,0,1,19.294117647058822,,False,,0.0,4.318,2.278579e-07,0.2278579,0.0,4.261,1.111427e-05,11.11427,0.0,4.164,1.741884e-06,1.741884,0.1607843137254902,4.068,3.547819e-06,3.547819,0.0,3.977,1.190669e-06,1.190669,0.0,4.329,5.334992e-07,0.5334992000000001,0.0,3.995,2.282807e-07,0.2282807,0.0,4.294,1.081276e-06,1.081276
21,870,2.178388466e-05,21.78388466,0,1,17.882352941176464,,False,explicit_power_anomaly_remeasure,0.0,4.318,2.013741e-07,0.2013741,0.0,4.261,1.473034e-07,0.1473034,0.0,4.164,5.448617e-06,5.448617,0.0,4.23,1.989916e-08,0.01989916,0.1490196078431372,3.816,6.108896e-06,6.108896,0.0,4.329,3.125786e-06,3.125786,0.0,3.995,5.800508e-06,5.800508,0.0,4.294,9.31501e-07,0.931501
871,871,1.85097759e-05,18.5097759,0,1,17.882352941176464,,False,,0.0,4.318,2.25248e-07,0.225248,0.0,4.261,1.038333e-05,10.38333,0.0,4.164,1.723253e-06,1.723253,0.1490196078431372,4.074,3.265928e-06,3.265928,0.0,3.977,1.177194e-06,1.177194,0.0,4.329,4.310756e-07,0.4310756,0.0,3.995,2.275813e-07,0.2275813,0.0,4.294,1.076166e-06,1.0761660000000002
872,872,6.59371166e-05,65.9371166,0,1,74.82352941176468,,False,,0.0,4.318,3.114937e-07,0.3114937,0.0,4.261,4.1339e-07,0.41339,0.6235294117647057,3.822,2.681713e-05,26.81713,0.0,4.23,2.429759e-07,0.2429759,0.0,3.977,1.529555e-05,15.29555,0.0,4.329,1.732558e-06,1.732558,0.0,3.995,1.973408e-05,19.73408,0.0,4.294,1.389939e-06,1.389939
873,873,7.33217572e-05,73.32175720000001,0,1,74.82352941176468,,False,,0.0,4.318,9.056929e-07,0.9056929,0.6235294117647057,3.93,3.780298e-05,37.802980000000005,0.0,4.164,2.566324e-06,2.5663240000000003,0.0,4.23,1.819959e-05,18.19959,0.0,3.977,1.576914e-06,1.576914,0.0,4.329,1.077291e-05,10.77291,0.0,3.995,3.749263e-07,0.3749263,0.0,4.294,1.12242e-06,1.12242
874,874,8.70752362e-05,87.0752362,0,1,99.2941176470588,,False,,0.0,4.318,3.379236e-07,0.3379236,0.0,4.261,4.90855e-07,0.4908549999999999,0.8274509803921568,3.767,3.68494e-05,36.8494,0.0,4.23,3.940746e-07,0.3940746,0.0,3.977,2.015651e-05,20.15651,0.0,4.329,1.652999e-06,1.652999,0.0,3.995,2.575334e-05,25.75334,0.0,4.294,1.440134e-06,1.440134
875,875,9.68644281e-05,96.8644281,0,1,99.2941176470588,,False,,0.0,4.318,1.074028e-06,1.074028,0.8274509803921568,3.874,4.9942e-05,49.942,0.0,4.164,2.691238e-06,2.691238,0.0,4.23,2.461566e-05,24.61566,0.0,3.977,1.779661e-06,1.7796610000000002,0.0,4.329,1.522826e-05,15.22826,0.0,3.995,4.000771e-07,0.4000770999999999,0.0,4.294,1.133504e-06,1.1335039999999998
876,876,0.0001165922399,116.5922399,0,1,104.4705882352941,,False,,0.0,4.318,2.950745e-07,0.2950745,0.0,4.261,2.134215e-07,0.2134215,0.0,4.164,4.777305e-05,47.773050000000005,0.0,4.23,3.528768e-07,0.3528768,0.8705882352941176,3.538,3.524167e-05,35.241670000000006,0.0,4.329,5.257382e-06,5.257382,0.0,3.995,2.677188e-05,26.77188,0.0,4.294,6.868851e-07,0.6868851
877,877,9.73910006e-05,97.3910006,0,1,104.4705882352941,,False,,0.0,4.318,2.945488e-07,0.2945488,0.0,4.261,5.634712e-05,56.34712,0.0,4.164,2.162824e-06,2.162824,0.8705882352941176,3.827,2.276805e-05,22.76805,0.0,3.977,1.605845e-06,1.605845,0.0,4.329,1.27085e-05,12.7085,0.0,3.995,3.373828e-07,0.3373828,0.0,4.294,1.16673e-06,1.16673
878,878,0.0001123902335,112.3902335,0,1,100.23529411764706,,False,,0.0,4.318,2.930697e-07,0.2930697,0.0,4.261,2.109595e-07,0.2109595,0.0,4.164,4.576218e-05,45.76218,0.0,4.23,3.282438e-07,0.3282438,0.8352941176470589,3.548,3.400351e-05,34.00351,0.0,4.329,5.20032e-06,5.20032,0.0,3.995,2.588941e-05,25.88941,0.0,4.294,7.025405e-07,0.7025405
879,879,9.32775298e-05,93.2775298,0,1,100.23529411764706,,False,,0.0,4.318,2.972692e-07,0.2972692,0.0,4.261,5.401385e-05,54.01385,0.0,4.164,2.152836e-06,2.152836,0.8352941176470589,3.837,2.17494e-05,21.7494,0.0,3.977,1.593534e-06,1.593534,0.0,4.329,1.198769e-05,11.98769,0.0,3.995,3.275066e-07,0.3275066,0.0,4.294,1.155444e-06,1.155444
880,880,5.75239918e-06,5.75239918,0,1,3.764705882352936,,False,,0.0,4.318,1.543226e-07,0.1543226,0.0,4.261,9.467558e-08,0.09467558,0.0,4.164,1.293533e-06,1.293533,0.0,4.23,2.607848e-07,0.2607848,0.0313725490196078,3.976,8.963643e-07,0.8963643,0.0,4.329,1.746867e-06,1.7468670000000002,0.0,3.995,2.832369e-07,0.2832369,0.0,4.294,1.022615e-06,1.022615
881,881,5.7819102e-06,5.7819102,0,1,3.764705882352936,,False,,0.0,4.318,1.553025e-07,0.1553025,0.0,4.261,9.47669e-08,0.0947669,0.0,4.164,1.331149e-06,1.331149,0.0313725490196078,4.23,2.602552e-07,0.2602551999999999,0.0,3.977,8.980755e-07,0.8980755,0.0,4.329,1.738975e-06,1.738975,0.0,3.995,2.701541e-07,0.2701541,0.0,4.294,1.033232e-06,1.033232
882,882,1.601603633e-05,16.01603633,0,1,19.294117647058822,,False,,0.0,4.318,2.249212e-07,0.2249212,0.0,4.261,2.030219e-07,0.2030219,0.1607843137254902,3.999,4.136538e-06,4.136538,0.0,4.23,1.781523e-08,0.01781523,0.0,3.977,3.582081e-06,3.582081,0.0,4.329,1.852042e-06,1.852042,0.0,3.995,4.802113e-06,4.802113,0.0,4.294,1.197504e-06,1.197504
883,883,1.96414152e-05,19.6414152,0,1,19.294117647058822,,False,,0.0,4.318,4.312873e-07,0.4312873,0.1607843137254902,4.101,9.200579e-06,9.200579,0.0,4.164,2.00537e-06,2.00537,0.0,4.23,3.79857e-06,3.79857,0.0,3.977,1.095371e-06,1.095371,0.0,4.329,1.731631e-06,1.731631,0.0,3.995,3.027689e-07,0.3027689,0.0,4.294,1.075838e-06,1.0758379999999998
884,884,0.0001239580698,123.9580698,0,1,111.05882352941175,,False,,0.0,4.318,3.033633e-07,0.3033633,0.0,4.261,2.143557e-07,0.2143556999999999,0.0,4.164,5.127157e-05,51.27157,0.0,4.23,3.97511e-07,0.397511,0.9254901960784314,3.521,3.747036e-05,37.47036,0.0,4.329,5.36618e-06,5.36618,0.0,3.995,2.826067e-05,28.26067,0.0,4.294,6.740598e-07,0.6740598
885,885,0.0001034134394,103.4134394,0,1,111.05882352941175,,False,,0.0,4.318,2.952022e-07,0.2952021999999999,0.0,4.261,5.966563e-05,59.66563,0.0,4.164,2.174347e-06,2.174347,0.9254901960784314,3.813,2.427589e-05,24.27589,0.0,3.977,1.627309e-06,1.627309,0.0,4.329,1.385348e-05,13.85348,0.0,3.995,3.484552e-07,0.3484551999999999,0.0,4.294,1.173126e-06,1.173126
886,886,1.5814904130000002e-05,15.814904130000002,0,1,17.882352941176464,,False,,0.0,4.318,2.239677e-07,0.2239677,0.0,4.261,2.039393e-07,0.2039393,0.1490196078431372,4.0,4.077592e-06,4.077592,0.0,4.23,1.699113e-08,0.01699113,0.0,3.977,3.505395e-06,3.505395,0.0,4.329,1.864687e-06,1.864687,0.0,3.995,4.740208e-06,4.740208,0.0,4.294,1.182124e-06,1.182124
887,887,1.8435313e-05,18.435313,0,1,17.882352941176464,,False,,0.0,4.318,4.215076e-07,0.4215076,0.1490196078431372,4.107,8.52786e-06,8.52786,0.0,4.164,1.988717e-06,1.988717,0.0,4.23,3.473556e-06,3.4735560000000003,0.0,3.977,1.080757e-06,1.080757,0.0,4.329,1.573215e-06,1.573215,0.0,3.995,3.006744e-07,0.3006743999999999,0.0,4.294,1.069026e-06,1.069026
888,888,9.12301784e-05,91.2301784,0,1,104.4705882352941,,False,,0.0,4.318,3.439544e-07,0.3439544,0.0,4.261,5.046717e-07,0.5046717,0.8705882352941176,3.757,3.885688e-05,38.85688,0.0,4.23,4.284043e-07,0.4284042999999999,0.0,3.977,2.104921e-05,21.04921,0.0,4.329,1.631841e-06,1.631841,0.0,3.995,2.695858e-05,26.95858,0.0,4.294,1.456637e-06,1.456637
889,889,0.0001010883698,101.08836979999998,0,1,104.4705882352941,,False,,0.0,4.318,1.112247e-06,1.112247,0.8705882352941176,3.864,5.207419e-05,52.07419,0.0,4.164,2.717518e-06,2.717518,0.0,4.23,2.574424e-05,25.74424,0.0,3.977,1.820792e-06,1.820792,0.0,4.329,1.60696e-05,16.069599999999998,0.0,3.995,4.078008e-07,0.4078007999999999,0.0,4.294,1.141982e-06,1.141982
890,890,7.5098582e-05,75.098582,0,2,65.41176470588236,,False,,0.0,4.318,2.618351e-07,0.2618351,0.0,4.261,1.933085e-07,0.1933085,0.0,4.164,2.849085e-05,28.49085,0.0,4.23,1.326007e-07,0.1326007,0.5450980392156863,3.641,2.257063e-05,22.57063,0.0,4.329,4.573462e-06,4.573462,0.0,3.995,1.809086e-05,18.09086,0.0,4.294,7.850357e-07,0.7850357
891,891,6.134970859999999e-05,61.3497086,0,1,65.41176470588236,,False,,0.0,4.318,2.75717e-07,0.275717,0.0,4.261,3.604318e-05,36.04318,0.0,4.164,2.039092e-06,2.039092,0.5450980392156863,3.92,1.379702e-05,13.79702,0.0,3.977,1.464869e-06,1.464869,0.0,4.329,6.326487e-06,6.326487,0.0,3.995,2.729436e-07,0.2729436,0.0,4.294,1.1304e-06,1.1304
892,892,8.688789490000001e-05,86.88789489999999,0,1,76.70588235294117,,False,,0.0,4.318,2.702067e-07,0.2702066999999999,0.0,4.261,2.013132e-07,0.2013132,0.0,4.164,3.395972e-05,33.959720000000004,0.0,4.23,1.848216e-07,0.1848216,0.6392156862745098,3.61,2.608713e-05,26.08713,0.0,4.329,4.796785e-06,4.796785,0.0,3.995,2.063895e-05,20.63895,0.0,4.294,7.489684e-07,0.7489684
893,893,7.21027305e-05,72.10273049999999,0,1,76.70588235294117,,False,,0.0,4.318,2.847108e-07,0.2847108,0.0,4.261,4.219353e-05,42.19353,0.0,4.164,2.086109e-06,2.086109,0.6392156862745098,3.891,1.646504e-05,16.46504,0.0,3.977,1.51577e-06,1.51577,0.0,4.329,8.117431e-06,8.117431,0.0,3.995,2.926547e-07,0.2926547,0.0,4.294,1.147485e-06,1.147485
894,894,8.77095938e-05,87.70959380000001,0,1,100.23529411764706,,False,,0.0,4.318,3.417798e-07,0.3417798,0.0,4.261,4.903181e-07,0.4903181,0.8352941176470589,3.766,3.708945e-05,37.08945,0.0,4.23,4.008509e-07,0.4008508999999999,0.0,3.977,2.034203e-05,20.34203,0.0,4.329,1.656133e-06,1.656133,0.0,3.995,2.592831e-05,25.92831,0.0,4.294,1.460722e-06,1.460722
895,895,9.72356948e-05,97.2356948,0,1,100.23529411764706,,False,,0.0,4.318,1.069945e-06,1.069945,0.8352941176470589,3.874,5.022924e-05,50.22924,0.0,4.164,2.687044e-06,2.687044,0.0,4.23,2.46741e-05,24.674100000000003,0.0,3.977,1.783251e-06,1.783251,0.0,4.329,1.523127e-05,15.23127,0.0,3.995,4.074738e-07,0.4074738,0.0,4.294,1.153371e-06,1.153371
896,896,5.05937074e-06,5.059370739999999,0,1,3.764705882352936,,False,,0.0,4.318,1.836754e-07,0.1836754,0.0,4.261,1.265289e-07,0.1265289,0.0313725490196078,4.095,3.932774e-08,0.03932774,0.0,4.23,1.045067e-07,0.1045067,0.0,3.977,8.679945e-07,0.8679945,0.0,4.329,1.810162e-06,1.810162,0.0,3.995,8.364865e-07,0.8364865,0.0,4.294,1.090689e-06,1.0906889999999998
897,897,5.784122399999999e-06,5.7841224,0,1,3.764705882352936,,False,,0.0,4.318,1.54955e-07,0.154955,0.0313725490196078,4.261,9.43241e-08,0.0943241,0.0,4.164,1.332786e-06,1.332786,0.0,4.23,2.627827e-07,0.2627827,0.0,3.977,9.027908e-07,0.9027908,0.0,4.329,1.745483e-06,1.745483,0.0,3.995,2.695028e-07,0.2695028,0.0,4.294,1.021498e-06,1.021498
898,898,9.69552443e-05,96.9552443,0,1,111.05882352941175,,False,,0.0,4.318,3.529729e-07,0.3529729,0.0,4.261,5.242522e-07,0.5242522000000001,0.9254901960784314,3.743,4.157419e-05,41.57419,0.0,4.23,4.783822e-07,0.4783822,0.0,3.977,2.239866e-05,22.39866,0.0,4.329,1.623884e-06,1.623884,0.0,3.995,2.852792e-05,28.52792,0.0,4.294,1.474983e-06,1.474983
899,899,0.0001074176192999,107.4176193,0,1,111.05882352941175,,False,,0.0,4.318,1.145319e-06,1.145319,0.9254901960784314,3.851,5.548225e-05,55.48225,0.0,4.164,2.739391e-06,2.739391,0.0,4.23,2.737971e-05,27.37971,0.0,3.977,1.869586e-06,1.869586,0.0,4.329,1.723961e-05,17.239610000000003,0.0,3.995,4.139463e-07,0.4139463,0.0,4.294,1.147807e-06,1.147807
900,900,0.0001058796186,105.8796186,0,1,94.11764705882352,,False,,0.0,4.318,2.886896e-07,0.2886896,0.0,4.261,2.089067e-07,0.2089067,0.0,4.164,4.269537e-05,42.69537,0.0,4.23,2.902199e-07,0.2902199,0.784313725490196,3.564,3.197091e-05,31.970910000000003,0.0,4.329,5.111313e-06,5.111313,0.0,3.995,2.459639e-05,24.59639,0.0,4.294,7.178194e-07,0.7178194
901,901,8.8597898e-05,88.597898,0,1,94.11764705882352,,False,,0.0,4.318,2.885944e-07,0.2885944,0.0,4.261,5.148664e-05,51.48664,0.0,4.164,2.138758e-06,2.138758,0.784313725490196,3.849,2.053532e-05,20.53532,0.0,3.977,1.581198e-06,1.581198,0.0,4.329,1.108882e-05,11.08882,0.0,3.995,3.186516e-07,0.3186516,0.0,4.294,1.159916e-06,1.159916
902,902,2.952505308e-05,29.52505308,0,1,23.99999999999999,,False,,0.0,4.318,2.125788e-07,0.2125788,0.0,4.261,1.569815e-07,0.1569815,0.0,4.164,8.558609e-06,8.558608999999999,0.0,4.23,1.201918e-08,0.0120191799999999,0.1999999999999999,3.783,8.518604e-06,8.518604,0.0,4.329,3.415909e-06,3.415909,0.0,3.995,7.749909e-06,7.749909,0.0,4.294,9.004426e-07,0.9004426000000001
903,903,2.34456888e-05,23.4456888,0,1,23.99999999999999,,False,,0.0,4.318,2.376326e-07,0.2376326,0.0,4.261,1.35132e-05,13.5132,0.0,4.164,1.786864e-06,1.786864,0.1999999999999999,4.05,4.462021e-06,4.462021,0.0,3.977,1.232158e-06,1.232158,0.0,4.329,8.970352e-07,0.8970352,0.0,3.995,2.29974e-07,0.2299739999999999,0.0,4.294,1.086804e-06,1.086804
904,904,7.8540573e-05,78.540573,0,1,68.70588235294117,,False,,0.0,4.318,2.660908e-07,0.2660908,0.0,4.261,1.957811e-07,0.1957810999999999,0.0,4.164,3.003272e-05,30.03272,0.0,4.23,1.48063e-07,0.148063,0.5725490196078431,3.632,2.36238e-05,23.6238,0.0,4.329,4.655401e-06,4.655401,0.0,3.995,1.884007e-05,18.84007,0.0,4.294,7.786471e-07,0.7786471
905,905,6.43097072e-05,64.30970719999999,0,1,68.70588235294117,,False,,0.0,4.318,2.839097e-07,0.2839097,0.0,4.261,3.772619e-05,37.72619,0.0,4.164,2.05309e-06,2.05309,0.5725490196078431,3.912,1.454706e-05,14.54706,0.0,3.977,1.481096e-06,1.481096,0.0,4.329,6.787221e-06,6.787221,0.0,3.995,2.807705e-07,0.2807705,0.0,4.294,1.15037e-06,1.15037
906,906,5.74669812e-05,57.4669812,0,1,65.41176470588236,,False,,0.0,4.318,3.016046e-07,0.3016046,0.0,4.261,3.842877e-07,0.3842876999999999,0.5450980392156863,3.846,2.286528e-05,22.86528,0.0,4.23,1.850099e-07,0.1850099,0.0,3.977,1.328701e-05,13.28701,0.0,4.329,1.758291e-06,1.7582909999999998,0.0,3.995,1.732024e-05,17.32024,0.0,4.294,1.365258e-06,1.365258
907,907,6.54033792e-05,65.4033792,0,1,65.41176470588236,,False,,0.0,4.318,8.455893e-07,0.8455893000000001,0.5450980392156863,3.951,3.370406e-05,33.70406,0.0,4.164,2.516014e-06,2.516014,0.0,4.23,1.607377e-05,16.07377,0.0,3.977,1.516491e-06,1.516491,0.0,4.329,9.250583e-06,9.250583,0.0,3.995,3.688579e-07,0.3688578999999999,0.0,4.294,1.128014e-06,1.128014
22,908,6.69072683e-05,66.9072683,0,1,76.70588235294117,,False,explicit_power_anomaly_remeasure,0.0,4.318,3.141882e-07,0.3141882,0.0,4.261,4.192575e-07,0.4192575,0.6392156862745098,3.82,2.721463e-05,27.21463,0.0,4.23,2.484756e-07,0.2484756,0.0,3.977,1.552809e-05,15.52809,0.0,4.329,1.73704e-06,1.73704,0.0,3.995,2.004088e-05,20.04088,0.0,4.294,1.404707e-06,1.404707
909,909,7.40355664e-05,74.0355664,0,1,76.70588235294117,,False,,0.0,4.318,9.121636e-07,0.9121636,0.6392156862745098,3.929,3.822468e-05,38.22468,0.0,4.164,2.573936e-06,2.573936,0.0,4.23,1.83858e-05,18.3858,0.0,3.977,1.594064e-06,1.594064,0.0,4.329,1.083067e-05,10.83067,0.0,3.995,3.787958e-07,0.3787958,0.0,4.294,1.135457e-06,1.1354570000000002
910,910,8.236779540000001e-05,82.3677954,0,1,94.11764705882352,,False,,0.0,4.318,3.364934e-07,0.3364934,0.0,4.261,4.737479e-07,0.4737479,0.784313725490196,3.779,3.451769e-05,34.51769,0.0,4.23,3.607651e-07,0.3607651,0.0,3.977,1.909267e-05,19.09267,0.0,4.329,1.680017e-06,1.680017,0.0,3.995,2.446508e-05,24.46508,0.0,4.294,1.441332e-06,1.4413319999999998
911,911,9.13970752e-05,91.3970752,0,1,94.11764705882352,,False,,0.0,4.318,1.042514e-06,1.042514,0.784313725490196,3.887,4.716593e-05,47.16593,0.0,4.164,2.675985e-06,2.6759850000000003,0.0,4.23,2.307748e-05,23.07748,0.0,3.977,1.741409e-06,1.741409,0.0,4.329,1.416142e-05,14.16142,0.0,3.995,3.963702e-07,0.3963702,0.0,4.294,1.135967e-06,1.135967
912,912,2.136845356e-05,21.36845356,0,1,23.99999999999999,,False,,0.0,4.318,2.397673e-07,0.2397673,0.0,4.261,2.306795e-07,0.2306795,0.1999999999999999,3.972,6.430841e-06,6.430841,0.0,4.23,2.071976e-08,0.02071976,0.0,3.977,4.853456e-06,4.853456,0.0,4.329,1.857721e-06,1.857721,0.0,3.995,6.503689e-06,6.503689,0.0,4.294,1.23158e-06,1.23158
913,913,2.32935517e-05,23.2935517,0,1,23.99999999999999,,False,,0.0,4.318,4.746898e-07,0.4746898,0.1999999999999999,4.085,1.123225e-05,11.23225,0.0,4.164,2.078654e-06,2.078654,0.0,4.23,4.75244e-06,4.75244,0.0,3.977,1.133096e-06,1.133096,0.0,4.329,2.226331e-06,2.226331,0.0,3.995,3.086449e-07,0.3086449,0.0,4.294,1.087446e-06,1.087446
914,914,6.00316581e-05,60.0316581,0,1,68.70588235294117,,False,,0.0,4.318,3.05856e-07,0.305856,0.0,4.261,3.897786e-07,0.3897786,0.5725490196078431,3.839,2.40093e-05,24.0093,0.0,4.23,2.013945e-07,0.2013945,0.0,3.977,1.393568e-05,13.93568,0.0,4.329,1.756663e-06,1.756663,0.0,3.995,1.804609e-05,18.04609,0.0,4.294,1.386896e-06,1.386896
915,915,6.551597929999999e-05,65.5159793,0,1,68.70588235294117,,False,,0.0,4.318,8.373465e-07,0.8373465,0.5725490196078431,3.951,3.381503e-05,33.81503,0.0,4.164,2.518031e-06,2.518031,0.0,4.23,1.607678e-05,16.07678,0.0,3.977,1.517708e-06,1.5177079999999998,0.0,4.329,9.254723e-06,9.254722999999998,0.0,3.995,3.684298e-07,0.3684298,0.0,4.294,1.127931e-06,1.127931
916,916,6.776375460000001e-05,67.7637546,0,1,58.823529411764696,,False,,0.0,4.318,2.5546e-07,0.2554599999999999,0.0,4.261,1.877124e-07,0.1877124,0.0,4.164,2.514588e-05,25.14588,0.0,4.23,1.028199e-07,0.1028198999999999,0.4901960784313725,3.661,2.032177e-05,20.32177,0.0,4.329,4.423163e-06,4.423163,0.0,3.995,1.651559e-05,16.51559,0.0,4.294,8.113593e-07,0.8113593
917,917,5.73540701e-05,57.3540701,0,1,58.823529411764696,,False,,0.0,4.318,2.810952e-07,0.2810952,0.0,4.261,3.372053e-05,33.72053,0.0,4.164,2.024296e-06,2.024296,0.4901960784313725,3.932,1.282519e-05,12.82519,0.0,3.977,1.447085e-06,1.4470850000000002,0.0,4.329,5.636791e-06,5.6367910000000006,0.0,3.995,2.719449e-07,0.2719449,0.0,4.294,1.147138e-06,1.147138
918,918,0.0001025642036,102.5642036,0,1,90.82352941176472,,False,,0.0,4.318,2.873602e-07,0.2873602,0.0,4.261,2.059832e-07,0.2059832,0.0,4.164,4.108743e-05,41.08743,0.0,4.23,2.72251e-07,0.272251,0.7568627450980393,3.572,3.100649e-05,31.006490000000003,0.0,4.329,5.05161e-06,5.05161,0.0,3.995,2.391586e-05,23.91586,0.0,4.294,7.372192e-07,0.7372192
919,919,8.500638269999999e-05,85.0063827,0,2,90.82352941176472,,False,,0.0,4.318,2.960702e-07,0.2960702,0.0,4.261,4.944395e-05,49.44395,0.0,4.164,2.129898e-06,2.1298980000000003,0.7568627450980393,3.858,1.966442e-05,19.66442,0.0,3.977,1.569348e-06,1.569348,0.0,4.329,1.042532e-05,10.42532,0.0,3.995,3.140365e-07,0.3140365,0.0,4.294,1.16334e-06,1.16334
920,920,5.16968633e-05,51.6968633,0,1,58.823529411764696,,False,,0.0,4.318,2.933785e-07,0.2933785,0.0,4.261,3.60398e-07,0.360398,0.4901960784313725,3.863,2.018568e-05,20.18568,0.0,4.23,1.506888e-07,0.1506887999999999,0.0,3.977,1.197368e-05,11.97368,0.0,4.329,1.785312e-06,1.785312,0.0,3.995,1.560152e-05,15.60152,0.0,4.294,1.346206e-06,1.346206
921,921,5.92423594e-05,59.2423594,0,1,58.823529411764696,,False,,0.0,4.318,7.910897e-07,0.7910897,0.4901960784313725,3.967,3.048508e-05,30.48508,0.0,4.164,2.465377e-06,2.465377,0.0,4.23,1.442096e-05,14.42096,0.0,3.977,1.459918e-06,1.459918,0.0,4.329,8.161065e-06,8.161064999999999,0.0,3.995,3.563007e-07,0.3563006999999999,0.0,4.294,1.102569e-06,1.102569
922,922,8.003208059999999e-05,80.0320806,0,1,90.82352941176472,,False,,0.0,4.318,3.305516e-07,0.3305516,0.0,4.261,4.673752e-07,0.4673752,0.7568627450980393,3.785,3.350443e-05,33.50443,0.0,4.23,3.440998e-07,0.3440997999999999,0.0,3.977,1.852874e-05,18.52874,0.0,4.329,1.685406e-06,1.685406,0.0,3.995,2.374693e-05,23.74693,0.0,4.294,1.424548e-06,1.424548
923,923,8.84084498e-05,88.4084498,0,1,90.82352941176472,,False,,0.0,4.318,1.010481e-06,1.010481,0.7568627450980393,3.894,4.570045e-05,45.70045,0.0,4.164,2.652286e-06,2.652286,0.0,4.23,2.225683e-05,22.25683,0.0,3.977,1.709156e-06,1.709156,0.0,4.329,1.355973e-05,13.55973,0.0,3.995,3.913788e-07,0.3913787999999999,0.0,4.294,1.128138e-06,1.128138
