global_target_layer,current_layer,layer_status,skip_reason,layer_iter,loss_before_iter,loss_after_iter,heater_label,heater_role,heater_port,mzi_id,arm_index,voltage_before,voltage_after,gradient,accepted,line_search_trials,lr_used
7,2,optimized,,0,0.04840701187761458,0.04594500314660981,MZI5_arm0,current_layer,11,5,0,4.1,4.118050151888588,-0.1805015188858823,True,1,0.1
7,2,optimized,,0,0.04594500314660981,0.04446838361657389,MZI5_arm1,current_layer,7,5,1,4.812,4.798362034368419,0.13637965631580878,True,1,0.1
7,2,optimized,,0,0.04446838361657389,0.03355855444198131,MZI6_arm0,current_layer,12,6,0,2.478,2.442965168372201,0.35034831627799046,True,1,0.1
7,2,optimized,,0,0.03355855444198131,0.0257792779744186,MZI6_arm1,current_layer,8,6,1,5.486,5.5,-0.6307432709354235,True,1,0.1
7,2,optimized,,0,0.0257792779744186,0.02515028137401051,MZI7_arm0,current_layer,13,7,0,2.653,2.6450511440501585,0.0794885594984139,True,1,0.1
7,2,optimized,,0,0.02515028137401051,0.024575839555882818,MZI7_arm1,current_layer,9,7,1,3.503,3.5115757681648363,-0.085757681648362,True,1,0.1
7,2,optimized,,0,0.024575839555882818,0.024563713223831527,MZI1_arm0,previous_layer_compensation,65,1,0,4.694,4.69325037262855,0.0074962737144946105,True,1,0.1
7,2,optimized,,0,0.024563713223831527,0.02442472742669051,MZI2_arm0,previous_layer_compensation,67,2,0,4.427,4.432402440930285,-0.05402440930285587,True,1,0.1
7,2,optimized,,0,0.02442472742669051,0.02435321478627124,MZI3_arm0,previous_layer_compensation,66,3,0,4.294,4.2931268245418,0.01746350916399522,True,2,0.05
7,2,optimized,,0,0.02435321478627124,0.024324471918897323,MZI4_arm0,previous_layer_compensation,68,4,0,4.309,4.308994708644337,0.00010582711325157288,True,2,0.05
7,2,optimized,,1,0.02453428808407352,0.02453428808407352,MZI6_arm1,current_layer,8,6,1,5.5,5.5,-0.5858485302271262,False,7,0.1
7,2,optimized,,1,0.02453428808407352,0.01939557345762278,MZI6_arm0,current_layer,12,6,0,2.443,2.418876137286899,0.24123862713100772,True,1,0.1
7,2,optimized,,1,0.01939557345762278,0.019245606758737894,MZI5_arm0,current_layer,11,5,0,4.118,4.121236732299601,-0.03236732299601091,True,1,0.1
7,2,optimized,,1,0.019245606758737894,0.01916277210675025,MZI5_arm1,current_layer,7,5,1,4.798,4.794445427643464,0.03554572356535667,True,1,0.1
7,2,optimized,,1,0.01916277210675025,0.018907235421460437,MZI7_arm1,current_layer,9,7,1,3.512,3.5182647462580365,-0.06264746258036402,True,1,0.1
7,2,optimized,,1,0.018907235421460437,0.018902671241201086,MZI7_arm0,current_layer,13,7,0,2.645,2.642167817129796,0.028321828702038986,True,1,0.1
7,2,optimized,,1,0.018902671241201086,0.01867007379307461,MZI2_arm0,previous_layer_compensation,67,2,0,4.432,4.436822616049862,-0.04822616049861586,True,1,0.1
7,2,optimized,,1,0.01867007379307461,0.01863371139167378,MZI3_arm0,previous_layer_compensation,66,3,0,4.293,4.29207476490825,0.009252350917503458,True,1,0.1
7,2,optimized,,1,0.01863371139167378,0.01861872702026262,MZI1_arm0,previous_layer_compensation,65,1,0,4.693,4.692792018852828,0.004159622943446762,True,2,0.05
7,2,optimized,,1,0.01861872702026262,0.01861872702026262,MZI4_arm0,previous_layer_compensation,68,4,0,4.309,4.309,7.579163426316657e-05,False,7,0.1
7,2,optimized,,2,0.018839335669286444,0.01878569184992326,MZI6_arm1,current_layer,8,6,1,5.5,5.5,-0.513847277455155,True,4,0.0125
7,2,optimized,,2,0.01878569184992326,0.015040231459427424,MZI6_arm0,current_layer,12,6,0,2.419,2.3987332342688426,0.20266765731157413,True,1,0.1
7,2,optimized,,2,0.015040231459427424,0.015031397036875593,MZI7_arm1,current_layer,9,7,1,3.518,3.5209679150098516,-0.029679150098516262,True,1,0.1
7,2,optimized,,2,0.015031397036875593,0.01501233391067537,MZI5_arm1,current_layer,7,5,1,4.794,4.793724077963835,0.011036881446605383,True,3,0.025
7,2,optimized,,2,0.01501233391067537,0.014977166541083737,MZI5_arm0,current_layer,11,5,0,4.121,4.121102309952684,-0.004092398107311859,True,3,0.025
7,2,optimized,,2,0.014977166541083737,0.014902946638506435,MZI7_arm0,current_layer,13,7,0,2.642,2.641801775751483,0.015857939881335832,True,4,0.0125
7,2,optimized,,2,0.014902946638506435,0.014902946638506435,MZI2_arm0,previous_layer_compensation,67,2,0,4.437,4.437,-0.04476153140364754,False,7,0.1
7,2,optimized,,2,0.014902946638506435,0.014396801943843336,MZI3_arm0,previous_layer_compensation,66,3,0,4.292,4.291520489128118,0.009590217437646684,True,2,0.05
7,2,optimized,,2,0.014396801943843336,0.014396801943843336,MZI1_arm0,previous_layer_compensation,65,1,0,4.693,4.693,0.003439864028909043,False,7,0.1
7,2,optimized,,2,0.014396801943843336,0.014396801943843336,MZI4_arm0,previous_layer_compensation,68,4,0,4.309,4.309,-0.0027237910765097,False,7,0.1
7,2,optimized,,3,0.015359765170706668,0.015203782199367454,MZI6_arm1,current_layer,8,6,1,5.5,5.5,-0.46007233366537365,True,1,0.1
7,2,optimized,,3,0.015203782199367454,0.012314031431893215,MZI6_arm0,current_layer,12,6,0,2.399,2.3812369744208803,0.17763025579119512,True,1,0.1
7,2,optimized,,3,0.012314031431893215,0.012188643362663835,MZI7_arm1,current_layer,9,7,1,3.521,3.522109438052697,-0.022188761053946952,True,2,0.05
7,2,optimized,,3,0.012188643362663835,0.012188643362663835,MZI7_arm0,current_layer,13,7,0,2.642,2.642,0.017061600635127152,False,7,0.1
7,2,optimized,,3,0.012188643362663835,0.012188643362663835,MZI5_arm1,current_layer,7,5,1,4.794,4.794,0.009088784974584985,False,7,0.1
7,2,optimized,,3,0.012188643362663835,0.012188643362663835,MZI5_arm0,current_layer,11,5,0,4.121,4.121,-0.0022645135884014115,False,7,0.1
7,2,optimized,,3,0.012188643362663835,0.012188643362663835,MZI2_arm0,previous_layer_compensation,67,2,0,4.437,4.437,-0.044942651292969545,False,7,0.1
7,2,optimized,,3,0.012188643362663835,0.012188643362663835,MZI3_arm0,previous_layer_compensation,66,3,0,4.292,4.292,0.006603860750412874,False,7,0.1
7,2,optimized,,3,0.012188643362663835,0.012188643362663835,MZI1_arm0,previous_layer_compensation,65,1,0,4.693,4.693,0.003921926945364302,False,7,0.1
7,2,optimized,,3,0.012188643362663835,0.012188643362663835,MZI4_arm0,previous_layer_compensation,68,4,0,4.309,4.309,0.000690959202587404,False,7,0.1
7,2,optimized,,4,0.01251450756207127,0.012503533568723496,MZI6_arm1,current_layer,8,6,1,5.5,5.5,-0.40825306906953224,True,1,0.1
7,2,optimized,,4,0.012503533568723496,0.010445344295114005,MZI6_arm0,current_layer,12,6,0,2.381,2.3659647743349645,0.15035225665035043,True,1,0.1
7,2,optimized,,4,0.010445344295114005,0.010424164557851544,MZI7_arm1,current_layer,9,7,1,3.522,3.5238561209469776,-0.018561209469780623,True,1,0.1
7,2,optimized,,4,0.010424164557851544,0.010366576056764791,MZI7_arm0,current_layer,13,7,0,2.642,2.6410608665443944,0.009391334556055984,True,1,0.1
7,2,optimized,,4,0.010366576056764791,0.010340583768357196,MZI5_arm1,current_layer,7,5,1,4.794,4.793647960735189,0.007040785296201478,True,2,0.05
7,2,optimized,,4,0.010340583768357196,0.010314253103510982,MZI5_arm0,current_layer,11,5,0,4.121,4.121017668625118,-0.0028269800188742296,True,5,0.00625
7,2,optimized,,4,0.010314253103510982,0.01014543903277897,MZI2_arm0,previous_layer_compensation,67,2,0,4.437,4.441435833045546,-0.04435833045545161,True,1,0.1
7,2,optimized,,4,0.01014543903277897,0.01014543903277897,MZI3_arm0,previous_layer_compensation,66,3,0,4.292,4.292,0.006293850327355071,False,7,0.1
7,2,optimized,,4,0.01014543903277897,0.01014543903277897,MZI1_arm0,previous_layer_compensation,65,1,0,4.693,4.693,0.007678415315000418,False,7,0.1
7,2,optimized,,4,0.01014543903277897,0.01014543903277897,MZI4_arm0,previous_layer_compensation,68,4,0,4.309,4.309,-0.001664095738234352,False,7,0.1
7,2,optimized,,5,0.010323400109800497,0.01026258513523012,MZI6_arm1,current_layer,8,6,1,5.5,5.5,-0.35931716298037114,True,1,0.1
7,2,optimized,,5,0.01026258513523012,0.008706728906511554,MZI6_arm0,current_layer,12,6,0,2.366,2.3529639922632386,0.13036007736761532,True,1,0.1
7,2,optimized,,5,0.008706728906511554,0.008693518133655135,MZI7_arm1,current_layer,9,7,1,3.524,3.524499519360979,-0.004995193609792733,True,1,0.1
7,2,optimized,,5,0.008693518133655135,0.008693518133655135,MZI7_arm0,current_layer,13,7,0,2.641,2.641,0.005190149103019002,False,7,0.1
7,2,optimized,,5,0.008693518133655135,0.008693518133655135,MZI5_arm1,current_layer,7,5,1,4.794,4.794,0.007654127360080712,False,7,0.1
7,2,optimized,,5,0.008693518133655135,0.008693518133655135,MZI5_arm0,current_layer,11,5,0,4.121,4.121,-0.0019900753962811225,False,7,0.1
7,2,optimized,,5,0.008693518133655135,0.008611404104542133,MZI2_arm0,previous_layer_compensation,67,2,0,4.441,4.444958598984989,-0.03958598984989874,True,1,0.1
7,2,optimized,,5,0.008611404104542133,0.008594429977732045,MZI1_arm0,previous_layer_compensation,65,1,0,4.693,4.6928820496832415,0.004718012670311772,True,3,0.025
7,2,optimized,,5,0.008594429977732045,0.008583611117456197,MZI3_arm0,previous_layer_compensation,66,3,0,4.292,4.291538180195018,0.00923639609963676,True,2,0.05
7,2,optimized,,5,0.008583611117456197,0.008446262577796756,MZI4_arm0,previous_layer_compensation,68,4,0,4.309,4.309020874631208,-0.003339940993276719,True,5,0.00625
7,2,optimized,,6,0.008638536909851613,0.008630223713156531,MZI6_arm1,current_layer,8,6,1,5.5,5.5,-0.3248028747384766,True,7,0.0015625
7,2,optimized,,6,0.008630223713156531,0.0073264636610452395,MZI6_arm0,current_layer,12,6,0,2.353,2.3413590614131934,0.11640938586806866,True,1,0.1
7,2,optimized,,6,0.0073264636610452395,0.0073264636610452395,MZI5_arm1,current_layer,7,5,1,4.794,4.794,0.004721097653913811,False,7,0.1
7,2,optimized,,6,0.0073264636610452395,0.0073264636610452395,MZI7_arm0,current_layer,13,7,0,2.641,2.641,0.010041713304858854,False,7,0.1
7,2,optimized,,6,0.0073264636610452395,0.0073264636610452395,MZI7_arm1,current_layer,9,7,1,3.524,3.524,-0.007477117242127853,False,7,0.1
7,2,optimized,,6,0.0073264636610452395,0.0073264636610452395,MZI5_arm0,current_layer,11,5,0,4.121,4.121,0.0009420964553122038,False,7,0.1
7,2,optimized,,6,0.0073264636610452395,0.007282180011487456,MZI2_arm0,previous_layer_compensation,67,2,0,4.445,4.4487512434082,-0.03751243408199316,True,1,0.1
7,2,optimized,,6,0.007282180011487456,0.007281193630350037,MZI3_arm0,previous_layer_compensation,66,3,0,4.292,4.291969390336943,0.004897546089097371,True,5,0.00625
7,2,optimized,,6,0.007281193630350037,0.007267394194961141,MZI1_arm0,previous_layer_compensation,65,1,0,4.693,4.692751771260041,0.004964574799168925,True,2,0.05
7,2,optimized,,6,0.007267394194961141,0.007255229674164283,MZI4_arm0,previous_layer_compensation,68,4,0,4.309,4.309007389763223,-0.0023647242312145366,True,6,0.003125
7,2,optimized,,7,0.007307942724036875,0.007288048988260889,MZI6_arm1,current_layer,8,6,1,5.5,5.5,-0.29340388499783804,True,1,0.1
7,2,optimized,,7,0.007288048988260889,0.00641367512182619,MZI6_arm0,current_layer,12,6,0,2.341,2.3309413123874387,0.10058687612561434,True,1,0.1
7,2,optimized,,7,0.00641367512182619,0.006405088320460194,MZI7_arm0,current_layer,13,7,0,2.641,2.6408173393816825,0.007306424732696816,True,3,0.025
7,2,optimized,,7,0.006405088320460194,0.006338866981334866,MZI7_arm1,current_layer,9,7,1,3.524,3.5243601999534966,-0.0072039990699351575,True,2,0.05
7,2,optimized,,7,0.006338866981334866,0.006338866981334866,MZI5_arm1,current_layer,7,5,1,4.794,4.794,0.0033881349124152767,False,7,0.1
7,2,optimized,,7,0.006338866981334866,0.006338866981334866,MZI5_arm0,current_layer,11,5,0,4.121,4.121,0.0029568859985026528,False,7,0.1
7,2,optimized,,7,0.006338866981334866,0.006278824245835608,MZI2_arm0,previous_layer_compensation,67,2,0,4.449,4.45234643438596,-0.033464343859599,True,1,0.1
7,2,optimized,,7,0.006278824245835608,0.006278824245835608,MZI1_arm0,previous_layer_compensation,65,1,0,4.693,4.693,0.004849454015663362,False,7,0.1
7,2,optimized,,7,0.006278824245835608,0.006278824245835608,MZI3_arm0,previous_layer_compensation,66,3,0,4.292,4.292,0.005796002556022891,False,7,0.1
7,2,optimized,,7,0.006278824245835608,0.006278824245835608,MZI4_arm0,previous_layer_compensation,68,4,0,4.309,4.309,-0.002842024973841429,False,7,0.1
7,2,optimized,,8,0.0063609562159672025,0.006325010536940165,MZI6_arm1,current_layer,8,6,1,5.5,5.5,-0.25960268873825953,True,2,0.05
7,2,optimized,,8,0.006325010536940165,0.005596553600093968,MZI6_arm0,current_layer,12,6,0,2.331,2.322091714417668,0.08908285582331714,True,1,0.1
7,2,optimized,,8,0.005596553600093968,0.005522360520578064,MZI7_arm0,current_layer,13,7,0,2.641,2.6406055411341973,0.00788917731605277,True,2,0.05
7,2,optimized,,8,0.005522360520578064,0.005522360520578064,MZI7_arm1,current_layer,9,7,1,3.524,3.524,-0.006642389990536709,False,7,0.1
7,2,optimized,,8,0.005522360520578064,0.005522360520578064,MZI5_arm1,current_layer,7,5,1,4.794,4.794,0.002836224439964141,False,7,0.1
7,2,optimized,,8,0.005522360520578064,0.005522360520578064,MZI5_arm0,current_layer,11,5,0,4.121,4.121,0.0019386200728917986,False,7,0.1
7,2,optimized,,8,0.005522360520578064,0.005522360520578064,MZI2_arm0,previous_layer_compensation,67,2,0,4.452,4.452,-0.030769763862243147,False,7,0.1
7,2,optimized,,8,0.005522360520578064,0.005522360520578064,MZI3_arm0,previous_layer_compensation,66,3,0,4.292,4.292,0.0030844599304729256,False,7,0.1
7,2,optimized,,8,0.005522360520578064,0.005522360520578064,MZI1_arm0,previous_layer_compensation,65,1,0,4.693,4.693,0.00419681971422048,False,7,0.1
7,2,optimized,,8,0.005522360520578064,0.005522360520578064,MZI4_arm0,previous_layer_compensation,68,4,0,4.309,4.309,-0.001468665686801914,False,7,0.1
7,2,optimized,,9,0.005635261483344974,0.005625600493778084,MZI6_arm1,current_layer,8,6,1,5.5,5.5,-0.23726452700835718,True,4,0.0125
7,2,optimized,,9,0.005625600493778084,0.005048286186141398,MZI6_arm0,current_layer,12,6,0,2.322,2.3141632617701946,0.07836738229805265,True,1,0.1
7,2,optimized,,9,0.005048286186141398,0.005048286186141398,MZI7_arm0,current_layer,13,7,0,2.641,2.641,0.010032879354329132,False,7,0.1
7,2,optimized,,9,0.005048286186141398,0.005044584575170523,MZI7_arm1,current_layer,9,7,1,3.524,3.5243629350842274,-0.007258701684543063,True,2,0.05
7,2,optimized,,9,0.005044584575170523,0.00502113061723166,MZI5_arm1,current_layer,7,5,1,4.794,4.793775560770145,0.0022443922985475448,True,1,0.1
7,2,optimized,,9,0.00502113061723166,0.00502113061723166,MZI5_arm0,current_layer,11,5,0,4.121,4.121,0.002949343358349245,False,7,0.1
7,2,optimized,,9,0.00502113061723166,0.00498246989828867,MZI2_arm0,previous_layer_compensation,67,2,0,4.452,4.455056660785964,-0.03056660785964074,True,1,0.1
7,2,optimized,,9,0.00498246989828867,0.004978165241832611,MZI1_arm0,previous_layer_compensation,65,1,0,4.693,4.6925006168918415,0.0049938310815803655,True,1,0.1
7,2,optimized,,9,0.004978165241832611,0.0049653716367449975,MZI3_arm0,previous_layer_compensation,66,3,0,4.292,4.291784267055569,0.0043146588886208495,True,2,0.05
7,2,optimized,,9,0.0049653716367449975,0.004948450357410916,MZI4_arm0,previous_layer_compensation,68,4,0,4.309,4.309114534220902,-0.0011453422090194015,True,1,0.1
7,2,optimized,,10,0.005011022899548497,0.004979329811198896,MZI6_arm1,current_layer,8,6,1,5.5,5.5,-0.21850351999306772,True,1,0.1
7,2,optimized,,10,0.004979329811198896,0.004596945314994105,MZI6_arm0,current_layer,12,6,0,2.314,2.3072072330279956,0.06792766972004373,True,1,0.1
7,2,optimized,,10,0.004596945314994105,0.004558448435084466,MZI7_arm0,current_layer,13,7,0,2.641,2.6403942301519727,0.006057698480272945,True,1,0.1
7,2,optimized,,10,0.004558448435084466,0.004513800541104711,MZI7_arm1,current_layer,9,7,1,3.524,3.52433536094657,-0.0033536094656998164,True,1,0.1
7,2,optimized,,10,0.004513800541104711,0.004513800541104711,MZI5_arm0,current_layer,11,5,0,4.121,4.121,0.0018136274020813998,False,7,0.1
7,2,optimized,,10,0.004513800541104711,0.004513800541104711,MZI5_arm1,current_layer,7,5,1,4.794,4.794,0.003417626788317917,False,7,0.1
7,2,optimized,,10,0.004513800541104711,0.004444706397198613,MZI2_arm0,previous_layer_compensation,67,2,0,4.455,4.457977701268093,-0.029777012680932715,True,1,0.1
7,2,optimized,,10,0.004444706397198613,0.004409904625797927,MZI1_arm0,previous_layer_compensation,65,1,0,4.693,4.6927782876346935,0.004434247306117164,True,2,0.05
7,2,optimized,,10,0.004409904625797927,0.004403067801447639,MZI3_arm0,previous_layer_compensation,66,3,0,4.292,4.291759359181236,0.004812816375285273,True,2,0.05
7,2,optimized,,10,0.004403067801447639,0.004403067801447639,MZI4_arm0,previous_layer_compensation,68,4,0,4.309,4.309,-0.0018787371080098618,False,7,0.1
7,2,optimized,,11,0.0044693756527331065,0.0044693756527331065,MZI6_arm1,current_layer,8,6,1,5.5,5.5,8.418018370653726,False,7,0.1
7,2,optimized,,11,0.0044693756527331065,0.004147169708789272,MZI6_arm0,current_layer,12,6,0,2.307,2.3007594824790165,0.06240517520983524,True,1,0.1
7,2,optimized,,11,0.004147169708789272,0.004127835244621798,MZI7_arm0,current_layer,13,7,0,2.64,2.6394541159075633,0.005458840924368072,True,1,0.1
7,2,optimized,,11,0.004127835244621798,0.004127835244621798,MZI5_arm1,current_layer,7,5,1,4.794,4.794,-3.872589435165073e-05,False,7,0.1
7,2,optimized,,11,0.004127835244621798,0.0041134843823016866,MZI7_arm1,current_layer,9,7,1,3.524,3.5241957569341986,-0.0019575693419857515,True,1,0.1
7,2,optimized,,11,0.0041134843823016866,0.004108314268338971,MZI5_arm0,current_layer,11,5,0,4.121,4.120968114245735,0.0025508603412245884,True,4,0.0125
7,2,optimized,,11,0.004108314268338971,0.004072854582921328,MZI2_arm0,previous_layer_compensation,67,2,0,4.458,4.460812314125998,-0.028123141259981117,True,1,0.1
7,2,optimized,,11,0.004072854582921328,0.0040636569093265166,MZI3_arm0,previous_layer_compensation,66,3,0,4.292,4.2919476044208755,0.0041916463299568356,True,4,0.0125
7,2,optimized,,11,0.0040636569093265166,0.0040615905901316895,MZI1_arm0,previous_layer_compensation,65,1,0,4.693,4.6927670993140245,0.004658013719509509,True,2,0.05
7,2,optimized,,11,0.0040615905901316895,0.0040615905901316895,MZI4_arm0,previous_layer_compensation,68,4,0,4.309,4.309,-0.003606989426096586,False,7,0.1
7,2,optimized,,12,0.004059886084323736,0.004059886084323736,MZI6_arm1,current_layer,8,6,1,5.5,5.5,-0.18300111298456753,False,7,0.1
7,2,optimized,,12,0.004059886084323736,0.003806904753367999,MZI6_arm0,current_layer,12,6,0,2.301,2.295680668658209,0.053193313417910774,True,1,0.1
7,2,optimized,,12,0.003806904753367999,0.003806904753367999,MZI7_arm0,current_layer,13,7,0,2.639,2.639,0.0025979996889889385,False,7,0.1
7,2,optimized,,12,0.003806904753367999,0.003797860325013743,MZI5_arm0,current_layer,11,5,0,4.121,4.120945752786651,0.004339777067953558,True,4,0.0125
7,2,optimized,,12,0.003797860325013743,0.003797860325013743,MZI7_arm1,current_layer,9,7,1,3.524,3.524,-0.00045611010779562623,False,7,0.1
7,2,optimized,,12,0.003797860325013743,0.003797860325013743,MZI5_arm1,current_layer,7,5,1,4.794,4.794,0.000460380943892695,False,7,0.1
7,2,optimized,,12,0.003797860325013743,0.003758831410247297,MZI2_arm0,previous_layer_compensation,67,2,0,4.461,4.463519489274712,-0.02519489274711556,True,1,0.1
7,2,optimized,,12,0.003758831410247297,0.003758831410247297,MZI1_arm0,previous_layer_compensation,65,1,0,4.693,4.693,0.004853975613544956,False,7,0.1
7,2,optimized,,12,0.003758831410247297,0.0037583990933412444,MZI3_arm0,previous_layer_compensation,66,3,0,4.292,4.29196161000701,0.0030711994391968726,True,4,0.0125
7,2,optimized,,12,0.0037583990933412444,0.003749747272999749,MZI4_arm0,previous_layer_compensation,68,4,0,4.309,4.30901142859174,-0.0018285746782762042,True,5,0.00625
7,2,optimized,,13,0.003788277343238366,0.00374737355852629,MZI6_arm1,current_layer,8,6,1,5.5,5.5,-0.17221522774187467,True,1,0.1
7,2,optimized,,13,0.00374737355852629,0.0035501566301765594,MZI6_arm0,current_layer,12,6,0,2.296,2.2912603802290272,0.04739619770972613,True,1,0.1
7,2,optimized,,13,0.0035501566301765594,0.0035279452341751786,MZI5_arm0,current_layer,11,5,0,4.121,4.120744401927053,0.005111961458954536,True,2,0.05
7,2,optimized,,13,0.0035279452341751786,0.0035279452341751786,MZI7_arm0,current_layer,13,7,0,2.639,2.639,0.002880227912900436,False,7,0.1
7,2,optimized,,13,0.0035279452341751786,0.0035224392120410146,MZI5_arm1,current_layer,7,5,1,4.794,4.794059823728126,-0.0011964745625251626,True,2,0.05
7,2,optimized,,13,0.0035224392120410146,0.003516941075688128,MZI7_arm1,current_layer,9,7,1,3.524,3.5240093642841366,-0.0029965709237206118,True,6,0.003125
7,2,optimized,,13,0.003516941075688128,0.003516941075688128,MZI2_arm0,previous_layer_compensation,67,2,0,4.464,4.464,-0.02244630121546081,False,7,0.1
7,2,optimized,,13,0.003516941075688128,0.003516941075688128,MZI1_arm0,previous_layer_compensation,65,1,0,4.693,4.693,0.007174533566745013,False,7,0.1
7,2,optimized,,13,0.003516941075688128,0.003516941075688128,MZI3_arm0,previous_layer_compensation,66,3,0,4.292,4.292,0.002422431727886547,False,7,0.1
7,2,optimized,,13,0.003516941075688128,0.003516941075688128,MZI4_arm0,previous_layer_compensation,68,4,0,4.309,4.309,-0.002277438239282485,False,7,0.1
7,2,optimized,,14,0.003570898714672204,0.003558414294600534,MZI6_arm1,current_layer,8,6,1,5.5,5.5,-0.15687032427252692,True,4,0.0125
7,2,optimized,,14,0.003558414294600534,0.0033951710171762095,MZI6_arm0,current_layer,12,6,0,2.291,2.286584166072831,0.04415833927168966,True,1,0.1
7,2,optimized,,14,0.0033951710171762095,0.0033788052894440914,MZI5_arm0,current_layer,11,5,0,4.121,4.120438339744027,0.005616602559737293,True,1,0.1
7,2,optimized,,14,0.0033788052894440914,0.0033675302927428184,MZI7_arm1,current_layer,9,7,1,3.524,3.5240050042571185,-0.00020017028474045797,True,3,0.025
7,2,optimized,,14,0.0033675302927428184,0.0033607294854299118,MZI7_arm0,current_layer,13,7,0,2.639,2.6388313641740395,0.0033727165192038834,True,2,0.05
7,2,optimized,,14,0.0033607294854299118,0.0033607294854299118,MZI5_arm1,current_layer,7,5,1,4.794,4.794,0.0013507980378827296,False,7,0.1
7,2,optimized,,14,0.0033607294854299118,0.0033607294854299118,MZI2_arm0,previous_layer_compensation,67,2,0,4.464,4.464,-0.02412975329335074,False,7,0.1
7,2,optimized,,14,0.0033607294854299118,0.0033607294854299118,MZI1_arm0,previous_layer_compensation,65,1,0,4.693,4.693,0.0059621381161336666,False,7,0.1
7,2,optimized,,14,0.0033607294854299118,0.0033607294854299118,MZI3_arm0,previous_layer_compensation,66,3,0,4.292,4.292,0.0034332107865781476,False,7,0.1
7,2,optimized,,14,0.0033607294854299118,0.003349797841142363,MZI4_arm0,previous_layer_compensation,68,4,0,4.309,4.309090307301311,-0.0018061460262227035,True,2,0.05
7,2,optimized,,15,0.003406040865343187,0.003337321124162887,MZI6_arm1,current_layer,8,6,1,5.5,5.5,-0.1467146296595138,True,3,0.025
7,2,optimized,,15,0.003337321124162887,0.003273378997969729,MZI6_arm0,current_layer,12,6,0,2.287,2.282928449631238,0.0407155036876178,True,1,0.1
7,2,optimized,,15,0.003273378997969729,0.0032609102047117607,MZI5_arm0,current_layer,11,5,0,4.12,4.1200157235390975,-0.001257883127806213,True,4,0.0125
7,2,optimized,,15,0.0032609102047117607,0.0032609102047117607,MZI7_arm0,current_layer,13,7,0,2.639,2.639,0.0031411640363378794,False,7,0.1
7,2,optimized,,15,0.0032609102047117607,0.0032609102047117607,MZI5_arm1,current_layer,7,5,1,4.794,4.794,0.004754168803570116,False,7,0.1
7,2,optimized,,15,0.0032609102047117607,0.0032609102047117607,MZI7_arm1,current_layer,9,7,1,3.524,3.524,-0.0006285762159724295,False,7,0.1
7,2,optimized,,15,0.0032609102047117607,0.0032397912460197034,MZI2_arm0,previous_layer_compensation,67,2,0,4.464,4.464609940462522,-0.02439761850088225,True,3,0.025
7,2,optimized,,15,0.0032397912460197034,0.0032397912460197034,MZI1_arm0,previous_layer_compensation,65,1,0,4.693,4.693,0.00409526014062922,False,7,0.1
7,2,optimized,,15,0.0032397912460197034,0.003235948382974392,MZI3_arm0,previous_layer_compensation,66,3,0,4.292,4.2917688554929265,0.004622890141463776,True,2,0.05
7,2,optimized,,15,0.003235948382974392,0.0032234679445110634,MZI4_arm0,previous_layer_compensation,68,4,0,4.309,4.309011779684378,-0.0018847495005409139,True,5,0.00625
7,2,optimized,,16,0.0032744514378853047,0.0032545875340664505,MZI6_arm1,current_layer,8,6,1,5.5,5.5,-0.14059584705504252,True,1,0.1
7,2,optimized,,16,0.0032545875340664505,0.0031267135804086176,MZI6_arm0,current_layer,12,6,0,2.283,2.279316322596573,0.03683677403426821,True,1,0.1
7,2,optimized,,16,0.0031267135804086176,0.0031267135804086176,MZI5_arm1,current_layer,7,5,1,4.794,4.794,0.0024039087663429116,False,7,0.1
7,2,optimized,,16,0.0031267135804086176,0.0031083847834841513,MZI7_arm0,current_layer,13,7,0,2.639,2.6389050336092676,0.001899327814645271,True,2,0.05
7,2,optimized,,16,0.0031083847834841513,0.0031083847834841513,MZI5_arm0,current_layer,11,5,0,4.12,4.12,0.001265470583542181,False,7,0.1
7,2,optimized,,16,0.0031083847834841513,0.0030979537416508246,MZI7_arm1,current_layer,9,7,1,3.524,3.524002239327772,-0.0014331697740370265,True,7,0.0015625
7,2,optimized,,16,0.0030979537416508246,0.0030979537416508246,MZI2_arm0,previous_layer_compensation,67,2,0,4.465,4.465,-0.0216969653651177,False,7,0.1
7,2,optimized,,16,0.0030979537416508246,0.0030979537416508246,MZI3_arm0,previous_layer_compensation,66,3,0,4.292,4.292,0.0028971834185747493,False,7,0.1
7,2,optimized,,16,0.0030979537416508246,0.0030979537416508246,MZI1_arm0,previous_layer_compensation,65,1,0,4.693,4.693,0.005307941909973764,False,7,0.1
7,2,optimized,,16,0.0030979537416508246,0.0030979537416508246,MZI4_arm0,previous_layer_compensation,68,4,0,4.309,4.309,-0.001605598564966494,False,7,0.1
7,2,optimized,,17,0.0031506909137218085,0.00314233587778391,MZI6_arm1,current_layer,8,6,1,5.5,5.5,-0.13213894258832956,True,1,0.1
7,2,optimized,,17,0.00314233587778391,0.003055762767144725,MZI6_arm0,current_layer,12,6,0,2.279,2.275762990836093,0.03237009163906701,True,1,0.1
7,2,optimized,,17,0.003055762767144725,0.0030318244877333873,MZI5_arm1,current_layer,7,5,1,4.794,4.793793100905157,0.0020689909484278863,True,1,0.1
7,2,optimized,,17,0.0030318244877333873,0.0030264399149931964,MZI7_arm0,current_layer,13,7,0,2.639,2.6388658957377316,0.0053641704907317475,True,3,0.025
7,2,optimized,,17,0.0030264399149931964,0.0030264399149931964,MZI7_arm1,current_layer,9,7,1,3.524,3.524,-0.0019398355677743323,False,7,0.1
7,2,optimized,,17,0.0030264399149931964,0.003015576602494292,MZI5_arm0,current_layer,11,5,0,4.12,4.120001827564138,-7.310256554405869e-05,True,3,0.025
7,2,optimized,,17,0.003015576602494292,0.0029857188358898973,MZI2_arm0,previous_layer_compensation,67,2,0,4.465,4.46732739455028,-0.023273945502793384,True,1,0.1
7,2,optimized,,17,0.0029857188358898973,0.0029857188358898973,MZI1_arm0,previous_layer_compensation,65,1,0,4.693,4.693,0.004872898155356207,False,7,0.1
7,2,optimized,,17,0.0029857188358898973,0.0029824481257285347,MZI3_arm0,previous_layer_compensation,66,3,0,4.292,4.29199604889745,0.0025287056322983196,True,7,0.0015625
7,2,optimized,,17,0.0029824481257285347,0.0029824481257285347,MZI4_arm0,previous_layer_compensation,68,4,0,4.309,4.309,-0.0014884889120309543,False,7,0.1
7,2,optimized,,18,0.0030376395265494984,0.0030269494268271723,MZI6_arm1,current_layer,8,6,1,5.5,5.5,-0.1258526560915638,True,1,0.1
7,2,optimized,,18,0.0030269494268271723,0.0029414472638638186,MZI6_arm0,current_layer,12,6,0,2.276,2.273225877298646,0.027741227013539232,True,1,0.1
7,2,optimized,,18,0.0029414472638638186,0.00293794095677345,MZI7_arm0,current_layer,13,7,0,2.639,2.6388186145620107,0.0018138543798916263,True,1,0.1
7,2,optimized,,18,0.00293794095677345,0.0029288110060363658,MZI5_arm1,current_layer,7,5,1,4.794,4.79394321154124,0.0011357691751901697,True,2,0.05
7,2,optimized,,18,0.0029288110060363658,0.002925023441433958,MZI7_arm1,current_layer,9,7,1,3.524,3.5243313161212844,-0.0033131612128438773,True,1,0.1
7,2,optimized,,18,0.002925023441433958,0.002925023441433958,MZI5_arm0,current_layer,11,5,0,4.12,4.12,0.001538318697748482,False,7,0.1
7,2,optimized,,18,0.002925023441433958,0.0028892071579169182,MZI2_arm0,previous_layer_compensation,67,2,0,4.467,4.469101192999375,-0.02101192999375099,True,1,0.1
7,2,optimized,,18,0.0028892071579169182,0.0028808510197776828,MZI1_arm0,previous_layer_compensation,65,1,0,4.693,4.692945126370695,0.00438989034435259,True,4,0.0125
7,2,optimized,,18,0.0028808510197776828,0.002871177898544188,MZI3_arm0,previous_layer_compensation,66,3,0,4.292,4.291994837641531,0.0016519547100596944,True,6,0.003125
7,2,optimized,,18,0.002871177898544188,0.002871177898544188,MZI4_arm0,previous_layer_compensation,68,4,0,4.309,4.309,-0.0019368203233039501,False,7,0.1
7,2,optimized,,19,0.0029053158393013336,0.0028958308622161017,MZI6_arm1,current_layer,8,6,1,5.5,5.5,-0.11649154020026006,True,1,0.1
7,2,optimized,,19,0.0028958308622161017,0.002847650384303469,MZI6_arm0,current_layer,12,6,0,2.273,2.2703448895505227,0.02655110449477486,True,1,0.1
7,2,optimized,,19,0.002847650384303469,0.002831438985975722,MZI7_arm1,current_layer,9,7,1,3.524,3.5241031408555346,-0.0020628171106948762,True,2,0.05
7,2,optimized,,19,0.002831438985975722,0.0028067722820337535,MZI7_arm0,current_layer,13,7,0,2.639,2.638888707235091,0.002225855298177736,True,2,0.05
7,2,optimized,,19,0.0028067722820337535,0.002795907477942978,MZI5_arm0,current_layer,11,5,0,4.12,4.119991201155074,0.00281563037636098,True,6,0.003125
7,2,optimized,,19,0.002795907477942978,0.0027947817036628833,MZI5_arm1,current_layer,7,5,1,4.794,4.793869867131881,0.001301328681185176,True,1,0.1
7,2,optimized,,19,0.0027947817036628833,0.0027919940582431077,MZI2_arm0,previous_layer_compensation,67,2,0,4.469,4.470898281627583,-0.018982816275825272,True,1,0.1
7,2,optimized,,19,0.0027919940582431077,0.0027880586881713475,MZI1_arm0,previous_layer_compensation,65,1,0,4.693,4.692449687734623,0.005503122653770479,True,1,0.1
7,2,optimized,,19,0.0027880586881713475,0.0027823154520561473,MZI4_arm0,previous_layer_compensation,68,4,0,4.309,4.309300193431957,-0.0030019343195698033,True,1,0.1
7,2,optimized,,19,0.0027823154520561473,0.0027752433293272154,MZI3_arm0,previous_layer_compensation,66,3,0,4.292,4.291863956560231,0.002720868795363369,True,2,0.05
7,3,optimized,,0,0.03024985812791197,0.03024985812791197,MZI9_arm0,current_layer,76,9,0,5.342,5.342,-0.028952668014516514,False,7,0.1
7,3,optimized,,0,0.03024985812791197,0.03024985812791197,MZI9_arm1,current_layer,72,9,1,5.407,5.407,0.02703041405004641,False,7,0.1
7,3,optimized,,0,0.03024985812791197,0.02407695337354977,MZI10_arm0,current_layer,75,10,0,5.41,5.4396276005935205,-0.29627600593519926,True,1,0.1
7,3,optimized,,0,0.02407695337354977,0.02355550216152421,MZI10_arm1,current_layer,71,10,1,3.473,3.4671273246671768,0.05872675332823195,True,1,0.1
7,3,optimized,,0,0.02355550216152421,0.023122206482483008,MZI11_arm0,current_layer,74,11,0,4.759,4.750672642999576,0.08327357000424553,True,1,0.1
7,3,optimized,,0,0.023122206482483008,0.022739724529698437,MZI11_arm1,current_layer,70,11,1,5.167,5.173401434761637,-0.06401434761636536,True,1,0.1
7,3,optimized,,0,0.022739724529698437,0.022643704869140264,MZI12_arm0,current_layer,73,12,0,3.532,3.531929807795558,0.011230752710718925,True,5,0.00625
7,3,optimized,,0,0.022643704869140264,0.022643704869140264,MZI12_arm1,current_layer,69,12,1,3.646,3.646,0.004612501668305783,False,7,0.1
7,3,optimized,,0,0.022643704869140264,0.022044291817386364,MZI5_arm0,previous_layer_compensation,11,5,0,4.12,4.130303180171338,-0.10303180171337935,True,1,0.1
7,3,optimized,,0,0.022044291817386364,0.02159749692725788,MZI5_arm1,previous_layer_compensation,7,5,1,4.794,4.78713465544632,0.06865344553679228,True,1,0.1
7,3,optimized,,0,0.02159749692725788,0.02159749692725788,MZI6_arm0,previous_layer_compensation,12,6,0,2.27,2.27,0.023851915172091294,False,7,0.1
7,3,optimized,,0,0.02159749692725788,0.02159749692725788,MZI6_arm1,previous_layer_compensation,8,6,1,5.5,5.5,-0.10583909724883792,False,7,0.1
7,3,optimized,,0,0.02159749692725788,0.018375500145232978,MZI7_arm0,previous_layer_compensation,13,7,0,2.639,2.659863716631085,-0.20863716631084778,True,1,0.1
7,3,optimized,,0,0.018375500145232978,0.014744499876770576,MZI7_arm1,previous_layer_compensation,9,7,1,3.524,3.5027686036804755,0.21231396319524706,True,1,0.1
7,3,optimized,,1,0.014782890989216955,0.013888971503282423,MZI10_arm0,current_layer,75,10,0,5.44,5.4520547736840825,-0.1205477368408255,True,1,0.1
7,3,optimized,,1,0.013888971503282423,0.013859818080809636,MZI11_arm0,current_layer,74,11,0,4.751,4.749908637359452,0.010913626405484598,True,1,0.1
7,3,optimized,,1,0.013859818080809636,0.013750228244957644,MZI11_arm1,current_layer,70,11,1,5.173,5.174603441516392,-0.016034415163913327,True,1,0.1
7,3,optimized,,1,0.013750228244957644,0.013696242490408777,MZI10_arm1,current_layer,71,10,1,3.467,3.4634713190133852,0.03528680986614785,True,1,0.1
7,3,optimized,,1,0.013696242490408777,0.013611683756222896,MZI9_arm0,current_layer,76,9,0,5.342,5.344673254016646,-0.026732540166465917,True,1,0.1
7,3,optimized,,1,0.013611683756222896,0.013572587699531137,MZI9_arm1,current_layer,72,9,1,5.407,5.405198216426501,0.018017835734989225,True,1,0.1
7,3,optimized,,1,0.013572587699531137,0.013457669959731203,MZI12_arm0,current_layer,73,12,0,3.532,3.5319949258012833,5.074198716663656e-05,True,1,0.1
7,3,optimized,,1,0.013457669959731203,0.013418846259174689,MZI12_arm1,current_layer,69,12,1,3.646,3.645940202886848,0.03827015241703522,True,7,0.0015625
7,3,optimized,,1,0.013418846259174689,0.01207513328803018,MZI7_arm1,previous_layer_compensation,9,7,1,3.503,3.489741952433568,0.1325804756643229,True,1,0.1
7,3,optimized,,1,0.01207513328803018,0.011878326363844408,MZI7_arm0,previous_layer_compensation,13,7,0,2.66,2.6660587359161516,-0.06058735916151576,True,1,0.1
7,3,optimized,,1,0.011878326363844408,0.01179004159791098,MZI6_arm1,previous_layer_compensation,8,6,1,5.5,5.5,-0.109827598449584,True,1,0.1
7,3,optimized,,1,0.01179004159791098,0.011750016833730063,MZI5_arm0,previous_layer_compensation,11,5,0,4.13,4.1310291426860015,-0.010291426860019891,True,1,0.1
7,3,optimized,,1,0.011750016833730063,0.011750016833730063,MZI5_arm1,previous_layer_compensation,7,5,1,4.787,4.787,0.005266011158911271,False,7,0.1
7,3,optimized,,1,0.011750016833730063,0.011725995893897318,MZI6_arm0,previous_layer_compensation,12,6,0,2.27,2.2672516059822363,0.02748394017763765,True,1,0.1
7,3,optimized,,2,0.011748197059241947,0.011638020816536518,MZI10_arm0,current_layer,75,10,0,5.452,5.455683447264189,-0.0368344726418916,True,1,0.1
7,3,optimized,,2,0.011638020816536518,0.011591707368411962,MZI12_arm1,current_layer,69,12,1,3.646,3.6452622384332,0.007377615667997037,True,1,0.1
7,3,optimized,,2,0.011591707368411962,0.011563198790044131,MZI10_arm1,current_layer,71,10,1,3.463,3.4620256260981845,0.0097437390181549,True,1,0.1
7,3,optimized,,2,0.011563198790044131,0.011538903681840473,MZI9_arm0,current_layer,76,9,0,5.345,5.3473877789240465,-0.023877789240467122,True,1,0.1
7,3,optimized,,2,0.011538903681840473,0.011489618423743613,MZI9_arm1,current_layer,72,9,1,5.405,5.402895225715847,0.02104774284153209,True,1,0.1
7,3,optimized,,2,0.011489618423743613,0.011433128908723658,MZI11_arm1,current_layer,70,11,1,5.175,5.174729209212091,0.0027079078790850455,True,1,0.1
7,3,optimized,,2,0.011433128908723658,0.011433128908723658,MZI11_arm0,current_layer,74,11,0,4.75,4.75,-0.006252242523133257,False,7,0.1
7,3,optimized,,2,0.011433128908723658,0.01140954614096242,MZI12_arm0,current_layer,73,12,0,3.532,3.532079901289909,-0.003196051596346825,True,3,0.025
7,3,optimized,,2,0.01140954614096242,0.011140302067995881,MZI7_arm1,previous_layer_compensation,9,7,1,3.49,3.483441796130019,0.06558203869981531,True,1,0.1
7,3,optimized,,2,0.011140302067995881,0.011134511707275876,MZI6_arm1,previous_layer_compensation,8,6,1,5.5,5.5,-0.10387545692220304,True,5,0.00625
7,3,optimized,,2,0.011134511707275876,0.011022409738108689,MZI7_arm0,previous_layer_compensation,13,7,0,2.666,2.668840668205391,-0.028406682053908557,True,1,0.1
7,3,optimized,,2,0.011022409738108689,0.010996018180633864,MZI6_arm0,previous_layer_compensation,12,6,0,2.267,2.2641603827968084,0.028396172031915835,True,1,0.1
7,3,optimized,,2,0.010996018180633864,0.010971738485076432,MZI5_arm0,previous_layer_compensation,11,5,0,4.131,4.131145052227345,-0.0029010445469052344,True,2,0.05
7,3,optimized,,2,0.010971738485076432,0.010952414098175234,MZI5_arm1,previous_layer_compensation,7,5,1,4.787,4.787051974385311,-0.004157950824860026,True,4,0.0125
7,3,optimized,,3,0.010995130988473543,0.010976345841064028,MZI10_arm0,current_layer,75,10,0,5.456,5.45732467982626,-0.013246798262591862,True,1,0.1
7,3,optimized,,3,0.010976345841064028,0.010938615020705113,MZI9_arm0,current_layer,76,9,0,5.347,5.349433499201874,-0.02433499201873212,True,1,0.1
7,3,optimized,,3,0.010938615020705113,0.01089961258483194,MZI9_arm1,current_layer,72,9,1,5.403,5.400956202048347,0.02043797951653153,True,1,0.1
7,3,optimized,,3,0.01089961258483194,0.010891858934036167,MZI10_arm1,current_layer,71,10,1,3.462,3.461516161277715,0.004838387222848854,True,1,0.1
7,3,optimized,,3,0.010891858934036167,0.010869283163872801,MZI12_arm1,current_layer,69,12,1,3.645,3.644894582358539,0.004216705658435096,True,3,0.025
7,3,optimized,,3,0.010869283163872801,0.010865996943833903,MZI11_arm0,current_layer,74,11,0,4.75,4.750845445400657,-0.008454454006564135,True,1,0.1
7,3,optimized,,3,0.010865996943833903,0.010860985677211119,MZI12_arm0,current_layer,73,12,0,3.532,3.5319971930138294,5.613972340816164e-05,True,2,0.05
7,3,optimized,,3,0.010860985677211119,0.010849219621305039,MZI11_arm1,current_layer,70,11,1,5.175,5.174790557154203,0.004188856915920538,True,2,0.05
7,3,optimized,,3,0.010849219621305039,0.010833789873277776,MZI6_arm1,previous_layer_compensation,8,6,1,5.5,5.5,-0.09697490838579151,True,4,0.0125
7,3,optimized,,3,0.010833789873277776,0.010818906389982803,MZI7_arm1,previous_layer_compensation,9,7,1,3.483,3.482154387081064,0.03382451675744363,True,3,0.025
7,3,optimized,,3,0.010818906389982803,0.010818906389982803,MZI7_arm0,previous_layer_compensation,13,7,0,2.669,2.669,-0.016545479740441557,False,7,0.1
7,3,optimized,,3,0.010818906389982803,0.010815821729036777,MZI6_arm0,previous_layer_compensation,12,6,0,2.264,2.2617168528345832,0.02283147165416382,True,1,0.1
7,3,optimized,,3,0.010815821729036777,0.01076585515792066,MZI5_arm1,previous_layer_compensation,7,5,1,4.787,4.787005418312212,-0.001733859907840443,True,6,0.003125
7,3,optimized,,3,0.01076585515792066,0.01074831225222548,MZI5_arm0,previous_layer_compensation,11,5,0,4.131,4.131015018301346,-0.0012014641076694018,True,4,0.0125
7,3,optimized,,4,0.010886371081230667,0.010799423051360252,MZI9_arm0,current_layer,76,9,0,5.349,5.351171005577797,-0.0217100557779696,True,1,0.1
7,3,optimized,,4,0.010799423051360252,0.010794901470287449,MZI9_arm1,current_layer,72,9,1,5.401,5.3993486026437925,0.01651397356207509,True,1,0.1
7,3,optimized,,4,0.010794901470287449,0.010691019182770427,MZI10_arm0,current_layer,75,10,0,5.457,5.457803602878807,-0.008036028788068349,True,1,0.1
7,3,optimized,,4,0.010691019182770427,0.010664871581164309,MZI11_arm0,current_layer,74,11,0,4.751,4.751069379664448,-0.005550373155753203,True,4,0.0125
7,3,optimized,,4,0.010664871581164309,0.010657949503099175,MZI10_arm1,current_layer,71,10,1,3.462,3.4619919324031563,0.0012908154950195302,True,5,0.00625
7,3,optimized,,4,0.010657949503099175,0.010657949503099175,MZI12_arm1,current_layer,69,12,1,3.645,3.645,0.0054900069378199835,False,7,0.1
7,3,optimized,,4,0.010657949503099175,0.010657949503099175,MZI11_arm1,current_layer,70,11,1,5.175,5.175,0.00404384557649638,False,7,0.1
7,3,optimized,,4,0.010657949503099175,0.010657949503099175,MZI12_arm0,current_layer,73,12,0,3.532,3.532,-0.0021705074882714063,False,7,0.1
7,3,optimized,,4,0.010657949503099175,0.010657949503099175,MZI6_arm1,previous_layer_compensation,8,6,1,5.5,5.5,-0.08832539893896252,False,7,0.1
7,3,optimized,,4,0.010657949503099175,0.010643857520160935,MZI7_arm1,previous_layer_compensation,9,7,1,3.482,3.479456424912531,0.025435750874694903,True,1,0.1
7,3,optimized,,4,0.010643857520160935,0.010624599200256046,MZI6_arm0,previous_layer_compensation,12,6,0,2.262,2.2613623267622565,0.025506929509743596,True,3,0.025
7,3,optimized,,4,0.010624599200256046,0.010602721272003927,MZI7_arm0,previous_layer_compensation,13,7,0,2.669,2.678661408234069,-0.09661408234069245,True,1,0.1
7,3,optimized,,4,0.010602721272003927,0.010602721272003927,MZI5_arm1,previous_layer_compensation,7,5,1,4.787,4.787,-0.01030173902101836,False,7,0.1
7,3,optimized,,4,0.010602721272003927,0.010577117641644403,MZI5_arm0,previous_layer_compensation,11,5,0,4.131,4.131007497708072,-0.0005998166457837773,True,4,0.0125
7,3,optimized,,5,0.010584259305364687,0.010584259305364687,MZI9_arm0,current_layer,76,9,0,5.351,5.351,-0.019650105782662308,False,7,0.1
7,3,optimized,,5,0.010584259305364687,0.010584259305364687,MZI9_arm1,current_layer,72,9,1,5.399,5.399,0.015352225298385602,False,7,0.1
7,3,optimized,,5,0.010584259305364687,0.010584259305364687,MZI10_arm0,current_layer,75,10,0,5.458,5.458,0.00022013950012737764,False,7,0.1
7,3,optimized,,5,0.010584259305364687,0.010584259305364687,MZI11_arm0,current_layer,74,11,0,4.751,4.751,-0.006619758477320831,False,7,0.1
7,3,optimized,,5,0.010584259305364687,0.01057574877686039,MZI12_arm1,current_layer,69,12,1,3.645,3.644992733611682,0.0046504885236216915,True,7,0.0015625
7,3,optimized,,5,0.01057574877686039,0.01057574877686039,MZI11_arm1,current_layer,70,11,1,5.175,5.175,0.009662143424632789,False,7,0.1
7,3,optimized,,5,0.01057574877686039,0.01057574877686039,MZI12_arm0,current_layer,73,12,0,3.532,3.532,-0.004223529131251125,False,7,0.1
7,3,optimized,,5,0.01057574877686039,0.010542382921230133,MZI10_arm1,current_layer,71,10,1,3.462,3.461953436431397,0.0037250854882593457,True,4,0.0125
7,3,optimized,,5,0.010542382921230133,0.010542382921230133,MZI7_arm0,previous_layer_compensation,13,7,0,2.679,2.679,0.011714641024210954,False,7,0.1
7,3,optimized,,5,0.010542382921230133,0.010542382921230133,MZI6_arm1,previous_layer_compensation,8,6,1,5.5,5.5,-4.792902092152851,False,7,0.1
7,3,optimized,,5,0.010542382921230133,0.010542382921230133,MZI6_arm0,previous_layer_compensation,12,6,0,2.261,2.261,0.026466938888979073,False,7,0.1
7,3,optimized,,5,0.010542382921230133,0.010542382921230133,MZI7_arm1,previous_layer_compensation,9,7,1,3.479,3.479,-0.012404202294514567,False,7,0.1
7,3,optimized,,5,0.010542382921230133,0.010542382921230133,MZI5_arm1,previous_layer_compensation,7,5,1,4.787,4.787,-0.009303714409028056,False,7,0.1
7,3,optimized,,5,0.010542382921230133,0.010542382921230133,MZI5_arm0,previous_layer_compensation,11,5,0,4.131,4.131,-0.0003163001831042367,False,7,0.1
7,3,optimized,,6,0.010736111971256103,0.010538085129062687,MZI9_arm0,current_layer,76,9,0,5.351,5.353508340544249,-0.025083405442497347,True,1,0.1
7,3,optimized,,6,0.010538085129062687,0.01052315660833705,MZI9_arm1,current_layer,72,9,1,5.399,5.398898677885096,0.016211538384758913,True,5,0.00625
7,3,optimized,,6,0.01052315660833705,0.01052315660833705,MZI11_arm1,current_layer,70,11,1,5.175,5.175,0.011464718359906619,False,7,0.1
7,3,optimized,,6,0.01052315660833705,0.01052315660833705,MZI11_arm0,current_layer,74,11,0,4.751,4.751,-0.006131110009339981,False,7,0.1
7,3,optimized,,6,0.01052315660833705,0.01052315660833705,MZI12_arm1,current_layer,69,12,1,3.645,3.645,0.0032412420727320032,False,7,0.1
7,3,optimized,,6,0.01052315660833705,0.01052315660833705,MZI12_arm0,current_layer,73,12,0,3.532,3.532,-0.0026895990078321256,False,7,0.1
7,3,optimized,,6,0.01052315660833705,0.01052315660833705,MZI10_arm1,current_layer,71,10,1,3.462,3.462,0.0030446313785312323,False,7,0.1
7,3,optimized,,6,0.01052315660833705,0.01052315660833705,MZI10_arm0,current_layer,75,10,0,5.458,5.458,-0.005471540234230505,False,7,0.1
7,3,optimized,,6,0.01052315660833705,0.01052315660833705,MZI6_arm1,previous_layer_compensation,8,6,1,5.5,5.5,-0.09358912626116411,False,7,0.1
7,3,optimized,,6,0.01052315660833705,0.010487615708897249,MZI6_arm0,previous_layer_compensation,12,6,0,2.261,2.2609167517273603,0.026639447244756965,True,6,0.003125
7,3,optimized,,6,0.010487615708897249,0.010487615708897249,MZI7_arm1,previous_layer_compensation,9,7,1,3.479,3.479,-0.006065285721539932,False,7,0.1
7,3,optimized,,6,0.010487615708897249,0.010487615708897249,MZI7_arm0,previous_layer_compensation,13,7,0,2.679,2.679,0.015280348882139985,False,7,0.1
7,3,optimized,,6,0.010487615708897249,0.010487615708897249,MZI5_arm1,previous_layer_compensation,7,5,1,4.787,4.787,-0.00755062950370315,False,7,0.1
7,3,optimized,,6,0.010487615708897249,0.010487615708897249,MZI5_arm0,previous_layer_compensation,11,5,0,4.131,4.131,0.004872462476807381,False,7,0.1
7,3,optimized,,7,0.01061897916862874,0.010548858251282793,MZI9_arm0,current_layer,76,9,0,5.354,5.356074269129213,-0.020742691292128218,True,1,0.1
7,3,optimized,,7,0.010548858251282793,0.01053484644577904,MZI9_arm1,current_layer,72,9,1,5.399,5.39731951158113,0.01680488418870403,True,1,0.1
7,3,optimized,,7,0.01053484644577904,0.010502890371765947,MZI11_arm1,current_layer,70,11,1,5.175,5.173836626392284,0.011633736077157763,True,1,0.1
7,3,optimized,,7,0.010502890371765947,0.01045440850615608,MZI11_arm0,current_layer,74,11,0,4.751,4.751042489714432,-0.0067983543089638705,True,5,0.00625
7,3,optimized,,7,0.01045440850615608,0.010426872777510617,MZI10_arm0,current_layer,75,10,0,5.458,5.458022651997543,-0.003624319606792226,True,5,0.00625
7,3,optimized,,7,0.010426872777510617,0.010426872777510617,MZI12_arm1,current_layer,69,12,1,3.645,3.645,0.003419818164980068,False,7,0.1
7,3,optimized,,7,0.010426872777510617,0.010426872777510617,MZI10_arm1,current_layer,71,10,1,3.462,3.462,0.0049201443955711145,False,7,0.1
7,3,optimized,,7,0.010426872777510617,0.010426872777510617,MZI12_arm0,current_layer,73,12,0,3.532,3.532,-0.0019172911904754841,False,7,0.1
7,3,optimized,,7,0.010426872777510617,0.010426872777510617,MZI6_arm1,previous_layer_compensation,8,6,1,5.5,5.5,-0.09244637278525222,False,7,0.1
7,3,optimized,,7,0.010426872777510617,0.010426872777510617,MZI6_arm0,previous_layer_compensation,12,6,0,2.261,2.261,0.02559952610322882,False,7,0.1
7,3,optimized,,7,0.010426872777510617,0.010426872777510617,MZI7_arm0,previous_layer_compensation,13,7,0,2.679,2.679,0.012179451641359987,False,7,0.1
7,3,optimized,,7,0.010426872777510617,0.010426872777510617,MZI5_arm1,previous_layer_compensation,7,5,1,4.787,4.787,-0.013432586445891207,False,7,0.1
7,3,optimized,,7,0.010426872777510617,0.010426872777510617,MZI7_arm1,previous_layer_compensation,9,7,1,3.479,3.479,-0.007864672637394739,False,7,0.1
7,3,optimized,,7,0.010426872777510617,0.010426872777510617,MZI5_arm0,previous_layer_compensation,11,5,0,4.131,4.131,0.001825404030061186,False,7,0.1
7,3,optimized,,8,0.010540655258270576,0.01053007326982093,MZI9_arm0,current_layer,76,9,0,5.356,5.357926372680656,-0.019263726806565955,True,1,0.1
7,3,optimized,,8,0.01053007326982093,0.010467107574888912,MZI9_arm1,current_layer,72,9,1,5.397,5.396818233562781,0.01454131497752275,True,4,0.0125
7,3,optimized,,8,0.010467107574888912,0.010466102550987597,MZI11_arm1,current_layer,70,11,1,5.174,5.1738879849915165,0.008961200678679025,True,4,0.0125
7,3,optimized,,8,0.010466102550987597,0.010446593513211878,MZI11_arm0,current_layer,74,11,0,4.751,4.751748118830688,-0.007481188306873056,True,1,0.1
7,3,optimized,,8,0.010446593513211878,0.010446593513211878,MZI10_arm1,current_layer,71,10,1,3.462,3.462,0.004803808683397468,False,7,0.1
7,3,optimized,,8,0.010446593513211878,0.010446593513211878,MZI10_arm0,current_layer,75,10,0,5.458,5.458,-0.006648435204661106,False,7,0.1
7,3,optimized,,8,0.010446593513211878,0.01044254027099942,MZI12_arm1,current_layer,69,12,1,3.645,3.644944906741479,0.004407460681678673,True,4,0.0125
7,3,optimized,,8,0.01044254027099942,0.01044254027099942,MZI12_arm0,current_layer,73,12,0,3.532,3.532,-0.02984984670691755,False,7,0.1
7,3,optimized,,8,0.01044254027099942,0.01044254027099942,MZI6_arm1,previous_layer_compensation,8,6,1,5.5,5.5,-0.09525250012431831,False,7,0.1
7,3,optimized,,8,0.01044254027099942,0.010428344847521791,MZI6_arm0,previous_layer_compensation,12,6,0,2.261,2.260334195822253,0.02663216710988641,True,3,0.025
7,3,optimized,,8,0.010428344847521791,0.010428344847521791,MZI5_arm1,previous_layer_compensation,7,5,1,4.787,4.787,-0.010113869106567187,False,7,0.1
7,3,optimized,,8,0.010428344847521791,0.010395600463985976,MZI7_arm0,previous_layer_compensation,13,7,0,2.679,2.678344817112316,0.013103657753673507,True,2,0.05
7,3,optimized,,8,0.010395600463985976,0.010339982469334463,MZI7_arm1,previous_layer_compensation,9,7,1,3.479,3.479119382461194,-0.00477529844776585,True,3,0.025
7,3,optimized,,8,0.010339982469334463,0.010339982469334463,MZI5_arm0,previous_layer_compensation,11,5,0,4.131,4.131,0.003877616810875596,False,7,0.1
7,3,optimized,,9,0.01053842834755064,0.010494482176863364,MZI12_arm0,current_layer,73,12,0,3.532,3.5293645574870283,0.026354425129718043,True,1,0.1
7,3,optimized,,9,0.010494482176863364,0.010466615437102571,MZI9_arm0,current_layer,76,9,0,5.358,5.359509559336528,-0.01509559336528318,True,1,0.1
7,3,optimized,,9,0.010466615437102571,0.010402091467321501,MZI9_arm1,current_layer,72,9,1,5.397,5.39636051457157,0.012789708568601534,True,2,0.05
7,3,optimized,,9,0.010402091467321501,0.010383010856046926,MZI11_arm1,current_layer,70,11,1,5.174,5.17364194135277,0.0035805864723065916,True,1,0.1
7,3,optimized,,9,0.010383010856046926,0.010301032033205489,MZI11_arm0,current_layer,74,11,0,4.752,4.751850012362031,0.0014998763796922737,True,1,0.1
7,3,optimized,,9,0.010301032033205489,0.010301032033205489,MZI10_arm0,current_layer,75,10,0,5.458,5.458,-0.006268304571505939,False,7,0.1
7,3,optimized,,9,0.010301032033205489,0.010301032033205489,MZI10_arm1,current_layer,71,10,1,3.462,3.462,0.0053427378303876885,False,7,0.1
7,3,optimized,,9,0.010301032033205489,0.010301032033205489,MZI12_arm1,current_layer,69,12,1,3.645,3.645,0.004696003683911025,False,7,0.1
7,3,optimized,,9,0.010301032033205489,0.010301032033205489,MZI6_arm1,previous_layer_compensation,8,6,1,5.5,5.5,-0.09433335548332908,False,7,0.1
7,3,optimized,,9,0.010301032033205489,0.010301032033205489,MZI6_arm0,previous_layer_compensation,12,6,0,2.26,2.26,0.024415614540364824,False,7,0.1
7,3,optimized,,9,0.010301032033205489,0.010301032033205489,MZI7_arm0,previous_layer_compensation,13,7,0,2.678,2.678,0.01199059012341237,False,7,0.1
7,3,optimized,,9,0.010301032033205489,0.010301032033205489,MZI5_arm1,previous_layer_compensation,7,5,1,4.787,4.787,-0.013373174669010387,False,7,0.1
7,3,optimized,,9,0.010301032033205489,0.010301032033205489,MZI7_arm1,previous_layer_compensation,9,7,1,3.479,3.479,-0.00566356884286931,False,7,0.1
7,3,optimized,,9,0.010301032033205489,0.010301032033205489,MZI5_arm0,previous_layer_compensation,11,5,0,4.131,4.131,0.005386471789004005,False,7,0.1
7,3,optimized,,10,0.010450965798974277,0.010370954858825448,MZI12_arm0,current_layer,73,12,0,3.529,3.5292816086485677,-0.002816086485679309,True,1,0.1
7,3,optimized,,10,0.010370954858825448,0.010370954858825448,MZI9_arm0,current_layer,76,9,0,5.36,5.36,-0.01996138222091726,False,7,0.1
7,3,optimized,,10,0.010370954858825448,0.010370954858825448,MZI9_arm1,current_layer,72,9,1,5.396,5.396,0.015827824390464592,False,7,0.1
7,3,optimized,,10,0.010370954858825448,0.010370954858825448,MZI10_arm0,current_layer,75,10,0,5.458,5.458,-0.006471136247818715,False,7,0.1
7,3,optimized,,10,0.010370954858825448,0.010355112146105962,MZI10_arm1,current_layer,71,10,1,3.462,3.4619603818843947,0.006338898496891036,True,5,0.00625
7,3,optimized,,10,0.010355112146105962,0.010355112146105962,MZI12_arm1,current_layer,69,12,1,3.645,3.645,0.0033728605457862865,False,7,0.1
7,3,optimized,,10,0.010355112146105962,0.010355112146105962,MZI11_arm1,current_layer,70,11,1,5.174,5.174,0.0053519873510892504,False,7,0.1
7,3,optimized,,10,0.010355112146105962,0.010355112146105962,MZI11_arm0,current_layer,74,11,0,4.752,4.752,0.0022409085948603023,False,7,0.1
7,3,optimized,,10,0.010355112146105962,0.010355112146105962,MZI6_arm1,previous_layer_compensation,8,6,1,5.5,5.5,-0.1010104026501807,False,7,0.1
7,3,optimized,,10,0.010355112146105962,0.010355112146105962,MZI6_arm0,previous_layer_compensation,12,6,0,2.26,2.26,-2.5432178367598337,False,7,0.1
7,3,optimized,,10,0.010355112146105962,0.010355112146105962,MZI5_arm1,previous_layer_compensation,7,5,1,4.787,4.787,-0.012777444132175898,False,7,0.1
7,3,optimized,,10,0.010355112146105962,0.010355112146105962,MZI7_arm0,previous_layer_compensation,13,7,0,2.678,2.678,0.011790081154478764,False,7,0.1
7,3,optimized,,10,0.010355112146105962,0.010355112146105962,MZI7_arm1,previous_layer_compensation,9,7,1,3.479,3.479,-0.00374849166707787,False,7,0.1
7,3,optimized,,10,0.010355112146105962,0.010355112146105962,MZI5_arm0,previous_layer_compensation,11,5,0,4.131,4.131,0.0034524718945323904,False,7,0.1
7,3,optimized,,11,0.010416434399037196,0.010405930016338959,MZI9_arm0,current_layer,76,9,0,5.36,5.3609240760160635,-0.018481520321267857,True,2,0.05
7,3,optimized,,11,0.010405930016338959,0.010355626887673384,MZI9_arm1,current_layer,72,9,1,5.396,5.394822664967584,0.011773350324159118,True,1,0.1
7,3,optimized,,11,0.010355626887673384,0.010341836192190836,MZI10_arm0,current_layer,75,10,0,5.458,5.458038896603711,-0.0031117282968993296,True,4,0.0125
7,3,optimized,,11,0.010341836192190836,0.010330189007303389,MZI10_arm1,current_layer,71,10,1,3.462,3.4619465678705503,0.00427457035597914,True,4,0.0125
7,3,optimized,,11,0.010330189007303389,0.010330189007303389,MZI11_arm1,current_layer,70,11,1,5.174,5.174,0.002993183295371529,False,7,0.1
7,3,optimized,,11,0.010330189007303389,0.010330189007303389,MZI12_arm1,current_layer,69,12,1,3.645,3.645,0.0023289841194899428,False,7,0.1
7,3,optimized,,11,0.010330189007303389,0.010330189007303389,MZI12_arm0,current_layer,73,12,0,3.529,3.529,-0.005779996525515904,False,7,0.1
7,3,optimized,,11,0.010330189007303389,0.010330189007303389,MZI11_arm0,current_layer,74,11,0,4.752,4.752,-0.0035020129966628673,False,7,0.1
7,3,optimized,,11,0.010330189007303389,0.010330189007303389,MZI6_arm0,previous_layer_compensation,12,6,0,2.26,2.26,0.027436414200885193,False,7,0.1
7,3,optimized,,11,0.010330189007303389,0.010330189007303389,MZI6_arm1,previous_layer_compensation,8,6,1,5.5,5.5,-0.09769584498008,False,7,0.1
7,3,optimized,,11,0.010330189007303389,0.010330189007303389,MZI5_arm1,previous_layer_compensation,7,5,1,4.787,4.787,-0.013658340335014138,False,7,0.1
7,3,optimized,,11,0.010330189007303389,0.010330189007303389,MZI7_arm0,previous_layer_compensation,13,7,0,2.678,2.678,0.010321303682737397,False,7,0.1
7,3,optimized,,11,0.010330189007303389,0.010330189007303389,MZI7_arm1,previous_layer_compensation,9,7,1,3.479,3.479,-0.006890161737817859,False,7,0.1
7,3,optimized,,11,0.010330189007303389,0.010330189007303389,MZI5_arm0,previous_layer_compensation,11,5,0,4.131,4.131,0.006121792792728982,False,7,0.1
7,3,optimized,,12,0.010362803010480126,0.010362803010480126,MZI9_arm0,current_layer,76,9,0,5.361,5.361,-0.020294709349644384,False,7,0.1
7,3,optimized,,12,0.010362803010480126,0.010362803010480126,MZI9_arm1,current_layer,72,9,1,5.395,5.395,0.01241135490468713,False,7,0.1
7,3,optimized,,12,0.010362803010480126,0.010362803010480126,MZI12_arm0,current_layer,73,12,0,3.529,3.529,-0.00505899832051212,False,7,0.1
7,3,optimized,,12,0.010362803010480126,0.010362803010480126,MZI10_arm1,current_layer,71,10,1,3.462,3.462,0.006235740532659328,False,7,0.1
7,3,optimized,,12,0.010362803010480126,0.010362803010480126,MZI11_arm0,current_layer,74,11,0,4.752,4.752,-0.0022483304380979895,False,7,0.1
7,3,optimized,,12,0.010362803010480126,0.010362803010480126,MZI10_arm0,current_layer,75,10,0,5.458,5.458,-0.008493065577302578,False,7,0.1
7,3,optimized,,12,0.010362803010480126,0.010333068211073345,MZI11_arm1,current_layer,70,11,1,5.174,5.173957500138569,0.0016999944572547024,True,3,0.025
7,3,optimized,,12,0.010333068211073345,0.010333068211073345,MZI12_arm1,current_layer,69,12,1,3.645,3.645,0.006959120718914548,False,7,0.1
7,3,optimized,,12,0.010333068211073345,0.010333068211073345,MZI6_arm1,previous_layer_compensation,8,6,1,5.5,5.5,-0.10683089963056541,False,7,0.1
7,3,optimized,,12,0.010333068211073345,0.010333068211073345,MZI6_arm0,previous_layer_compensation,12,6,0,2.26,2.26,0.02871387458895098,False,7,0.1
7,3,optimized,,12,0.010333068211073345,0.010333068211073345,MZI5_arm1,previous_layer_compensation,7,5,1,4.787,4.787,-0.012881197294487189,False,7,0.1
7,3,optimized,,12,0.010333068211073345,0.010333068211073345,MZI7_arm0,previous_layer_compensation,13,7,0,2.678,2.678,0.010764320422047825,False,7,0.1
7,3,optimized,,12,0.010333068211073345,0.010333068211073345,MZI7_arm1,previous_layer_compensation,9,7,1,3.479,3.479,-0.003206942886015311,False,7,0.1
7,3,optimized,,12,0.010333068211073345,0.010333068211073345,MZI5_arm0,previous_layer_compensation,11,5,0,4.131,4.131,0.0047021276667071725,False,7,0.1
7,4,optimized,,0,0.027818155420064324,0.021825526152605607,MZI13_arm0,current_layer,19,13,0,4.469,4.4416063080279455,0.27393691972054995,True,1,0.1
7,4,optimized,,0,0.021825526152605607,0.018614313596901882,MZI13_arm1,current_layer,15,13,1,5.345,5.366123958489778,-0.21123958489778347,True,1,0.1
7,4,optimized,,0,0.018614313596901882,0.018122893335741012,MZI14_arm0,current_layer,20,14,0,3.672,3.6795942104389363,-0.07594210438936308,True,1,0.1
7,4,optimized,,0,0.018122893335741012,0.01754939332195609,MZI14_arm1,current_layer,16,14,1,4.309,4.3010299557419405,0.0797004425806,True,1,0.1
7,4,optimized,,0,0.01754939332195609,0.01747579923778185,MZI15_arm0,current_layer,21,15,0,2.297,2.3000554128775135,-0.03055412877513419,True,1,0.1
7,4,optimized,,0,0.01747579923778185,0.01726547177341721,MZI15_arm1,current_layer,17,15,1,3.732,3.727651298481865,0.043487015181352964,True,1,0.1
7,4,optimized,,0,0.01726547177341721,0.017240845732046265,MZI9_arm0,previous_layer_compensation,76,9,0,5.361,5.36101106944398,-0.0017711110367587958,True,5,0.00625
7,4,optimized,,0,0.017240845732046265,0.017240845732046265,MZI9_arm1,previous_layer_compensation,72,9,1,5.395,5.395,-0.001004780749630095,False,7,0.1
7,4,optimized,,0,0.017240845732046265,0.017069354159631043,MZI10_arm0,previous_layer_compensation,75,10,0,5.458,5.456409627621924,0.01590372378076163,True,1,0.1
7,4,optimized,,0,0.017069354159631043,0.017069354159631043,MZI10_arm1,previous_layer_compensation,71,10,1,3.462,3.462,0.03345939269316147,False,7,0.1
7,4,optimized,,0,0.017069354159631043,0.014378582144116884,MZI11_arm0,previous_layer_compensation,74,11,0,4.752,4.771357734655042,-0.19357734655041864,True,1,0.1
7,4,optimized,,0,0.014378582144116884,0.013419756521659432,MZI11_arm1,previous_layer_compensation,70,11,1,5.174,5.163705188072838,0.1029481192716234,True,1,0.1
7,4,optimized,,0,0.013419756521659432,0.013419756521659432,MZI12_arm0,previous_layer_compensation,73,12,0,3.529,3.529,-0.011385517131408862,False,7,0.1
7,4,optimized,,0,0.013419756521659432,0.013419756521659432,MZI12_arm1,previous_layer_compensation,69,12,1,3.645,3.645,-0.002600798643430898,False,7,0.1
7,4,optimized,,1,0.01358770319113329,0.013110607013684532,MZI13_arm0,current_layer,19,13,0,4.442,4.4343188506267595,0.07681149373240627,True,1,0.1
7,4,optimized,,1,0.013110607013684532,0.01288944075446804,MZI13_arm1,current_layer,15,13,1,5.366,5.3710806921798735,-0.05080692179873516,True,1,0.1
7,4,optimized,,1,0.01288944075446804,0.012749376432427786,MZI14_arm1,current_layer,16,14,1,4.301,4.297419134483245,0.035808655167555804,True,1,0.1
7,4,optimized,,1,0.012749376432427786,0.012736769982328857,MZI14_arm0,current_layer,20,14,0,3.68,3.681659280697673,-0.01659280697672635,True,1,0.1
7,4,optimized,,1,0.012736769982328857,0.012498090646845659,MZI15_arm1,current_layer,17,15,1,3.728,3.7235208544840868,0.04479145515913345,True,1,0.1
7,4,optimized,,1,0.012498090646845659,0.012355011728964558,MZI15_arm0,current_layer,21,15,0,2.3,2.3032215140194516,-0.03221514019452009,True,1,0.1
7,4,optimized,,1,0.012355011728964558,0.012053333555449429,MZI11_arm0,previous_layer_compensation,74,11,0,4.771,4.777462476089683,-0.06462476089683326,True,1,0.1
7,4,optimized,,1,0.012053333555449429,0.01203528760816971,MZI11_arm1,previous_layer_compensation,70,11,1,5.164,5.1626083176259145,0.027833647481700818,True,2,0.05
7,4,optimized,,1,0.01203528760816971,0.01203528760816971,MZI10_arm1,previous_layer_compensation,71,10,1,3.462,3.462,0.026028176066716986,False,7,0.1
7,4,optimized,,1,0.01203528760816971,0.01203528760816971,MZI10_arm0,previous_layer_compensation,75,10,0,5.456,5.456,0.0030096743247356953,False,7,0.1
7,4,optimized,,1,0.01203528760816971,0.012015336546716559,MZI12_arm0,previous_layer_compensation,73,12,0,3.529,3.5297828044631667,-0.015656089263339546,True,2,0.05
7,4,optimized,,1,0.012015336546716559,0.012015336546716559,MZI12_arm1,previous_layer_compensation,69,12,1,3.645,3.645,-0.00372449900760481,False,7,0.1
7,4,optimized,,1,0.012015336546716559,0.012015336546716559,MZI9_arm0,previous_layer_compensation,76,9,0,5.361,5.361,-0.007792120605473472,False,7,0.1
7,4,optimized,,1,0.012015336546716559,0.01200321211601125,MZI9_arm1,previous_layer_compensation,72,9,1,5.395,5.3946046968142705,0.007906063714590211,True,2,0.05
7,4,optimized,,2,0.012089237990182041,0.01197083093421741,MZI13_arm0,current_layer,19,13,0,4.434,4.432806433454207,0.023871330915872128,True,2,0.05
7,4,optimized,,2,0.01197083093421741,0.01197083093421741,MZI13_arm1,current_layer,15,13,1,5.371,5.371,-0.019265306091982806,False,7,0.1
7,4,optimized,,2,0.01197083093421741,0.011950107571323794,MZI15_arm1,current_layer,17,15,1,3.724,3.7201402834389476,0.03859716561052633,True,1,0.1
7,4,optimized,,2,0.011950107571323794,0.011855430856978584,MZI14_arm1,current_layer,16,14,1,4.297,4.295528744929511,0.014712550704885061,True,1,0.1
7,4,optimized,,2,0.011855430856978584,0.011797526290243169,MZI15_arm0,current_layer,21,15,0,2.303,2.3058635567455594,-0.028635567455595107,True,1,0.1
7,4,optimized,,2,0.011797526290243169,0.011777640381409058,MZI14_arm0,current_layer,20,14,0,3.682,3.6823405327774417,-0.0068106555488341965,True,2,0.05
7,4,optimized,,2,0.011777640381409058,0.011699934476853507,MZI11_arm0,previous_layer_compensation,74,11,0,4.777,4.780240526794367,-0.03240526794367222,True,1,0.1
7,4,optimized,,2,0.011699934476853507,0.01167634181776137,MZI11_arm1,previous_layer_compensation,70,11,1,5.163,5.162071860384383,0.009281396156167143,True,1,0.1
7,4,optimized,,2,0.01167634181776137,0.011637852535917908,MZI10_arm1,previous_layer_compensation,71,10,1,3.462,3.4614791802204796,0.020832791180826055,True,3,0.025
7,4,optimized,,2,0.011637852535917908,0.011637852535917908,MZI12_arm0,previous_layer_compensation,73,12,0,3.53,3.53,-0.013633864866833524,False,7,0.1
7,4,optimized,,2,0.011637852535917908,0.011634424238212,MZI9_arm1,previous_layer_compensation,72,9,1,5.395,5.394982732513791,0.011051191173460574,True,7,0.0015625
7,4,optimized,,2,0.011634424238212,0.011634424238212,MZI9_arm0,previous_layer_compensation,76,9,0,5.361,5.361,-0.00891057880723518,False,7,0.1
7,4,optimized,,2,0.011634424238212,0.011631993747689579,MZI12_arm1,previous_layer_compensation,69,12,1,3.645,3.645231069721174,-0.004621394423482508,True,2,0.05
7,4,optimized,,2,0.011631993747689579,0.011631993747689579,MZI10_arm0,previous_layer_compensation,75,10,0,5.456,5.456,0.0038184515669923078,False,7,0.1
7,4,optimized,,3,0.011696821610411797,0.011573443083574367,MZI15_arm1,current_layer,17,15,1,3.72,3.7164503649552687,0.03549635044731403,True,1,0.1
7,4,optimized,,3,0.011573443083574367,0.011400590100687216,MZI15_arm0,current_layer,21,15,0,2.306,2.308526672295429,-0.025266722954293417,True,1,0.1
7,4,optimized,,3,0.011400590100687216,0.011400590100687216,MZI13_arm0,current_layer,19,13,0,4.433,4.433,0.024154585120749777,False,7,0.1
7,4,optimized,,3,0.011400590100687216,0.01137793487572191,MZI13_arm1,current_layer,15,13,1,5.371,5.3733683544248905,-0.02368354424890057,True,1,0.1
7,4,optimized,,3,0.01137793487572191,0.01137793487572191,MZI14_arm1,current_layer,16,14,1,4.296,4.296,-0.5418543928910188,False,7,0.1
7,4,optimized,,3,0.01137793487572191,0.011369598139630219,MZI14_arm0,current_layer,20,14,0,3.682,3.6820221519561915,-0.0035443129906771527,True,5,0.00625
7,4,optimized,,3,0.011369598139630219,0.011352755922933196,MZI11_arm0,previous_layer_compensation,74,11,0,4.78,4.7795064284172275,0.01974286331091014,True,3,0.025
7,4,optimized,,3,0.011352755922933196,0.011319825826258352,MZI10_arm1,previous_layer_compensation,71,10,1,3.461,3.460556364223603,0.01774543105588329,True,3,0.025
7,4,optimized,,3,0.011319825826258352,0.011319825826258352,MZI12_arm0,previous_layer_compensation,73,12,0,3.53,3.53,-0.012536842185161327,False,7,0.1
7,4,optimized,,3,0.011319825826258352,0.011319825826258352,MZI9_arm1,previous_layer_compensation,72,9,1,5.395,5.395,0.012106424655341324,False,7,0.1
7,4,optimized,,3,0.011319825826258352,0.011319825826258352,MZI11_arm1,previous_layer_compensation,70,11,1,5.162,5.162,0.004897665885710365,False,7,0.1
7,4,optimized,,3,0.011319825826258352,0.011319825826258352,MZI9_arm0,previous_layer_compensation,76,9,0,5.361,5.361,-0.007126454294192962,False,7,0.1
7,4,optimized,,3,0.011319825826258352,0.011319825826258352,MZI12_arm1,previous_layer_compensation,69,12,1,3.645,3.645,-0.004538542044471654,False,7,0.1
7,4,optimized,,3,0.011319825826258352,0.011319825826258352,MZI10_arm0,previous_layer_compensation,75,10,0,5.456,5.456,0.001516460039968192,False,7,0.1
7,4,optimized,,4,0.011408824025091635,0.011359313117917946,MZI14_arm1,current_layer,16,14,1,4.296,4.295390685036291,0.012186299274175591,True,2,0.05
7,4,optimized,,4,0.011359313117917946,0.011287641643843483,MZI15_arm1,current_layer,17,15,1,3.716,3.713201876962899,0.02798123037101214,True,1,0.1
7,4,optimized,,4,0.011287641643843483,0.011287641643843483,MZI15_arm0,current_layer,21,15,0,2.309,2.309,-0.018581375972632503,False,7,0.1
7,4,optimized,,4,0.011287641643843483,0.011230894766843887,MZI13_arm0,current_layer,19,13,0,4.433,4.431495126996229,0.015048730037713126,True,1,0.1
7,4,optimized,,4,0.011230894766843887,0.011203777765187994,MZI13_arm1,current_layer,15,13,1,5.373,5.3730400592977166,-0.0016023719086397967,True,3,0.025
7,4,optimized,,4,0.011203777765187994,0.011203777765187994,MZI14_arm0,current_layer,20,14,0,3.682,3.682,-0.002000265697185654,False,7,0.1
7,4,optimized,,4,0.011203777765187994,0.011203777765187994,MZI11_arm0,previous_layer_compensation,74,11,0,4.78,4.78,-0.015183727812906354,False,7,0.1
7,4,optimized,,4,0.011203777765187994,0.011203777765187994,MZI10_arm1,previous_layer_compensation,71,10,1,3.461,3.461,0.01944559037587357,False,7,0.1
7,4,optimized,,4,0.011203777765187994,0.011198668317582603,MZI12_arm0,previous_layer_compensation,73,12,0,3.53,3.5305022275624443,-0.010044551248886658,True,2,0.05
7,4,optimized,,4,0.011198668317582603,0.011196529297697618,MZI9_arm1,previous_layer_compensation,72,9,1,5.395,5.3935541010072505,0.014458989927486782,True,1,0.1
7,4,optimized,,4,0.011196529297697618,0.011196529297697618,MZI9_arm0,previous_layer_compensation,76,9,0,5.361,5.361,-0.008793673991831409,False,7,0.1
7,4,optimized,,4,0.011196529297697618,0.011196529297697618,MZI11_arm1,previous_layer_compensation,70,11,1,5.162,5.162,0.001788007743328766,False,7,0.1
7,4,optimized,,4,0.011196529297697618,0.011196529297697618,MZI12_arm1,previous_layer_compensation,69,12,1,3.645,3.645,-0.0032198434885458986,False,7,0.1
7,4,optimized,,4,0.011196529297697618,0.011186983142427666,MZI10_arm0,previous_layer_compensation,75,10,0,5.456,5.45605213969601,-0.002085587840391577,True,3,0.025
7,4,optimized,,5,0.011289676251079815,0.011170064704714648,MZI15_arm1,current_layer,17,15,1,3.713,3.710309353929268,0.026906460707320338,True,1,0.1
7,4,optimized,,5,0.011170064704714648,0.011102733102818266,MZI15_arm0,current_layer,21,15,0,2.309,2.3110413612135385,-0.020413612135384795,True,1,0.1
7,4,optimized,,5,0.011102733102818266,0.011102733102818266,MZI13_arm0,current_layer,19,13,0,4.431,4.431,0.011061903877735538,False,7,0.1
7,4,optimized,,5,0.011102733102818266,0.011093437258403751,MZI14_arm1,current_layer,16,14,1,4.295,4.294276937274659,0.0072306272534133804,True,1,0.1
7,4,optimized,,5,0.011093437258403751,0.01108721498679501,MZI14_arm0,current_layer,20,14,0,3.682,3.6820033300698647,-0.0005328111783854494,True,5,0.00625
7,4,optimized,,5,0.01108721498679501,0.01108721498679501,MZI13_arm1,current_layer,15,13,1,5.373,5.373,-0.007195905199231555,False,7,0.1
7,4,optimized,,5,0.01108721498679501,0.01108721498679501,MZI10_arm1,previous_layer_compensation,71,10,1,3.461,3.461,0.02139759610082844,False,7,0.1
7,4,optimized,,5,0.01108721498679501,0.01108721498679501,MZI11_arm0,previous_layer_compensation,74,11,0,4.78,4.78,-0.014649041642994225,False,7,0.1
7,4,optimized,,5,0.01108721498679501,0.011081634434970523,MZI9_arm1,previous_layer_compensation,72,9,1,5.394,5.393683658941883,0.012653642324713882,True,3,0.025
7,4,optimized,,5,0.011081634434970523,0.011081634434970523,MZI12_arm0,previous_layer_compensation,73,12,0,3.531,3.531,-0.0114774055178133,False,7,0.1
7,4,optimized,,5,0.011081634434970523,0.011081634434970523,MZI9_arm0,previous_layer_compensation,76,9,0,5.361,5.361,-0.009196578729647895,False,7,0.1
7,4,optimized,,5,0.011081634434970523,0.011063337608857717,MZI12_arm1,previous_layer_compensation,69,12,1,3.645,3.645001560815968,-0.0009989222194413646,True,7,0.0015625
7,4,optimized,,5,0.011063337608857717,0.011063337608857717,MZI10_arm0,previous_layer_compensation,75,10,0,5.456,5.456,-0.0007425647999041876,False,7,0.1
7,4,optimized,,5,0.011063337608857717,0.011063337608857717,MZI11_arm1,previous_layer_compensation,70,11,1,5.162,5.162,-0.0023511547187972884,False,7,0.1
7,4,optimized,,6,0.01118608281175477,0.011120730515680247,MZI15_arm1,current_layer,17,15,1,3.71,3.7074019213533496,0.025980786466502113,True,1,0.1
7,4,optimized,,6,0.011120730515680247,0.010995302049488424,MZI15_arm0,current_layer,21,15,0,2.311,2.3128033771716843,-0.01803377171684382,True,1,0.1
7,4,optimized,,6,0.010995302049488424,0.010995302049488424,MZI13_arm0,current_layer,19,13,0,4.431,4.431,0.011167419279345803,False,7,0.1
7,4,optimized,,6,0.010995302049488424,0.010995302049488424,MZI14_arm1,current_layer,16,14,1,4.294,4.294,-0.000991658404481533,False,7,0.1
7,4,optimized,,6,0.010995302049488424,0.010968151504404873,MZI13_arm1,current_layer,15,13,1,5.373,5.373012929117252,-0.008274635041017343,True,7,0.0015625
7,4,optimized,,6,0.010968151504404873,0.010962594408281111,MZI14_arm0,current_layer,20,14,0,3.682,3.682013099437844,-0.00026198875688618665,True,2,0.05
7,4,optimized,,6,0.010962594408281111,0.010953164860868947,MZI10_arm1,previous_layer_compensation,71,10,1,3.461,3.458894118197114,0.021058818028860445,True,1,0.1
7,4,optimized,,6,0.010953164860868947,0.010918429396581884,MZI11_arm0,previous_layer_compensation,74,11,0,4.78,4.781627908722299,-0.016279087222986984,True,1,0.1
7,4,optimized,,6,0.010918429396581884,0.010918429396581884,MZI9_arm1,previous_layer_compensation,72,9,1,5.394,5.394,0.01060301488236384,False,7,0.1
7,4,optimized,,6,0.010918429396581884,0.01086784829426294,MZI12_arm0,previous_layer_compensation,73,12,0,3.531,3.5310153790358516,-0.009842582944857405,True,7,0.0015625
7,4,optimized,,6,0.01086784829426294,0.01086784829426294,MZI9_arm0,previous_layer_compensation,76,9,0,5.361,5.361,-0.0057019958767404524,False,7,0.1
7,4,optimized,,6,0.01086784829426294,0.01086784829426294,MZI11_arm1,previous_layer_compensation,70,11,1,5.162,5.162,-0.009869871025828607,False,7,0.1
7,4,optimized,,6,0.01086784829426294,0.01086784829426294,MZI12_arm1,previous_layer_compensation,69,12,1,3.645,3.645,-0.0004768948317539555,False,7,0.1
7,4,optimized,,6,0.01086784829426294,0.01086784829426294,MZI10_arm0,previous_layer_compensation,75,10,0,5.456,5.456,0.007674321465347263,False,7,0.1
7,4,optimized,,7,0.01097247416875397,0.010962402655692505,MZI15_arm1,current_layer,17,15,1,3.707,3.704922168186911,0.02077831813089178,True,1,0.1
7,4,optimized,,7,0.010962402655692505,0.010870981929172848,MZI15_arm0,current_layer,21,15,0,2.313,2.314521315132805,-0.015213151328046293,True,1,0.1
7,4,optimized,,7,0.010870981929172848,0.01086009615314282,MZI13_arm0,current_layer,19,13,0,4.431,4.430319165021499,0.013616699570029731,True,2,0.05
7,4,optimized,,7,0.01086009615314282,0.01086009615314282,MZI13_arm1,current_layer,15,13,1,5.373,5.373,-0.004738715512754623,False,7,0.1
7,4,optimized,,7,0.01086009615314282,0.01084766620993404,MZI14_arm1,current_layer,16,14,1,4.294,4.293981942348429,0.00018057651570420541,True,1,0.1
7,4,optimized,,7,0.01084766620993404,0.010776073031377223,MZI14_arm0,current_layer,20,14,0,3.682,3.68196711258434,0.001315496626407962,True,3,0.025
7,4,optimized,,7,0.010776073031377223,0.010776073031377223,MZI10_arm1,previous_layer_compensation,71,10,1,3.459,3.459,0.016343216143766326,False,7,0.1
7,4,optimized,,7,0.010776073031377223,0.010776073031377223,MZI11_arm0,previous_layer_compensation,74,11,0,4.782,4.782,-0.0061298475305793425,False,7,0.1
7,4,optimized,,7,0.010776073031377223,0.010776073031377223,MZI9_arm1,previous_layer_compensation,72,9,1,5.394,5.394,0.010230298230962675,False,7,0.1
7,4,optimized,,7,0.010776073031377223,0.010776073031377223,MZI11_arm1,previous_layer_compensation,70,11,1,5.162,5.162,-0.01050507525327148,False,7,0.1
7,4,optimized,,7,0.010776073031377223,0.010776073031377223,MZI12_arm0,previous_layer_compensation,73,12,0,3.531,3.531,-0.010305079949899636,False,7,0.1
7,4,optimized,,7,0.010776073031377223,0.010776073031377223,MZI10_arm0,previous_layer_compensation,75,10,0,5.456,5.456,0.005983095910226533,False,7,0.1
7,4,optimized,,7,0.010776073031377223,0.010776073031377223,MZI9_arm0,previous_layer_compensation,76,9,0,5.361,5.361,-0.010637558265200674,False,7,0.1
7,4,optimized,,7,0.010776073031377223,0.010776073031377223,MZI12_arm1,previous_layer_compensation,69,12,1,3.645,3.645,-0.0007410305960669349,False,7,0.1
7,4,optimized,,8,0.010868132597966573,0.010844118668513938,MZI15_arm1,current_layer,17,15,1,3.705,3.7045616129854757,0.017535480580980367,True,3,0.025
7,4,optimized,,8,0.010844118668513938,0.01083575997843853,MZI15_arm0,current_layer,21,15,0,2.315,2.3156878221633432,-0.013756443266867872,True,2,0.05
7,4,optimized,,8,0.01083575997843853,0.010815385494681987,MZI13_arm0,current_layer,19,13,0,4.43,4.42934735980737,0.013052803852598724,True,2,0.05
7,4,optimized,,8,0.010815385494681987,0.01074415425194713,MZI13_arm1,current_layer,15,13,1,5.373,5.373232479307079,-0.0023247930707905014,True,1,0.1
7,4,optimized,,8,0.01074415425194713,0.01074415425194713,MZI14_arm0,current_layer,20,14,0,3.682,3.682,-0.00030065699444170216,False,7,0.1
7,4,optimized,,8,0.01074415425194713,0.01074415425194713,MZI14_arm1,current_layer,16,14,1,4.294,4.294,0.0019821796741644596,False,7,0.1
7,4,optimized,,8,0.01074415425194713,0.01074415425194713,MZI10_arm1,previous_layer_compensation,71,10,1,3.459,3.459,0.01591850008233504,False,7,0.1
7,4,optimized,,8,0.01074415425194713,0.01074415425194713,MZI9_arm0,previous_layer_compensation,76,9,0,5.361,5.361,-0.010326386954549308,False,7,0.1
7,4,optimized,,8,0.01074415425194713,0.01074415425194713,MZI11_arm1,previous_layer_compensation,70,11,1,5.162,5.162,-0.011334858276866136,False,7,0.1
7,4,optimized,,8,0.01074415425194713,0.01074415425194713,MZI12_arm0,previous_layer_compensation,73,12,0,3.531,3.531,-0.008182350222798089,False,7,0.1
7,4,optimized,,8,0.01074415425194713,0.01074415425194713,MZI9_arm1,previous_layer_compensation,72,9,1,5.394,5.394,0.012890971237186603,False,7,0.1
7,4,optimized,,8,0.01074415425194713,0.01074415425194713,MZI11_arm0,previous_layer_compensation,74,11,0,4.782,4.782,-0.005066791812561645,False,7,0.1
7,4,optimized,,8,0.01074415425194713,0.01074415425194713,MZI10_arm0,previous_layer_compensation,75,10,0,5.456,5.456,0.0040322688358834955,False,7,0.1
7,4,optimized,,8,0.01074415425194713,0.01074415425194713,MZI12_arm1,previous_layer_compensation,69,12,1,3.645,3.645,-0.0016424658843957366,False,7,0.1
7,4,optimized,,9,0.010846780309710737,0.010844554152888038,MZI15_arm1,current_layer,17,15,1,3.705,3.703512491814843,0.014875081851572382,True,1,0.1
7,4,optimized,,9,0.010844554152888038,0.010775555246865806,MZI15_arm0,current_layer,21,15,0,2.316,2.317132266533801,-0.01132266533801174,True,1,0.1
7,4,optimized,,9,0.010775555246865806,0.010775555246865806,MZI13_arm0,current_layer,19,13,0,4.429,4.429,0.010960127084791065,False,7,0.1
7,4,optimized,,9,0.010775555246865806,0.010775212336671095,MZI13_arm1,current_layer,15,13,1,5.373,5.373033639976966,-0.005382396314597313,True,5,0.00625
7,4,optimized,,9,0.010775212336671095,0.010755068061079759,MZI14_arm1,current_layer,16,14,1,4.294,4.294041703471044,-0.0016681388417827065,True,3,0.025
7,4,optimized,,9,0.010755068061079759,0.010755068061079759,MZI14_arm0,current_layer,20,14,0,3.682,3.682,-0.0008445510732474254,False,7,0.1
7,4,optimized,,9,0.010755068061079759,0.010755068061079759,MZI10_arm1,previous_layer_compensation,71,10,1,3.459,3.459,0.015367320466986209,False,7,0.1
7,4,optimized,,9,0.010755068061079759,0.010689580887606905,MZI9_arm1,previous_layer_compensation,72,9,1,5.394,5.3929706343046115,0.010293656953883807,True,1,0.1
7,4,optimized,,9,0.010689580887606905,0.010660729450414125,MZI11_arm1,previous_layer_compensation,70,11,1,5.162,5.1621576372321325,-0.012610978570585952,True,4,0.0125
7,4,optimized,,9,0.010660729450414125,0.010660729450414125,MZI9_arm0,previous_layer_compensation,76,9,0,5.361,5.361,-0.008437640753364074,False,7,0.1
7,4,optimized,,9,0.010660729450414125,0.010660729450414125,MZI12_arm0,previous_layer_compensation,73,12,0,3.531,3.531,-0.010112991827854094,False,7,0.1
7,4,optimized,,9,0.010660729450414125,0.010660729450414125,MZI11_arm0,previous_layer_compensation,74,11,0,4.782,4.782,-0.005132154618622669,False,7,0.1
7,4,optimized,,9,0.010660729450414125,0.010660729450414125,MZI10_arm0,previous_layer_compensation,75,10,0,5.456,5.456,0.0066656966458972875,False,7,0.1
7,4,optimized,,9,0.010660729450414125,0.010660729450414125,MZI12_arm1,previous_layer_compensation,69,12,1,3.645,3.645,-0.0015706083797004358,False,7,0.1
7,5,optimized,,0,0.011149138564849875,0.01102360347812963,MZI17_arm0,current_layer,84,17,0,2.899,2.947193245020599,-0.48193245020598946,True,1,0.1
7,5,optimized,,0,0.01102360347812963,0.010988932040035463,MZI17_arm1,current_layer,80,17,1,3.182,3.182034681787219,-0.002774542977506276,True,4,0.0125
7,5,optimized,,0,0.010988932040035463,0.010988932040035463,MZI18_arm0,current_layer,83,18,0,2.926,2.926,-0.007360482450119566,False,7,0.1
7,5,optimized,,0,0.010988932040035463,0.010988932040035463,MZI18_arm1,current_layer,79,18,1,3.994,3.994,0.006499910336854548,False,7,0.1
7,5,optimized,,0,0.010988932040035463,0.01097970286890148,MZI19_arm0,current_layer,82,19,0,3.251,3.2503054559215663,0.013890881568671605,True,2,0.05
7,5,optimized,,0,0.01097970286890148,0.01097970286890148,MZI19_arm1,current_layer,78,19,1,4.375,4.375,-0.025524506295686162,False,7,0.1
7,5,optimized,,0,0.01097970286890148,0.010958868979441197,MZI20_arm0,current_layer,81,20,0,1.517,1.5169979620248015,4.075950396911426e-05,True,2,0.05
7,5,optimized,,0,0.010958868979441197,0.010958868979441197,MZI20_arm1,current_layer,77,20,1,4.585,4.585,-0.004320536718728859,False,7,0.1
7,5,optimized,,0,0.010958868979441197,0.010958422464221733,MZI13_arm0,previous_layer_compensation,19,13,0,4.429,4.4252501329191185,0.03749867080881503,True,1,0.1
7,5,optimized,,0,0.010958422464221733,0.010887582272803622,MZI13_arm1,previous_layer_compensation,15,13,1,5.373,5.375955778974948,-0.029557789749478227,True,1,0.1
7,5,optimized,,0,0.010887582272803622,0.010665937871373992,MZI14_arm0,previous_layer_compensation,20,14,0,3.682,3.68840624703373,-0.06406247033729902,True,1,0.1
7,5,optimized,,0,0.010665937871373992,0.010275443324086786,MZI14_arm1,previous_layer_compensation,16,14,1,4.294,4.287637242266861,0.06362757733138644,True,1,0.1
7,5,optimized,,0,0.010275443324086786,0.010214583201850171,MZI15_arm0,previous_layer_compensation,21,15,0,2.317,2.3191359740808064,-0.021359740808061713,True,1,0.1
7,5,optimized,,0,0.010214583201850171,0.010051946192481826,MZI15_arm1,previous_layer_compensation,17,15,1,3.704,3.7008363760594447,0.03163623940555441,True,1,0.1
7,5,optimized,,1,0.010252477568180431,0.010159777629522691,MZI17_arm0,current_layer,84,17,0,2.947,2.947484317502737,-0.004843175027370405,True,1,0.1
7,5,optimized,,1,0.010159777629522691,0.010125497327054634,MZI19_arm1,current_layer,78,19,1,4.375,4.3762634026152325,-0.025268052304648903,True,2,0.05
7,5,optimized,,1,0.010125497327054634,0.009937643943163097,MZI19_arm0,current_layer,82,19,0,3.25,3.248857744576984,0.011422554230160144,True,1,0.1
7,5,optimized,,1,0.009937643943163097,0.009937643943163097,MZI18_arm0,current_layer,83,18,0,2.926,2.926,0.0010531827691032279,False,7,0.1
7,5,optimized,,1,0.009937643943163097,0.009899683741220413,MZI18_arm1,current_layer,79,18,1,3.994,3.994110906143948,-0.002218122878954677,True,2,0.05
7,5,optimized,,1,0.009899683741220413,0.009899683741220413,MZI20_arm1,current_layer,77,20,1,4.585,4.585,-0.008552088001171892,False,7,0.1
7,5,optimized,,1,0.009899683741220413,0.009899683741220413,MZI17_arm1,current_layer,80,17,1,3.182,3.182,0.003717128504635705,False,7,0.1
7,5,optimized,,1,0.009899683741220413,0.009899683741220413,MZI20_arm0,current_layer,81,20,0,1.517,1.517,0.0031830322817030074,False,7,0.1
7,5,optimized,,1,0.009899683741220413,0.009899683741220413,MZI14_arm0,previous_layer_compensation,20,14,0,3.688,3.688,-0.04227016742835411,False,7,0.1
7,5,optimized,,1,0.009899683741220413,0.009860289296146789,MZI14_arm1,previous_layer_compensation,16,14,1,4.288,4.283180409166994,0.048195908330056,True,1,0.1
7,5,optimized,,1,0.009860289296146789,0.009811989494361012,MZI13_arm0,previous_layer_compensation,19,13,0,4.425,4.424297113588802,0.007028864111981017,True,1,0.1
7,5,optimized,,1,0.009811989494361012,0.009797700895468286,MZI15_arm1,previous_layer_compensation,17,15,1,3.701,3.699649645368141,0.02700709263717914,True,2,0.05
7,5,optimized,,1,0.009797700895468286,0.009785923421581874,MZI13_arm1,previous_layer_compensation,15,13,1,5.376,5.376603481983273,-0.006034819832723526,True,1,0.1
7,5,optimized,,1,0.009785923421581874,0.009755575476435428,MZI15_arm0,previous_layer_compensation,21,15,0,2.319,2.320982250627184,-0.01982250627184134,True,1,0.1
7,5,optimized,,2,0.009917110494334668,0.009825588053688503,MZI19_arm1,current_layer,78,19,1,4.376,4.378316371075416,-0.023163710754154077,True,1,0.1
7,5,optimized,,2,0.009825588053688503,0.009732550109147923,MZI19_arm0,current_layer,82,19,0,3.249,3.248752649155971,0.009894033761165431,True,3,0.025
7,5,optimized,,2,0.009732550109147923,0.00970007421212566,MZI20_arm1,current_layer,77,20,1,4.585,4.585322792997472,-0.006455859949430122,True,2,0.05
7,5,optimized,,2,0.00970007421212566,0.009689724352523068,MZI17_arm0,current_layer,84,17,0,2.947,2.946984997661452,0.001200187083830053,True,4,0.0125
7,5,optimized,,2,0.009689724352523068,0.009652300877894194,MZI17_arm1,current_layer,80,17,1,3.182,3.181935879118903,0.0012824176219341447,True,2,0.05
7,5,optimized,,2,0.009652300877894194,0.00961941080879192,MZI20_arm0,current_layer,81,20,0,1.517,1.516993038487171,0.0011138420526050983,True,5,0.00625
7,5,optimized,,2,0.00961941080879192,0.00961941080879192,MZI18_arm1,current_layer,79,18,1,3.994,3.994,-0.008215440657140199,False,7,0.1
7,5,optimized,,2,0.00961941080879192,0.00961941080879192,MZI18_arm0,current_layer,83,18,0,2.926,2.926,0.004785369879706622,False,7,0.1
7,5,optimized,,2,0.00961941080879192,0.009513207417248795,MZI14_arm1,previous_layer_compensation,16,14,1,4.283,4.2793195632199375,0.03680436780063028,True,1,0.1
7,5,optimized,,2,0.009513207417248795,0.009448882497640282,MZI14_arm0,previous_layer_compensation,20,14,0,3.688,3.690354875721725,-0.023548757217249226,True,1,0.1
7,5,optimized,,2,0.009448882497640282,0.009448882497640282,MZI15_arm1,previous_layer_compensation,17,15,1,3.7,3.7,0.021936869007942977,False,7,0.1
7,5,optimized,,2,0.009448882497640282,0.009448882497640282,MZI15_arm0,previous_layer_compensation,21,15,0,2.321,2.321,-0.01929985679120317,False,7,0.1
7,5,optimized,,2,0.009448882497640282,0.009436902784384846,MZI13_arm0,previous_layer_compensation,19,13,0,4.424,4.424161363699023,-0.006454547960909259,True,3,0.025
7,5,optimized,,2,0.009436902784384846,0.009436902784384846,MZI13_arm1,previous_layer_compensation,15,13,1,5.377,5.377,0.007006570577762166,False,7,0.1
7,5,optimized,,3,0.00951582628233634,0.009420026361082754,MZI19_arm1,current_layer,78,19,1,4.378,4.380105315989629,-0.021053159896285725,True,1,0.1
7,5,optimized,,3,0.009420026361082754,0.009420026361082754,MZI19_arm0,current_layer,82,19,0,3.249,3.249,0.014596700819803967,False,7,0.1
7,5,optimized,,3,0.009420026361082754,0.009420026361082754,MZI18_arm1,current_layer,79,18,1,3.994,3.994,-0.008663710238664649,False,7,0.1
7,5,optimized,,3,0.009420026361082754,0.009420026361082754,MZI20_arm1,current_layer,77,20,1,4.585,4.585,-0.007818005090130064,False,7,0.1
7,5,optimized,,3,0.009420026361082754,0.009420026361082754,MZI18_arm0,current_layer,83,18,0,2.926,2.926,0.004942884641034044,False,7,0.1
7,5,optimized,,3,0.009420026361082754,0.009420026361082754,MZI17_arm1,current_layer,80,17,1,3.182,3.182,0.0023115811391389153,False,7,0.1
7,5,optimized,,3,0.009420026361082754,0.009420026361082754,MZI17_arm0,current_layer,84,17,0,2.947,2.947,-0.0033577845526583092,False,7,0.1
7,5,optimized,,3,0.009420026361082754,0.009420026361082754,MZI20_arm0,current_layer,81,20,0,1.517,1.517,-0.0005912126227178288,False,7,0.1
7,5,optimized,,3,0.009420026361082754,0.009419616824363772,MZI14_arm1,previous_layer_compensation,16,14,1,4.279,4.278934335030523,0.021012790232504693,True,6,0.003125
7,5,optimized,,3,0.009419616824363772,0.009419616824363772,MZI14_arm0,previous_layer_compensation,20,14,0,3.69,3.69,-0.021732472155384996,False,7,0.1
7,5,optimized,,3,0.009419616824363772,0.009412979107414537,MZI15_arm1,previous_layer_compensation,17,15,1,3.7,3.699386283620165,0.024548655193404736,True,3,0.025
7,5,optimized,,3,0.009412979107414537,0.009375132785546823,MZI15_arm0,previous_layer_compensation,21,15,0,2.321,2.3225973922105765,-0.01597392210576385,True,1,0.1
7,5,optimized,,3,0.009375132785546823,0.009375132785546823,MZI13_arm1,previous_layer_compensation,15,13,1,5.377,5.377,0.004251676800175276,False,7,0.1
7,5,optimized,,3,0.009375132785546823,0.009375132785546823,MZI13_arm0,previous_layer_compensation,19,13,0,4.424,4.424,-0.00696113458248735,False,7,0.1
7,5,optimized,,4,0.009522393017407439,0.009415893679504642,MZI19_arm1,current_layer,78,19,1,4.38,4.382072629391745,-0.02072629391745322,True,1,0.1
7,5,optimized,,4,0.009415893679504642,0.009415893679504642,MZI19_arm0,current_layer,82,19,0,3.249,3.249,0.006479089943921479,False,7,0.1
7,5,optimized,,4,0.009415893679504642,0.009410270804343342,MZI18_arm1,current_layer,79,18,1,3.994,3.9943692561630613,-0.007385123261223734,True,2,0.05
7,5,optimized,,4,0.009410270804343342,0.009410270804343342,MZI20_arm1,current_layer,77,20,1,4.585,4.585,-0.010179273016069478,False,7,0.1
7,5,optimized,,4,0.009410270804343342,0.009364049890326884,MZI18_arm0,current_layer,83,18,0,2.926,2.9255037784227684,0.004962215772318997,True,1,0.1
7,5,optimized,,4,0.009364049890326884,0.009331681995151051,MZI17_arm0,current_layer,84,17,0,2.947,2.9469995077822904,7.875483356840726e-05,True,5,0.00625
7,5,optimized,,4,0.009331681995151051,0.009331681995151051,MZI17_arm1,current_layer,80,17,1,3.182,3.182,0.002095300553314791,False,7,0.1
7,5,optimized,,4,0.009331681995151051,0.009331681995151051,MZI20_arm0,current_layer,81,20,0,1.517,1.517,-0.00034213653961130827,False,7,0.1
7,5,optimized,,4,0.009331681995151051,0.009331681995151051,MZI15_arm1,previous_layer_compensation,17,15,1,3.699,3.699,0.019648554249093668,False,7,0.1
7,5,optimized,,4,0.009331681995151051,0.009331681995151051,MZI14_arm0,previous_layer_compensation,20,14,0,3.69,3.69,-0.020073949691315422,False,7,0.1
7,5,optimized,,4,0.009331681995151051,0.009331681995151051,MZI14_arm1,previous_layer_compensation,16,14,1,4.279,4.279,0.024978938465198643,False,7,0.1
7,5,optimized,,4,0.009331681995151051,0.009331681995151051,MZI15_arm0,previous_layer_compensation,21,15,0,2.323,2.323,-0.020227822573630292,False,7,0.1
7,5,optimized,,4,0.009331681995151051,0.009331681995151051,MZI13_arm0,previous_layer_compensation,19,13,0,4.424,4.424,-0.007329439230390599,False,7,0.1
7,5,optimized,,4,0.009331681995151051,0.009331681995151051,MZI13_arm1,previous_layer_compensation,15,13,1,5.377,5.377,0.00678073669673833,False,7,0.1
7,5,optimized,,5,0.009373580397599477,0.00936901569096953,MZI19_arm1,current_layer,78,19,1,4.382,4.382160273769569,-0.012821901565551061,True,4,0.0125
7,5,optimized,,5,0.00936901569096953,0.009288422021966437,MZI20_arm1,current_layer,77,20,1,4.585,4.6442401258929875,-2.369605035719516,True,3,0.025
7,5,optimized,,5,0.009288422021966437,0.009198515862830377,MZI18_arm1,current_layer,79,18,1,3.994,3.9948653409943184,-0.008653409943180396,True,1,0.1
7,5,optimized,,5,0.009198515862830377,0.009167375679822712,MZI19_arm0,current_layer,82,19,0,3.249,3.2487367825710645,0.0052643485787122945,True,2,0.05
7,5,optimized,,5,0.009167375679822712,0.009164583767483254,MZI18_arm0,current_layer,83,18,0,2.926,2.925835700121303,0.006571995147882546,True,3,0.025
7,5,optimized,,5,0.009164583767483254,0.009128951250296728,MZI17_arm1,current_layer,80,17,1,3.182,3.182002548119879,-0.0008153983613436679,True,6,0.003125
7,5,optimized,,5,0.009128951250296728,0.009120995306101921,MZI20_arm0,current_layer,81,20,0,1.517,1.5170116579789563,-0.0018652766330228502,True,5,0.00625
7,5,optimized,,5,0.009120995306101921,0.009120995306101921,MZI17_arm0,current_layer,84,17,0,2.947,2.947,0.0012905997987166541,False,7,0.1
7,5,optimized,,5,0.009120995306101921,0.009090928140796166,MZI14_arm1,previous_layer_compensation,16,14,1,4.279,4.278929928973901,0.022422728351629683,True,6,0.003125
7,5,optimized,,5,0.009090928140796166,0.009090928140796166,MZI15_arm0,previous_layer_compensation,21,15,0,2.323,2.323,-0.02225870100241725,False,7,0.1
7,5,optimized,,5,0.009090928140796166,0.009090928140796166,MZI14_arm0,previous_layer_compensation,20,14,0,3.69,3.69,-0.02430271784120239,False,7,0.1
7,5,optimized,,5,0.009090928140796166,0.009090928140796166,MZI15_arm1,previous_layer_compensation,17,15,1,3.699,3.699,0.020476170256899923,False,7,0.1
7,5,optimized,,5,0.009090928140796166,0.009090928140796166,MZI13_arm0,previous_layer_compensation,19,13,0,4.424,4.424,-0.007114293713311802,False,7,0.1
7,5,optimized,,5,0.009090928140796166,0.009090928140796166,MZI13_arm1,previous_layer_compensation,15,13,1,5.377,5.377,0.003701952915605755,False,7,0.1
7,5,optimized,,6,0.009151729971508487,0.009151729971508487,MZI20_arm1,current_layer,77,20,1,4.644,4.644,0.0002448168470111558,False,7,0.1
7,5,optimized,,6,0.009151729971508487,0.009151729971508487,MZI19_arm1,current_layer,78,19,1,4.382,4.382,-0.015629447885425078,False,7,0.1
7,5,optimized,,6,0.009151729971508487,0.00912287580652299,MZI18_arm1,current_layer,79,18,1,3.995,3.9950927976948734,-0.0074238155898634075,True,4,0.0125
7,5,optimized,,6,0.00912287580652299,0.00912287580652299,MZI18_arm0,current_layer,83,18,0,2.926,2.926,0.004121346766358102,False,7,0.1
7,5,optimized,,6,0.00912287580652299,0.00912287580652299,MZI19_arm0,current_layer,82,19,0,3.249,3.249,0.009535410630919288,False,7,0.1
7,5,optimized,,6,0.00912287580652299,0.00912287580652299,MZI20_arm0,current_layer,81,20,0,1.517,1.517,-0.004228086788105172,False,7,0.1
7,5,optimized,,6,0.00912287580652299,0.00911573247968129,MZI17_arm0,current_layer,84,17,0,2.947,2.9470611735520977,-0.001223471041955159,True,2,0.05
7,5,optimized,,6,0.00911573247968129,0.00911573247968129,MZI17_arm1,current_layer,80,17,1,3.182,3.182,0.0001962155450681723,False,7,0.1
7,5,optimized,,6,0.00911573247968129,0.00911573247968129,MZI14_arm0,previous_layer_compensation,20,14,0,3.69,3.69,-0.02016220663462788,False,7,0.1
7,5,optimized,,6,0.00911573247968129,0.009067443585264956,MZI14_arm1,previous_layer_compensation,16,14,1,4.279,4.278427285131188,0.02290859475247302,True,3,0.025
7,5,optimized,,6,0.009067443585264956,0.009067176160212066,MZI15_arm0,previous_layer_compensation,21,15,0,2.323,2.3231353036760085,-0.0216485881613373,True,5,0.00625
7,5,optimized,,6,0.009067176160212066,0.009067176160212066,MZI15_arm1,previous_layer_compensation,17,15,1,3.699,3.699,0.02333984880315062,False,7,0.1
7,5,optimized,,6,0.009067176160212066,0.009067176160212066,MZI13_arm0,previous_layer_compensation,19,13,0,4.424,4.424,-0.002122710604298037,False,7,0.1
7,5,optimized,,6,0.009067176160212066,0.009055103622311565,MZI13_arm1,previous_layer_compensation,15,13,1,5.377,5.376679145144826,0.0032085485517380297,True,1,0.1
7,5,optimized,,7,0.009232472182915948,0.009052707661544849,MZI19_arm1,current_layer,78,19,1,4.382,4.383551773859648,-0.01551773859648045,True,1,0.1
7,5,optimized,,7,0.009052707661544849,0.009052707661544849,MZI19_arm0,current_layer,82,19,0,3.249,3.249,0.0023222292096455334,False,7,0.1
7,5,optimized,,7,0.009052707661544849,0.009041330657689051,MZI18_arm1,current_layer,79,18,1,3.995,3.995018818037728,-0.006021772073048459,True,6,0.003125
7,5,optimized,,7,0.009041330657689051,0.009036400047222216,MZI20_arm0,current_layer,81,20,0,1.517,1.5171900033620276,-0.0019000336202776025,True,1,0.1
7,5,optimized,,7,0.009036400047222216,0.009036400047222216,MZI18_arm0,current_layer,83,18,0,2.926,2.926,0.007702740851268663,False,7,0.1
7,5,optimized,,7,0.009036400047222216,0.009036400047222216,MZI17_arm0,current_layer,84,17,0,2.947,2.947,-0.0027593242377329354,False,7,0.1
7,5,optimized,,7,0.009036400047222216,0.009036400047222216,MZI20_arm1,current_layer,77,20,1,4.644,4.644,0.00013020684537447708,False,7,0.1
7,5,optimized,,7,0.009036400047222216,0.009036400047222216,MZI17_arm1,current_layer,80,17,1,3.182,3.182,0.0016501629499584317,False,7,0.1
7,5,optimized,,7,0.009036400047222216,0.009036400047222216,MZI15_arm1,previous_layer_compensation,17,15,1,3.699,3.699,0.02062502325598742,False,7,0.1
7,5,optimized,,7,0.009036400047222216,0.009036400047222216,MZI14_arm1,previous_layer_compensation,16,14,1,4.278,4.278,0.02217160235746351,False,7,0.1
7,5,optimized,,7,0.009036400047222216,0.009036400047222216,MZI15_arm0,previous_layer_compensation,21,15,0,2.323,2.323,-0.020536499664018208,False,7,0.1
7,5,optimized,,7,0.009036400047222216,0.009036400047222216,MZI14_arm0,previous_layer_compensation,20,14,0,3.69,3.69,-0.02071592499296954,False,7,0.1
7,5,optimized,,7,0.009036400047222216,0.009036400047222216,MZI13_arm1,previous_layer_compensation,15,13,1,5.377,5.377,-0.0014373190589760242,False,7,0.1
7,5,optimized,,7,0.009036400047222216,0.009036400047222216,MZI13_arm0,previous_layer_compensation,19,13,0,4.424,4.424,-0.0001995604153924275,False,7,0.1
7,5,optimized,,8,0.009130557573904038,0.0090982926151934,MZI19_arm1,current_layer,78,19,1,4.384,4.38451558138162,-0.010311627632389858,True,2,0.05
7,5,optimized,,8,0.0090982926151934,0.009080951829320167,MZI18_arm0,current_layer,83,18,0,2.926,2.9253962604680943,0.00603739531906048,True,1,0.1
7,5,optimized,,8,0.009080951829320167,0.009080951829320167,MZI18_arm1,current_layer,79,18,1,3.995,3.995,-0.004359995404173935,False,7,0.1
7,5,optimized,,8,0.009080951829320167,0.00900965648317503,MZI17_arm0,current_layer,84,17,0,2.947,2.9470145555360676,-0.0005822214427097546,True,3,0.025
7,5,optimized,,8,0.00900965648317503,0.00900965648317503,MZI19_arm0,current_layer,82,19,0,3.249,3.249,0.00644838449209805,False,7,0.1
7,5,optimized,,8,0.00900965648317503,0.00900965648317503,MZI20_arm0,current_layer,81,20,0,1.517,1.517,-0.0027823186520911708,False,7,0.1
7,5,optimized,,8,0.00900965648317503,0.009006222741834194,MZI17_arm1,current_layer,80,17,1,3.182,3.18194107010163,0.00235719593479188,True,3,0.025
7,5,optimized,,8,0.009006222741834194,0.009006222741834194,MZI20_arm1,current_layer,77,20,1,4.644,4.644,-7.728166625314655e-05,False,7,0.1
7,5,optimized,,8,0.009006222741834194,0.009006222741834194,MZI14_arm1,previous_layer_compensation,16,14,1,4.278,4.278,0.020837310889267536,False,7,0.1
7,5,optimized,,8,0.009006222741834194,0.009006222741834194,MZI14_arm0,previous_layer_compensation,20,14,0,3.69,3.69,-0.02239213918212048,False,7,0.1
7,5,optimized,,8,0.009006222741834194,0.009006222741834194,MZI15_arm1,previous_layer_compensation,17,15,1,3.699,3.699,0.020013222954355803,False,7,0.1
7,5,optimized,,8,0.009006222741834194,0.008979618417036003,MZI15_arm0,previous_layer_compensation,21,15,0,2.323,2.323424413825078,-0.01697655300312506,True,3,0.025
7,5,optimized,,8,0.008979618417036003,0.008979618417036003,MZI13_arm1,previous_layer_compensation,15,13,1,5.377,5.377,0.003991908086147876,False,7,0.1
7,5,optimized,,8,0.008979618417036003,0.008979618417036003,MZI13_arm0,previous_layer_compensation,19,13,0,4.424,4.424,-0.0022107897354175757,False,7,0.1
7,6,optimized,,0,0.013161583558830266,0.012820612825768966,MZI21_arm0,current_layer,27,21,0,3.135,3.1287845779434758,0.06215422056524226,True,1,0.1
7,6,optimized,,0,0.012820612825768966,0.01254349278095653,MZI21_arm1,current_layer,23,21,1,3.847,3.853270146738487,-0.06270146738487006,True,1,0.1
7,6,optimized,,0,0.01254349278095653,0.012471433577968071,MZI22_arm0,current_layer,28,22,0,5.127,5.125304851963642,0.016951480363577826,True,1,0.1
7,6,optimized,,0,0.012471433577968071,0.012459454060544646,MZI22_arm1,current_layer,24,22,1,4.367,4.3673839232926035,-0.003839232926032029,True,1,0.1
7,6,optimized,,0,0.012459454060544646,0.01217841537299605,MZI23_arm0,current_layer,29,23,0,4.66,4.6554680008905,0.04531999109499918,True,1,0.1
7,6,optimized,,0,0.01217841537299605,0.011950415037108812,MZI23_arm1,current_layer,25,23,1,5.038,5.043222147447779,-0.05222147447779206,True,1,0.1
7,6,optimized,,0,0.011950415037108812,0.011950415037108812,MZI17_arm0,previous_layer_compensation,84,17,0,2.947,2.947,0.015236808893319135,False,7,0.1
7,6,optimized,,0,0.011950415037108812,0.01193563841266896,MZI17_arm1,previous_layer_compensation,80,17,1,3.182,3.1820404396746698,-0.025881391788734238,True,7,0.0015625
7,6,optimized,,0,0.01193563841266896,0.01193563841266896,MZI18_arm0,previous_layer_compensation,83,18,0,2.925,2.925,-0.01009421712662534,False,7,0.1
7,6,optimized,,0,0.01193563841266896,0.01193563841266896,MZI18_arm1,previous_layer_compensation,79,18,1,3.995,3.995,0.028444524955073318,False,7,0.1
7,6,optimized,,0,0.01193563841266896,0.011440520504435472,MZI19_arm0,previous_layer_compensation,82,19,0,3.249,3.2573493097938298,-0.08349309793829761,True,1,0.1
7,6,optimized,,0,0.011440520504435472,0.010304868825093889,MZI19_arm1,previous_layer_compensation,78,19,1,4.385,4.3744828219129985,0.10517178087001235,True,1,0.1
7,6,optimized,,0,0.010304868825093889,0.010287136793434456,MZI20_arm0,previous_layer_compensation,81,20,0,1.517,1.517121915609513,-0.0024383121902631848,True,2,0.05
7,6,optimized,,0,0.010287136793434456,0.010287136793434456,MZI20_arm1,previous_layer_compensation,77,20,1,4.644,4.644,-0.013385761348899967,False,7,0.1
7,6,optimized,,1,0.010416488693594041,0.010130296265422226,MZI21_arm1,current_layer,23,21,1,3.853,3.858525643670601,-0.05525643670600682,True,1,0.1
7,6,optimized,,1,0.010130296265422226,0.009976273715562181,MZI21_arm0,current_layer,27,21,0,3.129,3.1256938414852273,0.033061585147727016,True,1,0.1
7,6,optimized,,1,0.009976273715562181,0.009840962137850668,MZI23_arm1,current_layer,25,23,1,5.043,5.0475692334355555,-0.04569233435555576,True,1,0.1
7,6,optimized,,1,0.009840962137850668,0.009726263413292328,MZI23_arm0,current_layer,29,23,0,4.655,4.652978592159559,0.020214078404414682,True,1,0.1
7,6,optimized,,1,0.009726263413292328,0.009641409986505946,MZI22_arm0,current_layer,28,22,0,5.125,5.123936689860734,0.010633101392656517,True,1,0.1
7,6,optimized,,1,0.009641409986505946,0.009641348721551115,MZI22_arm1,current_layer,24,22,1,4.367,4.367089967617224,-0.0008996761722358388,True,1,0.1
7,6,optimized,,1,0.009641348721551115,0.009045291866511703,MZI19_arm1,previous_layer_compensation,78,19,1,4.374,4.36622179582923,0.07778204170769237,True,1,0.1
7,6,optimized,,1,0.009045291866511703,0.008926703792176284,MZI19_arm0,previous_layer_compensation,82,19,0,3.257,3.2616328810890134,-0.04632881089013368,True,1,0.1
7,6,optimized,,1,0.008926703792176284,0.008907034267683316,MZI18_arm1,previous_layer_compensation,79,18,1,3.995,3.9915194475226183,0.03480552477381902,True,1,0.1
7,6,optimized,,1,0.008907034267683316,0.00886914026348463,MZI17_arm1,previous_layer_compensation,80,17,1,3.182,3.1843493611425107,-0.02349361142510839,True,1,0.1
7,6,optimized,,1,0.00886914026348463,0.008812914568447688,MZI17_arm0,previous_layer_compensation,84,17,0,2.947,2.9454231662875174,0.015768337124827333,True,1,0.1
7,6,optimized,,1,0.008812914568447688,0.008773736550427225,MZI20_arm1,previous_layer_compensation,77,20,1,4.644,4.644765360978947,-0.007653609789464442,True,1,0.1
7,6,optimized,,1,0.008773736550427225,0.008711198358806568,MZI18_arm0,previous_layer_compensation,83,18,0,2.925,2.926074545331553,-0.010745453315532262,True,1,0.1
7,6,optimized,,1,0.008711198358806568,0.008711198358806568,MZI20_arm0,previous_layer_compensation,81,20,0,1.517,1.517,-0.00409306653729956,False,7,0.1
7,6,optimized,,2,0.0087725131458778,0.00861992746807716,MZI21_arm1,current_layer,23,21,1,3.859,3.8633432176280578,-0.04343217628057649,True,1,0.1
7,6,optimized,,2,0.00861992746807716,0.008507283301644904,MZI23_arm1,current_layer,25,23,1,5.048,5.050992262549898,-0.029922625498977493,True,1,0.1
7,6,optimized,,2,0.008507283301644904,0.008437590477579752,MZI21_arm0,current_layer,27,21,0,3.126,3.12366807448506,0.023319255149400055,True,1,0.1
7,6,optimized,,2,0.008437590477579752,0.008433126962298157,MZI23_arm0,current_layer,29,23,0,4.653,4.65181051514082,0.011894848591793452,True,1,0.1
7,6,optimized,,2,0.008433126962298157,0.008433126962298157,MZI22_arm0,current_layer,28,22,0,5.124,5.124,0.008021628733876922,False,7,0.1
7,6,optimized,,2,0.008433126962298157,0.008433126962298157,MZI22_arm1,current_layer,24,22,1,4.367,4.367,0.00028918157598977195,False,7,0.1
7,6,optimized,,2,0.008433126962298157,0.008159454330858129,MZI19_arm1,previous_layer_compensation,78,19,1,4.366,4.36008914920507,0.05910850794929924,True,1,0.1
7,6,optimized,,2,0.008159454330858129,0.008032522979476415,MZI19_arm0,previous_layer_compensation,82,19,0,3.262,3.26522637712116,-0.032263771211598305,True,1,0.1
7,6,optimized,,2,0.008032522979476415,0.007954257139373925,MZI18_arm1,previous_layer_compensation,79,18,1,3.992,3.9899726178883466,0.020273821116533256,True,1,0.1
7,6,optimized,,2,0.007954257139373925,0.007954257139373925,MZI17_arm1,previous_layer_compensation,80,17,1,3.184,3.184,-0.02224781849975539,False,7,0.1
7,6,optimized,,2,0.007954257139373925,0.007764530830708605,MZI17_arm0,previous_layer_compensation,84,17,0,2.945,2.944102378075141,0.01795243849717901,True,2,0.05
7,6,optimized,,2,0.007764530830708605,0.007764530830708605,MZI18_arm0,previous_layer_compensation,83,18,0,2.926,2.926,-0.013350208689427179,False,7,0.1
7,6,optimized,,2,0.007764530830708605,0.007764530830708605,MZI20_arm1,previous_layer_compensation,77,20,1,4.645,4.645,-0.006116023190021365,False,7,0.1
7,6,optimized,,2,0.007764530830708605,0.007764530830708605,MZI20_arm0,previous_layer_compensation,81,20,0,1.517,1.517,-0.001133139383707216,False,7,0.1
7,6,optimized,,3,0.008057376108459524,0.007959087554624825,MZI21_arm1,current_layer,23,21,1,3.863,3.8661865383322005,-0.03186538332200542,True,1,0.1
7,6,optimized,,3,0.007959087554624825,0.00784666580209323,MZI23_arm1,current_layer,25,23,1,5.051,5.053389326767934,-0.023893267679332406,True,1,0.1
7,6,optimized,,3,0.00784666580209323,0.007791940852156322,MZI21_arm0,current_layer,27,21,0,3.124,3.122173991538396,0.018260084616040936,True,1,0.1
7,6,optimized,,3,0.007791940852156322,0.007771889762191104,MZI23_arm0,current_layer,29,23,0,4.652,4.651985949469525,0.008992339503870678,True,7,0.0015625
7,6,optimized,,3,0.007771889762191104,0.007771889762191104,MZI22_arm0,current_layer,28,22,0,5.124,5.124,0.004112063769144129,False,7,0.1
7,6,optimized,,3,0.007771889762191104,0.007755731085778775,MZI22_arm1,current_layer,24,22,1,4.367,4.366998037028761,0.0012563015927124193,True,7,0.0015625
7,6,optimized,,3,0.007755731085778775,0.007667630638329697,MZI19_arm1,previous_layer_compensation,78,19,1,4.36,4.355877454617998,0.04122545382002435,True,1,0.1
7,6,optimized,,3,0.007667630638329697,0.007549751915768187,MZI19_arm0,previous_layer_compensation,82,19,0,3.265,3.2675555596487795,-0.0255555964877926,True,1,0.1
7,6,optimized,,3,0.007549751915768187,0.007549751915768187,MZI17_arm1,previous_layer_compensation,80,17,1,3.184,3.184,-0.02242979775033253,False,7,0.1
7,6,optimized,,3,0.007549751915768187,0.007483982080175433,MZI18_arm1,previous_layer_compensation,79,18,1,3.99,3.987130594248611,0.028694057513894554,True,1,0.1
7,6,optimized,,3,0.007483982080175433,0.007483417562343603,MZI17_arm0,previous_layer_compensation,84,17,0,2.944,2.9423368589067813,0.016631410932186876,True,1,0.1
7,6,optimized,,3,0.007483417562343603,0.00746575262870502,MZI18_arm0,previous_layer_compensation,83,18,0,2.926,2.9270720619462858,-0.010720619462855352,True,1,0.1
7,6,optimized,,3,0.00746575262870502,0.00746575262870502,MZI20_arm1,previous_layer_compensation,77,20,1,4.645,4.645,-0.006051228587327316,False,7,0.1
7,6,optimized,,3,0.00746575262870502,0.00746575262870502,MZI20_arm0,previous_layer_compensation,81,20,0,1.517,1.517,-0.0035444448019007857,False,7,0.1
7,6,optimized,,4,0.007513711265223516,0.00737661175734376,MZI21_arm1,current_layer,23,21,1,3.866,3.868730488620888,-0.027304886208879997,True,1,0.1
7,6,optimized,,4,0.00737661175734376,0.007329388733535159,MZI23_arm1,current_layer,25,23,1,5.053,5.054973377051748,-0.019733770517485143,True,1,0.1
7,6,optimized,,4,0.007329388733535159,0.007329388733535159,MZI21_arm0,current_layer,27,21,0,3.122,3.122,0.01634163535979522,False,7,0.1
7,6,optimized,,4,0.007329388733535159,0.007329388733535159,MZI23_arm0,current_layer,29,23,0,4.652,4.652,0.006406659031437122,False,7,0.1
7,6,optimized,,4,0.007329388733535159,0.007308697577598865,MZI22_arm0,current_layer,28,22,0,5.124,5.1239707757402675,0.004675881557195498,True,5,0.00625
7,6,optimized,,4,0.007308697577598865,0.007308697577598865,MZI22_arm1,current_layer,24,22,1,4.367,4.367,0.002844295622451993,False,7,0.1
7,6,optimized,,4,0.007308697577598865,0.007306004668685703,MZI19_arm1,previous_layer_compensation,78,19,1,4.356,4.352993635775973,0.030063642240272224,True,1,0.1
7,6,optimized,,4,0.007306004668685703,0.007211307828724699,MZI18_arm1,previous_layer_compensation,79,18,1,3.987,3.9847391664999336,0.022608335000663057,True,1,0.1
7,6,optimized,,4,0.007211307828724699,0.007194375786861502,MZI19_arm0,previous_layer_compensation,82,19,0,3.268,3.269731553292236,-0.01731553292236223,True,1,0.1
7,6,optimized,,4,0.007194375786861502,0.007129986418624669,MZI17_arm1,previous_layer_compensation,80,17,1,3.184,3.185876082503797,-0.01876082503796753,True,1,0.1
7,6,optimized,,4,0.007129986418624669,0.007129986418624669,MZI17_arm0,previous_layer_compensation,84,17,0,2.942,2.942,0.01428613565341727,False,7,0.1
7,6,optimized,,4,0.007129986418624669,0.007129986418624669,MZI18_arm0,previous_layer_compensation,83,18,0,2.927,2.927,-0.00787694060754911,False,7,0.1
7,6,optimized,,4,0.007129986418624669,0.007104437586335575,MZI20_arm1,previous_layer_compensation,77,20,1,4.645,4.645113206097943,-0.00452824391775087,True,3,0.025
7,6,optimized,,4,0.007104437586335575,0.007104437586335575,MZI20_arm0,previous_layer_compensation,81,20,0,1.517,1.517,-0.002825047849885429,False,7,0.1
7,6,optimized,,5,0.007181580091073724,0.007129748409200337,MZI21_arm1,current_layer,23,21,1,3.869,3.870873068806171,-0.01873068806170556,True,1,0.1
7,6,optimized,,5,0.007129748409200337,0.007095998181259099,MZI23_arm1,current_layer,25,23,1,5.055,5.057442048410601,-0.02442048410600949,True,1,0.1
7,6,optimized,,5,0.007095998181259099,0.007053784037483172,MZI21_arm0,current_layer,27,21,0,3.122,3.1206810294591762,0.013189705408237579,True,1,0.1
7,6,optimized,,5,0.007053784037483172,0.007036562961328449,MZI23_arm0,current_layer,29,23,0,4.652,4.651529809565872,0.0047019043412809,True,1,0.1
7,6,optimized,,5,0.007036562961328449,0.007036562961328449,MZI22_arm0,current_layer,28,22,0,5.124,5.124,0.003728693717459684,False,7,0.1
7,6,optimized,,5,0.007036562961328449,0.007036562961328449,MZI22_arm1,current_layer,24,22,1,4.367,4.367,0.005157042158715314,False,7,0.1
7,6,optimized,,5,0.007036562961328449,0.00697203832007334,MZI19_arm1,previous_layer_compensation,78,19,1,4.353,4.351111246811638,0.018887531883617636,True,1,0.1
7,6,optimized,,5,0.00697203832007334,0.00697203832007334,MZI18_arm1,previous_layer_compensation,79,18,1,3.985,3.985,0.020465212491234012,False,7,0.1
7,6,optimized,,5,0.00697203832007334,0.00697203832007334,MZI17_arm1,previous_layer_compensation,80,17,1,3.186,3.186,-0.017152941089365478,False,7,0.1
7,6,optimized,,5,0.00697203832007334,0.00697203832007334,MZI19_arm0,previous_layer_compensation,82,19,0,3.27,3.27,-0.013702525851879699,False,7,0.1
7,6,optimized,,5,0.00697203832007334,0.00697203832007334,MZI17_arm0,previous_layer_compensation,84,17,0,2.942,2.942,0.01567443196632121,False,7,0.1
7,6,optimized,,5,0.00697203832007334,0.00697203832007334,MZI18_arm0,previous_layer_compensation,83,18,0,2.927,2.927,-0.009055626784580415,False,7,0.1
7,6,optimized,,5,0.00697203832007334,0.00697203832007334,MZI20_arm1,previous_layer_compensation,77,20,1,4.645,4.645,-0.005177536726122167,False,7,0.1
7,6,optimized,,5,0.00697203832007334,0.006969821783126544,MZI20_arm0,previous_layer_compensation,81,20,0,1.517,1.517007034847204,-0.002251151105341898,True,6,0.003125
7,6,optimized,,6,0.006989082442308205,0.006989082442308205,MZI23_arm1,current_layer,25,23,1,5.057,5.057,-0.013411151716248423,False,7,0.1
7,6,optimized,,6,0.006989082442308205,0.006989082442308205,MZI21_arm1,current_layer,23,21,1,3.871,3.871,-0.016082557027777677,False,7,0.1
7,6,optimized,,6,0.006989082442308205,0.0069560019952543215,MZI21_arm0,current_layer,27,21,0,3.121,3.1200476457076793,0.009523542923204559,True,1,0.1
7,6,optimized,,6,0.0069560019952543215,0.0069560019952543215,MZI22_arm1,current_layer,24,22,1,4.367,4.367,0.005680251449799241,False,7,0.1
7,6,optimized,,6,0.0069560019952543215,0.0069560019952543215,MZI23_arm0,current_layer,29,23,0,4.652,4.652,0.003231595642788744,False,7,0.1
7,6,optimized,,6,0.0069560019952543215,0.0069560019952543215,MZI22_arm0,current_layer,28,22,0,5.124,5.124,0.0012030528709303487,False,7,0.1
7,6,optimized,,6,0.0069560019952543215,0.0069560019952543215,MZI18_arm1,previous_layer_compensation,79,18,1,3.985,3.985,0.022303925073283704,False,7,0.1
7,6,optimized,,6,0.0069560019952543215,0.006929051816608811,MZI19_arm1,previous_layer_compensation,78,19,1,4.351,4.349341324036392,0.0165867596360812,True,1,0.1
7,6,optimized,,6,0.006929051816608811,0.006923460377964604,MZI17_arm1,previous_layer_compensation,80,17,1,3.186,3.1878669729864577,-0.01866972986457579,True,1,0.1
7,6,optimized,,6,0.006923460377964604,0.006923460377964604,MZI17_arm0,previous_layer_compensation,84,17,0,2.942,2.942,0.01464533510536725,False,7,0.1
7,6,optimized,,6,0.006923460377964604,0.006917054001208995,MZI19_arm0,previous_layer_compensation,82,19,0,3.27,3.2701153065319275,-0.009224522554212236,True,4,0.0125
7,6,optimized,,6,0.006917054001208995,0.006906740458930278,MZI18_arm0,previous_layer_compensation,83,18,0,2.927,2.9274539164994264,-0.009078329988529045,True,2,0.05
7,6,optimized,,6,0.006906740458930278,0.006906740458930278,MZI20_arm1,previous_layer_compensation,77,20,1,4.645,4.645,-0.0065355146068411816,False,7,0.1
7,6,optimized,,6,0.006906740458930278,0.006906740458930278,MZI20_arm0,previous_layer_compensation,81,20,0,1.517,1.517,-0.0010913669034250716,False,7,0.1
7,6,optimized,,7,0.006925825058159907,0.006925020782920424,MZI21_arm1,current_layer,23,21,1,3.871,3.8723850641036917,-0.013850641036915048,True,1,0.1
7,6,optimized,,7,0.006925020782920424,0.006925020782920424,MZI23_arm1,current_layer,25,23,1,5.057,5.057,-0.013301627622594894,False,7,0.1
7,6,optimized,,7,0.006925020782920424,0.00692455596367425,MZI21_arm0,current_layer,27,21,0,3.12,3.119800761141399,0.00796955434404619,True,3,0.025
7,6,optimized,,7,0.00692455596367425,0.006896927239123062,MZI22_arm1,current_layer,24,22,1,4.367,4.366457550393818,0.005424496061822821,True,1,0.1
7,6,optimized,,7,0.006896927239123062,0.006860359889908786,MZI23_arm0,current_layer,29,23,0,4.652,4.6516778825812555,0.0032211741874426597,True,1,0.1
7,6,optimized,,7,0.006860359889908786,0.006860359889908786,MZI22_arm0,current_layer,28,22,0,5.124,5.124,0.003170910792227313,False,7,0.1
7,6,optimized,,7,0.006860359889908786,0.006851451921668373,MZI18_arm1,previous_layer_compensation,79,18,1,3.985,3.9839931054544264,0.020137890911473135,True,2,0.05
7,6,optimized,,7,0.006851451921668373,0.0068403470033603486,MZI17_arm1,previous_layer_compensation,80,17,1,3.188,3.189671608106752,-0.016716081067520386,True,1,0.1
7,6,optimized,,7,0.0068403470033603486,0.0067991639256244655,MZI19_arm1,previous_layer_compensation,78,19,1,4.349,4.34864898094144,0.014040762342415573,True,3,0.025
7,6,optimized,,7,0.0067991639256244655,0.006797804710033002,MZI17_arm0,previous_layer_compensation,84,17,0,2.942,2.9405497726992644,0.014502273007356622,True,1,0.1
7,6,optimized,,7,0.006797804710033002,0.006797804710033002,MZI19_arm0,previous_layer_compensation,82,19,0,3.27,3.27,-0.010089389700107783,False,7,0.1
7,6,optimized,,7,0.006797804710033002,0.006783928230680504,MZI18_arm0,previous_layer_compensation,83,18,0,2.927,2.927213352558934,-0.008534102357363673,True,3,0.025
7,6,optimized,,7,0.006783928230680504,0.006783928230680504,MZI20_arm1,previous_layer_compensation,77,20,1,4.645,4.645,-0.005249392994898637,False,7,0.1
7,6,optimized,,7,0.006783928230680504,0.006772677199863102,MZI20_arm0,previous_layer_compensation,81,20,0,1.517,1.567,-0.5080590843401904,True,1,0.1
7,6,optimized,,8,0.006709276717916521,0.006679705598103735,MZI21_arm1,current_layer,23,21,1,3.872,3.8722766808320808,-0.011067233283237943,True,3,0.025
7,6,optimized,,8,0.006679705598103735,0.0066305860998093534,MZI23_arm1,current_layer,25,23,1,5.057,5.058235862518684,-0.012358625186835602,True,1,0.1
7,6,optimized,,8,0.0066305860998093534,0.0066305860998093534,MZI21_arm0,current_layer,27,21,0,3.12,3.12,0.006657909816510271,False,7,0.1
7,6,optimized,,8,0.0066305860998093534,0.0066305860998093534,MZI22_arm1,current_layer,24,22,1,4.366,4.366,0.0048887933043330984,False,7,0.1
7,6,optimized,,8,0.0066305860998093534,0.0066305860998093534,MZI23_arm0,current_layer,29,23,0,4.652,4.652,-0.0019894218960508038,False,7,0.1
7,6,optimized,,8,0.0066305860998093534,0.0066305860998093534,MZI22_arm0,current_layer,28,22,0,5.124,5.124,0.0021098076881531534,False,7,0.1
7,6,optimized,,8,0.0066305860998093534,0.0066305860998093534,MZI20_arm0,previous_layer_compensation,81,20,0,1.567,1.567,-0.0029062914458900992,False,7,0.1
7,6,optimized,,8,0.0066305860998093534,0.0066305860998093534,MZI18_arm1,previous_layer_compensation,79,18,1,3.984,3.984,0.022057874670206,False,7,0.1
7,6,optimized,,8,0.0066305860998093534,0.006619108420454727,MZI17_arm1,previous_layer_compensation,80,17,1,3.19,3.191754271834515,-0.017542718345148967,True,1,0.1
7,6,optimized,,8,0.006619108420454727,0.006607855475571766,MZI17_arm0,previous_layer_compensation,84,17,0,2.941,2.9402823903519635,0.014352192960725863,True,2,0.05
7,6,optimized,,8,0.006607855475571766,0.006607855475571766,MZI19_arm1,previous_layer_compensation,78,19,1,4.349,4.349,0.013747530167898677,False,7,0.1
7,6,optimized,,8,0.006607855475571766,0.006586013948501819,MZI19_arm0,previous_layer_compensation,82,19,0,3.27,3.270050064739297,-0.008010358287531412,True,5,0.00625
7,6,optimized,,8,0.006586013948501819,0.006586013948501819,MZI18_arm0,previous_layer_compensation,83,18,0,2.927,2.927,-0.011680395546384028,False,7,0.1
7,6,optimized,,8,0.006586013948501819,0.006586013948501819,MZI20_arm1,previous_layer_compensation,77,20,1,4.645,4.645,-0.0050523851916951055,False,7,0.1
7,6,optimized,,9,0.0066756348253894605,0.0066386954786845686,MZI23_arm1,current_layer,25,23,1,5.058,5.058020287602802,-0.012984065793496492,True,7,0.0015625
7,6,optimized,,9,0.0066386954786845686,0.006617898401966845,MZI21_arm1,current_layer,23,21,1,3.872,3.873196753945551,-0.01196753945550982,True,1,0.1
7,6,optimized,,9,0.006617898401966845,0.006582374219424733,MZI21_arm0,current_layer,27,21,0,3.12,3.1193011368264143,0.006988631735860235,True,1,0.1
7,6,optimized,,9,0.006582374219424733,0.006582374219424733,MZI22_arm1,current_layer,24,22,1,4.366,4.366,0.005079427686944821,False,7,0.1
7,6,optimized,,9,0.006582374219424733,0.006556942432071745,MZI22_arm0,current_layer,28,22,0,5.124,5.1239805464744475,0.003112564088392462,True,5,0.00625
7,6,optimized,,9,0.006556942432071745,0.006556942432071745,MZI23_arm0,current_layer,29,23,0,4.652,4.652,-0.0011638036753019074,False,7,0.1
7,6,optimized,,9,0.006556942432071745,0.006556942432071745,MZI18_arm1,previous_layer_compensation,79,18,1,3.984,3.984,0.021406730421186522,False,7,0.1
7,6,optimized,,9,0.006556942432071745,0.006556942432071745,MZI17_arm1,previous_layer_compensation,80,17,1,3.192,3.192,-0.017134275072859056,False,7,0.1
7,6,optimized,,9,0.006556942432071745,0.006556942432071745,MZI17_arm0,previous_layer_compensation,84,17,0,2.94,2.94,0.011890205512005895,False,7,0.1
7,6,optimized,,9,0.006556942432071745,0.006556942432071745,MZI19_arm1,previous_layer_compensation,78,19,1,4.349,4.349,0.011654411912125105,False,7,0.1
7,6,optimized,,9,0.006556942432071745,0.006556942432071745,MZI18_arm0,previous_layer_compensation,83,18,0,2.927,2.927,-0.009548674887639623,False,7,0.1
7,6,optimized,,9,0.006556942432071745,0.006556942432071745,MZI19_arm0,previous_layer_compensation,82,19,0,3.27,3.27,-0.010902345454258488,False,7,0.1
7,6,optimized,,9,0.006556942432071745,0.006554169941898403,MZI20_arm1,previous_layer_compensation,77,20,1,4.645,4.645016084983833,-0.005147194826935257,True,6,0.003125
7,6,optimized,,9,0.006554169941898403,0.006554169941898403,MZI20_arm0,previous_layer_compensation,81,20,0,1.567,1.567,-0.0014881413543812038,False,7,0.1
7,6,optimized,,10,0.006636621192199728,0.0066272460766116596,MZI23_arm1,current_layer,25,23,1,5.058,5.05915803613889,-0.011580361388904996,True,1,0.1
7,6,optimized,,10,0.0066272460766116596,0.006543533730492176,MZI21_arm1,current_layer,23,21,1,3.873,3.873664494537406,-0.006644945374057251,True,1,0.1
7,6,optimized,,10,0.006543533730492176,0.006543533730492176,MZI21_arm0,current_layer,27,21,0,3.119,3.119,0.003348117914173085,False,7,0.1
7,6,optimized,,10,0.006543533730492176,0.006543533730492176,MZI22_arm1,current_layer,24,22,1,4.366,4.366,0.005225535952903002,False,7,0.1
7,6,optimized,,10,0.006543533730492176,0.006543533730492176,MZI22_arm0,current_layer,28,22,0,5.124,5.124,0.0005792008539550824,False,7,0.1
7,6,optimized,,10,0.006543533730492176,0.006535112241305176,MZI23_arm0,current_layer,29,23,0,4.652,4.652013773054628,-0.0011018443701970157,True,4,0.0125
7,6,optimized,,10,0.006535112241305176,0.006493007833140968,MZI18_arm1,previous_layer_compensation,79,18,1,3.984,3.981533879298479,0.024661207015210043,True,1,0.1
7,6,optimized,,10,0.006493007833140968,0.006493007833140968,MZI17_arm1,previous_layer_compensation,80,17,1,3.192,3.192,-0.016165921424639063,False,7,0.1
7,6,optimized,,10,0.006493007833140968,0.006290329199509569,MZI17_arm0,previous_layer_compensation,84,17,0,2.94,2.9399238702310857,0.012180763026297173,True,5,0.00625
7,6,optimized,,10,0.006290329199509569,0.006290329199509569,MZI19_arm1,previous_layer_compensation,78,19,1,4.349,4.349,0.012923880465807974,False,7,0.1
7,6,optimized,,10,0.006290329199509569,0.006290329199509569,MZI19_arm0,previous_layer_compensation,82,19,0,3.27,3.27,-0.01013526953290272,False,7,0.1
7,6,optimized,,10,0.006290329199509569,0.006290329199509569,MZI18_arm0,previous_layer_compensation,83,18,0,2.927,2.927,-0.009028993153722718,False,7,0.1
7,6,optimized,,10,0.006290329199509569,0.006290329199509569,MZI20_arm1,previous_layer_compensation,77,20,1,4.645,4.645,-0.004556967556408034,False,7,0.1
7,6,optimized,,10,0.006290329199509569,0.006290329199509569,MZI20_arm0,previous_layer_compensation,81,20,0,1.567,1.567,-0.001769347049538162,False,7,0.1
7,7,optimized,,0,0.017988054817370907,0.017900495895153714,MZI25_arm0,current_layer,100,25,0,4.497,4.496948094295587,0.0005190570441277193,True,1,0.1
7,7,optimized,,0,0.017900495895153714,0.017900495895153714,MZI25_arm1,current_layer,104,25,1,2.25,2.25,2.8523424117424233e-05,False,7,0.1
7,7,optimized,,0,0.017900495895153714,0.017900495895153714,MZI26_arm0,current_layer,99,26,0,4.116,4.116,-0.025040759790356644,False,7,0.1
7,7,optimized,,0,0.017900495895153714,0.017900495895153714,MZI26_arm1,current_layer,103,26,1,4.586,4.586,0.023187307510036018,False,7,0.1
7,7,optimized,,0,0.017900495895153714,0.017593846536296084,MZI27_arm0,current_layer,102,27,0,3.203,3.1960701847242174,0.06929815275782605,True,1,0.1
7,7,optimized,,0,0.017593846536296084,0.01711181742161371,MZI27_arm1,current_layer,98,27,1,4.083,4.090589360236644,-0.07589360236643783,True,1,0.1
7,7,optimized,,0,0.01711181742161371,0.01711181742161371,MZI28_arm0,current_layer,101,28,0,2.478,2.478,-0.0006095623185338629,False,7,0.1
7,7,optimized,,0,0.01711181742161371,0.01710865674335242,MZI28_arm1,current_layer,97,28,1,4.936,4.9361194525389855,-0.0011945253898570142,True,1,0.1
7,7,optimized,,0,0.01710865674335242,0.017050753848862836,MZI21_arm0,previous_layer_compensation,27,21,0,3.119,3.119254107450733,-0.0025410745073251354,True,1,0.1
7,7,optimized,,0,0.017050753848862836,0.017050753848862836,MZI21_arm1,previous_layer_compensation,23,21,1,3.874,3.874,0.0023709512974814744,False,7,0.1
7,7,optimized,,0,0.017050753848862836,0.01694809289998086,MZI22_arm0,previous_layer_compensation,28,22,0,5.124,5.127859220888193,-0.0385922088819306,True,1,0.1
7,7,optimized,,0,0.01694809289998086,0.016452198606624932,MZI22_arm1,previous_layer_compensation,24,22,1,4.366,4.372048193255739,-0.06048193255739231,True,1,0.1
7,7,optimized,,0,0.016452198606624932,0.016452198606624932,MZI23_arm0,previous_layer_compensation,29,23,0,4.652,4.652,0.026506927258840254,False,7,0.1
7,7,optimized,,0,0.016452198606624932,0.015815479276669295,MZI23_arm1,previous_layer_compensation,25,23,1,5.059,5.0499635196857104,0.09036480314289543,True,1,0.1
7,7,optimized,,1,0.01579644400671645,0.015338830926497909,MZI27_arm1,current_layer,98,27,1,4.091,4.097635100204307,-0.06635100204307125,True,1,0.1
7,7,optimized,,1,0.015338830926497909,0.01505361579172883,MZI27_arm0,current_layer,102,27,0,3.196,3.191669852878272,0.04330147121728236,True,1,0.1
7,7,optimized,,1,0.01505361579172883,0.01505361579172883,MZI26_arm0,current_layer,99,26,0,4.116,4.116,-0.019831676672191156,False,7,0.1
7,7,optimized,,1,0.01505361579172883,0.01505361579172883,MZI26_arm1,current_layer,103,26,1,4.586,4.586,0.023175972056397216,False,7,0.1
7,7,optimized,,1,0.01505361579172883,0.01505361579172883,MZI28_arm1,current_layer,97,28,1,4.936,4.936,-0.003451162635533518,False,7,0.1
7,7,optimized,,1,0.01505361579172883,0.01505361579172883,MZI28_arm0,current_layer,101,28,0,2.478,2.478,-0.0017705230660182583,False,7,0.1
7,7,optimized,,1,0.01505361579172883,0.01504777281285569,MZI25_arm0,current_layer,100,25,0,4.497,4.49699914455924,0.0005474820861301462,True,7,0.0015625
7,7,optimized,,1,0.01504777281285569,0.01504777281285569,MZI25_arm1,current_layer,104,25,1,2.25,2.25,-0.002299053087368274,False,7,0.1
7,7,optimized,,1,0.01504777281285569,0.014693519159383037,MZI23_arm1,previous_layer_compensation,25,23,1,5.05,5.042044888904901,0.07955111095098115,True,1,0.1
7,7,optimized,,1,0.014693519159383037,0.01439830852352041,MZI22_arm1,previous_layer_compensation,24,22,1,4.372,4.376599916856121,-0.04599916856121796,True,1,0.1
7,7,optimized,,1,0.01439830852352041,0.014237031292854332,MZI22_arm0,previous_layer_compensation,28,22,0,5.128,5.131990221595304,-0.03990221595304171,True,1,0.1
7,7,optimized,,1,0.014237031292854332,0.014106431281990801,MZI23_arm0,previous_layer_compensation,29,23,0,4.652,4.648732448762467,0.03267551237533489,True,1,0.1
7,7,optimized,,1,0.014106431281990801,0.014082225408664828,MZI21_arm0,previous_layer_compensation,27,21,0,3.119,3.1199366472457815,-0.009366472457812466,True,1,0.1
7,7,optimized,,1,0.014082225408664828,0.014082225408664828,MZI21_arm1,previous_layer_compensation,23,21,1,3.874,3.874,0.0017162811631655352,False,7,0.1
7,7,optimized,,2,0.014240550867454668,0.014045270025641056,MZI27_arm1,current_layer,98,27,1,4.098,4.102690741374164,-0.04690741374163586,True,1,0.1
7,7,optimized,,2,0.014045270025641056,0.014031220725366049,MZI27_arm0,current_layer,102,27,0,3.192,3.188598439869232,0.034015601307680485,True,1,0.1
7,7,optimized,,2,0.014031220725366049,0.013983401315684962,MZI26_arm1,current_layer,103,26,1,4.586,4.583720267515106,0.022797324848945418,True,1,0.1
7,7,optimized,,2,0.013983401315684962,0.013968773464193833,MZI26_arm0,current_layer,99,26,0,4.116,4.117984450868948,-0.019844508689486208,True,1,0.1
7,7,optimized,,2,0.013968773464193833,0.013898278534744974,MZI28_arm1,current_layer,97,28,1,4.936,4.936069158298972,-0.0006915829897228909,True,1,0.1
7,7,optimized,,2,0.013898278534744974,0.013896717320364273,MZI25_arm1,current_layer,104,25,1,2.25,2.2501815969265158,-0.003631938530316081,True,2,0.05
7,7,optimized,,2,0.013896717320364273,0.01387387080705452,MZI28_arm0,current_layer,101,28,0,2.478,2.4779840616525974,0.0012750677922375518,True,4,0.0125
7,7,optimized,,2,0.01387387080705452,0.01387387080705452,MZI25_arm0,current_layer,100,25,0,4.497,4.497,0.003344006793415037,False,7,0.1
7,7,optimized,,2,0.01387387080705452,0.01349906764124988,MZI23_arm1,previous_layer_compensation,25,23,1,5.042,5.0349303235960114,0.07069676403988812,True,1,0.1
7,7,optimized,,2,0.01349906764124988,0.013179477270029502,MZI22_arm1,previous_layer_compensation,24,22,1,4.377,4.380563970920325,-0.03563970920325242,True,1,0.1
7,7,optimized,,2,0.013179477270029502,0.013070109455578667,MZI22_arm0,previous_layer_compensation,28,22,0,5.132,5.13608537819613,-0.04085378196130399,True,1,0.1
7,7,optimized,,2,0.013070109455578667,0.012916895799966353,MZI23_arm0,previous_layer_compensation,29,23,0,4.649,4.645499291392725,0.035007086072751895,True,1,0.1
7,7,optimized,,2,0.012916895799966353,0.012916895799966353,MZI21_arm0,previous_layer_compensation,27,21,0,3.12,3.12,-0.01016207771227148,False,7,0.1
7,7,optimized,,2,0.012916895799966353,0.012916895799966353,MZI21_arm1,previous_layer_compensation,23,21,1,3.874,3.874,-0.0009383008232223882,False,7,0.1
7,7,optimized,,3,0.013030094607114726,0.012884311864669833,MZI27_arm1,current_layer,98,27,1,4.103,4.106910070423244,-0.03910070423244332,True,1,0.1
7,7,optimized,,3,0.012884311864669833,0.012884311864669833,MZI27_arm0,current_layer,102,27,0,3.189,3.189,0.028265864227365357,False,7,0.1
7,7,optimized,,3,0.012884311864669833,0.012884311864669833,MZI26_arm1,current_layer,103,26,1,4.584,4.584,0.015158633956363434,False,7,0.1
7,7,optimized,,3,0.012884311864669833,0.012884311864669833,MZI26_arm0,current_layer,99,26,0,4.118,4.118,-0.1678229860024523,False,7,0.1
7,7,optimized,,3,0.012884311864669833,0.012884311864669833,MZI25_arm1,current_layer,104,25,1,2.25,2.25,-0.002431126667690228,False,7,0.1
7,7,optimized,,3,0.012884311864669833,0.012846901786261966,MZI25_arm0,current_layer,100,25,0,4.497,4.496996558124049,0.0022028006080207444,True,7,0.0015625
7,7,optimized,,3,0.012846901786261966,0.012824454484534021,MZI28_arm0,current_layer,101,28,0,2.478,2.4780006639659837,-0.00042493822954635174,True,7,0.0015625
7,7,optimized,,3,0.012824454484534021,0.012805155546961556,MZI28_arm1,current_layer,97,28,1,4.936,4.935946429098152,0.0021428360739130414,True,3,0.025
7,7,optimized,,3,0.012805155546961556,0.012558212332961052,MZI23_arm1,previous_layer_compensation,25,23,1,5.035,5.029251200540176,0.05748799459824079,True,1,0.1
7,7,optimized,,3,0.012558212332961052,0.012428944100977696,MZI22_arm0,previous_layer_compensation,28,22,0,5.136,5.139247739980341,-0.03247739980340833,True,1,0.1
7,7,optimized,,3,0.012428944100977696,0.012366124861954304,MZI22_arm1,previous_layer_compensation,24,22,1,4.381,4.384629725847174,-0.03629725847173838,True,1,0.1
7,7,optimized,,3,0.012366124861954304,0.012237711412231716,MZI23_arm0,previous_layer_compensation,29,23,0,4.645,4.641770664630046,0.032293353699533886,True,1,0.1
7,7,optimized,,3,0.012237711412231716,0.012227556186089068,MZI21_arm0,previous_layer_compensation,27,21,0,3.12,3.1202690484300923,-0.010761937203697728,True,3,0.025
7,7,optimized,,3,0.012227556186089068,0.012078784285787993,MZI21_arm1,previous_layer_compensation,23,21,1,3.874,3.8739984971867347,0.000480900244932908,True,6,0.003125
7,7,optimized,,4,0.012212766988700876,0.01218887592626782,MZI26_arm0,current_layer,99,26,0,4.118,4.118886854473198,-0.017737089463949477,True,2,0.05
7,7,optimized,,4,0.01218887592626782,0.012107900952394677,MZI27_arm1,current_layer,98,27,1,4.107,4.110270932996483,-0.032709329964820136,True,1,0.1
7,7,optimized,,4,0.012107900952394677,0.012040523264286772,MZI27_arm0,current_layer,102,27,0,3.189,3.1864641383542196,0.02535861645780546,True,1,0.1
7,7,optimized,,4,0.012040523264286772,0.012036441562616613,MZI26_arm1,current_layer,103,26,1,4.584,4.5833742101884125,0.012515796231739498,True,2,0.05
7,7,optimized,,4,0.012036441562616613,0.01202273173188403,MZI25_arm1,current_layer,104,25,1,2.25,2.2500004828902918,-0.0003090497866183037,True,7,0.0015625
7,7,optimized,,4,0.01202273173188403,0.012012916972001374,MZI25_arm0,current_layer,100,25,0,4.497,4.496961649142281,0.0007670171543724687,True,2,0.05
7,7,optimized,,4,0.012012916972001374,0.01200077348701268,MZI28_arm1,current_layer,97,28,1,4.936,4.935920759007624,0.0007924099237590835,True,1,0.1
7,7,optimized,,4,0.01200077348701268,0.011998286360731407,MZI28_arm0,current_layer,101,28,0,2.478,2.47798027221147,0.00019727788530114217,True,1,0.1
7,7,optimized,,4,0.011998286360731407,0.011760560310825285,MZI23_arm1,previous_layer_compensation,25,23,1,5.029,5.02402352099957,0.04976479000429617,True,1,0.1
7,7,optimized,,4,0.011760560310825285,0.011711903548136726,MZI22_arm1,previous_layer_compensation,24,22,1,4.385,4.387679016661283,-0.026790166612832886,True,1,0.1
7,7,optimized,,4,0.011711903548136726,0.011612434065581273,MZI22_arm0,previous_layer_compensation,28,22,0,5.139,5.141994355812196,-0.02994355812196181,True,1,0.1
7,7,optimized,,4,0.011612434065581273,0.01159449078509639,MZI23_arm0,previous_layer_compensation,29,23,0,4.642,4.6388852819628905,0.031147180371097486,True,1,0.1
7,7,optimized,,4,0.01159449078509639,0.011482920134477955,MZI21_arm0,previous_layer_compensation,27,21,0,3.12,3.12085790044497,-0.008579004449702067,True,1,0.1
7,7,optimized,,4,0.011482920134477955,0.011477321467148345,MZI21_arm1,previous_layer_compensation,23,21,1,3.874,3.874001471646894,-0.0002354635029547592,True,5,0.00625
7,7,optimized,,5,0.01146767533162608,0.011408474623090428,MZI27_arm1,current_layer,98,27,1,4.11,4.112756131543653,-0.027561315436530037,True,1,0.1
7,7,optimized,,5,0.011408474623090428,0.011341722744355565,MZI27_arm0,current_layer,102,27,0,3.186,3.183873165299535,0.021268347004646984,True,1,0.1
7,7,optimized,,5,0.011341722744355565,0.011341722744355565,MZI26_arm0,current_layer,99,26,0,4.119,4.119,-0.012569281735668777,False,7,0.1
7,7,optimized,,5,0.011341722744355565,0.011341722744355565,MZI26_arm1,current_layer,103,26,1,4.583,4.583,0.012955336703478523,False,7,0.1
7,7,optimized,,5,0.011341722744355565,0.011341722744355565,MZI28_arm1,current_layer,97,28,1,4.936,4.936,-0.0015454174499665296,False,7,0.1
7,7,optimized,,5,0.011341722744355565,0.011341722744355565,MZI25_arm0,current_layer,100,25,0,4.497,4.497,-9.847998622548907e-05,False,7,0.1
7,7,optimized,,5,0.011341722744355565,0.011341722744355565,MZI25_arm1,current_layer,104,25,1,2.25,2.25,-0.001487109655846397,False,7,0.1
7,7,optimized,,5,0.011341722744355565,0.011326356234690398,MZI28_arm0,current_layer,101,28,0,2.478,2.478032041295411,-0.001281651816431496,True,3,0.025
7,7,optimized,,5,0.011326356234690398,0.011145293646651285,MZI23_arm1,previous_layer_compensation,25,23,1,5.024,5.0191917147193434,0.04808285280656947,True,1,0.1
7,7,optimized,,5,0.011145293646651285,0.011117177572155868,MZI23_arm0,previous_layer_compensation,29,23,0,4.639,4.6361152042559555,0.02884795744044645,True,1,0.1
7,7,optimized,,5,0.011117177572155868,0.011091719637881105,MZI22_arm0,previous_layer_compensation,28,22,0,5.142,5.144789921247127,-0.027899212471261602,True,1,0.1
7,7,optimized,,5,0.011091719637881105,0.011002513096104503,MZI22_arm1,previous_layer_compensation,24,22,1,4.388,4.390712109477133,-0.027121094771328128,True,1,0.1
7,7,optimized,,5,0.011002513096104503,0.010915631721831347,MZI21_arm0,previous_layer_compensation,27,21,0,3.121,3.121975014031946,-0.009750140319464192,True,1,0.1
7,7,optimized,,5,0.010915631721831347,0.010867549695880663,MZI21_arm1,previous_layer_compensation,23,21,1,3.874,3.8740849960826815,-0.000849960826813716,True,1,0.1
7,7,optimized,,6,0.010871886986590315,0.010871886986590315,MZI27_arm1,current_layer,98,27,1,4.113,4.113,-0.020411253594256443,False,7,0.1
7,7,optimized,,6,0.010871886986590315,0.010840320175711802,MZI27_arm0,current_layer,102,27,0,3.184,3.183971303560335,0.018365721385537274,True,7,0.0015625
7,7,optimized,,6,0.010840320175711802,0.010840320175711802,MZI26_arm1,current_layer,103,26,1,4.583,4.583,0.011632110409271649,False,7,0.1
7,7,optimized,,6,0.010840320175711802,0.010840320175711802,MZI26_arm0,current_layer,99,26,0,4.119,4.119,-0.010454168521159378,False,7,0.1
7,7,optimized,,6,0.010840320175711802,0.010787927001615778,MZI28_arm1,current_layer,97,28,1,4.936,4.936006438049706,-0.00025752198822625124,True,3,0.025
7,7,optimized,,6,0.010787927001615778,0.010787927001615778,MZI25_arm1,current_layer,104,25,1,2.25,2.25,-0.0021845820067815658,False,7,0.1
7,7,optimized,,6,0.010787927001615778,0.010787927001615778,MZI28_arm0,current_layer,101,28,0,2.478,2.478,-0.00024135089811030768,False,7,0.1
7,7,optimized,,6,0.010787927001615778,0.010787927001615778,MZI25_arm0,current_layer,100,25,0,4.497,4.497,-0.0003995728151091718,False,7,0.1
7,7,optimized,,6,0.010787927001615778,0.010787927001615778,MZI23_arm1,previous_layer_compensation,25,23,1,5.019,5.019,0.04229940305451278,False,7,0.1
7,7,optimized,,6,0.010787927001615778,0.010771849084808827,MZI23_arm0,previous_layer_compensation,29,23,0,4.636,4.633267608854349,0.02732391145650579,True,1,0.1
7,7,optimized,,6,0.010771849084808827,0.010771849084808827,MZI22_arm0,previous_layer_compensation,28,22,0,5.145,5.145,-0.022368623369847143,False,7,0.1
7,7,optimized,,6,0.010771849084808827,0.010771849084808827,MZI22_arm1,previous_layer_compensation,24,22,1,4.391,4.391,-0.021813991630407807,False,7,0.1
7,7,optimized,,6,0.010771849084808827,0.010771849084808827,MZI21_arm0,previous_layer_compensation,27,21,0,3.122,3.122,-0.008583198801079482,False,7,0.1
7,7,optimized,,6,0.010771849084808827,0.010771849084808827,MZI21_arm1,previous_layer_compensation,23,21,1,3.874,3.874,-0.0007039512721807196,False,7,0.1
7,7,optimized,,7,0.010823695789422095,0.01081807586921043,MZI27_arm1,current_layer,98,27,1,4.113,4.115267716852254,-0.022677168522539794,True,1,0.1
7,7,optimized,,7,0.01081807586921043,0.010786837570902756,MZI27_arm0,current_layer,102,27,0,3.184,3.183797512853846,0.01619897169233005,True,4,0.0125
7,7,optimized,,7,0.010786837570902756,0.01078240632011985,MZI26_arm1,current_layer,103,26,1,4.583,4.582932013225297,0.010877883952530091,True,5,0.00625
7,7,optimized,,7,0.01078240632011985,0.01078240632011985,MZI26_arm0,current_layer,99,26,0,4.119,4.119,-0.012971265008575332,False,7,0.1
7,7,optimized,,7,0.01078240632011985,0.010753243371154608,MZI25_arm1,current_layer,104,25,1,2.25,2.2499933885884507,0.0010578258478863107,True,5,0.00625
7,7,optimized,,7,0.010753243371154608,0.010750711530725376,MZI25_arm0,current_layer,100,25,0,4.497,4.496963317193146,0.0029346245483480495,True,4,0.0125
7,7,optimized,,7,0.010750711530725376,0.010750711530725376,MZI28_arm1,current_layer,97,28,1,4.936,4.936,0.0008847838347937462,False,7,0.1
7,7,optimized,,7,0.010750711530725376,0.010726144499613625,MZI28_arm0,current_layer,101,28,0,2.478,2.4779948335623683,0.00010332875263700099,True,2,0.05
7,7,optimized,,7,0.010726144499613625,0.010571020519970985,MZI23_arm1,previous_layer_compensation,25,23,1,5.019,5.014271724467009,0.04728275532991044,True,1,0.1
7,7,optimized,,7,0.010571020519970985,0.010556539926708441,MZI23_arm0,previous_layer_compensation,29,23,0,4.633,4.630143799942883,0.028562000571166497,True,1,0.1
7,7,optimized,,7,0.010556539926708441,0.010483797989949604,MZI22_arm0,previous_layer_compensation,28,22,0,5.145,5.147085127785214,-0.020851277852146105,True,1,0.1
7,7,optimized,,7,0.010483797989949604,0.010393862533380052,MZI22_arm1,previous_layer_compensation,24,22,1,4.391,4.393554047010891,-0.02554047010891235,True,1,0.1
7,7,optimized,,7,0.010393862533380052,0.010393862533380052,MZI21_arm0,previous_layer_compensation,27,21,0,3.122,3.122,-0.006408126349988126,False,7,0.1
7,7,optimized,,7,0.010393862533380052,0.010391670143029217,MZI21_arm1,previous_layer_compensation,23,21,1,3.874,3.874020840487944,-0.0016672390355168874,True,4,0.0125
7,7,optimized,,8,0.010394562095645023,0.010394562095645023,MZI27_arm1,current_layer,98,27,1,4.115,4.115,-0.019725203673931782,False,7,0.1
7,7,optimized,,8,0.010394562095645023,0.010381478832852207,MZI27_arm0,current_layer,102,27,0,3.184,3.182439671244192,0.01560328755808442,True,1,0.1
7,7,optimized,,8,0.010381478832852207,0.010357436533758325,MZI26_arm0,current_layer,99,26,0,4.119,4.119882090287791,-0.00882090287791499,True,1,0.1
7,7,optimized,,8,0.010357436533758325,0.010345848430899756,MZI26_arm1,current_layer,103,26,1,4.583,4.582531660230059,0.009366795398820594,True,2,0.05
7,7,optimized,,8,0.010345848430899756,0.010345848430899756,MZI25_arm0,current_layer,100,25,0,4.497,4.497,-0.00048455024873646045,False,7,0.1
7,7,optimized,,8,0.010345848430899756,0.010345848430899756,MZI25_arm1,current_layer,104,25,1,2.25,2.25,-0.003340121960112129,False,7,0.1
7,7,optimized,,8,0.010345848430899756,0.010345848430899756,MZI28_arm1,current_layer,97,28,1,4.936,4.936,0.0027227617079587556,False,7,0.1
7,7,optimized,,8,0.010345848430899756,0.010345848430899756,MZI28_arm0,current_layer,101,28,0,2.478,2.478,-0.0020486436110329805,False,7,0.1
7,7,optimized,,8,0.010345848430899756,0.01024836468192112,MZI23_arm1,previous_layer_compensation,25,23,1,5.014,5.0099792089493915,0.04020791050608341,True,1,0.1
7,7,optimized,,8,0.01024836468192112,0.010133004644438772,MZI23_arm0,previous_layer_compensation,29,23,0,4.63,4.627396826113668,0.02603173886331771,True,1,0.1
7,7,optimized,,8,0.010133004644438772,0.010058282348003307,MZI22_arm1,previous_layer_compensation,24,22,1,4.394,4.395760325251694,-0.017603252516941347,True,1,0.1
7,7,optimized,,8,0.010058282348003307,0.010058282348003307,MZI22_arm0,previous_layer_compensation,28,22,0,5.147,5.147,-0.02626112259889374,False,7,0.1
7,7,optimized,,8,0.010058282348003307,0.010058282348003307,MZI21_arm0,previous_layer_compensation,27,21,0,3.122,3.122,-0.008625845273385823,False,7,0.1
7,7,optimized,,8,0.010058282348003307,0.010058282348003307,MZI21_arm1,previous_layer_compensation,23,21,1,3.874,3.874,-0.0024027315703615388,False,7,0.1
7,7,optimized,,9,0.010105413353871688,0.01007352150952121,MZI27_arm1,current_layer,98,27,1,4.115,4.116464021107502,-0.014640211075020847,True,1,0.1
7,7,optimized,,9,0.01007352150952121,0.01007352150952121,MZI27_arm0,current_layer,102,27,0,3.182,3.182,0.012909721376889168,False,7,0.1
7,7,optimized,,9,0.01007352150952121,0.01007352150952121,MZI26_arm1,current_layer,103,26,1,4.583,4.583,0.008563056746537616,False,7,0.1
7,7,optimized,,9,0.01007352150952121,0.010072220483470283,MZI26_arm0,current_layer,99,26,0,4.12,4.120137069933052,-0.010965594644169619,True,4,0.0125
7,7,optimized,,9,0.010072220483470283,0.010012195979565361,MZI25_arm1,current_layer,104,25,1,2.25,2.2500142482037364,-0.00028496407473211646,True,2,0.05
7,7,optimized,,9,0.010012195979565361,0.010012195979565361,MZI28_arm1,current_layer,97,28,1,4.936,4.936,0.0010940481751669688,False,7,0.1
7,7,optimized,,9,0.010012195979565361,0.010012195979565361,MZI28_arm0,current_layer,101,28,0,2.478,2.478,8.42197087008635e-05,False,7,0.1
7,7,optimized,,9,0.010012195979565361,0.010012195979565361,MZI25_arm0,current_layer,100,25,0,4.497,4.497,-2.437218614390023,False,7,0.1
7,7,optimized,,9,0.010012195979565361,0.009986617100771774,MZI23_arm1,previous_layer_compensation,25,23,1,5.01,5.006217741880767,0.03782258119232644,True,1,0.1
7,7,optimized,,9,0.009986617100771774,0.009912247605083328,MZI22_arm0,previous_layer_compensation,28,22,0,5.147,5.149295183264444,-0.022951832644441738,True,1,0.1
7,7,optimized,,9,0.009912247605083328,0.009826839867987066,MZI23_arm0,previous_layer_compensation,29,23,0,4.627,4.624156952371015,0.028430476289848655,True,1,0.1
7,7,optimized,,9,0.009826839867987066,0.00981874575359582,MZI22_arm1,previous_layer_compensation,24,22,1,4.396,4.396021982378419,-0.014068722188168965,True,7,0.0015625
7,7,optimized,,9,0.00981874575359582,0.00977272415082237,MZI21_arm0,previous_layer_compensation,27,21,0,3.122,3.1221026635606917,-0.008213084855356082,True,4,0.0125
7,7,optimized,,9,0.00977272415082237,0.00977272415082237,MZI21_arm1,previous_layer_compensation,23,21,1,3.874,3.874,-0.002704137539275787,False,7,0.1
7,7,optimized,,10,0.009887229277067266,0.00988323340777871,MZI25_arm0,current_layer,100,25,0,4.497,4.496962383493298,0.0015046602680698967,True,3,0.025
7,7,optimized,,10,0.00988323340777871,0.009874290124241574,MZI27_arm1,current_layer,98,27,1,4.116,4.117458000348261,-0.014580003482613095,True,1,0.1
7,7,optimized,,10,0.009874290124241574,0.009852076860949823,MZI27_arm0,current_layer,102,27,0,3.182,3.181407195176484,0.011856096470323015,True,2,0.05
7,7,optimized,,10,0.009852076860949823,0.009818286482169956,MZI26_arm0,current_layer,99,26,0,4.12,4.120479229939391,-0.009584598787813876,True,2,0.05
7,7,optimized,,10,0.009818286482169956,0.009818286482169956,MZI26_arm1,current_layer,103,26,1,4.583,4.583,0.005794955293149204,False,7,0.1
7,7,optimized,,10,0.009818286482169956,0.009802069926723302,MZI28_arm1,current_layer,97,28,1,4.936,4.935990054827668,0.0007956137865253606,True,4,0.0125
7,7,optimized,,10,0.009802069926723302,0.009802069926723302,MZI25_arm1,current_layer,104,25,1,2.25,2.25,-0.0005347316200532497,False,7,0.1
7,7,optimized,,10,0.009802069926723302,0.009687163404533922,MZI28_arm0,current_layer,101,28,0,2.478,2.478012844762243,-0.0005137904897008993,True,3,0.025
7,7,optimized,,10,0.009687163404533922,0.009687163404533922,MZI23_arm1,previous_layer_compensation,25,23,1,5.006,5.006,0.033854655265488864,False,7,0.1
7,7,optimized,,10,0.009687163404533922,0.009687163404533922,MZI23_arm0,previous_layer_compensation,29,23,0,4.624,4.624,0.023598823048264484,False,7,0.1
7,7,optimized,,10,0.009687163404533922,0.009687163404533922,MZI22_arm0,previous_layer_compensation,28,22,0,5.149,5.149,-0.020862516226378892,False,7,0.1
7,7,optimized,,10,0.009687163404533922,0.009687163404533922,MZI22_arm1,previous_layer_compensation,24,22,1,4.396,4.396,-0.013987876202939436,False,7,0.1
7,7,optimized,,10,0.009687163404533922,0.009687163404533922,MZI21_arm0,previous_layer_compensation,27,21,0,3.122,3.122,-0.01114501552493245,False,7,0.1
7,7,optimized,,10,0.009687163404533922,0.009687163404533922,MZI21_arm1,previous_layer_compensation,23,21,1,3.874,3.874,-0.02055166228140135,False,7,0.1
7,7,optimized,,11,0.009883610358598348,0.009854883173006503,MZI27_arm1,current_layer,98,27,1,4.117,4.118445018772041,-0.014450187720413838,True,1,0.1
7,7,optimized,,11,0.009854883173006503,0.0098478344201306,MZI27_arm0,current_layer,102,27,0,3.181,3.180416071228228,0.011678575435441423,True,2,0.05
7,7,optimized,,11,0.0098478344201306,0.009822019165220281,MZI26_arm0,current_layer,99,26,0,4.12,4.120443402134949,-0.008868042698979377,True,2,0.05
7,7,optimized,,11,0.009822019165220281,0.009811559368461675,MZI26_arm1,current_layer,103,26,1,4.583,4.582000614101111,0.00999385898888768,True,1,0.1
7,7,optimized,,11,0.009811559368461675,0.009806010457831834,MZI25_arm0,current_layer,100,25,0,4.497,4.496946041983388,0.0005395801661247969,True,1,0.1
7,7,optimized,,11,0.009806010457831834,0.009789203027557663,MZI28_arm1,current_layer,97,28,1,4.936,4.936074809735667,-0.001496194713324495,True,2,0.05
7,7,optimized,,11,0.009789203027557663,0.009789203027557663,MZI25_arm1,current_layer,104,25,1,2.25,2.25,-0.0023240959611891556,False,7,0.1
7,7,optimized,,11,0.009789203027557663,0.009762341783022944,MZI28_arm0,current_layer,101,28,0,2.478,2.477978014007786,0.0008794396885829218,True,3,0.025
7,7,optimized,,11,0.009762341783022944,0.009762341783022944,MZI23_arm1,previous_layer_compensation,25,23,1,5.006,5.006,-0.14248559816520148,False,7,0.1
7,7,optimized,,11,0.009762341783022944,0.009762341783022944,MZI23_arm0,previous_layer_compensation,29,23,0,4.624,4.624,0.022054025329834703,False,7,0.1
7,7,optimized,,11,0.009762341783022944,0.009732549414957426,MZI22_arm0,previous_layer_compensation,28,22,0,5.149,5.1510990613558425,-0.02099061355842225,True,1,0.1
7,7,optimized,,11,0.009732549414957426,0.009693397627983016,MZI21_arm1,previous_layer_compensation,23,21,1,3.874,3.874013779913037,-0.002204786085897683,True,5,0.00625
7,7,optimized,,11,0.009693397627983016,0.009693397627983016,MZI22_arm1,previous_layer_compensation,24,22,1,4.396,4.396,-0.01570040519618779,False,7,0.1
7,7,optimized,,11,0.009693397627983016,0.009693397627983016,MZI21_arm0,previous_layer_compensation,27,21,0,3.122,3.122,-0.008602432700226079,False,7,0.1
7,7,optimized,,12,0.009875901808901535,0.009788784661830993,MZI27_arm1,current_layer,98,27,1,4.118,4.1188575290429625,-0.008575290429620932,True,1,0.1
7,7,optimized,,12,0.009788784661830993,0.009725763151705346,MZI27_arm0,current_layer,102,27,0,3.18,3.1799436932816256,0.009009074939897565,True,5,0.00625
7,7,optimized,,12,0.009725763151705346,0.009689830192938047,MZI26_arm1,current_layer,103,26,1,4.582,4.581983946413862,0.0025685737820089543,True,5,0.00625
7,7,optimized,,12,0.009689830192938047,0.009689830192938047,MZI26_arm0,current_layer,99,26,0,4.12,4.12,-0.00776899142402387,False,7,0.1
7,7,optimized,,12,0.009689830192938047,0.009689830192938047,MZI25_arm1,current_layer,104,25,1,2.25,2.25,-0.0009769597001718635,False,7,0.1
7,7,optimized,,12,0.009689830192938047,0.009689830192938047,MZI28_arm1,current_layer,97,28,1,4.936,4.936,0.0010847114988983872,False,7,0.1
7,7,optimized,,12,0.009689830192938047,0.009689830192938047,MZI28_arm0,current_layer,101,28,0,2.478,2.478,-0.00035700935260428587,False,7,0.1
7,7,optimized,,12,0.009689830192938047,0.009689830192938047,MZI25_arm0,current_layer,100,25,0,4.497,4.497,0.0017163070774020852,False,7,0.1
7,7,optimized,,12,0.009689830192938047,0.009662763369962255,MZI23_arm1,previous_layer_compensation,25,23,1,5.006,5.002556864808784,0.03443135191216061,True,1,0.1
7,7,optimized,,12,0.009662763369962255,0.009638608820155383,MZI23_arm0,previous_layer_compensation,29,23,0,4.624,4.6238465857852,0.02454627436796831,True,5,0.00625
7,7,optimized,,12,0.009638608820155383,0.009623113400835362,MZI22_arm0,previous_layer_compensation,28,22,0,5.151,5.15262924761894,-0.016292476189396637,True,1,0.1
7,7,optimized,,12,0.009623113400835362,0.009623113400835362,MZI22_arm1,previous_layer_compensation,24,22,1,4.396,4.396,-0.015675792248629944,False,7,0.1
7,7,optimized,,12,0.009623113400835362,0.009623113400835362,MZI21_arm0,previous_layer_compensation,27,21,0,3.122,3.122,-0.01321093587940803,False,7,0.1
7,7,optimized,,12,0.009623113400835362,0.009597601919477764,MZI21_arm1,previous_layer_compensation,23,21,1,3.874,3.8739098751764653,0.0018024964706938181,True,2,0.05
7,7,optimized,,13,0.009586950047225352,0.009586950047225352,MZI27_arm0,current_layer,102,27,0,3.18,3.18,0.009345509472422067,False,7,0.1
7,7,optimized,,13,0.009586950047225352,0.009586950047225352,MZI27_arm1,current_layer,98,27,1,4.119,4.119,-0.008383816172561486,False,7,0.1
7,7,optimized,,13,0.009586950047225352,0.009448426590796224,MZI26_arm0,current_layer,99,26,0,4.12,4.12099244266876,-0.00992442668759428,True,1,0.1
7,7,optimized,,13,0.009448426590796224,0.00944382630074416,MZI26_arm1,current_layer,103,26,1,4.582,4.58190789107345,0.0036843570619980817,True,3,0.025
7,7,optimized,,13,0.00944382630074416,0.00944382630074416,MZI25_arm0,current_layer,100,25,0,4.497,4.497,0.0020740125465009912,False,7,0.1
7,7,optimized,,13,0.00944382630074416,0.00944382630074416,MZI28_arm1,current_layer,97,28,1,4.936,4.936,0.0019798753597733807,False,7,0.1
7,7,optimized,,13,0.00944382630074416,0.00944382630074416,MZI25_arm1,current_layer,104,25,1,2.25,2.25,-0.0012329566883152547,False,7,0.1
7,7,optimized,,13,0.00944382630074416,0.00944382630074416,MZI28_arm0,current_layer,101,28,0,2.478,2.478,-0.000267724105645385,False,7,0.1
7,7,optimized,,13,0.00944382630074416,0.00944382630074416,MZI23_arm1,previous_layer_compensation,25,23,1,5.003,5.003,0.027189547681606106,False,7,0.1
7,7,optimized,,13,0.00944382630074416,0.00944382630074416,MZI23_arm0,previous_layer_compensation,29,23,0,4.624,4.624,0.025012771702554254,False,7,0.1
7,7,optimized,,13,0.00944382630074416,0.00944382630074416,MZI22_arm0,previous_layer_compensation,28,22,0,5.153,5.153,-0.01355570060342278,False,7,0.1
7,7,optimized,,13,0.00944382630074416,0.00944382630074416,MZI22_arm1,previous_layer_compensation,24,22,1,4.396,4.396,-0.016281421830942073,False,7,0.1
7,7,optimized,,13,0.00944382630074416,0.00944382630074416,MZI21_arm0,previous_layer_compensation,27,21,0,3.122,3.122,-0.011437063933458162,False,7,0.1
7,7,optimized,,13,0.00944382630074416,0.00944382630074416,MZI21_arm1,previous_layer_compensation,23,21,1,3.874,3.874,0.00030458210712371703,False,7,0.1
7,7,optimized,,14,0.009609585259708347,0.009551396831213605,MZI26_arm0,current_layer,99,26,0,4.121,4.121817217446784,-0.00817217446783384,True,1,0.1
7,7,optimized,,14,0.009551396831213605,0.009521068144509232,MZI27_arm0,current_layer,102,27,0,3.18,3.179085112618995,0.009148873810050579,True,1,0.1
7,7,optimized,,14,0.009521068144509232,0.009498955010573273,MZI27_arm1,current_layer,98,27,1,4.119,4.11983984268995,-0.00839842689949601,True,1,0.1
7,7,optimized,,14,0.009498955010573273,0.009498955010573273,MZI26_arm1,current_layer,103,26,1,4.582,4.582,0.004485512688181016,False,7,0.1
7,7,optimized,,14,0.009498955010573273,0.009488306385916778,MZI25_arm0,current_layer,100,25,0,4.497,4.496956672760448,0.0017330895820554687,True,3,0.025
7,7,optimized,,14,0.009488306385916778,0.009480080306211204,MZI28_arm1,current_layer,97,28,1,4.936,4.9359953163437105,0.0014987700125715694,True,6,0.003125
7,7,optimized,,14,0.009480080306211204,0.009460926931778982,MZI25_arm1,current_layer,104,25,1,2.25,2.250177833767607,-0.0017783376760675542,True,1,0.1
7,7,optimized,,14,0.009460926931778982,0.009460926931778982,MZI28_arm0,current_layer,101,28,0,2.478,2.478,0.0008778404024157089,False,7,0.1
7,7,optimized,,14,0.009460926931778982,0.00945289851123887,MZI23_arm1,previous_layer_compensation,25,23,1,5.003,5.000070318235833,0.02929681764167037,True,1,0.1
7,7,optimized,,14,0.00945289851123887,0.009427086340925945,MZI23_arm0,previous_layer_compensation,29,23,0,4.624,4.621218374075715,0.027816259242841368,True,1,0.1
7,7,optimized,,14,0.009427086340925945,0.009366914615525938,MZI22_arm1,previous_layer_compensation,24,22,1,4.396,4.397331228717563,-0.013312287175634428,True,1,0.1
7,7,optimized,,14,0.009366914615525938,0.009337377777088863,MZI22_arm0,previous_layer_compensation,28,22,0,5.153,5.153330981035821,-0.013239241432860014,True,3,0.025
7,7,optimized,,14,0.009337377777088863,0.009326667908905453,MZI21_arm0,previous_layer_compensation,27,21,0,3.122,3.1367913321877707,-2.36661315004335,True,5,0.00625
7,7,optimized,,14,0.009326667908905453,0.009246250061274356,MZI21_arm1,previous_layer_compensation,23,21,1,3.874,3.875599284585518,-0.015992845855181327,True,1,0.1
7,7,optimized,,15,0.009317547825592673,0.00926960435167149,MZI27_arm0,current_layer,102,27,0,3.179,3.178549713702492,0.004502862975079131,True,1,0.1
7,7,optimized,,15,0.00926960435167149,0.00926960435167149,MZI27_arm1,current_layer,98,27,1,4.12,4.12,1.7288358795707768,False,7,0.1
7,7,optimized,,15,0.00926960435167149,0.00926960435167149,MZI26_arm0,current_layer,99,26,0,4.122,4.122,-0.005190576104705774,False,7,0.1
7,7,optimized,,15,0.00926960435167149,0.00926960435167149,MZI26_arm1,current_layer,103,26,1,4.582,4.582,0.008026561666519496,False,7,0.1
7,7,optimized,,15,0.00926960435167149,0.00922648975521517,MZI25_arm1,current_layer,104,25,1,2.25,2.25001209740599,-0.0009677924791739309,True,4,0.0125
7,7,optimized,,15,0.00922648975521517,0.00922648975521517,MZI25_arm0,current_layer,100,25,0,4.497,4.497,0.00020995664595691642,False,7,0.1
7,7,optimized,,15,0.00922648975521517,0.009222494508274339,MZI28_arm1,current_layer,97,28,1,4.936,4.935992725141876,0.001163977299863879,True,5,0.00625
7,7,optimized,,15,0.009222494508274339,0.009222494508274339,MZI28_arm0,current_layer,101,28,0,2.478,2.478,-0.0016832297752521887,False,7,0.1
7,7,optimized,,15,0.009222494508274339,0.009222494508274339,MZI21_arm0,previous_layer_compensation,27,21,0,3.137,3.137,0.0001247884837733258,False,7,0.1
7,7,optimized,,15,0.009222494508274339,0.009199780191956155,MZI23_arm1,previous_layer_compensation,25,23,1,5.0,4.997238040910845,0.02761959089154999,True,1,0.1
7,7,optimized,,15,0.009199780191956155,0.009185339235806176,MZI23_arm0,previous_layer_compensation,29,23,0,4.621,4.618378040006323,0.026219599936775324,True,1,0.1
7,7,optimized,,15,0.009185339235806176,0.009094516811439596,MZI21_arm1,previous_layer_compensation,23,21,1,3.876,3.876615512339827,-0.012310246796547826,True,2,0.05
7,7,optimized,,15,0.009094516811439596,0.009094516811439596,MZI22_arm1,previous_layer_compensation,24,22,1,4.397,4.397,-0.014020035503898128,False,7,0.1
7,7,optimized,,15,0.009094516811439596,0.00908302069805471,MZI22_arm0,previous_layer_compensation,28,22,0,5.153,5.154536046834665,-0.015360468346655649,True,1,0.1
7,7,optimized,,16,0.009078693792848848,0.009062640759079471,MZI27_arm1,current_layer,98,27,1,4.12,4.120276097535633,-0.005521950712674674,True,2,0.05
7,7,optimized,,16,0.009062640759079471,0.009002514152321488,MZI26_arm1,current_layer,103,26,1,4.582,4.581972786393554,0.004354177031256967,True,5,0.00625
7,7,optimized,,16,0.009002514152321488,0.008998372838357525,MZI26_arm0,current_layer,99,26,0,4.122,4.122385972399343,-0.003859723993430591,True,1,0.1
7,7,optimized,,16,0.008998372838357525,0.008998372838357525,MZI27_arm0,current_layer,102,27,0,3.179,3.179,0.007035813835747425,False,7,0.1
7,7,optimized,,16,0.008998372838357525,0.008998372838357525,MZI28_arm0,current_layer,101,28,0,2.478,2.478,-0.0012566419095597938,False,7,0.1
7,7,optimized,,16,0.008998372838357525,0.008998372838357525,MZI28_arm1,current_layer,97,28,1,4.936,4.936,-0.0005687962300818458,False,7,0.1
7,7,optimized,,16,0.008998372838357525,0.008998372838357525,MZI25_arm1,current_layer,104,25,1,2.25,2.25,0.0009064837821537868,False,7,0.1
7,7,optimized,,16,0.008998372838357525,0.008998372838357525,MZI25_arm0,current_layer,100,25,0,4.497,4.497,0.0010257625797010846,False,7,0.1
7,7,optimized,,16,0.008998372838357525,0.008998372838357525,MZI23_arm1,previous_layer_compensation,25,23,1,4.997,4.997,0.024980560410770764,False,7,0.1
7,7,optimized,,16,0.008998372838357525,0.008998372838357525,MZI23_arm0,previous_layer_compensation,29,23,0,4.618,4.618,0.021306516418461457,False,7,0.1
7,7,optimized,,16,0.008998372838357525,0.008998372838357525,MZI22_arm0,previous_layer_compensation,28,22,0,5.155,5.155,-0.013321733437197017,False,7,0.1
7,7,optimized,,16,0.008998372838357525,0.008998372838357525,MZI22_arm1,previous_layer_compensation,24,22,1,4.397,4.397,-0.015771690750880456,False,7,0.1
7,7,optimized,,16,0.008998372838357525,0.008998372838357525,MZI21_arm1,previous_layer_compensation,23,21,1,3.877,3.877,-0.012303804109750226,False,7,0.1
7,7,optimized,,16,0.008998372838357525,0.008998372838357525,MZI21_arm0,previous_layer_compensation,27,21,0,3.137,3.137,0.0009632331821168493,False,7,0.1
7,7,optimized,,17,0.009081828704915092,0.009075011180407029,MZI27_arm0,current_layer,102,27,0,3.179,3.1789526238619237,0.007580182092166642,True,5,0.00625
7,7,optimized,,17,0.009075011180407029,0.009031343548027811,MZI27_arm1,current_layer,98,27,1,4.12,4.1201673868448045,-0.006695473792178862,True,3,0.025
7,7,optimized,,17,0.009031343548027811,0.00902930338486476,MZI26_arm1,current_layer,103,26,1,4.582,4.5819610861130045,0.006226221919330285,True,5,0.00625
7,7,optimized,,17,0.00902930338486476,0.00902930338486476,MZI26_arm0,current_layer,99,26,0,4.122,4.122,-0.008070790101982401,False,7,0.1
7,7,optimized,,17,0.00902930338486476,0.00902930338486476,MZI28_arm0,current_layer,101,28,0,2.478,2.478,-0.00039678488464277257,False,7,0.1
7,7,optimized,,17,0.00902930338486476,0.009013830300181212,MZI25_arm0,current_layer,100,25,0,4.497,4.496978678030767,0.0008528787693110841,True,3,0.025
7,7,optimized,,17,0.009013830300181212,0.008988164225327984,MZI25_arm1,current_layer,104,25,1,2.25,2.25001641004252,-0.0013128034016031138,True,4,0.0125
7,7,optimized,,17,0.008988164225327984,0.008988164225327984,MZI28_arm1,current_layer,97,28,1,4.936,4.936,0.0007442963751284096,False,7,0.1
7,7,optimized,,17,0.008988164225327984,0.008919843449317363,MZI23_arm1,previous_layer_compensation,25,23,1,4.997,4.994309064681279,0.026909353187209398,True,1,0.1
7,7,optimized,,17,0.008919843449317363,0.008894427501677854,MZI23_arm0,previous_layer_compensation,29,23,0,4.618,4.615565883498858,0.024341165011418624,True,1,0.1
7,7,optimized,,17,0.008894427501677854,0.00886936338363922,MZI22_arm1,previous_layer_compensation,24,22,1,4.397,4.397677387807014,-0.013547756140273984,True,2,0.05
7,7,optimized,,17,0.00886936338363922,0.00886936338363922,MZI22_arm0,previous_layer_compensation,28,22,0,5.155,5.155,-0.01567082206184138,False,7,0.1
7,7,optimized,,17,0.00886936338363922,0.00886936338363922,MZI21_arm1,previous_layer_compensation,23,21,1,3.877,3.877,-0.01053429005152721,False,7,0.1
7,7,optimized,,17,0.00886936338363922,0.008858301485956418,MZI21_arm0,previous_layer_compensation,27,21,0,3.137,3.1370226629746303,-0.0018130379704101361,True,4,0.0125
7,7,optimized,,18,0.008907202408629496,0.0088849630319518,MZI26_arm0,current_layer,99,26,0,4.122,4.12243653408443,-0.004365340844298246,True,1,0.1
7,7,optimized,,18,0.0088849630319518,0.0088849630319518,MZI27_arm0,current_layer,102,27,0,3.179,3.179,0.008905670703498875,False,7,0.1
7,7,optimized,,18,0.0088849630319518,0.008876741294424718,MZI27_arm1,current_layer,98,27,1,4.12,4.120746441313314,-0.0074644131331389205,True,1,0.1
7,7,optimized,,18,0.008876741294424718,0.008847527098935597,MZI26_arm1,current_layer,103,26,1,4.582,4.581476001885679,0.005239981143215421,True,1,0.1
7,7,optimized,,18,0.008847527098935597,0.008847527098935597,MZI25_arm1,current_layer,104,25,1,2.25,2.25,-0.002485535390095914,False,7,0.1
7,7,optimized,,18,0.008847527098935597,0.008847527098935597,MZI25_arm0,current_layer,100,25,0,4.497,4.497,0.00039896105403846427,False,7,0.1
7,7,optimized,,18,0.008847527098935597,0.008847527098935597,MZI28_arm1,current_layer,97,28,1,4.936,4.936,-0.0013126112252971544,False,7,0.1
7,7,optimized,,18,0.008847527098935597,0.008847527098935597,MZI28_arm0,current_layer,101,28,0,2.478,2.478,0.001019533012551476,False,7,0.1
7,7,optimized,,18,0.008847527098935597,0.008847527098935597,MZI23_arm1,previous_layer_compensation,25,23,1,4.994,4.994,0.022800234782007073,False,7,0.1
7,7,optimized,,18,0.008847527098935597,0.008847527098935597,MZI23_arm0,previous_layer_compensation,29,23,0,4.616,4.616,0.02378592040783821,False,7,0.1
7,7,optimized,,18,0.008847527098935597,0.008847527098935597,MZI22_arm0,previous_layer_compensation,28,22,0,5.155,5.155,-0.012670724082608595,False,7,0.1
7,7,optimized,,18,0.008847527098935597,0.008847527098935597,MZI22_arm1,previous_layer_compensation,24,22,1,4.398,4.398,-0.014113651355725055,False,7,0.1
7,7,optimized,,18,0.008847527098935597,0.008847527098935597,MZI21_arm1,previous_layer_compensation,23,21,1,3.877,3.877,-0.011422345441158084,False,7,0.1
7,7,optimized,,18,0.008847527098935597,0.008847527098935597,MZI21_arm0,previous_layer_compensation,27,21,0,3.137,3.137,0.0008010699223633982,False,7,0.1
7,7,optimized,,19,0.008913910931290889,0.008903165384102409,MZI27_arm0,current_layer,102,27,0,3.179,3.178626581274377,0.007468374512454259,True,2,0.05
7,7,optimized,,19,0.008903165384102409,0.008899046953202195,MZI27_arm1,current_layer,98,27,1,4.121,4.121633636405937,-0.00633636405936501,True,1,0.1
7,7,optimized,,19,0.008899046953202195,0.008899046953202195,MZI26_arm1,current_layer,103,26,1,4.581,4.581,0.005277846873595858,False,7,0.1
7,7,optimized,,19,0.008899046953202195,0.00889637811066438,MZI26_arm0,current_layer,99,26,0,4.122,4.122263347257993,-0.0026334725799342013,True,1,0.1
7,7,optimized,,19,0.00889637811066438,0.008860533813203385,MZI25_arm1,current_layer,104,25,1,2.25,2.250014997121136,-0.0005998848454436592,True,3,0.025
7,7,optimized,,19,0.008860533813203385,0.008860533813203385,MZI28_arm1,current_layer,97,28,1,4.936,4.936,0.0009609895686733587,False,7,0.1
7,7,optimized,,19,0.008860533813203385,0.008860533813203385,MZI28_arm0,current_layer,101,28,0,2.478,2.478,-0.0014488778223065838,False,7,0.1
7,7,optimized,,19,0.008860533813203385,0.008860533813203385,MZI25_arm0,current_layer,100,25,0,4.497,4.497,9.34989077368816e-05,False,7,0.1
7,7,optimized,,19,0.008860533813203385,0.008850152500886471,MZI23_arm0,previous_layer_compensation,29,23,0,4.616,4.613682819138549,0.02317180861450406,True,1,0.1
7,7,optimized,,19,0.008850152500886471,0.008830273252333019,MZI23_arm1,previous_layer_compensation,25,23,1,4.994,4.991599777650945,0.02400222349054404,True,1,0.1
7,7,optimized,,19,0.008830273252333019,0.008830273252333019,MZI22_arm1,previous_layer_compensation,24,22,1,4.398,4.398,-0.01234925277364286,False,7,0.1
7,7,optimized,,19,0.008830273252333019,0.008830273252333019,MZI22_arm0,previous_layer_compensation,28,22,0,5.155,5.155,-0.01645856798257709,False,7,0.1
7,7,optimized,,19,0.008830273252333019,0.008830273252333019,MZI21_arm1,previous_layer_compensation,23,21,1,3.877,3.877,-0.00923358202367823,False,7,0.1
7,7,optimized,,19,0.008830273252333019,0.008830273252333019,MZI21_arm0,previous_layer_compensation,27,21,0,3.137,3.137,-0.0010138049502405886,False,7,0.1
