local_sample_row,sample_index,converged,iterations_executed,final_loss_mae,final_loss_mse,final_max_abs_ratio_error,final_output_power_sum,initial_loss_mae,final_learning_rate,target_ratio_0,target_ratio_1,target_ratio_2,target_ratio_3,target_ratio_4,target_ratio_5,target_ratio_6,target_ratio_7,final_ratio_0,final_ratio_1,final_ratio_2,final_ratio_3,final_ratio_4,final_ratio_5,final_ratio_6,final_ratio_7,ratio_error_0,ratio_error_1,ratio_error_2,ratio_error_3,ratio_error_4,ratio_error_5,ratio_error_6,ratio_error_7,initial_coefficient_0,initial_coefficient_1,initial_coefficient_2,initial_coefficient_3,initial_coefficient_4,initial_coefficient_5,initial_coefficient_6,initial_coefficient_7,optimized_coefficient_0,optimized_coefficient_1,optimized_coefficient_2,optimized_coefficient_3,optimized_coefficient_4,optimized_coefficient_5,optimized_coefficient_6,optimized_coefficient_7,initial_voltage_0,initial_voltage_1,initial_voltage_2,initial_voltage_3,initial_voltage_4,initial_voltage_5,initial_voltage_6,initial_voltage_7,final_voltage_0,final_voltage_1,final_voltage_2,final_voltage_3,final_voltage_4,final_voltage_5,final_voltage_6,final_voltage_7,final_output_power_0,final_output_power_1,final_output_power_2,final_output_power_3,final_output_power_4,final_output_power_5,final_output_power_6,final_output_power_7,target_total_power_uw,measured_total_power_uw,total_power_error_uw,final_output_power_mae_uw,final_output_power_max_abs_uw
0,0,True,4,0.0155780991666667,0.0002426771736465,0.0155780991666667,0.0001218693719,1.0220424308333331,0.4254271875,0.0,1.0,0.0,0.0,0.0,0.0,0.0,0.0,0.0,1.0155780991666667,0.0,0.0,0.0,0.0,0.0,0.0,0.0,0.0155780991666667,0.0,0.0,0.0,0.0,0.0,0.0,0.0,1.0,0.0,0.0,0.0,0.0,0.0,0.0,0.0,0.3838093768603802,0.0,0.0,0.0,0.0,0.0,0.0,4.318,3.582,4.164,4.23,3.977,4.329,3.995,4.294,4.318,3.829,4.164,4.23,3.977,4.329,3.995,4.294,6.391952e-06,0.0001108403,2.173148e-06,1.399349e-07,1.206734e-07,6.545799e-07,7.099369e-07,8.388468e-07,120.0,121.8693719,1.8693719000000044,1.8693719000000044,1.8693719000000044
1,1,True,3,0.0178652233333334,0.0003191662047498,0.0178652233333334,0.0001221438268,1.1890770575,0.40516875,0.0,0.0,1.0,0.0,0.0,0.0,0.0,0.0,0.0,0.0,1.0178652233333334,0.0,0.0,0.0,0.0,0.0,0.0,0.0,0.0178652233333334,0.0,0.0,0.0,0.0,0.0,0.0,0.0,1.0,0.0,0.0,0.0,0.0,0.0,0.0,0.0,0.39193664326875,0.0,0.0,0.0,0.0,0.0,4.318,4.261,3.438,4.23,3.977,4.329,3.995,4.294,4.318,4.261,3.722,4.23,3.977,4.329,3.995,4.294,3.37622e-07,6.544554e-07,0.0001090361,9.550403e-06,4.550322e-07,5.58889e-07,8.296324e-07,7.216928e-07,120.0,122.1438268,2.1438268,2.1438268,2.1438268
2,2,True,3,0.0089264325,7.96811971770567e-05,0.0089264325,0.0001210711718999,1.3499812125000004,0.40516875,0.0,0.0,0.0,1.0,0.0,0.0,0.0,0.0,0.0,0.0,0.0,1.0089264325,0.0,0.0,0.0,0.0,0.0,0.0,0.0,0.0089264325,0.0,0.0,0.0,0.0,0.0,0.0,0.0,1.0,0.0,0.0,0.0,0.0,0.0,0.0,0.0,0.409517599323125,0.0,0.0,0.0,0.0,4.318,4.261,4.164,3.451,3.977,4.329,3.995,4.294,4.318,4.261,4.164,3.79,3.977,4.329,3.995,4.294,2.35105e-07,9.417492e-07,1.96862e-06,0.0001139297,1.833416e-06,5.918802e-07,7.232084e-07,8.474931e-07,120.0,121.0711719,1.071171899999996,1.071171899999996,1.071171899999996
3,3,True,4,0.0129860799999999,0.0001686382737663,0.0129860799999999,0.0001215583296,0.6215150075000002,0.4254271875,0.0,0.0,0.0,0.0,1.0,0.0,0.0,0.0,0.0,0.0,0.0,0.0,1.01298608,0.0,0.0,0.0,0.0,0.0,0.0,0.0,0.0129860799999999,0.0,0.0,0.0,0.0,0.0,0.0,0.0,1.0,0.0,0.0,0.0,0.0,0.0,0.0,0.0,0.6312371853818127,0.0,0.0,0.0,4.318,4.261,4.164,4.23,3.327,4.329,3.995,4.294,4.318,4.261,4.164,4.23,3.498,4.329,3.995,4.294,3.339944e-07,6.840998e-07,1.558329e-06,1.774675e-06,0.0001145805,1.00753e-06,9.095201e-07,7.096813e-07,120.0,121.5583296,1.558329599999993,1.558329599999993,1.558329599999993
4,4,True,4,0.0120894573529413,0.0001461549790885,0.0120894573529413,0.000117686029,0.6005636540196082,0.4254271875,0.0,0.0,0.0,0.0,0.968627450980392,0.0,0.0,0.0,0.0,0.0,0.0,0.0,0.9807169083333334,0.0,0.0,0.0,0.0,0.0,0.0,0.0,0.0120894573529413,0.0,0.0,0.0,0.0,0.0,0.0,0.0,0.968627450980392,0.0,0.0,0.0,0.0,0.0,0.0,0.0,0.6124455756909811,0.0,0.0,0.0,4.318,4.261,4.164,4.23,3.342,4.329,3.995,4.294,4.318,4.261,4.164,4.23,3.507,4.329,3.995,4.294,3.28295e-07,6.863522e-07,1.551017e-06,1.725307e-06,0.0001107793,1.003282e-06,9.031543e-07,7.093215e-07,116.23529411764704,117.686029,1.450734882352961,1.450734882352961,1.450734882352961
5,5,True,3,0.0100516048529414,0.0001010347601196,0.0100516048529414,0.0001174414867,1.312853982352941,0.40516875,0.0,0.0,0.0,0.968627450980392,0.0,0.0,0.0,0.0,0.0,0.0,0.0,0.9786790558333336,0.0,0.0,0.0,0.0,0.0,0.0,0.0,0.0100516048529414,0.0,0.0,0.0,0.0,0.0,0.0,0.0,0.968627450980392,0.0,0.0,0.0,0.0,0.0,0.0,0.0,0.3953697607964029,0.0,0.0,0.0,0.0,4.318,4.261,4.164,3.471,3.977,4.329,3.995,4.294,4.318,4.261,4.164,3.798,3.977,4.329,3.995,4.294,2.335573e-07,9.292486e-07,1.87307e-06,0.0001104794,1.779592e-06,5.853694e-07,7.211386e-07,8.401108e-07,116.23529411764704,117.4414867,1.2061925823529691,1.2061925823529691,1.2061925823529691
6,6,True,4,0.0127395030392157,0.0001622949376861,0.0127395030392157,0.0001139993286,0.5777657980392158,0.4254271875,0.0,0.0,0.0,0.0,0.9372549019607842,0.0,0.0,0.0,0.0,0.0,0.0,0.0,0.949994405,0.0,0.0,0.0,0.0,0.0,0.0,0.0,0.0127395030392157,0.0,0.0,0.0,0.0,0.0,0.0,0.0,0.9372549019607842,0.0,0.0,0.0,0.0,0.0,0.0,0.0,0.5926636769239317,0.0,0.0,0.0,4.318,4.261,4.164,4.23,3.357,4.329,3.995,4.294,4.318,4.261,4.164,4.23,3.516,4.329,3.995,4.294,3.276323e-07,6.793535e-07,1.544041e-06,1.668615e-06,0.0001071674,1.007492e-06,8.96135e-07,7.086598e-07,112.4705882352941,113.9993286,1.5287403647058966,1.5287403647058966,1.5287403647058966
7,7,True,3,0.0062160522058825,3.863930502625676e-05,0.0062160522058825,0.0001132165145,1.2635391255392163,0.40516875,0.0,0.0,0.0,0.9372549019607842,0.0,0.0,0.0,0.0,0.0,0.0,0.0,0.9434709541666668,0.0,0.0,0.0,0.0,0.0,0.0,0.0,0.0062160522058825,0.0,0.0,0.0,0.0,0.0,0.0,0.0,0.9372549019607842,0.0,0.0,0.0,0.0,0.0,0.0,0.0,0.3817943302523893,0.0,0.0,0.0,0.0,4.318,4.261,4.164,3.491,3.977,4.329,3.995,4.294,4.318,4.261,4.164,3.807,3.977,4.329,3.995,4.294,2.328695e-07,9.201282e-07,1.768988e-06,0.0001064283,1.727297e-06,5.801585e-07,7.216113e-07,8.37162e-07,112.4705882352941,113.2165145,0.7459262647059006,0.7459262647059006,0.7459262647059006
8,8,True,4,0.0136831079411762,0.0001872274429298,0.0136831079411762,0.0001169360906,0.5945275271078428,0.4254271875,0.0,0.0,0.0,0.0,0.9607843137254904,0.0,0.0,0.0,0.0,0.0,0.0,0.0,0.9744674216666668,0.0,0.0,0.0,0.0,0.0,0.0,0.0,0.0136831079411762,0.0,0.0,0.0,0.0,0.0,0.0,0.0,0.9607843137254904,0.0,0.0,0.0,0.0,0.0,0.0,0.0,0.6072798159393424,0.0,0.0,0.0,4.318,4.261,4.164,4.23,3.346,4.329,3.995,4.294,4.318,4.261,4.164,4.23,3.509,4.329,3.995,4.294,3.249454e-07,6.825591e-07,1.543321e-06,1.710082e-06,0.0001100625,1.006191e-06,8.998003e-07,7.066918e-07,115.29411764705884,116.9360906,1.6419729529411455,1.6419729529411455,1.6419729529411455
9,9,True,3,0.0063381987745094,4.017276370519339e-05,0.0063381987745094,0.0001160547015,1.2914229679411768,0.40516875,0.0,0.0,0.0,0.9607843137254904,0.0,0.0,0.0,0.0,0.0,0.0,0.0,0.9671225125,0.0,0.0,0.0,0.0,0.0,0.0,0.0,0.0063381987745094,0.0,0.0,0.0,0.0,0.0,0.0,0.0,0.9607843137254904,0.0,0.0,0.0,0.0,0.0,0.0,0.0,0.3919818962346449,0.0,0.0,0.0,0.0,4.318,4.261,4.164,3.476,3.977,4.329,3.995,4.294,4.318,4.261,4.164,3.8,3.977,4.329,3.995,4.294,2.32275e-07,9.266835e-07,1.85189e-06,0.0001091346,1.769064e-06,5.832053e-07,7.167438e-07,8.402399e-07,115.29411764705884,116.0547015,0.7605838529411386,0.7605838529411386,0.7605838529411386
10,10,True,4,0.01266594,0.0001604260360836,0.01266594,0.0001135199128,0.5753442016666667,0.4254271875,0.0,0.0,0.0,0.0,0.9333333333333332,0.0,0.0,0.0,0.0,0.0,0.0,0.0,0.9459992733333332,0.0,0.0,0.0,0.0,0.0,0.0,0.0,0.01266594,0.0,0.0,0.0,0.0,0.0,0.0,0.0,0.9333333333333332,0.0,0.0,0.0,0.0,0.0,0.0,0.0,0.5901381475858748,0.0,0.0,0.0,4.318,4.261,4.164,4.23,3.359,4.329,3.995,4.294,4.318,4.261,4.164,4.23,3.517,4.329,3.995,4.294,3.262768e-07,6.79417e-07,1.535673e-06,1.658344e-06,0.0001067276,9.921877e-07,8.933185e-07,7.070958e-07,112.0,113.5199128,1.5199128000000144,1.5199128000000144,1.5199128000000144
11,11,True,3,0.0025400516666669,6.451862469337456e-06,0.0025400516666669,0.0001123048062,1.2589067566666667,0.40516875,0.0,0.0,0.0,0.9333333333333332,0.0,0.0,0.0,0.0,0.0,0.0,0.0,0.9358733850000002,0.0,0.0,0.0,0.0,0.0,0.0,0.0,0.0025400516666669,0.0,0.0,0.0,0.0,0.0,0.0,0.0,0.9333333333333332,0.0,0.0,0.0,0.0,0.0,0.0,0.0,0.3793825321321873,0.0,0.0,0.0,0.0,4.318,4.261,4.164,3.494,3.977,4.329,3.995,4.294,4.318,4.261,4.164,3.808,3.977,4.329,3.995,4.294,2.300329e-07,9.227703e-07,1.758402e-06,0.000105544,1.719908e-06,5.796515e-07,7.190925e-07,8.30949e-07,112.0,112.30480620000002,0.30480620000003,0.30480620000003,0.30480620000003
12,12,True,4,0.0134440349019608,0.0001807420744451,0.0134440349019608,0.0001164368136,0.5893735357352943,0.4254271875,0.0,0.0,0.0,0.0,0.9568627450980391,0.0,0.0,0.0,0.0,0.0,0.0,0.0,0.97030678,0.0,0.0,0.0,0.0,0.0,0.0,0.0,0.0134440349019608,0.0,0.0,0.0,0.0,0.0,0.0,0.0,0.9568627450980391,0.0,0.0,0.0,0.0,0.0,0.0,0.0,0.6056573688399095,0.0,0.0,0.0,4.318,4.261,4.164,4.23,3.348,4.329,3.995,4.294,4.318,4.261,4.164,4.23,3.51,4.329,3.995,4.294,3.27475e-07,6.738402e-07,1.538859e-06,1.691147e-06,0.0001096037,1.003739e-06,8.956493e-07,7.024041e-07,114.8235294117647,116.4368136,1.613284188235312,1.613284188235312,1.613284188235312
13,13,True,3,0.0086715599019608,7.519595113329596e-05,0.0086715599019608,0.0001158641166,1.287869853235294,0.40516875,0.0,0.0,0.0,0.9568627450980391,0.0,0.0,0.0,0.0,0.0,0.0,0.0,0.965534305,0.0,0.0,0.0,0.0,0.0,0.0,0.0,0.0086715599019608,0.0,0.0,0.0,0.0,0.0,0.0,0.0,0.9568627450980391,0.0,0.0,0.0,0.0,0.0,0.0,0.0,0.3901236698161089,0.0,0.0,0.0,0.0,4.318,4.261,4.164,3.479,3.977,4.329,3.995,4.294,4.318,4.261,4.164,3.801,3.977,4.329,3.995,4.294,2.29502e-07,9.182332e-07,1.850458e-06,0.0001089835,1.752914e-06,5.779037e-07,7.184851e-07,8.331206e-07,114.8235294117647,115.8641166,1.0405871882353068,1.0405871882353068,1.0405871882353068
14,14,True,4,0.0090756105882355,8.236670754929383e-05,0.0090756105882355,9.61478968e-05,0.4765547922549024,0.4254271875,0.0,0.0,0.0,0.0,0.7921568627450978,0.0,0.0,0.0,0.0,0.0,0.0,0.0,0.8012324733333334,0.0,0.0,0.0,0.0,0.0,0.0,0.0,0.0090756105882355,0.0,0.0,0.0,0.0,0.0,0.0,0.0,0.7921568627450978,0.0,0.0,0.0,0.0,0.0,0.0,0.0,0.5006414810003696,0.0,0.0,0.0,4.318,4.261,4.164,4.23,3.425,4.329,3.995,4.294,4.318,4.261,4.164,4.23,3.56,4.329,3.995,4.294,3.139309e-07,6.754874e-07,1.512313e-06,1.414419e-06,8.969253e-05,9.682868e-07,8.678434e-07,7.030863e-07,95.05882352941174,96.1478968,1.0890732705882726,1.0890732705882726,1.0890732705882726
15,15,True,3,0.0036454747549021,1.3289486188629096e-05,0.0036454747549021,9.54962805e-05,1.0771763389215687,0.40516875,0.0,0.0,0.0,0.7921568627450978,0.0,0.0,0.0,0.0,0.0,0.0,0.0,0.7958023375,0.0,0.0,0.0,0.0,0.0,0.0,0.0,0.0036454747549021,0.0,0.0,0.0,0.0,0.0,0.0,0.0,0.7921568627450978,0.0,0.0,0.0,0.0,0.0,0.0,0.0,0.3176818626375118,0.0,0.0,0.0,0.0,4.318,4.261,4.164,3.577,3.977,4.329,3.995,4.294,4.318,4.261,4.164,3.846,3.977,4.329,3.995,4.294,2.28448e-07,8.927789e-07,1.346928e-06,8.941138e-05,1.511419e-06,5.67585e-07,7.160277e-07,8.217139e-07,95.05882352941174,95.4962805,0.4374569705882578,0.4374569705882578,0.4374569705882578
16,16,True,4,0.0127342618627451,0.0001621614251889,0.0127342618627451,8.388105259999999e-05,0.4135864410294119,0.4254271875,0.0,0.0,0.0,0.0,0.6862745098039214,0.0,0.0,0.0,0.0,0.0,0.0,0.0,0.6990087716666665,0.0,0.0,0.0,0.0,0.0,0.0,0.0,0.0127342618627451,0.0,0.0,0.0,0.0,0.0,0.0,0.0,0.6862745098039214,0.0,0.0,0.0,0.0,0.0,0.0,0.0,0.4327114912705709,0.0,0.0,0.0,4.318,4.261,4.164,4.23,3.473,4.329,3.995,4.294,4.318,4.261,4.164,4.23,3.592,4.329,3.995,4.294,3.071104e-07,6.731988e-07,1.492236e-06,1.242381e-06,7.765733e-05,9.499652e-07,8.524176e-07,7.064136e-07,82.35294117647057,83.88105259999999,1.528111423529424,1.528111423529424,1.528111423529424
17,17,True,3,0.0050380635294119,2.5382084126390697e-05,0.0050380635294119,8.29575088e-05,0.945537314362745,0.40516875,0.0,0.0,0.0,0.6862745098039214,0.0,0.0,0.0,0.0,0.0,0.0,0.0,0.6913125733333333,0.0,0.0,0.0,0.0,0.0,0.0,0.0,0.0050380635294119,0.0,0.0,0.0,0.0,0.0,0.0,0.0,0.6862745098039214,0.0,0.0,0.0,0.0,0.0,0.0,0.0,0.2703126075026774,0.0,0.0,0.0,0.0,4.318,4.261,4.164,3.636,3.977,4.329,3.995,4.294,4.318,4.261,4.164,3.875,3.977,4.329,3.995,4.294,2.29709e-07,8.7708e-07,1.061351e-06,7.73405e-05,1.352705e-06,5.624234e-07,7.161945e-07,8.175459e-07,82.35294117647057,82.9575088,0.6045676235294337,0.6045676235294337,0.6045676235294337
18,18,True,4,0.0150282356862744,0.0002258478678422,0.0150282356862744,8.603868239999998e-05,0.4227014448529411,0.4254271875,0.0,0.0,0.0,0.0,0.7019607843137254,0.0,0.0,0.0,0.0,0.0,0.0,0.0,0.7169890199999999,0.0,0.0,0.0,0.0,0.0,0.0,0.0,0.0150282356862744,0.0,0.0,0.0,0.0,0.0,0.0,0.0,0.7019607843137254,0.0,0.0,0.0,0.0,0.0,0.0,0.0,0.4427732796272889,0.0,0.0,0.0,4.318,4.261,4.164,4.23,3.466,4.329,3.995,4.294,4.318,4.261,4.164,4.23,3.587,4.329,3.995,4.294,3.100331e-07,6.786303e-07,1.503134e-06,1.268828e-06,7.975688e-05,9.578882e-07,8.561425e-07,7.071463e-07,84.23529411764706,86.03868239999998,1.8033882823529268,1.8033882823529268,1.8033882823529268
19,19,True,3,0.0029438198529411,8.666075326570281e-06,0.0029438198529411,8.45885525e-05,0.9678823140196078,0.40516875,0.0,0.0,0.0,0.7019607843137254,0.0,0.0,0.0,0.0,0.0,0.0,0.0,0.7049046041666666,0.0,0.0,0.0,0.0,0.0,0.0,0.0,0.0029438198529411,0.0,0.0,0.0,0.0,0.0,0.0,0.0,0.7019607843137254,0.0,0.0,0.0,0.0,0.0,0.0,0.0,0.2770762460701531,0.0,0.0,0.0,0.0,4.318,4.261,4.164,3.628,3.977,4.329,3.995,4.294,4.318,4.261,4.164,3.871,3.977,4.329,3.995,4.294,2.304133e-07,8.857405e-07,1.091023e-06,7.889519e-05,1.385374e-06,5.653912e-07,7.181819e-07,8.172386e-07,84.23529411764706,84.58855249999999,0.3532583823529336,0.3532583823529336,0.3532583823529336
20,20,True,4,0.0109579368137254,0.0001200763792136,0.0109579368137254,8.50796583e-05,0.4227307709803922,0.4254271875,0.0,0.0,0.0,0.0,0.6980392156862745,0.0,0.0,0.0,0.0,0.0,0.0,0.0,0.7089971525,0.0,0.0,0.0,0.0,0.0,0.0,0.0,0.0109579368137254,0.0,0.0,0.0,0.0,0.0,0.0,0.0,0.6980392156862745,0.0,0.0,0.0,0.0,0.0,0.0,0.0,0.4391343045748413,0.0,0.0,0.0,4.318,4.261,4.164,4.23,3.467,4.329,3.995,4.294,4.318,4.261,4.164,4.23,3.589,4.329,3.995,4.294,3.090319e-07,6.823676e-07,1.503965e-06,1.258233e-06,7.880213e-05,9.570455e-07,8.591729e-07,7.077124e-07,83.76470588235294,85.0796583,1.3149524176470635,1.3149524176470635,1.3149524176470635
21,21,True,3,0.0075721634803921,5.733765977378434e-05,0.0075721634803921,8.46733655e-05,0.9566144459803924,0.40516875,0.0,0.0,0.0,0.6980392156862745,0.0,0.0,0.0,0.0,0.0,0.0,0.0,0.7056113791666666,0.0,0.0,0.0,0.0,0.0,0.0,0.0,0.0075721634803921,0.0,0.0,0.0,0.0,0.0,0.0,0.0,0.6980392156862745,0.0,0.0,0.0,0.0,0.0,0.0,0.0,0.2762693416635968,0.0,0.0,0.0,0.0,4.318,4.261,4.164,3.63,3.977,4.329,3.995,4.294,4.318,4.261,4.164,3.871,3.977,4.329,3.995,4.294,2.338762e-07,8.861074e-07,1.091911e-06,7.897329e-05,1.380678e-06,5.686103e-07,7.195047e-07,8.193879e-07,83.76470588235294,84.6733655,0.9086596176470608,0.9086596176470608,0.9086596176470608
22,22,True,4,0.0118476492647059,0.0001403667930994,0.0118476492647059,8.65981885e-05,0.4317259342647059,0.4254271875,0.0,0.0,0.0,0.0,0.7098039215686274,0.0,0.0,0.0,0.0,0.0,0.0,0.0,0.7216515708333333,0.0,0.0,0.0,0.0,0.0,0.0,0.0,0.0118476492647059,0.0,0.0,0.0,0.0,0.0,0.0,0.0,0.7098039215686274,0.0,0.0,0.0,0.0,0.0,0.0,0.0,0.4473351862325069,0.0,0.0,0.0,4.318,4.261,4.164,4.23,3.462,4.329,3.995,4.294,4.318,4.261,4.164,4.23,3.585,4.329,3.995,4.294,3.123793e-07,6.833853e-07,1.510537e-06,1.285668e-06,8.026459e-05,9.701487e-07,8.617536e-07,7.097266e-07,85.17647058823529,86.5981885,1.4217179117647163,1.4217179117647163,1.4217179117647163
23,23,True,3,0.0070877459313725,5.023614238768762e-05,0.0070877459313725,8.60270001e-05,0.9793188025980396,0.40516875,0.0,0.0,0.0,0.7098039215686274,0.0,0.0,0.0,0.0,0.0,0.0,0.0,0.7168916674999999,0.0,0.0,0.0,0.0,0.0,0.0,0.0,0.0070877459313725,0.0,0.0,0.0,0.0,0.0,0.0,0.0,0.7098039215686274,0.0,0.0,0.0,0.0,0.0,0.0,0.0,0.2807086399067032,0.0,0.0,0.0,0.0,4.318,4.261,4.164,3.623,3.977,4.329,3.995,4.294,4.318,4.261,4.164,3.868,3.977,4.329,3.995,4.294,2.34222e-07,8.994188e-07,1.105206e-06,8.026086e-05,1.4023e-06,5.738725e-07,7.209115e-07,8.302093e-07,85.17647058823529,86.0270001,0.8505295117647051,0.8505295117647051,0.8505295117647051
24,24,True,4,0.0126480724509806,0.0001599737367252,0.0126480724509806,0.0001149295334,0.5871522774509805,0.4254271875,0.0,0.0,0.0,0.0,0.945098039215686,0.0,0.0,0.0,0.0,0.0,0.0,0.0,0.9577461116666668,0.0,0.0,0.0,0.0,0.0,0.0,0.0,0.0126480724509806,0.0,0.0,0.0,0.0,0.0,0.0,0.0,0.945098039215686,0.0,0.0,0.0,0.0,0.0,0.0,0.0,0.5972479579406496,0.0,0.0,0.0,4.318,4.261,4.164,4.23,3.353,4.329,3.995,4.294,4.318,4.261,4.164,4.23,3.514,4.329,3.995,4.294,3.313541e-07,6.760203e-07,1.561844e-06,1.666541e-06,0.0001080902,9.898558e-07,9.01471e-07,7.122472e-07,113.41176470588232,114.9295334,1.5177686941176771,1.5177686941176771,1.5177686941176771
25,25,True,3,0.0113116516176473,0.000127953462319,0.0113116516176473,0.0001147691628999,1.2843501541176474,0.40516875,0.0,0.0,0.0,0.945098039215686,0.0,0.0,0.0,0.0,0.0,0.0,0.0,0.9564096908333334,0.0,0.0,0.0,0.0,0.0,0.0,0.0,0.0113116516176473,0.0,0.0,0.0,0.0,0.0,0.0,0.0,0.945098039215686,0.0,0.0,0.0,0.0,0.0,0.0,0.0,0.3854941629114395,0.0,0.0,0.0,0.0,4.318,4.261,4.164,3.486,3.977,4.329,3.995,4.294,4.318,4.261,4.164,3.804,3.977,4.329,3.995,4.294,2.342365e-07,9.265627e-07,1.801213e-06,0.0001079014,1.75007e-06,5.862469e-07,7.237953e-07,8.456385e-07,113.41176470588232,114.7691629,1.3573981941176785,1.3573981941176785,1.3573981941176785
26,26,True,4,0.0118176271568627,0.0001396563116186,0.0118176271568627,9.93004682e-05,0.4963859413235292,0.4254271875,0.0,0.0,0.0,0.0,0.8156862745098039,0.0,0.0,0.0,0.0,0.0,0.0,0.0,0.8275039016666667,0.0,0.0,0.0,0.0,0.0,0.0,0.0,0.0118176271568627,0.0,0.0,0.0,0.0,0.0,0.0,0.0,0.8156862745098039,0.0,0.0,0.0,0.0,0.0,0.0,0.0,0.5154307511104989,0.0,0.0,0.0,4.318,4.261,4.164,4.23,3.414,4.329,3.995,4.294,4.318,4.261,4.164,4.23,3.553,4.329,3.995,4.294,3.179537e-07,6.888945e-07,1.532848e-06,1.455302e-06,9.271585e-05,9.929853e-07,8.834573e-07,7.131774e-07,97.88235294117646,99.3004682,1.4181152588235335,1.4181152588235335,1.4181152588235335
28,28,True,4,0.0120485504901961,0.0001451675689148,0.0120485504901961,8.3328179e-05,0.4124898538235292,0.4254271875,0.0,0.0,0.0,0.0,0.6823529411764705,0.0,0.0,0.0,0.0,0.0,0.0,0.0,0.6944014916666666,0.0,0.0,0.0,0.0,0.0,0.0,0.0,0.0120485504901961,0.0,0.0,0.0,0.0,0.0,0.0,0.0,0.6823529411764705,0.0,0.0,0.0,0.0,0.0,0.0,0.0,0.429156120005181,0.0,0.0,0.0,4.318,4.261,4.164,4.23,3.475,4.329,3.995,4.294,4.318,4.261,4.164,4.23,3.594,4.329,3.995,4.294,3.169907e-07,6.810337e-07,1.514545e-06,1.241309e-06,7.702331e-05,9.728927e-07,8.606088e-07,7.174891e-07,81.88235294117646,83.328179,1.445826058823542,1.445826058823542,1.445826058823542
29,29,True,3,0.004941472990196,2.4418155312837527e-05,0.004941472990196,8.24753297e-05,0.9465215646568628,0.40516875,0.0,0.0,0.0,0.6823529411764705,0.0,0.0,0.0,0.0,0.0,0.0,0.0,0.6872944141666666,0.0,0.0,0.0,0.0,0.0,0.0,0.0,0.004941472990196,0.0,0.0,0.0,0.0,0.0,0.0,0.0,0.6823529411764705,0.0,0.0,0.0,0.0,0.0,0.0,0.0,0.2664650059210171,0.0,0.0,0.0,0.0,4.318,4.261,4.164,3.639,3.977,4.329,3.995,4.294,4.318,4.261,4.164,3.877,3.977,4.329,3.995,4.294,2.329349e-07,8.924827e-07,1.027643e-06,7.684222e-05,1.353863e-06,5.734008e-07,7.251197e-07,8.276656e-07,81.88235294117646,82.47532969999999,0.5929767588235251,0.5929767588235251,0.5929767588235251
30,30,True,4,0.0085824049019607,7.365767390119933e-05,0.0085824049019607,8.3853418e-05,0.4190464699019609,0.4254271875,0.0,0.0,0.0,0.0,0.6901960784313725,0.0,0.0,0.0,0.0,0.0,0.0,0.0,0.6987784833333333,0.0,0.0,0.0,0.0,0.0,0.0,0.0,0.0085824049019607,0.0,0.0,0.0,0.0,0.0,0.0,0.0,0.6901960784313725,0.0,0.0,0.0,0.0,0.0,0.0,0.0,0.432994406447472,0.0,0.0,0.0,4.318,4.261,4.164,4.23,3.471,4.329,3.995,4.294,4.318,4.261,4.164,4.23,3.592,4.329,3.995,4.294,3.1212e-07,6.84676e-07,1.516179e-06,1.24935e-06,7.754793e-05,9.619474e-07,8.628948e-07,7.183208e-07,82.82352941176471,83.85341799999999,1.0298885882352806,1.0298885882352806,1.0298885882352806
31,31,True,3,0.0028761965686274,8.272506701384467e-06,0.0028761965686274,8.316867300000001e-05,0.9591154932352944,0.40516875,0.0,0.0,0.0,0.6901960784313725,0.0,0.0,0.0,0.0,0.0,0.0,0.0,0.693072275,0.0,0.0,0.0,0.0,0.0,0.0,0.0,0.0028761965686274,0.0,0.0,0.0,0.0,0.0,0.0,0.0,0.6901960784313725,0.0,0.0,0.0,0.0,0.0,0.0,0.0,0.2704652268413174,0.0,0.0,0.0,0.0,4.318,4.261,4.164,3.634,3.977,4.329,3.995,4.294,4.318,4.261,4.164,3.875,3.977,4.329,3.995,4.294,2.34799e-07,8.922013e-07,1.047246e-06,7.750162e-05,1.366777e-06,5.748745e-07,7.234927e-07,8.276625e-07,82.82352941176471,83.16867300000001,0.3451435882353024,0.3451435882353024,0.3451435882353024
32,32,True,4,0.0143704135784313,0.0002065087864151,0.0143704135784313,9.06656261e-05,0.4510619577450981,0.4254271875,0.0,0.0,0.0,0.0,0.7411764705882352,0.0,0.0,0.0,0.0,0.0,0.0,0.0,0.7555468841666666,0.0,0.0,0.0,0.0,0.0,0.0,0.0,0.0143704135784313,0.0,0.0,0.0,0.0,0.0,0.0,0.0,0.7411764705882352,0.0,0.0,0.0,0.0,0.0,0.0,0.0,0.4676132419881348,0.0,0.0,0.0,4.318,4.261,4.164,4.23,3.448,4.329,3.995,4.294,4.318,4.261,4.164,4.23,3.575,4.329,3.995,4.294,3.16422e-07,6.897378e-07,1.526478e-06,1.33786e-06,8.422675e-05,9.793353e-07,8.715168e-07,7.175262e-07,88.94117647058823,90.6656261,1.7244496294117653,1.7244496294117653,1.7244496294117653
33,33,True,3,0.0046658444117647,2.1770104074796476e-05,0.0046658444117647,8.95010778e-05,1.023175990245098,0.40516875,0.0,0.0,0.0,0.7411764705882352,0.0,0.0,0.0,0.0,0.0,0.0,0.0,0.745842315,0.0,0.0,0.0,0.0,0.0,0.0,0.0,0.0046658444117647,0.0,0.0,0.0,0.0,0.0,0.0,0.0,0.7411764705882352,0.0,0.0,0.0,0.0,0.0,0.0,0.0,0.2949199018743626,0.0,0.0,0.0,0.0,4.318,4.261,4.164,3.606,3.977,4.329,3.995,4.294,4.318,4.261,4.164,3.86,3.977,4.329,3.995,4.294,2.351869e-07,8.985297e-07,1.185735e-06,8.360074e-05,1.447583e-06,5.770865e-07,7.245438e-07,8.316729e-07,88.94117647058823,89.5010778,0.5599013294117725,0.5599013294117725,0.5599013294117725
34,34,True,4,0.0124226606372549,0.0001543224973084,0.0124226606372549,0.0001191377781,0.6105023223039219,0.4254271875,0.0,0.0,0.0,0.0,0.980392156862745,0.0,0.0,0.0,0.0,0.0,0.0,0.0,0.9928148175,0.0,0.0,0.0,0.0,0.0,0.0,0.0,0.0124226606372549,0.0,0.0,0.0,0.0,0.0,0.0,0.0,0.980392156862745,0.0,0.0,0.0,0.0,0.0,0.0,0.0,0.617699589524397,0.0,0.0,0.0,4.318,4.261,4.164,4.23,3.337,4.329,3.995,4.294,4.318,4.261,4.164,4.23,3.504,4.329,3.995,4.294,3.348009e-07,6.868125e-07,1.563123e-06,1.737875e-06,0.0001121786,1.009984e-06,9.083553e-07,7.182274e-07,117.6470588235294,119.1377781,1.4907192764705997,1.4907192764705997,1.4907192764705997
35,35,True,3,0.0027062948039217,7.324031565733619e-06,0.0027062948039217,0.0001179718142,1.3335209689705885,0.40516875,0.0,0.0,0.0,0.980392156862745,0.0,0.0,0.0,0.0,0.0,0.0,0.0,0.9830984516666668,0.0,0.0,0.0,0.0,0.0,0.0,0.0,0.0027062948039217,0.0,0.0,0.0,0.0,0.0,0.0,0.0,0.980392156862745,0.0,0.0,0.0,0.0,0.0,0.0,0.0,0.3977886786998221,0.0,0.0,0.0,0.0,4.318,4.261,4.164,3.463,3.977,4.329,3.995,4.294,4.318,4.261,4.164,3.797,3.977,4.329,3.995,4.294,2.358432e-07,9.422197e-07,1.883676e-06,0.0001109498,1.788719e-06,5.937612e-07,7.249355e-07,8.528596e-07,117.6470588235294,117.9718142,0.3247553764706055,0.3247553764706055,0.3247553764706055
36,36,True,4,0.0127685726960784,0.000163036448695,0.0127685726960784,9.18851699e-05,0.4607330435294119,0.4254271875,0.0,0.0,0.0,0.0,0.7529411764705882,0.0,0.0,0.0,0.0,0.0,0.0,0.0,0.7657097491666667,0.0,0.0,0.0,0.0,0.0,0.0,0.0,0.0127685726960784,0.0,0.0,0.0,0.0,0.0,0.0,0.0,0.7529411764705882,0.0,0.0,0.0,0.0,0.0,0.0,0.0,0.4754644419844722,0.0,0.0,0.0,4.318,4.261,4.164,4.23,3.442,4.329,3.995,4.294,4.318,4.261,4.164,4.23,3.572,4.329,3.995,4.294,3.163171e-07,6.899999e-07,1.52559e-06,1.356599e-06,8.541639e-05,9.888395e-07,8.744667e-07,7.169677e-07,90.35294117647058,91.8851699,1.532228723529414,1.532228723529414,1.532228723529414
37,37,True,3,0.0053565276960785,2.8692388958856343e-05,0.0053565276960785,9.09957245e-05,1.0329030201960785,0.40516875,0.0,0.0,0.0,0.7529411764705882,0.0,0.0,0.0,0.0,0.0,0.0,0.0,0.7582977041666668,0.0,0.0,0.0,0.0,0.0,0.0,0.0,0.0053565276960785,0.0,0.0,0.0,0.0,0.0,0.0,0.0,0.7529411764705882,0.0,0.0,0.0,0.0,0.0,0.0,0.0,0.2997685959983028,0.0,0.0,0.0,0.0,4.318,4.261,4.164,3.6,3.977,4.329,3.995,4.294,4.318,4.261,4.164,3.857,3.977,4.329,3.995,4.294,2.372223e-07,8.971963e-07,1.219197e-06,8.505004e-05,1.453853e-06,5.781826e-07,7.230211e-07,8.370122e-07,90.35294117647058,90.9957245,0.6427833235294287,0.6427833235294287,0.6427833235294287
38,38,True,4,0.0071460692156862,5.106630523537912e-05,0.0071460692156862,6.34457636e-05,0.3155386050490195,0.4254271875,0.0,0.0,0.0,0.0,0.5215686274509804,0.0,0.0,0.0,0.0,0.0,0.0,0.0,0.5287146966666667,0.0,0.0,0.0,0.0,0.0,0.0,0.0,0.0071460692156862,0.0,0.0,0.0,0.0,0.0,0.0,0.0,0.5215686274509804,0.0,0.0,0.0,0.0,0.0,0.0,0.0,0.3232478642143291,0.0,0.0,0.0,4.318,4.261,4.164,4.23,3.55,4.329,3.995,4.294,4.318,4.261,4.164,4.23,3.649,4.329,3.995,4.294,3.035524e-07,6.809239e-07,1.48905e-06,9.584583e-07,5.754245e-05,9.211224e-07,8.337856e-07,7.16421e-07,62.58823529411765,63.44576360000001,0.8575283058823544,0.8575283058823544,0.8575283058823544
39,39,True,4,0.0013083573529413,1.711798962995631e-06,0.0013083573529413,0.000116392297,1.1591423073529408,0.4254271875,0.0,0.0,0.968627450980392,0.0,0.0,0.0,0.0,0.0,0.0,0.0,0.9699358083333334,0.0,0.0,0.0,0.0,0.0,0.0,0.0,0.0013083573529413,0.0,0.0,0.0,0.0,0.0,0.0,0.0,0.968627450980392,0.0,0.0,0.0,0.0,0.0,0.0,0.0,0.3690932051225649,0.0,0.0,0.0,0.0,0.0,4.318,4.261,3.453,4.23,3.977,4.329,3.995,4.294,4.318,4.261,3.734,4.23,3.977,4.329,3.995,4.294,3.337046e-07,6.565473e-07,0.000103648,9.215193e-06,4.385346e-07,5.560365e-07,8.291217e-07,7.151593e-07,116.23529411764704,116.392297,0.1570028823529554,0.1570028823529554,0.1570028823529554
40,40,True,3,0.0013014025490195,1.693648594594606e-06,0.0013014025490195,6.27444036e-05,0.7362850758823528,0.40516875,0.0,0.0,0.0,0.5215686274509804,0.0,0.0,0.0,0.0,0.0,0.0,0.0,0.52287003,0.0,0.0,0.0,0.0,0.0,0.0,0.0,0.0013014025490195,0.0,0.0,0.0,0.0,0.0,0.0,0.0,0.5215686274509804,0.0,0.0,0.0,0.0,0.0,0.0,0.0,0.1952048644196017,0.0,0.0,0.0,0.0,4.318,4.261,4.164,3.728,3.977,4.329,3.995,4.294,4.318,4.261,4.164,3.926,3.977,4.329,3.995,4.294,2.355265e-07,8.575904e-07,6.567105e-07,5.779737e-05,1.100644e-06,5.625447e-07,7.225331e-07,8.114844e-07,62.58823529411765,62.7444036,0.1561683058823462,0.1561683058823462,0.1561683058823462
41,41,True,4,0.0112207720098039,0.0001259057244959,0.0112207720098039,4.74641397e-05,0.238924704509804,0.4254271875,0.0,0.0,0.0,0.0,0.3843137254901961,0.0,0.0,0.0,0.0,0.0,0.0,0.0,0.3955344975,0.0,0.0,0.0,0.0,0.0,0.0,0.0,0.0112207720098039,0.0,0.0,0.0,0.0,0.0,0.0,0.0,0.3843137254901961,0.0,0.0,0.0,0.0,0.0,0.0,0.0,0.2285321223504439,0.0,0.0,0.0,4.318,4.261,4.164,4.23,3.617,4.329,3.995,4.294,4.318,4.261,4.164,4.23,3.699,4.329,3.995,4.294,2.911739e-07,6.790575e-07,1.464516e-06,7.308291e-07,4.189361e-05,8.757492e-07,8.127657e-07,7.164383e-07,46.11764705882353,47.4641397,1.346492641176468,1.346492641176468,1.346492641176468
42,42,True,10,0.0162958773529413,0.0002655556187021,0.0162958773529413,0.0001181907994,1.0076392915196082,0.2714824377962403,0.0,0.968627450980392,0.0,0.0,0.0,0.0,0.0,0.0,0.0,0.9849233283333334,0.0,0.0,0.0,0.0,0.0,0.0,0.0,0.0162958773529413,0.0,0.0,0.0,0.0,0.0,0.0,0.0,0.968627450980392,0.0,0.0,0.0,0.0,0.0,0.0,0.0,0.3656811427442217,0.0,0.0,0.0,0.0,0.0,0.0,4.318,3.595,4.164,4.23,3.977,4.329,3.995,4.294,4.318,3.837,4.164,4.23,3.977,4.329,3.995,4.294,6.212746e-06,0.0001073718,2.16489e-06,1.376872e-07,1.195723e-07,6.456111e-07,7.093757e-07,8.291171e-07,116.23529411764704,118.1907994,1.9555052823529595,1.9555052823529595,1.9555052823529595
43,43,True,3,0.018721641372549,0.0003504998556823,0.018721641372549,0.0001147171852,1.129596122205882,0.40516875,0.0,0.0,0.9372549019607842,0.0,0.0,0.0,0.0,0.0,0.0,0.0,0.9559765433333332,0.0,0.0,0.0,0.0,0.0,0.0,0.0,0.018721641372549,0.0,0.0,0.0,0.0,0.0,0.0,0.0,0.9372549019607842,0.0,0.0,0.0,0.0,0.0,0.0,0.0,0.3623705586590562,0.0,0.0,0.0,0.0,0.0,4.318,4.261,3.468,4.23,3.977,4.329,3.995,4.294,4.318,4.261,3.737,4.23,3.977,4.329,3.995,4.294,3.336681e-07,6.486544e-07,0.0001021161,9.08214e-06,4.349972e-07,5.55114e-07,8.267388e-07,7.197727e-07,112.4705882352941,114.7171852,2.246596964705887,2.246596964705887,2.246596964705887
44,44,True,2,0.0189156886764705,0.0003578032781051,0.0189156886764705,4.83875297e-05,0.5670026303431375,0.385875,0.0,0.0,0.0,0.3843137254901961,0.0,0.0,0.0,0.0,0.0,0.0,0.0,0.4032294141666666,0.0,0.0,0.0,0.0,0.0,0.0,0.0,0.0189156886764705,0.0,0.0,0.0,0.0,0.0,0.0,0.0,0.3843137254901961,0.0,0.0,0.0,0.0,0.0,0.0,0.0,0.142839054831495,0.0,0.0,0.0,0.0,4.318,4.261,4.164,3.805,3.977,4.329,3.995,4.294,4.318,4.261,4.164,3.966,3.977,4.329,3.995,4.294,2.357169e-07,8.283473e-07,4.366415e-07,4.389703e-05,9.127428e-07,5.568837e-07,7.187178e-07,8.014497e-07,46.11764705882353,48.3875297,2.2698826411764657,2.2698826411764657,2.2698826411764657
45,45,True,3,0.0156828397058824,0.0002459514612404,0.0156828397058824,4.2352529e-05,0.2136777305392158,0.40516875,0.0,0.0,0.0,0.0,0.3372549019607843,0.0,0.0,0.0,0.0,0.0,0.0,0.0,0.3529377416666667,0.0,0.0,0.0,0.0,0.0,0.0,0.0,0.0156828397058824,0.0,0.0,0.0,0.0,0.0,0.0,0.0,0.3372549019607843,0.0,0.0,0.0,0.0,0.0,0.0,0.0,0.2040867015420771,0.0,0.0,0.0,4.318,4.261,4.164,4.23,3.641,4.329,3.995,4.294,4.318,4.261,4.164,4.23,3.716,4.329,3.995,4.294,2.898685e-07,6.755204e-07,1.448475e-06,6.657864e-07,3.688527e-05,8.676579e-07,8.010337e-07,7.189171e-07,40.47058823529412,42.352529,1.881940764705888,1.881940764705888,1.881940764705888
46,46,True,4,0.0120195455392159,0.0001444694749692,0.0120195455392159,0.0001139129337,0.9831352838725492,0.4254271875,0.0,0.9372549019607842,0.0,0.0,0.0,0.0,0.0,0.0,0.0,0.9492744475,0.0,0.0,0.0,0.0,0.0,0.0,0.0,0.0120195455392159,0.0,0.0,0.0,0.0,0.0,0.0,0.0,0.9372549019607842,0.0,0.0,0.0,0.0,0.0,0.0,0.0,0.3472579881703276,0.0,0.0,0.0,0.0,0.0,0.0,4.318,3.608,4.164,4.23,3.977,4.329,3.995,4.294,4.318,3.846,4.164,4.23,3.977,4.329,3.995,4.294,5.974541e-06,0.0001033752,2.131259e-06,1.377045e-07,1.188118e-07,6.437066e-07,7.064949e-07,8.252159e-07,112.4705882352941,113.9129337,1.4423454647059089,1.4423454647059089,1.4423454647059089
47,47,True,3,0.0030594063725491,9.359967352394315e-06,0.0030594063725491,4.083771700000001e-05,0.5031193097058824,0.40516875,0.0,0.0,0.0,0.3372549019607843,0.0,0.0,0.0,0.0,0.0,0.0,0.0,0.3403143083333334,0.0,0.0,0.0,0.0,0.0,0.0,0.0,0.0030594063725491,0.0,0.0,0.0,0.0,0.0,0.0,0.0,0.3372549019607843,0.0,0.0,0.0,0.0,0.0,0.0,0.0,0.1137780192524938,0.0,0.0,0.0,0.0,4.318,4.261,4.164,3.834,3.977,4.329,3.995,4.294,4.318,4.261,4.164,3.989,3.977,4.329,3.995,4.294,2.337386e-07,8.145899e-07,3.528895e-07,3.657229e-05,8.041515e-07,5.549214e-07,7.158853e-07,7.892508e-07,40.47058823529412,40.83771700000001,0.367128764705896,0.367128764705896,0.367128764705896
48,48,True,3,0.0151006283823528,0.0002280289775419,0.0151006283823528,4.04003107e-05,0.2046518433823529,0.40516875,0.0,0.0,0.0,0.0,0.3215686274509804,0.0,0.0,0.0,0.0,0.0,0.0,0.0,0.3366692558333333,0.0,0.0,0.0,0.0,0.0,0.0,0.0,0.0151006283823528,0.0,0.0,0.0,0.0,0.0,0.0,0.0,0.3215686274509804,0.0,0.0,0.0,0.0,0.0,0.0,0.0,0.1944404775433517,0.0,0.0,0.0,4.318,4.261,4.164,4.23,3.65,4.329,3.995,4.294,4.318,4.261,4.164,4.23,3.723,4.329,3.995,4.294,2.841585e-07,6.741067e-07,1.437019e-06,6.368146e-07,3.501445e-05,8.467022e-07,7.970098e-07,7.100499e-07,38.58823529411765,40.4003107,1.8120754058823465,1.8120754058823465,1.8120754058823465
49,49,True,3,0.0163748162745096,0.0002681346080239,0.0163748162745096,0.0001172590956,1.151250982941176,0.40516875,0.0,0.0,0.9607843137254904,0.0,0.0,0.0,0.0,0.0,0.0,0.0,0.97715913,0.0,0.0,0.0,0.0,0.0,0.0,0.0,0.0163748162745096,0.0,0.0,0.0,0.0,0.0,0.0,0.0,0.9607843137254904,0.0,0.0,0.0,0.0,0.0,0.0,0.0,0.3730291545027702,0.0,0.0,0.0,0.0,0.0,4.318,4.261,3.457,4.23,3.977,4.329,3.995,4.294,4.318,4.261,3.732,4.23,3.977,4.329,3.995,4.294,3.288547e-07,6.473579e-07,0.0001045126,9.25424e-06,4.385473e-07,5.493147e-07,8.209216e-07,7.072594e-07,115.29411764705884,117.2590956,1.9649779529411544,1.9649779529411544,1.9649779529411544
50,50,True,3,0.0114305325490196,0.0001306570743541,0.0114305325490196,3.99598992e-05,0.4853609367156863,0.40516875,0.0,0.0,0.0,0.3215686274509804,0.0,0.0,0.0,0.0,0.0,0.0,0.0,0.33299916,0.0,0.0,0.0,0.0,0.0,0.0,0.0,0.0114305325490196,0.0,0.0,0.0,0.0,0.0,0.0,0.0,0.3215686274509804,0.0,0.0,0.0,0.0,0.0,0.0,0.0,0.1098303362042095,0.0,0.0,0.0,0.0,4.318,4.261,4.164,3.843,3.977,4.329,3.995,4.294,4.318,4.261,4.164,3.992,3.977,4.329,3.995,4.294,2.31492e-07,8.063118e-07,3.459948e-07,3.573547e-05,7.924521e-07,5.489005e-07,7.146801e-07,7.845979e-07,38.58823529411765,39.9598992,1.3716639058823503,1.3716639058823503,1.3716639058823503
51,51,True,4,0.0087296778431372,7.620727524496184e-05,0.0087296778431372,5.51652084e-05,0.2777581811764706,0.4254271875,0.0,0.0,0.0,0.0,0.4509803921568627,0.0,0.0,0.0,0.0,0.0,0.0,0.0,0.4597100699999999,0.0,0.0,0.0,0.0,0.0,0.0,0.0,0.0087296778431372,0.0,0.0,0.0,0.0,0.0,0.0,0.0,0.4509803921568627,0.0,0.0,0.0,0.0,0.0,0.0,0.0,0.2759661357464959,0.0,0.0,0.0,4.318,4.261,4.164,4.23,3.583,4.329,3.995,4.294,4.318,4.261,4.164,4.23,3.674,4.329,3.995,4.294,2.910741e-07,6.722434e-07,1.457638e-06,8.353297e-07,4.949209e-05,8.890898e-07,8.163472e-07,7.113962e-07,54.11764705882352,55.1652084,1.0475613411764757,1.0475613411764757,1.0475613411764757
52,52,True,4,0.0150058912745095,0.0002251767729424,0.0150058912745095,0.0001170948246,0.9991229329411764,0.4254271875,0.0,0.9607843137254904,0.0,0.0,0.0,0.0,0.0,0.0,0.0,0.975790205,0.0,0.0,0.0,0.0,0.0,0.0,0.0,0.0150058912745095,0.0,0.0,0.0,0.0,0.0,0.0,0.0,0.9607843137254904,0.0,0.0,0.0,0.0,0.0,0.0,0.0,0.3620259077557849,0.0,0.0,0.0,0.0,0.0,0.0,4.318,3.598,4.164,4.23,3.977,4.329,3.995,4.294,4.318,3.839,4.164,4.23,3.977,4.329,3.995,4.294,6.169764e-06,0.0001063435,2.16328e-06,1.342856e-07,1.152482e-07,6.409948e-07,7.050123e-07,8.227397e-07,115.29411764705884,117.0948246,1.8007069529411552,1.8007069529411552,1.8007069529411552
53,53,True,2,0.0125382320098039,0.0001572072619316,0.0125382320098039,5.56222349e-05,0.6458899761764705,0.385875,0.0,0.0,0.0,0.4509803921568627,0.0,0.0,0.0,0.0,0.0,0.0,0.0,0.4635186241666666,0.0,0.0,0.0,0.0,0.0,0.0,0.0,0.0125382320098039,0.0,0.0,0.0,0.0,0.0,0.0,0.0,0.4509803921568627,0.0,0.0,0.0,0.0,0.0,0.0,0.0,0.171291737575245,0.0,0.0,0.0,0.0,4.318,4.261,4.164,3.767,3.977,4.329,3.995,4.294,4.318,4.261,4.164,3.945,3.977,4.329,3.995,4.294,2.334369e-07,8.366473e-07,5.446206e-07,5.09307e-05,1.005445e-06,5.5446e-07,7.1697e-07,7.999551e-07,54.11764705882352,55.6222349,1.5045878411764733,1.5045878411764733,1.5045878411764733
54,54,True,4,0.0143993832843138,0.0002073422389685,0.0143993832843138,9.913969070000002e-05,0.4954693457843138,0.4254271875,0.0,0.0,0.0,0.0,0.8117647058823529,0.0,0.0,0.0,0.0,0.0,0.0,0.0,0.8261640891666668,0.0,0.0,0.0,0.0,0.0,0.0,0.0,0.0143993832843138,0.0,0.0,0.0,0.0,0.0,0.0,0.0,0.8117647058823529,0.0,0.0,0.0,0.0,0.0,0.0,0.0,0.5135748856777907,0.0,0.0,0.0,4.318,4.261,4.164,4.23,3.416,4.329,3.995,4.294,4.318,4.261,4.164,4.23,3.553,4.329,3.995,4.294,3.168571e-07,6.80161e-07,1.521503e-06,1.455516e-06,9.259347e-05,9.897039e-07,8.749798e-07,7.074999e-07,97.41176470588236,99.13969070000002,1.727925994117669,1.727925994117669,1.727925994117669
55,55,True,3,0.0019541549509803,3.818721572441176e-06,0.0019541549509803,9.76462633e-05,1.1125411124509803,0.40516875,0.0,0.0,0.0,0.8117647058823529,0.0,0.0,0.0,0.0,0.0,0.0,0.0,0.8137188608333333,0.0,0.0,0.0,0.0,0.0,0.0,0.0,0.0019541549509803,0.0,0.0,0.0,0.0,0.0,0.0,0.0,0.8117647058823529,0.0,0.0,0.0,0.0,0.0,0.0,0.0,0.325530504638315,0.0,0.0,0.0,0.0,4.318,4.261,4.164,3.565,3.977,4.329,3.995,4.294,4.318,4.261,4.164,3.841,3.977,4.329,3.995,4.294,2.304138e-07,9.024995e-07,1.393475e-06,9.146254e-05,1.539966e-06,5.71342e-07,7.188615e-07,8.271655e-07,97.41176470588236,97.6462633,0.2344985941176531,0.2344985941176531,0.2344985941176531
56,56,True,4,0.0127128421568627,0.0001616163557053,0.0127128421568627,9.1407894e-05,0.4549107388235297,0.4254271875,0.0,0.0,0.0,0.0,0.7490196078431371,0.0,0.0,0.0,0.0,0.0,0.0,0.0,0.7617324499999999,0.0,0.0,0.0,0.0,0.0,0.0,0.0,0.0127128421568627,0.0,0.0,0.0,0.0,0.0,0.0,0.0,0.7490196078431371,0.0,0.0,0.0,0.0,0.0,0.0,0.0,0.4734279886624568,0.0,0.0,0.0,4.318,4.261,4.164,4.23,3.444,4.329,3.995,4.294,4.318,4.261,4.164,4.23,3.573,4.329,3.995,4.294,3.139179e-07,6.795999e-07,1.512056e-06,1.348077e-06,8.500959e-05,9.702732e-07,8.675125e-07,7.068675e-07,89.88235294117646,91.407894,1.525541058823535,1.525541058823535,1.525541058823535
57,57,True,3,0.0069885570098038,4.883992907927826e-05,0.0069885570098038,8.90437261e-05,1.7303976596568624,0.40516875,0.0,0.0,0.0,0.7490196078431371,0.0,0.0,0.0,0.0,0.0,0.0,0.0,0.7420310508333333,0.0,0.0,0.0,0.0,0.0,0.0,0.0,-0.0069885570098038,0.0,0.0,0.0,0.0,0.0,0.0,0.0,0.7490196078431371,0.0,0.0,0.0,0.0,0.0,0.0,0.0,0.2923185632686214,0.0,0.0,0.0,0.0,4.318,4.261,4.164,3.602,3.977,4.329,3.995,4.294,4.318,4.261,4.164,3.861,3.977,4.329,3.995,4.294,2.325024e-07,8.918558e-07,1.192316e-06,8.317814e-05,1.433823e-06,5.697416e-07,7.21381e-07,8.239663e-07,89.88235294117646,89.0437261,-0.8386268411764632,0.8386268411764632,0.8386268411764632
58,58,True,4,0.0114695290686274,0.000131550097056,0.0114695290686274,0.0001081998728999,0.5503853915686272,0.4254271875,0.0,0.0,0.0,0.0,0.8901960784313725,0.0,0.0,0.0,0.0,0.0,0.0,0.0,0.9016656075,0.0,0.0,0.0,0.0,0.0,0.0,0.0,0.0114695290686274,0.0,0.0,0.0,0.0,0.0,0.0,0.0,0.8901960784313725,0.0,0.0,0.0,0.0,0.0,0.0,0.0,0.5614616782015449,0.0,0.0,0.0,4.318,4.261,4.164,4.23,3.379,4.329,3.995,4.294,4.318,4.261,4.164,4.23,3.531,4.329,3.995,4.294,3.249235e-07,6.835622e-07,1.53573e-06,1.58138e-06,0.0001014816,9.91904e-07,8.920431e-07,7.087301e-07,106.8235294117647,108.1998729,1.3763434882352923,1.3763434882352923,1.3763434882352923
59,59,True,3,0.0025050824019607,6.27543784061364e-06,0.0025050824019607,0.0001071241393,1.2052463349019606,0.40516875,0.0,0.0,0.0,0.8901960784313725,0.0,0.0,0.0,0.0,0.0,0.0,0.0,0.8927011608333333,0.0,0.0,0.0,0.0,0.0,0.0,0.0,0.0025050824019607,0.0,0.0,0.0,0.0,0.0,0.0,0.0,0.8901960784313725,0.0,0.0,0.0,0.0,0.0,0.0,0.0,0.3588436852436091,0.0,0.0,0.0,0.0,4.318,4.261,4.164,3.52,3.977,4.329,3.995,4.294,4.318,4.261,4.164,3.821,3.977,4.329,3.995,4.294,2.34157e-07,9.18035e-07,1.613094e-06,0.0001005684,1.647202e-06,5.836505e-07,7.20889e-07,8.387118e-07,106.8235294117647,107.1241393,0.3006098882353001,0.3006098882353001,0.3006098882353001
60,60,True,4,0.0129549753921568,0.0001678313874113,0.0129549753921568,8.62604794e-05,0.4285449420588236,0.4254271875,0.0,0.0,0.0,0.0,0.7058823529411764,0.0,0.0,0.0,0.0,0.0,0.0,0.0,0.7188373283333332,0.0,0.0,0.0,0.0,0.0,0.0,0.0,0.0129549753921568,0.0,0.0,0.0,0.0,0.0,0.0,0.0,0.7058823529411764,0.0,0.0,0.0,0.0,0.0,0.0,0.0,0.4445869083594447,0.0,0.0,0.0,4.318,4.261,4.164,4.23,3.464,4.329,3.995,4.294,4.318,4.261,4.164,4.23,3.586,4.329,3.995,4.294,3.117414e-07,6.882108e-07,1.513063e-06,1.281225e-06,7.990966e-05,9.736077e-07,8.6516e-07,7.178115e-07,84.70588235294117,86.2604794,1.5545970470588202,1.5545970470588202,1.5545970470588202
61,61,True,3,0.0045821628921569,2.099621677026024e-05,0.0045821628921569,8.525574190000001e-05,0.973151050392157,0.40516875,0.0,0.0,0.0,0.7058823529411764,0.0,0.0,0.0,0.0,0.0,0.0,0.0,0.7104645158333334,0.0,0.0,0.0,0.0,0.0,0.0,0.0,0.0045821628921569,0.0,0.0,0.0,0.0,0.0,0.0,0.0,0.7058823529411764,0.0,0.0,0.0,0.0,0.0,0.0,0.0,0.2776472051794177,0.0,0.0,0.0,0.0,4.318,4.261,4.164,3.626,3.977,4.329,3.995,4.294,4.318,4.261,4.164,3.87,3.977,4.329,3.995,4.294,2.359952e-07,8.878524e-07,1.09714e-06,7.951877e-05,1.389017e-06,5.722364e-07,7.251359e-07,8.29595e-07,84.70588235294117,85.2557419,0.5498595470588299,0.5498595470588299,0.5498595470588299
62,62,True,6,0.0191269416666666,0.00036583989752,0.0191269416666666,0.000106295233,0.5333054566666668,0.2233492734375,0.0,0.0,0.0,0.0,0.8666666666666667,0.0,0.0,0.0,0.0,0.0,0.0,0.0,0.8857936083333333,0.0,0.0,0.0,0.0,0.0,0.0,0.0,0.0191269416666666,0.0,0.0,0.0,0.0,0.0,0.0,0.0,0.8666666666666667,0.0,0.0,0.0,0.0,0.0,0.0,0.0,0.5496300482764973,0.0,0.0,0.0,4.318,4.261,4.164,4.23,3.39,4.329,3.995,4.294,4.318,4.261,4.164,4.23,3.536,4.329,3.995,4.294,3.280688e-07,6.783264e-07,1.551397e-06,1.534144e-06,9.962578e-05,9.723204e-07,8.918023e-07,7.133941e-07,104.0,106.295233,2.295232999999996,2.295232999999996,2.295232999999996
63,63,True,3,0.0050299724999999,2.5300623350755485e-05,0.0050299724999999,0.0001046035967,1.1824242925,0.40516875,0.0,0.0,0.0,0.8666666666666667,0.0,0.0,0.0,0.0,0.0,0.0,0.0,0.8716966391666666,0.0,0.0,0.0,0.0,0.0,0.0,0.0,0.0050299724999999,0.0,0.0,0.0,0.0,0.0,0.0,0.0,0.8666666666666667,0.0,0.0,0.0,0.0,0.0,0.0,0.0,0.3493473604129167,0.0,0.0,0.0,0.0,4.318,4.261,4.164,3.533,3.977,4.329,3.995,4.294,4.318,4.261,4.164,3.826,3.977,4.329,3.995,4.294,2.325737e-07,9.219248e-07,1.539199e-06,9.812506e-05,1.637139e-06,5.820337e-07,7.270972e-07,8.385693e-07,104.0,104.6035967,0.6035966999999971,0.6035966999999971,0.6035966999999971
64,64,True,4,0.0120632321568626,0.0001455215700703,0.0120632321568626,7.532994080000001e-05,0.3761150371568628,0.4254271875,0.0,0.0,0.0,0.0,0.615686274509804,0.0,0.0,0.0,0.0,0.0,0.0,0.0,0.6277495066666666,0.0,0.0,0.0,0.0,0.0,0.0,0.0,0.0120632321568626,0.0,0.0,0.0,0.0,0.0,0.0,0.0,0.615686274509804,0.0,0.0,0.0,0.0,0.0,0.0,0.0,0.3845682793854729,0.0,0.0,0.0,4.318,4.261,4.164,4.23,3.505,4.329,3.995,4.294,4.318,4.261,4.164,4.23,3.616,4.329,3.995,4.294,3.136485e-07,6.789426e-07,1.516989e-06,1.109968e-06,6.920908e-05,9.310984e-07,8.527791e-07,7.174352e-07,73.88235294117648,75.3299408,1.4475878588235247,1.4475878588235247,1.4475878588235247
65,65,True,4,0.0033268328431373,1.1067816766177643e-05,0.0033268328431373,7.3483133e-05,0.8656370188235294,0.4254271875,0.0,0.0,0.0,0.615686274509804,0.0,0.0,0.0,0.0,0.0,0.0,0.0,0.6123594416666666,0.0,0.0,0.0,0.0,0.0,0.0,0.0,-0.0033268328431373,0.0,0.0,0.0,0.0,0.0,0.0,0.0,0.615686274509804,0.0,0.0,0.0,0.0,0.0,0.0,0.0,0.2315388659208427,0.0,0.0,0.0,0.0,4.318,4.261,4.164,3.675,3.977,4.329,3.995,4.294,4.318,4.261,4.164,3.899,3.977,4.329,3.995,4.294,2.368539e-07,8.71725e-07,8.499365e-07,6.817918e-05,1.234754e-06,5.66749e-07,7.248903e-07,8.190443e-07,73.88235294117648,73.483133,-0.3992199411764829,0.3992199411764829,0.3992199411764829
66,66,True,4,0.0101391722058823,0.0001028028130205,0.0101391722058823,4.9687288900000006e-05,0.2536321422058823,0.4254271875,0.0,0.0,0.0,0.0,0.403921568627451,0.0,0.0,0.0,0.0,0.0,0.0,0.0,0.4140607408333334,0.0,0.0,0.0,0.0,0.0,0.0,0.0,0.0101391722058823,0.0,0.0,0.0,0.0,0.0,0.0,0.0,0.403921568627451,0.0,0.0,0.0,0.0,0.0,0.0,0.0,0.2420740675448747,0.0,0.0,0.0,4.318,4.261,4.164,4.23,3.606,4.329,3.995,4.294,4.318,4.261,4.164,4.23,3.692,4.329,3.995,4.294,2.937636e-07,6.766253e-07,1.463706e-06,7.64435e-07,4.407765e-05,8.764491e-07,8.167292e-07,7.179307e-07,48.47058823529412,49.687288900000006,1.2167006647058898,1.2167006647058898,1.2167006647058898
67,67,True,2,0.017681981372549,0.0003126524652591,0.017681981372549,5.0592426e-05,0.5957635722058825,0.385875,0.0,0.0,0.0,0.403921568627451,0.0,0.0,0.0,0.0,0.0,0.0,0.0,0.42160355,0.0,0.0,0.0,0.0,0.0,0.0,0.0,0.017681981372549,0.0,0.0,0.0,0.0,0.0,0.0,0.0,0.403921568627451,0.0,0.0,0.0,0.0,0.0,0.0,0.0,0.1513371303947303,0.0,0.0,0.0,0.0,4.318,4.261,4.164,3.794,3.977,4.329,3.995,4.294,4.318,4.261,4.164,3.96,3.977,4.329,3.995,4.294,2.33486e-07,8.322941e-07,4.696781e-07,4.604571e-05,9.329597e-07,5.571288e-07,7.208114e-07,8.003579e-07,48.47058823529412,50.592426,2.12183776470588,2.12183776470588,2.12183776470588
68,68,True,3,0.0132025843627451,0.0001743082338554,0.0132025843627451,3.593725129999999e-05,0.1912966160294117,0.40516875,0.0,0.0,0.0,0.0,0.2862745098039215,0.0,0.0,0.0,0.0,0.0,0.0,0.0,0.2994770941666666,0.0,0.0,0.0,0.0,0.0,0.0,0.0,0.0132025843627451,0.0,0.0,0.0,0.0,0.0,0.0,0.0,0.2862745098039215,0.0,0.0,0.0,0.0,0.0,0.0,0.0,0.1713298435027818,0.0,0.0,0.0,4.318,4.261,4.164,4.23,3.668,4.329,3.995,4.294,4.318,4.261,4.164,4.23,3.74,4.329,3.995,4.294,2.80921e-07,6.733746e-07,1.438269e-06,5.701929e-07,3.063291e-05,8.299158e-07,7.950742e-07,7.165938e-07,34.35294117647058,35.93725129999999,1.5843101235294128,1.5843101235294128,1.5843101235294128
69,69,True,3,0.0196674341666667,0.0003868079667001,0.0196674341666667,0.0001143600920999,1.132304163333334,0.40516875,0.0,0.0,0.9333333333333332,0.0,0.0,0.0,0.0,0.0,0.0,0.0,0.9530007675,0.0,0.0,0.0,0.0,0.0,0.0,0.0,0.0196674341666667,0.0,0.0,0.0,0.0,0.0,0.0,0.0,0.9333333333333332,0.0,0.0,0.0,0.0,0.0,0.0,0.0,0.3583150453254162,0.0,0.0,0.0,0.0,0.0,4.318,4.261,3.47,4.23,3.977,4.329,3.995,4.294,4.318,4.261,3.739,4.23,3.977,4.329,3.995,4.294,3.298781e-07,6.485452e-07,0.0001017636,9.094616e-06,4.304207e-07,5.523035e-07,8.230637e-07,7.176649e-07,112.0,114.3600921,2.360092100000003,2.360092100000003,2.360092100000003
70,70,True,3,0.0017023364705881,2.897949459094521e-06,0.0017023364705881,3.4148660800000004e-05,0.4445833785294119,0.40516875,0.0,0.0,0.0,0.2862745098039215,0.0,0.0,0.0,0.0,0.0,0.0,0.0,0.2845721733333333,0.0,0.0,0.0,0.0,0.0,0.0,0.0,-0.0017023364705881,0.0,0.0,0.0,0.0,0.0,0.0,0.0,0.2862745098039215,0.0,0.0,0.0,0.0,0.0,0.0,0.0,0.0892135362687192,0.0,0.0,0.0,0.0,4.318,4.261,4.164,3.865,3.977,4.329,3.995,4.294,4.318,4.261,4.164,4.012,3.977,4.329,3.995,4.294,2.333118e-07,7.970988e-07,2.97427e-07,3.006243e-05,7.022304e-07,5.524471e-07,7.169123e-07,7.868034e-07,34.35294117647058,34.1486608,-0.204280376470578,0.204280376470578,0.204280376470578
71,71,True,3,0.0119624045588235,0.0001430991228289,0.0119624045588235,3.01413709e-05,0.1721851328921568,0.40516875,0.0,0.0,0.0,0.0,0.2392156862745098,0.0,0.0,0.0,0.0,0.0,0.0,0.0,0.2511780908333333,0.0,0.0,0.0,0.0,0.0,0.0,0.0,0.0119624045588235,0.0,0.0,0.0,0.0,0.0,0.0,0.0,0.2392156862745098,0.0,0.0,0.0,0.0,0.0,0.0,0.0,0.1399321547993137,0.0,0.0,0.0,4.318,4.261,4.164,4.23,3.693,4.329,3.995,4.294,4.318,4.261,4.164,4.23,3.763,4.329,3.995,4.294,2.771717e-07,6.725562e-07,1.422525e-06,4.900148e-07,2.497477e-05,8.032504e-07,7.834874e-07,7.175954e-07,28.70588235294117,30.1413709,1.4354885470588243,1.4354885470588243,1.4354885470588243
72,72,True,4,0.0126548791666667,0.0001601459667229,0.0126548791666667,0.0001135185855,0.9969859091666669,0.4254271875,0.0,0.9333333333333332,0.0,0.0,0.0,0.0,0.0,0.0,0.0,0.9459882125,0.0,0.0,0.0,0.0,0.0,0.0,0.0,0.0126548791666667,0.0,0.0,0.0,0.0,0.0,0.0,0.0,0.9333333333333332,0.0,0.0,0.0,0.0,0.0,0.0,0.0,0.3414258748039996,0.0,0.0,0.0,0.0,0.0,0.0,4.318,3.609,4.164,4.23,3.977,4.329,3.995,4.294,4.318,3.848,4.164,4.23,3.977,4.329,3.995,4.294,6.011509e-06,0.0001029504,2.143197e-06,1.368626e-07,1.163459e-07,6.361777e-07,7.055053e-07,8.18588e-07,112.0,113.5185855,1.5185855000000146,1.5185855000000146,1.5185855000000146
73,73,True,2,0.0020702221078431,4.285819575802353e-06,0.0020702221078431,2.84574557e-05,0.3904756953921569,0.385875,0.0,0.0,0.0,0.2392156862745098,0.0,0.0,0.0,0.0,0.0,0.0,0.0,0.2371454641666666,0.0,0.0,0.0,0.0,0.0,0.0,0.0,-0.0020702221078431,0.0,0.0,0.0,0.0,0.0,0.0,0.0,0.2392156862745098,0.0,0.0,0.0,0.0,0.0,0.0,0.0,0.0722225479243872,0.0,0.0,0.0,0.0,4.318,4.261,4.164,3.894,3.977,4.329,3.995,4.294,4.318,4.261,4.164,4.033,3.977,4.329,3.995,4.294,2.312964e-07,7.822271e-07,2.723478e-07,2.451576e-05,6.17888e-07,5.461033e-07,7.176988e-07,7.741343e-07,28.70588235294117,28.4574557,-0.2484266529411734,0.2484266529411734,0.2484266529411734
74,74,True,3,0.0172196424019607,0.0002965160844514,0.0172196424019607,0.0001168898865,1.1609954049019608,0.40516875,0.0,0.0,0.9568627450980391,0.0,0.0,0.0,0.0,0.0,0.0,0.0,0.9740823875,0.0,0.0,0.0,0.0,0.0,0.0,0.0,0.0172196424019607,0.0,0.0,0.0,0.0,0.0,0.0,0.0,0.9568627450980391,0.0,0.0,0.0,0.0,0.0,0.0,0.0,0.3684332467684006,0.0,0.0,0.0,0.0,0.0,4.318,4.261,3.459,4.23,3.977,4.329,3.995,4.294,4.318,4.261,3.734,4.23,3.977,4.329,3.995,4.294,3.281971e-07,6.482852e-07,0.0001041444,9.25222e-06,4.322278e-07,5.485241e-07,8.216825e-07,7.143498e-07,114.8235294117647,116.8898865,2.066357088235293,2.066357088235293,2.066357088235293
75,75,True,3,0.0137864763235295,0.0001900669294192,0.0137864763235295,3.55367301e-05,0.1905997613235294,0.40516875,0.0,0.0,0.0,0.0,0.2823529411764705,0.0,0.0,0.0,0.0,0.0,0.0,0.0,0.2961394175,0.0,0.0,0.0,0.0,0.0,0.0,0.0,0.0137864763235295,0.0,0.0,0.0,0.0,0.0,0.0,0.0,0.2823529411764705,0.0,0.0,0.0,0.0,0.0,0.0,0.0,0.1680033196220585,0.0,0.0,0.0,4.318,4.261,4.164,4.23,3.67,4.329,3.995,4.294,4.318,4.261,4.164,4.23,3.742,4.329,3.995,4.294,2.792627e-07,6.705363e-07,1.429793e-06,5.623982e-07,3.026313e-05,8.21949e-07,7.93697e-07,7.159639e-07,33.88235294117646,35.5367301,1.654377158823543,1.654377158823543,1.654377158823543
76,76,True,4,0.0114935790686275,0.0001321023598067,0.0114935790686275,0.0001162027589,1.0123495090686274,0.4254271875,0.0,0.9568627450980391,0.0,0.0,0.0,0.0,0.0,0.0,0.0,0.9683563241666668,0.0,0.0,0.0,0.0,0.0,0.0,0.0,0.0114935790686275,0.0,0.0,0.0,0.0,0.0,0.0,0.0,0.9568627450980391,0.0,0.0,0.0,0.0,0.0,0.0,0.0,0.3537481179933054,0.0,0.0,0.0,0.0,0.0,0.0,4.318,3.6,4.164,4.23,3.977,4.329,3.995,4.294,4.318,3.843,4.164,4.23,3.977,4.329,3.995,4.294,6.14327e-06,0.0001054853,2.153384e-06,1.366291e-07,1.158602e-07,6.387714e-07,7.04038e-07,8.255062e-07,114.8235294117647,116.2027589,1.3792294882353104,1.3792294882353104,1.3792294882353104
77,77,True,4,0.0080789821568628,6.52699526909086e-05,0.0080789821568628,3.48518308e-05,0.4433101238235295,0.4254271875,0.0,0.0,0.0,0.2823529411764705,0.0,0.0,0.0,0.0,0.0,0.0,0.0,0.2904319233333333,0.0,0.0,0.0,0.0,0.0,0.0,0.0,0.0080789821568628,0.0,0.0,0.0,0.0,0.0,0.0,0.0,0.2823529411764705,0.0,0.0,0.0,0.0,0.0,0.0,0.0,0.0906258438921026,0.0,0.0,0.0,0.0,4.318,4.261,4.164,3.867,3.977,4.329,3.995,4.294,4.318,4.261,4.164,4.01,3.977,4.329,3.995,4.294,2.291475e-07,7.964154e-07,3.084798e-07,3.076479e-05,7.084453e-07,5.472472e-07,7.186222e-07,7.786834e-07,33.88235294117646,34.8518308,0.9694778588235452,0.9694778588235452,0.9694778588235452
78,78,True,4,0.009970987254902,9.942058683741873e-05,0.009970987254902,4.8255342e-05,0.249146769754902,0.4254271875,0.0,0.0,0.0,0.0,0.3921568627450979,0.0,0.0,0.0,0.0,0.0,0.0,0.0,0.4021278499999999,0.0,0.0,0.0,0.0,0.0,0.0,0.0,0.009970987254902,0.0,0.0,0.0,0.0,0.0,0.0,0.0,0.3921568627450979,0.0,0.0,0.0,0.0,0.0,0.0,0.0,0.2319441202880107,0.0,0.0,0.0,4.318,4.261,4.164,4.23,3.612,4.329,3.995,4.294,4.318,4.261,4.164,4.23,3.697,4.329,3.995,4.294,2.861598e-07,6.696271e-07,1.457777e-06,7.344174e-07,4.27335e-05,8.55179e-07,8.087414e-07,7.099403e-07,47.05882352941176,48.255342,1.196518470588245,1.196518470588245,1.196518470588245
79,79,True,10,0.0153679214215686,0.0002361730088195,0.0153679214215686,4.89029741e-05,0.5874847880882352,0.129277351331543,0.0,0.0,0.0,0.3921568627450979,0.0,0.0,0.0,0.0,0.0,0.0,0.0,0.4075247841666666,0.0,0.0,0.0,0.0,0.0,0.0,0.0,0.0153679214215686,0.0,0.0,0.0,0.0,0.0,0.0,0.0,0.3921568627450979,0.0,0.0,0.0,0.0,0.0,0.0,0.0,0.1438325452363808,0.0,0.0,0.0,0.0,4.318,4.261,4.164,3.8,3.977,4.329,3.995,4.294,4.318,4.261,4.164,3.966,3.977,4.329,3.995,4.294,2.293303e-07,8.210138e-07,4.596954e-07,4.443915e-05,8.955713e-07,5.478733e-07,7.17019e-07,7.93321e-07,47.05882352941176,48.9029741,1.8441505705882408,1.8441505705882408,1.8441505705882408
80,80,True,4,0.0100720499999999,0.0001014461912024,0.0100720499999999,7.3208646e-05,0.3718532566666666,0.4254271875,0.0,0.0,0.0,0.0,0.6,0.0,0.0,0.0,0.0,0.0,0.0,0.0,0.61007205,0.0,0.0,0.0,0.0,0.0,0.0,0.0,0.0100720499999999,0.0,0.0,0.0,0.0,0.0,0.0,0.0,0.6,0.0,0.0,0.0,0.0,0.0,0.0,0.0,0.3721136891246198,0.0,0.0,0.0,4.318,4.261,4.164,4.23,3.512,4.329,3.995,4.294,4.318,4.261,4.164,4.23,3.623,4.329,3.995,4.294,3.02114e-07,6.689144e-07,1.497351e-06,1.071688e-06,6.719698e-05,9.156209e-07,8.433123e-07,7.126654e-07,72.0,73.208646,1.2086460000000017,1.2086460000000017,1.2086460000000017
81,81,True,3,0.0047108474999999,2.2192084168255763e-05,0.0047108474999999,7.256530169999999e-05,0.8566811608333335,0.40516875,0.0,0.0,0.0,0.6,0.0,0.0,0.0,0.0,0.0,0.0,0.0,0.6047108474999999,0.0,0.0,0.0,0.0,0.0,0.0,0.0,0.0047108474999999,0.0,0.0,0.0,0.0,0.0,0.0,0.0,0.6,0.0,0.0,0.0,0.0,0.0,0.0,0.0,0.2255730577589582,0.0,0.0,0.0,0.0,4.318,4.261,4.164,3.684,3.977,4.329,3.995,4.294,4.318,4.261,4.164,3.903,3.977,4.329,3.995,4.294,2.291245e-07,8.591121e-07,8.611523e-07,6.733731e-05,1.187932e-06,5.563379e-07,7.192556e-07,8.150773e-07,72.0,72.56530169999999,0.565301699999992,0.565301699999992,0.565301699999992
82,82,True,4,0.0147984882843137,0.0002189952555009,0.0147984882843137,0.0001071875833,0.551842346617647,0.4254271875,0.0,0.0,0.0,0.0,0.8784313725490196,0.0,0.0,0.0,0.0,0.0,0.0,0.0,0.8932298608333333,0.0,0.0,0.0,0.0,0.0,0.0,0.0,0.0147984882843137,0.0,0.0,0.0,0.0,0.0,0.0,0.0,0.8784313725490196,0.0,0.0,0.0,0.0,0.0,0.0,0.0,0.549543257613369,0.0,0.0,0.0,4.318,4.261,4.164,4.23,3.385,4.329,3.995,4.294,4.318,4.261,4.164,4.23,3.536,4.329,3.995,4.294,3.211615e-07,6.705997e-07,1.544049e-06,1.530648e-06,0.0001005653,9.614631e-07,8.858932e-07,7.084688e-07,105.41176470588236,107.1875833,1.775818594117652,1.775818594117652,1.775818594117652
83,83,True,3,0.0058697899509805,3.445443406863202e-05,0.0058697899509805,0.0001061161395,1.2244469932843134,0.40516875,0.0,0.0,0.0,0.8784313725490196,0.0,0.0,0.0,0.0,0.0,0.0,0.0,0.8843011625000001,0.0,0.0,0.0,0.0,0.0,0.0,0.0,0.0058697899509805,0.0,0.0,0.0,0.0,0.0,0.0,0.0,0.8784313725490196,0.0,0.0,0.0,0.0,0.0,0.0,0.0,0.3493622594642525,0.0,0.0,0.0,0.0,4.318,4.261,4.164,3.527,3.977,4.329,3.995,4.294,4.318,4.261,4.164,3.826,3.977,4.329,3.995,4.294,2.269914e-07,9.0288e-07,1.622708e-06,9.965418e-05,1.586577e-06,5.708777e-07,7.196364e-07,8.32289e-07,105.41176470588236,106.11613950000002,0.704374794117669,0.704374794117669,0.704374794117669
84,84,True,4,0.0119931193627454,0.000143834912049,0.0119931193627454,0.0001157921155,0.6024662085294121,0.4254271875,0.0,0.0,0.0,0.0,0.952941176470588,0.0,0.0,0.0,0.0,0.0,0.0,0.0,0.9649342958333336,0.0,0.0,0.0,0.0,0.0,0.0,0.0,0.0119931193627454,0.0,0.0,0.0,0.0,0.0,0.0,0.0,0.952941176470588,0.0,0.0,0.0,0.0,0.0,0.0,0.0,0.5953119408037528,0.0,0.0,0.0,4.318,4.261,4.164,4.23,3.35,4.329,3.995,4.294,4.318,4.261,4.164,4.23,3.515,4.329,3.995,4.294,3.21555e-07,6.701578e-07,1.545086e-06,1.650646e-06,0.0001090308,9.732396e-07,8.963876e-07,7.042435e-07,114.35294117647057,115.7921155,1.439174323529457,1.439174323529457,1.439174323529457
85,85,True,3,0.0100990555882355,0.0001019909237742,0.0100990555882355,9.62707102e-05,1.0397590197549025,0.40516875,0.0,0.0,0.7921568627450978,0.0,0.0,0.0,0.0,0.0,0.0,0.0,0.8022559183333333,0.0,0.0,0.0,0.0,0.0,0.0,0.0,0.0100990555882355,0.0,0.0,0.0,0.0,0.0,0.0,0.0,0.7921568627450978,0.0,0.0,0.0,0.0,0.0,0.0,0.0,0.284017883518345,0.0,0.0,0.0,0.0,0.0,4.318,4.261,3.535,4.23,3.977,4.329,3.995,4.294,4.318,4.261,3.779,4.23,3.977,4.329,3.995,4.294,3.178505e-07,6.367018e-07,8.488628e-05,7.98156e-06,3.763536e-07,5.474485e-07,8.118242e-07,7.126916e-07,95.05882352941174,96.2707102,1.211886670588271,1.211886670588271,1.211886670588271
86,86,True,3,0.0028114426960786,7.904210033334225e-06,0.0028114426960786,0.0001146903143,1.327175643529412,0.40516875,0.0,0.0,0.0,0.952941176470588,0.0,0.0,0.0,0.0,0.0,0.0,0.0,0.9557526191666668,0.0,0.0,0.0,0.0,0.0,0.0,0.0,0.0028114426960786,0.0,0.0,0.0,0.0,0.0,0.0,0.0,0.952941176470588,0.0,0.0,0.0,0.0,0.0,0.0,0.0,0.3801584381210104,0.0,0.0,0.0,0.0,4.318,4.261,4.164,3.481,3.977,4.329,3.995,4.294,4.318,4.261,4.164,3.808,3.977,4.329,3.995,4.294,2.261745e-07,9.132979e-07,1.838918e-06,0.0001078895,1.688545e-06,5.742235e-07,7.204799e-07,8.391755e-07,114.35294117647057,114.6903143,0.3373731235294457,0.3373731235294457,0.3373731235294457
87,87,True,3,0.0122322641666667,0.0001496282866431,0.0122322641666667,3.34678717e-05,0.1870106641666666,0.40516875,0.0,0.0,0.0,0.0,0.2666666666666666,0.0,0.0,0.0,0.0,0.0,0.0,0.0,0.2788989308333333,0.0,0.0,0.0,0.0,0.0,0.0,0.0,0.0122322641666667,0.0,0.0,0.0,0.0,0.0,0.0,0.0,0.2666666666666666,0.0,0.0,0.0,0.0,0.0,0.0,0.0,0.1564332023955207,0.0,0.0,0.0,4.318,4.261,4.164,4.23,3.679,4.329,3.995,4.294,4.318,4.261,4.164,4.23,3.751,4.329,3.995,4.294,2.753847e-07,6.719749e-07,1.434078e-06,5.287917e-07,2.824386e-05,8.086377e-07,7.917966e-07,7.133481e-07,31.999999999999996,33.4678717,1.4678717000000103,1.4678717000000103,1.4678717000000103
88,88,True,4,0.0139286197549021,0.0001940064482766,0.0139286197549021,9.67302579e-05,0.9307451222549024,0.4254271875,0.0,0.7921568627450978,0.0,0.0,0.0,0.0,0.0,0.0,0.0,0.8060854824999999,0.0,0.0,0.0,0.0,0.0,0.0,0.0,0.0139286197549021,0.0,0.0,0.0,0.0,0.0,0.0,0.0,0.7921568627450978,0.0,0.0,0.0,0.0,0.0,0.0,0.0,0.254416155508026,0.0,0.0,0.0,0.0,0.0,0.0,4.318,3.665,4.164,4.23,3.977,4.329,3.995,4.294,4.318,3.887,4.164,4.23,3.977,4.329,3.995,4.294,5.179252e-06,8.706962e-05,2.076103e-06,1.380763e-07,1.167584e-07,6.255279e-07,7.087822e-07,8.161381e-07,95.05882352941174,96.7302579,1.6714343705882584,1.6714343705882584,1.6714343705882584
89,89,True,3,0.0081376968627452,6.622211022993366e-05,0.0081376968627452,8.33294648e-05,0.943861726029412,0.40516875,0.0,0.0,0.6862745098039214,0.0,0.0,0.0,0.0,0.0,0.0,0.0,0.6944122066666666,0.0,0.0,0.0,0.0,0.0,0.0,0.0,0.0081376968627452,0.0,0.0,0.0,0.0,0.0,0.0,0.0,0.6862745098039214,0.0,0.0,0.0,0.0,0.0,0.0,0.0,0.2315716293643439,0.0,0.0,0.0,0.0,0.0,4.318,4.261,3.583,4.23,3.977,4.329,3.995,4.294,4.318,4.261,3.808,4.23,3.977,4.329,3.995,4.294,3.157625e-07,6.39807e-07,7.281082e-05,7.141493e-06,3.463624e-07,5.485157e-07,8.077381e-07,7.189661e-07,82.35294117647057,83.3294648,0.976523623529431,0.976523623529431,0.976523623529431
90,90,True,2,0.0055993516666666,3.1352739087003113e-05,0.0055993516666666,3.26719222e-05,0.4340284033333335,0.385875,0.0,0.0,0.0,0.2666666666666666,0.0,0.0,0.0,0.0,0.0,0.0,0.0,0.2722660183333333,0.0,0.0,0.0,0.0,0.0,0.0,0.0,0.0055993516666666,0.0,0.0,0.0,0.0,0.0,0.0,0.0,0.2666666666666666,0.0,0.0,0.0,0.0,0.0,0.0,0.0,0.0838259238499999,0.0,0.0,0.0,0.0,4.318,4.261,4.164,3.877,3.977,4.329,3.995,4.294,4.318,4.261,4.164,4.019,3.977,4.329,3.995,4.294,2.324576e-07,7.940549e-07,2.978687e-07,2.862569e-05,6.708546e-07,5.461118e-07,7.22093e-07,7.827916e-07,31.999999999999996,32.6719222,0.6719222000000045,0.6719222000000045,0.6719222000000045
91,91,True,2,0.016483683627451,0.0002717118259298,0.016483683627451,9.5074538e-06,0.0715908302941177,0.385875,0.0,0.0,0.0,0.0,0.0627450980392156,0.0,0.0,0.0,0.0,0.0,0.0,0.0,0.0792287816666666,0.0,0.0,0.0,0.0,0.0,0.0,0.0,0.016483683627451,0.0,0.0,0.0,0.0,0.0,0.0,0.0,0.0627450980392156,0.0,0.0,0.0,0.0,0.0,0.0,0.0,0.0263449414656861,0.0,0.0,0.0,4.318,4.261,4.164,4.23,3.832,4.329,3.995,4.294,4.318,4.261,4.164,4.23,3.878,4.329,3.995,4.294,2.53537e-07,6.748832e-07,1.357735e-06,2.032377e-07,4.870458e-06,6.765868e-07,7.470607e-07,7.239554e-07,7.529411764705872,9.5074538,1.978042035294128,1.978042035294128,1.978042035294128
92,92,True,4,0.0037573785294119,1.4117893413285808e-05,0.0037573785294119,8.28038266e-05,0.8685780035294122,0.4254271875,0.0,0.6862745098039214,0.0,0.0,0.0,0.0,0.0,0.0,0.0,0.6900318883333333,0.0,0.0,0.0,0.0,0.0,0.0,0.0,0.0037573785294119,0.0,0.0,0.0,0.0,0.0,0.0,0.0,0.6862745098039214,0.0,0.0,0.0,0.0,0.0,0.0,0.0,0.1933067790244615,0.0,0.0,0.0,0.0,0.0,0.0,4.318,3.707,4.164,4.23,3.977,4.329,3.995,4.294,4.318,3.918,4.164,4.23,3.977,4.329,3.995,4.294,4.466653e-06,7.393645e-05,1.998243e-06,1.383145e-07,1.168217e-07,6.212857e-07,7.117825e-07,8.142762e-07,82.35294117647057,82.8038266,0.4508854235294279,0.4508854235294279,0.4508854235294279
93,93,True,3,0.0104168931862745,0.0001085116636542,0.0104168931862745,8.54853213e-05,0.9680820215196078,0.40516875,0.0,0.0,0.7019607843137254,0.0,0.0,0.0,0.0,0.0,0.0,0.0,0.7123776775,0.0,0.0,0.0,0.0,0.0,0.0,0.0,0.0104168931862745,0.0,0.0,0.0,0.0,0.0,0.0,0.0,0.7019607843137254,0.0,0.0,0.0,0.0,0.0,0.0,0.0,0.2373864523623407,0.0,0.0,0.0,0.0,0.0,4.318,4.261,3.576,4.23,3.977,4.329,3.995,4.294,4.318,4.261,3.804,4.23,3.977,4.329,3.995,4.294,3.181862e-07,6.393855e-07,7.4812e-05,7.27766e-06,3.520921e-07,5.50799e-07,8.108037e-07,7.243948e-07,84.23529411764706,85.48532130000001,1.2500271823529516,1.2500271823529516,1.2500271823529516
94,94,True,1,0.0113741263725489,0.0001293707507387,0.0113741263725489,6.1645166e-06,0.1550105694607843,0.3675,0.0,0.0,0.0,0.0627450980392156,0.0,0.0,0.0,0.0,0.0,0.0,0.0,0.0513709716666666,0.0,0.0,0.0,0.0,0.0,0.0,0.0,-0.0113741263725489,0.0,0.0,0.0,0.0,0.0,0.0,0.0,0.0627450980392156,0.0,0.0,0.0,0.0,0.0,0.0,0.0,0.008491398727941,0.0,0.0,0.0,0.0,4.318,4.261,4.164,4.044,3.977,4.329,3.995,4.294,4.318,4.261,4.164,4.163,3.977,4.329,3.995,4.294,2.357368e-07,7.138391e-07,6.813654e-07,2.279836e-06,2.290269e-07,5.522936e-07,7.213283e-07,7.510905e-07,7.529411764705872,6.1645166,-1.364895164705873,1.364895164705873,1.364895164705873
95,95,True,2,0.0148804584803922,0.0002214280445866,0.0148804584803922,1.3550360900000002e-05,0.0992363059803922,0.385875,0.0,0.0,0.0,0.0,0.0980392156862744,0.0,0.0,0.0,0.0,0.0,0.0,0.0,0.1129196741666666,0.0,0.0,0.0,0.0,0.0,0.0,0.0,0.0148804584803922,0.0,0.0,0.0,0.0,0.0,0.0,0.0,0.0980392156862744,0.0,0.0,0.0,0.0,0.0,0.0,0.0,0.0498877887140929,0.0,0.0,0.0,4.318,4.261,4.164,4.23,3.793,4.329,3.995,4.294,4.318,4.261,4.164,4.23,3.848,4.329,3.995,4.294,2.606429e-07,6.757414e-07,1.380549e-06,2.594651e-07,8.776828e-06,7.114011e-07,7.600979e-07,7.256355e-07,11.764705882352928,13.5503609,1.7856550176470734,1.7856550176470734,1.7856550176470734
96,96,True,4,0.0051842815196078,2.6876774874547107e-05,0.0051842815196078,8.48574079e-05,0.8858598140196079,0.4254271875,0.0,0.7019607843137254,0.0,0.0,0.0,0.0,0.0,0.0,0.0,0.7071450658333333,0.0,0.0,0.0,0.0,0.0,0.0,0.0,0.0051842815196078,0.0,0.0,0.0,0.0,0.0,0.0,0.0,0.7019607843137254,0.0,0.0,0.0,0.0,0.0,0.0,0.0,0.2006171089194241,0.0,0.0,0.0,0.0,0.0,0.0,4.318,3.7,4.164,4.23,3.977,4.329,3.995,4.294,4.318,3.914,4.164,4.23,3.977,4.329,3.995,4.294,4.569063e-06,7.586283e-05,2.012251e-06,1.392528e-07,1.176801e-07,6.236799e-07,7.135105e-07,8.191406e-07,84.23529411764706,84.8574079,0.6221137823529403,0.6221137823529403,0.6221137823529403
97,97,True,3,0.0129285784803922,0.0001671481415236,0.0129285784803922,1.33161353e-05,0.2205543818137257,0.1929375,0.0,0.0,0.0,0.0980392156862744,0.0,0.0,0.0,0.0,0.0,0.0,0.0,0.1109677941666666,0.0,0.0,0.0,0.0,0.0,0.0,0.0,0.0129285784803922,0.0,0.0,0.0,0.0,0.0,0.0,0.0,0.0980392156862744,0.0,0.0,0.0,0.0,0.0,0.0,0.0,0.0157199029931983,0.0,0.0,0.0,0.0,4.318,4.261,4.164,4.001,3.977,4.329,3.995,4.294,4.318,4.261,4.164,4.105,3.977,4.329,3.995,4.294,2.350149e-07,7.492233e-07,3.762773e-07,9.540861e-06,3.742408e-07,5.510747e-07,7.237834e-07,7.656599e-07,11.764705882352928,13.3161353,1.551429417647073,1.551429417647073,1.551429417647073
98,98,True,3,0.0083785826470588,7.020064717359516e-05,0.0083785826470588,8.47701358e-05,0.9680633709803924,0.40516875,0.0,0.0,0.6980392156862745,0.0,0.0,0.0,0.0,0.0,0.0,0.0,0.7064177983333333,0.0,0.0,0.0,0.0,0.0,0.0,0.0,0.0083785826470588,0.0,0.0,0.0,0.0,0.0,0.0,0.0,0.6980392156862745,0.0,0.0,0.0,0.0,0.0,0.0,0.0,0.2345751941139092,0.0,0.0,0.0,0.0,0.0,4.318,4.261,3.578,4.23,3.977,4.329,3.995,4.294,4.318,4.261,3.806,4.23,3.977,4.329,3.995,4.294,3.184355e-07,6.492321e-07,7.412682e-05,7.229997e-06,3.520446e-07,5.533558e-07,8.134786e-07,7.267722e-07,83.76470588235294,84.7701358,1.0054299176470636,1.0054299176470636,1.0054299176470636
99,99,True,2,0.0142501846078431,0.0002030677613576,0.0142501846078431,1.30041398e-05,0.0983466262745098,0.385875,0.0,0.0,0.0,0.0,0.0941176470588235,0.0,0.0,0.0,0.0,0.0,0.0,0.0,0.1083678316666666,0.0,0.0,0.0,0.0,0.0,0.0,0.0,0.0142501846078431,0.0,0.0,0.0,0.0,0.0,0.0,0.0,0.0941176470588235,0.0,0.0,0.0,0.0,0.0,0.0,0.0,0.0467390999818627,0.0,0.0,0.0,4.318,4.261,4.164,4.23,3.796,4.329,3.995,4.294,4.318,4.261,4.164,4.23,3.852,4.329,3.995,4.294,2.616948e-07,6.797341e-07,1.381658e-06,2.513601e-07,8.230305e-06,7.090915e-07,7.601785e-07,7.301178e-07,11.29411764705882,13.0041398,1.7100221529411783,1.7100221529411783,1.7100221529411783
100,100,True,4,0.0027091284803922,7.33937712327262e-06,0.0027091284803922,8.408980130000001e-05,0.8890897934803921,0.4254271875,0.0,0.6980392156862745,0.0,0.0,0.0,0.0,0.0,0.0,0.0,0.7007483441666668,0.0,0.0,0.0,0.0,0.0,0.0,0.0,0.0027091284803922,0.0,0.0,0.0,0.0,0.0,0.0,0.0,0.6980392156862745,0.0,0.0,0.0,0.0,0.0,0.0,0.0,0.1971813131176537,0.0,0.0,0.0,0.0,0.0,0.0,4.318,3.702,4.164,4.23,3.977,4.329,3.995,4.294,4.318,3.916,4.164,4.23,3.977,4.329,3.995,4.294,4.529405e-06,7.513443e-05,2.009608e-06,1.381982e-07,1.1693e-07,6.26523e-07,7.15082e-07,8.196251e-07,83.76470588235294,84.08980130000002,0.325095417647077,0.325095417647077,0.325095417647077
101,101,True,3,0.0099175309313727,9.835741977473444e-05,0.0099175309313727,8.63665743e-05,0.9796303234313728,0.40516875,0.0,0.0,0.7098039215686274,0.0,0.0,0.0,0.0,0.0,0.0,0.0,0.7197214525000001,0.0,0.0,0.0,0.0,0.0,0.0,0.0,0.0099175309313727,0.0,0.0,0.0,0.0,0.0,0.0,0.0,0.7098039215686274,0.0,0.0,0.0,0.0,0.0,0.0,0.0,0.2388125260112865,0.0,0.0,0.0,0.0,0.0,4.318,4.261,3.573,4.23,3.977,4.329,3.995,4.294,4.318,4.261,3.803,4.23,3.977,4.329,3.995,4.294,3.190287e-07,6.455019e-07,7.55966e-05,7.357283e-06,3.541457e-07,5.533349e-07,8.138694e-07,7.268107e-07,85.17647058823529,86.36657430000001,1.1901037117647206,1.1901037117647206,1.1901037117647206
102,102,True,3,0.0017132754411764,2.9353127373384774e-06,0.0017132754411764,1.14997107e-05,0.2121947096078431,0.1929375,0.0,0.0,0.0,0.0941176470588235,0.0,0.0,0.0,0.0,0.0,0.0,0.0,0.0958309224999999,0.0,0.0,0.0,0.0,0.0,0.0,0.0,0.0017132754411764,0.0,0.0,0.0,0.0,0.0,0.0,0.0,0.0941176470588235,0.0,0.0,0.0,0.0,0.0,0.0,0.0,0.0142843563837622,0.0,0.0,0.0,0.0,4.318,4.261,4.164,4.006,3.977,4.329,3.995,4.294,4.318,4.261,4.164,4.117,3.977,4.329,3.995,4.294,2.360849e-07,7.450382e-07,4.222234e-07,7.712594e-06,3.41064e-07,5.524669e-07,7.243444e-07,7.658949e-07,11.29411764705882,11.4997107,0.2055930529411789,0.2055930529411789,0.2055930529411789
103,103,True,2,0.0160135275,0.0002564330629932,0.0160135275,9.9216233e-06,0.0743590816666667,0.385875,0.0,0.0,0.0,0.0,0.0666666666666666,0.0,0.0,0.0,0.0,0.0,0.0,0.0,0.0826801941666666,0.0,0.0,0.0,0.0,0.0,0.0,0.0,0.0160135275,0.0,0.0,0.0,0.0,0.0,0.0,0.0,0.0666666666666666,0.0,0.0,0.0,0.0,0.0,0.0,0.0,0.0288296691583332,0.0,0.0,0.0,4.318,4.261,4.164,4.23,3.828,4.329,3.995,4.294,4.318,4.261,4.164,4.23,3.875,4.329,3.995,4.294,2.558552e-07,6.806555e-07,1.364367e-06,2.093512e-07,5.242377e-06,6.827933e-07,7.53922e-07,7.323021e-07,7.999999999999991,9.9216233,1.9216233000000087,1.9216233000000087,1.9216233000000087
104,104,True,4,0.0063142025980391,3.986915444908454e-05,0.0063142025980391,8.593417489999998e-05,0.8993363309313727,0.4254271875,0.0,0.7098039215686274,0.0,0.0,0.0,0.0,0.0,0.0,0.0,0.7161181241666665,0.0,0.0,0.0,0.0,0.0,0.0,0.0,0.0063142025980391,0.0,0.0,0.0,0.0,0.0,0.0,0.0,0.7098039215686274,0.0,0.0,0.0,0.0,0.0,0.0,0.0,0.2035407743941111,0.0,0.0,0.0,0.0,0.0,0.0,4.318,3.697,4.164,4.23,3.977,4.329,3.995,4.294,4.318,3.912,4.164,4.23,3.977,4.329,3.995,4.294,4.641191e-06,7.68511e-05,2.024612e-06,1.403047e-07,1.165469e-07,6.261446e-07,7.1454e-07,8.197357e-07,85.17647058823529,85.93417489999999,0.757704311764698,0.757704311764698,0.757704311764698
105,105,True,3,0.0144122357843138,0.0002077125403026,0.0144122357843138,0.0001151412329999,1.206688189117647,0.40516875,0.0,0.0,0.945098039215686,0.0,0.0,0.0,0.0,0.0,0.0,0.0,0.959510275,0.0,0.0,0.0,0.0,0.0,0.0,0.0,0.0144122357843138,0.0,0.0,0.0,0.0,0.0,0.0,0.0,0.945098039215686,0.0,0.0,0.0,0.0,0.0,0.0,0.0,0.3511028882008145,0.0,0.0,0.0,0.0,0.0,4.318,4.261,3.464,4.23,3.977,4.329,3.995,4.294,4.318,4.261,3.743,4.23,3.977,4.329,3.995,4.294,3.289877e-07,6.498143e-07,0.0001024008,9.237033e-06,4.20302e-07,5.500237e-07,8.300633e-07,7.24209e-07,113.41176470588232,115.141233,1.729468294117666,1.729468294117666,1.729468294117666
106,106,True,1,0.0092676149999999,8.588868778822371e-05,0.0092676149999999,6.8878862e-06,0.1634797408333334,0.3675,0.0,0.0,0.0,0.0666666666666666,0.0,0.0,0.0,0.0,0.0,0.0,0.0,0.0573990516666666,0.0,0.0,0.0,0.0,0.0,0.0,0.0,-0.0092676149999999,0.0,0.0,0.0,0.0,0.0,0.0,0.0,0.0666666666666666,0.0,0.0,0.0,0.0,0.0,0.0,0.0,0.0094487573749999,0.0,0.0,0.0,0.0,4.318,4.261,4.164,4.039,3.977,4.329,3.995,4.294,4.318,4.261,4.164,4.155,3.977,4.329,3.995,4.294,2.366992e-07,7.229366e-07,6.290597e-07,3.014879e-06,2.474492e-07,5.55319e-07,7.238054e-07,7.577381e-07,7.999999999999991,6.8878862,-1.1121137999999915,1.1121137999999915,1.1121137999999915
107,107,True,4,0.0097878869117646,9.580273019749446e-05,0.0097878869117646,7.41157229e-05,0.3911571435784314,0.4254271875,0.0,0.0,0.0,0.0,0.6078431372549019,0.0,0.0,0.0,0.0,0.0,0.0,0.0,0.6176310241666666,0.0,0.0,0.0,0.0,0.0,0.0,0.0,0.0097878869117646,0.0,0.0,0.0,0.0,0.0,0.0,0.0,0.6078431372549019,0.0,0.0,0.0,0.0,0.0,0.0,0.0,0.3702173736531503,0.0,0.0,0.0,4.318,4.261,4.164,4.23,3.509,4.329,3.995,4.294,4.318,4.261,4.164,4.23,3.624,4.329,3.995,4.294,3.055e-07,6.78474e-07,1.521711e-06,1.070578e-06,6.805017e-05,9.144928e-07,8.571053e-07,7.176918e-07,72.94117647058823,74.1157229,1.1745464294117625,1.1745464294117625,1.1745464294117625
108,108,True,4,0.0144122991176472,0.0002077143658565,0.0144122991176472,0.0001151412406,1.0486244766176471,0.4254271875,0.0,0.945098039215686,0.0,0.0,0.0,0.0,0.0,0.0,0.0,0.9595103383333332,0.0,0.0,0.0,0.0,0.0,0.0,0.0,0.0144122991176472,0.0,0.0,0.0,0.0,0.0,0.0,0.0,0.945098039215686,0.0,0.0,0.0,0.0,0.0,0.0,0.0,0.33432856200091,0.0,0.0,0.0,0.0,0.0,0.0,4.318,3.605,4.164,4.23,3.977,4.329,3.995,4.294,4.318,3.851,4.164,4.23,3.977,4.329,3.995,4.294,6.13347e-06,0.000104371,2.193398e-06,1.386711e-07,1.157468e-07,6.401306e-07,7.150712e-07,8.337529e-07,113.41176470588232,115.1412406,1.7294758941176696,1.7294758941176696,1.7294758941176696
109,109,True,3,0.0002285319117647,5.222683469485197e-08,0.0002285319117647,7.29686003e-05,0.8959229910784313,0.40516875,0.0,0.0,0.0,0.6078431372549019,0.0,0.0,0.0,0.0,0.0,0.0,0.0,0.6080716691666667,0.0,0.0,0.0,0.0,0.0,0.0,0.0,0.0002285319117647,0.0,0.0,0.0,0.0,0.0,0.0,0.0,0.6078431372549019,0.0,0.0,0.0,0.0,0.0,0.0,0.0,0.2226132630146752,0.0,0.0,0.0,0.0,4.318,4.261,4.164,3.68,3.977,4.329,3.995,4.294,4.318,4.261,4.164,3.905,3.977,4.329,3.995,4.294,2.305005e-07,8.649983e-07,8.662426e-07,6.770837e-05,1.190466e-06,5.596711e-07,7.277791e-07,8.205727e-07,72.94117647058823,72.9686003,0.0274238294117736,0.0274238294117736,0.0274238294117736
110,110,True,4,0.0124334328431372,0.0001545902522648,0.0124334328431372,0.000119609659,0.6514717036764707,0.4254271875,0.0,0.0,0.0,0.0,0.984313725490196,0.0,0.0,0.0,0.0,0.0,0.0,0.0,0.9967471583333332,0.0,0.0,0.0,0.0,0.0,0.0,0.0,0.0124334328431372,0.0,0.0,0.0,0.0,0.0,0.0,0.0,0.984313725490196,0.0,0.0,0.0,0.0,0.0,0.0,0.0,0.6047408104140165,0.0,0.0,0.0,4.318,4.261,4.164,4.23,3.335,4.329,3.995,4.294,4.318,4.261,4.164,4.23,3.51,4.329,3.995,4.294,3.298591e-07,6.76397e-07,1.57759e-06,1.687984e-06,0.0001127399,9.759729e-07,9.111393e-07,7.108167e-07,118.11764705882352,119.609659,1.4920119411764716,1.4920119411764716,1.4920119411764716
111,111,True,3,0.0106225238235294,0.0001128380123814,0.0106225238235294,9.91570558e-05,1.0871703446568624,0.40516875,0.0,0.0,0.8156862745098039,0.0,0.0,0.0,0.0,0.0,0.0,0.0,0.8263087983333334,0.0,0.0,0.0,0.0,0.0,0.0,0.0,0.0106225238235294,0.0,0.0,0.0,0.0,0.0,0.0,0.0,0.8156862745098039,0.0,0.0,0.0,0.0,0.0,0.0,0.0,0.2893267464756004,0.0,0.0,0.0,0.0,0.0,4.318,4.261,3.525,4.23,3.977,4.329,3.995,4.294,4.318,4.261,3.776,4.23,3.977,4.329,3.995,4.294,3.2037e-07,6.42574e-07,8.750444e-05,8.213872e-06,3.830782e-07,5.496771e-07,8.2219e-07,7.208545e-07,97.88235294117646,99.1570558,1.274702858823531,1.274702858823531,1.274702858823531
112,112,True,3,0.001688155490196,2.84986895907915e-06,0.001688155490196,0.0001179150683999,1.4056163995098037,0.40516875,0.0,0.0,0.0,0.984313725490196,0.0,0.0,0.0,0.0,0.0,0.0,0.0,0.98262557,0.0,0.0,0.0,0.0,0.0,0.0,0.0,-0.001688155490196,0.0,0.0,0.0,0.0,0.0,0.0,0.0,0.984313725490196,0.0,0.0,0.0,0.0,0.0,0.0,0.0,0.3866714083963788,0.0,0.0,0.0,0.0,4.318,4.261,4.164,3.461,3.977,4.329,3.995,4.294,4.318,4.261,4.164,3.804,3.977,4.329,3.995,4.294,2.285403e-07,9.223745e-07,1.926858e-06,0.0001109615,1.723611e-06,5.766535e-07,7.283923e-07,8.471388e-07,118.11764705882352,117.9150684,-0.2025786588235263,0.2025786588235263,0.2025786588235263
113,113,True,4,0.0118537971568629,0.000140512507036,0.0118537971568629,9.93048086e-05,0.9744849796568628,0.4254271875,0.0,0.8156862745098039,0.0,0.0,0.0,0.0,0.0,0.0,0.0,0.8275400716666669,0.0,0.0,0.0,0.0,0.0,0.0,0.0,0.0118537971568629,0.0,0.0,0.0,0.0,0.0,0.0,0.0,0.8156862745098039,0.0,0.0,0.0,0.0,0.0,0.0,0.0,0.2601341354788945,0.0,0.0,0.0,0.0,0.0,0.0,4.318,3.656,4.164,4.23,3.977,4.329,3.995,4.294,4.318,3.884,4.164,4.23,3.977,4.329,3.995,4.294,5.347053e-06,8.94271e-05,2.108853e-06,1.401092e-07,1.165464e-07,6.274738e-07,7.139662e-07,8.23707e-07,97.88235294117646,99.30480860000002,1.4224556588235515,1.4224556588235515,1.4224556588235515
114,114,True,3,0.0059088838235293,3.491490803996727e-05,0.0059088838235293,8.259141899999999e-05,0.9656730513235292,0.40516875,0.0,0.0,0.6823529411764705,0.0,0.0,0.0,0.0,0.0,0.0,0.0,0.6882618249999999,0.0,0.0,0.0,0.0,0.0,0.0,0.0,0.0059088838235293,0.0,0.0,0.0,0.0,0.0,0.0,0.0,0.6823529411764705,0.0,0.0,0.0,0.0,0.0,0.0,0.0,0.2251017414464337,0.0,0.0,0.0,0.0,0.0,4.318,4.261,3.585,4.23,3.977,4.329,3.995,4.294,4.318,4.261,3.812,4.23,3.977,4.329,3.995,4.294,3.148817e-07,6.433571e-07,7.209142e-05,7.114164e-06,3.439998e-07,5.484585e-07,8.123554e-07,7.227825e-07,81.88235294117646,82.59141899999999,0.7090660588235238,0.7090660588235238,0.7090660588235238
115,115,True,2,0.0175047500490196,0.0003064162742786,0.0175047500490196,8.688805299999999e-06,0.0665360942156863,0.385875,0.0,0.0,0.0,0.0,0.0549019607843137,0.0,0.0,0.0,0.0,0.0,0.0,0.0,0.0724067108333333,0.0,0.0,0.0,0.0,0.0,0.0,0.0,0.0175047500490196,0.0,0.0,0.0,0.0,0.0,0.0,0.0,0.0549019607843137,0.0,0.0,0.0,0.0,0.0,0.0,0.0,0.0198442157220587,0.0,0.0,0.0,4.318,4.261,4.164,4.23,3.842,4.329,3.995,4.294,4.318,4.261,4.164,4.23,3.886,4.329,3.995,4.294,2.527382e-07,6.780782e-07,1.362615e-06,1.918209e-07,4.059776e-06,6.654287e-07,7.504997e-07,7.278486e-07,6.588235294117643,8.688805299999999,2.1005700058823558,2.1005700058823558,2.1005700058823558
116,116,True,4,0.0046786463235294,2.1889731420675487e-05,0.0046786463235294,8.24437905e-05,0.8874773629901961,0.4254271875,0.0,0.6823529411764705,0.0,0.0,0.0,0.0,0.0,0.0,0.0,0.6870315874999999,0.0,0.0,0.0,0.0,0.0,0.0,0.0,0.0046786463235294,0.0,0.0,0.0,0.0,0.0,0.0,0.0,0.6823529411764705,0.0,0.0,0.0,0.0,0.0,0.0,0.0,0.1881082645176756,0.0,0.0,0.0,0.0,0.0,0.0,4.318,3.708,4.164,4.23,3.977,4.329,3.995,4.294,4.318,3.921,4.164,4.23,3.977,4.329,3.995,4.294,4.462062e-06,7.356168e-05,2.010931e-06,1.394534e-07,1.180182e-07,6.191627e-07,7.17351e-07,8.151322e-07,81.88235294117646,82.44379049999999,0.5614375588235276,0.5614375588235276,0.5614375588235276
117,117,True,1,0.0178915907843136,0.0003201090207933,0.0178915907843136,4.4412444e-06,0.1444542300490196,0.3675,0.0,0.0,0.0,0.0549019607843137,0.0,0.0,0.0,0.0,0.0,0.0,0.0,0.03701037,0.0,0.0,0.0,0.0,0.0,0.0,0.0,-0.0178915907843136,0.0,0.0,0.0,0.0,0.0,0.0,0.0,0.0549019607843137,0.0,0.0,0.0,0.0,0.0,0.0,0.0,0.0043429802671568,0.0,0.0,0.0,0.0,4.318,4.261,4.164,4.054,3.977,4.329,3.995,4.294,4.318,4.261,4.164,4.196,3.977,4.329,3.995,4.294,2.357296e-07,6.951468e-07,9.5116e-07,3.67316e-07,1.687428e-07,5.537901e-07,7.237849e-07,7.455742e-07,6.588235294117643,4.4412444,-2.1469908941176428,2.1469908941176428,2.1469908941176428
118,118,True,3,0.0069711599019606,4.859707037870363e-05,0.0069711599019606,8.366006859999998e-05,0.974078240735294,0.40516875,0.0,0.0,0.6901960784313725,0.0,0.0,0.0,0.0,0.0,0.0,0.0,0.6971672383333332,0.0,0.0,0.0,0.0,0.0,0.0,0.0,0.0069711599019606,0.0,0.0,0.0,0.0,0.0,0.0,0.0,0.6901960784313725,0.0,0.0,0.0,0.0,0.0,0.0,0.0,0.2277492944519424,0.0,0.0,0.0,0.0,0.0,4.318,4.261,3.581,4.23,3.977,4.329,3.995,4.294,4.318,4.261,3.81,4.23,3.977,4.329,3.995,4.294,3.171191e-07,6.396833e-07,7.307684e-05,7.191087e-06,3.46413e-07,5.489857e-07,8.141326e-07,7.258079e-07,82.82352941176471,83.66006859999999,0.8365391882352782,0.8365391882352782,0.8365391882352782
119,119,True,2,0.0179568486764706,0.0003224484143896,0.0179568486764706,8.272468900000001e-06,0.0642478811764706,0.385875,0.0,0.0,0.0,0.0,0.0509803921568627,0.0,0.0,0.0,0.0,0.0,0.0,0.0,0.0689372408333333,0.0,0.0,0.0,0.0,0.0,0.0,0.0,0.0179568486764706,0.0,0.0,0.0,0.0,0.0,0.0,0.0,0.0509803921568627,0.0,0.0,0.0,0.0,0.0,0.0,0.0,0.016775733500245,0.0,0.0,0.0,4.318,4.261,4.164,4.23,3.847,4.329,3.995,4.294,4.318,4.261,4.164,4.23,3.89,4.329,3.995,4.294,2.531528e-07,6.780496e-07,1.358632e-06,1.855688e-07,3.657312e-06,6.603349e-07,7.494883e-07,7.299305e-07,6.1176470588235246,8.272468900000002,2.154821841176477,2.154821841176477,2.154821841176477
120,120,True,4,0.000403800735294,1.6305503382397672e-07,0.000403800735294,8.287198549999999e-05,0.8934688949019607,0.4254271875,0.0,0.6901960784313725,0.0,0.0,0.0,0.0,0.0,0.0,0.0,0.6905998791666665,0.0,0.0,0.0,0.0,0.0,0.0,0.0,0.000403800735294,0.0,0.0,0.0,0.0,0.0,0.0,0.0,0.6901960784313725,0.0,0.0,0.0,0.0,0.0,0.0,0.0,0.1911042115396597,0.0,0.0,0.0,0.0,0.0,0.0,4.318,3.705,4.164,4.23,3.977,4.329,3.995,4.294,4.318,3.92,4.164,4.23,3.977,4.329,3.995,4.294,4.477019e-06,7.397019e-05,2.013906e-06,1.378329e-07,1.173134e-07,6.207525e-07,7.154392e-07,8.195325e-07,82.82352941176471,82.8719855,0.0484560882352838,0.0484560882352838,0.0484560882352838
121,121,True,3,0.0141348160784313,0.000199793025571,0.0141348160784313,9.06373544e-05,1.0244801294117645,0.40516875,0.0,0.0,0.7411764705882352,0.0,0.0,0.0,0.0,0.0,0.0,0.0,0.7553112866666666,0.0,0.0,0.0,0.0,0.0,0.0,0.0,0.0141348160784313,0.0,0.0,0.0,0.0,0.0,0.0,0.0,0.7411764705882352,0.0,0.0,0.0,0.0,0.0,0.0,0.0,0.2534830917904044,0.0,0.0,0.0,0.0,0.0,4.318,4.261,3.558,4.23,3.977,4.329,3.995,4.294,4.318,4.261,3.795,4.23,3.977,4.329,3.995,4.294,3.201802e-07,6.428468e-07,7.958042e-05,7.638514e-06,3.622133e-07,5.479783e-07,8.188689e-07,7.263329e-07,88.94117647058823,90.6373544,1.6961779294117605,1.6961779294117605,1.6961779294117605
122,122,True,1,0.0157213125318627,0.0002471596677245,0.0157213125318627,4.231089555e-06,0.1406769836764706,0.3675,0.0,0.0,0.0,0.0509803921568627,0.0,0.0,0.0,0.0,0.0,0.0,0.0,0.0352590796249999,0.0,0.0,0.0,0.0,0.0,0.0,0.0,-0.0157213125318627,0.0,0.0,0.0,0.0,0.0,0.0,0.0,0.0509803921568627,0.0,0.0,0.0,0.0,0.0,0.0,0.0,0.0017434478700979,0.0,0.0,0.0,0.0,4.318,4.261,4.164,4.058,3.977,4.329,3.995,4.294,4.318,4.261,4.164,4.216,3.977,4.329,3.995,4.294,2.362248e-07,6.842719e-07,1.144604e-06,4.286855e-09,1.385662e-07,5.559569e-07,7.235758e-07,7.436031e-07,6.1176470588235246,4.231089555,-1.886557503823525,1.886557503823525,1.886557503823525
123,123,True,3,0.0147796529901961,0.0002184381425106,0.0147796529901961,4.36559113e-05,0.2372830838235295,0.40516875,0.0,0.0,0.0,0.0,0.3490196078431372,0.0,0.0,0.0,0.0,0.0,0.0,0.0,0.3637992608333333,0.0,0.0,0.0,0.0,0.0,0.0,0.0,0.0147796529901961,0.0,0.0,0.0,0.0,0.0,0.0,0.0,0.3490196078431372,0.0,0.0,0.0,0.0,0.0,0.0,0.0,0.2049418220274753,0.0,0.0,0.0,4.318,4.261,4.164,4.23,3.635,4.329,3.995,4.294,4.318,4.261,4.164,4.23,3.716,4.329,3.995,4.294,2.878928e-07,6.743143e-07,1.471929e-06,6.646681e-07,3.817859e-05,8.404701e-07,8.15422e-07,7.22625e-07,41.882352941176464,43.6559113,1.7735583588235355,1.7735583588235355,1.7735583588235355
124,124,True,4,0.0102086327450979,0.0001042161825242,0.0102086327450979,9.01662124e-05,0.926178570245098,0.4254271875,0.0,0.7411764705882352,0.0,0.0,0.0,0.0,0.0,0.0,0.0,0.7513851033333332,0.0,0.0,0.0,0.0,0.0,0.0,0.0,0.0102086327450979,0.0,0.0,0.0,0.0,0.0,0.0,0.0,0.7411764705882352,0.0,0.0,0.0,0.0,0.0,0.0,0.0,0.2172831403680879,0.0,0.0,0.0,0.0,0.0,0.0,4.318,3.685,4.164,4.23,3.977,4.329,3.995,4.294,4.318,3.904,4.164,4.23,3.977,4.329,3.995,4.294,4.866851e-06,8.082476e-05,2.056504e-06,1.383099e-07,1.161807e-07,6.242582e-07,7.163844e-07,8.229642e-07,88.94117647058823,90.1662124,1.22503592941176,1.22503592941176,1.22503592941176
125,125,True,3,0.0117292298039217,0.0001375748317932,0.0117292298039217,0.0001190545664,1.2409959748039212,0.40516875,0.0,0.0,0.980392156862745,0.0,0.0,0.0,0.0,0.0,0.0,0.0,0.9921213866666668,0.0,0.0,0.0,0.0,0.0,0.0,0.0,0.0117292298039217,0.0,0.0,0.0,0.0,0.0,0.0,0.0,0.980392156862745,0.0,0.0,0.0,0.0,0.0,0.0,0.0,0.3653503256628429,0.0,0.0,0.0,0.0,0.0,4.318,4.261,3.448,4.23,3.977,4.329,3.995,4.294,4.318,4.261,3.736,4.23,3.977,4.329,3.995,4.294,3.292977e-07,6.447694e-07,0.0001060604,9.485457e-06,4.291626e-07,5.462783e-07,8.342214e-07,7.2498e-07,117.6470588235294,119.0545664,1.407507576470607,1.407507576470607,1.407507576470607
126,126,True,2,0.0177088288235294,0.000313602618301,0.0177088288235294,4.40074124e-05,0.5485461871568629,0.385875,0.0,0.0,0.0,0.3490196078431372,0.0,0.0,0.0,0.0,0.0,0.0,0.0,0.3667284366666666,0.0,0.0,0.0,0.0,0.0,0.0,0.0,0.0177088288235294,0.0,0.0,0.0,0.0,0.0,0.0,0.0,0.3490196078431372,0.0,0.0,0.0,0.0,0.0,0.0,0.0,0.1199468352705881,0.0,0.0,0.0,0.0,4.318,4.261,4.164,3.827,3.977,4.329,3.995,4.294,4.318,4.261,4.164,3.984,3.977,4.329,3.995,4.294,2.338202e-07,8.186502e-07,4.00664e-07,3.965871e-05,8.177934e-07,5.484299e-07,7.294027e-07,7.99942e-07,41.882352941176464,44.0074124,2.125059458823536,2.125059458823536,2.125059458823536
127,127,True,4,0.0111467558823533,0.0001242501667007,0.0111467558823533,0.000119925846,0.6609862175490199,0.4254271875,0.0,0.0,0.0,0.0,0.9882352941176468,0.0,0.0,0.0,0.0,0.0,0.0,0.0,0.99938205,0.0,0.0,0.0,0.0,0.0,0.0,0.0,0.0111467558823533,0.0,0.0,0.0,0.0,0.0,0.0,0.0,0.9882352941176468,0.0,0.0,0.0,0.0,0.0,0.0,0.0,0.6053336677270265,0.0,0.0,0.0,4.318,4.261,4.164,4.23,3.333,4.329,3.995,4.294,4.318,4.261,4.164,4.23,3.51,4.329,3.995,4.294,3.316536e-07,6.745412e-07,1.57966e-06,1.69242e-06,0.0001130443,9.746534e-07,9.104965e-07,7.181213e-07,118.5882352941176,119.925846,1.3376107058823976,1.3376107058823976,1.3376107058823976
128,128,True,4,0.0120164406372551,0.0001443948455886,0.0120164406372551,0.0001190890317,1.0824532056372551,0.4254271875,0.0,0.980392156862745,0.0,0.0,0.0,0.0,0.0,0.0,0.0,0.9924085975,0.0,0.0,0.0,0.0,0.0,0.0,0.0,0.0120164406372551,0.0,0.0,0.0,0.0,0.0,0.0,0.0,0.980392156862745,0.0,0.0,0.0,0.0,0.0,0.0,0.0,0.3496616955982929,0.0,0.0,0.0,0.0,0.0,0.0,4.318,3.59,4.164,4.23,3.977,4.329,3.995,4.294,4.318,3.844,4.164,4.23,3.977,4.329,3.995,4.294,6.330708e-06,0.0001080934,2.222585e-06,1.381651e-07,1.153609e-07,6.363796e-07,7.144771e-07,8.37956e-07,117.6470588235294,119.0890317,1.441972876470615,1.441972876470615,1.441972876470615
129,129,True,3,0.0012437842156867,1.54699917519142e-06,0.0012437842156867,0.0001187374894,1.41836114004902,0.40516875,0.0,0.0,0.0,0.9882352941176468,0.0,0.0,0.0,0.0,0.0,0.0,0.0,0.9894790783333336,0.0,0.0,0.0,0.0,0.0,0.0,0.0,0.0012437842156867,0.0,0.0,0.0,0.0,0.0,0.0,0.0,0.9882352941176468,0.0,0.0,0.0,0.0,0.0,0.0,0.0,0.3862313070144968,0.0,0.0,0.0,0.0,4.318,4.261,4.164,3.458,3.977,4.329,3.995,4.294,4.318,4.261,4.164,3.804,3.977,4.329,3.995,4.294,2.294102e-07,9.220526e-07,1.936362e-06,0.0001117682,1.723183e-06,5.76086e-07,7.28259e-07,8.539366e-07,118.5882352941176,118.73748940000002,0.1492541058824059,0.1492541058824059,0.1492541058824059
130,130,True,4,0.0094852366176472,8.996971369275566e-05,0.0094852366176472,5.05499931e-05,0.2753792057843141,0.4254271875,0.0,0.0,0.0,0.0,0.4117647058823528,0.0,0.0,0.0,0.0,0.0,0.0,0.0,0.4212499425,0.0,0.0,0.0,0.0,0.0,0.0,0.0,0.0094852366176472,0.0,0.0,0.0,0.0,0.0,0.0,0.0,0.4117647058823528,0.0,0.0,0.0,0.0,0.0,0.0,0.0,0.239899505593384,0.0,0.0,0.0,4.318,4.261,4.164,4.23,3.602,4.329,3.995,4.294,4.318,4.261,4.164,4.23,3.693,4.329,3.995,4.294,2.902389e-07,6.768106e-07,1.482603e-06,7.596543e-07,4.492979e-05,8.642279e-07,8.258607e-07,7.208077e-07,49.411764705882334,50.5499931,1.138228394117668,1.138228394117668,1.138228394117668
131,131,True,3,0.0093569310294118,8.755215828916973e-05,0.0093569310294118,9.14757729e-05,1.0351694568627452,0.40516875,0.0,0.0,0.7529411764705882,0.0,0.0,0.0,0.0,0.0,0.0,0.0,0.7622981075,0.0,0.0,0.0,0.0,0.0,0.0,0.0,0.0093569310294118,0.0,0.0,0.0,0.0,0.0,0.0,0.0,0.7529411764705882,0.0,0.0,0.0,0.0,0.0,0.0,0.0,0.2570219176015318,0.0,0.0,0.0,0.0,0.0,4.318,4.261,3.553,4.23,3.977,4.329,3.995,4.294,4.318,4.261,3.793,4.23,3.977,4.329,3.995,4.294,3.196051e-07,6.447096e-07,8.033962e-05,7.712772e-06,3.638966e-07,5.482908e-07,8.203057e-07,7.265731e-07,90.35294117647058,91.4757729,1.1228317235294156,1.1228317235294156,1.1228317235294156
133,133,True,3,0.0114042415686274,0.0001300567257556,0.0114042415686274,2.81920384e-05,0.1750211082352941,0.40516875,0.0,0.0,0.0,0.0,0.2235294117647059,0.0,0.0,0.0,0.0,0.0,0.0,0.0,0.2349336533333333,0.0,0.0,0.0,0.0,0.0,0.0,0.0,0.0114042415686274,0.0,0.0,0.0,0.0,0.0,0.0,0.0,0.2235294117647059,0.0,0.0,0.0,0.0,0.0,0.0,0.0,0.1250928078743382,0.0,0.0,0.0,4.318,4.261,4.164,4.23,3.702,4.329,3.995,4.294,4.318,4.261,4.164,4.23,3.774,4.329,3.995,4.294,2.767272e-07,6.762321e-07,1.435324e-06,4.567821e-07,2.30453e-05,7.862126e-07,7.910747e-07,7.243857e-07,26.823529411764707,28.1920384,1.3685089882352948,1.3685089882352948,1.3685089882352948
134,134,True,4,0.0138683510294119,0.0001923311602749,0.0138683510294119,9.20171433e-05,0.9386609051960786,0.4254271875,0.0,0.7529411764705882,0.0,0.0,0.0,0.0,0.0,0.0,0.0,0.7668095275000002,0.0,0.0,0.0,0.0,0.0,0.0,0.0,0.0138683510294119,0.0,0.0,0.0,0.0,0.0,0.0,0.0,0.7529411764705882,0.0,0.0,0.0,0.0,0.0,0.0,0.0,0.2245280942855763,0.0,0.0,0.0,0.0,0.0,0.0,4.318,3.68,4.164,4.23,3.977,4.329,3.995,4.294,4.318,3.9,4.164,4.23,3.977,4.329,3.995,4.294,4.958828e-06,8.257151e-05,2.065853e-06,1.390934e-07,1.16804e-07,6.24329e-07,7.174795e-07,8.232464e-07,90.35294117647058,92.0171433,1.664202123529435,1.664202123529435,1.664202123529435
135,135,True,4,0.0066726900490194,4.452479249028375e-05,0.0066726900490194,6.33889581e-05,0.8019378217156862,0.4254271875,0.0,0.0,0.5215686274509804,0.0,0.0,0.0,0.0,0.0,0.0,0.0,0.5282413174999999,0.0,0.0,0.0,0.0,0.0,0.0,0.0,0.0066726900490194,0.0,0.0,0.0,0.0,0.0,0.0,0.0,0.5215686274509804,0.0,0.0,0.0,0.0,0.0,0.0,0.0,0.1561769823225359,0.0,0.0,0.0,0.0,0.0,4.318,4.261,3.659,4.23,3.977,4.329,3.995,4.294,4.318,4.261,3.857,4.23,3.977,4.329,3.995,4.294,3.086554e-07,6.435398e-07,5.428093e-05,5.776572e-06,2.973893e-07,5.510595e-07,8.02224e-07,7.285881e-07,62.58823529411765,63.3889581,0.8007228058823443,0.8007228058823443,0.8007228058823443
136,136,True,2,0.0010755084313725,1.1567183859535062e-06,0.0010755084313725,2.66944684e-05,0.3905688340686273,0.385875,0.0,0.0,0.0,0.2235294117647059,0.0,0.0,0.0,0.0,0.0,0.0,0.0,0.2224539033333333,0.0,0.0,0.0,0.0,0.0,0.0,0.0,-0.0010755084313725,0.0,0.0,0.0,0.0,0.0,0.0,0.0,0.2235294117647059,0.0,0.0,0.0,0.0,0.0,0.0,0.0,0.0639560063517157,0.0,0.0,0.0,0.0,4.318,4.261,4.164,3.904,3.977,4.329,3.995,4.294,4.318,4.261,4.164,4.043,3.977,4.329,3.995,4.294,2.342832e-07,7.847374e-07,2.779746e-07,2.275599e-05,5.81301e-07,5.455994e-07,7.283932e-07,7.861896e-07,26.823529411764707,26.6944684,-0.1290610117647084,0.1290610117647084,0.1290610117647084
137,137,True,3,0.0134706619117646,0.000181458732341,0.0134706619117646,2.65576559e-05,0.1635051435784312,0.40516875,0.0,0.0,0.0,0.0,0.207843137254902,0.0,0.0,0.0,0.0,0.0,0.0,0.0,0.2213137991666666,0.0,0.0,0.0,0.0,0.0,0.0,0.0,0.0134706619117646,0.0,0.0,0.0,0.0,0.0,0.0,0.0,0.207843137254902,0.0,0.0,0.0,0.0,0.0,0.0,0.0,0.1150107358296753,0.0,0.0,0.0,4.318,4.261,4.164,4.23,3.713,4.329,3.995,4.294,4.318,4.261,4.164,4.23,3.781,4.329,3.995,4.294,2.750037e-07,6.784539e-07,1.430767e-06,4.359893e-07,2.144233e-05,7.799235e-07,7.881395e-07,7.27049e-07,24.94117647058824,26.5576559,1.6164794294117613,1.6164794294117613,1.6164794294117613
138,138,True,3,0.0149278208823528,0.0002228398362956,0.0149278208823528,6.43795738e-05,0.7746858667156861,0.40516875,0.0,0.5215686274509804,0.0,0.0,0.0,0.0,0.0,0.0,0.0,0.5364964483333333,0.0,0.0,0.0,0.0,0.0,0.0,0.0,0.0149278208823528,0.0,0.0,0.0,0.0,0.0,0.0,0.0,0.5215686274509804,0.0,0.0,0.0,0.0,0.0,0.0,0.0,0.1162413968682476,0.0,0.0,0.0,0.0,0.0,0.0,4.318,3.772,4.164,4.23,3.977,4.329,3.995,4.294,4.318,3.963,4.164,4.23,3.977,4.329,3.995,4.294,3.521665e-06,5.657132e-05,1.893596e-06,1.387684e-07,1.17696e-07,6.103771e-07,7.188451e-07,8.073062e-07,62.58823529411765,64.3795738,1.7913385058823508,1.7913385058823508,1.7913385058823508
139,139,True,3,0.0063540820098039,4.037435818731451e-05,0.0063540820098039,4.68801369e-05,0.6488183420098039,0.40516875,0.0,0.0,0.3843137254901961,0.0,0.0,0.0,0.0,0.0,0.0,0.0,0.3906678075000001,0.0,0.0,0.0,0.0,0.0,0.0,0.0,0.0063540820098039,0.0,0.0,0.0,0.0,0.0,0.0,0.0,0.3843137254901961,0.0,0.0,0.0,0.0,0.0,0.0,0.0,0.0898318698179412,0.0,0.0,0.0,0.0,0.0,4.318,4.261,3.726,4.23,3.977,4.329,3.995,4.294,4.318,4.261,3.9,4.23,3.977,4.329,3.995,4.294,3.013669e-07,6.470666e-07,3.900904e-05,4.594767e-06,2.574276e-07,5.517431e-07,7.899855e-07,7.287402e-07,46.11764705882353,46.8801369,0.7624898411764747,0.7624898411764747,0.7624898411764747
140,140,True,2,0.0012646794117646,1.5994140145414284e-06,0.0012646794117646,2.5092938e-05,0.3647733694117646,0.385875,0.0,0.0,0.0,0.207843137254902,0.0,0.0,0.0,0.0,0.0,0.0,0.0,0.2091078166666666,0.0,0.0,0.0,0.0,0.0,0.0,0.0,0.0012646794117646,0.0,0.0,0.0,0.0,0.0,0.0,0.0,0.207843137254902,0.0,0.0,0.0,0.0,0.0,0.0,0.0,0.0587057290644608,0.0,0.0,0.0,0.0,4.318,4.261,4.164,3.916,3.977,4.329,3.995,4.294,4.318,4.261,4.164,4.049,3.977,4.329,3.995,4.294,2.343323e-07,7.812218e-07,2.773555e-07,2.118721e-05,5.574792e-07,5.449436e-07,7.272482e-07,7.831474e-07,24.94117647058824,25.092938,0.1517615294117611,0.1517615294117611,0.1517615294117611
141,141,True,3,0.0112389259803921,0.0001263134571927,0.0112389259803921,2.9113377e-05,0.1797086884803922,0.40516875,0.0,0.0,0.0,0.0,0.2313725490196078,0.0,0.0,0.0,0.0,0.0,0.0,0.0,0.242611475,0.0,0.0,0.0,0.0,0.0,0.0,0.0,0.0112389259803921,0.0,0.0,0.0,0.0,0.0,0.0,0.0,0.2313725490196078,0.0,0.0,0.0,0.0,0.0,0.0,0.0,0.13064932446068,0.0,0.0,0.0,4.318,4.261,4.164,4.23,3.697,4.329,3.995,4.294,4.318,4.261,4.164,4.23,3.77,4.329,3.995,4.294,2.769245e-07,6.772019e-07,1.436416e-06,4.694271e-07,2.394388e-05,7.901374e-07,7.93589e-07,7.258011e-07,27.76470588235293,29.113377,1.348671117647065,1.348671117647065,1.348671117647065
142,142,True,5,0.016848442990196,0.0002838700311938,0.016848442990196,4.40958339e-05,0.669274289509804,0.21271359375,0.0,0.3843137254901961,0.0,0.0,0.0,0.0,0.0,0.0,0.0,0.3674652825,0.0,0.0,0.0,0.0,0.0,0.0,0.0,-0.016848442990196,0.0,0.0,0.0,0.0,0.0,0.0,0.0,0.3843137254901961,0.0,0.0,0.0,0.0,0.0,0.0,0.0,0.0481423453334043,0.0,0.0,0.0,0.0,0.0,0.0,4.318,3.829,4.164,4.23,3.977,4.329,3.995,4.294,4.318,4.016,4.164,4.23,3.977,4.329,3.995,4.294,2.465057e-06,3.751066e-05,1.751424e-06,1.3848e-07,1.189824e-07,5.997645e-07,7.178959e-07,7.935701e-07,46.11764705882353,44.0958339,-2.021813158823526,2.021813158823526,2.021813158823526
143,143,True,4,0.0133420172058824,0.000178009423122,0.0133420172058824,4.20716303e-05,0.5960499147058824,0.202584375,0.0,0.0,0.3372549019607843,0.0,0.0,0.0,0.0,0.0,0.0,0.0,0.3505969191666667,0.0,0.0,0.0,0.0,0.0,0.0,0.0,0.0133420172058824,0.0,0.0,0.0,0.0,0.0,0.0,0.0,0.3372549019607843,0.0,0.0,0.0,0.0,0.0,0.0,0.0,0.0853337356794974,0.0,0.0,0.0,0.0,0.0,4.318,4.261,3.75,4.23,3.977,4.329,3.995,4.294,4.318,4.261,3.914,4.23,3.977,4.329,3.995,4.294,2.968677e-07,6.442976e-07,3.460162e-05,4.218649e-06,2.449997e-07,5.519945e-07,7.852578e-07,7.27944e-07,40.47058823529412,42.0716303,1.6010420647058865,1.6010420647058865,1.6010420647058865
144,144,True,2,0.0032300023529411,1.043291520000506e-05,0.0032300023529411,2.7377105600000003e-05,0.3992537626470589,0.385875,0.0,0.0,0.0,0.2313725490196078,0.0,0.0,0.0,0.0,0.0,0.0,0.0,0.2281425466666667,0.0,0.0,0.0,0.0,0.0,0.0,0.0,-0.0032300023529411,0.0,0.0,0.0,0.0,0.0,0.0,0.0,0.2313725490196078,0.0,0.0,0.0,0.0,0.0,0.0,0.0,0.066423236939093,0.0,0.0,0.0,0.0,4.318,4.261,4.164,3.899,3.977,4.329,3.995,4.294,4.318,4.261,4.164,4.04,3.977,4.329,3.995,4.294,2.341716e-07,7.864163e-07,2.789533e-07,2.343207e-05,5.915572e-07,5.440098e-07,7.258279e-07,7.840995e-07,27.76470588235293,27.377105600000004,-0.3876002823529312,0.3876002823529312,0.3876002823529312
145,145,True,3,0.0122669898039216,0.0001504790388495,0.0122669898039216,3.11190976e-05,0.1848879723039216,0.40516875,0.0,0.0,0.0,0.0,0.2470588235294117,0.0,0.0,0.0,0.0,0.0,0.0,0.0,0.2593258133333333,0.0,0.0,0.0,0.0,0.0,0.0,0.0,0.0122669898039216,0.0,0.0,0.0,0.0,0.0,0.0,0.0,0.2470588235294117,0.0,0.0,0.0,0.0,0.0,0.0,0.0,0.1417237805057597,0.0,0.0,0.0,4.318,4.261,4.164,4.23,3.689,4.329,3.995,4.294,4.318,4.261,4.164,4.23,3.762,4.329,3.995,4.294,2.791699e-07,6.762367e-07,1.440803e-06,4.950086e-07,2.591402e-05,7.95767e-07,7.950511e-07,7.230413e-07,29.6470588235294,31.1190976,1.4720387764705976,1.4720387764705976,1.4720387764705976
146,146,True,5,0.0165302172058823,0.0002732480808736,0.0165302172058823,4.24542143e-05,0.6296611972058825,0.1012921875,0.0,0.3372549019607843,0.0,0.0,0.0,0.0,0.0,0.0,0.0,0.3537851191666666,0.0,0.0,0.0,0.0,0.0,0.0,0.0,0.0165302172058823,0.0,0.0,0.0,0.0,0.0,0.0,0.0,0.3372549019607843,0.0,0.0,0.0,0.0,0.0,0.0,0.0,0.0471376586537024,0.0,0.0,0.0,0.0,0.0,0.0,4.318,3.85,4.164,4.23,3.977,4.329,3.995,4.294,4.318,4.021,4.164,4.23,3.977,4.329,3.995,4.294,2.371683e-06,3.59848e-05,1.73417e-06,1.381668e-07,1.186171e-07,5.971771e-07,7.182039e-07,7.913964e-07,40.47058823529412,42.4542143,1.983626064705888,1.983626064705888,1.983626064705888
147,147,True,7,0.0044126932843137,1.9471862021427777e-05,0.0044126932843137,3.80587121e-05,0.5752371242156864,0.11167463671875,0.0,0.0,0.3215686274509804,0.0,0.0,0.0,0.0,0.0,0.0,0.0,0.3171559341666666,0.0,0.0,0.0,0.0,0.0,0.0,0.0,-0.0044126932843137,0.0,0.0,0.0,0.0,0.0,0.0,0.0,0.3215686274509804,0.0,0.0,0.0,0.0,0.0,0.0,0.0,0.0810126657100542,0.0,0.0,0.0,0.0,0.0,4.318,4.261,3.759,4.23,3.977,4.329,3.995,4.294,4.318,4.261,3.926,4.23,3.977,4.329,3.995,4.294,2.935882e-07,6.440557e-07,3.093005e-05,3.894928e-06,2.346997e-07,5.504325e-07,7.828578e-07,7.281002e-07,38.58823529411765,38.0587121,-0.529523194117651,0.529523194117651,0.529523194117651
148,148,True,2,0.0035817576960783,1.2828988193416706e-05,0.0035817576960783,2.92172479e-05,0.4182774706372549,0.385875,0.0,0.0,0.0,0.2470588235294117,0.0,0.0,0.0,0.0,0.0,0.0,0.0,0.2434770658333333,0.0,0.0,0.0,0.0,0.0,0.0,0.0,-0.0035817576960783,0.0,0.0,0.0,0.0,0.0,0.0,0.0,0.2470588235294117,0.0,0.0,0.0,0.0,0.0,0.0,0.0,0.0718201631034312,0.0,0.0,0.0,0.0,4.318,4.261,4.164,3.889,3.977,4.329,3.995,4.294,4.318,4.261,4.164,4.033,3.977,4.329,3.995,4.294,2.352041e-07,7.906746e-07,2.839523e-07,2.523501e-05,6.158441e-07,5.435922e-07,7.27029e-07,7.859416e-07,29.6470588235294,29.2172479,-0.4298109235294056,0.4298109235294056,0.4298109235294056
149,149,True,9,0.0126491550490195,0.0001600011234541,0.0126491550490195,4.01061339e-05,0.615141728382353,0.1231212869824219,0.0,0.3215686274509804,0.0,0.0,0.0,0.0,0.0,0.0,0.0,0.3342177825,0.0,0.0,0.0,0.0,0.0,0.0,0.0,0.0126491550490195,0.0,0.0,0.0,0.0,0.0,0.0,0.0,0.3215686274509804,0.0,0.0,0.0,0.0,0.0,0.0,0.0,0.0458104852094859,0.0,0.0,0.0,0.0,0.0,0.0,4.318,3.857,4.164,4.23,3.977,4.329,3.995,4.294,4.318,4.028,4.164,4.23,3.977,4.329,3.995,4.294,2.249814e-06,3.37786e-05,1.717403e-06,1.376674e-07,1.192692e-07,5.965962e-07,7.178059e-07,7.889782e-07,38.58823529411765,40.1061339,1.5178986058823511,1.5178986058823511,1.5178986058823511
150,150,True,3,0.0033327836764707,1.110744703414968e-05,0.0033327836764707,5.451758110000001e-05,0.727024844509804,0.40516875,0.0,0.0,0.4509803921568627,0.0,0.0,0.0,0.0,0.0,0.0,0.0,0.4543131758333334,0.0,0.0,0.0,0.0,0.0,0.0,0.0,0.0033327836764707,0.0,0.0,0.0,0.0,0.0,0.0,0.0,0.4509803921568627,0.0,0.0,0.0,0.0,0.0,0.0,0.0,0.1226419589986702,0.0,0.0,0.0,0.0,0.0,4.318,4.261,3.692,4.23,3.977,4.329,3.995,4.294,4.318,4.261,3.879,4.23,3.977,4.329,3.995,4.294,3.035275e-07,6.413894e-07,4.607356e-05,5.154287e-06,2.745683e-07,5.498085e-07,7.945021e-07,7.259383e-07,54.11764705882352,54.51758110000001,0.3999340411764862,0.3999340411764862,0.3999340411764862
152,152,True,3,0.0107724649509803,0.0001160460011201,0.0107724649509803,9.87044605e-05,1.0854965241176473,0.40516875,0.0,0.0,0.8117647058823529,0.0,0.0,0.0,0.0,0.0,0.0,0.0,0.8225371708333333,0.0,0.0,0.0,0.0,0.0,0.0,0.0,0.0107724649509803,0.0,0.0,0.0,0.0,0.0,0.0,0.0,0.8117647058823529,0.0,0.0,0.0,0.0,0.0,0.0,0.0,0.2873621953821688,0.0,0.0,0.0,0.0,0.0,4.318,4.261,3.527,4.23,3.977,4.329,3.995,4.294,4.318,4.261,3.777,4.23,3.977,4.329,3.995,4.294,3.206163e-07,6.386508e-07,8.708737e-05,8.192714e-06,3.800142e-07,5.44286e-07,8.194768e-07,7.213324e-07,97.41176470588236,98.7044605,1.2926957941176482,1.2926957941176482,1.2926957941176482
153,153,True,4,0.0103847109313723,0.0001078422211281,0.0103847109313723,7.842263589999999e-05,0.4150789100980389,0.4254271875,0.0,0.0,0.0,0.0,0.6431372549019608,0.0,0.0,0.0,0.0,0.0,0.0,0.0,0.6535219658333332,0.0,0.0,0.0,0.0,0.0,0.0,0.0,0.0103847109313723,0.0,0.0,0.0,0.0,0.0,0.0,0.0,0.6431372549019608,0.0,0.0,0.0,0.0,0.0,0.0,0.0,0.3933147777910021,0.0,0.0,0.0,4.318,4.261,4.164,4.23,3.492,4.329,3.995,4.294,4.318,4.261,4.164,4.23,3.612,4.329,3.995,4.294,3.065398e-07,6.710026e-07,1.520714e-06,1.128137e-06,7.231256e-05,9.13869e-07,8.549778e-07,7.148357e-07,77.1764705882353,78.42263589999999,1.2461653117646847,1.2461653117646847,1.2461653117646847
154,154,True,4,0.0112986574509804,0.0001276596601945,0.0112986574509804,9.87676036e-05,0.9738550582843136,0.4254271875,0.0,0.8117647058823529,0.0,0.0,0.0,0.0,0.0,0.0,0.0,0.8230633633333334,0.0,0.0,0.0,0.0,0.0,0.0,0.0,0.0112986574509804,0.0,0.0,0.0,0.0,0.0,0.0,0.0,0.8117647058823529,0.0,0.0,0.0,0.0,0.0,0.0,0.0,0.2585916504537439,0.0,0.0,0.0,0.0,0.0,0.0,4.318,3.657,4.164,4.23,3.977,4.329,3.995,4.294,4.318,3.885,4.164,4.23,3.977,4.329,3.995,4.294,5.309238e-06,8.894734e-05,2.102899e-06,1.38844e-07,1.154584e-07,6.213177e-07,7.111208e-07,8.213857e-07,97.41176470588236,98.7676036,1.3558388941176531,1.3558388941176531,1.3558388941176531
155,155,True,3,0.0098484738235296,9.699243665274778e-05,0.0098484738235296,9.10641698e-05,1.0239301563235292,0.40516875,0.0,0.0,0.7490196078431371,0.0,0.0,0.0,0.0,0.0,0.0,0.0,0.7588680816666667,0.0,0.0,0.0,0.0,0.0,0.0,0.0,0.0098484738235296,0.0,0.0,0.0,0.0,0.0,0.0,0.0,0.7490196078431371,0.0,0.0,0.0,0.0,0.0,0.0,0.0,0.2574090605315379,0.0,0.0,0.0,0.0,0.0,4.318,4.261,3.555,4.23,3.977,4.329,3.995,4.294,4.318,4.261,3.793,4.23,3.977,4.329,3.995,4.294,3.162614e-07,6.385259e-07,7.998104e-05,7.693564e-06,3.591627e-07,5.429476e-07,8.157572e-07,7.16911e-07,89.88235294117646,91.06416980000002,1.1818168588235525,1.1818168588235525,1.1818168588235525
156,156,True,3,0.0049892284313723,2.4892400340414643e-05,0.0049892284313723,7.7775178e-05,0.9433408559313724,0.40516875,0.0,0.0,0.0,0.6431372549019608,0.0,0.0,0.0,0.0,0.0,0.0,0.0,0.6481264833333332,0.0,0.0,0.0,0.0,0.0,0.0,0.0,0.0049892284313723,0.0,0.0,0.0,0.0,0.0,0.0,0.0,0.6431372549019608,0.0,0.0,0.0,0.0,0.0,0.0,0.0,0.2406931170593077,0.0,0.0,0.0,0.0,4.318,4.261,4.164,3.66,3.977,4.329,3.995,4.294,4.318,4.261,4.164,3.893,3.977,4.329,3.995,4.294,2.271549e-07,8.642228e-07,9.76288e-07,7.237627e-05,1.238754e-06,5.514138e-07,7.240609e-07,8.170136e-07,77.1764705882353,77.775178,0.5987074117646927,0.5987074117646927,0.5987074117646927
157,157,True,3,0.014443513627451,0.0002086150859063,0.014443513627451,2.5262633400000004e-05,0.150801761127451,0.40516875,0.0,0.0,0.0,0.0,0.196078431372549,0.0,0.0,0.0,0.0,0.0,0.0,0.0,0.210521945,0.0,0.0,0.0,0.0,0.0,0.0,0.0,0.014443513627451,0.0,0.0,0.0,0.0,0.0,0.0,0.0,0.196078431372549,0.0,0.0,0.0,0.0,0.0,0.0,0.0,0.1076660929707351,0.0,0.0,0.0,4.318,4.261,4.164,4.23,3.722,4.329,3.995,4.294,4.318,4.261,4.164,4.23,3.786,4.329,3.995,4.294,2.699448e-07,6.704183e-07,1.420282e-06,4.163904e-07,2.022545e-05,7.630318e-07,7.810775e-07,7.160386e-07,23.52941176470588,25.26263340000001,1.7332216352941288,1.7332216352941288,1.7332216352941288
158,158,True,4,0.0111088696568626,0.0001234069850531,0.0111088696568626,9.12154173e-05,0.9270530238235294,0.4254271875,0.0,0.7490196078431371,0.0,0.0,0.0,0.0,0.0,0.0,0.0,0.7601284774999998,0.0,0.0,0.0,0.0,0.0,0.0,0.0,0.0111088696568626,0.0,0.0,0.0,0.0,0.0,0.0,0.0,0.7490196078431371,0.0,0.0,0.0,0.0,0.0,0.0,0.0,0.2234235723552695,0.0,0.0,0.0,0.0,0.0,0.0,4.318,3.682,4.164,4.23,3.977,4.329,3.995,4.294,4.318,3.901,4.164,4.23,3.977,4.329,3.995,4.294,4.938588e-06,8.182624e-05,2.055448e-06,1.390566e-07,1.156355e-07,6.148409e-07,7.129424e-07,8.126659e-07,89.88235294117646,91.21541729999998,1.3330643588235205,1.3330643588235205,1.3330643588235205
160,160,True,4,0.0159550165686274,0.0002545625537051,0.0159550165686274,4.32618686e-05,0.2481707025980393,0.4254271875,0.0,0.0,0.0,0.0,0.3764705882352941,0.0,0.0,0.0,0.0,0.0,0.0,0.0,0.3605155716666666,0.0,0.0,0.0,0.0,0.0,0.0,0.0,-0.0159550165686274,0.0,0.0,0.0,0.0,0.0,0.0,0.0,0.3764705882352941,0.0,0.0,0.0,0.0,0.0,0.0,0.0,0.2038938116977882,0.0,0.0,0.0,4.318,4.261,4.164,4.23,3.621,4.329,3.995,4.294,4.318,4.261,4.164,4.23,3.716,4.329,3.995,4.294,2.832134e-07,6.673505e-07,1.460231e-06,6.555169e-07,3.78503e-05,8.261495e-07,8.095161e-07,7.095912e-07,45.17647058823529,43.26186859999999,-1.9146019882352971,1.9146019882352971,1.9146019882352971
161,161,True,2,0.0148259042647059,0.0002198074372662,0.0148259042647059,4.69555791e-05,0.5823127342647059,0.385875,0.0,0.0,0.0,0.3764705882352941,0.0,0.0,0.0,0.0,0.0,0.0,0.0,0.3912964925,0.0,0.0,0.0,0.0,0.0,0.0,0.0,0.0148259042647059,0.0,0.0,0.0,0.0,0.0,0.0,0.0,0.3764705882352941,0.0,0.0,0.0,0.0,0.0,0.0,0.0,0.1330931311003676,0.0,0.0,0.0,0.0,4.318,4.261,4.164,3.81,3.977,4.329,3.995,4.294,4.318,4.261,4.164,3.974,3.977,4.329,3.995,4.294,2.28432e-07,8.146567e-07,4.419379e-07,4.256818e-05,8.5126e-07,5.382984e-07,7.224554e-07,7.903587e-07,45.17647058823529,46.9555791,1.7791085117647114,1.7791085117647114,1.7791085117647114
162,162,True,4,0.0171946126960784,0.0002956547057681,0.0171946126960784,9.15837053e-05,0.4969736506372547,0.4254271875,0.0,0.0,0.0,0.0,0.7803921568627451,0.0,0.0,0.0,0.0,0.0,0.0,0.0,0.7631975441666666,0.0,0.0,0.0,0.0,0.0,0.0,0.0,-0.0171946126960784,0.0,0.0,0.0,0.0,0.0,0.0,0.0,0.7803921568627451,0.0,0.0,0.0,0.0,0.0,0.0,0.0,0.46418604406759,0.0,0.0,0.0,4.318,4.261,4.164,4.23,3.43,4.329,3.995,4.294,4.318,4.261,4.164,4.23,3.577,4.329,3.995,4.294,3.104689e-07,6.668371e-07,1.537001e-06,1.29966e-06,8.526871e-05,9.257222e-07,8.690171e-07,7.06289e-07,93.6470588235294,91.5837053,-2.0633535235294147,2.0633535235294147,2.0633535235294147
163,163,True,3,0.005399023137255,2.914945083661529e-05,0.005399023137255,9.42949416e-05,1.118273210637255,0.40516875,0.0,0.0,0.0,0.7803921568627451,0.0,0.0,0.0,0.0,0.0,0.0,0.0,0.7857911800000001,0.0,0.0,0.0,0.0,0.0,0.0,0.0,0.005399023137255,0.0,0.0,0.0,0.0,0.0,0.0,0.0,0.7803921568627451,0.0,0.0,0.0,0.0,0.0,0.0,0.0,0.3018089547652389,0.0,0.0,0.0,0.0,4.318,4.261,4.164,3.584,3.977,4.329,3.995,4.294,4.318,4.261,4.164,3.855,3.977,4.329,3.995,4.294,2.266061e-07,8.807319e-07,1.338934e-06,8.832535e-05,1.424688e-06,5.515667e-07,7.208112e-07,8.262537e-07,93.6470588235294,94.29494160000002,0.6478827764706097,0.6478827764706097,0.6478827764706097
164,164,True,2,0.0149075596568628,0.0002222353349229,0.0149075596568628,1.16712601e-05,0.0890506654901961,0.385875,0.0,0.0,0.0,0.0,0.0823529411764705,0.0,0.0,0.0,0.0,0.0,0.0,0.0,0.0972605008333333,0.0,0.0,0.0,0.0,0.0,0.0,0.0,0.0149075596568628,0.0,0.0,0.0,0.0,0.0,0.0,0.0,0.0823529411764705,0.0,0.0,0.0,0.0,0.0,0.0,0.0,0.0394723647560047,0.0,0.0,0.0,4.318,4.261,4.164,4.23,3.808,4.329,3.995,4.294,4.318,4.261,4.164,4.23,3.861,4.329,3.995,4.294,2.540176e-07,6.659168e-07,1.364227e-06,2.320173e-07,7.006682e-06,6.801931e-07,7.506648e-07,7.175415e-07,9.88235294117646,11.6712601,1.7889071588235392,1.7889071588235392,1.7889071588235392
165,165,True,4,0.0129155046568628,0.0001668102605414,0.0129155046568628,1.14322135e-05,0.1889714138235295,0.202584375,0.0,0.0,0.0,0.0823529411764705,0.0,0.0,0.0,0.0,0.0,0.0,0.0,0.0952684458333333,0.0,0.0,0.0,0.0,0.0,0.0,0.0,0.0129155046568628,0.0,0.0,0.0,0.0,0.0,0.0,0.0,0.0823529411764705,0.0,0.0,0.0,0.0,0.0,0.0,0.0,0.0142545815285844,0.0,0.0,0.0,0.0,4.318,4.261,4.164,4.02,3.977,4.329,3.995,4.294,4.318,4.261,4.164,4.117,3.977,4.329,3.995,4.294,2.31825e-07,7.300977e-07,4.192139e-07,7.710271e-06,3.363369e-07,5.349442e-07,7.15885e-07,7.536398e-07,9.88235294117646,11.4322135,1.5498605588235392,1.5498605588235392,1.5498605588235392
166,166,True,2,0.0143401743627451,0.0002056406007539,0.0143401743627451,1.20737621e-05,0.0935363076960785,0.385875,0.0,0.0,0.0,0.0,0.0862745098039215,0.0,0.0,0.0,0.0,0.0,0.0,0.0,0.1006146841666666,0.0,0.0,0.0,0.0,0.0,0.0,0.0,0.0143401743627451,0.0,0.0,0.0,0.0,0.0,0.0,0.0,0.0862745098039215,0.0,0.0,0.0,0.0,0.0,0.0,0.0,0.0419168164757351,0.0,0.0,0.0,4.318,4.261,4.164,4.23,3.803,4.329,3.995,4.294,4.318,4.261,4.164,4.23,3.858,4.329,3.995,4.294,2.542247e-07,6.670214e-07,1.361728e-06,2.366949e-07,7.405568e-06,6.808876e-07,7.498111e-07,7.178264e-07,10.35294117647058,12.0737621,1.7208209235294198,1.7208209235294198,1.7208209235294198
167,167,True,3,0.0125759748039215,0.0001581551422688,0.0125759748039215,8.8438242e-06,0.1944238110294118,0.1929375,0.0,0.0,0.0,0.0862745098039215,0.0,0.0,0.0,0.0,0.0,0.0,0.0,0.073698535,0.0,0.0,0.0,0.0,0.0,0.0,0.0,-0.0125759748039215,0.0,0.0,0.0,0.0,0.0,0.0,0.0,0.0862745098039215,0.0,0.0,0.0,0.0,0.0,0.0,0.0,0.0118889820200979,0.0,0.0,0.0,0.0,4.318,4.261,4.164,4.016,3.977,4.329,3.995,4.294,4.318,4.261,4.164,4.136,3.977,4.329,3.995,4.294,2.315167e-07,7.197684e-07,5.071607e-07,5.098415e-06,2.858167e-07,5.361677e-07,7.15822e-07,7.49157e-07,10.35294117647058,8.8438242,-1.5091169764705796,1.5091169764705796,1.5091169764705796
168,168,True,4,0.0066882312254902,4.47324369256225e-05,0.0066882312254902,4.55084701e-05,0.2435892637254901,0.4254271875,0.0,0.0,0.0,0.0,0.3725490196078431,0.0,0.0,0.0,0.0,0.0,0.0,0.0,0.3792372508333333,0.0,0.0,0.0,0.0,0.0,0.0,0.0,0.0066882312254902,0.0,0.0,0.0,0.0,0.0,0.0,0.0,0.3725490196078431,0.0,0.0,0.0,0.0,0.0,0.0,0.0,0.2154420318238719,0.0,0.0,0.0,4.318,4.261,4.164,4.23,3.623,4.329,3.995,4.294,4.318,4.261,4.164,4.23,3.708,4.329,3.995,4.294,2.857455e-07,6.652966e-07,1.45835e-06,6.802912e-07,4.007664e-05,8.258587e-07,8.085986e-07,7.076895e-07,44.70588235294117,45.5084701,0.8025877470588298,0.8025877470588298,0.8025877470588298
169,169,True,2,0.0179024420588235,0.0003204974316695,0.0179024420588235,4.68541754e-05,0.5755128578921569,0.385875,0.0,0.0,0.0,0.3725490196078431,0.0,0.0,0.0,0.0,0.0,0.0,0.0,0.3904514616666666,0.0,0.0,0.0,0.0,0.0,0.0,0.0,0.0179024420588235,0.0,0.0,0.0,0.0,0.0,0.0,0.0,0.3725490196078431,0.0,0.0,0.0,0.0,0.0,0.0,0.0,0.1332681593702205,0.0,0.0,0.0,0.0,4.318,4.261,4.164,3.812,3.977,4.329,3.995,4.294,4.318,4.261,4.164,3.974,3.977,4.329,3.995,4.294,2.302551e-07,8.105499e-07,4.41534e-07,4.248228e-05,8.479928e-07,5.353564e-07,7.20181e-07,7.860262e-07,44.70588235294117,46.8541754,2.148293047058821,2.148293047058821,2.148293047058821
170,170,True,3,0.0093624982352942,8.765637320588749e-05,0.0093624982352942,0.0001079470292,1.140554224068628,0.40516875,0.0,0.0,0.8901960784313725,0.0,0.0,0.0,0.0,0.0,0.0,0.0,0.8995585766666667,0.0,0.0,0.0,0.0,0.0,0.0,0.0,0.0093624982352942,0.0,0.0,0.0,0.0,0.0,0.0,0.0,0.8901960784313725,0.0,0.0,0.0,0.0,0.0,0.0,0.0,0.3275947400693379,0.0,0.0,0.0,0.0,0.0,4.318,4.261,3.491,4.23,3.977,4.329,3.995,4.294,4.318,4.261,3.756,4.23,3.977,4.329,3.995,4.294,3.210502e-07,6.351024e-07,9.574014e-05,8.789433e-06,3.961506e-07,5.327931e-07,8.19755e-07,7.126049e-07,106.8235294117647,107.9470292,1.123499788235307,1.123499788235307,1.123499788235307
171,171,True,4,0.01072550122549,0.0001150363765379,0.01072550122549,6.199294249999999e-05,0.3215139895588236,0.4254271875,0.0,0.0,0.0,0.0,0.5058823529411764,0.0,0.0,0.0,0.0,0.0,0.0,0.0,0.5166078541666665,0.0,0.0,0.0,0.0,0.0,0.0,0.0,0.01072550122549,0.0,0.0,0.0,0.0,0.0,0.0,0.0,0.5058823529411764,0.0,0.0,0.0,0.0,0.0,0.0,0.0,0.3075159924692729,0.0,0.0,0.0,4.318,4.261,4.164,4.23,3.557,4.329,3.995,4.294,4.318,4.261,4.164,4.23,3.657,4.329,3.995,4.294,2.945556e-07,6.634152e-07,1.482301e-06,9.007568e-07,5.624246e-05,8.707387e-07,8.303333e-07,7.083819e-07,60.70588235294117,61.992942499999984,1.28706014705881,1.28706014705881,1.28706014705881
172,172,True,4,0.0110038890686273,0.0001210855746346,0.0110038890686273,0.0001081439960999,1.0090938532352942,0.4254271875,0.0,0.8901960784313725,0.0,0.0,0.0,0.0,0.0,0.0,0.0,0.9011999675,0.0,0.0,0.0,0.0,0.0,0.0,0.0,0.0110038890686273,0.0,0.0,0.0,0.0,0.0,0.0,0.0,0.8901960784313725,0.0,0.0,0.0,0.0,0.0,0.0,0.0,0.3054922815579929,0.0,0.0,0.0,0.0,0.0,0.0,4.318,3.626,4.164,4.23,3.977,4.329,3.995,4.294,4.318,3.864,4.164,4.23,3.977,4.329,3.995,4.294,5.800247e-06,9.781031e-05,2.14263e-06,1.366982e-07,1.124203e-07,6.161612e-07,7.066287e-07,8.189007e-07,106.8235294117647,108.14399609999998,1.3204666882352851,1.3204666882352851,1.3204666882352851
173,173,True,2,0.0156441220588235,0.0002447385549913,0.0156441220588235,6.2583177e-05,0.7484498978921565,0.385875,0.0,0.0,0.0,0.5058823529411764,0.0,0.0,0.0,0.0,0.0,0.0,0.0,0.521526475,0.0,0.0,0.0,0.0,0.0,0.0,0.0,0.0156441220588235,0.0,0.0,0.0,0.0,0.0,0.0,0.0,0.5058823529411764,0.0,0.0,0.0,0.0,0.0,0.0,0.0,0.1896292089410539,0.0,0.0,0.0,0.0,4.318,4.261,4.164,3.736,3.977,4.329,3.995,4.294,4.318,4.261,4.164,3.93,3.977,4.329,3.995,4.294,2.275976e-07,8.343286e-07,6.870517e-07,5.773071e-05,1.044241e-06,5.38585e-07,7.184261e-07,8.02237e-07,60.70588235294117,62.583177000000006,1.8772946470588323,1.8772946470588323,1.8772946470588323
174,174,True,2,0.0153138922058824,0.0002345152944933,0.0153138922058824,1.03082553e-05,0.0764974880392157,0.385875,0.0,0.0,0.0,0.0,0.0705882352941176,0.0,0.0,0.0,0.0,0.0,0.0,0.0,0.0859021275,0.0,0.0,0.0,0.0,0.0,0.0,0.0,0.0153138922058824,0.0,0.0,0.0,0.0,0.0,0.0,0.0,0.0705882352941176,0.0,0.0,0.0,0.0,0.0,0.0,0.0,0.0320733832259803,0.0,0.0,0.0,4.318,4.261,4.164,4.23,3.823,4.329,3.995,4.294,4.318,4.261,4.164,4.23,3.871,4.329,3.995,4.294,2.525006e-07,6.649432e-07,1.348383e-06,2.123139e-07,5.699577e-06,6.656634e-07,7.450417e-07,7.198325e-07,8.470588235294112,10.3082553,1.8376670647058884,1.8376670647058884,1.8376670647058884
175,175,True,3,0.0126685553921568,0.0001604922957241,0.0126685553921568,8.6226109e-05,0.9724199270588236,0.40516875,0.0,0.0,0.7058823529411764,0.0,0.0,0.0,0.0,0.0,0.0,0.0,0.7185509083333332,0.0,0.0,0.0,0.0,0.0,0.0,0.0,0.0126685553921568,0.0,0.0,0.0,0.0,0.0,0.0,0.0,0.7058823529411764,0.0,0.0,0.0,0.0,0.0,0.0,0.0,0.240232951585772,0.0,0.0,0.0,0.0,0.0,4.318,4.261,3.574,4.23,3.977,4.329,3.995,4.294,4.318,4.261,3.802,4.23,3.977,4.329,3.995,4.294,3.116237e-07,6.300314e-07,7.555063e-05,7.338245e-06,3.446758e-07,5.329013e-07,8.057967e-07,7.122051e-07,84.70588235294117,86.226109,1.52022664705882,1.52022664705882,1.52022664705882
176,176,True,1,0.0089660422058824,8.038991283766457e-05,0.0089660422058824,9.5465133e-06,0.1655086422058824,0.3675,0.0,0.0,0.0,0.0705882352941176,0.0,0.0,0.0,0.0,0.0,0.0,0.0,0.0795542775,0.0,0.0,0.0,0.0,0.0,0.0,0.0,0.0089660422058824,0.0,0.0,0.0,0.0,0.0,0.0,0.0,0.0705882352941176,0.0,0.0,0.0,0.0,0.0,0.0,0.0,0.0126602105220587,0.0,0.0,0.0,0.0,4.318,4.261,4.164,4.035,3.977,4.329,3.995,4.294,4.318,4.261,4.164,4.13,3.977,4.329,3.995,4.294,2.304214e-07,7.201614e-07,4.731204e-07,5.826585e-06,2.989432e-07,5.327043e-07,7.151408e-07,7.494368e-07,8.470588235294112,9.5465133,1.0759250647058884,1.0759250647058884,1.0759250647058884
177,177,True,3,0.0128507922058824,0.0001651428603187,0.0128507922058824,2.60126833e-05,0.1549384747058823,0.40516875,0.0,0.0,0.0,0.0,0.2039215686274509,0.0,0.0,0.0,0.0,0.0,0.0,0.0,0.2167723608333333,0.0,0.0,0.0,0.0,0.0,0.0,0.0,0.0128507922058824,0.0,0.0,0.0,0.0,0.0,0.0,0.0,0.2039215686274509,0.0,0.0,0.0,0.0,0.0,0.0,0.0,0.1142271872541604,0.0,0.0,0.0,4.318,4.261,4.164,4.23,3.716,4.329,3.995,4.294,4.318,4.261,4.164,4.23,3.782,4.329,3.995,4.294,2.700113e-07,6.633258e-07,1.406023e-06,4.222174e-07,2.100254e-05,7.610652e-07,7.757976e-07,7.11703e-07,24.47058823529411,26.0126833,1.5420950647058902,1.5420950647058902,1.5420950647058902
178,178,True,4,0.0038446787254903,1.4781554502237908e-05,0.0038446787254903,8.516724380000001e-05,0.8888965795588237,0.4254271875,0.0,0.7058823529411764,0.0,0.0,0.0,0.0,0.0,0.0,0.0,0.7097270316666667,0.0,0.0,0.0,0.0,0.0,0.0,0.0,0.0038446787254903,0.0,0.0,0.0,0.0,0.0,0.0,0.0,0.7058823529411764,0.0,0.0,0.0,0.0,0.0,0.0,0.0,0.2026937315558666,0.0,0.0,0.0,0.0,0.0,0.0,4.318,3.699,4.164,4.23,3.977,4.329,3.995,4.294,4.318,3.913,4.164,4.23,3.977,4.329,3.995,4.294,4.609426e-06,7.61902e-05,2.005258e-06,1.35885e-07,1.131167e-07,6.034315e-07,7.063825e-07,8.035441e-07,84.70588235294117,85.16724380000001,0.4613614470588345,0.4613614470588345,0.4613614470588345
179,179,True,2,0.000379471372549,1.439985225842941e-07,0.000379471372549,2.45161248e-05,0.3520755663725492,0.385875,0.0,0.0,0.0,0.2039215686274509,0.0,0.0,0.0,0.0,0.0,0.0,0.0,0.20430104,0.0,0.0,0.0,0.0,0.0,0.0,0.0,0.000379471372549,0.0,0.0,0.0,0.0,0.0,0.0,0.0,0.2039215686274509,0.0,0.0,0.0,0.0,0.0,0.0,0.0,0.0579823612051468,0.0,0.0,0.0,0.0,4.318,4.261,4.164,3.919,3.977,4.329,3.995,4.294,4.318,4.261,4.164,4.05,3.977,4.329,3.995,4.294,2.293031e-07,7.631138e-07,2.74871e-07,2.069282e-05,5.425008e-07,5.30695e-07,7.143875e-07,7.684336e-07,24.47058823529411,24.5161248,0.0455365647058911,0.0455365647058911,0.0455365647058911
180,180,True,4,0.009324980392157,8.695525931411274e-05,0.009324980392157,0.00010982488,0.5770722553921568,0.4254271875,0.0,0.0,0.0,0.0,0.9058823529411764,0.0,0.0,0.0,0.0,0.0,0.0,0.0,0.9152073333333334,0.0,0.0,0.0,0.0,0.0,0.0,0.0,0.009324980392157,0.0,0.0,0.0,0.0,0.0,0.0,0.0,0.9058823529411764,0.0,0.0,0.0,0.0,0.0,0.0,0.0,0.5636014792883873,0.0,0.0,0.0,4.318,4.261,4.164,4.23,3.372,4.329,3.995,4.294,4.318,4.261,4.164,4.23,3.53,4.329,3.995,4.294,3.215911e-07,6.614167e-07,1.546339e-06,1.542249e-06,0.0001032171,9.425623e-07,8.886518e-07,7.049701e-07,108.70588235294116,109.82488,1.1189976470588476,1.1189976470588476,1.1189976470588476
181,181,True,3,0.0036232212254904,1.3127732048844255e-05,0.0036232212254904,0.0001091406689,1.27479954622549,0.40516875,0.0,0.0,0.0,0.9058823529411764,0.0,0.0,0.0,0.0,0.0,0.0,0.0,0.9095055741666668,0.0,0.0,0.0,0.0,0.0,0.0,0.0,0.0036232212254904,0.0,0.0,0.0,0.0,0.0,0.0,0.0,0.9058823529411764,0.0,0.0,0.0,0.0,0.0,0.0,0.0,0.3576277214161885,0.0,0.0,0.0,0.0,4.318,4.261,4.164,3.511,3.977,4.329,3.995,4.294,4.318,4.261,4.164,3.821,3.977,4.329,3.995,4.294,2.256214e-07,8.954552e-07,1.714043e-06,0.0001026103,1.590269e-06,5.55196e-07,7.188115e-07,8.309728e-07,108.70588235294116,109.1406689,0.4347865470588488,0.4347865470588488,0.4347865470588488
182,182,True,4,0.0127761842647057,0.0001632308843657,0.0127761842647057,0.0001107096126999,0.578048957598039,0.4254271875,0.0,0.0,0.0,0.0,0.9098039215686275,0.0,0.0,0.0,0.0,0.0,0.0,0.0,0.9225801058333332,0.0,0.0,0.0,0.0,0.0,0.0,0.0,0.0127761842647057,0.0,0.0,0.0,0.0,0.0,0.0,0.0,0.9098039215686275,0.0,0.0,0.0,0.0,0.0,0.0,0.0,0.5668406510765439,0.0,0.0,0.0,4.318,4.261,4.164,4.23,3.37,4.329,3.995,4.294,4.318,4.261,4.164,4.23,3.528,4.329,3.995,4.294,3.224667e-07,6.607693e-07,1.548454e-06,1.55499e-06,0.0001040876,9.428422e-07,8.89755e-07,7.027355e-07,109.1764705882353,110.7096127,1.5331421117646895,1.5331421117646895,1.5331421117646895
183,183,True,3,0.0043672134313723,1.907255315515917e-05,0.0043672134313723,0.0001097005361999,1.2798982767647058,0.40516875,0.0,0.0,0.0,0.9098039215686275,0.0,0.0,0.0,0.0,0.0,0.0,0.0,0.914171135,0.0,0.0,0.0,0.0,0.0,0.0,0.0,0.0043672134313723,0.0,0.0,0.0,0.0,0.0,0.0,0.0,0.9098039215686275,0.0,0.0,0.0,0.0,0.0,0.0,0.0,0.3597115479399328,0.0,0.0,0.0,0.0,4.318,4.261,4.164,3.508,3.977,4.329,3.995,4.294,4.318,4.261,4.164,3.82,3.977,4.329,3.995,4.294,2.269173e-07,8.95047e-07,1.725358e-06,0.000103151,1.59735e-06,5.547955e-07,7.182489e-07,8.318195e-07,109.1764705882353,109.7005362,0.5240656117646836,0.5240656117646836,0.5240656117646836
184,184,True,3,0.0094043133333333,8.844110927151159e-05,0.0094043133333333,0.0001051285176,1.1082834233333334,0.40516875,0.0,0.0,0.8666666666666667,0.0,0.0,0.0,0.0,0.0,0.0,0.0,0.87607098,0.0,0.0,0.0,0.0,0.0,0.0,0.0,0.0094043133333333,0.0,0.0,0.0,0.0,0.0,0.0,0.0,0.8666666666666667,0.0,0.0,0.0,0.0,0.0,0.0,0.0,0.317877634408125,0.0,0.0,0.0,0.0,0.0,4.318,4.261,3.502,4.23,3.977,4.329,3.995,4.294,4.318,4.261,3.761,4.23,3.977,4.329,3.995,4.294,3.195053e-07,6.328222e-07,9.312452e-05,8.603361e-06,3.902273e-07,5.310559e-07,8.169256e-07,7.101003e-07,104.0,105.1285176,1.1285176000000092,1.1285176000000092,1.1285176000000092
185,185,True,3,0.015522722009804,0.0002409548985936,0.015522722009804,2.39803737e-05,0.139591494509804,0.40516875,0.0,0.0,0.0,0.0,0.184313725490196,0.0,0.0,0.0,0.0,0.0,0.0,0.0,0.1998364475,0.0,0.0,0.0,0.0,0.0,0.0,0.0,0.015522722009804,0.0,0.0,0.0,0.0,0.0,0.0,0.0,0.184313725490196,0.0,0.0,0.0,0.0,0.0,0.0,0.0,0.100506270686691,0.0,0.0,0.0,4.318,4.261,4.164,4.23,3.731,4.329,3.995,4.294,4.318,4.261,4.164,4.23,3.791,4.329,3.995,4.294,2.68353e-07,6.625284e-07,1.400235e-06,3.965146e-07,1.902009e-05,7.481181e-07,7.722668e-07,7.122678e-07,22.11764705882352,23.9803737,1.8627266411764796,1.8627266411764796,1.8627266411764796
186,186,True,4,0.0119418374999999,0.0001426074828764,0.0119418374999999,0.0001054330205,0.9869132366666666,0.4254271875,0.0,0.8666666666666667,0.0,0.0,0.0,0.0,0.0,0.0,0.0,0.8786085041666667,0.0,0.0,0.0,0.0,0.0,0.0,0.0,0.0119418374999999,0.0,0.0,0.0,0.0,0.0,0.0,0.0,0.8666666666666667,0.0,0.0,0.0,0.0,0.0,0.0,0.0,0.2953842566546146,0.0,0.0,0.0,0.0,0.0,0.0,4.318,3.636,4.164,4.23,3.977,4.329,3.995,4.294,4.318,3.869,4.164,4.23,3.977,4.329,3.995,4.294,5.660926e-06,9.526405e-05,2.125273e-06,1.373e-07,1.131467e-07,6.12469e-07,7.043228e-07,8.15533e-07,104.0,105.4330205,1.4330204999999978,1.4330204999999978,1.4330204999999978
187,187,True,3,0.0016770138235293,2.812375364308566e-06,0.0016770138235293,7.40835946e-05,0.8791094938235293,0.40516875,0.0,0.0,0.615686274509804,0.0,0.0,0.0,0.0,0.0,0.0,0.0,0.6173632883333333,0.0,0.0,0.0,0.0,0.0,0.0,0.0,0.0016770138235293,0.0,0.0,0.0,0.0,0.0,0.0,0.0,0.615686274509804,0.0,0.0,0.0,0.0,0.0,0.0,0.0,0.1994793733153923,0.0,0.0,0.0,0.0,0.0,4.318,4.261,3.615,4.23,3.977,4.329,3.995,4.294,4.318,4.261,3.829,4.23,3.977,4.329,3.995,4.294,3.063847e-07,6.289532e-07,6.426858e-05,6.517476e-06,3.184635e-07,5.339112e-07,7.98671e-07,7.11155e-07,73.88235294117648,74.0835946,0.2012416588235197,0.2012416588235197,0.2012416588235197
188,188,True,2,0.0041231686764706,1.700051993462865e-05,0.0041231686764706,2.26124273e-05,0.3232769970098039,0.385875,0.0,0.0,0.0,0.184313725490196,0.0,0.0,0.0,0.0,0.0,0.0,0.0,0.1884368941666666,0.0,0.0,0.0,0.0,0.0,0.0,0.0,0.0041231686764706,0.0,0.0,0.0,0.0,0.0,0.0,0.0,0.184313725490196,0.0,0.0,0.0,0.0,0.0,0.0,0.0,0.0514216221794116,0.0,0.0,0.0,0.0,4.318,4.261,4.164,3.934,3.977,4.329,3.995,4.294,4.318,4.261,4.164,4.058,3.977,4.329,3.995,4.294,2.305319e-07,7.601702e-07,2.778267e-07,1.881895e-05,5.15742e-07,5.306069e-07,7.153151e-07,7.632845e-07,22.11764705882352,22.6124273,0.4947802411764783,0.4947802411764783,0.4947802411764783
189,189,True,2,0.0152612619117647,0.0002329061151394,0.0152612619117647,1.07725279e-05,0.079845355245098,0.385875,0.0,0.0,0.0,0.0,0.0745098039215686,0.0,0.0,0.0,0.0,0.0,0.0,0.0,0.0897710658333333,0.0,0.0,0.0,0.0,0.0,0.0,0.0,0.0152612619117647,0.0,0.0,0.0,0.0,0.0,0.0,0.0,0.0745098039215686,0.0,0.0,0.0,0.0,0.0,0.0,0.0,0.0351191161769607,0.0,0.0,0.0,4.318,4.261,4.164,4.23,3.818,4.329,3.995,4.294,4.318,4.261,4.164,4.23,3.867,4.329,3.995,4.294,2.528496e-07,6.628485e-07,1.347202e-06,2.185994e-07,6.164604e-06,6.663047e-07,7.455888e-07,7.145309e-07,8.941176470588232,10.7725279,1.831351429411768,1.831351429411768,1.831351429411768
190,190,True,5,0.010959070490196,0.000120101226009,0.010959070490196,7.51974414e-05,0.8254989679901961,0.21271359375,0.0,0.615686274509804,0.0,0.0,0.0,0.0,0.0,0.0,0.0,0.626645345,0.0,0.0,0.0,0.0,0.0,0.0,0.0,0.010959070490196,0.0,0.0,0.0,0.0,0.0,0.0,0.0,0.615686274509804,0.0,0.0,0.0,0.0,0.0,0.0,0.0,0.1640086583001045,0.0,0.0,0.0,0.0,0.0,0.0,4.318,3.734,4.164,4.23,3.977,4.329,3.995,4.294,4.318,3.935,4.164,4.23,3.977,4.329,3.995,4.294,4.100944e-06,6.681122e-05,1.935357e-06,1.371537e-07,1.141878e-07,5.987293e-07,7.047175e-07,7.951321e-07,73.88235294117648,75.1974414,1.3150884588235243,1.3150884588235243,1.3150884588235243
191,191,True,3,0.008103271372549,6.566300693717239e-05,0.008103271372549,4.94429808e-05,0.6602949080392159,0.40516875,0.0,0.0,0.403921568627451,0.0,0.0,0.0,0.0,0.0,0.0,0.0,0.41202484,0.0,0.0,0.0,0.0,0.0,0.0,0.0,0.008103271372549,0.0,0.0,0.0,0.0,0.0,0.0,0.0,0.403921568627451,0.0,0.0,0.0,0.0,0.0,0.0,0.0,0.1036485045399938,0.0,0.0,0.0,0.0,0.0,4.318,4.261,3.715,4.23,3.977,4.329,3.995,4.294,4.318,4.261,3.891,4.23,3.977,4.329,3.995,4.294,2.948564e-07,6.288905e-07,4.147944e-05,4.757084e-06,2.578247e-07,5.343437e-07,7.796896e-07,7.108519e-07,48.47058823529412,49.4429808,0.9723925647058848,0.9723925647058848,0.9723925647058848
192,192,True,3,0.0115694780882352,0.0001338528232341,0.0115694780882352,7.5528391e-06,0.1722908160784314,0.1929375,0.0,0.0,0.0,0.0745098039215686,0.0,0.0,0.0,0.0,0.0,0.0,0.0,0.0629403258333333,0.0,0.0,0.0,0.0,0.0,0.0,0.0,-0.0115694780882352,0.0,0.0,0.0,0.0,0.0,0.0,0.0,0.0745098039215686,0.0,0.0,0.0,0.0,0.0,0.0,0.0,0.0105313641928308,0.0,0.0,0.0,0.0,4.318,4.261,4.164,4.03,3.977,4.329,3.995,4.294,4.318,4.261,4.164,4.147,3.977,4.329,3.995,4.294,2.304971e-07,7.071135e-07,5.638799e-07,3.806927e-06,2.588837e-07,5.323341e-07,7.111964e-07,7.420074e-07,8.941176470588232,7.5528391,-1.388337370588232,1.388337370588232,1.388337370588232
193,193,True,3,0.018404908872549,0.0003387406706068,0.018404908872549,5.06791773e-05,0.673009188872549,0.40516875,0.0,0.403921568627451,0.0,0.0,0.0,0.0,0.0,0.0,0.0,0.4223264775,0.0,0.0,0.0,0.0,0.0,0.0,0.0,0.018404908872549,0.0,0.0,0.0,0.0,0.0,0.0,0.0,0.403921568627451,0.0,0.0,0.0,0.0,0.0,0.0,0.0,0.0586809906805146,0.0,0.0,0.0,0.0,0.0,0.0,4.318,3.82,4.164,4.23,3.977,4.329,3.995,4.294,4.318,3.996,4.164,4.23,3.977,4.329,3.995,4.294,2.822485e-06,4.376707e-05,1.769203e-06,1.347265e-07,1.151813e-07,5.857404e-07,7.05009e-07,7.797621e-07,48.47058823529412,50.6791773,2.2085890647058832,2.2085890647058832,2.2085890647058832
194,194,True,4,0.0101716956372548,0.0001034633921369,0.0101716956372548,3.31323377e-05,0.5242512376960786,0.202584375,0.0,0.0,0.2862745098039215,0.0,0.0,0.0,0.0,0.0,0.0,0.0,0.2761028141666666,0.0,0.0,0.0,0.0,0.0,0.0,0.0,-0.0101716956372548,0.0,0.0,0.0,0.0,0.0,0.0,0.0,0.2862745098039215,0.0,0.0,0.0,0.0,0.0,0.0,0.0,0.0762798481917462,0.0,0.0,0.0,0.0,0.0,4.318,4.261,3.777,4.23,3.977,4.329,3.995,4.294,4.318,4.261,3.94,4.23,3.977,4.329,3.995,4.294,2.863568e-07,6.296012e-07,2.648473e-05,3.498843e-06,2.18431e-07,5.36442e-07,7.646076e-07,7.133261e-07,34.35294117647058,33.132337699999994,-1.2206034764705862,1.2206034764705862,1.2206034764705862
195,195,True,2,0.0143229257843138,0.0002051462030229,0.0143229257843138,1.11305158e-05,0.0835522866176471,0.385875,0.0,0.0,0.0,0.0,0.0784313725490195,0.0,0.0,0.0,0.0,0.0,0.0,0.0,0.0927542983333333,0.0,0.0,0.0,0.0,0.0,0.0,0.0,0.0143229257843138,0.0,0.0,0.0,0.0,0.0,0.0,0.0,0.0784313725490195,0.0,0.0,0.0,0.0,0.0,0.0,0.0,0.0374315974946076,0.0,0.0,0.0,4.318,4.261,4.164,4.23,3.813,4.329,3.995,4.294,4.318,4.261,4.164,4.23,3.864,4.329,3.995,4.294,2.528097e-07,6.603022e-07,1.34514e-06,2.237046e-07,6.524145e-06,6.697673e-07,7.431615e-07,7.114855e-07,9.41176470588234,11.1305158,1.7187510941176605,1.7187510941176605,1.7187510941176605
196,196,True,6,0.0131061868627452,0.0001717721340811,0.0131061868627452,3.5925683600000004e-05,0.5754350460294118,0.106356796875,0.0,0.2862745098039215,0.0,0.0,0.0,0.0,0.0,0.0,0.0,0.2993806966666667,0.0,0.0,0.0,0.0,0.0,0.0,0.0,0.0131061868627452,0.0,0.0,0.0,0.0,0.0,0.0,0.0,0.2862745098039215,0.0,0.0,0.0,0.0,0.0,0.0,0.0,0.0435715597339423,0.0,0.0,0.0,0.0,0.0,0.0,4.318,3.873,4.164,4.23,3.977,4.329,3.995,4.294,4.318,4.039,4.164,4.23,3.977,4.329,3.995,4.294,2.035932e-06,2.993237e-05,1.655533e-06,1.33737e-07,1.156782e-07,5.780786e-07,7.054895e-07,7.688653e-07,34.35294117647058,35.925683600000006,1.5727424235294265,1.5727424235294265,1.5727424235294265
197,197,True,1,0.0194954062254901,0.0003800708638968,0.0194954062254901,3.1045331099999995e-05,0.4719218153921569,0.3675,0.0,0.0,0.2392156862745098,0.0,0.0,0.0,0.0,0.0,0.0,0.0,0.2587110924999999,0.0,0.0,0.0,0.0,0.0,0.0,0.0,0.0194954062254901,0.0,0.0,0.0,0.0,0.0,0.0,0.0,0.2392156862745098,0.0,0.0,0.0,0.0,0.0,0.0,0.0,0.0740430508872548,0.0,0.0,0.0,0.0,0.0,4.318,4.261,3.803,4.23,3.977,4.329,3.995,4.294,4.318,4.261,3.947,4.23,3.977,4.329,3.995,4.294,2.853649e-07,6.299117e-07,2.457033e-05,3.334719e-06,2.129772e-07,5.36693e-07,7.625351e-07,7.128002e-07,28.70588235294117,31.045331099999995,2.339448747058821,2.339448747058821,2.339448747058821
198,198,True,3,0.0183597558823528,0.0003370806360595,0.0183597558823528,7.208594e-06,0.1795016832843138,0.1929375,0.0,0.0,0.0,0.0784313725490195,0.0,0.0,0.0,0.0,0.0,0.0,0.0,0.0600716166666666,0.0,0.0,0.0,0.0,0.0,0.0,0.0,-0.0183597558823528,0.0,0.0,0.0,0.0,0.0,0.0,0.0,0.0784313725490195,0.0,0.0,0.0,0.0,0.0,0.0,0.0,0.0100436283397669,0.0,0.0,0.0,0.0,4.318,4.261,4.164,4.025,3.977,4.329,3.995,4.294,4.318,4.261,4.164,4.15,3.977,4.329,3.995,4.294,2.310743e-07,7.031164e-07,5.836472e-07,3.456874e-06,2.507976e-07,5.323155e-07,7.10807e-07,7.39962e-07,9.41176470588234,7.208594,-2.2031707058823398,2.2031707058823398,2.2031707058823398
199,199,True,6,0.0048026678921568,2.3065618882354676e-05,0.0048026678921568,2.92822025e-05,0.5372137753921569,0.106356796875,0.0,0.2392156862745098,0.0,0.0,0.0,0.0,0.0,0.0,0.0,0.2440183541666666,0.0,0.0,0.0,0.0,0.0,0.0,0.0,0.0048026678921568,0.0,0.0,0.0,0.0,0.0,0.0,0.0,0.2392156862745098,0.0,0.0,0.0,0.0,0.0,0.0,0.0,0.0392153596548536,0.0,0.0,0.0,0.0,0.0,0.0,4.318,3.894,4.164,4.23,3.977,4.329,3.995,4.294,4.318,4.061,4.164,4.23,3.977,4.329,3.995,4.294,1.672011e-06,2.371477e-05,1.604224e-06,1.332064e-07,1.161416e-07,5.735429e-07,7.059265e-07,7.623801e-07,28.70588235294117,29.2822025,0.5763201470588264,0.5763201470588264,0.5763201470588264
200,200,True,3,0.0053966188235295,2.912349472647338e-05,0.0053966188235295,3.45299472e-05,0.5191316946568627,0.1929375,0.0,0.0,0.2823529411764705,0.0,0.0,0.0,0.0,0.0,0.0,0.0,0.28774956,0.0,0.0,0.0,0.0,0.0,0.0,0.0,0.0053966188235295,0.0,0.0,0.0,0.0,0.0,0.0,0.0,0.2823529411764705,0.0,0.0,0.0,0.0,0.0,0.0,0.0,0.078178249856495,0.0,0.0,0.0,0.0,0.0,4.318,4.261,3.779,4.23,3.977,4.329,3.995,4.294,4.318,4.261,3.935,4.23,3.977,4.329,3.995,4.294,2.863274e-07,6.283983e-07,2.777288e-05,3.606394e-06,2.204645e-07,5.370409e-07,7.671455e-07,7.112966e-07,33.88235294117646,34.5299472,0.6475942588235455,0.6475942588235455,0.6475942588235455
201,201,True,7,0.0144821221568628,0.0002097318621662,0.0144821221568628,3.56202076e-05,0.5731269421568629,0.11167463671875,0.0,0.2823529411764705,0.0,0.0,0.0,0.0,0.0,0.0,0.0,0.2968350633333333,0.0,0.0,0.0,0.0,0.0,0.0,0.0,0.0144821221568628,0.0,0.0,0.0,0.0,0.0,0.0,0.0,0.2823529411764705,0.0,0.0,0.0,0.0,0.0,0.0,0.0,0.0433438769508318,0.0,0.0,0.0,0.0,0.0,0.0,4.318,3.874,4.164,4.23,3.977,4.329,3.995,4.294,4.318,4.04,4.164,4.23,3.977,4.329,3.995,4.294,2.014513e-06,2.965129e-05,1.655829e-06,1.34022e-07,1.148559e-07,5.749835e-07,7.056375e-07,7.690767e-07,33.88235294117646,35.6202076,1.7378546588235435,1.7378546588235435,1.7378546588235435
202,202,True,3,0.008767457254902,7.686830671653411e-05,0.008767457254902,4.81109184e-05,0.6399276164215686,0.40516875,0.0,0.0,0.3921568627450979,0.0,0.0,0.0,0.0,0.0,0.0,0.0,0.4009243199999999,0.0,0.0,0.0,0.0,0.0,0.0,0.0,0.008767457254902,0.0,0.0,0.0,0.0,0.0,0.0,0.0,0.3921568627450979,0.0,0.0,0.0,0.0,0.0,0.0,0.0,0.0990682005500121,0.0,0.0,0.0,0.0,0.0,4.318,4.261,3.722,4.23,3.977,4.329,3.995,4.294,4.318,4.261,3.894,4.23,3.977,4.329,3.995,4.294,2.943455e-07,6.278195e-07,4.025887e-05,4.656768e-06,2.547752e-07,5.321159e-07,7.766632e-07,7.095611e-07,47.05882352941176,48.1109184,1.0520948705882418,1.0520948705882418,1.0520948705882418
203,203,True,6,0.0052907030882353,2.7991539167863293e-05,0.0052907030882353,4.76937079e-05,0.6559002430882355,0.106356796875,0.0,0.3921568627450979,0.0,0.0,0.0,0.0,0.0,0.0,0.0,0.3974475658333333,0.0,0.0,0.0,0.0,0.0,0.0,0.0,0.0052907030882353,0.0,0.0,0.0,0.0,0.0,0.0,0.0,0.3921568627450979,0.0,0.0,0.0,0.0,0.0,0.0,0.0,0.0505740189520052,0.0,0.0,0.0,0.0,0.0,0.0,4.318,3.826,4.164,4.23,3.977,4.329,3.995,4.294,4.318,4.004,4.164,4.23,3.977,4.329,3.995,4.294,2.658411e-06,4.097872e-05,1.744056e-06,1.348356e-07,1.154004e-07,5.821791e-07,7.037677e-07,7.763381e-07,47.05882352941176,47.6937079,0.6348843705882459,0.6348843705882459,0.6348843705882459
204,204,True,3,0.0042173266666666,1.7785844213377485e-05,0.0042173266666666,7.25060792e-05,0.8548803533333335,0.40516875,0.0,0.0,0.6,0.0,0.0,0.0,0.0,0.0,0.0,0.0,0.6042173266666666,0.0,0.0,0.0,0.0,0.0,0.0,0.0,0.0042173266666666,0.0,0.0,0.0,0.0,0.0,0.0,0.0,0.6,0.0,0.0,0.0,0.0,0.0,0.0,0.0,0.1941808309073957,0.0,0.0,0.0,0.0,0.0,4.318,4.261,3.623,4.23,3.977,4.329,3.995,4.294,4.318,4.261,3.832,4.23,3.977,4.329,3.995,4.294,3.04674e-07,6.261312e-07,6.283345e-05,6.397634e-06,3.125895e-07,5.308577e-07,7.934169e-07,7.073259e-07,72.0,72.5060792,0.5060792000000021,0.5060792000000021,0.5060792000000021
205,205,True,3,0.0177095458333333,0.0003136280136229,0.0177095458333333,7.41251455e-05,0.8063296458333334,0.40516875,0.0,0.6,0.0,0.0,0.0,0.0,0.0,0.0,0.0,0.6177095458333334,0.0,0.0,0.0,0.0,0.0,0.0,0.0,0.0177095458333333,0.0,0.0,0.0,0.0,0.0,0.0,0.0,0.6,0.0,0.0,0.0,0.0,0.0,0.0,0.0,0.1612709803870832,0.0,0.0,0.0,0.0,0.0,0.0,4.318,3.741,4.164,4.23,3.977,4.329,3.995,4.294,4.318,3.937,4.164,4.23,3.977,4.329,3.995,4.294,4.043331e-06,6.58236e-05,1.918202e-06,1.352142e-07,1.139351e-07,5.951791e-07,7.023343e-07,7.933498e-07,72.0,74.1251455,2.125145500000002,2.125145500000002,2.125145500000002
206,206,True,3,0.0133941066176472,0.0001794020920849,0.0133941066176472,0.0001070190575,1.1104588274509803,0.40516875,0.0,0.0,0.8784313725490196,0.0,0.0,0.0,0.0,0.0,0.0,0.0,0.8918254791666669,0.0,0.0,0.0,0.0,0.0,0.0,0.0,0.0133941066176472,0.0,0.0,0.0,0.0,0.0,0.0,0.0,0.8784313725490196,0.0,0.0,0.0,0.0,0.0,0.0,0.0,0.3261970202371691,0.0,0.0,0.0,0.0,0.0,4.318,4.261,3.496,4.23,3.977,4.329,3.995,4.294,4.318,4.261,3.756,4.23,3.977,4.329,3.995,4.294,3.169554e-07,6.268501e-07,9.49599e-05,8.678237e-06,3.926864e-07,5.275062e-07,8.102992e-07,7.066232e-07,105.41176470588236,107.01905750000002,1.607292794117669,1.607292794117669,1.607292794117669
207,207,True,3,0.0151051780882353,0.0002281664050773,0.0151051780882353,2.48714449e-05,0.1433830772549019,0.40516875,0.0,0.0,0.0,0.0,0.192156862745098,0.0,0.0,0.0,0.0,0.0,0.0,0.0,0.2072620408333333,0.0,0.0,0.0,0.0,0.0,0.0,0.0,0.0151051780882353,0.0,0.0,0.0,0.0,0.0,0.0,0.0,0.192156862745098,0.0,0.0,0.0,0.0,0.0,0.0,0.0,0.1073829049070955,0.0,0.0,0.0,4.318,4.261,4.164,4.23,3.725,4.329,3.995,4.294,4.318,4.261,4.164,4.23,3.786,4.329,3.995,4.294,2.673731e-07,6.570208e-07,1.388159e-06,4.060081e-07,1.99298e-05,7.466991e-07,7.694451e-07,7.069397e-07,23.05882352941176,24.8714449,1.8126213705882392,1.8126213705882392,1.8126213705882392
208,208,True,4,0.0139292882843137,0.0001940250721075,0.0139292882843137,0.0001070832793,0.9862322966176468,0.4254271875,0.0,0.8784313725490196,0.0,0.0,0.0,0.0,0.0,0.0,0.0,0.8923606608333333,0.0,0.0,0.0,0.0,0.0,0.0,0.0,0.0139292882843137,0.0,0.0,0.0,0.0,0.0,0.0,0.0,0.8784313725490196,0.0,0.0,0.0,0.0,0.0,0.0,0.0,0.3052812240012907,0.0,0.0,0.0,0.0,0.0,0.0,4.318,3.631,4.164,4.23,3.977,4.329,3.995,4.294,4.318,3.864,4.164,4.23,3.977,4.329,3.995,4.294,5.749195e-06,9.685342e-05,2.122746e-06,1.342493e-07,1.107774e-07,6.067901e-07,6.98035e-07,8.080665e-07,105.41176470588236,107.0832793,1.671514594117653,1.671514594117653,1.671514594117653
209,209,True,2,0.0034488755882353,1.189474282312585e-05,0.0034488755882353,2.3472688600000003e-05,0.3327347864215686,0.385875,0.0,0.0,0.0,0.192156862745098,0.0,0.0,0.0,0.0,0.0,0.0,0.0,0.1956057383333333,0.0,0.0,0.0,0.0,0.0,0.0,0.0,0.0034488755882353,0.0,0.0,0.0,0.0,0.0,0.0,0.0,0.192156862745098,0.0,0.0,0.0,0.0,0.0,0.0,0.0,0.0542811894813725,0.0,0.0,0.0,0.0,4.318,4.261,4.164,3.928,3.977,4.329,3.995,4.294,4.318,4.261,4.164,4.054,3.977,4.329,3.995,4.294,2.272138e-07,7.544779e-07,2.746501e-07,1.970353e-05,5.222798e-07,5.251165e-07,7.079857e-07,7.574348e-07,23.05882352941176,23.472688600000005,0.413865070588244,0.413865070588244,0.413865070588244
210,210,True,4,0.0066282713725489,4.3933981388152006e-05,0.0066282713725489,7.32659808e-05,0.3692175213725489,0.4254271875,0.0,0.0,0.0,0.0,0.6039215686274509,0.0,0.0,0.0,0.0,0.0,0.0,0.0,0.6105498399999999,0.0,0.0,0.0,0.0,0.0,0.0,0.0,0.0066282713725489,0.0,0.0,0.0,0.0,0.0,0.0,0.0,0.6039215686274509,0.0,0.0,0.0,0.0,0.0,0.0,0.0,0.3745682035226507,0.0,0.0,0.0,4.318,4.261,4.164,4.23,3.511,4.329,3.995,4.294,4.318,4.261,4.164,4.23,3.622,4.329,3.995,4.294,2.981713e-07,6.553994e-07,1.479858e-06,1.047071e-06,6.737449e-05,8.789332e-07,8.368494e-07,6.952085e-07,72.47058823529412,73.2659808,0.7953925647058782,0.7953925647058782,0.7953925647058782
211,211,True,3,0.007519276372549,5.653951716677381e-05,0.007519276372549,7.33729014e-05,0.8618530497058822,0.40516875,0.0,0.0,0.0,0.6039215686274509,0.0,0.0,0.0,0.0,0.0,0.0,0.0,0.611440845,0.0,0.0,0.0,0.0,0.0,0.0,0.0,0.007519276372549,0.0,0.0,0.0,0.0,0.0,0.0,0.0,0.6039215686274509,0.0,0.0,0.0,0.0,0.0,0.0,0.0,0.2275756549541606,0.0,0.0,0.0,0.0,4.318,4.261,4.164,3.682,3.977,4.329,3.995,4.294,4.318,4.261,4.164,3.901,3.977,4.329,3.995,4.294,2.225069e-07,8.394472e-07,9.054727e-07,6.819826e-05,1.166917e-06,5.332682e-07,7.101873e-07,7.968421e-07,72.47058823529412,73.3729014,0.9023131647058876,0.9023131647058876,0.9023131647058876
212,212,True,4,0.013225398627451,0.0001749111688549,0.013225398627451,0.0001211164596,0.6297306427941174,0.4254271875,0.0,0.0,0.0,0.0,0.996078431372549,0.0,0.0,0.0,0.0,0.0,0.0,0.0,1.00930383,0.0,0.0,0.0,0.0,0.0,0.0,0.0,0.013225398627451,0.0,0.0,0.0,0.0,0.0,0.0,0.0,0.996078431372549,0.0,0.0,0.0,0.0,0.0,0.0,0.0,0.6249186218584378,0.0,0.0,0.0,4.318,4.261,4.164,4.23,3.329,4.329,3.995,4.294,4.318,4.261,4.164,4.23,3.501,4.329,3.995,4.294,3.211007e-07,6.531331e-07,1.532774e-06,1.688751e-06,0.0001143957,9.425122e-07,8.916559e-07,6.908327e-07,119.52941176470588,121.1164596,1.587047835294129,1.587047835294129,1.587047835294129
213,213,True,3,0.0086458827941175,7.475128928961874e-05,0.0086458827941175,0.0001205669177,1.3756346627941176,0.40516875,0.0,0.0,0.0,0.996078431372549,0.0,0.0,0.0,0.0,0.0,0.0,0.0,1.0047243141666666,0.0,0.0,0.0,0.0,0.0,0.0,0.0,0.0086458827941175,0.0,0.0,0.0,0.0,0.0,0.0,0.0,0.996078431372549,0.0,0.0,0.0,0.0,0.0,0.0,0.0,0.4005482857789646,0.0,0.0,0.0,0.0,4.318,4.261,4.164,3.453,3.977,4.329,3.995,4.294,4.318,4.261,4.164,3.795,3.977,4.329,3.995,4.294,2.217134e-07,8.96787e-07,2.038427e-06,0.000113623,1.701308e-06,5.517585e-07,7.089134e-07,8.250104e-07,119.52941176470588,120.5669177,1.0375059352941207,1.0375059352941207,1.0375059352941207
214,214,True,3,0.0128305393627454,0.0001646227403389,0.0128305393627454,0.0001158926059,1.1705382360294116,0.40516875,0.0,0.0,0.952941176470588,0.0,0.0,0.0,0.0,0.0,0.0,0.0,0.9657717158333334,0.0,0.0,0.0,0.0,0.0,0.0,0.0,0.0128305393627454,0.0,0.0,0.0,0.0,0.0,0.0,0.0,0.952941176470588,0.0,0.0,0.0,0.0,0.0,0.0,0.0,0.363518935724448,0.0,0.0,0.0,0.0,0.0,4.318,4.261,3.461,4.23,3.977,4.329,3.995,4.294,4.318,4.261,3.737,4.23,3.977,4.329,3.995,4.294,3.138127e-07,6.204968e-07,0.0001032473,9.277037e-06,4.045303e-07,5.215937e-07,8.122406e-07,6.955948e-07,114.35294117647057,115.8926059,1.5396647235294552,1.5396647235294552,1.5396647235294552
215,215,True,4,0.0132521763725488,0.0001756201786091,0.0132521763725488,9.80608494e-05,0.4918715580392155,0.4254271875,0.0,0.0,0.0,0.0,0.8039215686274511,0.0,0.0,0.0,0.0,0.0,0.0,0.0,0.817173745,0.0,0.0,0.0,0.0,0.0,0.0,0.0,0.0132521763725488,0.0,0.0,0.0,0.0,0.0,0.0,0.0,0.8039215686274511,0.0,0.0,0.0,0.0,0.0,0.0,0.0,0.5056627043880051,0.0,0.0,0.0,4.318,4.261,4.164,4.23,3.419,4.329,3.995,4.294,4.318,4.261,4.164,4.23,3.557,4.329,3.995,4.294,3.071349e-07,6.499927e-07,1.50391e-06,1.376757e-06,9.176242e-05,9.11461e-07,8.619878e-07,6.87186e-07,96.47058823529412,98.0608494,1.5902611647058649,1.5902611647058649,1.5902611647058649
216,216,True,4,0.0125973751960787,0.0001586938618307,0.0125973751960787,0.0001158646262,1.020178213529412,0.4254271875,0.0,0.952941176470588,0.0,0.0,0.0,0.0,0.0,0.0,0.0,0.9655385516666668,0.0,0.0,0.0,0.0,0.0,0.0,0.0,0.0125973751960787,0.0,0.0,0.0,0.0,0.0,0.0,0.0,0.952941176470588,0.0,0.0,0.0,0.0,0.0,0.0,0.0,0.3492434037491594,0.0,0.0,0.0,0.0,0.0,0.0,4.318,3.602,4.164,4.23,3.977,4.329,3.995,4.294,4.318,3.845,4.164,4.23,3.977,4.329,3.995,4.294,6.183166e-06,0.0001051741,2.16723e-06,1.33811e-07,1.066528e-07,6.054692e-07,6.926747e-07,8.015225e-07,114.35294117647057,115.8646262,1.511685023529452,1.511685023529452,1.511685023529452
217,217,True,4,0.0117397175,0.0001378209669798,0.0117397175,3.34087661e-05,0.4962300975,0.202584375,0.0,0.0,0.2666666666666666,0.0,0.0,0.0,0.0,0.0,0.0,0.0,0.2784063841666666,0.0,0.0,0.0,0.0,0.0,0.0,0.0,0.0117397175,0.0,0.0,0.0,0.0,0.0,0.0,0.0,0.2666666666666666,0.0,0.0,0.0,0.0,0.0,0.0,0.0,0.0771545855636978,0.0,0.0,0.0,0.0,0.0,4.318,4.261,3.788,4.23,3.977,4.329,3.995,4.294,4.318,4.261,3.938,4.23,3.977,4.329,3.995,4.294,2.7753e-07,6.186987e-07,2.680467e-05,3.519042e-06,2.09893e-07,5.261299e-07,7.563788e-07,6.964237e-07,31.999999999999996,33.408766099999994,1.4087661000000011,1.4087661000000011,1.4087661000000011
218,218,True,3,0.0031823847058822,1.0127572416233443e-05,0.0031823847058822,9.68524744e-05,1.1198476997058822,0.40516875,0.0,0.0,0.0,0.8039215686274511,0.0,0.0,0.0,0.0,0.0,0.0,0.0,0.8071039533333334,0.0,0.0,0.0,0.0,0.0,0.0,0.0,0.0031823847058822,0.0,0.0,0.0,0.0,0.0,0.0,0.0,0.8039215686274511,0.0,0.0,0.0,0.0,0.0,0.0,0.0,0.3176193997954108,0.0,0.0,0.0,0.0,4.318,4.261,4.164,3.57,3.977,4.329,3.995,4.294,4.318,4.261,4.164,3.846,3.977,4.329,3.995,4.294,2.198202e-07,8.654915e-07,1.433094e-06,9.085077e-05,1.435498e-06,5.379192e-07,7.075119e-07,8.023696e-07,96.47058823529412,96.8524744,0.3818861647058753,0.3818861647058753,0.3818861647058753
219,219,True,2,0.017594693627451,0.0003095732438438,0.017594693627451,1.7640775e-05,0.107996136127451,0.385875,0.0,0.0,0.0,0.0,0.1294117647058823,0.0,0.0,0.0,0.0,0.0,0.0,0.0,0.1470064583333333,0.0,0.0,0.0,0.0,0.0,0.0,0.0,0.017594693627451,0.0,0.0,0.0,0.0,0.0,0.0,0.0,0.1294117647058823,0.0,0.0,0.0,0.0,0.0,0.0,0.0,0.0708526585281862,0.0,0.0,0.0,4.318,4.261,4.164,4.23,3.77,4.329,3.995,4.294,4.318,4.261,4.164,4.23,3.822,4.329,3.995,4.294,2.543957e-07,6.507291e-07,1.351247e-06,3.090761e-07,1.293452e-05,6.993438e-07,7.47617e-07,6.938463e-07,15.529411764705875,17.640775,2.1113632352941245,2.1113632352941245,2.1113632352941245
220,220,True,3,0.0127570383333332,0.0001627420270381,0.0127570383333332,3.0469155400000003e-05,0.5545152191666667,0.1929375,0.0,0.2666666666666666,0.0,0.0,0.0,0.0,0.0,0.0,0.0,0.2539096283333333,0.0,0.0,0.0,0.0,0.0,0.0,0.0,-0.0127570383333332,0.0,0.0,0.0,0.0,0.0,0.0,0.0,0.2666666666666666,0.0,0.0,0.0,0.0,0.0,0.0,0.0,0.0401805491895832,0.0,0.0,0.0,0.0,0.0,0.0,4.318,3.881,4.164,4.23,3.977,4.329,3.995,4.294,4.318,4.056,4.164,4.23,3.977,4.329,3.995,4.294,1.740757e-06,2.488041e-05,1.600665e-06,1.312106e-07,1.091798e-07,5.630093e-07,6.951726e-07,7.487511e-07,31.999999999999996,30.4691554,-1.5308445999999911,1.5308445999999911,1.5308445999999911
221,221,True,2,0.0107672872058822,0.0001159344737739,0.0107672872058822,6.2373373e-06,0.1210127977941177,0.385875,0.0,0.0,0.0627450980392156,0.0,0.0,0.0,0.0,0.0,0.0,0.0,0.0519778108333333,0.0,0.0,0.0,0.0,0.0,0.0,0.0,-0.0107672872058822,0.0,0.0,0.0,0.0,0.0,0.0,0.0,0.0627450980392156,0.0,0.0,0.0,0.0,0.0,0.0,0.0,0.0311283243531861,0.0,0.0,0.0,0.0,0.0,4.318,4.261,3.98,4.23,3.977,4.329,3.995,4.294,4.318,4.261,4.073,4.23,3.977,4.329,3.995,4.294,2.501436e-07,6.282103e-07,2.327598e-06,9.526528e-07,1.330161e-07,5.275666e-07,7.170486e-07,7.011013e-07,7.529411764705872,6.2373373,-1.2920744647058724,1.2920744647058724,1.2920744647058724
222,222,True,2,0.0091000777941176,8.281141585899357e-05,0.0091000777941176,1.66214211e-05,0.246757291127451,0.385875,0.0,0.0,0.0,0.1294117647058823,0.0,0.0,0.0,0.0,0.0,0.0,0.0,0.1385118424999999,0.0,0.0,0.0,0.0,0.0,0.0,0.0,0.0091000777941176,0.0,0.0,0.0,0.0,0.0,0.0,0.0,0.1294117647058823,0.0,0.0,0.0,0.0,0.0,0.0,0.0,0.0291048422344361,0.0,0.0,0.0,0.0,4.318,4.261,4.164,3.977,3.977,4.329,3.995,4.294,4.318,4.261,4.164,4.085,3.977,4.329,3.995,4.294,2.233503e-07,7.273044e-07,3.106095e-07,1.299357e-05,4.117349e-07,5.173985e-07,6.989648e-07,7.384887e-07,15.529411764705875,16.6214211,1.0920093352941225,1.0920093352941225,1.0920093352941225
223,223,True,2,0.0135409740686274,0.0001833579787272,0.0135409740686274,1.2448446299999998e-05,0.0939071515686274,0.385875,0.0,0.0,0.0,0.0,0.0901960784313725,0.0,0.0,0.0,0.0,0.0,0.0,0.0,0.1037370524999999,0.0,0.0,0.0,0.0,0.0,0.0,0.0,0.0135409740686274,0.0,0.0,0.0,0.0,0.0,0.0,0.0,0.0901960784313725,0.0,0.0,0.0,0.0,0.0,0.0,0.0,0.0453505640058822,0.0,0.0,0.0,4.318,4.261,4.164,4.23,3.799,4.329,3.995,4.294,4.318,4.261,4.164,4.23,3.854,4.329,3.995,4.294,2.473836e-07,6.470636e-07,1.325853e-06,2.386282e-07,7.898407e-06,6.639347e-07,7.318267e-07,6.953495e-07,10.8235294117647,12.4484463,1.6249168882352976,1.6249168882352976,1.6249168882352976
225,225,True,3,0.0045679693137256,2.086634365113891e-05,0.0045679693137256,1.23128622e-05,0.2976523076470589,0.40516875,0.0,0.0,0.0980392156862744,0.0,0.0,0.0,0.0,0.0,0.0,0.0,0.102607185,0.0,0.0,0.0,0.0,0.0,0.0,0.0,0.0045679693137256,0.0,0.0,0.0,0.0,0.0,0.0,0.0,0.0980392156862744,0.0,0.0,0.0,0.0,0.0,0.0,0.0,0.0467474904079594,0.0,0.0,0.0,0.0,0.0,4.318,4.261,3.895,4.23,3.977,4.329,3.995,4.294,4.318,4.261,4.027,4.23,3.977,4.329,3.995,4.294,2.591851e-07,6.208114e-07,7.676519e-06,1.653618e-06,1.502512e-07,5.248877e-07,7.283473e-07,6.992425e-07,11.764705882352928,12.3128622,0.5481563176470736,0.5481563176470736,0.5481563176470736
226,226,True,8,0.0017937417647058,3.2175095184500275e-06,0.0017937417647058,1.06082804e-05,0.197444308235294,0.1172583685546875,0.0,0.0,0.0,0.0901960784313725,0.0,0.0,0.0,0.0,0.0,0.0,0.0,0.0884023366666666,0.0,0.0,0.0,0.0,0.0,0.0,0.0,-0.0017937417647058,0.0,0.0,0.0,0.0,0.0,0.0,0.0,0.0901960784313725,0.0,0.0,0.0,0.0,0.0,0.0,0.0,0.0137565626714912,0.0,0.0,0.0,0.0,4.318,4.261,4.164,4.011,3.977,4.329,3.995,4.294,4.318,4.261,4.164,4.121,3.977,4.329,3.995,4.294,2.245561e-07,7.045177e-07,4.223901e-07,6.999435e-06,3.074767e-07,5.195225e-07,6.971533e-07,7.33229e-07,10.8235294117647,10.6082804,-0.2152490117647012,0.2152490117647012,0.2152490117647012
227,227,True,2,0.0154558684313726,0.0002388838689679,0.0154558684313726,1.50311748e-05,0.0985314875980392,0.385875,0.0,0.0,0.0,0.0,0.1098039215686274,0.0,0.0,0.0,0.0,0.0,0.0,0.0,0.12525979,0.0,0.0,0.0,0.0,0.0,0.0,0.0,0.0154558684313726,0.0,0.0,0.0,0.0,0.0,0.0,0.0,0.1098039215686274,0.0,0.0,0.0,0.0,0.0,0.0,0.0,0.0588475801795342,0.0,0.0,0.0,4.318,4.261,4.164,4.23,3.785,4.329,3.995,4.294,4.318,4.261,4.164,4.23,3.837,4.329,3.995,4.294,2.514239e-07,6.45772e-07,1.336268e-06,2.712047e-07,1.040982e-05,6.818707e-07,7.38085e-07,6.967305e-07,13.176470588235286,15.0311748,1.8547042117647123,1.8547042117647123,1.8547042117647123
228,228,True,2,0.0085986965196077,7.393758183631393e-05,0.0085986965196077,1.07328623e-05,0.391499197647059,0.385875,0.0,0.0980392156862744,0.0,0.0,0.0,0.0,0.0,0.0,0.0,0.0894405191666666,0.0,0.0,0.0,0.0,0.0,0.0,0.0,-0.0085986965196077,0.0,0.0,0.0,0.0,0.0,0.0,0.0,0.0980392156862744,0.0,0.0,0.0,0.0,0.0,0.0,0.0,0.0229591551334558,0.0,0.0,0.0,0.0,0.0,0.0,4.318,3.973,4.164,4.23,3.977,4.329,3.995,4.294,4.318,4.144,4.164,4.23,3.977,4.329,3.995,4.294,6.522942e-07,6.476661e-06,1.398345e-06,1.258944e-07,1.08738e-07,5.460113e-07,6.949802e-07,7.299382e-07,11.764705882352928,10.7328623,-1.031843582352927,1.031843582352927,1.031843582352927
229,229,True,2,0.0098944659313726,9.790045606709352e-05,0.0098944659313726,1.43638065e-05,0.2252234900980392,0.385875,0.0,0.0,0.0,0.1098039215686274,0.0,0.0,0.0,0.0,0.0,0.0,0.0,0.1196983875,0.0,0.0,0.0,0.0,0.0,0.0,0.0,0.0098944659313726,0.0,0.0,0.0,0.0,0.0,0.0,0.0,0.1098039215686274,0.0,0.0,0.0,0.0,0.0,0.0,0.0,0.0187978794482842,0.0,0.0,0.0,0.0,4.318,4.261,4.164,3.992,3.977,4.329,3.995,4.294,4.318,4.261,4.164,4.097,3.977,4.329,3.995,4.294,2.238918e-07,7.186293e-07,3.384825e-07,1.075517e-05,3.742291e-07,5.180283e-07,6.978694e-07,7.375061e-07,13.176470588235286,14.3638065,1.1873359117647144,1.1873359117647144,1.1873359117647144
231,231,True,2,0.0145855303921568,0.0002127376968205,0.0145855303921568,9.543854e-06,0.3882909612745099,0.385875,0.0,0.0941176470588235,0.0,0.0,0.0,0.0,0.0,0.0,0.0,0.0795321166666666,0.0,0.0,0.0,0.0,0.0,0.0,0.0,-0.0145855303921568,0.0,0.0,0.0,0.0,0.0,0.0,0.0,0.0941176470588235,0.0,0.0,0.0,0.0,0.0,0.0,0.0,0.0215009514691176,0.0,0.0,0.0,0.0,0.0,0.0,4.318,3.975,4.164,4.23,3.977,4.329,3.995,4.294,4.318,4.152,4.164,4.23,3.977,4.329,3.995,4.294,5.864683e-07,5.365345e-06,1.386315e-06,1.258563e-07,1.090793e-07,5.457053e-07,6.953513e-07,7.297335e-07,11.29411764705882,9.543854,-1.750263647058821,1.750263647058821,1.750263647058821
232,232,True,2,0.0157331049999999,0.000247530592941,0.0157331049999999,6.1120274e-06,0.1407637533333334,0.385875,0.0,0.0,0.0666666666666666,0.0,0.0,0.0,0.0,0.0,0.0,0.0,0.0509335616666666,0.0,0.0,0.0,0.0,0.0,0.0,0.0,-0.0157331049999999,0.0,0.0,0.0,0.0,0.0,0.0,0.0,0.0666666666666666,0.0,0.0,0.0,0.0,0.0,0.0,0.0,0.0306634661874998,0.0,0.0,0.0,0.0,0.0,4.318,4.261,3.968,4.23,3.977,4.329,3.995,4.294,4.318,4.261,4.074,4.23,3.977,4.329,3.995,4.294,2.485274e-07,6.267877e-07,2.221479e-06,9.359539e-07,1.314242e-07,5.2738e-07,7.171707e-07,7.033045e-07,7.999999999999991,6.1120274000000006,-1.8879725999999903,1.8879725999999903,1.8879725999999903
233,233,True,3,0.0199633966666667,0.0003985372064706,0.0199633966666667,1.03956076e-05,0.3655881816666667,0.40516875,0.0,0.0666666666666666,0.0,0.0,0.0,0.0,0.0,0.0,0.0,0.0866300633333333,0.0,0.0,0.0,0.0,0.0,0.0,0.0,0.0199633966666667,0.0,0.0,0.0,0.0,0.0,0.0,0.0,0.0666666666666666,0.0,0.0,0.0,0.0,0.0,0.0,0.0,0.0225807620740624,0.0,0.0,0.0,0.0,0.0,0.0,4.318,3.991,4.164,4.23,3.977,4.329,3.995,4.294,4.318,4.146,4.164,4.23,3.977,4.329,3.995,4.294,6.359921e-07,6.152351e-06,1.398701e-06,1.264029e-07,1.091703e-07,5.472567e-07,6.948549e-07,7.308787e-07,7.999999999999991,10.3956076,2.395607600000009,2.395607600000009,2.395607600000009
234,234,True,3,0.0038401477450981,1.47467347041821e-05,0.0038401477450981,7.34019942e-05,0.848305652745098,0.40516875,0.0,0.0,0.6078431372549019,0.0,0.0,0.0,0.0,0.0,0.0,0.0,0.611683285,0.0,0.0,0.0,0.0,0.0,0.0,0.0,0.0038401477450981,0.0,0.0,0.0,0.0,0.0,0.0,0.0,0.6078431372549019,0.0,0.0,0.0,0.0,0.0,0.0,0.0,0.2011294804591544,0.0,0.0,0.0,0.0,0.0,4.318,4.261,3.619,4.23,3.977,4.329,3.995,4.294,4.318,4.261,3.828,4.23,3.977,4.329,3.995,4.294,2.978202e-07,6.115133e-07,6.375031e-05,6.453898e-06,2.994376e-07,5.193954e-07,7.785577e-07,6.91062e-07,72.94117647058823,73.4019942,0.4608177294117723,0.4608177294117723,0.4608177294117723
235,235,True,3,0.0199854477450981,0.000399418121572,0.0199854477450981,7.53394302e-05,0.7992675352450981,0.40516875,0.0,0.6078431372549019,0.0,0.0,0.0,0.0,0.0,0.0,0.0,0.627828585,0.0,0.0,0.0,0.0,0.0,0.0,0.0,0.0199854477450981,0.0,0.0,0.0,0.0,0.0,0.0,0.0,0.6078431372549019,0.0,0.0,0.0,0.0,0.0,0.0,0.0,0.1694993622344667,0.0,0.0,0.0,0.0,0.0,0.0,4.318,3.737,4.164,4.23,3.977,4.329,3.995,4.294,4.318,3.932,4.164,4.23,3.977,4.329,3.995,4.294,4.129223e-06,6.69972e-05,1.919963e-06,1.331882e-07,1.057389e-07,5.839735e-07,6.92594e-07,7.775496e-07,72.94117647058823,75.33943020000001,2.3982537294117776,2.3982537294117776,2.3982537294117776
236,236,True,4,0.0149845196568627,0.0002245358293469,0.0149845196568627,0.0001156804952999,0.5821425354901961,0.4254271875,0.0,0.0,0.0,0.0,0.9490196078431372,0.0,0.0,0.0,0.0,0.0,0.0,0.0,0.9640041275,0.0,0.0,0.0,0.0,0.0,0.0,0.0,0.0149845196568627,0.0,0.0,0.0,0.0,0.0,0.0,0.0,0.9490196078431372,0.0,0.0,0.0,0.0,0.0,0.0,0.0,0.6002264108315923,0.0,0.0,0.0,4.318,4.261,4.164,4.23,3.352,4.329,3.995,4.294,4.318,4.261,4.164,4.23,3.512,4.329,3.995,4.294,3.164958e-07,6.458401e-07,1.5241e-06,1.592285e-06,0.0001091107,9.255263e-07,8.820236e-07,6.835245e-07,113.88235294117646,115.6804953,1.798142358823526,1.798142358823526,1.798142358823526
237,237,True,3,0.0037881221568627,1.4349869475314491e-05,0.0037881221568627,0.0001143369276,1.2984956529901963,0.40516875,0.0,0.0,0.0,0.9490196078431372,0.0,0.0,0.0,0.0,0.0,0.0,0.0,0.95280773,0.0,0.0,0.0,0.0,0.0,0.0,0.0,0.0037881221568627,0.0,0.0,0.0,0.0,0.0,0.0,0.0,0.9490196078431372,0.0,0.0,0.0,0.0,0.0,0.0,0.0,0.382718963048517,0.0,0.0,0.0,0.0,4.318,4.261,4.164,3.484,3.977,4.329,3.995,4.294,4.318,4.261,4.164,3.806,3.977,4.329,3.995,4.294,2.22272e-07,8.838548e-07,1.885862e-06,0.0001076457,1.627667e-06,5.48009e-07,7.066545e-07,8.169083e-07,113.88235294117646,114.3369276,0.4545746588235317,0.4545746588235317,0.4545746588235317
238,238,True,3,0.0149358011764706,0.000223078156783,0.0149358011764706,0.0001199099432,1.1833964728431368,0.40516875,0.0,0.0,0.984313725490196,0.0,0.0,0.0,0.0,0.0,0.0,0.0,0.9992495266666668,0.0,0.0,0.0,0.0,0.0,0.0,0.0,0.0149358011764706,0.0,0.0,0.0,0.0,0.0,0.0,0.0,0.984313725490196,0.0,0.0,0.0,0.0,0.0,0.0,0.0,0.3826793554203372,0.0,0.0,0.0,0.0,0.0,4.318,4.261,3.446,4.23,3.977,4.329,3.995,4.294,4.318,4.261,3.727,4.23,3.977,4.329,3.995,4.294,3.16489e-07,6.212966e-07,0.0001070101,9.535334e-06,4.065652e-07,5.171613e-07,8.110313e-07,6.919658e-07,118.11764705882352,119.9099432,1.7922961411764788,1.7922961411764788,1.7922961411764788
239,239,True,4,0.0174264182843134,0.0003036800542198,0.0174264182843134,0.0001004970651,1.4392125950490202,0.4254271875,0.0,0.0,0.0,0.0,0.8549019607843135,0.0,0.0,0.0,0.0,0.0,0.0,0.0,0.8374755425,0.0,0.0,0.0,0.0,0.0,0.0,0.0,-0.0174264182843134,0.0,0.0,0.0,0.0,0.0,0.0,0.0,0.8549019607843135,0.0,0.0,0.0,0.0,0.0,0.0,0.0,0.5226253457924116,0.0,0.0,0.0,4.318,4.261,4.164,4.23,3.396,4.329,3.995,4.294,4.318,4.261,4.164,4.23,3.549,4.329,3.995,4.294,3.093401e-07,6.461405e-07,1.50603e-06,1.390632e-06,9.418806e-05,9.107886e-07,8.636931e-07,6.823808e-07,102.5882352941176,100.4970651,-2.091170194117609,2.091170194117609,2.091170194117609
240,240,True,4,0.0159072970098038,0.0002530420981581,0.0159072970098038,0.0001200265226999,1.0267083050931372,0.4254271875,0.0,0.984313725490196,0.0,0.0,0.0,0.0,0.0,0.0,0.0,1.0002210225,0.0,0.0,0.0,0.0,0.0,0.0,0.0,0.0159072970098038,0.0,0.0,0.0,0.0,0.0,0.0,0.0,0.984313725490196,0.0,0.0,0.0,0.0,0.0,0.0,0.0,0.3700995088548709,0.0,0.0,0.0,0.0,0.0,0.0,4.318,3.589,4.164,4.23,3.977,4.329,3.995,4.294,4.318,3.835,4.164,4.23,3.977,4.329,3.995,4.294,6.4134e-06,0.0001090847,2.183987e-06,1.333663e-07,1.040562e-07,6.075637e-07,6.926686e-07,8.067809e-07,118.11764705882352,120.0265227,1.908875641176465,1.908875641176465,1.908875641176465
241,241,True,3,0.0014922292156864,2.226748032148288e-06,0.0014922292156864,0.0001027673027999,1.17891701004902,0.40516875,0.0,0.0,0.0,0.8549019607843135,0.0,0.0,0.0,0.0,0.0,0.0,0.0,0.8563941899999999,0.0,0.0,0.0,0.0,0.0,0.0,0.0,0.0014922292156864,0.0,0.0,0.0,0.0,0.0,0.0,0.0,0.8549019607843135,0.0,0.0,0.0,0.0,0.0,0.0,0.0,0.3416035854902262,0.0,0.0,0.0,0.0,4.318,4.261,4.164,3.54,3.977,4.329,3.995,4.294,4.318,4.261,4.164,3.831,3.977,4.329,3.995,4.294,2.20128e-07,8.70413e-07,1.581007e-06,9.654251e-05,1.498099e-06,5.40404e-07,7.070516e-07,8.076902e-07,102.5882352941176,102.76730279999998,0.1790675058823723,0.1790675058823723,0.1790675058823723
242,242,True,3,0.0147519540196078,0.0002176201473966,0.0147519540196078,2.20055286e-05,0.1264927623529412,0.40516875,0.0,0.0,0.0,0.0,0.1686274509803921,0.0,0.0,0.0,0.0,0.0,0.0,0.0,0.1833794049999999,0.0,0.0,0.0,0.0,0.0,0.0,0.0,0.0147519540196078,0.0,0.0,0.0,0.0,0.0,0.0,0.0,0.1686274509803921,0.0,0.0,0.0,0.0,0.0,0.0,0.0,0.0906562524264031,0.0,0.0,0.0,4.318,4.261,4.164,4.23,3.742,4.329,3.995,4.294,4.318,4.261,4.164,4.23,3.799,4.329,3.995,4.294,2.625669e-07,6.511562e-07,1.368181e-06,3.639566e-07,1.717483e-05,7.257332e-07,7.576342e-07,7.014705e-07,20.23529411764705,22.0055286,1.7702344823529437,1.7702344823529437,1.7702344823529437
243,243,True,1,0.0146507549509803,0.0002146446206336,0.0146507549509803,4.8301447e-06,0.0852451617156863,0.3675,0.0,0.0,0.0549019607843137,0.0,0.0,0.0,0.0,0.0,0.0,0.0,0.0402512058333333,0.0,0.0,0.0,0.0,0.0,0.0,0.0,-0.0146507549509803,0.0,0.0,0.0,0.0,0.0,0.0,0.0,0.0549019607843137,0.0,0.0,0.0,0.0,0.0,0.0,0.0,0.0250661541838234,0.0,0.0,0.0,0.0,0.0,4.318,4.261,4.003,4.23,3.977,4.329,3.995,4.294,4.318,4.261,4.09,4.23,3.977,4.329,3.995,4.294,2.496892e-07,6.372652e-07,1.11084e-06,7.356551e-07,1.290297e-07,5.333837e-07,7.195444e-07,7.147374e-07,6.588235294117643,4.8301447,-1.7580905941176432,1.7580905941176432,1.7580905941176432
244,244,True,2,0.0074887548529412,5.608144924745085e-05,0.0074887548529412,2.11339447e-05,0.2922666840196079,0.385875,0.0,0.0,0.0,0.1686274509803921,0.0,0.0,0.0,0.0,0.0,0.0,0.0,0.1761162058333333,0.0,0.0,0.0,0.0,0.0,0.0,0.0,0.0074887548529412,0.0,0.0,0.0,0.0,0.0,0.0,0.0,0.1686274509803921,0.0,0.0,0.0,0.0,0.0,0.0,0.0,0.0467963789900734,0.0,0.0,0.0,0.0,4.318,4.261,4.164,3.947,3.977,4.329,3.995,4.294,4.318,4.261,4.164,4.063,3.977,4.329,3.995,4.294,2.28694e-07,7.439485e-07,2.76267e-07,1.741996e-05,4.823337e-07,5.236919e-07,7.041971e-07,7.548525e-07,20.23529411764705,21.1339447,0.8986505823529463,0.8986505823529463,0.8986505823529463
245,245,True,1,0.0188937674509803,0.0003569744484917,0.0188937674509803,4.3209832e-06,0.3538348833823529,0.3675,0.0,0.0549019607843137,0.0,0.0,0.0,0.0,0.0,0.0,0.0,0.0360081933333333,0.0,0.0,0.0,0.0,0.0,0.0,0.0,-0.0188937674509803,0.0,0.0,0.0,0.0,0.0,0.0,0.0,0.0549019607843137,0.0,0.0,0.0,0.0,0.0,0.0,0.0,0.0,0.0,0.0,0.0,0.0,0.0,0.0,4.318,3.998,4.164,4.23,3.977,4.329,3.995,4.294,4.318,4.261,4.164,4.23,3.977,4.329,3.995,4.294,2.316828e-07,6.517788e-07,1.249422e-06,1.19359e-07,1.149491e-07,5.336768e-07,7.020639e-07,7.180508e-07,6.588235294117643,4.3209832,-2.2672520941176435,2.2672520941176435,2.2672520941176435
246,246,True,2,0.0152935181862745,0.0002338916985139,0.0152935181862745,1.40705163e-05,0.0967540198529412,0.385875,0.0,0.0,0.0,0.0,0.1019607843137254,0.0,0.0,0.0,0.0,0.0,0.0,0.0,0.1172543024999999,0.0,0.0,0.0,0.0,0.0,0.0,0.0,0.0152935181862745,0.0,0.0,0.0,0.0,0.0,0.0,0.0,0.1019607843137254,0.0,0.0,0.0,0.0,0.0,0.0,0.0,0.05400427590674,0.0,0.0,0.0,4.318,4.261,4.164,4.23,3.79,4.329,3.995,4.294,4.318,4.261,4.164,4.23,3.843,4.329,3.995,4.294,2.559537e-07,6.528811e-07,1.33841e-06,2.597087e-07,9.431544e-06,6.844968e-07,7.421634e-07,7.053586e-07,12.235294117647047,14.0705163,1.8352221823529504,1.8352221823529504,1.8352221823529504
247,247,True,1,0.009086662990196,8.256744429739842e-05,0.009086662990196,5.0272475e-06,0.0711102103431372,0.3675,0.0,0.0,0.0509803921568627,0.0,0.0,0.0,0.0,0.0,0.0,0.0,0.0418937291666666,0.0,0.0,0.0,0.0,0.0,0.0,0.0,-0.009086662990196,0.0,0.0,0.0,0.0,0.0,0.0,0.0,0.0509803921568627,0.0,0.0,0.0,0.0,0.0,0.0,0.0,0.0260918185367646,0.0,0.0,0.0,0.0,0.0,4.318,4.261,4.014,4.23,3.977,4.329,3.995,4.294,4.318,4.261,4.087,4.23,3.977,4.329,3.995,4.294,2.494759e-07,6.368173e-07,1.277218e-06,7.688482e-07,1.306156e-07,5.323691e-07,7.197434e-07,7.1216e-07,6.1176470588235246,5.0272475,-1.090399558823525,1.090399558823525,1.090399558823525
248,248,True,2,0.0088222726470587,7.783249465904094e-05,0.0088222726470587,1.11766214e-05,0.2192788181862746,0.385875,0.0,0.0,0.0,0.1019607843137254,0.0,0.0,0.0,0.0,0.0,0.0,0.0,0.0931385116666666,0.0,0.0,0.0,0.0,0.0,0.0,0.0,-0.0088222726470587,0.0,0.0,0.0,0.0,0.0,0.0,0.0,0.1019607843137254,0.0,0.0,0.0,0.0,0.0,0.0,0.0,0.0142447896338233,0.0,0.0,0.0,0.0,4.318,4.261,4.164,3.998,3.977,4.329,3.995,4.294,4.318,4.261,4.164,4.117,3.977,4.329,3.995,4.294,2.287035e-07,7.131964e-07,4.05782e-07,7.53517e-06,3.217472e-07,5.254084e-07,7.034599e-07,7.43154e-07,12.235294117647047,11.1766214,-1.058672717647049,1.058672717647049,1.058672717647049
249,249,True,2,0.0171890264215686,0.0002954626293213,0.0171890264215686,9.1215067e-06,0.0661835280882353,0.385875,0.0,0.0,0.0,0.0,0.0588235294117647,0.0,0.0,0.0,0.0,0.0,0.0,0.0,0.0760125558333333,0.0,0.0,0.0,0.0,0.0,0.0,0.0,0.0171890264215686,0.0,0.0,0.0,0.0,0.0,0.0,0.0,0.0588235294117647,0.0,0.0,0.0,0.0,0.0,0.0,0.0,0.0242151272334558,0.0,0.0,0.0,4.318,4.261,4.164,4.23,3.837,4.329,3.995,4.294,4.318,4.261,4.164,4.23,3.88,4.329,3.995,4.294,2.492027e-07,6.510788e-07,1.315674e-06,1.93181e-07,4.62737e-06,6.448622e-07,7.30053e-07,7.10085e-07,7.058823529411764,9.1215067,2.062683170588236,2.062683170588236,2.062683170588236
250,250,True,1,0.0150464021568627,0.000226394217866,0.0150464021568627,4.3120788e-06,0.3497494761764707,0.3675,0.0,0.0509803921568627,0.0,0.0,0.0,0.0,0.0,0.0,0.0,0.03593399,0.0,0.0,0.0,0.0,0.0,0.0,0.0,-0.0150464021568627,0.0,0.0,0.0,0.0,0.0,0.0,0.0,0.0509803921568627,0.0,0.0,0.0,0.0,0.0,0.0,0.0,0.0,0.0,0.0,0.0,0.0,0.0,0.0,4.318,4.001,4.164,4.23,3.977,4.329,3.995,4.294,4.318,4.261,4.164,4.23,3.977,4.329,3.995,4.294,2.311695e-07,6.502809e-07,1.24864e-06,1.196562e-07,1.155644e-07,5.324397e-07,7.011338e-07,7.131943e-07,6.1176470588235246,4.3120788,-1.8055682588235245,1.8055682588235245,1.8055682588235245
251,251,True,4,0.0069353604901961,4.809922512897396e-05,0.0069353604901961,4.2714596200000005e-05,0.5806770888235295,0.202584375,0.0,0.0,0.3490196078431372,0.0,0.0,0.0,0.0,0.0,0.0,0.0,0.3559549683333333,0.0,0.0,0.0,0.0,0.0,0.0,0.0,0.0069353604901961,0.0,0.0,0.0,0.0,0.0,0.0,0.0,0.3490196078431372,0.0,0.0,0.0,0.0,0.0,0.0,0.0,0.0872189518570525,0.0,0.0,0.0,0.0,0.0,4.318,4.261,3.744,4.23,3.977,4.329,3.995,4.294,4.318,4.261,3.908,4.23,3.977,4.329,3.995,4.294,2.901493e-07,6.207291e-07,3.533059e-05,4.243374e-06,2.319777e-07,5.29796e-07,7.6428e-07,7.037001e-07,41.882352941176464,42.7145962,0.8322432588235387,0.8322432588235387,0.8322432588235387
252,252,True,1,0.009571820245098,9.16197428044686e-05,0.009571820245098,5.9102051e-06,0.1440954847549019,0.3675,0.0,0.0,0.0,0.0588235294117647,0.0,0.0,0.0,0.0,0.0,0.0,0.0,0.0492517091666666,0.0,0.0,0.0,0.0,0.0,0.0,0.0,-0.009571820245098,0.0,0.0,0.0,0.0,0.0,0.0,0.0,0.0588235294117647,0.0,0.0,0.0,0.0,0.0,0.0,0.0,0.008390109747549,0.0,0.0,0.0,0.0,4.318,4.261,4.164,4.049,3.977,4.329,3.995,4.294,4.318,4.261,4.164,4.164,3.977,4.329,3.995,4.294,2.297472e-07,6.855541e-07,6.633076e-07,2.161863e-06,2.126507e-07,5.265562e-07,7.015358e-07,7.289905e-07,7.058823529411764,5.9102051,-1.1486184294117638,1.1486184294117638,1.1486184294117638
253,253,True,4,0.0096499892647059,9.312229280894008e-05,0.0096499892647059,7.033446929999999e-05,0.343947841764706,0.4254271875,0.0,0.0,0.0,0.0,0.576470588235294,0.0,0.0,0.0,0.0,0.0,0.0,0.0,0.5861205774999999,0.0,0.0,0.0,0.0,0.0,0.0,0.0,0.0096499892647059,0.0,0.0,0.0,0.0,0.0,0.0,0.0,0.576470588235294,0.0,0.0,0.0,0.0,0.0,0.0,0.0,0.3605838092016108,0.0,0.0,0.0,4.318,4.261,4.164,4.23,3.524,4.329,3.995,4.294,4.318,4.261,4.164,4.23,3.629,4.329,3.995,4.294,2.940785e-07,6.505601e-07,1.469176e-06,9.977994e-07,6.453625e-05,8.674628e-07,8.300393e-07,6.891032e-07,69.17647058823528,70.3344693,1.1579987117647192,1.1579987117647192,1.1579987117647192
255,255,True,4,0.00160232254902,2.567437551098082e-06,0.00160232254902,0.000118780514,1.185812969215687,0.4254271875,0.0,0.0,0.9882352941176468,0.0,0.0,0.0,0.0,0.0,0.0,0.0,0.9898376166666668,0.0,0.0,0.0,0.0,0.0,0.0,0.0,0.00160232254902,0.0,0.0,0.0,0.0,0.0,0.0,0.0,0.9882352941176468,0.0,0.0,0.0,0.0,0.0,0.0,0.0,0.3775267384981774,0.0,0.0,0.0,0.0,0.0,4.318,4.261,3.444,4.23,3.977,4.329,3.995,4.294,4.318,4.261,3.729,4.23,3.977,4.329,3.995,4.294,3.149211e-07,6.227659e-07,0.0001059452,9.467978e-06,4.046181e-07,5.188992e-07,8.101781e-07,6.959536e-07,118.5882352941176,118.780514,0.1922787058824013,0.1922787058824013,0.1922787058824013
256,256,True,3,0.0001318734313726,1.7390601902000825e-08,0.0001318734313726,6.919229539999999e-05,0.8143997734313725,0.40516875,0.0,0.0,0.0,0.576470588235294,0.0,0.0,0.0,0.0,0.0,0.0,0.0,0.5766024616666666,0.0,0.0,0.0,0.0,0.0,0.0,0.0,0.0001318734313726,0.0,0.0,0.0,0.0,0.0,0.0,0.0,0.576470588235294,0.0,0.0,0.0,0.0,0.0,0.0,0.0,0.2160722710735782,0.0,0.0,0.0,0.0,4.318,4.261,4.164,3.697,3.977,4.329,3.995,4.294,4.318,4.261,4.164,3.91,3.977,4.329,3.995,4.294,2.222046e-07,8.259339e-07,8.305492e-07,6.41916e-05,1.101935e-06,5.283314e-07,7.048868e-07,7.868545e-07,69.17647058823528,69.19229539999999,0.0158248117647161,0.0158248117647161,0.0158248117647161
257,257,True,4,0.0124689275490198,0.0001554741542227,0.0124689275490198,0.0001200845066,1.0293209309656866,0.4254271875,0.0,0.9882352941176468,0.0,0.0,0.0,0.0,0.0,0.0,0.0,1.0007042216666666,0.0,0.0,0.0,0.0,0.0,0.0,0.0,0.0124689275490198,0.0,0.0,0.0,0.0,0.0,0.0,0.0,0.9882352941176468,0.0,0.0,0.0,0.0,0.0,0.0,0.0,0.3727553617599897,0.0,0.0,0.0,0.0,0.0,0.0,4.318,3.587,4.164,4.23,3.977,4.329,3.995,4.294,4.318,3.834,4.164,4.23,3.977,4.329,3.995,4.294,6.439971e-06,0.0001091278,2.1803e-06,1.33076e-07,1.037244e-07,6.054017e-07,6.907237e-07,8.035098e-07,118.5882352941176,120.0845066,1.496271305882388,1.496271305882388,1.496271305882388
258,258,True,3,0.0133440283823529,0.000178063093469,0.0133440283823529,3.21895187e-05,0.1753510400490197,0.40516875,0.0,0.0,0.0,0.0,0.2549019607843137,0.0,0.0,0.0,0.0,0.0,0.0,0.0,0.2682459891666667,0.0,0.0,0.0,0.0,0.0,0.0,0.0,0.0133440283823529,0.0,0.0,0.0,0.0,0.0,0.0,0.0,0.2549019607843137,0.0,0.0,0.0,0.0,0.0,0.0,0.0,0.1520621074580391,0.0,0.0,0.0,4.318,4.261,4.164,4.23,3.685,4.329,3.995,4.294,4.318,4.261,4.164,4.23,3.754,4.329,3.995,4.294,2.678056e-07,6.489336e-07,1.387189e-06,4.992647e-07,2.715505e-05,7.667409e-07,7.717103e-07,6.928246e-07,30.588235294117645,32.1895187,1.6012834058823555,1.6012834058823555,1.6012834058823555
259,259,True,3,0.0078089541176472,6.09797644115201e-05,0.0078089541176472,5.0348839200000005e-05,0.6516250374509807,0.40516875,0.0,0.0,0.4117647058823528,0.0,0.0,0.0,0.0,0.0,0.0,0.0,0.41957366,0.0,0.0,0.0,0.0,0.0,0.0,0.0,0.0078089541176472,0.0,0.0,0.0,0.0,0.0,0.0,0.0,0.4117647058823528,0.0,0.0,0.0,0.0,0.0,0.0,0.0,0.111034561411752,0.0,0.0,0.0,0.0,0.0,4.318,4.261,3.711,4.23,3.977,4.329,3.995,4.294,4.318,4.261,3.886,4.23,3.977,4.329,3.995,4.294,2.861502e-07,6.15715e-07,4.239101e-05,4.824968e-06,2.464323e-07,5.244825e-07,7.658359e-07,6.942453e-07,49.411764705882334,50.34883920000001,0.937074494117674,0.937074494117674,0.937074494117674
260,260,True,2,0.0059144158823529,3.498031522942846e-05,0.0059144158823529,3.12979652e-05,0.409996383382353,0.385875,0.0,0.0,0.0,0.2549019607843137,0.0,0.0,0.0,0.0,0.0,0.0,0.0,0.2608163766666666,0.0,0.0,0.0,0.0,0.0,0.0,0.0,0.0059144158823529,0.0,0.0,0.0,0.0,0.0,0.0,0.0,0.2549019607843137,0.0,0.0,0.0,0.0,0.0,0.0,0.0,0.0812418563137254,0.0,0.0,0.0,0.0,4.318,4.261,4.164,3.884,3.977,4.329,3.995,4.294,4.318,4.261,4.164,4.022,3.977,4.329,3.995,4.294,2.23683e-07,7.628557e-07,2.95882e-07,2.741091e-05,6.237105e-07,5.21141e-07,7.027568e-07,7.570262e-07,30.588235294117645,31.2979652,0.7097299058823516,0.7097299058823516,0.7097299058823516
261,261,True,3,0.0141034224509804,0.0001989065248308,0.0141034224509804,2.71041754e-05,0.1525175007843137,0.40516875,0.0,0.0,0.0,0.0,0.2117647058823529,0.0,0.0,0.0,0.0,0.0,0.0,0.0,0.2258681283333333,0.0,0.0,0.0,0.0,0.0,0.0,0.0,0.0141034224509804,0.0,0.0,0.0,0.0,0.0,0.0,0.0,0.2117647058823529,0.0,0.0,0.0,0.0,0.0,0.0,0.0,0.1226854016903982,0.0,0.0,0.0,4.318,4.261,4.164,4.23,3.711,4.329,3.995,4.294,4.318,4.261,4.164,4.23,3.775,4.329,3.995,4.294,2.619801e-07,6.475109e-07,1.37529e-06,4.313309e-07,2.218832e-05,7.457295e-07,7.624976e-07,6.915164e-07,25.411764705882348,27.104175400000003,1.6924106941176549,1.6924106941176549,1.6924106941176549
262,262,True,3,0.0189697374509805,0.0003598509389591,0.0189697374509805,5.16881332e-05,0.6604663432843139,0.40516875,0.0,0.4117647058823528,0.0,0.0,0.0,0.0,0.0,0.0,0.0,0.4307344433333334,0.0,0.0,0.0,0.0,0.0,0.0,0.0,0.0189697374509805,0.0,0.0,0.0,0.0,0.0,0.0,0.0,0.4117647058823528,0.0,0.0,0.0,0.0,0.0,0.0,0.0,0.0673519466200855,0.0,0.0,0.0,0.0,0.0,0.0,4.318,3.817,4.164,4.23,3.977,4.329,3.995,4.294,4.318,3.991,4.164,4.23,3.977,4.329,3.995,4.294,2.87552e-06,4.479048e-05,1.748008e-06,1.323377e-07,1.062975e-07,5.755467e-07,6.936659e-07,7.662774e-07,49.411764705882334,51.6881332,2.276368494117669,2.276368494117669,2.276368494117669
263,263,True,1,0.0015811267647058,2.499961846069252e-06,0.0015811267647058,2.66337942e-05,0.4407276474019607,0.3675,0.0,0.0,0.2235294117647059,0.0,0.0,0.0,0.0,0.0,0.0,0.0,0.221948285,0.0,0.0,0.0,0.0,0.0,0.0,0.0,-0.0015811267647058,0.0,0.0,0.0,0.0,0.0,0.0,0.0,0.2235294117647059,0.0,0.0,0.0,0.0,0.0,0.0,0.0,0.0692747351740196,0.0,0.0,0.0,0.0,0.0,4.318,4.261,3.813,4.23,3.977,4.329,3.995,4.294,4.318,4.261,3.961,4.23,3.977,4.329,3.995,4.294,2.73152e-07,6.183936e-07,2.061023e-05,2.967955e-06,1.89465e-07,5.272656e-07,7.473702e-07,6.999628e-07,26.823529411764707,26.6337942,-0.1897352117647059,0.1897352117647059,0.1897352117647059
264,264,True,2,0.0013688057843137,1.87362927517079e-06,0.0013688057843137,2.55760214e-05,0.354097734117647,0.385875,0.0,0.0,0.0,0.2117647058823529,0.0,0.0,0.0,0.0,0.0,0.0,0.0,0.2131335116666666,0.0,0.0,0.0,0.0,0.0,0.0,0.0,0.0013688057843137,0.0,0.0,0.0,0.0,0.0,0.0,0.0,0.2117647058823529,0.0,0.0,0.0,0.0,0.0,0.0,0.0,0.0630868075654411,0.0,0.0,0.0,0.0,4.318,4.261,4.164,3.913,3.977,4.329,3.995,4.294,4.318,4.261,4.164,4.044,3.977,4.329,3.995,4.294,2.210575e-07,7.496918e-07,2.750802e-07,2.18208e-05,5.418479e-07,5.18408e-07,6.989926e-07,7.501434e-07,25.411764705882348,25.5760214,0.1642566941176504,0.1642566941176504,0.1642566941176504
265,265,True,3,0.0147769138725491,0.0002183571835967,0.0147769138725491,3.42438179e-05,0.1802340663725491,0.40516875,0.0,0.0,0.0,0.0,0.2705882352941175,0.0,0.0,0.0,0.0,0.0,0.0,0.0,0.2853651491666666,0.0,0.0,0.0,0.0,0.0,0.0,0.0,0.0147769138725491,0.0,0.0,0.0,0.0,0.0,0.0,0.0,0.2705882352941175,0.0,0.0,0.0,0.0,0.0,0.0,0.0,0.162585491265931,0.0,0.0,0.0,4.318,4.261,4.164,4.23,3.677,4.329,3.995,4.294,4.318,4.261,4.164,4.23,3.746,4.329,3.995,4.294,2.676064e-07,6.466424e-07,1.391148e-06,5.240877e-07,2.918006e-05,7.694952e-07,7.742659e-07,6.905123e-07,32.4705882352941,34.2438179,1.7732296647058945,1.7732296647058945,1.7732296647058945
266,266,True,4,0.0060019434313725,3.60233249533962e-05,0.0060019434313725,2.61032962e-05,0.5155334307352942,0.09646875,0.0,0.2235294117647059,0.0,0.0,0.0,0.0,0.0,0.0,0.0,0.2175274683333333,0.0,0.0,0.0,0.0,0.0,0.0,0.0,-0.0060019434313725,0.0,0.0,0.0,0.0,0.0,0.0,0.0,0.2235294117647059,0.0,0.0,0.0,0.0,0.0,0.0,0.0,0.0372735042444852,0.0,0.0,0.0,0.0,0.0,0.0,4.318,3.901,4.164,4.23,3.977,4.329,3.995,4.294,4.318,4.071,4.164,4.23,3.977,4.329,3.995,4.294,1.50118e-06,2.081927e-05,1.542452e-06,1.293424e-07,1.088349e-07,5.601631e-07,6.94557e-07,7.474968e-07,26.823529411764707,26.1032962,-0.7202332117647074,0.7202332117647074,0.7202332117647074
267,267,True,3,0.0038605069117646,1.4903513615782844e-05,0.0038605069117646,2.5404437300000003e-05,0.419694935245098,0.1929375,0.0,0.0,0.207843137254902,0.0,0.0,0.0,0.0,0.0,0.0,0.0,0.2117036441666666,0.0,0.0,0.0,0.0,0.0,0.0,0.0,0.0038605069117646,0.0,0.0,0.0,0.0,0.0,0.0,0.0,0.207843137254902,0.0,0.0,0.0,0.0,0.0,0.0,0.0,0.0674816663772059,0.0,0.0,0.0,0.0,0.0,4.318,4.261,3.823,4.23,3.977,4.329,3.995,4.294,4.318,4.261,3.966,4.23,3.977,4.329,3.995,4.294,2.71161e-07,6.152816e-07,1.950773e-05,2.850866e-06,1.85898e-07,5.260389e-07,7.472681e-07,7.001937e-07,24.94117647058824,25.4044373,0.4632608294117624,0.4632608294117624,0.4632608294117624
268,268,True,2,0.0130101697058824,0.0001692645157758,0.0130101697058824,3.40318086e-05,0.4233488880392157,0.385875,0.0,0.0,0.0,0.2705882352941175,0.0,0.0,0.0,0.0,0.0,0.0,0.0,0.283598405,0.0,0.0,0.0,0.0,0.0,0.0,0.0,0.0130101697058824,0.0,0.0,0.0,0.0,0.0,0.0,0.0,0.2705882352941175,0.0,0.0,0.0,0.0,0.0,0.0,0.0,0.0896145758259802,0.0,0.0,0.0,0.0,4.318,4.261,4.164,3.875,3.977,4.329,3.995,4.294,4.318,4.261,4.164,4.012,3.977,4.329,3.995,4.294,2.213406e-07,7.661454e-07,3.149915e-07,3.008552e-05,6.625158e-07,5.189086e-07,7.017028e-07,7.606839e-07,32.4705882352941,34.0318086,1.5612203647058962,1.5612203647058962,1.5612203647058962
269,269,True,3,0.0128868026470588,0.0001660696824642,0.0128868026470588,3.7311122200000006e-05,0.1925611634803922,0.40516875,0.0,0.0,0.0,0.0,0.2980392156862745,0.0,0.0,0.0,0.0,0.0,0.0,0.0,0.3109260183333334,0.0,0.0,0.0,0.0,0.0,0.0,0.0,0.0128868026470588,0.0,0.0,0.0,0.0,0.0,0.0,0.0,0.2980392156862745,0.0,0.0,0.0,0.0,0.0,0.0,0.0,0.1797886901910967,0.0,0.0,0.0,4.318,4.261,4.164,4.23,3.662,4.329,3.995,4.294,4.318,4.261,4.164,4.23,3.734,4.329,3.995,4.294,2.688547e-07,6.452482e-07,1.404033e-06,5.680573e-07,3.217316e-05,7.853707e-07,7.789436e-07,6.874547e-07,35.76470588235294,37.31112220000001,1.5464163176470649,1.5464163176470649,1.5464163176470649
270,270,True,4,0.001365059754902,1.8633881344531944e-06,0.001365059754902,2.47773693e-05,0.4978445994117646,0.09646875,0.0,0.207843137254902,0.0,0.0,0.0,0.0,0.0,0.0,0.0,0.2064780774999999,0.0,0.0,0.0,0.0,0.0,0.0,0.0,-0.001365059754902,0.0,0.0,0.0,0.0,0.0,0.0,0.0,0.207843137254902,0.0,0.0,0.0,0.0,0.0,0.0,0.0,0.0363978785867035,0.0,0.0,0.0,0.0,0.0,0.0,4.318,3.91,4.164,4.23,3.977,4.329,3.995,4.294,4.318,4.076,4.164,4.23,3.977,4.329,3.995,4.294,1.426915e-06,1.956249e-05,1.54897e-06,1.306571e-07,1.084271e-07,5.604696e-07,6.966994e-07,7.427411e-07,24.94117647058824,24.7773693,-0.1638071705882424,0.1638071705882424,0.1638071705882424
271,271,True,3,0.0067401315196077,4.5429372901610335e-05,0.0067401315196077,2.69558901e-05,0.449119830980392,0.1929375,0.0,0.0,0.2313725490196078,0.0,0.0,0.0,0.0,0.0,0.0,0.0,0.2246324175,0.0,0.0,0.0,0.0,0.0,0.0,0.0,-0.0067401315196077,0.0,0.0,0.0,0.0,0.0,0.0,0.0,0.2313725490196078,0.0,0.0,0.0,0.0,0.0,0.0,0.0,0.0695329423775735,0.0,0.0,0.0,0.0,0.0,4.318,4.261,3.808,4.23,3.977,4.329,3.995,4.294,4.318,4.261,3.96,4.23,3.977,4.329,3.995,4.294,2.743029e-07,6.190394e-07,2.090822e-05,2.984283e-06,1.91372e-07,5.286502e-07,7.502873e-07,6.997353e-07,27.76470588235293,26.9558901,-0.8088157823529336,0.8088157823529336,0.8088157823529336
272,272,True,3,0.0007245718137254,5.250043132454361e-07,0.0007245718137254,3.58516545e-05,0.4558551668137254,0.40516875,0.0,0.0,0.0,0.2980392156862745,0.0,0.0,0.0,0.0,0.0,0.0,0.0,0.2987637875,0.0,0.0,0.0,0.0,0.0,0.0,0.0,0.0007245718137254,0.0,0.0,0.0,0.0,0.0,0.0,0.0,0.2980392156862745,0.0,0.0,0.0,0.0,0.0,0.0,0.0,0.0943643548850551,0.0,0.0,0.0,0.0,4.318,4.261,4.164,3.858,3.977,4.329,3.995,4.294,4.318,4.261,4.164,4.006,3.977,4.329,3.995,4.294,2.235846e-07,7.738548e-07,3.264789e-07,3.184225e-05,6.921592e-07,5.227677e-07,7.047275e-07,7.658318e-07,35.76470588235294,35.8516545,0.0869486176470601,0.0869486176470601,0.0869486176470601
273,273,True,3,0.0139260178921569,0.0001939339743326,0.0139260178921569,3.83770045e-05,0.1952527795588235,0.40516875,0.0,0.0,0.0,0.0,0.3058823529411764,0.0,0.0,0.0,0.0,0.0,0.0,0.0,0.3198083708333333,0.0,0.0,0.0,0.0,0.0,0.0,0.0,0.0139260178921569,0.0,0.0,0.0,0.0,0.0,0.0,0.0,0.3058823529411764,0.0,0.0,0.0,0.0,0.0,0.0,0.0,0.1852833453048344,0.0,0.0,0.0,4.318,4.261,4.164,4.23,3.658,4.329,3.995,4.294,4.318,4.261,4.164,4.23,3.73,4.329,3.995,4.294,2.72985e-07,6.496263e-07,1.411431e-06,5.849791e-07,3.318251e-05,8.002669e-07,7.820183e-07,6.931879e-07,36.70588235294117,38.3770045,1.671122147058831,1.671122147058831,1.671122147058831
274,274,True,5,0.0016075809803922,2.5843166085187764e-06,0.0016075809803922,2.79576156e-05,0.5221487259803922,0.1012921875,0.0,0.2313725490196078,0.0,0.0,0.0,0.0,0.0,0.0,0.0,0.23298013,0.0,0.0,0.0,0.0,0.0,0.0,0.0,0.0016075809803922,0.0,0.0,0.0,0.0,0.0,0.0,0.0,0.2313725490196078,0.0,0.0,0.0,0.0,0.0,0.0,0.0,0.0387325450667416,0.0,0.0,0.0,0.0,0.0,0.0,4.318,3.897,4.164,4.23,3.977,4.329,3.995,4.294,4.318,4.064,4.164,4.23,3.977,4.329,3.995,4.294,1.603162e-06,2.251931e-05,1.574443e-06,1.327078e-07,1.106019e-07,5.685644e-07,6.979763e-07,7.508502e-07,27.76470588235293,27.9576156,0.1929097176470655,0.1929097176470655,0.1929097176470655
275,275,True,3,0.0199421285294117,0.0003976884902835,0.0199421285294117,2.72540034e-05,0.4712387323039216,0.1929375,0.0,0.0,0.2470588235294117,0.0,0.0,0.0,0.0,0.0,0.0,0.0,0.2271166949999999,0.0,0.0,0.0,0.0,0.0,0.0,0.0,-0.0199421285294117,0.0,0.0,0.0,0.0,0.0,0.0,0.0,0.2470588235294117,0.0,0.0,0.0,0.0,0.0,0.0,0.0,0.0697169231465685,0.0,0.0,0.0,0.0,0.0,4.318,4.261,3.798,4.23,3.977,4.329,3.995,4.294,4.318,4.261,3.959,4.23,3.977,4.329,3.995,4.294,2.783544e-07,6.2737e-07,2.115009e-05,3.009636e-06,1.957002e-07,5.352219e-07,7.518251e-07,7.058058e-07,29.6470588235294,27.2540034,-2.393055423529404,2.393055423529404,2.393055423529404
276,276,True,3,0.0045398020588235,2.0609802733298943e-05,0.0045398020588235,3.72506586e-05,0.4666887928921569,0.40516875,0.0,0.0,0.0,0.3058823529411764,0.0,0.0,0.0,0.0,0.0,0.0,0.0,0.310422155,0.0,0.0,0.0,0.0,0.0,0.0,0.0,0.0045398020588235,0.0,0.0,0.0,0.0,0.0,0.0,0.0,0.3058823529411764,0.0,0.0,0.0,0.0,0.0,0.0,0.0,0.0981079013366052,0.0,0.0,0.0,0.0,4.318,4.261,4.164,3.853,3.977,4.329,3.995,4.294,4.318,4.261,4.164,4.001,3.977,4.329,3.995,4.294,2.281612e-07,7.819746e-07,3.338197e-07,3.3189e-05,7.120466e-07,5.274384e-07,7.073002e-07,7.709179e-07,36.70588235294117,37.2506586,0.5447762470588344,0.5447762470588344,0.5447762470588344
277,277,True,3,0.0154577667647058,0.000238942553352,0.0154577667647058,3.90314026e-05,0.1969874159313725,0.40516875,0.0,0.0,0.0,0.0,0.3098039215686274,0.0,0.0,0.0,0.0,0.0,0.0,0.0,0.3252616883333333,0.0,0.0,0.0,0.0,0.0,0.0,0.0,0.0154577667647058,0.0,0.0,0.0,0.0,0.0,0.0,0.0,0.3098039215686274,0.0,0.0,0.0,0.0,0.0,0.0,0.0,0.1876479699109741,0.0,0.0,0.0,4.318,4.261,4.164,4.23,3.656,4.329,3.995,4.294,4.318,4.261,4.164,4.23,3.728,4.329,3.995,4.294,2.795103e-07,6.547985e-07,1.419013e-06,5.907976e-07,3.379815e-05,7.993506e-07,7.901917e-07,6.995909e-07,37.17647058823529,39.0314026,1.85493201176471,1.85493201176471,1.85493201176471
278,278,True,5,0.0006579248039216,4.32865047615349e-07,0.0006579248039216,2.97260098e-05,0.5331109948039217,0.1012921875,0.0,0.2470588235294117,0.0,0.0,0.0,0.0,0.0,0.0,0.0,0.2477167483333333,0.0,0.0,0.0,0.0,0.0,0.0,0.0,0.0006579248039216,0.0,0.0,0.0,0.0,0.0,0.0,0.0,0.2470588235294117,0.0,0.0,0.0,0.0,0.0,0.0,0.0,0.0398126625215777,0.0,0.0,0.0,0.0,0.0,0.0,4.318,3.89,4.164,4.23,3.977,4.329,3.995,4.294,4.318,4.058,4.164,4.23,3.977,4.329,3.995,4.294,1.698816e-06,2.414994e-05,1.602206e-06,1.331042e-07,1.116819e-07,5.712078e-07,7.013759e-07,7.57678e-07,29.6470588235294,29.7260098,0.0789509764705975,0.0789509764705975,0.0789509764705975
279,279,True,4,0.0079627817647059,6.340589343233344e-05,0.0079627817647059,3.81320044e-05,0.4696448234313726,0.4254271875,0.0,0.0,0.0,0.3098039215686274,0.0,0.0,0.0,0.0,0.0,0.0,0.0,0.3177667033333333,0.0,0.0,0.0,0.0,0.0,0.0,0.0,0.0079627817647059,0.0,0.0,0.0,0.0,0.0,0.0,0.0,0.3098039215686274,0.0,0.0,0.0,0.0,0.0,0.0,0.0,0.1022502993995017,0.0,0.0,0.0,0.0,4.318,4.261,4.164,3.851,3.977,4.329,3.995,4.294,4.318,4.261,4.164,3.998,3.977,4.329,3.995,4.294,2.255371e-07,7.844313e-07,3.42227e-07,3.404585e-05,7.287861e-07,5.259714e-07,7.083232e-07,7.708783e-07,37.17647058823529,38.1320044,0.9555338117647096,0.9555338117647096,0.9555338117647096
280,280,True,4,0.0100405623039214,0.0001008128913789,0.0100405623039214,7.88519263e-05,0.3866823973039214,0.4254271875,0.0,0.0,0.0,0.0,0.6470588235294118,0.0,0.0,0.0,0.0,0.0,0.0,0.0,0.6570993858333333,0.0,0.0,0.0,0.0,0.0,0.0,0.0,0.0100405623039214,0.0,0.0,0.0,0.0,0.0,0.0,0.0,0.6470588235294118,0.0,0.0,0.0,0.0,0.0,0.0,0.0,0.4065719565575954,0.0,0.0,0.0,4.318,4.261,4.164,4.23,3.491,4.329,3.995,4.294,4.318,4.261,4.164,4.23,3.605,4.329,3.995,4.294,3.025752e-07,6.545451e-07,1.48635e-06,1.123649e-06,7.285474e-05,8.952215e-07,8.409964e-07,6.938491e-07,77.64705882352942,78.8519263,1.2048674764705822,1.2048674764705822,1.2048674764705822
281,281,True,3,0.0065634567647057,4.307896470216116e-05,0.0065634567647057,7.796408539999999e-05,0.8748979459313725,0.40516875,0.0,0.0,0.6431372549019608,0.0,0.0,0.0,0.0,0.0,0.0,0.0,0.6497007116666665,0.0,0.0,0.0,0.0,0.0,0.0,0.0,0.0065634567647057,0.0,0.0,0.0,0.0,0.0,0.0,0.0,0.6431372549019608,0.0,0.0,0.0,0.0,0.0,0.0,0.0,0.2179081820674327,0.0,0.0,0.0,0.0,0.0,4.318,4.261,3.603,4.23,3.977,4.329,3.995,4.294,4.318,4.261,3.817,4.23,3.977,4.329,3.995,4.294,3.070406e-07,6.316453e-07,6.789455e-05,6.778508e-06,3.203398e-07,5.33117e-07,7.923426e-07,7.065421e-07,77.1764705882353,77.96408539999999,0.7876148117646835,0.7876148117646835,0.7876148117646835
282,282,True,3,0.0096744956372548,9.359586583526342e-05,0.0096744956372548,7.88079983e-05,0.9072130489705882,0.40516875,0.0,0.0,0.0,0.6470588235294118,0.0,0.0,0.0,0.0,0.0,0.0,0.0,0.6567333191666667,0.0,0.0,0.0,0.0,0.0,0.0,0.0,0.0096744956372548,0.0,0.0,0.0,0.0,0.0,0.0,0.0,0.6470588235294118,0.0,0.0,0.0,0.0,0.0,0.0,0.0,0.2511565676461765,0.0,0.0,0.0,0.0,4.318,4.261,4.164,3.658,3.977,4.329,3.995,4.294,4.318,4.261,4.164,3.886,3.977,4.329,3.995,4.294,2.257448e-07,8.52318e-07,1.005552e-06,7.342917e-05,1.23957e-06,5.421696e-07,7.100378e-07,8.034361e-07,77.64705882352942,78.80799830000001,1.1609394764705885,1.1609394764705885,1.1609394764705885
283,283,True,4,0.0150005650980392,0.0002250169532605,0.0150005650980392,6.50234616e-05,0.9489149940686276,0.4254271875,0.0,0.0,0.0,0.0,0.5568627450980391,0.0,0.0,0.0,0.0,0.0,0.0,0.0,0.5418621799999999,0.0,0.0,0.0,0.0,0.0,0.0,0.0,-0.0150005650980392,0.0,0.0,0.0,0.0,0.0,0.0,0.0,0.5568627450980391,0.0,0.0,0.0,0.0,0.0,0.0,0.0,0.3329694270547427,0.0,0.0,0.0,4.318,4.261,4.164,4.23,3.533,4.329,3.995,4.294,4.318,4.261,4.164,4.23,3.644,4.329,3.995,4.294,2.949702e-07,6.581874e-07,1.458575e-06,9.546091e-07,5.925528e-05,8.772536e-07,8.240418e-07,7.005445e-07,66.8235294117647,65.02346159999999,-1.8000678117647055,1.8000678117647055,1.8000678117647055
284,284,True,4,0.0055425534313724,3.0719898539618444e-05,0.0055425534313724,7.7841577e-05,0.8177624175980388,0.4254271875,0.0,0.6431372549019608,0.0,0.0,0.0,0.0,0.0,0.0,0.0,0.6486798083333333,0.0,0.0,0.0,0.0,0.0,0.0,0.0,0.0055425534313724,0.0,0.0,0.0,0.0,0.0,0.0,0.0,0.6431372549019608,0.0,0.0,0.0,0.0,0.0,0.0,0.0,0.1795690938760177,0.0,0.0,0.0,0.0,0.0,0.0,4.318,3.724,4.164,4.23,3.977,4.329,3.995,4.294,4.318,3.926,4.164,4.23,3.977,4.329,3.995,4.294,4.222525e-06,6.933939e-05,1.934015e-06,1.363108e-07,1.112918e-07,6.0044e-07,7.011694e-07,7.96435e-07,77.1764705882353,77.841577,0.6651064117646968,0.6651064117646968,0.6651064117646968
285,285,True,3,0.0009517677941177,9.058619339196884e-07,0.0009517677941177,2.3643623900000003e-05,0.4029830152941177,0.1929375,0.0,0.0,0.196078431372549,0.0,0.0,0.0,0.0,0.0,0.0,0.0,0.1970301991666667,0.0,0.0,0.0,0.0,0.0,0.0,0.0,0.0009517677941177,0.0,0.0,0.0,0.0,0.0,0.0,0.0,0.196078431372549,0.0,0.0,0.0,0.0,0.0,0.0,0.0,0.0649395653374386,0.0,0.0,0.0,0.0,0.0,4.318,4.261,3.831,4.23,3.977,4.329,3.995,4.294,4.318,4.261,3.973,4.23,3.977,4.329,3.995,4.294,2.808244e-07,6.363376e-07,1.781885e-05,2.712539e-06,1.911246e-07,5.383521e-07,7.556768e-07,7.099194e-07,23.52941176470588,23.6436239,0.1142121352941245,0.1142121352941245,0.1142121352941245
286,286,True,4,0.0159726982352942,0.0002551270889157,0.0159726982352942,6.87402532e-05,0.7918723107352944,0.202584375,0.0,0.0,0.0,0.5568627450980391,0.0,0.0,0.0,0.0,0.0,0.0,0.0,0.5728354433333334,0.0,0.0,0.0,0.0,0.0,0.0,0.0,0.0159726982352942,0.0,0.0,0.0,0.0,0.0,0.0,0.0,0.5568627450980391,0.0,0.0,0.0,0.0,0.0,0.0,0.0,0.2145169974160997,0.0,0.0,0.0,0.0,4.318,4.261,4.164,3.708,3.977,4.329,3.995,4.294,4.318,4.261,4.164,3.911,3.977,4.329,3.995,4.294,2.277857e-07,8.402279e-07,7.988045e-07,6.370287e-05,1.122743e-06,5.379529e-07,7.109814e-07,7.988878e-07,66.8235294117647,68.7402532,1.916723788235302,1.916723788235302,1.916723788235302
287,287,True,3,0.0124281181862745,0.000154458121652,0.0124281181862745,2.97266683e-05,0.1695769690196078,0.40516875,0.0,0.0,0.0,0.0,0.2352941176470588,0.0,0.0,0.0,0.0,0.0,0.0,0.0,0.2477222358333333,0.0,0.0,0.0,0.0,0.0,0.0,0.0,0.0124281181862745,0.0,0.0,0.0,0.0,0.0,0.0,0.0,0.2352941176470588,0.0,0.0,0.0,0.0,0.0,0.0,0.0,0.1382840316803614,0.0,0.0,0.0,4.318,4.261,4.164,4.23,3.695,4.329,3.995,4.294,4.318,4.261,4.164,4.23,3.764,4.329,3.995,4.294,2.720556e-07,6.580247e-07,1.406036e-06,4.782768e-07,2.465307e-05,7.788424e-07,7.776097e-07,7.027531e-07,28.23529411764705,29.7266683,1.4913741823529456,1.4913741823529456,1.4913741823529456
288,288,True,5,0.0078415338725489,6.148965347433315e-05,0.0078415338725489,2.25884277e-05,0.4858675852941176,0.1012921875,0.0,0.196078431372549,0.0,0.0,0.0,0.0,0.0,0.0,0.0,0.1882368975,0.0,0.0,0.0,0.0,0.0,0.0,0.0,-0.0078415338725489,0.0,0.0,0.0,0.0,0.0,0.0,0.0,0.196078431372549,0.0,0.0,0.0,0.0,0.0,0.0,0.0,0.0345318260470342,0.0,0.0,0.0,0.0,0.0,0.0,4.318,3.917,4.164,4.23,3.977,4.329,3.995,4.294,4.318,4.085,4.164,4.23,3.977,4.329,3.995,4.294,1.312001e-06,1.745521e-05,1.53375e-06,1.351292e-07,1.150915e-07,5.739935e-07,7.062324e-07,7.570201e-07,23.52941176470588,22.5884277,-0.94098406470588,0.94098406470588,0.94098406470588
289,289,True,3,0.0092509725980392,8.558049400967312e-05,0.0092509725980392,4.62865873e-05,0.6106432009313726,0.40516875,0.0,0.0,0.3764705882352941,0.0,0.0,0.0,0.0,0.0,0.0,0.0,0.3857215608333333,0.0,0.0,0.0,0.0,0.0,0.0,0.0,0.0092509725980392,0.0,0.0,0.0,0.0,0.0,0.0,0.0,0.3764705882352941,0.0,0.0,0.0,0.0,0.0,0.0,0.0,0.0929387788598283,0.0,0.0,0.0,0.0,0.0,4.318,4.261,3.73,4.23,3.977,4.329,3.995,4.294,4.318,4.261,3.898,4.23,3.977,4.329,3.995,4.294,2.960458e-07,6.403574e-07,3.855104e-05,4.5273e-06,2.482837e-07,5.372325e-07,7.764156e-07,7.099123e-07,45.17647058823529,46.2865873,1.1101167117647108,1.1101167117647108,1.1101167117647108
290,290,True,2,0.0031226918137254,9.751204163507996e-06,0.0031226918137254,2.78605711e-05,0.3879658773529412,0.385875,0.0,0.0,0.0,0.2352941176470588,0.0,0.0,0.0,0.0,0.0,0.0,0.0,0.2321714258333333,0.0,0.0,0.0,0.0,0.0,0.0,0.0,-0.0031226918137254,0.0,0.0,0.0,0.0,0.0,0.0,0.0,0.2352941176470588,0.0,0.0,0.0,0.0,0.0,0.0,0.0,0.0703368772713234,0.0,0.0,0.0,0.0,4.318,4.261,4.164,3.896,3.977,4.329,3.995,4.294,4.318,4.261,4.164,4.035,3.977,4.329,3.995,4.294,2.31371e-07,7.736484e-07,2.742018e-07,2.397542e-05,5.913944e-07,5.334537e-07,7.14222e-07,7.668598e-07,28.23529411764705,27.8605711,-0.3747230176470566,0.3747230176470566,0.3747230176470566
291,291,True,6,0.0164025692647059,0.0002690442784834,0.0164025692647059,4.71447789e-05,0.632974456764706,0.106356796875,0.0,0.3764705882352941,0.0,0.0,0.0,0.0,0.0,0.0,0.0,0.3928731575,0.0,0.0,0.0,0.0,0.0,0.0,0.0,0.0164025692647059,0.0,0.0,0.0,0.0,0.0,0.0,0.0,0.3764705882352941,0.0,0.0,0.0,0.0,0.0,0.0,0.0,0.0504341098030865,0.0,0.0,0.0,0.0,0.0,0.0,4.318,3.833,4.164,4.23,3.977,4.329,3.995,4.294,4.318,4.004,4.164,4.23,3.977,4.329,3.995,4.294,2.616613e-06,4.047213e-05,1.734722e-06,1.370642e-07,1.122466e-07,5.882558e-07,7.068057e-07,7.769416e-07,45.17647058823529,47.1447789,1.9683083117647089,1.9683083117647089,1.9683083117647089
292,292,True,3,0.0130000464705882,0.0001690012082374,0.0130000464705882,9.52070644e-05,1.0061649306372549,0.40516875,0.0,0.0,0.7803921568627451,0.0,0.0,0.0,0.0,0.0,0.0,0.0,0.7933922033333334,0.0,0.0,0.0,0.0,0.0,0.0,0.0,0.0130000464705882,0.0,0.0,0.0,0.0,0.0,0.0,0.0,0.7803921568627451,0.0,0.0,0.0,0.0,0.0,0.0,0.0,0.2830021713349264,0.0,0.0,0.0,0.0,0.0,4.318,4.261,3.541,4.23,3.977,4.329,3.995,4.294,4.318,4.261,3.779,4.23,3.977,4.329,3.995,4.294,3.168475e-07,6.449949e-07,8.387349e-05,7.959015e-06,3.634033e-07,5.349947e-07,8.076468e-07,7.066722e-07,93.6470588235294,95.2070644,1.5600055764705871,1.5600055764705871,1.5600055764705871
293,293,True,4,0.0078747448039215,6.201160572689e-05,0.0078747448039215,9.45920282e-05,0.911147754803922,0.4254271875,0.0,0.7803921568627451,0.0,0.0,0.0,0.0,0.0,0.0,0.0,0.7882669016666667,0.0,0.0,0.0,0.0,0.0,0.0,0.0,0.0078747448039215,0.0,0.0,0.0,0.0,0.0,0.0,0.0,0.7803921568627451,0.0,0.0,0.0,0.0,0.0,0.0,0.0,0.2506345243641783,0.0,0.0,0.0,0.0,0.0,0.0,4.318,3.669,4.164,4.23,3.977,4.329,3.995,4.294,4.318,3.889,4.164,4.23,3.977,4.329,3.995,4.294,5.0976e-06,8.508562e-05,2.038141e-06,1.390101e-07,1.108403e-07,6.121732e-07,7.041921e-07,8.044515e-07,93.6470588235294,94.5920282,0.9449693764705956,0.9449693764705956,0.9449693764705956
294,294,True,4,0.0117500261274511,0.0001380631139957,0.0117500261274511,8.09394149e-05,0.4044139769607844,0.4254271875,0.0,0.0,0.0,0.0,0.6627450980392156,0.0,0.0,0.0,0.0,0.0,0.0,0.0,0.6744951241666667,0.0,0.0,0.0,0.0,0.0,0.0,0.0,0.0117500261274511,0.0,0.0,0.0,0.0,0.0,0.0,0.0,0.6627450980392156,0.0,0.0,0.0,0.0,0.0,0.0,0.0,0.4145191526902865,0.0,0.0,0.0,4.318,4.261,4.164,4.23,3.483,4.329,3.995,4.294,4.318,4.261,4.164,4.23,3.601,4.329,3.995,4.294,3.034132e-07,6.632836e-07,1.492194e-06,1.173494e-06,7.484641e-05,9.114228e-07,8.484087e-07,7.007886e-07,79.52941176470587,80.9394149,1.410003135294133,1.410003135294133,1.410003135294133
295,295,True,3,0.0048873336274509,2.388602998601309e-05,0.0048873336274509,8.011589179999999e-05,0.934740163627451,0.40516875,0.0,0.0,0.0,0.6627450980392156,0.0,0.0,0.0,0.0,0.0,0.0,0.0,0.6676324316666665,0.0,0.0,0.0,0.0,0.0,0.0,0.0,0.0048873336274509,0.0,0.0,0.0,0.0,0.0,0.0,0.0,0.6627450980392156,0.0,0.0,0.0,0.0,0.0,0.0,0.0,0.2552858320936516,0.0,0.0,0.0,0.0,4.318,4.261,4.164,3.649,3.977,4.329,3.995,4.294,4.318,4.261,4.164,3.884,3.977,4.329,3.995,4.294,2.304005e-07,8.619701e-07,1.028113e-06,7.465715e-05,1.262261e-06,5.462612e-07,7.170913e-07,8.126447e-07,79.52941176470587,80.11589179999999,0.586480035294116,0.586480035294116,0.586480035294116
296,296,True,4,0.0093410669117647,8.725553105006688e-05,0.0093410669117647,5.80621045e-05,0.2916473544117647,0.4254271875,0.0,0.0,0.0,0.0,0.4745098039215686,0.0,0.0,0.0,0.0,0.0,0.0,0.0,0.4838508708333334,0.0,0.0,0.0,0.0,0.0,0.0,0.0,0.0093410669117647,0.0,0.0,0.0,0.0,0.0,0.0,0.0,0.4745098039215686,0.0,0.0,0.0,0.0,0.0,0.0,0.0,0.2913946821106817,0.0,0.0,0.0,4.318,4.261,4.164,4.23,3.572,4.329,3.995,4.294,4.318,4.261,4.164,4.23,3.666,4.329,3.995,4.294,2.959501e-07,6.638979e-07,1.473879e-06,8.48903e-07,5.238822e-05,8.600515e-07,8.243919e-07,7.068111e-07,56.94117647058823,58.0621045,1.1209280294117718,1.1209280294117718,1.1209280294117718
298,298,True,2,0.010653097745098,0.0001134884915666,0.010653097745098,5.82195482e-05,0.6939995069117645,0.385875,0.0,0.0,0.0,0.4745098039215686,0.0,0.0,0.0,0.0,0.0,0.0,0.0,0.4851629016666666,0.0,0.0,0.0,0.0,0.0,0.0,0.0,0.010653097745098,0.0,0.0,0.0,0.0,0.0,0.0,0.0,0.4745098039215686,0.0,0.0,0.0,0.0,0.0,0.0,0.0,0.1776008341186274,0.0,0.0,0.0,0.0,4.318,4.261,4.164,3.754,3.977,4.329,3.995,4.294,4.318,4.261,4.164,3.94,3.977,4.329,3.995,4.294,2.313201e-07,8.306486e-07,6.070327e-07,5.350603e-05,9.90885e-07,5.401174e-07,7.1804e-07,7.954744e-07,56.94117647058823,58.2195482,1.2783717294117665,1.2783717294117665,1.2783717294117665
299,299,True,4,6.674509803822337e-06,4.4549081121320496e-11,6.674509803822337e-06,9.881552e-06,0.3797157838235295,0.202584375,0.0,0.0823529411764705,0.0,0.0,0.0,0.0,0.0,0.0,0.0,0.0823462666666666,0.0,0.0,0.0,0.0,0.0,0.0,0.0,-6.674509803822337e-06,0.0,0.0,0.0,0.0,0.0,0.0,0.0,0.0823529411764705,0.0,0.0,0.0,0.0,0.0,0.0,0.0,0.0217583757582444,0.0,0.0,0.0,0.0,0.0,0.0,4.318,3.982,4.164,4.23,3.977,4.329,3.995,4.294,4.318,4.15,4.164,4.23,3.977,4.329,3.995,4.294,6.069469e-07,5.593032e-06,1.411651e-06,1.323069e-07,1.160101e-07,5.649297e-07,7.106896e-07,7.459858e-07,9.88235294117646,9.881552,-0.0008009411764593,0.0008009411764593,0.0008009411764593
301,301,True,2,0.0147902912254902,0.0002187527145348,0.0147902912254902,1.44807173e-05,0.0978588228921569,0.385875,0.0,0.0,0.0,0.0,0.1058823529411764,0.0,0.0,0.0,0.0,0.0,0.0,0.0,0.1206726441666666,0.0,0.0,0.0,0.0,0.0,0.0,0.0,0.0147902912254902,0.0,0.0,0.0,0.0,0.0,0.0,0.0,0.1058823529411764,0.0,0.0,0.0,0.0,0.0,0.0,0.0,0.0556933323535538,0.0,0.0,0.0,4.318,4.261,4.164,4.23,3.788,4.329,3.995,4.294,4.318,4.261,4.164,4.23,3.841,4.329,3.995,4.294,2.640918e-07,6.691336e-07,1.37151e-06,2.707547e-07,9.728375e-06,7.04958e-07,7.568956e-07,7.149986e-07,12.705882352941169,14.4807173,1.7748349470588316,1.7748349470588316,1.7748349470588316
302,302,True,4,0.0015628635294118,2.44254241156565e-06,0.0015628635294118,1.05404848e-05,0.3840752543627452,0.202584375,0.0,0.0862745098039215,0.0,0.0,0.0,0.0,0.0,0.0,0.0,0.0878373733333333,0.0,0.0,0.0,0.0,0.0,0.0,0.0,0.0015628635294118,0.0,0.0,0.0,0.0,0.0,0.0,0.0,0.0862745098039215,0.0,0.0,0.0,0.0,0.0,0.0,0.0,0.022630824965579,0.0,0.0,0.0,0.0,0.0,0.0,4.318,3.98,4.164,4.23,3.977,4.329,3.995,4.294,4.318,4.146,4.164,4.23,3.977,4.329,3.995,4.294,6.381959e-07,6.178193e-06,1.433415e-06,1.333473e-07,1.168151e-07,5.699957e-07,7.139888e-07,7.56534e-07,10.35294117647058,10.540484800000002,0.1875436235294216,0.1875436235294216,0.1875436235294216
303,303,True,2,0.0108208562254902,0.0001170909294527,0.0108208562254902,1.4004385100000002e-05,0.2237700587254903,0.385875,0.0,0.0,0.0,0.1058823529411764,0.0,0.0,0.0,0.0,0.0,0.0,0.0,0.1167032091666666,0.0,0.0,0.0,0.0,0.0,0.0,0.0,0.0108208562254902,0.0,0.0,0.0,0.0,0.0,0.0,0.0,0.1058823529411764,0.0,0.0,0.0,0.0,0.0,0.0,0.0,0.0165491184743871,0.0,0.0,0.0,0.0,4.318,4.261,4.164,3.995,3.977,4.329,3.995,4.294,4.318,4.261,4.164,4.1,3.977,4.329,3.995,4.294,2.368971e-07,7.420132e-07,3.54192e-07,1.027511e-05,3.789319e-07,5.399476e-07,7.191475e-07,7.581458e-07,12.705882352941169,14.004385100000002,1.2985027470588335,1.2985027470588335,1.2985027470588335
304,304,True,3,0.0053573378921569,2.8701069290740367e-05,0.0053573378921569,4.53487629e-05,0.615085752892157,0.40516875,0.0,0.0,0.3725490196078431,0.0,0.0,0.0,0.0,0.0,0.0,0.0,0.3779063575,0.0,0.0,0.0,0.0,0.0,0.0,0.0,0.0053573378921569,0.0,0.0,0.0,0.0,0.0,0.0,0.0,0.3725490196078431,0.0,0.0,0.0,0.0,0.0,0.0,0.0,0.0892146738732719,0.0,0.0,0.0,0.0,0.0,4.318,4.261,3.732,4.23,3.977,4.329,3.995,4.294,4.318,4.261,3.902,4.23,3.977,4.329,3.995,4.294,2.98745e-07,6.41882e-07,3.765763e-05,4.454607e-06,2.486117e-07,5.457087e-07,7.817065e-07,7.19872e-07,44.70588235294117,45.3487629,0.6428805470588301,0.6428805470588301,0.6428805470588301
305,305,True,7,0.0154497320588234,0.0002386942206894,0.0154497320588234,4.65598502e-05,0.6393763795588236,0.11167463671875,0.0,0.3725490196078431,0.0,0.0,0.0,0.0,0.0,0.0,0.0,0.3879987516666666,0.0,0.0,0.0,0.0,0.0,0.0,0.0,0.0154497320588234,0.0,0.0,0.0,0.0,0.0,0.0,0.0,0.3725490196078431,0.0,0.0,0.0,0.0,0.0,0.0,0.0,0.0499583301294938,0.0,0.0,0.0,0.0,0.0,0.0,4.318,3.834,4.164,4.23,3.977,4.329,3.995,4.294,4.318,4.007,4.164,4.23,3.977,4.329,3.995,4.294,2.579273e-06,3.988232e-05,1.742352e-06,1.384336e-07,1.158493e-07,5.96901e-07,7.138221e-07,7.908992e-07,44.70588235294117,46.55985019999999,1.8539678470588183,1.8539678470588183,1.8539678470588183
306,306,True,3,0.0049037678921569,2.404693954014954e-05,0.0049037678921569,6.12943345e-05,0.75948707372549,0.40516875,0.0,0.0,0.5058823529411764,0.0,0.0,0.0,0.0,0.0,0.0,0.0,0.5107861208333334,0.0,0.0,0.0,0.0,0.0,0.0,0.0,0.0049037678921569,0.0,0.0,0.0,0.0,0.0,0.0,0.0,0.5058823529411764,0.0,0.0,0.0,0.0,0.0,0.0,0.0,0.1525990359655638,0.0,0.0,0.0,0.0,0.0,4.318,4.261,3.666,4.23,3.977,4.329,3.995,4.294,4.318,4.261,3.859,4.23,3.977,4.329,3.995,4.294,3.068951e-07,6.44964e-07,5.235475e-05,5.632543e-06,2.903355e-07,5.453787e-07,7.952272e-07,7.24241e-07,60.70588235294117,61.294334500000005,0.5884521470588311,0.5884521470588311,0.5884521470588311
307,307,True,6,0.0182210620588235,0.0003320071025514,0.0182210620588235,6.28924098e-05,0.7393384420588234,0.2233492734375,0.0,0.5058823529411764,0.0,0.0,0.0,0.0,0.0,0.0,0.0,0.524103415,0.0,0.0,0.0,0.0,0.0,0.0,0.0,0.0182210620588235,0.0,0.0,0.0,0.0,0.0,0.0,0.0,0.5058823529411764,0.0,0.0,0.0,0.0,0.0,0.0,0.0,0.1132328967907722,0.0,0.0,0.0,0.0,0.0,0.0,4.318,3.778,4.164,4.23,3.977,4.329,3.995,4.294,4.318,3.964,4.164,4.23,3.977,4.329,3.995,4.294,3.438955e-06,5.521054e-05,1.864805e-06,1.394017e-07,1.150855e-07,6.057434e-07,7.142269e-07,8.036523e-07,60.70588235294117,62.8924098,2.186527447058822,2.186527447058822,2.186527447058822
308,308,True,3,0.0002324197058824,5.401891968246397e-08,0.0002324197058824,8.4984786e-06,0.163863693872549,0.40516875,0.0,0.0,0.0705882352941176,0.0,0.0,0.0,0.0,0.0,0.0,0.0,0.070820655,0.0,0.0,0.0,0.0,0.0,0.0,0.0,0.0002324197058824,0.0,0.0,0.0,0.0,0.0,0.0,0.0,0.0705882352941176,0.0,0.0,0.0,0.0,0.0,0.0,0.0,0.0373485222615562,0.0,0.0,0.0,0.0,0.0,4.318,4.261,3.957,4.23,3.977,4.329,3.995,4.294,4.318,4.261,4.054,4.23,3.977,4.329,3.995,4.294,2.65012e-07,6.57092e-07,4.144952e-06,1.25367e-06,1.496499e-07,5.522469e-07,7.479051e-07,7.279507e-07,8.470588235294112,8.4984786,0.0278903647058879,0.0278903647058879,0.0278903647058879
309,309,True,5,0.0056104611274509,3.1477274062638025e-05,0.0056104611274509,7.797332900000001e-06,0.3724911672058823,0.21271359375,0.0,0.0705882352941176,0.0,0.0,0.0,0.0,0.0,0.0,0.0,0.0649777741666666,0.0,0.0,0.0,0.0,0.0,0.0,0.0,-0.0056104611274509,0.0,0.0,0.0,0.0,0.0,0.0,0.0,0.0705882352941176,0.0,0.0,0.0,0.0,0.0,0.0,0.0,0.018372706718641,0.0,0.0,0.0,0.0,0.0,0.0,4.318,3.989,4.164,4.23,3.977,4.329,3.995,4.294,4.318,4.167,4.164,4.23,3.977,4.329,3.995,4.294,4.830323e-07,3.596917e-06,1.418505e-06,1.348935e-07,1.188434e-07,5.702852e-07,7.220507e-07,7.528058e-07,8.470588235294112,7.797332900000001,-0.6732553352941117,0.6732553352941117,0.6732553352941117
310,310,True,3,0.003040788872549,9.246396967418288e-06,0.003040788872549,2.48354829e-05,0.4224624280392158,0.1929375,0.0,0.0,0.2039215686274509,0.0,0.0,0.0,0.0,0.0,0.0,0.0,0.2069623574999999,0.0,0.0,0.0,0.0,0.0,0.0,0.0,0.003040788872549,0.0,0.0,0.0,0.0,0.0,0.0,0.0,0.2039215686274509,0.0,0.0,0.0,0.0,0.0,0.0,0.0,0.0660329496396444,0.0,0.0,0.0,0.0,0.0,4.318,4.261,3.826,4.23,3.977,4.329,3.995,4.294,4.318,4.261,3.97,4.23,3.977,4.329,3.995,4.294,2.875983e-07,6.537375e-07,1.880235e-05,2.834616e-06,1.989038e-07,5.560262e-07,7.730335e-07,7.292176e-07,24.47058823529411,24.8354829,0.3648946647058899,0.3648946647058899,0.3648946647058899
311,311,True,12,0.0174217842156863,0.0003035185652579,0.0174217842156863,4.86788494e-05,0.2506137075490197,0.1425282798430261,0.0,0.0,0.0,0.0,0.388235294117647,0.0,0.0,0.0,0.0,0.0,0.0,0.0,0.4056570783333333,0.0,0.0,0.0,0.0,0.0,0.0,0.0,0.0174217842156863,0.0,0.0,0.0,0.0,0.0,0.0,0.0,0.388235294117647,0.0,0.0,0.0,0.0,0.0,0.0,0.0,0.2326332593185781,0.0,0.0,0.0,4.318,4.261,4.164,4.23,3.614,4.329,3.995,4.294,4.318,4.261,4.164,4.23,3.697,4.329,3.995,4.294,2.96098e-07,6.789232e-07,1.486258e-06,7.331974e-07,4.307371e-05,8.596334e-07,8.243987e-07,7.266307e-07,46.58823529411764,48.6788494,2.0906141058823597,2.0906141058823597,2.0906141058823597
312,312,True,5,0.0117089194607842,0.0001370987949391,0.0117089194607842,2.30655179e-05,0.5070995455392159,0.1012921875,0.0,0.2039215686274509,0.0,0.0,0.0,0.0,0.0,0.0,0.0,0.1922126491666666,0.0,0.0,0.0,0.0,0.0,0.0,0.0,-0.0117089194607842,0.0,0.0,0.0,0.0,0.0,0.0,0.0,0.2039215686274509,0.0,0.0,0.0,0.0,0.0,0.0,0.0,0.0345581284011426,0.0,0.0,0.0,0.0,0.0,0.0,4.318,3.912,4.164,4.23,3.977,4.329,3.995,4.294,4.318,4.085,4.164,4.23,3.977,4.329,3.995,4.294,1.328449e-06,1.780247e-05,1.5824e-06,1.382935e-07,1.181618e-07,5.922554e-07,7.215679e-07,7.819203e-07,24.47058823529411,23.0655179,-1.4050703352941092,1.4050703352941092,1.4050703352941092
313,313,True,6,0.0180792253921568,0.0003268583907804,0.0180792253921568,0.0001108753894,1.15017360122549,0.2233492734375,0.0,0.0,0.9058823529411764,0.0,0.0,0.0,0.0,0.0,0.0,0.0,0.9239615783333333,0.0,0.0,0.0,0.0,0.0,0.0,0.0,0.0180792253921568,0.0,0.0,0.0,0.0,0.0,0.0,0.0,0.9058823529411764,0.0,0.0,0.0,0.0,0.0,0.0,0.0,0.3376515717005365,0.0,0.0,0.0,0.0,0.0,4.318,4.261,3.483,4.23,3.977,4.329,3.995,4.294,4.318,4.261,3.75,4.23,3.977,4.329,3.995,4.294,3.333361e-07,6.622951e-07,9.836741e-05,8.977955e-06,4.147375e-07,5.522755e-07,8.356588e-07,7.317214e-07,108.70588235294116,110.8753894,2.169507047058829,2.169507047058829,2.169507047058829
314,314,True,2,0.0185596500490196,0.000344460609942,0.0185596500490196,4.88153933e-05,0.590822625882353,0.385875,0.0,0.0,0.0,0.388235294117647,0.0,0.0,0.0,0.0,0.0,0.0,0.0,0.4067949441666666,0.0,0.0,0.0,0.0,0.0,0.0,0.0,0.0185596500490196,0.0,0.0,0.0,0.0,0.0,0.0,0.0,0.388235294117647,0.0,0.0,0.0,0.0,0.0,0.0,0.0,0.1405897267845587,0.0,0.0,0.0,0.0,4.318,4.261,4.164,3.803,3.977,4.329,3.995,4.294,4.318,4.261,4.164,3.968,3.977,4.329,3.995,4.294,2.392831e-07,8.370124e-07,4.468954e-07,4.430302e-05,8.884878e-07,5.550087e-07,7.342643e-07,8.114216e-07,46.58823529411764,48.8153933,2.227158005882359,2.227158005882359,2.227158005882359
315,315,True,4,0.0127495828921571,0.0001625518639239,0.0127495828921571,0.0001102358323,1.021243952892157,0.4254271875,0.0,0.9058823529411764,0.0,0.0,0.0,0.0,0.0,0.0,0.0,0.9186319358333336,0.0,0.0,0.0,0.0,0.0,0.0,0.0,0.0127495828921571,0.0,0.0,0.0,0.0,0.0,0.0,0.0,0.9058823529411764,0.0,0.0,0.0,0.0,0.0,0.0,0.0,0.3140921075792153,0.0,0.0,0.0,0.0,0.0,0.0,4.318,3.62,4.164,4.23,3.977,4.329,3.995,4.294,4.318,3.86,4.164,4.23,3.977,4.329,3.995,4.294,5.847779e-06,9.976057e-05,2.168176e-06,1.432778e-07,1.171323e-07,6.369715e-07,7.214059e-07,8.405198e-07,108.70588235294116,110.2358323,1.529949947058853,1.529949947058853,1.529949947058853
316,316,True,3,0.0147867692647057,0.0002186485452876,0.0147867692647057,0.0001109508828999,1.15976786509804,0.40516875,0.0,0.0,0.9098039215686275,0.0,0.0,0.0,0.0,0.0,0.0,0.0,0.9245906908333332,0.0,0.0,0.0,0.0,0.0,0.0,0.0,0.0147867692647057,0.0,0.0,0.0,0.0,0.0,0.0,0.0,0.9098039215686275,0.0,0.0,0.0,0.0,0.0,0.0,0.0,0.3380995580663909,0.0,0.0,0.0,0.0,0.0,4.318,4.261,3.481,4.23,3.977,4.329,3.995,4.294,4.318,4.261,3.75,4.23,3.977,4.329,3.995,4.294,3.315506e-07,6.57147e-07,9.845912e-05,8.967685e-06,4.150592e-07,5.526953e-07,8.363376e-07,7.312882e-07,109.1764705882353,110.9508829,1.7744123117646922,1.7744123117646922,1.7744123117646922
317,317,True,4,0.014164647598039,0.0002006372415766,0.014164647598039,0.0001108762283,1.0244278734313723,0.4254271875,0.0,0.9098039215686275,0.0,0.0,0.0,0.0,0.0,0.0,0.0,0.9239685691666666,0.0,0.0,0.0,0.0,0.0,0.0,0.0,0.014164647598039,0.0,0.0,0.0,0.0,0.0,0.0,0.0,0.9098039215686275,0.0,0.0,0.0,0.0,0.0,0.0,0.0,0.3160117517889395,0.0,0.0,0.0,0.0,0.0,0.0,4.318,3.619,4.164,4.23,3.977,4.329,3.995,4.294,4.318,3.859,4.164,4.23,3.977,4.329,3.995,4.294,5.885744e-06,0.00010036,2.1706e-06,1.420216e-07,1.1634e-07,6.396587e-07,7.234034e-07,8.384606e-07,109.1764705882353,110.8762283,1.6997577117646898,1.6997577117646898,1.6997577117646898
318,318,True,3,0.0112818596568627,0.0001272803573171,0.0112818596568627,2.07638239e-05,0.404479864509804,0.1929375,0.0,0.0,0.184313725490196,0.0,0.0,0.0,0.0,0.0,0.0,0.0,0.1730318658333333,0.0,0.0,0.0,0.0,0.0,0.0,0.0,-0.0112818596568627,0.0,0.0,0.0,0.0,0.0,0.0,0.0,0.184313725490196,0.0,0.0,0.0,0.0,0.0,0.0,0.0,0.0602106454705881,0.0,0.0,0.0,0.0,0.0,4.318,4.261,3.838,4.23,3.977,4.329,3.995,4.294,4.318,4.261,3.987,4.23,3.977,4.329,3.995,4.294,2.885955e-07,6.656527e-07,1.505915e-05,2.484433e-06,1.903798e-07,5.621138e-07,7.74841e-07,7.386581e-07,22.11764705882352,20.7638239,-1.3538231588235234,1.3538231588235234,1.3538231588235234
319,319,True,6,0.001958165490196,3.834412086994567e-06,0.001958165490196,2.18826672e-05,0.4904453470098041,0.106356796875,0.0,0.184313725490196,0.0,0.0,0.0,0.0,0.0,0.0,0.0,0.18235556,0.0,0.0,0.0,0.0,0.0,0.0,0.0,-0.001958165490196,0.0,0.0,0.0,0.0,0.0,0.0,0.0,0.184313725490196,0.0,0.0,0.0,0.0,0.0,0.0,0.0,0.0335606230111503,0.0,0.0,0.0,0.0,0.0,0.0,4.318,3.923,4.164,4.23,3.977,4.329,3.995,4.294,4.318,4.09,4.164,4.23,3.977,4.329,3.995,4.294,1.268576e-06,1.665845e-05,1.583048e-06,1.413985e-07,1.219596e-07,5.945987e-07,7.307736e-07,7.838628e-07,22.11764705882352,21.8826672,-0.2349798588235216,0.2349798588235216,0.2349798588235216
320,320,True,3,0.0037978547549019,1.4423700739331245e-05,0.0037978547549019,8.4854339e-06,0.191406290245098,0.40516875,0.0,0.0,0.0745098039215686,0.0,0.0,0.0,0.0,0.0,0.0,0.0,0.0707119491666666,0.0,0.0,0.0,0.0,0.0,0.0,0.0,-0.0037978547549019,0.0,0.0,0.0,0.0,0.0,0.0,0.0,0.0745098039215686,0.0,0.0,0.0,0.0,0.0,0.0,0.0,0.0371391511186335,0.0,0.0,0.0,0.0,0.0,4.318,4.261,3.945,4.23,3.977,4.329,3.995,4.294,4.318,4.261,4.055,4.23,3.977,4.329,3.995,4.294,2.7034e-07,6.680933e-07,4.075251e-06,1.255368e-06,1.530272e-07,5.623962e-07,7.60774e-07,7.401842e-07,8.941176470588232,8.4854339,-0.4557425705882316,0.4557425705882316,0.4557425705882316
321,321,True,2,0.0141942473039215,0.0002014766565248,0.0141942473039215,1.53503685e-05,0.1041652156372549,0.385875,0.0,0.0,0.0,0.0,0.1137254901960784,0.0,0.0,0.0,0.0,0.0,0.0,0.0,0.1279197375,0.0,0.0,0.0,0.0,0.0,0.0,0.0,0.0141942473039215,0.0,0.0,0.0,0.0,0.0,0.0,0.0,0.1137254901960784,0.0,0.0,0.0,0.0,0.0,0.0,0.0,0.0594148976075979,0.0,0.0,0.0,4.318,4.261,4.164,4.23,3.782,4.329,3.995,4.294,4.318,4.261,4.164,4.23,3.837,4.329,3.995,4.294,2.70569e-07,6.860866e-07,1.417478e-06,2.876965e-07,1.044847e-05,7.308775e-07,7.750978e-07,7.340931e-07,13.647058823529408,15.350368499999998,1.7033096764705906,1.7033096764705906,1.7033096764705906
322,322,True,4,0.0048428739215686,2.3453427820209334e-05,0.0048428739215686,8.360031599999999e-06,0.3801557160784314,0.202584375,0.0,0.0745098039215686,0.0,0.0,0.0,0.0,0.0,0.0,0.0,0.0696669299999999,0.0,0.0,0.0,0.0,0.0,0.0,0.0,-0.0048428739215686,0.0,0.0,0.0,0.0,0.0,0.0,0.0,0.0745098039215686,0.0,0.0,0.0,0.0,0.0,0.0,0.0,0.0191587947899816,0.0,0.0,0.0,0.0,0.0,0.0,4.318,3.987,4.164,4.23,3.977,4.329,3.995,4.294,4.318,4.163,4.164,4.23,3.977,4.329,3.995,4.294,5.204695e-07,4.059414e-06,1.439146e-06,1.371997e-07,1.230755e-07,5.813488e-07,7.326538e-07,7.667243e-07,8.941176470588232,8.3600316,-0.5811448705882327,0.5811448705882327,0.5811448705882327
323,323,True,2,0.0092102148039216,8.482805673437667e-05,0.0092102148039216,1.47522846e-05,0.2370552023039215,0.385875,0.0,0.0,0.0,0.1137254901960784,0.0,0.0,0.0,0.0,0.0,0.0,0.0,0.122935705,0.0,0.0,0.0,0.0,0.0,0.0,0.0,0.0092102148039216,0.0,0.0,0.0,0.0,0.0,0.0,0.0,0.1137254901960784,0.0,0.0,0.0,0.0,0.0,0.0,0.0,0.0192736105242646,0.0,0.0,0.0,0.0,4.318,4.261,4.164,3.989,3.977,4.329,3.995,4.294,4.318,4.261,4.164,4.097,3.977,4.329,3.995,4.294,2.402972e-07,7.654301e-07,3.559626e-07,1.09245e-05,4.00864e-07,5.535946e-07,7.360937e-07,7.755424e-07,13.647058823529408,14.7522846,1.1052257764705915,1.1052257764705915,1.1052257764705915
324,324,True,2,0.0146033603431372,0.0002132581333115,0.0146033603431372,1.58700503e-05,0.1059499528431372,0.385875,0.0,0.0,0.0,0.0,0.1176470588235294,0.0,0.0,0.0,0.0,0.0,0.0,0.0,0.1322504191666667,0.0,0.0,0.0,0.0,0.0,0.0,0.0,0.0146033603431372,0.0,0.0,0.0,0.0,0.0,0.0,0.0,0.1176470588235294,0.0,0.0,0.0,0.0,0.0,0.0,0.0,0.0616915324648284,0.0,0.0,0.0,4.318,4.261,4.164,4.23,3.779,4.329,3.995,4.294,4.318,4.261,4.164,4.23,3.834,4.329,3.995,4.294,2.720583e-07,6.884827e-07,1.414843e-06,2.935406e-07,1.095753e-05,7.33049e-07,7.767592e-07,7.337875e-07,14.117647058823527,15.8700503,1.7524032411764736,1.7524032411764736,1.7524032411764736
326,326,True,2,0.0099161828431372,9.833068217852984e-05,0.0099161828431372,1.5307589e-05,0.2408721253431371,0.385875,0.0,0.0,0.0,0.1176470588235294,0.0,0.0,0.0,0.0,0.0,0.0,0.0,0.1275632416666666,0.0,0.0,0.0,0.0,0.0,0.0,0.0,0.0099161828431372,0.0,0.0,0.0,0.0,0.0,0.0,0.0,0.1176470588235294,0.0,0.0,0.0,0.0,0.0,0.0,0.0,0.0211961673710784,0.0,0.0,0.0,0.0,4.318,4.261,4.164,3.986,3.977,4.329,3.995,4.294,4.318,4.261,4.164,4.094,3.977,4.329,3.995,4.294,2.40266e-07,7.691231e-07,3.485333e-07,1.146439e-05,4.11196e-07,5.548669e-07,7.382208e-07,7.809929e-07,14.117647058823527,15.307588999999998,1.1899419411764711,1.1899419411764711,1.1899419411764711
327,327,True,4,0.0028247867156861,7.979419989116997e-06,0.0028247867156861,9.0727903e-06,0.3881765849509804,0.202584375,0.0,0.0784313725490195,0.0,0.0,0.0,0.0,0.0,0.0,0.0,0.0756065858333333,0.0,0.0,0.0,0.0,0.0,0.0,0.0,-0.0028247867156861,0.0,0.0,0.0,0.0,0.0,0.0,0.0,0.0784313725490195,0.0,0.0,0.0,0.0,0.0,0.0,0.0,0.0202255599821598,0.0,0.0,0.0,0.0,0.0,0.0,4.318,3.984,4.164,4.23,3.977,4.329,3.995,4.294,4.318,4.158,4.164,4.23,3.977,4.329,3.995,4.294,5.580341e-07,4.70333e-06,1.458175e-06,1.388328e-07,1.227245e-07,5.868465e-07,7.344856e-07,7.703618e-07,9.41176470588234,9.0727903,-0.3389744058823396,0.3389744058823396,0.3389744058823396
328,328,True,3,0.0057416135784313,3.296612648402679e-05,0.0057416135784313,2.23698299e-05,0.4171610780882353,0.1929375,0.0,0.0,0.192156862745098,0.0,0.0,0.0,0.0,0.0,0.0,0.0,0.1864152491666666,0.0,0.0,0.0,0.0,0.0,0.0,0.0,-0.0057416135784313,0.0,0.0,0.0,0.0,0.0,0.0,0.0,0.192156862745098,0.0,0.0,0.0,0.0,0.0,0.0,0.0,0.0624564629092524,0.0,0.0,0.0,0.0,0.0,4.318,4.261,3.833,4.23,3.977,4.329,3.995,4.294,4.318,4.261,3.981,4.23,3.977,4.329,3.995,4.294,2.91547e-07,6.686105e-07,1.648594e-05,2.631441e-06,1.980002e-07,5.679634e-07,7.831117e-07,7.432161e-07,23.05882352941176,22.369829900000003,-0.6889936294117582,0.6889936294117582,0.6889936294117582
329,329,True,6,0.0065197569117646,4.250723018850331e-05,0.0065197569117646,2.22764527e-05,0.500484447254902,0.106356796875,0.0,0.192156862745098,0.0,0.0,0.0,0.0,0.0,0.0,0.0,0.1856371058333333,0.0,0.0,0.0,0.0,0.0,0.0,0.0,-0.0065197569117646,0.0,0.0,0.0,0.0,0.0,0.0,0.0,0.192156862745098,0.0,0.0,0.0,0.0,0.0,0.0,0.0,0.0337336639676318,0.0,0.0,0.0,0.0,0.0,0.0,4.318,3.919,4.164,4.23,3.977,4.329,3.995,4.294,4.318,4.089,4.164,4.23,3.977,4.329,3.995,4.294,1.288312e-06,1.70037e-05,1.594567e-06,1.417461e-07,1.217057e-07,6.013221e-07,7.335381e-07,7.915617e-07,23.05882352941176,22.2764527,-0.7823708294117608,0.7823708294117608,0.7823708294117608
330,330,True,3,0.0065432722058822,4.281441116027109e-05,0.0065432722058822,7.32557809e-05,0.8828730263725489,0.40516875,0.0,0.0,0.6039215686274509,0.0,0.0,0.0,0.0,0.0,0.0,0.0,0.6104648408333332,0.0,0.0,0.0,0.0,0.0,0.0,0.0,0.0065432722058822,0.0,0.0,0.0,0.0,0.0,0.0,0.0,0.6039215686274509,0.0,0.0,0.0,0.0,0.0,0.0,0.0,0.1922963588158272,0.0,0.0,0.0,0.0,0.0,4.318,4.261,3.621,4.23,3.977,4.329,3.995,4.294,4.318,4.261,3.833,4.23,3.977,4.329,3.995,4.294,3.205133e-07,6.633974e-07,6.333682e-05,6.479045e-06,3.281737e-07,5.645493e-07,8.210153e-07,7.422669e-07,72.47058823529412,73.25578089999999,0.7851926647058747,0.7851926647058747,0.7851926647058747
331,331,True,3,0.0172105230392157,0.0002962021032833,0.0172105230392157,7.4535851e-05,0.8319943863725491,0.40516875,0.0,0.6039215686274509,0.0,0.0,0.0,0.0,0.0,0.0,0.0,0.6211320916666667,0.0,0.0,0.0,0.0,0.0,0.0,0.0,0.0172105230392157,0.0,0.0,0.0,0.0,0.0,0.0,0.0,0.6039215686274509,0.0,0.0,0.0,0.0,0.0,0.0,0.0,0.1578744982483271,0.0,0.0,0.0,0.0,0.0,0.0,4.318,3.739,4.164,4.23,3.977,4.329,3.995,4.294,4.318,3.939,4.164,4.23,3.977,4.329,3.995,4.294,4.031515e-06,6.607662e-05,1.96982e-06,1.451528e-07,1.202224e-07,6.31019e-07,7.296704e-07,8.318314e-07,72.47058823529412,74.53585100000001,2.065262764705892,2.065262764705892,2.065262764705892
332,332,True,3,0.014642991127451,0.0002144171891586,0.014642991127451,0.0001212865707,1.2488727427941178,0.40516875,0.0,0.0,0.996078431372549,0.0,0.0,0.0,0.0,0.0,0.0,0.0,1.0107214225,0.0,0.0,0.0,0.0,0.0,0.0,0.0,0.014642991127451,0.0,0.0,0.0,0.0,0.0,0.0,0.0,0.996078431372549,0.0,0.0,0.0,0.0,0.0,0.0,0.0,0.374144413430527,0.0,0.0,0.0,0.0,0.0,4.318,4.261,3.44,4.23,3.977,4.329,3.995,4.294,4.318,4.261,3.731,4.23,3.977,4.329,3.995,4.294,3.415056e-07,6.734878e-07,0.0001080305,9.652558e-06,4.423156e-07,5.596074e-07,8.486862e-07,7.379101e-07,119.52941176470588,121.2865707,1.7571589352941146,1.7571589352941146,1.7571589352941146
333,333,True,9,0.0177740131862745,0.0003159155447458,0.0177740131862745,6.23681757e-05,1.262610876519608,0.1231212869824219,0.0,0.0,0.0,0.0,0.5019607843137254,0.0,0.0,0.0,0.0,0.0,0.0,0.0,0.5197347975,0.0,0.0,0.0,0.0,0.0,0.0,0.0,0.0177740131862745,0.0,0.0,0.0,0.0,0.0,0.0,0.0,0.5019607843137254,0.0,0.0,0.0,0.0,0.0,0.0,0.0,0.3075122105673149,0.0,0.0,0.0,4.318,4.261,4.164,4.23,3.559,4.329,3.995,4.294,4.318,4.261,4.164,4.23,3.657,4.329,3.995,4.294,3.104708e-07,6.924795e-07,1.537318e-06,9.229061e-07,5.639656e-05,9.12445e-07,8.555194e-07,7.404769e-07,60.23529411764704,62.3681757,2.132881582352951,2.132881582352951,2.132881582352951
334,334,True,6,0.0039606055392157,1.568639623726635e-05,0.0039606055392157,0.0001190541391,1.0962172969607842,0.4690334742187501,0.0,0.996078431372549,0.0,0.0,0.0,0.0,0.0,0.0,0.0,0.9921178258333332,0.0,0.0,0.0,0.0,0.0,0.0,0.0,-0.0039606055392157,0.0,0.0,0.0,0.0,0.0,0.0,0.0,0.996078431372549,0.0,0.0,0.0,0.0,0.0,0.0,0.0,0.3516401902473242,0.0,0.0,0.0,0.0,0.0,0.0,4.318,3.584,4.164,4.23,3.977,4.329,3.995,4.294,4.318,3.844,4.164,4.23,3.977,4.329,3.995,4.294,6.294593e-06,0.0001080261,2.234992e-06,1.411519e-07,1.176639e-07,6.529251e-07,7.294316e-07,8.572816e-07,119.52941176470588,119.0541391,-0.4752726647058836,0.4752726647058836,0.4752726647058836
335,335,True,2,0.0120421431862746,0.0001450132125187,0.0120421431862746,6.16803513e-05,0.7517261523529412,0.385875,0.0,0.0,0.0,0.5019607843137254,0.0,0.0,0.0,0.0,0.0,0.0,0.0,0.5140029275,0.0,0.0,0.0,0.0,0.0,0.0,0.0,0.0120421431862746,0.0,0.0,0.0,0.0,0.0,0.0,0.0,0.5019607843137254,0.0,0.0,0.0,0.0,0.0,0.0,0.0,0.1853313043379901,0.0,0.0,0.0,0.0,4.318,4.261,4.164,3.739,3.977,4.329,3.995,4.294,4.318,4.261,4.164,3.934,3.977,4.329,3.995,4.294,2.412587e-07,8.69549e-07,6.386045e-07,5.673052e-05,1.055435e-06,5.686928e-07,7.412831e-07,8.350082e-07,60.23529411764704,61.6803513,1.4450571823529543,1.4450571823529543,1.4450571823529543
336,336,True,4,0.0148109497549019,0.0002193642326422,0.0148109497549019,0.0001208361375,0.6583951255882353,0.4254271875,0.0,0.0,0.0,0.0,0.992156862745098,0.0,0.0,0.0,0.0,0.0,0.0,0.0,1.0069678125,0.0,0.0,0.0,0.0,0.0,0.0,0.0,0.0148109497549019,0.0,0.0,0.0,0.0,0.0,0.0,0.0,0.992156862745098,0.0,0.0,0.0,0.0,0.0,0.0,0.0,0.6106624464461253,0.0,0.0,0.0,4.318,4.261,4.164,4.23,3.331,4.329,3.995,4.294,4.318,4.261,4.164,4.23,3.507,4.329,3.995,4.294,3.379665e-07,6.97926e-07,1.603819e-06,1.725283e-06,0.0001137995,1.00652e-06,9.310253e-07,7.340977e-07,119.05882352941175,120.8361375,1.7773139705882386,1.7773139705882386,1.7773139705882386
337,337,True,3,0.0042591414215686,1.814028564892217e-05,0.0042591414215686,0.0001195699205,1.4156440297549011,0.40516875,0.0,0.0,0.0,0.992156862745098,0.0,0.0,0.0,0.0,0.0,0.0,0.0,0.9964160041666666,0.0,0.0,0.0,0.0,0.0,0.0,0.0,0.0042591414215686,0.0,0.0,0.0,0.0,0.0,0.0,0.0,0.992156862745098,0.0,0.0,0.0,0.0,0.0,0.0,0.0,0.3892211369764707,0.0,0.0,0.0,0.0,4.318,4.261,4.164,3.456,3.977,4.329,3.995,4.294,4.318,4.261,4.164,3.802,3.977,4.329,3.995,4.294,2.403745e-07,9.477212e-07,1.924388e-06,0.0001125034,1.747183e-06,5.916953e-07,7.427262e-07,8.724323e-07,119.05882352941175,119.5699205,0.5110969705882411,0.5110969705882411,0.5110969705882411
338,338,True,3,0.0117046955392156,0.0001369998976657,0.0117046955392156,9.78751517e-05,1.0783014263725486,0.40516875,0.0,0.0,0.8039215686274511,0.0,0.0,0.0,0.0,0.0,0.0,0.0,0.8156262641666667,0.0,0.0,0.0,0.0,0.0,0.0,0.0,0.0117046955392156,0.0,0.0,0.0,0.0,0.0,0.0,0.0,0.8039215686274511,0.0,0.0,0.0,0.0,0.0,0.0,0.0,0.2836892203705151,0.0,0.0,0.0,0.0,0.0,4.318,4.261,3.53,4.23,3.977,4.329,3.995,4.294,4.318,4.261,3.779,4.23,3.977,4.329,3.995,4.294,3.342303e-07,6.672238e-07,8.620373e-05,8.135354e-06,3.891113e-07,5.645117e-07,8.363833e-07,7.446073e-07,96.47058823529412,97.8751517,1.4045634647058731,1.4045634647058731,1.4045634647058731
339,339,True,4,0.010500532205882,0.0001102611766067,0.010500532205882,9.77306521e-05,0.9721421963725486,0.4254271875,0.0,0.8039215686274511,0.0,0.0,0.0,0.0,0.0,0.0,0.0,0.8144221008333332,0.0,0.0,0.0,0.0,0.0,0.0,0.0,0.010500532205882,0.0,0.0,0.0,0.0,0.0,0.0,0.0,0.8039215686274511,0.0,0.0,0.0,0.0,0.0,0.0,0.0,0.2515457830030105,0.0,0.0,0.0,0.0,0.0,0.0,4.318,3.66,4.164,4.23,3.977,4.329,3.995,4.294,4.318,3.888,4.164,4.23,3.977,4.329,3.995,4.294,5.234971e-06,8.788844e-05,2.12001e-06,1.448379e-07,1.212218e-07,6.43187e-07,7.305828e-07,8.474016e-07,96.47058823529412,97.7306521,1.260063864705856,1.260063864705856,1.260063864705856
340,340,True,6,0.0033201330392156,1.102328339809124e-05,0.0033201330392156,1.51309958e-05,0.6845934794607842,0.2233492734375,0.0,0.0,0.1294117647058823,0.0,0.0,0.0,0.0,0.0,0.0,0.0,0.1260916316666666,0.0,0.0,0.0,0.0,0.0,0.0,0.0,-0.0033201330392156,0.0,0.0,0.0,0.0,0.0,0.0,0.0,0.1294117647058823,0.0,0.0,0.0,0.0,0.0,0.0,0.0,0.0509652298197667,0.0,0.0,0.0,0.0,0.0,4.318,4.261,3.874,4.23,3.977,4.329,3.995,4.294,4.318,4.261,4.014,4.23,3.977,4.329,3.995,4.294,2.893192e-07,6.792548e-07,9.907834e-06,1.974142e-06,1.807491e-07,5.722997e-07,7.785007e-07,7.488963e-07,15.529411764705875,15.1309958,-0.398415964705876,0.398415964705876,0.398415964705876
341,341,True,6,0.0184303130392156,0.0003396764387234,0.0184303130392156,1.33177742e-05,0.4360292069607843,0.2233492734375,0.0,0.1294117647058823,0.0,0.0,0.0,0.0,0.0,0.0,0.0,0.1109814516666666,0.0,0.0,0.0,0.0,0.0,0.0,0.0,-0.0184303130392156,0.0,0.0,0.0,0.0,0.0,0.0,0.0,0.1294117647058823,0.0,0.0,0.0,0.0,0.0,0.0,0.0,0.0255840848646685,0.0,0.0,0.0,0.0,0.0,0.0,4.318,3.955,4.164,4.23,3.977,4.329,3.995,4.294,4.318,4.131,4.164,4.23,3.977,4.329,3.995,4.294,7.997909e-07,8.616991e-06,1.518105e-06,1.413309e-07,1.251831e-07,5.937407e-07,7.400263e-07,7.826063e-07,15.529411764705875,13.3177742,-2.2116375647058764,2.2116375647058764,2.2116375647058764
343,343,True,5,0.0099331125980391,9.866672588532496e-05,0.0099331125980391,9.6315559e-06,0.3970122007352941,0.1012921875,0.0,0.0901960784313725,0.0,0.0,0.0,0.0,0.0,0.0,0.0,0.0802629658333333,0.0,0.0,0.0,0.0,0.0,0.0,0.0,-0.0099331125980391,0.0,0.0,0.0,0.0,0.0,0.0,0.0,0.0901960784313725,0.0,0.0,0.0,0.0,0.0,0.0,0.0,0.0210576188097058,0.0,0.0,0.0,0.0,0.0,0.0,4.318,3.978,4.164,4.23,3.977,4.329,3.995,4.294,4.318,4.154,4.164,4.23,3.977,4.329,3.995,4.294,5.908984e-07,5.185496e-06,1.481039e-06,1.397692e-07,1.250897e-07,5.920419e-07,7.390328e-07,7.781889e-07,10.8235294117647,9.6315559,-1.1919735117647026,1.1919735117647026,1.1919735117647026
344,344,True,8,0.0117140842647059,0.0001372197701606,0.0117140842647059,1.45821607e-05,0.3214500684313725,0.1172583685546875,0.0,0.0,0.1098039215686274,0.0,0.0,0.0,0.0,0.0,0.0,0.0,0.1215180058333333,0.0,0.0,0.0,0.0,0.0,0.0,0.0,0.0117140842647059,0.0,0.0,0.0,0.0,0.0,0.0,0.0,0.1098039215686274,0.0,0.0,0.0,0.0,0.0,0.0,0.0,0.0500050173041686,0.0,0.0,0.0,0.0,0.0,4.318,4.261,3.887,4.23,3.977,4.329,3.995,4.294,4.318,4.261,4.017,4.23,3.977,4.329,3.995,4.294,2.874611e-07,6.772983e-07,9.421455e-06,1.916552e-06,1.79197e-07,5.713748e-07,7.78211e-07,7.506115e-07,13.176470588235286,14.5821607,1.405690111764713,1.405690111764713,1.405690111764713
345,345,True,2,0.0072960650980392,5.3232565914827066e-05,0.0072960650980392,1.40519984e-05,0.4171199000980393,0.385875,0.0,0.1098039215686274,0.0,0.0,0.0,0.0,0.0,0.0,0.0,0.1170999866666666,0.0,0.0,0.0,0.0,0.0,0.0,0.0,0.0072960650980392,0.0,0.0,0.0,0.0,0.0,0.0,0.0,0.1098039215686274,0.0,0.0,0.0,0.0,0.0,0.0,0.0,0.0262551778202205,0.0,0.0,0.0,0.0,0.0,0.0,4.318,3.966,4.164,4.23,3.977,4.329,3.995,4.294,4.318,4.127,4.164,4.23,3.977,4.329,3.995,4.294,8.405633e-07,9.296776e-06,1.527074e-06,1.407403e-07,1.258931e-07,5.961105e-07,7.395602e-07,7.85281e-07,13.176470588235286,14.0519984,0.8755278117647141,0.8755278117647141,0.8755278117647141
346,346,True,3,0.0132295771568627,0.0001750217117493,0.0132295771568627,0.0001154699022,1.2096455721568626,0.40516875,0.0,0.0,0.9490196078431372,0.0,0.0,0.0,0.0,0.0,0.0,0.0,0.962249185,0.0,0.0,0.0,0.0,0.0,0.0,0.0,0.0132295771568627,0.0,0.0,0.0,0.0,0.0,0.0,0.0,0.9490196078431372,0.0,0.0,0.0,0.0,0.0,0.0,0.0,0.3520971447483086,0.0,0.0,0.0,0.0,0.0,4.318,4.261,3.463,4.23,3.977,4.329,3.995,4.294,4.318,4.261,3.743,4.23,3.977,4.329,3.995,4.294,3.407228e-07,6.724001e-07,0.000102573,9.299145e-06,4.314878e-07,5.612304e-07,8.497813e-07,7.421348e-07,113.88235294117646,115.4699022,1.587549258823529,1.587549258823529,1.587549258823529
347,347,True,4,0.0124386775,0.000154720697949,0.0124386775,8.14926413e-05,0.426624811666667,0.4254271875,0.0,0.0,0.0,0.0,0.6666666666666666,0.0,0.0,0.0,0.0,0.0,0.0,0.0,0.6791053441666667,0.0,0.0,0.0,0.0,0.0,0.0,0.0,0.0124386775,0.0,0.0,0.0,0.0,0.0,0.0,0.0,0.6666666666666666,0.0,0.0,0.0,0.0,0.0,0.0,0.0,0.4072373080578643,0.0,0.0,0.0,4.318,4.261,4.164,4.23,3.482,4.329,3.995,4.294,4.318,4.261,4.164,4.23,3.604,4.329,3.995,4.294,3.210301e-07,6.946465e-07,1.568413e-06,1.177142e-06,7.516635e-05,9.420193e-07,8.84497e-07,7.385434e-07,80.0,81.4926413,1.4926413000000025,1.4926413000000025,1.4926413000000025
348,348,True,4,0.0093715988235294,8.782686450917853e-05,0.0093715988235294,0.0001150069448,1.0618507004901965,0.4254271875,0.0,0.9490196078431372,0.0,0.0,0.0,0.0,0.0,0.0,0.0,0.9583912066666668,0.0,0.0,0.0,0.0,0.0,0.0,0.0,0.0093715988235294,0.0,0.0,0.0,0.0,0.0,0.0,0.0,0.9490196078431372,0.0,0.0,0.0,0.0,0.0,0.0,0.0,0.3334870884441392,0.0,0.0,0.0,0.0,0.0,0.0,4.318,3.603,4.164,4.23,3.977,4.329,3.995,4.294,4.318,3.852,4.164,4.23,3.977,4.329,3.995,4.294,6.093187e-06,0.0001041954,2.217433e-06,1.451348e-07,1.206861e-07,6.497048e-07,7.320677e-07,8.533314e-07,113.88235294117646,115.0069448,1.1245918588235355,1.1245918588235355,1.1245918588235355
349,349,True,3,0.0064034124999999,4.100369164515603e-05,0.0064034124999999,8.07684095e-05,0.9791818991666668,0.40516875,0.0,0.0,0.0,0.6666666666666666,0.0,0.0,0.0,0.0,0.0,0.0,0.0,0.6730700791666666,0.0,0.0,0.0,0.0,0.0,0.0,0.0,0.0064034124999999,0.0,0.0,0.0,0.0,0.0,0.0,0.0,0.6666666666666666,0.0,0.0,0.0,0.0,0.0,0.0,0.0,0.2499705734383333,0.0,0.0,0.0,0.0,4.318,4.261,4.164,3.647,3.977,4.329,3.995,4.294,4.318,4.261,4.164,3.887,3.977,4.329,3.995,4.294,2.41602e-07,8.967118e-07,9.990177e-07,7.517065e-05,1.294043e-06,5.738885e-07,7.449069e-07,8.475896e-07,80.0,80.7684095,0.7684095000000042,0.7684095000000042,0.7684095000000042
350,350,True,3,0.0127732667156866,0.00016315634259,0.0127732667156866,0.0001041210273,1.1274272075490197,0.40516875,0.0,0.0,0.8549019607843135,0.0,0.0,0.0,0.0,0.0,0.0,0.0,0.8676752275000001,0.0,0.0,0.0,0.0,0.0,0.0,0.0,0.0127732667156866,0.0,0.0,0.0,0.0,0.0,0.0,0.0,0.8549019607843135,0.0,0.0,0.0,0.0,0.0,0.0,0.0,0.3071544200336637,0.0,0.0,0.0,0.0,0.0,4.318,4.261,3.507,4.23,3.977,4.329,3.995,4.294,4.318,4.261,3.766,4.23,3.977,4.329,3.995,4.294,3.358525e-07,6.692435e-07,9.198127e-05,8.579896e-06,4.058115e-07,5.64059e-07,8.410725e-07,7.438223e-07,102.5882352941176,104.1210273,1.5327920058823992,1.5327920058823992,1.5327920058823992
351,351,True,4,0.0114066405392159,0.0001301114483908,0.0114066405392159,8.18393851e-05,0.4320694455392159,0.4254271875,0.0,0.0,0.0,0.0,0.6705882352941174,0.0,0.0,0.0,0.0,0.0,0.0,0.0,0.6819948758333333,0.0,0.0,0.0,0.0,0.0,0.0,0.0,0.0114066405392159,0.0,0.0,0.0,0.0,0.0,0.0,0.0,0.6705882352941174,0.0,0.0,0.0,0.0,0.0,0.0,0.0,0.4107057436088583,0.0,0.0,0.0,4.318,4.261,4.164,4.23,3.48,4.329,3.995,4.294,4.318,4.261,4.164,4.23,3.603,4.329,3.995,4.294,3.192079e-07,6.99119e-07,1.562712e-06,1.194629e-06,7.548961e-05,9.53826e-07,8.817855e-07,7.384957e-07,80.47058823529409,81.8393851,1.3687968647059137,1.3687968647059137,1.3687968647059137
352,352,True,4,0.0110778842156865,0.0001227195186961,0.0110778842156865,0.0001039175814,1.0038927550490202,0.4254271875,0.0,0.8549019607843135,0.0,0.0,0.0,0.0,0.0,0.0,0.0,0.865979845,0.0,0.0,0.0,0.0,0.0,0.0,0.0,0.0110778842156865,0.0,0.0,0.0,0.0,0.0,0.0,0.0,0.8549019607843135,0.0,0.0,0.0,0.0,0.0,0.0,0.0,0.2820493054181616,0.0,0.0,0.0,0.0,0.0,0.0,4.318,3.64,4.164,4.23,3.977,4.329,3.995,4.294,4.318,3.875,4.164,4.23,3.977,4.329,3.995,4.294,5.526378e-06,9.374425e-05,2.15431e-06,1.450711e-07,1.208145e-07,6.485887e-07,7.316437e-07,8.465254e-07,102.5882352941176,103.9175814,1.3293461058823937,1.3293461058823937,1.3293461058823937
353,353,True,4,0.0168817001470587,0.0002849917998552,0.0168817001470587,1.8209490100000003e-05,0.3855191031862744,0.202584375,0.0,0.0,0.1686274509803921,0.0,0.0,0.0,0.0,0.0,0.0,0.0,0.1517457508333333,0.0,0.0,0.0,0.0,0.0,0.0,0.0,-0.0168817001470587,0.0,0.0,0.0,0.0,0.0,0.0,0.0,0.1686274509803921,0.0,0.0,0.0,0.0,0.0,0.0,0.0,0.0560550127140195,0.0,0.0,0.0,0.0,0.0,4.318,4.261,3.849,4.23,3.977,4.329,3.995,4.294,4.318,4.261,3.999,4.23,3.977,4.329,3.995,4.294,2.903016e-07,6.782061e-07,1.268724e-05,2.262512e-06,1.89328e-07,5.728323e-07,7.824888e-07,7.465813e-07,20.23529411764705,18.209490100000004,-2.025804017647051,2.025804017647051,2.025804017647051
354,354,True,3,0.0049563497058826,2.4565402407003094e-05,0.0049563497058826,8.10653502e-05,0.981740363039216,0.40516875,0.0,0.0,0.0,0.6705882352941174,0.0,0.0,0.0,0.0,0.0,0.0,0.0,0.675544585,0.0,0.0,0.0,0.0,0.0,0.0,0.0,0.0049563497058826,0.0,0.0,0.0,0.0,0.0,0.0,0.0,0.6705882352941174,0.0,0.0,0.0,0.0,0.0,0.0,0.0,0.2520493298569725,0.0,0.0,0.0,0.0,4.318,4.261,4.164,3.645,3.977,4.329,3.995,4.294,4.318,4.261,4.164,3.886,3.977,4.329,3.995,4.294,2.415299e-07,8.983868e-07,1.00459e-06,7.545849e-05,1.296481e-06,5.775634e-07,7.43278e-07,8.450311e-07,80.47058823529409,81.06535020000001,0.5947619647059241,0.5947619647059241,0.5947619647059241
355,355,True,7,0.0047483013137254,2.2546365365926784e-05,0.0047483013137254,1.966549796e-05,0.4779498356862746,0.11167463671875,0.0,0.1686274509803921,0.0,0.0,0.0,0.0,0.0,0.0,0.0,0.1638791496666666,0.0,0.0,0.0,0.0,0.0,0.0,0.0,-0.0047483013137254,0.0,0.0,0.0,0.0,0.0,0.0,0.0,0.1686274509803921,0.0,0.0,0.0,0.0,0.0,0.0,0.0,0.0319657553469524,0.0,0.0,0.0,0.0,0.0,0.0,4.318,3.932,4.164,4.23,3.977,4.329,3.995,4.294,4.318,4.098,4.164,4.23,3.977,4.329,3.995,4.294,1.272973e-06,1.331557e-05,1.650791e-06,1.158686e-06,7.551336e-08,6.291036e-07,7.34247e-07,8.28614e-07,20.23529411764705,19.66549796,-0.5697961576470547,0.5697961576470547,0.5697961576470547
356,356,True,3,0.0072124131862745,5.201890396954744e-05,0.0072124131862745,1.31007837e-05,0.3122703890196079,0.40516875,0.0,0.0,0.1019607843137254,0.0,0.0,0.0,0.0,0.0,0.0,0.0,0.1091731974999999,0.0,0.0,0.0,0.0,0.0,0.0,0.0,0.0072124131862745,0.0,0.0,0.0,0.0,0.0,0.0,0.0,0.1019607843137254,0.0,0.0,0.0,0.0,0.0,0.0,0.0,0.0474277204201653,0.0,0.0,0.0,0.0,0.0,4.318,4.261,3.892,4.23,3.977,4.329,3.995,4.294,4.318,4.261,4.025,4.23,3.977,4.329,3.995,4.294,2.85362e-07,6.802863e-07,8.105129e-06,1.761551e-06,1.743513e-07,5.712972e-07,7.761184e-07,7.466885e-07,12.235294117647047,13.1007837,0.86548958235295,0.86548958235295,0.86548958235295
357,357,True,2,0.006961353480392,4.846044227896688e-05,0.006961353480392,1.13999317e-05,0.4076024915196078,0.385875,0.0,0.1019607843137254,0.0,0.0,0.0,0.0,0.0,0.0,0.0,0.0949994308333333,0.0,0.0,0.0,0.0,0.0,0.0,0.0,-0.006961353480392,0.0,0.0,0.0,0.0,0.0,0.0,0.0,0.1019607843137254,0.0,0.0,0.0,0.0,0.0,0.0,0.0,0.023388552041544,0.0,0.0,0.0,0.0,0.0,0.0,4.318,3.971,4.164,4.23,3.977,4.329,3.995,4.294,4.318,4.142,4.164,4.23,3.977,4.329,3.995,4.294,6.938595e-07,6.840526e-06,1.490572e-06,1.391873e-07,1.26239e-07,5.93715e-07,7.374384e-07,7.783945e-07,12.235294117647047,11.3999317,-0.8353624176470493,0.8353624176470493,0.8353624176470493
358,358,True,2,0.0087120785784313,7.590031315676265e-05,0.0087120785784313,6.0133741e-06,0.107813249754902,0.385875,0.0,0.0,0.0588235294117647,0.0,0.0,0.0,0.0,0.0,0.0,0.0,0.0501114508333333,0.0,0.0,0.0,0.0,0.0,0.0,0.0,-0.0087120785784313,0.0,0.0,0.0,0.0,0.0,0.0,0.0,0.0588235294117647,0.0,0.0,0.0,0.0,0.0,0.0,0.0,0.0293929003438725,0.0,0.0,0.0,0.0,0.0,4.318,4.261,3.991,4.23,3.977,4.329,3.995,4.294,4.318,4.261,4.078,4.23,3.977,4.329,3.995,4.294,2.712678e-07,6.817575e-07,1.901038e-06,9.263343e-07,1.496425e-07,5.73174e-07,7.602787e-07,7.498813e-07,7.058823529411764,6.0133741,-1.0454494294117636,1.0454494294117636,1.0454494294117636
359,359,True,6,0.0145855489215687,0.0002127382373434,0.0145855489215687,1.68090894e-05,0.1108842730882353,0.2233492734375,0.0,0.0,0.0,0.0,0.1254901960784313,0.0,0.0,0.0,0.0,0.0,0.0,0.0,0.140075745,0.0,0.0,0.0,0.0,0.0,0.0,0.0,0.0145855489215687,0.0,0.0,0.0,0.0,0.0,0.0,0.0,0.1254901960784313,0.0,0.0,0.0,0.0,0.0,0.0,0.0,0.0656048602617908,0.0,0.0,0.0,4.318,4.261,4.164,4.23,3.773,4.329,3.995,4.294,4.318,4.261,4.164,4.23,3.829,4.329,3.995,4.294,2.776628e-07,6.959787e-07,1.432976e-06,3.040017e-07,1.182578e-05,7.448784e-07,7.850067e-07,7.428051e-07,15.058823529411754,16.8090894,1.7502658705882477,1.7502658705882477,1.7502658705882477
361,361,True,3,0.0049642759313727,2.464403552280648e-05,0.0049642759313727,6.97721837e-05,0.8507915092647059,0.40516875,0.0,0.0,0.576470588235294,0.0,0.0,0.0,0.0,0.0,0.0,0.0,0.5814348641666667,0.0,0.0,0.0,0.0,0.0,0.0,0.0,0.0049642759313727,0.0,0.0,0.0,0.0,0.0,0.0,0.0,0.576470588235294,0.0,0.0,0.0,0.0,0.0,0.0,0.0,0.1798163154759739,0.0,0.0,0.0,0.0,0.0,4.318,4.261,3.634,4.23,3.977,4.329,3.995,4.294,4.318,4.261,3.841,4.23,3.977,4.329,3.995,4.294,3.224657e-07,6.649602e-07,6.009938e-05,6.234702e-06,3.22361e-07,5.650703e-07,8.218102e-07,7.414343e-07,69.17647058823528,69.7721837,0.5957131117647236,0.5957131117647236,0.5957131117647236
362,362,True,2,0.0086207014215687,7.431649299983669e-05,0.0086207014215687,1.6093307699999998e-05,0.2510592730882354,0.385875,0.0,0.0,0.0,0.1254901960784313,0.0,0.0,0.0,0.0,0.0,0.0,0.0,0.1341108975,0.0,0.0,0.0,0.0,0.0,0.0,0.0,0.0086207014215687,0.0,0.0,0.0,0.0,0.0,0.0,0.0,0.1254901960784313,0.0,0.0,0.0,0.0,0.0,0.0,0.0,0.0245342958126223,0.0,0.0,0.0,0.0,4.318,4.261,4.164,3.98,3.977,4.329,3.995,4.294,4.318,4.261,4.164,4.09,3.977,4.329,3.995,4.294,2.451533e-07,7.788704e-07,3.381055e-07,1.221235e-05,4.268796e-07,5.620979e-07,7.427901e-07,7.870609e-07,15.058823529411754,16.093307699999997,1.034484170588243,1.034484170588243,1.034484170588243
363,363,True,4,0.0119873150490195,0.0001436957220844,0.0119873150490195,9.602671309999998e-05,0.5080839933823528,0.4254271875,0.0,0.0,0.0,0.0,0.788235294117647,0.0,0.0,0.0,0.0,0.0,0.0,0.0,0.8002226091666665,0.0,0.0,0.0,0.0,0.0,0.0,0.0,0.0119873150490195,0.0,0.0,0.0,0.0,0.0,0.0,0.0,0.788235294117647,0.0,0.0,0.0,0.0,0.0,0.0,0.0,0.4864454975082352,0.0,0.0,0.0,4.318,4.261,4.164,4.23,3.426,4.329,3.995,4.294,4.318,4.261,4.164,4.23,3.566,4.329,3.995,4.294,3.293661e-07,6.94539e-07,1.585819e-06,1.376499e-06,8.944695e-05,9.57764e-07,9.042595e-07,7.315165e-07,94.58823529411764,96.02671309999998,1.4384778058823429,1.4384778058823429,1.4384778058823429
364,364,True,3,0.0178362425980392,0.0003181315500161,0.0178362425980392,7.13168197e-05,0.8121869600980393,0.40516875,0.0,0.576470588235294,0.0,0.0,0.0,0.0,0.0,0.0,0.0,0.5943068308333332,0.0,0.0,0.0,0.0,0.0,0.0,0.0,0.0178362425980392,0.0,0.0,0.0,0.0,0.0,0.0,0.0,0.576470588235294,0.0,0.0,0.0,0.0,0.0,0.0,0.0,0.1448961498583698,0.0,0.0,0.0,0.0,0.0,0.0,4.318,3.75,4.164,4.23,3.977,4.329,3.995,4.294,4.318,3.946,4.164,4.23,3.977,4.329,3.995,4.294,3.865682e-06,6.303975e-05,1.960035e-06,1.409463e-07,1.208858e-07,6.316554e-07,7.305702e-07,8.27295e-07,69.17647058823528,71.3168197,2.1403491117647206,2.1403491117647206,2.1403491117647206
365,365,True,3,0.0032319783823531,1.0445684263997876e-05,0.0032319783823531,9.49760727e-05,1.1329714408823532,0.40516875,0.0,0.0,0.0,0.788235294117647,0.0,0.0,0.0,0.0,0.0,0.0,0.0,0.7914672725000002,0.0,0.0,0.0,0.0,0.0,0.0,0.0,0.0032319783823531,0.0,0.0,0.0,0.0,0.0,0.0,0.0,0.788235294117647,0.0,0.0,0.0,0.0,0.0,0.0,0.0,0.3043788862072057,0.0,0.0,0.0,0.0,4.318,4.261,4.164,3.579,3.977,4.329,3.995,4.294,4.318,4.261,4.164,3.854,3.977,4.329,3.995,4.294,2.405394e-07,9.159602e-07,1.31049e-06,8.886448e-05,1.468209e-06,5.803024e-07,7.428055e-07,8.532862e-07,94.58823529411764,94.97607270000002,0.3878374058823794,0.3878374058823794,0.3878374058823794
366,366,True,3,0.0173162832843137,0.0002998536667826,0.0173162832843137,2.85102813e-05,0.5004873442156863,0.1929375,0.0,0.0,0.2549019607843137,0.0,0.0,0.0,0.0,0.0,0.0,0.0,0.2375856774999999,0.0,0.0,0.0,0.0,0.0,0.0,0.0,-0.0173162832843137,0.0,0.0,0.0,0.0,0.0,0.0,0.0,0.2549019607843137,0.0,0.0,0.0,0.0,0.0,0.0,0.0,0.0704929477560661,0.0,0.0,0.0,0.0,0.0,4.318,4.261,3.794,4.23,3.977,4.329,3.995,4.294,4.318,4.261,3.957,4.23,3.977,4.329,3.995,4.294,3.014355e-07,6.764928e-07,2.204694e-05,3.164009e-06,2.184472e-07,5.694105e-07,7.911448e-07,7.424015e-07,30.588235294117645,28.5102813,-2.077953994117646,2.077953994117646,2.077953994117646
367,367,True,5,0.0007647583823529,5.848553833791148e-07,0.0007647583823529,3.06800063e-05,0.5607631067156864,0.1012921875,0.0,0.2549019607843137,0.0,0.0,0.0,0.0,0.0,0.0,0.0,0.2556667191666666,0.0,0.0,0.0,0.0,0.0,0.0,0.0,0.0007647583823529,0.0,0.0,0.0,0.0,0.0,0.0,0.0,0.2549019607843137,0.0,0.0,0.0,0.0,0.0,0.0,0.0,0.0398279863635247,0.0,0.0,0.0,0.0,0.0,0.0,4.318,3.887,4.164,4.23,3.977,4.329,3.995,4.294,4.318,4.058,4.164,4.23,3.977,4.329,3.995,4.294,1.736012e-06,2.485626e-05,1.676254e-06,1.441751e-07,1.246274e-07,6.082886e-07,7.343712e-07,8.00018e-07,30.588235294117645,30.6800063,0.0917710058823573,0.0917710058823573,0.0917710058823573
369,369,True,4,0.0057793200490195,3.3400540228999575e-05,0.0057793200490195,2.47182463e-05,0.5218280691176471,0.09646875,0.0,0.2117647058823529,0.0,0.0,0.0,0.0,0.0,0.0,0.0,0.2059853858333333,0.0,0.0,0.0,0.0,0.0,0.0,0.0,-0.0057793200490195,0.0,0.0,0.0,0.0,0.0,0.0,0.0,0.2117647058823529,0.0,0.0,0.0,0.0,0.0,0.0,0.0,0.0357736627550551,0.0,0.0,0.0,0.0,0.0,0.0,4.318,3.908,4.164,4.23,3.977,4.329,3.995,4.294,4.318,4.079,4.164,4.23,3.977,4.329,3.995,4.294,1.417741e-06,1.928113e-05,1.619001e-06,1.434107e-07,1.249253e-07,6.051364e-07,7.359237e-07,7.909782e-07,25.411764705882348,24.7182463,-0.6935184058823474,0.6935184058823474,0.6935184058823474
370,370,True,4,0.0158379022058825,0.000250839146283,0.0158379022058825,3.4371136500000004e-05,0.5130704988725492,0.202584375,0.0,0.0,0.2705882352941175,0.0,0.0,0.0,0.0,0.0,0.0,0.0,0.2864261375,0.0,0.0,0.0,0.0,0.0,0.0,0.0,0.0158379022058825,0.0,0.0,0.0,0.0,0.0,0.0,0.0,0.2705882352941175,0.0,0.0,0.0,0.0,0.0,0.0,0.0,0.0773375402442032,0.0,0.0,0.0,0.0,0.0,4.318,4.261,3.786,4.23,3.977,4.329,3.995,4.294,4.318,4.261,3.937,4.23,3.977,4.329,3.995,4.294,3.037695e-07,6.733656e-07,2.741592e-05,3.637384e-06,2.336076e-07,5.694106e-07,7.953702e-07,7.42309e-07,32.4705882352941,34.371136500000006,1.900548264705904,1.900548264705904,1.900548264705904
371,371,True,3,0.0147265764705883,0.000216872054544,0.0147265764705883,3.9414248e-05,0.2133625248039217,0.40516875,0.0,0.0,0.0,0.0,0.3137254901960783,0.0,0.0,0.0,0.0,0.0,0.0,0.0,0.3284520666666667,0.0,0.0,0.0,0.0,0.0,0.0,0.0,0.0147265764705883,0.0,0.0,0.0,0.0,0.0,0.0,0.0,0.3137254901960783,0.0,0.0,0.0,0.0,0.0,0.0,0.0,0.1848343578718012,0.0,0.0,0.0,4.318,4.261,4.164,4.23,3.654,4.329,3.995,4.294,4.318,4.261,4.164,4.23,3.73,4.329,3.995,4.294,2.956969e-07,6.961188e-07,1.493603e-06,6.073777e-07,3.3915e-05,8.444217e-07,8.2578e-07,7.362499e-07,37.6470588235294,39.41424800000001,1.767189176470609,1.767189176470609,1.767189176470609
372,372,True,5,0.0054372330392158,2.9563503122740303e-05,0.0054372330392158,3.31230562e-05,0.5711393205392157,0.1012921875,0.0,0.2705882352941175,0.0,0.0,0.0,0.0,0.0,0.0,0.0,0.2760254683333333,0.0,0.0,0.0,0.0,0.0,0.0,0.0,0.0054372330392158,0.0,0.0,0.0,0.0,0.0,0.0,0.0,0.2705882352941175,0.0,0.0,0.0,0.0,0.0,0.0,0.0,0.0416906700973405,0.0,0.0,0.0,0.0,0.0,0.0,4.318,3.88,4.164,4.23,3.977,4.329,3.995,4.294,4.318,4.049,4.164,4.23,3.977,4.329,3.995,4.294,1.873498e-06,2.715633e-05,1.676773e-06,1.439338e-07,1.25072e-07,6.134185e-07,7.33836e-07,8.001949e-07,32.4705882352941,33.1230562,0.6524679647058989,0.6524679647058989,0.6524679647058989
373,373,True,6,0.0171218168137254,0.0002931566110027,0.0171218168137254,3.781932389999999e-05,0.5439971868137257,0.2233492734375,0.0,0.0,0.2980392156862745,0.0,0.0,0.0,0.0,0.0,0.0,0.0,0.3151610324999999,0.0,0.0,0.0,0.0,0.0,0.0,0.0,0.0171218168137254,0.0,0.0,0.0,0.0,0.0,0.0,0.0,0.2980392156862745,0.0,0.0,0.0,0.0,0.0,0.0,0.0,0.0810008009418053,0.0,0.0,0.0,0.0,0.0,4.318,4.261,3.771,4.23,3.977,4.329,3.995,4.294,4.318,4.261,3.926,4.23,3.977,4.329,3.995,4.294,3.080322e-07,6.770354e-07,3.05653e-05,3.913887e-06,2.425505e-07,5.718803e-07,7.985806e-07,7.420579e-07,35.76470588235294,37.81932389999999,2.0546180176470514,2.0546180176470514,2.0546180176470514
374,374,True,3,0.0033133731372549,1.0978441546682998e-05,0.0033133731372549,3.80446636e-05,0.497402498137255,0.40516875,0.0,0.0,0.0,0.3137254901960783,0.0,0.0,0.0,0.0,0.0,0.0,0.0,0.3170388633333333,0.0,0.0,0.0,0.0,0.0,0.0,0.0,0.0033133731372549,0.0,0.0,0.0,0.0,0.0,0.0,0.0,0.3137254901960783,0.0,0.0,0.0,0.0,0.0,0.0,0.0,0.097552349281072,0.0,0.0,0.0,0.0,4.318,4.261,4.164,3.848,3.977,4.329,3.995,4.294,4.318,4.261,4.164,4.002,3.977,4.329,3.995,4.294,2.431151e-07,8.275155e-07,3.299045e-07,3.377934e-05,7.519147e-07,5.641064e-07,7.401231e-07,8.086443e-07,37.6470588235294,38.0446636,0.397604776470601,0.397604776470601,0.397604776470601
375,375,True,3,0.0151083694607843,0.0002282628277635,0.0151083694607843,4.13424161e-05,0.219482818627451,0.40516875,0.0,0.0,0.0,0.0,0.3294117647058823,0.0,0.0,0.0,0.0,0.0,0.0,0.0,0.3445201341666666,0.0,0.0,0.0,0.0,0.0,0.0,0.0,0.0151083694607843,0.0,0.0,0.0,0.0,0.0,0.0,0.0,0.3294117647058823,0.0,0.0,0.0,0.0,0.0,0.0,0.0,0.1951301135578185,0.0,0.0,0.0,4.318,4.261,4.164,4.23,3.646,4.329,3.995,4.294,4.318,4.261,4.164,4.23,3.723,4.329,3.995,4.294,3.000261e-07,6.954111e-07,1.498168e-06,6.331424e-07,3.58022e-05,8.478874e-07,8.280534e-07,7.375277e-07,39.52941176470588,41.3424161,1.8130043352941168,1.8130043352941168,1.8130043352941168
376,376,True,6,0.0110723398529412,0.000122596709819,0.0110723398529412,3.4436025099999994e-05,0.5948291984803922,0.106356796875,0.0,0.2980392156862745,0.0,0.0,0.0,0.0,0.0,0.0,0.0,0.2869668758333333,0.0,0.0,0.0,0.0,0.0,0.0,0.0,-0.0110723398529412,0.0,0.0,0.0,0.0,0.0,0.0,0.0,0.2980392156862745,0.0,0.0,0.0,0.0,0.0,0.0,0.0,0.0424243158070281,0.0,0.0,0.0,0.0,0.0,0.0,4.318,3.867,4.164,4.23,3.977,4.329,3.995,4.294,4.318,4.045,4.164,4.23,3.977,4.329,3.995,4.294,1.927866e-06,2.838688e-05,1.700881e-06,1.442329e-07,1.234715e-07,6.163661e-07,7.339522e-07,8.023754e-07,35.76470588235294,34.436025099999995,-1.3286807823529472,1.3286807823529472,1.3286807823529472
377,377,True,6,0.0173943970588236,0.00030256504904,0.0173943970588236,3.879321000000001e-05,0.5523938962254903,0.2233492734375,0.0,0.0,0.3058823529411764,0.0,0.0,0.0,0.0,0.0,0.0,0.0,0.32327675,0.0,0.0,0.0,0.0,0.0,0.0,0.0,0.0173943970588236,0.0,0.0,0.0,0.0,0.0,0.0,0.0,0.3058823529411764,0.0,0.0,0.0,0.0,0.0,0.0,0.0,0.0819762346769028,0.0,0.0,0.0,0.0,0.0,4.318,4.261,3.767,4.23,3.977,4.329,3.995,4.294,4.318,4.261,3.923,4.23,3.977,4.329,3.995,4.294,3.069395e-07,6.705675e-07,3.14796e-05,3.975166e-06,2.458275e-07,5.733958e-07,7.971054e-07,7.446083e-07,36.70588235294117,38.79321000000001,2.087327647058842,2.087327647058842,2.087327647058842
378,378,True,3,0.0022005644607843,4.842483946066965e-06,0.0022005644607843,3.97934795e-05,0.514734513627451,0.40516875,0.0,0.0,0.0,0.3294117647058823,0.0,0.0,0.0,0.0,0.0,0.0,0.0,0.3316123291666666,0.0,0.0,0.0,0.0,0.0,0.0,0.0,0.0022005644607843,0.0,0.0,0.0,0.0,0.0,0.0,0.0,0.3294117647058823,0.0,0.0,0.0,0.0,0.0,0.0,0.0,0.105011057522506,0.0,0.0,0.0,0.0,4.318,4.261,4.164,3.839,3.977,4.329,3.995,4.294,4.318,4.261,4.164,3.996,3.977,4.329,3.995,4.294,2.422425e-07,8.339302e-07,3.443847e-07,3.547739e-05,7.762265e-07,5.670473e-07,7.410855e-07,8.111728e-07,39.52941176470588,39.7934795,0.2640677352941196,0.2640677352941196,0.2640677352941196
379,379,True,3,0.0151242082843137,0.0002287416762273,0.0151242082843137,4.32266697e-05,0.2296029941176471,0.40516875,0.0,0.0,0.0,0.0,0.3450980392156862,0.0,0.0,0.0,0.0,0.0,0.0,0.0,0.3602222475,0.0,0.0,0.0,0.0,0.0,0.0,0.0,0.0151242082843137,0.0,0.0,0.0,0.0,0.0,0.0,0.0,0.3450980392156862,0.0,0.0,0.0,0.0,0.0,0.0,0.0,0.2045555560551898,0.0,0.0,0.0,4.318,4.261,4.164,4.23,3.637,4.329,3.995,4.294,4.318,4.261,4.164,4.23,3.716,4.329,3.995,4.294,2.978748e-07,6.946328e-07,1.501623e-06,6.677807e-07,3.763159e-05,8.648067e-07,8.284417e-07,7.3992e-07,41.41176470588235,43.2266697,1.8149049941176545,1.8149049941176545,1.8149049941176545
380,380,True,5,0.0130905912254902,0.0001713635786328,0.0130905912254902,3.8276753300000006e-05,0.5971719953921569,0.1012921875,0.0,0.3058823529411764,0.0,0.0,0.0,0.0,0.0,0.0,0.0,0.3189729441666666,0.0,0.0,0.0,0.0,0.0,0.0,0.0,0.0130905912254902,0.0,0.0,0.0,0.0,0.0,0.0,0.0,0.3058823529411764,0.0,0.0,0.0,0.0,0.0,0.0,0.0,0.0447438261488479,0.0,0.0,0.0,0.0,0.0,0.0,4.318,3.864,4.164,4.23,3.977,4.329,3.995,4.294,4.318,4.033,4.164,4.23,3.977,4.329,3.995,4.294,2.124699e-06,3.199897e-05,1.728415e-06,1.429415e-07,1.242436e-07,6.183847e-07,7.329967e-07,8.061028e-07,36.70588235294117,38.2767533,1.570870947058836,1.570870947058836,1.570870947058836
381,381,True,6,0.0158808092647059,0.0002522001029019,0.0158808092647059,3.908216770000001e-05,0.5561313700980393,0.2233492734375,0.0,0.0,0.3098039215686274,0.0,0.0,0.0,0.0,0.0,0.0,0.0,0.3256847308333334,0.0,0.0,0.0,0.0,0.0,0.0,0.0,0.0158808092647059,0.0,0.0,0.0,0.0,0.0,0.0,0.0,0.3098039215686274,0.0,0.0,0.0,0.0,0.0,0.0,0.0,0.082306649365781,0.0,0.0,0.0,0.0,0.0,4.318,4.261,3.765,4.23,3.977,4.329,3.995,4.294,4.318,4.261,3.922,4.23,3.977,4.329,3.995,4.294,3.072296e-07,6.696785e-07,3.176081e-05,3.986986e-06,2.463491e-07,5.724386e-07,7.980119e-07,7.40664e-07,37.17647058823529,39.08216770000001,1.9056971117647168,1.9056971117647168,1.9056971117647168
382,382,True,2,0.0174064757843137,0.0003029853992299,0.0174064757843137,4.35005418e-05,0.535430541617647,0.385875,0.0,0.0,0.0,0.3450980392156862,0.0,0.0,0.0,0.0,0.0,0.0,0.0,0.3625045149999999,0.0,0.0,0.0,0.0,0.0,0.0,0.0,0.0174064757843137,0.0,0.0,0.0,0.0,0.0,0.0,0.0,0.3450980392156862,0.0,0.0,0.0,0.0,0.0,0.0,0.0,0.1206351620925244,0.0,0.0,0.0,0.0,4.318,4.261,4.164,3.829,3.977,4.329,3.995,4.294,4.318,4.261,4.164,3.984,3.977,4.329,3.995,4.294,2.409977e-07,8.39472e-07,3.825581e-07,3.909309e-05,8.260802e-07,5.668247e-07,7.388444e-07,8.126747e-07,41.41176470588235,43.5005418,2.0887770941176527,2.0887770941176527,2.0887770941176527
383,383,True,10,0.0123618834313725,0.0001528161619708,0.0123618834313725,3.86598966e-05,0.6006394675980393,0.129277351331543,0.0,0.3098039215686274,0.0,0.0,0.0,0.0,0.0,0.0,0.0,0.3221658049999999,0.0,0.0,0.0,0.0,0.0,0.0,0.0,0.0123618834313725,0.0,0.0,0.0,0.0,0.0,0.0,0.0,0.3098039215686274,0.0,0.0,0.0,0.0,0.0,0.0,0.0,0.045133821106512,0.0,0.0,0.0,0.0,0.0,0.0,4.318,3.862,4.164,4.23,3.977,4.329,3.995,4.294,4.318,4.031,4.164,4.23,3.977,4.329,3.995,4.294,2.158823e-06,3.236993e-05,1.722649e-06,1.434105e-07,1.227163e-07,6.124308e-07,7.306541e-07,7.992829e-07,37.17647058823529,38.6598966,1.4834260117647062,1.4834260117647062,1.4834260117647062
384,384,True,6,0.0172510109803922,0.0002975973798456,0.0172510109803922,4.58348272e-05,0.2388957451470589,0.2233492734375,0.0,0.0,0.0,0.0,0.3647058823529411,0.0,0.0,0.0,0.0,0.0,0.0,0.0,0.3819568933333333,0.0,0.0,0.0,0.0,0.0,0.0,0.0,0.0172510109803922,0.0,0.0,0.0,0.0,0.0,0.0,0.0,0.3647058823529411,0.0,0.0,0.0,0.0,0.0,0.0,0.0,0.2163640922430752,0.0,0.0,0.0,4.318,4.261,4.164,4.23,3.627,4.329,3.995,4.294,4.318,4.261,4.164,4.23,3.707,4.329,3.995,4.294,2.951755e-07,6.929907e-07,1.495281e-06,7.007247e-07,4.022806e-05,8.624906e-07,8.291552e-07,7.309495e-07,43.764705882352935,45.8348272,2.0701213176470645,2.0701213176470645,2.0701213176470645
385,385,True,3,0.0018407106372548,3.388215650103278e-06,0.0018407106372548,7.78679441e-05,0.9128769348039216,0.40516875,0.0,0.0,0.6470588235294118,0.0,0.0,0.0,0.0,0.0,0.0,0.0,0.6488995341666667,0.0,0.0,0.0,0.0,0.0,0.0,0.0,0.0018407106372548,0.0,0.0,0.0,0.0,0.0,0.0,0.0,0.6470588235294118,0.0,0.0,0.0,0.0,0.0,0.0,0.0,0.2116098966332598,0.0,0.0,0.0,0.0,0.0,4.318,4.261,3.601,4.23,3.977,4.329,3.995,4.294,4.318,4.261,3.821,4.23,3.977,4.329,3.995,4.294,3.23154e-07,6.65316e-07,6.766547e-05,6.75399e-06,3.403242e-07,5.634864e-07,8.229015e-07,7.33302e-07,77.64705882352942,77.8679441,0.2208852764705824,0.2208852764705824,0.2208852764705824
386,386,True,2,0.0166623009803922,0.0002776322739611,0.0166623009803922,4.5764182e-05,0.5628605201470589,0.385875,0.0,0.0,0.0,0.3647058823529411,0.0,0.0,0.0,0.0,0.0,0.0,0.0,0.3813681833333333,0.0,0.0,0.0,0.0,0.0,0.0,0.0,0.0166623009803922,0.0,0.0,0.0,0.0,0.0,0.0,0.0,0.3647058823529411,0.0,0.0,0.0,0.0,0.0,0.0,0.0,0.1292718197474263,0.0,0.0,0.0,0.0,4.318,4.261,4.164,3.817,3.977,4.329,3.995,4.294,4.318,4.261,4.164,3.977,3.977,4.329,3.995,4.294,2.405295e-07,8.404298e-07,4.096365e-07,4.130439e-05,8.550122e-07,5.633652e-07,7.38758e-07,8.120608e-07,43.764705882352935,45.764182000000005,1.9994761176470703,1.9994761176470703,1.9994761176470703
387,387,True,4,0.0109497591176469,0.0001198972247344,0.0109497591176469,9.07257358e-05,0.4707109466176468,0.4254271875,0.0,0.0,0.0,0.0,0.7450980392156864,0.0,0.0,0.0,0.0,0.0,0.0,0.0,0.7560477983333334,0.0,0.0,0.0,0.0,0.0,0.0,0.0,0.0109497591176469,0.0,0.0,0.0,0.0,0.0,0.0,0.0,0.7450980392156864,0.0,0.0,0.0,0.0,0.0,0.0,0.0,0.4623295345478639,0.0,0.0,0.0,4.318,4.261,4.164,4.23,3.446,4.329,3.995,4.294,4.318,4.261,4.164,4.23,3.578,4.329,3.995,4.294,3.239643e-07,6.927905e-07,1.559633e-06,1.312849e-06,8.42489e-05,9.724666e-07,8.892068e-07,7.259256e-07,89.41176470588236,90.7257358,1.3139710941176332,1.3139710941176332,1.3139710941176332
388,388,True,4,0.0005916626960785,3.5006474593097e-07,0.0005916626960785,7.75760593e-05,0.846706036470588,0.4254271875,0.0,0.6470588235294118,0.0,0.0,0.0,0.0,0.0,0.0,0.0,0.6464671608333332,0.0,0.0,0.0,0.0,0.0,0.0,0.0,-0.0005916626960785,0.0,0.0,0.0,0.0,0.0,0.0,0.0,0.6470588235294118,0.0,0.0,0.0,0.0,0.0,0.0,0.0,0.1736091212509809,0.0,0.0,0.0,0.0,0.0,0.0,4.318,3.722,4.164,4.23,3.977,4.329,3.995,4.294,4.318,3.93,4.164,4.23,3.977,4.329,3.995,4.294,4.177828e-06,6.896439e-05,1.988277e-06,1.432972e-07,1.208969e-07,6.310256e-07,7.265568e-07,8.237878e-07,77.64705882352942,77.5760593,-0.0709995235294229,0.0709995235294229,0.0709995235294229
389,389,True,3,0.0058208374019609,3.38821480600673e-05,0.0058208374019609,6.75220299e-05,0.819723247401961,0.40516875,0.0,0.0,0.5568627450980391,0.0,0.0,0.0,0.0,0.0,0.0,0.0,0.5626835825000001,0.0,0.0,0.0,0.0,0.0,0.0,0.0,0.0058208374019609,0.0,0.0,0.0,0.0,0.0,0.0,0.0,0.5568627450980391,0.0,0.0,0.0,0.0,0.0,0.0,0.0,0.173603080984338,0.0,0.0,0.0,0.0,0.0,4.318,4.261,3.643,4.23,3.977,4.329,3.995,4.294,4.318,4.261,3.845,4.23,3.977,4.329,3.995,4.294,3.216238e-07,6.712592e-07,5.80012e-05,6.100596e-06,3.151153e-07,5.644724e-07,8.134851e-07,7.342781e-07,66.8235294117647,67.5220299,0.698500488235311,0.698500488235311,0.698500488235311
390,390,True,3,0.0064985257843136,4.2230837369389296e-05,0.0064985257843136,9.01915878e-05,1.0639145882843135,0.40516875,0.0,0.0,0.0,0.7450980392156864,0.0,0.0,0.0,0.0,0.0,0.0,0.0,0.751596565,0.0,0.0,0.0,0.0,0.0,0.0,0.0,0.0064985257843136,0.0,0.0,0.0,0.0,0.0,0.0,0.0,0.7450980392156864,0.0,0.0,0.0,0.0,0.0,0.0,0.0,0.2888147266965444,0.0,0.0,0.0,0.0,4.318,4.261,4.164,3.604,3.977,4.329,3.995,4.294,4.318,4.261,4.164,3.863,3.977,4.329,3.995,4.294,2.36662e-07,9.091108e-07,1.210223e-06,8.426821e-05,1.410939e-06,5.775601e-07,7.377417e-07,8.411412e-07,89.41176470588236,90.1915878,0.7798230941176314,0.7798230941176314,0.7798230941176314
391,391,True,4,0.0112861984313727,0.0001273782750323,0.0112861984313727,5.453081440000001e-05,0.2837729667647058,0.4254271875,0.0,0.0,0.0,0.0,0.4431372549019607,0.0,0.0,0.0,0.0,0.0,0.0,0.0,0.4544234533333334,0.0,0.0,0.0,0.0,0.0,0.0,0.0,0.0112861984313727,0.0,0.0,0.0,0.0,0.0,0.0,0.0,0.4431372549019607,0.0,0.0,0.0,0.0,0.0,0.0,0.0,0.2658605952802151,0.0,0.0,0.0,4.318,4.261,4.164,4.23,3.587,4.329,3.995,4.294,4.318,4.261,4.164,4.23,3.679,4.329,3.995,4.294,3.027241e-07,6.894907e-07,1.513088e-06,8.107465e-07,4.8767e-05,8.789703e-07,8.395504e-07,7.292444e-07,53.17647058823528,54.53081440000001,1.3543438117647284,1.3543438117647284,1.3543438117647284
392,392,True,3,0.0188868740686275,0.0003567140120841,0.0188868740686275,6.90899543e-05,0.7838387749019607,0.40516875,0.0,0.5568627450980391,0.0,0.0,0.0,0.0,0.0,0.0,0.0,0.5757496191666667,0.0,0.0,0.0,0.0,0.0,0.0,0.0,0.0188868740686275,0.0,0.0,0.0,0.0,0.0,0.0,0.0,0.5568627450980391,0.0,0.0,0.0,0.0,0.0,0.0,0.0,0.1384288793846505,0.0,0.0,0.0,0.0,0.0,0.0,4.318,3.758,4.164,4.23,3.977,4.329,3.995,4.294,4.318,3.95,4.164,4.23,3.977,4.329,3.995,4.294,3.731488e-06,6.098639e-05,1.936146e-06,1.429986e-07,1.212343e-07,6.274611e-07,7.271374e-07,8.170989e-07,66.8235294117647,69.0899543,2.2664248882353064,2.2664248882353064,2.2664248882353064
393,393,True,1,0.0010800148529412,1.166432082573619e-06,0.0010800148529412,2.83648959e-05,0.4710448248529412,0.3675,0.0,0.0,0.2352941176470588,0.0,0.0,0.0,0.0,0.0,0.0,0.0,0.2363741325,0.0,0.0,0.0,0.0,0.0,0.0,0.0,0.0010800148529412,0.0,0.0,0.0,0.0,0.0,0.0,0.0,0.2352941176470588,0.0,0.0,0.0,0.0,0.0,0.0,0.0,0.0704284289485293,0.0,0.0,0.0,0.0,0.0,4.318,4.261,3.805,4.23,3.977,4.329,3.995,4.294,4.318,4.261,3.957,4.23,3.977,4.329,3.995,4.294,2.972234e-07,6.684387e-07,2.196275e-05,3.131224e-06,2.150284e-07,5.685332e-07,7.846252e-07,7.37073e-07,28.23529411764705,28.3648959,0.129601782352946,0.129601782352946,0.129601782352946
394,394,True,2,0.0165212175980393,0.0002729506309217,0.0165212175980393,5.51590167e-05,0.6625586717647061,0.385875,0.0,0.0,0.0,0.4431372549019607,0.0,0.0,0.0,0.0,0.0,0.0,0.0,0.4596584725,0.0,0.0,0.0,0.0,0.0,0.0,0.0,0.0165212175980393,0.0,0.0,0.0,0.0,0.0,0.0,0.0,0.4431372549019607,0.0,0.0,0.0,0.0,0.0,0.0,0.0,0.1636303344232841,0.0,0.0,0.0,0.0,4.318,4.261,4.164,3.772,3.977,4.329,3.995,4.294,4.318,4.261,4.164,3.95,3.977,4.329,3.995,4.294,2.3894e-07,8.55926e-07,5.374135e-07,5.043168e-05,9.746924e-07,5.64417e-07,7.389866e-07,8.169612e-07,53.17647058823528,55.1590167,1.9825461117647196,1.9825461117647196,1.9825461117647196
395,395,True,3,0.0134170957352941,0.00018001845797,0.0134170957352941,3.6433580900000006e-05,0.1987190465686275,0.40516875,0.0,0.0,0.0,0.0,0.2901960784313725,0.0,0.0,0.0,0.0,0.0,0.0,0.0,0.3036131741666666,0.0,0.0,0.0,0.0,0.0,0.0,0.0,0.0134170957352941,0.0,0.0,0.0,0.0,0.0,0.0,0.0,0.2901960784313725,0.0,0.0,0.0,0.0,0.0,0.0,0.0,0.1707393409696506,0.0,0.0,0.0,4.318,4.261,4.164,4.23,3.666,4.329,3.995,4.294,4.318,4.261,4.164,4.23,3.74,4.329,3.995,4.294,2.890181e-07,6.907429e-07,1.473557e-06,5.689503e-07,3.10346e-05,8.353414e-07,8.111228e-07,7.302484e-07,34.8235294117647,36.4335809,1.6100514882352996,1.6100514882352996,1.6100514882352996
396,396,True,4,0.0152955259803921,0.0002339531150168,0.0152955259803921,2.6399831e-05,0.5420961265196078,0.09646875,0.0,0.2352941176470588,0.0,0.0,0.0,0.0,0.0,0.0,0.0,0.2199985916666667,0.0,0.0,0.0,0.0,0.0,0.0,0.0,-0.0152955259803921,0.0,0.0,0.0,0.0,0.0,0.0,0.0,0.2352941176470588,0.0,0.0,0.0,0.0,0.0,0.0,0.0,0.037035209450582,0.0,0.0,0.0,0.0,0.0,0.0,4.318,3.895,4.164,4.23,3.977,4.329,3.995,4.294,4.318,4.072,4.164,4.23,3.977,4.329,3.995,4.294,1.500348e-06,2.088135e-05,1.630356e-06,1.42312e-07,1.23148e-07,6.042501e-07,7.287215e-07,7.893454e-07,28.23529411764705,26.399831,-1.835463117647052,1.835463117647052,1.835463117647052
397,397,True,2,0.0188985040686274,0.0003571534560319,0.0188985040686274,3.70913499e-05,0.4607627657352943,0.385875,0.0,0.0,0.0,0.2901960784313725,0.0,0.0,0.0,0.0,0.0,0.0,0.0,0.3090945825,0.0,0.0,0.0,0.0,0.0,0.0,0.0,0.0188985040686274,0.0,0.0,0.0,0.0,0.0,0.0,0.0,0.2901960784313725,0.0,0.0,0.0,0.0,0.0,0.0,0.0,0.0957981595037989,0.0,0.0,0.0,0.0,4.318,4.261,4.164,3.863,3.977,4.329,3.995,4.294,4.318,4.261,4.164,4.004,3.977,4.329,3.995,4.294,2.376476e-07,8.230316e-07,3.234004e-07,3.28692e-05,7.384186e-07,5.601686e-07,7.374965e-07,8.019866e-07,34.8235294117647,37.0913499,2.2678204882352944,2.2678204882352944,2.2678204882352944
398,398,True,3,0.0129846771078433,0.0001686018395949,0.0129846771078433,3.685227890000001e-05,0.1996974937745099,0.40516875,0.0,0.0,0.0,0.0,0.2941176470588234,0.0,0.0,0.0,0.0,0.0,0.0,0.0,0.3071023241666667,0.0,0.0,0.0,0.0,0.0,0.0,0.0,0.0129846771078433,0.0,0.0,0.0,0.0,0.0,0.0,0.0,0.2941176470588234,0.0,0.0,0.0,0.0,0.0,0.0,0.0,0.1734652644391234,0.0,0.0,0.0,4.318,4.261,4.164,4.23,3.664,4.329,3.995,4.294,4.318,4.261,4.164,4.23,3.738,4.329,3.995,4.294,2.904027e-07,6.910406e-07,1.473899e-06,5.826174e-07,3.14334e-05,8.36292e-07,8.131523e-07,7.314749e-07,35.294117647058805,36.85227890000001,1.558161252941204,1.558161252941204,1.558161252941204
399,399,True,3,0.0054829112254901,3.006231550660541e-05,0.0054829112254901,3.463616829999999e-05,0.4658867671078432,0.40516875,0.0,0.0,0.0,0.2941176470588234,0.0,0.0,0.0,0.0,0.0,0.0,0.0,0.2886347358333332,0.0,0.0,0.0,0.0,0.0,0.0,0.0,-0.0054829112254901,0.0,0.0,0.0,0.0,0.0,0.0,0.0,0.2941176470588234,0.0,0.0,0.0,0.0,0.0,0.0,0.0,0.0895716457527693,0.0,0.0,0.0,0.0,4.318,4.261,4.164,3.86,3.977,4.329,3.995,4.294,4.318,4.261,4.164,4.012,3.977,4.329,3.995,4.294,2.387097e-07,8.195099e-07,3.059204e-07,3.047238e-05,7.044869e-07,5.59241e-07,7.359314e-07,7.99989e-07,35.294117647058805,34.636168299999994,-0.6579493470588105,0.6579493470588105,0.6579493470588105
400,400,True,3,0.0019169952941177,3.6748709576694336e-06,0.0019169952941177,7.97594512e-05,0.925673832794118,0.40516875,0.0,0.0,0.6627450980392156,0.0,0.0,0.0,0.0,0.0,0.0,0.0,0.6646620933333333,0.0,0.0,0.0,0.0,0.0,0.0,0.0,0.0019169952941177,0.0,0.0,0.0,0.0,0.0,0.0,0.0,0.6627450980392156,0.0,0.0,0.0,0.0,0.0,0.0,0.0,0.2194611889787558,0.0,0.0,0.0,0.0,0.0,4.318,4.261,3.594,4.23,3.977,4.329,3.995,4.294,4.318,4.261,3.816,4.23,3.977,4.329,3.995,4.294,3.250346e-07,6.64172e-07,6.9397e-05,6.90809e-06,3.468414e-07,5.63458e-07,8.21204e-07,7.336512e-07,79.52941176470587,79.7594512,0.230039435294131,0.230039435294131,0.230039435294131
401,401,True,9,0.0149240644607844,0.0002227277000296,0.0149240644607844,8.132029950000001e-05,0.853443796127451,0.258554702663086,0.0,0.6627450980392156,0.0,0.0,0.0,0.0,0.0,0.0,0.0,0.6776691625,0.0,0.0,0.0,0.0,0.0,0.0,0.0,0.0149240644607844,0.0,0.0,0.0,0.0,0.0,0.0,0.0,0.6627450980392156,0.0,0.0,0.0,0.0,0.0,0.0,0.0,0.1878502251588483,0.0,0.0,0.0,0.0,0.0,0.0,4.318,3.716,4.164,4.23,3.977,4.329,3.995,4.294,4.318,3.921,4.164,4.23,3.977,4.329,3.995,4.294,4.352421e-06,7.251419e-05,2.0117e-06,1.397022e-07,1.204611e-07,6.348002e-07,7.244847e-07,8.225403e-07,79.52941176470587,81.3202995,1.7908877352941346,1.7908877352941346,1.7908877352941346
402,402,True,4,0.0137072343137254,0.0001878882725313,0.0137072343137254,0.000117409574,0.6207439301470591,0.4254271875,0.0,0.0,0.0,0.0,0.9647058823529412,0.0,0.0,0.0,0.0,0.0,0.0,0.0,0.9784131166666666,0.0,0.0,0.0,0.0,0.0,0.0,0.0,0.0137072343137254,0.0,0.0,0.0,0.0,0.0,0.0,0.0,0.9647058823529412,0.0,0.0,0.0,0.0,0.0,0.0,0.0,0.6005180440276277,0.0,0.0,0.0,4.318,4.261,4.164,4.23,3.344,4.329,3.995,4.294,4.318,4.261,4.164,4.23,3.512,4.329,3.995,4.294,3.350735e-07,6.980852e-07,1.583006e-06,1.674814e-06,0.0001104815,9.928524e-07,9.230811e-07,7.211618e-07,115.76470588235294,117.409574,1.64486811764705,1.64486811764705,1.64486811764705
403,403,True,3,0.0044636335784313,1.992402472249964e-05,0.0044636335784313,5.74768125e-05,0.733091622745098,0.40516875,0.0,0.0,0.4745098039215686,0.0,0.0,0.0,0.0,0.0,0.0,0.0,0.4789734374999999,0.0,0.0,0.0,0.0,0.0,0.0,0.0,0.0044636335784313,0.0,0.0,0.0,0.0,0.0,0.0,0.0,0.4745098039215686,0.0,0.0,0.0,0.0,0.0,0.0,0.0,0.1363847072773835,0.0,0.0,0.0,0.0,0.0,4.318,4.261,3.681,4.23,3.977,4.329,3.995,4.294,4.318,4.261,3.87,4.23,3.977,4.329,3.995,4.294,3.135794e-07,6.609961e-07,4.87504e-05,5.350762e-06,2.918869e-07,5.675428e-07,8.059081e-07,7.357372e-07,56.94117647058823,57.4768125,0.5356360294117621,0.5356360294117621,0.5356360294117621
404,404,True,3,0.0028895459803922,8.349475972801072e-06,0.0028895459803922,0.0001161114514,1.3453593201470588,0.40516875,0.0,0.0,0.0,0.9647058823529412,0.0,0.0,0.0,0.0,0.0,0.0,0.0,0.9675954283333336,0.0,0.0,0.0,0.0,0.0,0.0,0.0,0.0028895459803922,0.0,0.0,0.0,0.0,0.0,0.0,0.0,0.9647058823529412,0.0,0.0,0.0,0.0,0.0,0.0,0.0,0.3846974075484927,0.0,0.0,0.0,0.0,4.318,4.261,4.164,3.474,3.977,4.329,3.995,4.294,4.318,4.261,4.164,3.805,3.977,4.329,3.995,4.294,2.377116e-07,9.529871e-07,1.842017e-06,0.0001091605,1.725301e-06,5.949736e-07,7.398954e-07,8.580657e-07,115.76470588235294,116.1114514,0.346745517647065,0.346745517647065,0.346745517647065
405,405,True,3,0.0184450335784314,0.0003402192637094,0.0184450335784314,5.91545805e-05,0.725783902745098,0.40516875,0.0,0.4745098039215686,0.0,0.0,0.0,0.0,0.0,0.0,0.0,0.4929548375,0.0,0.0,0.0,0.0,0.0,0.0,0.0,0.0184450335784314,0.0,0.0,0.0,0.0,0.0,0.0,0.0,0.4745098039215686,0.0,0.0,0.0,0.0,0.0,0.0,0.0,0.096090674125196,0.0,0.0,0.0,0.0,0.0,0.0,4.318,3.79,4.164,4.23,3.977,4.329,3.995,4.294,4.318,3.974,4.164,4.23,3.977,4.329,3.995,4.294,3.215999e-06,5.162939e-05,1.873313e-06,1.429137e-07,1.229199e-07,6.274926e-07,7.266937e-07,8.158586e-07,56.94117647058823,59.1545805,2.2134040294117696,2.2134040294117696,2.2134040294117696
406,406,True,3,0.0125696512254902,0.0001579961319304,0.0125696512254902,1.42142405e-05,0.3097813312254903,0.40516875,0.0,0.0,0.1058823529411764,0.0,0.0,0.0,0.0,0.0,0.0,0.0,0.1184520041666666,0.0,0.0,0.0,0.0,0.0,0.0,0.0,0.0125696512254902,0.0,0.0,0.0,0.0,0.0,0.0,0.0,0.1058823529411764,0.0,0.0,0.0,0.0,0.0,0.0,0.0,0.0497590145739337,0.0,0.0,0.0,0.0,0.0,4.318,4.261,3.89,4.23,3.977,4.329,3.995,4.294,4.318,4.261,4.018,4.23,3.977,4.329,3.995,4.294,2.844481e-07,6.736365e-07,9.117843e-06,1.871955e-06,1.782362e-07,5.742566e-07,7.699746e-07,7.438905e-07,12.705882352941169,14.2142405,1.508358147058832,1.508358147058832,1.508358147058832
407,407,True,2,0.000614832107843,3.780185208347786e-07,0.000614832107843,1.26321025e-05,0.4034490870588235,0.385875,0.0,0.1058823529411764,0.0,0.0,0.0,0.0,0.0,0.0,0.0,0.1052675208333333,0.0,0.0,0.0,0.0,0.0,0.0,0.0,-0.000614832107843,0.0,0.0,0.0,0.0,0.0,0.0,0.0,0.1058823529411764,0.0,0.0,0.0,0.0,0.0,0.0,0.0,0.0249109576496323,0.0,0.0,0.0,0.0,0.0,0.0,4.318,3.969,4.164,4.23,3.977,4.329,3.995,4.294,4.318,4.134,4.164,4.23,3.977,4.329,3.995,4.294,7.53657e-07,8.011322e-06,1.497555e-06,1.405152e-07,1.255305e-07,5.96256e-07,7.321512e-07,7.751156e-07,12.705882352941169,12.632102499999998,-0.0737798529411701,0.0737798529411701,0.0737798529411701
408,408,True,4,0.0134054859313726,0.0001797070530562,0.0134054859313726,0.0001027851289,0.5295647942647059,0.4254271875,0.0,0.0,0.0,0.0,0.8431372549019607,0.0,0.0,0.0,0.0,0.0,0.0,0.0,0.8565427408333334,0.0,0.0,0.0,0.0,0.0,0.0,0.0,0.0134054859313726,0.0,0.0,0.0,0.0,0.0,0.0,0.0,0.8431372549019607,0.0,0.0,0.0,0.0,0.0,0.0,0.0,0.5275477589991682,0.0,0.0,0.0,4.318,4.261,4.164,4.23,3.402,4.329,3.995,4.294,4.318,4.261,4.164,4.23,3.547,4.329,3.995,4.294,3.304886e-07,6.924533e-07,1.574753e-06,1.466867e-06,9.612089e-05,9.668021e-07,9.029696e-07,7.299053e-07,101.17647058823528,102.7851289,1.608658311764728,1.608658311764728,1.608658311764728
409,409,True,6,0.0156975850980394,0.0002464141779101,0.0156975850980394,0.0001030601808,1.1944537575980394,0.2233492734375,0.0,0.0,0.0,0.8431372549019607,0.0,0.0,0.0,0.0,0.0,0.0,0.0,0.8588348400000001,0.0,0.0,0.0,0.0,0.0,0.0,0.0,0.0156975850980394,0.0,0.0,0.0,0.0,0.0,0.0,0.0,0.8431372549019607,0.0,0.0,0.0,0.0,0.0,0.0,0.0,0.3386107996707516,0.0,0.0,0.0,0.0,4.318,4.261,4.164,3.547,3.977,4.329,3.995,4.294,4.318,4.261,4.164,3.833,3.977,4.329,3.995,4.294,2.379105e-07,9.28393e-07,1.502989e-06,9.664073e-05,1.57107e-06,5.869163e-07,7.375484e-07,8.546236e-07,101.17647058823528,103.0601808,1.883710211764736,1.883710211764736,1.883710211764736
410,410,True,4,0.0113410454901962,0.0001286193128106,0.0113410454901962,0.0001072432784,0.5573503888235298,0.4254271875,0.0,0.0,0.0,0.0,0.8823529411764706,0.0,0.0,0.0,0.0,0.0,0.0,0.0,0.8936939866666668,0.0,0.0,0.0,0.0,0.0,0.0,0.0,0.0113410454901962,0.0,0.0,0.0,0.0,0.0,0.0,0.0,0.8823529411764706,0.0,0.0,0.0,0.0,0.0,0.0,0.0,0.5511135011100089,0.0,0.0,0.0,4.318,4.261,4.164,4.23,3.383,4.329,3.995,4.294,4.318,4.261,4.164,4.23,3.536,4.329,3.995,4.294,3.305812e-07,6.911324e-07,1.576274e-06,1.531559e-06,0.000100507,9.746265e-07,9.060655e-07,7.260398e-07,105.88235294117646,107.2432784,1.3609254588235444,1.3609254588235444,1.3609254588235444
411,411,True,3,0.0035247454901962,1.242383077065854e-05,0.0035247454901962,0.0001063053224,1.2379233754901966,0.40516875,0.0,0.0,0.0,0.8823529411764706,0.0,0.0,0.0,0.0,0.0,0.0,0.0,0.8858776866666668,0.0,0.0,0.0,0.0,0.0,0.0,0.0,0.0035247454901962,0.0,0.0,0.0,0.0,0.0,0.0,0.0,0.8823529411764706,0.0,0.0,0.0,0.0,0.0,0.0,0.0,0.3492323501156001,0.0,0.0,0.0,0.0,4.318,4.261,4.164,3.524,3.977,4.329,3.995,4.294,4.318,4.261,4.164,3.826,3.977,4.329,3.995,4.294,2.38943e-07,9.273575e-07,1.599242e-06,9.977019e-05,1.598603e-06,5.864755e-07,7.364605e-07,8.480509e-07,105.88235294117646,106.3053224,0.4229694588235446,0.4229694588235446,0.4229694588235446
412,412,True,3,0.009001660735294,8.102989599333549e-05,0.009001660735294,1.99037287e-05,0.1216836474019608,0.40516875,0.0,0.0,0.0,0.0,0.1568627450980392,0.0,0.0,0.0,0.0,0.0,0.0,0.0,0.1658644058333333,0.0,0.0,0.0,0.0,0.0,0.0,0.0,0.009001660735294,0.0,0.0,0.0,0.0,0.0,0.0,0.0,0.1568627450980392,0.0,0.0,0.0,0.0,0.0,0.0,0.0,0.0798399805455882,0.0,0.0,0.0,4.318,4.261,4.164,4.23,3.751,4.329,3.995,4.294,4.318,4.261,4.164,4.23,3.811,4.329,3.995,4.294,2.78847e-07,6.907989e-07,1.428573e-06,3.436559e-07,1.487915e-05,7.612724e-07,7.853163e-07,7.361152e-07,18.823529411764707,19.9037287,1.080199288235292,1.080199288235292,1.080199288235292
413,413,True,2,0.0094315557352941,8.895424358795925e-05,0.0094315557352941,1.99553161e-05,0.2821189999019607,0.385875,0.0,0.0,0.0,0.1568627450980392,0.0,0.0,0.0,0.0,0.0,0.0,0.0,0.1662943008333333,0.0,0.0,0.0,0.0,0.0,0.0,0.0,0.0094315557352941,0.0,0.0,0.0,0.0,0.0,0.0,0.0,0.1568627450980392,0.0,0.0,0.0,0.0,0.0,0.0,0.0,0.0408885065871323,0.0,0.0,0.0,0.0,4.318,4.261,4.164,3.956,3.977,4.329,3.995,4.294,4.318,4.261,4.164,4.07,3.977,4.329,3.995,4.294,2.422977e-07,7.814937e-07,2.91007e-07,1.607642e-05,4.864581e-07,5.608154e-07,7.341516e-07,7.826726e-07,18.823529411764707,19.9553161,1.1317866882352945,1.1317866882352945,1.1317866882352945
414,414,True,3,0.0057717917156863,3.3313579609265806e-05,0.0057717917156863,4.72808503e-05,0.6380037875490197,0.40516875,0.0,0.0,0.388235294117647,0.0,0.0,0.0,0.0,0.0,0.0,0.0,0.3940070858333334,0.0,0.0,0.0,0.0,0.0,0.0,0.0,0.0057717917156863,0.0,0.0,0.0,0.0,0.0,0.0,0.0,0.388235294117647,0.0,0.0,0.0,0.0,0.0,0.0,0.0,0.0952232175735599,0.0,0.0,0.0,0.0,0.0,4.318,4.261,3.724,4.23,3.977,4.329,3.995,4.294,4.318,4.261,3.897,4.23,3.977,4.329,3.995,4.294,3.087412e-07,6.606381e-07,3.933186e-05,4.615871e-06,2.661739e-07,5.665008e-07,7.967151e-07,7.343502e-07,46.58823529411764,47.2808503,0.6926150058823666,0.6926150058823666,0.6926150058823666
415,415,True,4,0.009780121617647,9.565077885596764e-05,0.009780121617647,7.45853793e-05,0.380809324117647,0.4254271875,0.0,0.0,0.0,0.0,0.6117647058823529,0.0,0.0,0.0,0.0,0.0,0.0,0.0,0.6215448275,0.0,0.0,0.0,0.0,0.0,0.0,0.0,0.009780121617647,0.0,0.0,0.0,0.0,0.0,0.0,0.0,0.6117647058823529,0.0,0.0,0.0,0.0,0.0,0.0,0.0,0.3780240059800459,0.0,0.0,0.0,4.318,4.261,4.164,4.23,3.507,4.329,3.995,4.294,4.318,4.261,4.164,4.23,3.62,4.329,3.995,4.294,3.15004e-07,6.884344e-07,1.532413e-06,1.086051e-06,6.845035e-05,9.250138e-07,8.640728e-07,7.240403e-07,73.41176470588235,74.5853793,1.1736145941176517,1.1736145941176517,1.1736145941176517
416,416,True,3,0.0040379617156862,1.630513481734798e-05,0.0040379617156862,4.70727907e-05,0.6565566308823527,0.40516875,0.0,0.388235294117647,0.0,0.0,0.0,0.0,0.0,0.0,0.0,0.3922732558333333,0.0,0.0,0.0,0.0,0.0,0.0,0.0,0.0040379617156862,0.0,0.0,0.0,0.0,0.0,0.0,0.0,0.388235294117647,0.0,0.0,0.0,0.0,0.0,0.0,0.0,0.0501773600006433,0.0,0.0,0.0,0.0,0.0,0.0,4.318,3.827,4.164,4.23,3.977,4.329,3.995,4.294,4.318,4.006,4.164,4.23,3.977,4.329,3.995,4.294,2.58859e-06,4.029836e-05,1.779202e-06,1.430419e-07,1.219419e-07,6.166259e-07,7.252224e-07,7.998066e-07,46.58823529411764,47.07279069999999,0.4845554058823538,0.4845554058823538,0.4845554058823538
417,417,True,3,0.005326224117647,2.836866335140509e-05,0.005326224117647,7.405091159999999e-05,0.8852897516176471,0.40516875,0.0,0.0,0.0,0.6117647058823529,0.0,0.0,0.0,0.0,0.0,0.0,0.0,0.6170909299999999,0.0,0.0,0.0,0.0,0.0,0.0,0.0,0.005326224117647,0.0,0.0,0.0,0.0,0.0,0.0,0.0,0.6117647058823529,0.0,0.0,0.0,0.0,0.0,0.0,0.0,0.2296057418927939,0.0,0.0,0.0,0.0,4.318,4.261,4.164,3.677,3.977,4.329,3.995,4.294,4.318,4.261,4.164,3.9,3.977,4.329,3.995,4.294,2.384113e-07,8.789971e-07,8.733824e-07,6.87121e-05,1.214533e-06,5.6996e-07,7.356512e-07,8.278766e-07,73.41176470588235,74.05091159999999,0.6391468941176441,0.6391468941176441,0.6391468941176441
418,418,True,3,0.0164202917647058,0.000269625981638,0.0164202917647058,2.31469056e-05,0.1346374500980392,0.40516875,0.0,0.0,0.0,0.0,0.1764705882352941,0.0,0.0,0.0,0.0,0.0,0.0,0.0,0.19289088,0.0,0.0,0.0,0.0,0.0,0.0,0.0,0.0164202917647058,0.0,0.0,0.0,0.0,0.0,0.0,0.0,0.1764705882352941,0.0,0.0,0.0,0.0,0.0,0.0,0.0,0.0952961758243075,0.0,0.0,0.0,4.318,4.261,4.164,4.23,3.736,4.329,3.995,4.294,4.318,4.261,4.164,4.23,3.795,4.329,3.995,4.294,2.802969e-07,6.895402e-07,1.435579e-06,3.883162e-07,1.806091e-05,7.740629e-07,7.891479e-07,7.290525e-07,21.176470588235293,23.1469056,1.9704350117647067,1.9704350117647067,1.9704350117647067
419,419,True,2,0.0058095950980392,3.375139520316129e-05,0.0058095950980392,2.1873622e-05,0.3081997509313725,0.385875,0.0,0.0,0.0,0.1764705882352941,0.0,0.0,0.0,0.0,0.0,0.0,0.0,0.1822801833333333,0.0,0.0,0.0,0.0,0.0,0.0,0.0,0.0058095950980392,0.0,0.0,0.0,0.0,0.0,0.0,0.0,0.1764705882352941,0.0,0.0,0.0,0.0,0.0,0.0,0.0,0.0484167341045343,0.0,0.0,0.0,0.0,4.318,4.261,4.164,3.941,3.977,4.329,3.995,4.294,4.318,4.261,4.164,4.061,3.977,4.329,3.995,4.294,2.394353e-07,7.843161e-07,2.804733e-07,1.798301e-05,5.157963e-07,5.553274e-07,7.344245e-07,7.808391e-07,21.176470588235293,21.873622,0.6971514117647075,0.6971514117647075,0.6971514117647075
420,420,True,4,0.018872989362745,0.0003561897274862,0.018872989362745,1.13823001e-05,0.3187791314705882,0.4254271875,0.0,0.0,0.1137254901960784,0.0,0.0,0.0,0.0,0.0,0.0,0.0,0.0948525008333333,0.0,0.0,0.0,0.0,0.0,0.0,0.0,-0.018872989362745,0.0,0.0,0.0,0.0,0.0,0.0,0.0,0.1137254901960784,0.0,0.0,0.0,0.0,0.0,0.0,0.0,0.0441739849407722,0.0,0.0,0.0,0.0,0.0,4.318,4.261,3.884,4.23,3.977,4.329,3.995,4.294,4.318,4.261,4.034,4.23,3.977,4.329,3.995,4.294,2.778698e-07,6.702711e-07,6.625258e-06,1.577955e-06,1.675203e-07,5.661341e-07,7.616614e-07,7.356304e-07,13.647058823529408,11.382300100000002,-2.2647587235294058,2.2647587235294058,2.2647587235294058
421,421,True,2,0.0145574748039215,0.0002119200726668,0.0145574748039215,1.53939558e-05,0.4101512414705883,0.385875,0.0,0.1137254901960784,0.0,0.0,0.0,0.0,0.0,0.0,0.0,0.128282965,0.0,0.0,0.0,0.0,0.0,0.0,0.0,0.0145574748039215,0.0,0.0,0.0,0.0,0.0,0.0,0.0,0.1137254901960784,0.0,0.0,0.0,0.0,0.0,0.0,0.0,0.0279082612220588,0.0,0.0,0.0,0.0,0.0,0.0,4.318,3.964,4.164,4.23,3.977,4.329,3.995,4.294,4.318,4.119,4.164,4.23,3.977,4.329,3.995,4.294,9.062807e-07,1.061118e-05,1.522533e-06,1.383889e-07,1.235107e-07,5.922769e-07,7.253779e-07,7.744077e-07,13.647058823529408,15.3939558,1.746896976470591,1.746896976470591,1.746896976470591
422,422,True,8,0.0002580228431372,6.657578758063765e-08,0.0002580228431372,1.41486098e-05,0.3214245553431373,0.2462425739648438,0.0,0.0,0.1176470588235294,0.0,0.0,0.0,0.0,0.0,0.0,0.0,0.1179050816666666,0.0,0.0,0.0,0.0,0.0,0.0,0.0,0.0002580228431372,0.0,0.0,0.0,0.0,0.0,0.0,0.0,0.1176470588235294,0.0,0.0,0.0,0.0,0.0,0.0,0.0,0.0496424747810867,0.0,0.0,0.0,0.0,0.0,4.318,4.261,3.882,4.23,3.977,4.329,3.995,4.294,4.318,4.261,4.018,4.23,3.977,4.329,3.995,4.294,2.806885e-07,6.670226e-07,9.09238e-06,1.862864e-06,1.771305e-07,5.663926e-07,7.670191e-07,7.351125e-07,14.117647058823527,14.1486098,0.0309627411764719,0.0309627411764719,0.0309627411764719
423,423,True,4,0.0112990746568627,0.0001276690881013,0.0112990746568627,1.27617581e-05,0.414148472009804,0.202584375,0.0,0.1176470588235294,0.0,0.0,0.0,0.0,0.0,0.0,0.0,0.1063479841666666,0.0,0.0,0.0,0.0,0.0,0.0,0.0,-0.0112990746568627,0.0,0.0,0.0,0.0,0.0,0.0,0.0,0.1176470588235294,0.0,0.0,0.0,0.0,0.0,0.0,0.0,0.025056001643943,0.0,0.0,0.0,0.0,0.0,0.0,4.318,3.962,4.164,4.23,3.977,4.329,3.995,4.294,4.318,4.133,4.164,4.23,3.977,4.329,3.995,4.294,7.638614e-07,8.159936e-06,1.490106e-06,1.386073e-07,1.247533e-07,5.885913e-07,7.280122e-07,7.678906e-07,14.117647058823527,12.7617581,-1.3558889588235274,1.3558889588235274,1.3558889588235274
424,424,True,3,0.004935789019608,2.436201324608296e-05,0.004935789019608,6.08275888e-05,0.7446710465196079,0.40516875,0.0,0.0,0.5019607843137254,0.0,0.0,0.0,0.0,0.0,0.0,0.0,0.5068965733333334,0.0,0.0,0.0,0.0,0.0,0.0,0.0,0.004935789019608,0.0,0.0,0.0,0.0,0.0,0.0,0.0,0.5019607843137254,0.0,0.0,0.0,0.0,0.0,0.0,0.0,0.1500052852623404,0.0,0.0,0.0,0.0,0.0,4.318,4.261,3.668,4.23,3.977,4.329,3.995,4.294,4.318,4.261,3.861,4.23,3.977,4.329,3.995,4.294,3.122166e-07,6.590886e-07,5.186549e-05,5.595151e-06,2.986035e-07,5.612595e-07,8.046713e-07,7.311083e-07,60.23529411764704,60.8275888,0.5922946823529571,0.5922946823529571,0.5922946823529571
425,425,True,3,0.0168603940196079,0.0002842728864964,0.0168603940196079,6.22585414e-05,0.7388999281862746,0.40516875,0.0,0.5019607843137254,0.0,0.0,0.0,0.0,0.0,0.0,0.0,0.5188211783333333,0.0,0.0,0.0,0.0,0.0,0.0,0.0,0.0168603940196079,0.0,0.0,0.0,0.0,0.0,0.0,0.0,0.5019607843137254,0.0,0.0,0.0,0.0,0.0,0.0,0.0,0.1106836825165071,0.0,0.0,0.0,0.0,0.0,0.0,4.318,3.779,4.164,4.23,3.977,4.329,3.995,4.294,4.318,3.966,4.164,4.23,3.977,4.329,3.995,4.294,3.365329e-06,5.459209e-05,1.880647e-06,1.420914e-07,1.216083e-07,6.214502e-07,7.230632e-07,8.122623e-07,60.23529411764704,62.2585414,2.023247282352955,2.023247282352955,2.023247282352955
426,426,True,3,0.0175187680882352,0.0003069072353293,0.0175187680882352,0.0001211610757,1.2155871389215678,0.40516875,0.0,0.0,0.992156862745098,0.0,0.0,0.0,0.0,0.0,0.0,0.0,1.0096756308333332,0.0,0.0,0.0,0.0,0.0,0.0,0.0,0.0175187680882352,0.0,0.0,0.0,0.0,0.0,0.0,0.0,0.992156862745098,0.0,0.0,0.0,0.0,0.0,0.0,0.0,0.3798272883040748,0.0,0.0,0.0,0.0,0.0,4.318,4.261,3.442,4.23,3.977,4.329,3.995,4.294,4.318,4.261,3.728,4.23,3.977,4.329,3.995,4.294,3.371375e-07,6.679832e-07,0.0001079706,9.616485e-06,4.438886e-07,5.552594e-07,8.415356e-07,7.281864e-07,119.05882352941175,121.1610757,2.102252170588244,2.102252170588244,2.102252170588244
428,428,True,4,0.0110925602941177,0.0001230448938786,0.0110925602941177,4.8860519e-05,0.2551522811274512,0.4254271875,0.0,0.0,0.0,0.0,0.3960784313725489,0.0,0.0,0.0,0.0,0.0,0.0,0.0,0.4071709916666666,0.0,0.0,0.0,0.0,0.0,0.0,0.0,0.0110925602941177,0.0,0.0,0.0,0.0,0.0,0.0,0.0,0.3960784313725489,0.0,0.0,0.0,0.0,0.0,0.0,0.0,0.2339192230573957,0.0,0.0,0.0,4.318,4.261,4.164,4.23,3.61,4.329,3.995,4.294,4.318,4.261,4.164,4.23,3.696,4.329,3.995,4.294,2.970302e-07,6.907158e-07,1.488728e-06,7.439129e-07,4.320072e-05,8.809332e-07,8.279158e-07,7.305631e-07,47.52941176470587,48.860519,1.3311072352941338,1.3311072352941338,1.3311072352941338
429,429,True,2,0.0171116352941177,0.0002928080624388,0.0171116352941177,4.9582808e-05,0.5976641227941177,0.385875,0.0,0.0,0.0,0.3960784313725489,0.0,0.0,0.0,0.0,0.0,0.0,0.0,0.4131900666666666,0.0,0.0,0.0,0.0,0.0,0.0,0.0,0.0171116352941177,0.0,0.0,0.0,0.0,0.0,0.0,0.0,0.3960784313725489,0.0,0.0,0.0,0.0,0.0,0.0,0.0,0.1442466660552694,0.0,0.0,0.0,0.0,4.318,4.261,4.164,3.798,3.977,4.329,3.995,4.294,4.318,4.261,4.164,3.965,3.977,4.329,3.995,4.294,2.411267e-07,8.448102e-07,4.546285e-07,4.502812e-05,9.019748e-07,5.650942e-07,7.331059e-07,8.139477e-07,47.52941176470587,49.582808,2.05339623529413,2.05339623529413,2.05339623529413
430,430,True,3,0.0064390016666666,4.1460742463336105e-05,0.0064390016666666,8.07726802e-05,0.9164016675,0.40516875,0.0,0.0,0.6666666666666666,0.0,0.0,0.0,0.0,0.0,0.0,0.0,0.6731056683333333,0.0,0.0,0.0,0.0,0.0,0.0,0.0,0.0064390016666666,0.0,0.0,0.0,0.0,0.0,0.0,0.0,0.6666666666666666,0.0,0.0,0.0,0.0,0.0,0.0,0.0,0.2228402291651041,0.0,0.0,0.0,0.0,0.0,4.318,4.261,3.592,4.23,3.977,4.329,3.995,4.294,4.318,4.261,3.813,4.23,3.977,4.329,3.995,4.294,3.275809e-07,6.73313e-07,7.027695e-05,7.01862e-06,3.519933e-07,5.666241e-07,8.206763e-07,7.369226e-07,80.0,80.7726802,0.7726801999999964,0.7726801999999964,0.7726801999999964
431,431,True,4,0.0033599833333333,1.1289488000277662e-05,0.0033599833333333,8.0403198e-05,0.8496615266666666,0.4254271875,0.0,0.6666666666666666,0.0,0.0,0.0,0.0,0.0,0.0,0.0,0.67002665,0.0,0.0,0.0,0.0,0.0,0.0,0.0,0.0033599833333333,0.0,0.0,0.0,0.0,0.0,0.0,0.0,0.6666666666666666,0.0,0.0,0.0,0.0,0.0,0.0,0.0,0.1864977129512395,0.0,0.0,0.0,0.0,0.0,0.0,4.318,3.714,4.164,4.23,3.977,4.329,3.995,4.294,4.318,3.922,4.164,4.23,3.977,4.329,3.995,4.294,4.318458e-06,7.163372e-05,2.002597e-06,1.436326e-07,1.216505e-07,6.369355e-07,7.232217e-07,8.229827e-07,80.0,80.403198,0.4031980000000033,0.4031980000000033,0.4031980000000033
432,432,True,4,0.0104351992647059,0.0001088933836941,0.0104351992647059,0.0001184286945,0.6192938550980391,0.4254271875,0.0,0.0,0.0,0.0,0.9764705882352942,0.0,0.0,0.0,0.0,0.0,0.0,0.0,0.9869057875,0.0,0.0,0.0,0.0,0.0,0.0,0.0,0.0104351992647059,0.0,0.0,0.0,0.0,0.0,0.0,0.0,0.9764705882352942,0.0,0.0,0.0,0.0,0.0,0.0,0.0,0.6094987877878354,0.0,0.0,0.0,4.318,4.261,4.164,4.23,3.339,4.329,3.995,4.294,4.318,4.261,4.164,4.23,3.508,4.329,3.995,4.294,3.395974e-07,6.932009e-07,1.591893e-06,1.685713e-06,0.0001114784,9.922271e-07,9.208127e-07,7.268504e-07,117.1764705882353,118.42869450000002,1.252223911764716,1.252223911764716,1.252223911764716
433,433,True,3,0.0054145384313724,2.931722642480876e-05,0.0054145384313724,0.0001178262152,1.3525750242647057,0.40516875,0.0,0.0,0.0,0.9764705882352942,0.0,0.0,0.0,0.0,0.0,0.0,0.0,0.9818851266666666,0.0,0.0,0.0,0.0,0.0,0.0,0.0,0.0054145384313724,0.0,0.0,0.0,0.0,0.0,0.0,0.0,0.9764705882352942,0.0,0.0,0.0,0.0,0.0,0.0,0.0,0.3914030535137869,0.0,0.0,0.0,0.0,4.318,4.261,4.164,3.466,3.977,4.329,3.995,4.294,4.318,4.261,4.164,3.801,3.977,4.329,3.995,4.294,2.371372e-07,9.429735e-07,1.880185e-06,0.0001108437,1.727327e-06,5.936021e-07,7.375203e-07,8.637701e-07,117.1764705882353,117.8262152,0.6497446117646888,0.6497446117646888,0.6497446117646888
434,434,True,3,0.0056074238725493,3.144320248643591e-05,0.0056074238725493,8.114347910000001e-05,0.922697378039216,0.40516875,0.0,0.0,0.6705882352941174,0.0,0.0,0.0,0.0,0.0,0.0,0.0,0.6761956591666667,0.0,0.0,0.0,0.0,0.0,0.0,0.0,0.0056074238725493,0.0,0.0,0.0,0.0,0.0,0.0,0.0,0.6705882352941174,0.0,0.0,0.0,0.0,0.0,0.0,0.0,0.2252545742885349,0.0,0.0,0.0,0.0,0.0,4.318,4.261,3.59,4.23,3.977,4.329,3.995,4.294,4.318,4.261,3.812,4.23,3.977,4.329,3.995,4.294,3.246781e-07,6.633706e-07,7.070799e-05,6.96946e-06,3.541117e-07,5.662343e-07,8.209021e-07,7.367323e-07,80.47058823529409,81.14347910000001,0.67289086470592,0.67289086470592,0.67289086470592
435,435,True,4,0.0110370780882354,0.0001218170927258,0.0110370780882354,5.63832729e-05,0.2897647389215688,0.4254271875,0.0,0.0,0.0,0.0,0.4588235294117646,0.0,0.0,0.0,0.0,0.0,0.0,0.0,0.4698606075,0.0,0.0,0.0,0.0,0.0,0.0,0.0,0.0110370780882354,0.0,0.0,0.0,0.0,0.0,0.0,0.0,0.4588235294117646,0.0,0.0,0.0,0.0,0.0,0.0,0.0,0.2791935164254064,0.0,0.0,0.0,4.318,4.261,4.164,4.23,3.579,4.329,3.995,4.294,4.318,4.261,4.164,4.23,3.672,4.329,3.995,4.294,3.020791e-07,6.936111e-07,1.502204e-06,8.441049e-07,5.056813e-05,9.037468e-07,8.394923e-07,7.299047e-07,55.05882352941175,56.3832729,1.3244493705882547,1.3244493705882547,1.3244493705882547
437,437,True,2,0.0149214380882353,0.000222649314621,0.0149214380882353,5.684939609999999e-05,0.6708220922549024,0.385875,0.0,0.0,0.0,0.4588235294117646,0.0,0.0,0.0,0.0,0.0,0.0,0.0,0.4737449674999999,0.0,0.0,0.0,0.0,0.0,0.0,0.0,0.0149214380882353,0.0,0.0,0.0,0.0,0.0,0.0,0.0,0.4588235294117646,0.0,0.0,0.0,0.0,0.0,0.0,0.0,0.1716703767626222,0.0,0.0,0.0,0.0,4.318,4.261,4.164,3.763,3.977,4.329,3.995,4.294,4.318,4.261,4.164,3.944,3.977,4.329,3.995,4.294,2.390034e-07,8.551128e-07,5.607953e-07,5.20711e-05,9.988518e-07,5.669723e-07,7.37068e-07,8.204925e-07,55.05882352941175,56.84939609999999,1.790572570588246,1.790572570588246,1.790572570588246
438,438,True,3,0.019055372254902,0.0003631072117728,0.019055372254902,1.73454682e-05,0.3281374714215687,0.40516875,0.0,0.0,0.1254901960784313,0.0,0.0,0.0,0.0,0.0,0.0,0.0,0.1445455683333333,0.0,0.0,0.0,0.0,0.0,0.0,0.0,0.019055372254902,0.0,0.0,0.0,0.0,0.0,0.0,0.0,0.1254901960784313,0.0,0.0,0.0,0.0,0.0,0.0,0.0,0.0553293300036579,0.0,0.0,0.0,0.0,0.0,4.318,4.261,3.877,4.23,3.977,4.329,3.995,4.294,4.318,4.261,4.002,4.23,3.977,4.329,3.995,4.294,2.877002e-07,6.666797e-07,1.195759e-05,2.163362e-06,1.879203e-07,5.699492e-07,7.727896e-07,7.394772e-07,15.058823529411754,17.3454682,2.2866446705882453,2.2866446705882453,2.2866446705882453
439,439,True,5,0.015586717254902,0.0002429457547842,0.015586717254902,1.6929229600000003e-05,0.4208432880882354,0.21271359375,0.0,0.1254901960784313,0.0,0.0,0.0,0.0,0.0,0.0,0.0,0.1410769133333333,0.0,0.0,0.0,0.0,0.0,0.0,0.0,0.015586717254902,0.0,0.0,0.0,0.0,0.0,0.0,0.0,0.1254901960784313,0.0,0.0,0.0,0.0,0.0,0.0,0.0,0.0295353987843197,0.0,0.0,0.0,0.0,0.0,0.0,4.318,3.957,4.164,4.23,3.977,4.329,3.995,4.294,4.318,4.111,4.164,4.23,3.977,4.329,3.995,4.294,9.930054e-07,1.203039e-05,1.535415e-06,1.400525e-07,1.262506e-07,5.96989e-07,7.282877e-07,7.788394e-07,15.058823529411754,16.929229600000003,1.870406070588249,1.870406070588249,1.870406070588249
440,440,True,3,0.0159425475490196,0.0002541648223527,0.0159425475490196,9.6501341e-05,1.02394954754902,0.40516875,0.0,0.0,0.788235294117647,0.0,0.0,0.0,0.0,0.0,0.0,0.0,0.8041778416666667,0.0,0.0,0.0,0.0,0.0,0.0,0.0,0.0159425475490196,0.0,0.0,0.0,0.0,0.0,0.0,0.0,0.788235294117647,0.0,0.0,0.0,0.0,0.0,0.0,0.0,0.2841727371963724,0.0,0.0,0.0,0.0,0.0,4.318,4.261,3.537,4.23,3.977,4.329,3.995,4.294,4.318,4.261,3.778,4.23,3.977,4.329,3.995,4.294,3.31137e-07,6.617933e-07,8.497686e-05,8.019009e-06,3.895419e-07,5.609288e-07,8.292975e-07,7.327735e-07,94.58823529411764,96.501341,1.9131057058823584,1.9131057058823584,1.9131057058823584
441,441,True,6,0.0143185174509803,0.000205019941994,0.0143185174509803,9.28700132e-05,1.661891221715687,0.2233492734375,0.0,0.788235294117647,0.0,0.0,0.0,0.0,0.0,0.0,0.0,0.7739167766666667,0.0,0.0,0.0,0.0,0.0,0.0,0.0,-0.0143185174509803,0.0,0.0,0.0,0.0,0.0,0.0,0.0,0.788235294117647,0.0,0.0,0.0,0.0,0.0,0.0,0.0,0.2395473360282576,0.0,0.0,0.0,0.0,0.0,0.0,4.318,3.666,4.164,4.23,3.977,4.329,3.995,4.294,4.318,3.894,4.164,4.23,3.977,4.329,3.995,4.294,4.93788e-06,8.341359e-05,2.068196e-06,1.414364e-07,1.19913e-07,6.391672e-07,7.203009e-07,8.295297e-07,94.58823529411764,92.8700132,-1.7182220941176354,1.7182220941176354,1.7182220941176354
442,442,True,5,0.0101187955392156,0.0001023900231644,0.0101187955392156,0.0001103151563,0.5841285244607846,0.446698546875,0.0,0.0,0.0,0.0,0.9294117647058824,0.0,0.0,0.0,0.0,0.0,0.0,0.0,0.9192929691666668,0.0,0.0,0.0,0.0,0.0,0.0,0.0,-0.0101187955392156,0.0,0.0,0.0,0.0,0.0,0.0,0.0,0.9294117647058824,0.0,0.0,0.0,0.0,0.0,0.0,0.0,0.569246950215673,0.0,0.0,0.0,4.318,4.261,4.164,4.23,3.361,4.329,3.995,4.294,4.318,4.261,4.164,4.23,3.527,4.329,3.995,4.294,3.307039e-07,6.911339e-07,1.575645e-06,1.572468e-06,0.0001035318,9.849687e-07,9.080291e-07,7.204077e-07,111.52941176470588,110.3151563,-1.214255464705886,1.214255464705886,1.214255464705886
443,443,True,3,8.924387254904964e-05,7.964468787551016e-09,8.924387254904964e-05,0.0001115187025,1.2847189452941177,0.40516875,0.0,0.0,0.0,0.9294117647058824,0.0,0.0,0.0,0.0,0.0,0.0,0.0,0.9293225208333332,0.0,0.0,0.0,0.0,0.0,0.0,0.0,-8.924387254904964e-05,0.0,0.0,0.0,0.0,0.0,0.0,0.0,0.9294117647058824,0.0,0.0,0.0,0.0,0.0,0.0,0.0,0.3702096220144852,0.0,0.0,0.0,0.0,4.318,4.261,4.164,3.496,3.977,4.329,3.995,4.294,4.318,4.261,4.164,3.814,3.977,4.329,3.995,4.294,2.366636e-07,9.305831e-07,1.72099e-06,0.0001047906,1.660668e-06,5.89051e-07,7.359095e-07,8.542373e-07,111.52941176470588,111.5187025,-0.0107092647058806,0.0107092647058806,0.0107092647058806
444,444,True,3,0.015172914509804,0.0002302173347218,0.015172914509804,3.99383968e-05,0.2077104903431373,0.40516875,0.0,0.0,0.0,0.0,0.3176470588235293,0.0,0.0,0.0,0.0,0.0,0.0,0.0,0.3328199733333333,0.0,0.0,0.0,0.0,0.0,0.0,0.0,0.015172914509804,0.0,0.0,0.0,0.0,0.0,0.0,0.0,0.3176470588235293,0.0,0.0,0.0,0.0,0.0,0.0,0.0,0.19010457497617,0.0,0.0,0.0,4.318,4.261,4.164,4.23,3.652,4.329,3.995,4.294,4.318,4.261,4.164,4.23,3.726,4.329,3.995,4.294,2.920748e-07,6.85592e-07,1.469853e-06,6.174718e-07,3.448917e-05,8.426967e-07,8.145721e-07,7.269664e-07,38.11764705882352,39.9383968,1.8207497411764848,1.8207497411764848,1.8207497411764848
445,445,True,3,0.0037693878431373,1.4208284711991649e-05,0.0037693878431373,3.85699736e-05,0.489959624509804,0.40516875,0.0,0.0,0.0,0.3176470588235293,0.0,0.0,0.0,0.0,0.0,0.0,0.0,0.3214164466666666,0.0,0.0,0.0,0.0,0.0,0.0,0.0,0.0037693878431373,0.0,0.0,0.0,0.0,0.0,0.0,0.0,0.3176470588235293,0.0,0.0,0.0,0.0,0.0,0.0,0.0,0.1019698637253367,0.0,0.0,0.0,0.0,4.318,4.261,4.164,3.846,3.977,4.329,3.995,4.294,4.318,4.261,4.164,3.998,3.977,4.329,3.995,4.294,2.373499e-07,8.194859e-07,3.355718e-07,3.433305e-05,7.536024e-07,5.591384e-07,7.314604e-07,8.003148e-07,38.11764705882352,38.5699736,0.4523265411764825,0.4523265411764825,0.4523265411764825
446,446,True,3,0.0123060956862745,0.0001514399910397,0.0123060956862745,3.77120256e-05,0.2000286123529412,0.40516875,0.0,0.0,0.0,0.0,0.3019607843137254,0.0,0.0,0.0,0.0,0.0,0.0,0.0,0.3142668799999999,0.0,0.0,0.0,0.0,0.0,0.0,0.0,0.0123060956862745,0.0,0.0,0.0,0.0,0.0,0.0,0.0,0.3019607843137254,0.0,0.0,0.0,0.0,0.0,0.0,0.0,0.1799819425587989,0.0,0.0,0.0,4.318,4.261,4.164,4.23,3.66,4.329,3.995,4.294,4.318,4.261,4.164,4.23,3.734,4.329,3.995,4.294,2.879132e-07,6.853053e-07,1.461453e-06,5.873293e-07,3.232318e-05,8.332783e-07,8.092051e-07,7.243614e-07,36.23529411764705,37.7120256,1.476731482352946,1.476731482352946,1.476731482352946
447,447,True,3,0.0001501615196079,2.2548481970968683e-08,0.0001501615196079,3.62533135e-05,0.4697360098529411,0.40516875,0.0,0.0,0.0,0.3019607843137254,0.0,0.0,0.0,0.0,0.0,0.0,0.0,0.3021109458333333,0.0,0.0,0.0,0.0,0.0,0.0,0.0,0.0001501615196079,0.0,0.0,0.0,0.0,0.0,0.0,0.0,0.3019607843137254,0.0,0.0,0.0,0.0,0.0,0.0,0.0,0.0943089581972364,0.0,0.0,0.0,0.0,4.318,4.261,4.164,3.855,3.977,4.329,3.995,4.294,4.318,4.261,4.164,4.006,3.977,4.329,3.995,4.294,2.382802e-07,8.167955e-07,3.149873e-07,3.206702e-05,7.215228e-07,5.616096e-07,7.326694e-07,8.004287e-07,36.23529411764705,36.2533135,0.0180193823529535,0.0180193823529535,0.0180193823529535
448,448,True,5,0.0158847768627449,0.0002523261359791,0.0158847768627449,3.57408856e-05,0.5481712206372549,0.21271359375,0.0,0.0,0.3137254901960783,0.0,0.0,0.0,0.0,0.0,0.0,0.0,0.2978407133333333,0.0,0.0,0.0,0.0,0.0,0.0,0.0,-0.0158847768627449,0.0,0.0,0.0,0.0,0.0,0.0,0.0,0.3137254901960783,0.0,0.0,0.0,0.0,0.0,0.0,0.0,0.0793586929418543,0.0,0.0,0.0,0.0,0.0,4.318,4.261,3.763,4.23,3.977,4.329,3.995,4.294,4.318,4.261,3.931,4.23,3.977,4.329,3.995,4.294,2.995655e-07,6.573862e-07,2.874883e-05,3.71665e-06,2.350934e-07,5.667013e-07,7.863465e-07,7.303127e-07,37.6470588235294,35.7408856,-1.9061732235294,1.9061732235294,1.9061732235294
449,449,True,8,0.0179050235294117,0.0003205898675887,0.0179050235294117,3.5498456e-05,0.5918262989705882,0.1172583685546875,0.0,0.3137254901960783,0.0,0.0,0.0,0.0,0.0,0.0,0.0,0.2958204666666666,0.0,0.0,0.0,0.0,0.0,0.0,0.0,-0.0179050235294117,0.0,0.0,0.0,0.0,0.0,0.0,0.0,0.3137254901960783,0.0,0.0,0.0,0.0,0.0,0.0,0.0,0.0434470135857077,0.0,0.0,0.0,0.0,0.0,0.0,4.318,3.86,4.164,4.23,3.977,4.329,3.995,4.294,4.318,4.04,4.164,4.23,3.977,4.329,3.995,4.294,1.980561e-06,2.944084e-05,1.690233e-06,1.410791e-07,1.23027e-07,6.076822e-07,7.251231e-07,7.899106e-07,37.6470588235294,35.498456,-2.148602823529401,2.148602823529401,2.148602823529401
450,450,True,2,0.0128852947058823,0.0001660308196574,0.0128852947058823,3.79831764e-05,0.5643617577941176,0.385875,0.0,0.0,0.3294117647058823,0.0,0.0,0.0,0.0,0.0,0.0,0.0,0.3165264699999999,0.0,0.0,0.0,0.0,0.0,0.0,0.0,-0.0128852947058823,0.0,0.0,0.0,0.0,0.0,0.0,0.0,0.3294117647058823,0.0,0.0,0.0,0.0,0.0,0.0,0.0,0.0819110875573529,0.0,0.0,0.0,0.0,0.0,4.318,4.261,3.755,4.23,3.977,4.329,3.995,4.294,4.318,4.261,3.924,4.23,3.977,4.329,3.995,4.294,3.013029e-07,6.583692e-07,3.079627e-05,3.902659e-06,2.418881e-07,5.648024e-07,7.882466e-07,7.296382e-07,39.52941176470588,37.9831764,-1.546235364705879,1.546235364705879,1.546235364705879
451,451,True,0,0.0128861855392156,0.000166053777751,0.0128861855392156,3.79830695e-05,0.0128861855392156,0.35,0.0,0.3294117647058823,0.0,0.0,0.0,0.0,0.0,0.0,0.0,0.3165255791666666,0.0,0.0,0.0,0.0,0.0,0.0,0.0,-0.0128861855392156,0.0,0.0,0.0,0.0,0.0,0.0,0.0,0.3294117647058823,0.0,0.0,0.0,0.0,0.0,0.0,0.0,0.3294117647058823,0.0,0.0,0.0,0.0,0.0,0.0,4.318,3.853,4.164,4.23,3.977,4.329,3.995,4.294,4.318,3.853,4.164,4.23,3.977,4.329,3.995,4.294,3.013237e-07,6.577807e-07,3.07885e-05,3.91154e-06,2.414279e-07,5.634475e-07,7.900378e-07,7.290119e-07,39.52941176470588,37.9830695,-1.5463422647058778,1.5463422647058778,1.5463422647058778
452,452,True,4,0.0180481775490195,0.0003257367128409,0.0180481775490195,3.92459834e-05,0.5853202049509805,0.202584375,0.0,0.0,0.3450980392156862,0.0,0.0,0.0,0.0,0.0,0.0,0.0,0.3270498616666666,0.0,0.0,0.0,0.0,0.0,0.0,0.0,-0.0180481775490195,0.0,0.0,0.0,0.0,0.0,0.0,0.0,0.3450980392156862,0.0,0.0,0.0,0.0,0.0,0.0,0.0,0.0830484371617217,0.0,0.0,0.0,0.0,0.0,4.318,4.261,3.746,4.23,3.977,4.329,3.995,4.294,4.318,4.261,3.92,4.23,3.977,4.329,3.995,4.294,3.001808e-07,6.561903e-07,3.198844e-05,3.977068e-06,2.43842e-07,5.64485e-07,7.866282e-07,7.291491e-07,41.41176470588235,39.2459834,-2.165781305882348,2.165781305882348,2.165781305882348
453,453,True,5,0.011473375,0.0001316383338906,0.011473375,4.9376805000000005e-05,0.254493755,0.21271359375,0.0,0.0,0.0,0.0,0.4,0.0,0.0,0.0,0.0,0.0,0.0,0.0,0.4114733750000001,0.0,0.0,0.0,0.0,0.0,0.0,0.0,0.011473375,0.0,0.0,0.0,0.0,0.0,0.0,0.0,0.4,0.0,0.0,0.0,0.0,0.0,0.0,0.0,0.2376262612307889,0.0,0.0,0.0,4.318,4.261,4.164,4.23,3.608,4.329,3.995,4.294,4.318,4.261,4.164,4.23,3.694,4.329,3.995,4.294,2.958461e-07,6.845031e-07,1.486482e-06,7.391982e-07,4.375898e-05,8.61521e-07,8.27555e-07,7.227196e-07,48.0,49.376805,1.3768050000000045,1.3768050000000045,1.3768050000000045
454,454,True,5,0.0040448858823528,1.6361101801257438e-05,0.0040448858823528,4.09263784e-05,0.6164860282843139,0.1012921875,0.0,0.3450980392156862,0.0,0.0,0.0,0.0,0.0,0.0,0.0,0.3410531533333333,0.0,0.0,0.0,0.0,0.0,0.0,0.0,-0.0040448858823528,0.0,0.0,0.0,0.0,0.0,0.0,0.0,0.3450980392156862,0.0,0.0,0.0,0.0,0.0,0.0,0.0,0.0467003925070449,0.0,0.0,0.0,0.0,0.0,0.0,4.318,3.846,4.164,4.23,3.977,4.329,3.995,4.294,4.318,4.023,4.164,4.23,3.977,4.329,3.995,4.294,2.258818e-06,3.454418e-05,1.73274e-06,1.412147e-07,1.220133e-07,6.121727e-07,7.226609e-07,7.925788e-07,41.41176470588235,40.9263784,-0.4853863058823435,0.4853863058823435,0.4853863058823435
455,455,True,2,0.0164477916666667,0.00027052985071,0.0164477916666667,4.9973735e-05,0.5969518,0.385875,0.0,0.0,0.0,0.4,0.0,0.0,0.0,0.0,0.0,0.0,0.0,0.4164477916666667,0.0,0.0,0.0,0.0,0.0,0.0,0.0,0.0164477916666667,0.0,0.0,0.0,0.0,0.0,0.0,0.0,0.4,0.0,0.0,0.0,0.0,0.0,0.0,0.0,0.1473965902,0.0,0.0,0.0,0.0,4.318,4.261,4.164,3.796,3.977,4.329,3.995,4.294,4.318,4.261,4.164,3.963,3.977,4.329,3.995,4.294,2.381005e-07,8.404069e-07,4.65219e-07,4.542207e-05,9.034626e-07,5.629403e-07,7.340088e-07,8.075269e-07,48.0,49.973735000000005,1.973735000000005,1.973735000000005,1.973735000000005
456,456,True,5,0.0146155151470588,0.0002136132830139,0.0146155151470588,4.55185677e-05,0.6065001184803923,0.21271359375,0.0,0.0,0.3647058823529411,0.0,0.0,0.0,0.0,0.0,0.0,0.0,0.3793213975,0.0,0.0,0.0,0.0,0.0,0.0,0.0,0.0146155151470588,0.0,0.0,0.0,0.0,0.0,0.0,0.0,0.3647058823529411,0.0,0.0,0.0,0.0,0.0,0.0,0.0,0.0895829692133933,0.0,0.0,0.0,0.0,0.0,4.318,4.261,3.736,4.23,3.977,4.329,3.995,4.294,4.318,4.261,3.901,4.23,3.977,4.329,3.995,4.294,3.067921e-07,6.600829e-07,3.772429e-05,4.476095e-06,2.619192e-07,5.642504e-07,7.954507e-07,7.296874e-07,43.764705882352935,45.5185677,1.7538618176470635,1.7538618176470635,1.7538618176470635
457,457,True,6,0.0129942065196077,0.0001688494030742,0.0129942065196077,4.22054011e-05,0.6287392426470589,0.106356796875,0.0,0.3647058823529411,0.0,0.0,0.0,0.0,0.0,0.0,0.0,0.3517116758333333,0.0,0.0,0.0,0.0,0.0,0.0,0.0,-0.0129942065196077,0.0,0.0,0.0,0.0,0.0,0.0,0.0,0.3647058823529411,0.0,0.0,0.0,0.0,0.0,0.0,0.0,0.0475379179398368,0.0,0.0,0.0,0.0,0.0,0.0,4.318,3.838,4.164,4.23,3.977,4.329,3.995,4.294,4.318,4.019,4.164,4.23,3.977,4.329,3.995,4.294,2.330223e-06,3.574252e-05,1.737779e-06,1.430073e-07,1.230321e-07,6.112454e-07,7.241438e-07,7.934505e-07,43.764705882352935,42.2054011,-1.5593047823529318,1.5593047823529318,1.5593047823529318
458,458,True,3,0.0110270332843136,0.0001215954630533,0.0110270332843136,9.07350087e-05,0.985654484117647,0.40516875,0.0,0.0,0.7450980392156864,0.0,0.0,0.0,0.0,0.0,0.0,0.0,0.7561250725,0.0,0.0,0.0,0.0,0.0,0.0,0.0,0.0110270332843136,0.0,0.0,0.0,0.0,0.0,0.0,0.0,0.7450980392156864,0.0,0.0,0.0,0.0,0.0,0.0,0.0,0.2624354422061276,0.0,0.0,0.0,0.0,0.0,4.318,4.261,3.557,4.23,3.977,4.329,3.995,4.294,4.318,4.261,3.79,4.23,3.977,4.329,3.995,4.294,3.274115e-07,6.568377e-07,7.964972e-05,7.62112e-06,3.715932e-07,5.602503e-07,8.222066e-07,7.258694e-07,89.41176470588236,90.7350087,1.3232439941176324,1.3232439941176324,1.3232439941176324
459,459,True,4,0.0103026304411765,0.0001061441940074,0.0103026304411765,9.25304333e-05,0.4690445112745097,0.4254271875,0.0,0.0,0.0,0.0,0.76078431372549,0.0,0.0,0.0,0.0,0.0,0.0,0.0,0.7710869441666666,0.0,0.0,0.0,0.0,0.0,0.0,0.0,0.0103026304411765,0.0,0.0,0.0,0.0,0.0,0.0,0.0,0.76078431372549,0.0,0.0,0.0,0.0,0.0,0.0,0.0,0.4775443650745705,0.0,0.0,0.0,4.318,4.261,4.164,4.23,3.439,4.329,3.995,4.294,4.318,4.261,4.164,4.23,3.571,4.329,3.995,4.294,3.221053e-07,6.846058e-07,1.544786e-06,1.329328e-06,8.609821e-05,9.516983e-07,8.822608e-07,7.174391e-07,91.2941176470588,92.5304333,1.2363156529411867,1.2363156529411867,1.2363156529411867
460,460,True,4,0.013334926617647,0.000177820267898,0.013334926617647,9.10119559e-05,0.8948978607843138,0.4254271875,0.0,0.7450980392156864,0.0,0.0,0.0,0.0,0.0,0.0,0.0,0.7584329658333334,0.0,0.0,0.0,0.0,0.0,0.0,0.0,0.013334926617647,0.0,0.0,0.0,0.0,0.0,0.0,0.0,0.7450980392156864,0.0,0.0,0.0,0.0,0.0,0.0,0.0,0.2299424324167492,0.0,0.0,0.0,0.0,0.0,0.0,4.318,3.683,4.164,4.23,3.977,4.329,3.995,4.294,4.318,3.898,4.164,4.23,3.977,4.329,3.995,4.294,4.854302e-06,8.16668e-05,2.047491e-06,1.433107e-07,1.206082e-07,6.358596e-07,7.209577e-07,8.226267e-07,89.41176470588236,91.0119559,1.6001911941176417,1.6001911941176417,1.6001911941176417
461,461,True,3,0.0059454700980393,3.534861468667953e-05,0.0059454700980393,5.3889927e-05,0.6962780234313726,0.40516875,0.0,0.0,0.4431372549019607,0.0,0.0,0.0,0.0,0.0,0.0,0.0,0.449082725,0.0,0.0,0.0,0.0,0.0,0.0,0.0,0.0059454700980393,0.0,0.0,0.0,0.0,0.0,0.0,0.0,0.4431372549019607,0.0,0.0,0.0,0.0,0.0,0.0,0.0,0.12351251663962,0.0,0.0,0.0,0.0,0.0,4.318,4.261,3.695,4.23,3.977,4.329,3.995,4.294,4.318,4.261,3.878,4.23,3.977,4.329,3.995,4.294,3.090336e-07,6.559686e-07,4.544795e-05,5.102574e-06,2.824564e-07,5.637448e-07,7.997896e-07,7.2841e-07,53.17647058823528,53.889927,0.7134564117647173,0.7134564117647173,0.7134564117647173
462,462,True,3,0.0037715954411764,1.4224932171902944e-05,0.0037715954411764,9.17467091e-05,1.065573320441176,0.40516875,0.0,0.0,0.0,0.76078431372549,0.0,0.0,0.0,0.0,0.0,0.0,0.0,0.7645559091666665,0.0,0.0,0.0,0.0,0.0,0.0,0.0,0.0037715954411764,0.0,0.0,0.0,0.0,0.0,0.0,0.0,0.76078431372549,0.0,0.0,0.0,0.0,0.0,0.0,0.0,0.2991763094477696,0.0,0.0,0.0,0.0,4.318,4.261,4.164,3.595,3.977,4.329,3.995,4.294,4.318,4.261,4.164,3.857,3.977,4.329,3.995,4.294,2.361906e-07,8.992336e-07,1.25668e-06,8.579702e-05,1.415205e-06,5.751359e-07,7.319825e-07,8.352615e-07,91.2941176470588,91.7467091,0.4525914529411778,0.4525914529411778,0.4525914529411778
463,463,True,3,0.0157256750980393,0.000247296857289,0.0157256750980393,5.50635516e-05,0.6940320959313726,0.40516875,0.0,0.4431372549019607,0.0,0.0,0.0,0.0,0.0,0.0,0.0,0.45886293,0.0,0.0,0.0,0.0,0.0,0.0,0.0,0.0157256750980393,0.0,0.0,0.0,0.0,0.0,0.0,0.0,0.4431372549019607,0.0,0.0,0.0,0.0,0.0,0.0,0.0,0.0813456356793074,0.0,0.0,0.0,0.0,0.0,0.0,4.318,3.803,4.164,4.23,3.977,4.329,3.995,4.294,4.318,3.983,4.164,4.23,3.977,4.329,3.995,4.294,3.011152e-06,4.781918e-05,1.826283e-06,1.431708e-07,1.222457e-07,6.180687e-07,7.23252e-07,8.001994e-07,53.17647058823528,55.0635516,1.887081011764721,1.887081011764721,1.887081011764721
464,464,True,6,0.0122815407352941,0.0001508362428326,0.0122815407352941,3.62973143e-05,0.5228234865686275,0.2233492734375,0.0,0.0,0.2901960784313725,0.0,0.0,0.0,0.0,0.0,0.0,0.0,0.3024776191666667,0.0,0.0,0.0,0.0,0.0,0.0,0.0,0.0122815407352941,0.0,0.0,0.0,0.0,0.0,0.0,0.0,0.2901960784313725,0.0,0.0,0.0,0.0,0.0,0.0,0.0,0.0800787931247124,0.0,0.0,0.0,0.0,0.0,4.318,4.261,3.775,4.23,3.977,4.329,3.995,4.294,4.318,4.261,3.929,4.23,3.977,4.329,3.995,4.294,2.99581e-07,6.605386e-07,2.92423e-05,3.781842e-06,2.379896e-07,5.632176e-07,7.842497e-07,7.275958e-07,34.8235294117647,36.2973143,1.4737848882353006,1.4737848882353006,1.4737848882353006
465,465,True,5,0.0080067199019608,6.410756358845572e-05,0.0080067199019608,3.57843358e-05,0.570886759901961,0.1012921875,0.0,0.2901960784313725,0.0,0.0,0.0,0.0,0.0,0.0,0.0,0.2982027983333333,0.0,0.0,0.0,0.0,0.0,0.0,0.0,0.0080067199019608,0.0,0.0,0.0,0.0,0.0,0.0,0.0,0.2901960784313725,0.0,0.0,0.0,0.0,0.0,0.0,0.0,0.0435445038585492,0.0,0.0,0.0,0.0,0.0,0.0,4.318,3.871,4.164,4.23,3.977,4.329,3.995,4.294,4.318,4.039,4.164,4.23,3.977,4.329,3.995,4.294,1.998071e-06,2.971652e-05,1.689904e-06,1.418402e-07,1.223521e-07,6.053434e-07,7.224402e-07,7.878649e-07,34.8235294117647,35.7843358,0.960806388235298,0.960806388235298,0.960806388235298
466,466,True,6,0.0133476712745099,0.0001781603284523,0.0133476712745099,3.68958382e-05,0.52846783127451,0.2233492734375,0.0,0.0,0.2941176470588234,0.0,0.0,0.0,0.0,0.0,0.0,0.0,0.3074653183333333,0.0,0.0,0.0,0.0,0.0,0.0,0.0,0.0133476712745099,0.0,0.0,0.0,0.0,0.0,0.0,0.0,0.2941176470588234,0.0,0.0,0.0,0.0,0.0,0.0,0.0,0.0806603798386204,0.0,0.0,0.0,0.0,0.0,4.318,4.261,3.773,4.23,3.977,4.329,3.995,4.294,4.318,4.261,3.927,4.23,3.977,4.329,3.995,4.294,2.989615e-07,6.542487e-07,2.980151e-05,3.823818e-06,2.393629e-07,5.631513e-07,7.859181e-07,7.288677e-07,35.294117647058805,36.8958382,1.6017205529411953,1.6017205529411953,1.6017205529411953
467,467,True,7,0.0091411937254899,8.356142272693762e-05,0.0091411937254899,3.419717440000001e-05,0.5758617021078432,0.11167463671875,0.0,0.2941176470588234,0.0,0.0,0.0,0.0,0.0,0.0,0.0,0.2849764533333334,0.0,0.0,0.0,0.0,0.0,0.0,0.0,-0.0091411937254899,0.0,0.0,0.0,0.0,0.0,0.0,0.0,0.2941176470588234,0.0,0.0,0.0,0.0,0.0,0.0,0.0,0.0426124233872477,0.0,0.0,0.0,0.0,0.0,0.0,4.318,3.869,4.164,4.23,3.977,4.329,3.995,4.294,4.318,4.044,4.164,4.23,3.977,4.329,3.995,4.294,1.915095e-06,2.822747e-05,1.679775e-06,1.403337e-07,1.221289e-07,6.038136e-07,7.228524e-07,7.857058e-07,35.294117647058805,34.19717440000001,-1.096943247058796,1.096943247058796,1.096943247058796
468,468,True,3,0.0129148937745098,0.0001667944812068,0.0129148937745098,2.88439049e-05,0.1701532287745099,0.40516875,0.0,0.0,0.0,0.0,0.2274509803921568,0.0,0.0,0.0,0.0,0.0,0.0,0.0,0.2403658741666667,0.0,0.0,0.0,0.0,0.0,0.0,0.0,0.0129148937745098,0.0,0.0,0.0,0.0,0.0,0.0,0.0,0.2274509803921568,0.0,0.0,0.0,0.0,0.0,0.0,0.0,0.1313839657671444,0.0,0.0,0.0,4.318,4.261,4.164,4.23,3.699,4.329,3.995,4.294,4.318,4.261,4.164,4.23,3.769,4.329,3.995,4.294,2.840654e-07,6.838969e-07,1.442923e-06,4.601579e-07,2.365696e-05,7.930672e-07,7.981677e-07,7.246668e-07,27.294117647058812,28.8439049,1.5497872529411865,1.5497872529411865,1.5497872529411865
469,469,True,2,0.0013783195588234,1.8997648062353428e-06,0.0013783195588234,2.71287193e-05,0.3827561754411767,0.385875,0.0,0.0,0.0,0.2274509803921568,0.0,0.0,0.0,0.0,0.0,0.0,0.0,0.2260726608333333,0.0,0.0,0.0,0.0,0.0,0.0,0.0,-0.0013783195588234,0.0,0.0,0.0,0.0,0.0,0.0,0.0,0.2274509803921568,0.0,0.0,0.0,0.0,0.0,0.0,0.0,0.0670951111506125,0.0,0.0,0.0,0.0,4.318,4.261,4.164,3.901,3.977,4.329,3.995,4.294,4.318,4.261,4.164,4.039,3.977,4.329,3.995,4.294,2.419708e-07,7.955917e-07,2.722339e-07,2.316152e-05,5.897204e-07,5.558476e-07,7.291118e-07,7.827231e-07,27.294117647058812,27.1287193,-0.1653983470588187,0.1653983470588187,0.1653983470588187
470,470,True,3,0.013608551617647,0.0001851926771301,0.013608551617647,3.50447909e-05,0.1906944499509803,0.40516875,0.0,0.0,0.0,0.0,0.2784313725490196,0.0,0.0,0.0,0.0,0.0,0.0,0.0,0.2920399241666666,0.0,0.0,0.0,0.0,0.0,0.0,0.0,0.013608551617647,0.0,0.0,0.0,0.0,0.0,0.0,0.0,0.2784313725490196,0.0,0.0,0.0,0.0,0.0,0.0,0.0,0.1655802749977942,0.0,0.0,0.0,4.318,4.261,4.164,4.23,3.672,4.329,3.995,4.294,4.318,4.261,4.164,4.23,3.744,4.329,3.995,4.294,2.857383e-07,6.811799e-07,1.458648e-06,5.451255e-07,2.972898e-05,8.155466e-07,8.066846e-07,7.22888e-07,33.411764705882355,35.044790899999995,1.6330261941176405,1.6330261941176405,1.6330261941176405
471,471,True,2,0.0155471524509803,0.000241713949334,0.0155471524509803,3.5277423e-05,0.440457714117647,0.385875,0.0,0.0,0.0,0.2784313725490196,0.0,0.0,0.0,0.0,0.0,0.0,0.0,0.293978525,0.0,0.0,0.0,0.0,0.0,0.0,0.0,0.0155471524509803,0.0,0.0,0.0,0.0,0.0,0.0,0.0,0.2784313725490196,0.0,0.0,0.0,0.0,0.0,0.0,0.0,0.0918259821821078,0.0,0.0,0.0,0.0,4.318,4.261,4.164,3.87,3.977,4.329,3.995,4.294,4.318,4.261,4.164,4.009,3.977,4.329,3.995,4.294,2.376328e-07,8.083098e-07,3.085208e-07,3.11377e-05,7.058487e-07,5.559455e-07,7.313728e-07,7.920926e-07,33.411764705882355,35.277423,1.865658294117644,1.865658294117644,1.865658294117644
472,472,True,5,0.005820359019608,3.387657911713325e-05,0.005820359019608,0.0001150662627999,1.1845409126470583,0.446698546875,0.0,0.0,0.9647058823529412,0.0,0.0,0.0,0.0,0.0,0.0,0.0,0.9588855233333332,0.0,0.0,0.0,0.0,0.0,0.0,0.0,-0.005820359019608,0.0,0.0,0.0,0.0,0.0,0.0,0.0,0.9647058823529412,0.0,0.0,0.0,0.0,0.0,0.0,0.0,0.3599196238097956,0.0,0.0,0.0,0.0,0.0,4.318,4.261,3.455,4.23,3.977,4.329,3.995,4.294,4.318,4.261,3.739,4.23,3.977,4.329,3.995,4.294,3.315914e-07,6.517697e-07,0.0001023558,9.180867e-06,4.31123e-07,5.548457e-07,8.351367e-07,7.251293e-07,115.76470588235294,115.06626279999998,-0.6984430823529664,0.6984430823529664,0.6984430823529664
473,473,True,4,0.0110902515686277,0.0001229936798554,0.0110902515686277,0.0001001543596,0.509927624901961,0.4254271875,0.0,0.0,0.0,0.0,0.8235294117647057,0.0,0.0,0.0,0.0,0.0,0.0,0.0,0.8346196633333335,0.0,0.0,0.0,0.0,0.0,0.0,0.0,0.0110902515686277,0.0,0.0,0.0,0.0,0.0,0.0,0.0,0.8235294117647057,0.0,0.0,0.0,0.0,0.0,0.0,0.0,0.5171572282041019,0.0,0.0,0.0,4.318,4.261,4.164,4.23,3.41,4.329,3.995,4.294,4.318,4.261,4.164,4.23,3.552,4.329,3.995,4.294,3.254187e-07,6.826469e-07,1.557032e-06,1.422601e-06,9.35956e-05,9.60095e-07,8.933461e-07,7.176199e-07,98.82352941176468,100.1543596,1.3308301882353248,1.3308301882353248,1.3308301882353248
474,474,True,5,0.0186418331862744,0.0003475179445448,0.0186418331862744,0.0001135276859,1.0258476809803925,0.446698546875,0.0,0.9647058823529412,0.0,0.0,0.0,0.0,0.0,0.0,0.0,0.9460640491666668,0.0,0.0,0.0,0.0,0.0,0.0,0.0,-0.0186418331862744,0.0,0.0,0.0,0.0,0.0,0.0,0.0,0.9647058823529412,0.0,0.0,0.0,0.0,0.0,0.0,0.0,0.3366449430107508,0.0,0.0,0.0,0.0,0.0,0.0,4.318,3.597,4.164,4.23,3.977,4.329,3.995,4.294,4.318,3.85,4.164,4.23,3.977,4.329,3.995,4.294,6.016977e-06,0.0001028768,2.176653e-06,1.439701e-07,1.205709e-07,6.414483e-07,7.194791e-07,8.317875e-07,115.76470588235294,113.5276859,-2.2370199823529333,2.2370199823529333,2.2370199823529333
476,476,True,3,0.0061075766176471,3.730249214042964e-05,0.0061075766176471,1.81446739e-05,0.1151628432843138,0.40516875,0.0,0.0,0.0,0.0,0.1450980392156862,0.0,0.0,0.0,0.0,0.0,0.0,0.0,0.1512056158333333,0.0,0.0,0.0,0.0,0.0,0.0,0.0,0.0061075766176471,0.0,0.0,0.0,0.0,0.0,0.0,0.0,0.1450980392156862,0.0,0.0,0.0,0.0,0.0,0.0,0.0,0.0729538091084189,0.0,0.0,0.0,4.318,4.261,4.164,4.23,3.759,4.329,3.995,4.294,4.318,4.261,4.164,4.23,3.82,4.329,3.995,4.294,2.69741e-07,6.827632e-07,1.41009e-06,3.210958e-07,1.320663e-05,7.477369e-07,7.77715e-07,7.28902e-07,17.411764705882344,18.1446739,0.7329091941176529,0.7329091941176529,0.7329091941176529
477,477,True,2,0.0092813841176471,8.614409113931217e-05,0.0092813841176471,1.85255308e-05,0.2658488566176472,0.385875,0.0,0.0,0.0,0.1450980392156862,0.0,0.0,0.0,0.0,0.0,0.0,0.0,0.1543794233333333,0.0,0.0,0.0,0.0,0.0,0.0,0.0,0.0092813841176471,0.0,0.0,0.0,0.0,0.0,0.0,0.0,0.1450980392156862,0.0,0.0,0.0,0.0,0.0,0.0,0.0,0.0358865251112743,0.0,0.0,0.0,0.0,4.318,4.261,4.164,3.965,3.977,4.329,3.995,4.294,4.318,4.261,4.164,4.076,3.977,4.329,3.995,4.294,2.381878e-07,7.703338e-07,3.006112e-07,1.469055e-05,4.622109e-07,5.569652e-07,7.279888e-07,7.786831e-07,17.411764705882344,18.5255308,1.113766094117654,1.113766094117654,1.113766094117654
478,478,True,4,0.009481908480392,8.990658843053158e-05,0.009481908480392,6.09025349e-05,0.3074609368137253,0.4254271875,0.0,0.0,0.0,0.0,0.4980392156862745,0.0,0.0,0.0,0.0,0.0,0.0,0.0,0.5075211241666666,0.0,0.0,0.0,0.0,0.0,0.0,0.0,0.009481908480392,0.0,0.0,0.0,0.0,0.0,0.0,0.0,0.4980392156862745,0.0,0.0,0.0,0.0,0.0,0.0,0.0,0.3064638237474403,0.0,0.0,0.0,4.318,4.261,4.164,4.23,3.561,4.329,3.995,4.294,4.318,4.261,4.164,4.23,3.658,4.329,3.995,4.294,3.030628e-07,6.826172e-07,1.507134e-06,8.880208e-07,5.506303e-05,8.942529e-07,8.415331e-07,7.228841e-07,59.76470588235294,60.9025349,1.1378290176470571,1.1378290176470571,1.1378290176470571
479,479,True,2,0.0185476276470588,0.0003440144913339,0.0185476276470588,6.19904212e-05,0.7237750351470587,0.385875,0.0,0.0,0.0,0.4980392156862745,0.0,0.0,0.0,0.0,0.0,0.0,0.0,0.5165868433333334,0.0,0.0,0.0,0.0,0.0,0.0,0.0,0.0185476276470588,0.0,0.0,0.0,0.0,0.0,0.0,0.0,0.4980392156862745,0.0,0.0,0.0,0.0,0.0,0.0,0.0,0.1895649348245098,0.0,0.0,0.0,0.0,4.318,4.261,4.164,3.741,3.977,4.329,3.995,4.294,4.318,4.261,4.164,3.93,3.977,4.329,3.995,4.294,2.354962e-07,8.553591e-07,6.512575e-07,5.707972e-05,1.055312e-06,5.644987e-07,7.306508e-07,8.181269e-07,59.76470588235294,61.9904212,2.225715317647058,2.225715317647058,2.225715317647058
480,480,True,4,0.0103522201960783,0.000107168462988,0.0103522201960783,5.95952076e-05,0.3021906326960784,0.4254271875,0.0,0.0,0.0,0.0,0.4862745098039216,0.0,0.0,0.0,0.0,0.0,0.0,0.0,0.4966267299999999,0.0,0.0,0.0,0.0,0.0,0.0,0.0,0.0103522201960783,0.0,0.0,0.0,0.0,0.0,0.0,0.0,0.4862745098039216,0.0,0.0,0.0,0.0,0.0,0.0,0.0,0.29787661226266,0.0,0.0,0.0,4.318,4.261,4.164,4.23,3.566,4.329,3.995,4.294,4.318,4.261,4.164,4.23,3.662,4.329,3.995,4.294,3.011741e-07,6.82087e-07,1.500669e-06,8.774564e-07,5.377955e-05,8.893074e-07,8.423687e-07,7.22595e-07,58.352941176470594,59.5952076,1.2422664235294008,1.2422664235294008,1.2422664235294008
481,481,True,2,0.0167924726960784,0.0002819871392485,0.0167924726960784,6.03680379e-05,0.7097501951960783,0.385875,0.0,0.0,0.0,0.4862745098039216,0.0,0.0,0.0,0.0,0.0,0.0,0.0,0.5030669825,0.0,0.0,0.0,0.0,0.0,0.0,0.0,0.0167924726960784,0.0,0.0,0.0,0.0,0.0,0.0,0.0,0.4862745098039216,0.0,0.0,0.0,0.0,0.0,0.0,0.0,0.1847201083069854,0.0,0.0,0.0,0.0,4.318,4.261,4.164,3.747,3.977,4.329,3.995,4.294,4.318,4.261,4.164,3.934,3.977,4.329,3.995,4.294,2.349625e-07,8.527593e-07,6.271892e-07,5.551019e-05,1.035384e-06,5.621973e-07,7.314179e-07,8.139377e-07,58.352941176470594,60.3680379,2.0150967235294104,2.0150967235294104,2.0150967235294104
482,482,True,4,0.010128838872549,0.000102593376906,0.010128838872549,5.7686048900000005e-05,0.2922208305392156,0.4254271875,0.0,0.0,0.0,0.0,0.4705882352941177,0.0,0.0,0.0,0.0,0.0,0.0,0.0,0.4807170741666667,0.0,0.0,0.0,0.0,0.0,0.0,0.0,0.010128838872549,0.0,0.0,0.0,0.0,0.0,0.0,0.0,0.4705882352941177,0.0,0.0,0.0,0.0,0.0,0.0,0.0,0.2871820411157341,0.0,0.0,0.0,4.318,4.261,4.164,4.23,3.574,4.329,3.995,4.294,4.318,4.261,4.164,4.23,3.668,4.329,3.995,4.294,2.995186e-07,6.864654e-07,1.498452e-06,8.534453e-07,5.18991e-05,8.878814e-07,8.392577e-07,7.219285e-07,56.47058823529412,57.6860489,1.21546066470588,1.21546066470588,1.21546066470588
483,483,True,2,0.011026828872549,0.0001215909549844,0.011026828872549,5.779380770000001e-05,0.6872920680392156,0.385875,0.0,0.0,0.0,0.4705882352941177,0.0,0.0,0.0,0.0,0.0,0.0,0.0,0.4816150641666668,0.0,0.0,0.0,0.0,0.0,0.0,0.0,0.011026828872549,0.0,0.0,0.0,0.0,0.0,0.0,0.0,0.4705882352941177,0.0,0.0,0.0,0.0,0.0,0.0,0.0,0.1761962546384805,0.0,0.0,0.0,0.0,4.318,4.261,4.164,3.756,3.977,4.329,3.995,4.294,4.318,4.261,4.164,3.941,3.977,4.329,3.995,4.294,2.374611e-07,8.522197e-07,5.825224e-07,5.300543e-05,1.004047e-06,5.630797e-07,7.353665e-07,8.136813e-07,56.47058823529412,57.79380770000001,1.323219464705886,1.323219464705886,1.323219464705886
484,484,True,4,0.0080778243627451,6.525124643535955e-05,0.0080778243627451,6.73222801e-05,0.3399886468627452,0.4254271875,0.0,0.0,0.0,0.0,0.5529411764705882,0.0,0.0,0.0,0.0,0.0,0.0,0.0,0.5610190008333333,0.0,0.0,0.0,0.0,0.0,0.0,0.0,0.0080778243627451,0.0,0.0,0.0,0.0,0.0,0.0,0.0,0.5529411764705882,0.0,0.0,0.0,0.0,0.0,0.0,0.0,0.3422650300666648,0.0,0.0,0.0,4.318,4.261,4.164,4.23,3.535,4.329,3.995,4.294,4.318,4.261,4.164,4.23,3.639,4.329,3.995,4.294,3.076672e-07,6.852903e-07,1.515448e-06,9.83241e-07,6.134954e-05,9.06094e-07,8.543986e-07,7.20601e-07,66.35294117647058,67.3222801,0.9693389235294204,0.9693389235294204,0.9693389235294204
485,485,True,3,0.0139873875980394,0.0001956470118177,0.0139873875980394,0.0001028549571,1.074463324264706,0.40516875,0.0,0.0,0.8431372549019607,0.0,0.0,0.0,0.0,0.0,0.0,0.0,0.8571246425000001,0.0,0.0,0.0,0.0,0.0,0.0,0.0,0.0139873875980394,0.0,0.0,0.0,0.0,0.0,0.0,0.0,0.8431372549019607,0.0,0.0,0.0,0.0,0.0,0.0,0.0,0.3112832436576408,0.0,0.0,0.0,0.0,0.0,4.318,4.261,3.512,4.23,3.977,4.329,3.995,4.294,4.318,4.261,3.764,4.23,3.977,4.329,3.995,4.294,3.274999e-07,6.521161e-07,9.095579e-05,8.405334e-06,4.010005e-07,5.57648e-07,8.307137e-07,7.248549e-07,101.17647058823528,102.8549571,1.6784865117647314,1.6784865117647314,1.6784865117647314
486,486,True,3,0.002125309362745,4.5169398873716445e-06,0.002125309362745,6.660797829999999e-05,0.7977315043627452,0.40516875,0.0,0.0,0.0,0.5529411764705882,0.0,0.0,0.0,0.0,0.0,0.0,0.0,0.5550664858333332,0.0,0.0,0.0,0.0,0.0,0.0,0.0,0.002125309362745,0.0,0.0,0.0,0.0,0.0,0.0,0.0,0.5529411764705882,0.0,0.0,0.0,0.0,0.0,0.0,0.0,0.2054233901062192,0.0,0.0,0.0,0.0,4.318,4.261,4.164,3.71,3.977,4.329,3.995,4.294,4.318,4.261,4.164,3.918,3.977,4.329,3.995,4.294,2.396853e-07,8.664045e-07,7.316006e-07,6.154262e-05,1.109358e-06,5.673077e-07,7.330859e-07,8.179163e-07,66.35294117647058,66.60797829999998,0.2550371235294051,0.2550371235294051,0.2550371235294051
487,487,True,4,0.0116466667647061,0.0001356448467281,0.0116466667647061,0.0001025740706,0.9536838392647058,0.4254271875,0.0,0.8431372549019607,0.0,0.0,0.0,0.0,0.0,0.0,0.0,0.8547839216666668,0.0,0.0,0.0,0.0,0.0,0.0,0.0,0.0116466667647061,0.0,0.0,0.0,0.0,0.0,0.0,0.0,0.8431372549019607,0.0,0.0,0.0,0.0,0.0,0.0,0.0,0.2867128279191996,0.0,0.0,0.0,0.0,0.0,0.0,4.318,3.645,4.164,4.23,3.977,4.329,3.995,4.294,4.318,3.873,4.164,4.23,3.977,4.329,3.995,4.294,5.448502e-06,9.254849e-05,2.125141e-06,1.411504e-07,1.197597e-07,6.400608e-07,7.204168e-07,8.305499e-07,101.17647058823528,102.5740706,1.3976000117647374,1.3976000117647374,1.3976000117647374
488,488,True,3,0.0154163721568629,0.0002376645304789,0.0154163721568629,0.0001077323176,1.1132898738235293,0.40516875,0.0,0.0,0.8823529411764706,0.0,0.0,0.0,0.0,0.0,0.0,0.0,0.8977693133333335,0.0,0.0,0.0,0.0,0.0,0.0,0.0,0.0154163721568629,0.0,0.0,0.0,0.0,0.0,0.0,0.0,0.8823529411764706,0.0,0.0,0.0,0.0,0.0,0.0,0.0,0.3300380911148712,0.0,0.0,0.0,0.0,0.0,4.318,4.261,3.494,4.23,3.977,4.329,3.995,4.294,4.318,4.261,3.754,4.23,3.977,4.329,3.995,4.294,3.306404e-07,6.614575e-07,9.543686e-05,8.776515e-06,4.133608e-07,5.556975e-07,8.33369e-07,7.244174e-07,105.88235294117646,107.73231760000002,1.849964658823552,1.849964658823552,1.849964658823552
489,489,True,4,0.0168763529901961,0.0002848112902497,0.0168763529901961,0.0001079075153,0.9829756529901958,0.4254271875,0.0,0.8823529411764706,0.0,0.0,0.0,0.0,0.0,0.0,0.0,0.8992292941666667,0.0,0.0,0.0,0.0,0.0,0.0,0.0,0.0168763529901961,0.0,0.0,0.0,0.0,0.0,0.0,0.0,0.8823529411764706,0.0,0.0,0.0,0.0,0.0,0.0,0.0,0.3101473612437072,0.0,0.0,0.0,0.0,0.0,0.0,4.318,3.629,4.164,4.23,3.977,4.329,3.995,4.294,4.318,3.862,4.164,4.23,3.977,4.329,3.995,4.294,5.731313e-06,9.757096e-05,2.150782e-06,1.432121e-07,1.203158e-07,6.382805e-07,7.196938e-07,8.329581e-07,105.88235294117646,107.9075153,2.025162358823536,2.025162358823536,2.025162358823536
491,491,True,8,0.0058174534313725,3.384276442618824e-05,0.0058174534313725,1.8125435e-05,0.4503119465686274,0.1172583685546875,0.0,0.1568627450980392,0.0,0.0,0.0,0.0,0.0,0.0,0.0,0.1510452916666666,0.0,0.0,0.0,0.0,0.0,0.0,0.0,-0.0058174534313725,0.0,0.0,0.0,0.0,0.0,0.0,0.0,0.1568627450980392,0.0,0.0,0.0,0.0,0.0,0.0,0.0,0.0306693597093265,0.0,0.0,0.0,0.0,0.0,0.0,4.318,3.939,4.164,4.23,3.977,4.329,3.995,4.294,4.318,4.105,4.164,4.23,3.977,4.329,3.995,4.294,1.056027e-06,1.319442e-05,1.534523e-06,1.38498e-07,1.216842e-07,5.90131e-07,7.231641e-07,7.669877e-07,18.823529411764707,18.125435,-0.698094411764707,0.698094411764707,0.698094411764707
492,492,True,3,0.0068401619117648,4.678781497915807e-05,0.0068401619117648,1.77619959e-05,0.1135144302450981,0.40516875,0.0,0.0,0.0,0.0,0.1411764705882352,0.0,0.0,0.0,0.0,0.0,0.0,0.0,0.1480166325,0.0,0.0,0.0,0.0,0.0,0.0,0.0,0.0068401619117648,0.0,0.0,0.0,0.0,0.0,0.0,0.0,0.1411764705882352,0.0,0.0,0.0,0.0,0.0,0.0,0.0,0.07098848145905,0.0,0.0,0.0,4.318,4.261,4.164,4.23,3.762,4.329,3.995,4.294,4.318,4.261,4.164,4.23,3.822,4.329,3.995,4.294,2.700712e-07,6.814192e-07,1.398729e-06,3.159501e-07,1.286184e-05,7.401288e-07,7.733664e-07,7.204912e-07,16.941176470588225,17.761995900000002,0.8208194294117774,0.8208194294117774,0.8208194294117774
493,493,True,3,0.0021461791176471,4.606084805024657e-06,0.0021461791176471,7.366930620000001e-05,0.8638067566176469,0.40516875,0.0,0.0,0.6117647058823529,0.0,0.0,0.0,0.0,0.0,0.0,0.0,0.613910885,0.0,0.0,0.0,0.0,0.0,0.0,0.0,0.0021461791176471,0.0,0.0,0.0,0.0,0.0,0.0,0.0,0.6117647058823529,0.0,0.0,0.0,0.0,0.0,0.0,0.0,0.1992787676518566,0.0,0.0,0.0,0.0,0.0,4.318,4.261,3.617,4.23,3.977,4.329,3.995,4.294,4.318,4.261,3.829,4.23,3.977,4.329,3.995,4.294,3.1403e-07,6.481271e-07,6.382151e-05,6.47181e-06,3.275283e-07,5.542466e-07,8.103909e-07,7.216633e-07,73.41176470588235,73.66930620000001,0.2575414941176603,0.2575414941176603,0.2575414941176603
494,494,True,2,0.0098656660784314,9.7331367171113e-05,0.0098656660784314,1.81250564e-05,0.2609976435784314,0.385875,0.0,0.0,0.0,0.1411764705882352,0.0,0.0,0.0,0.0,0.0,0.0,0.0,0.1510421366666666,0.0,0.0,0.0,0.0,0.0,0.0,0.0,0.0098656660784314,0.0,0.0,0.0,0.0,0.0,0.0,0.0,0.1411764705882352,0.0,0.0,0.0,0.0,0.0,0.0,0.0,0.0343073044394606,0.0,0.0,0.0,0.0,4.318,4.261,4.164,3.968,3.977,4.329,3.995,4.294,4.318,4.261,4.164,4.078,3.977,4.329,3.995,4.294,2.357185e-07,7.669498e-07,3.054515e-07,1.431206e-05,4.547409e-07,5.522801e-07,7.288378e-07,7.690178e-07,16.941176470588225,18.1250564,1.1838799294117734,1.1838799294117734,1.1838799294117734
495,495,True,4,0.0027800224509805,7.728524827955759e-06,0.0027800224509805,7.374536740000001e-05,0.8067967149509802,0.4254271875,0.0,0.6117647058823529,0.0,0.0,0.0,0.0,0.0,0.0,0.0,0.6145447283333334,0.0,0.0,0.0,0.0,0.0,0.0,0.0,0.0027800224509805,0.0,0.0,0.0,0.0,0.0,0.0,0.0,0.6117647058823529,0.0,0.0,0.0,0.0,0.0,0.0,0.0,0.1601790988400823,0.0,0.0,0.0,0.0,0.0,0.0,4.318,3.736,4.164,4.23,3.977,4.329,3.995,4.294,4.318,3.937,4.164,4.23,3.977,4.329,3.995,4.294,3.986958e-06,6.539854e-05,1.940848e-06,1.422965e-07,1.205475e-07,6.249057e-07,7.197881e-07,8.114836e-07,73.41176470588235,73.7453674,0.3336026941176584,0.3336026941176584,0.3336026941176584
496,496,True,4,0.0183249249019608,0.0003358028726625,0.0183249249019608,1.89774796e-05,0.3855043992647058,0.202584375,0.0,0.0,0.1764705882352941,0.0,0.0,0.0,0.0,0.0,0.0,0.0,0.1581456633333333,0.0,0.0,0.0,0.0,0.0,0.0,0.0,-0.0183249249019608,0.0,0.0,0.0,0.0,0.0,0.0,0.0,0.1764705882352941,0.0,0.0,0.0,0.0,0.0,0.0,0.0,0.0577714833895772,0.0,0.0,0.0,0.0,0.0,4.318,4.261,3.844,4.23,3.977,4.329,3.995,4.294,4.318,4.261,3.994,4.23,3.977,4.329,3.995,4.294,2.822106e-07,6.55513e-07,1.347684e-05,2.316685e-06,1.877158e-07,5.626102e-07,7.680766e-07,7.278284e-07,21.176470588235293,18.9774796,-2.1989909882352947,2.1989909882352947,2.1989909882352947
497,497,True,7,0.0025215415686274,6.358171882316125e-06,0.0025215415686274,2.08738856e-05,0.4718792367647058,0.11167463671875,0.0,0.1764705882352941,0.0,0.0,0.0,0.0,0.0,0.0,0.0,0.1739490466666666,0.0,0.0,0.0,0.0,0.0,0.0,0.0,-0.0025215415686274,0.0,0.0,0.0,0.0,0.0,0.0,0.0,0.1764705882352941,0.0,0.0,0.0,0.0,0.0,0.0,0.0,0.032997995059934,0.0,0.0,0.0,0.0,0.0,0.0,4.318,3.928,4.164,4.23,3.977,4.329,3.995,4.294,4.318,4.093,4.164,4.23,3.977,4.329,3.995,4.294,1.204825e-06,1.575254e-05,1.564983e-06,1.391222e-07,1.214794e-07,5.949343e-07,7.235963e-07,7.724054e-07,21.176470588235293,20.8738856,-0.3025849882352922,0.3025849882352922,0.3025849882352922
498,498,True,0,0.0055395435294118,3.068654251424814e-05,0.0055395435294118,2.09823136e-05,0.0055395435294118,0.35,0.0,0.0,0.0,0.0,0.1803921568627451,0.0,0.0,0.0,0.0,0.0,0.0,0.0,0.1748526133333333,0.0,0.0,0.0,0.0,0.0,0.0,0.0,-0.0055395435294118,0.0,0.0,0.0,0.0,0.0,0.0,0.0,0.1803921568627451,0.0,0.0,0.0,0.0,0.0,0.0,0.0,0.1803921568627451,0.0,0.0,0.0,4.318,4.261,4.164,4.23,3.733,4.329,3.995,4.294,4.318,4.261,4.164,4.23,3.733,4.329,3.995,4.294,1.200237e-06,1.586342e-05,1.564978e-06,1.396194e-07,1.211708e-07,5.961007e-07,7.231783e-07,7.736094e-07,21.647058823529413,20.9823136,-0.6647452235294153,0.6647452235294153,0.6647452235294153
499,499,True,4,0.0057349818627451,3.2890016966015864e-05,0.0057349818627451,2.0958861e-05,0.3116751048039214,0.4254271875,0.0,0.0,0.0,0.1803921568627451,0.0,0.0,0.0,0.0,0.0,0.0,0.0,0.1746571749999999,0.0,0.0,0.0,0.0,0.0,0.0,0.0,-0.0057349818627451,0.0,0.0,0.0,0.0,0.0,0.0,0.0,0.1803921568627451,0.0,0.0,0.0,0.0,0.0,0.0,0.0,0.0451949010766473,0.0,0.0,0.0,0.0,4.318,4.261,4.164,3.938,3.977,4.329,3.995,4.294,4.318,4.261,4.164,4.065,3.977,4.329,3.995,4.294,2.387947e-07,7.780229e-07,2.834756e-07,1.709825e-05,4.975451e-07,5.551187e-07,7.311461e-07,7.765079e-07,21.647058823529413,20.958860999999995,-0.6881978235294177,0.6881978235294177,0.6881978235294177
500,500,True,4,0.0117950119117647,0.0001391223059986,0.0117950119117647,5.03565779e-05,0.2601873752450982,0.4254271875,0.0,0.0,0.0,0.0,0.4078431372549019,0.0,0.0,0.0,0.0,0.0,0.0,0.0,0.4196381491666667,0.0,0.0,0.0,0.0,0.0,0.0,0.0,0.0117950119117647,0.0,0.0,0.0,0.0,0.0,0.0,0.0,0.4078431372549019,0.0,0.0,0.0,0.0,0.0,0.0,0.0,0.2429620048915669,0.0,0.0,0.0,4.318,4.261,4.164,4.23,3.604,4.329,3.995,4.294,4.318,4.261,4.164,4.23,3.691,4.329,3.995,4.294,2.982528e-07,6.831031e-07,1.489115e-06,7.509729e-07,4.471539e-05,8.695381e-07,8.274428e-07,7.227632e-07,48.94117647058823,50.3565779,1.415401429411773,1.415401429411773,1.415401429411773
501,501,True,2,0.017791432745098,0.0003165350791233,0.017791432745098,5.10761484e-05,0.6130123860784313,0.385875,0.0,0.0,0.0,0.4078431372549019,0.0,0.0,0.0,0.0,0.0,0.0,0.0,0.42563457,0.0,0.0,0.0,0.0,0.0,0.0,0.0,0.017791432745098,0.0,0.0,0.0,0.0,0.0,0.0,0.0,0.4078431372549019,0.0,0.0,0.0,0.0,0.0,0.0,0.0,0.1505467322998774,0.0,0.0,0.0,0.0,4.318,4.261,4.164,3.791,3.977,4.329,3.995,4.294,4.318,4.261,4.164,3.96,3.977,4.329,3.995,4.294,2.372617e-07,8.381352e-07,4.866131e-07,4.650726e-05,9.120575e-07,5.609228e-07,7.300296e-07,8.038685e-07,48.94117647058823,51.0761484,2.134971929411769,2.134971929411769,2.134971929411769
502,502,True,3,0.0149573414215686,0.0002237220624013,0.0149573414215686,4.08537045e-05,0.2114740380882352,0.40516875,0.0,0.0,0.0,0.0,0.3254901960784313,0.0,0.0,0.0,0.0,0.0,0.0,0.0,0.3404475374999999,0.0,0.0,0.0,0.0,0.0,0.0,0.0,0.0149573414215686,0.0,0.0,0.0,0.0,0.0,0.0,0.0,0.3254901960784313,0.0,0.0,0.0,0.0,0.0,0.0,0.0,0.1950252682953247,0.0,0.0,0.0,4.318,4.261,4.164,4.23,3.648,4.329,3.995,4.294,4.318,4.261,4.164,4.23,3.723,4.329,3.995,4.294,2.899732e-07,6.830346e-07,1.471555e-06,6.226314e-07,3.540528e-05,8.390724e-07,8.164155e-07,7.257424e-07,39.05882352941176,40.8537045,1.7948809705882385,1.7948809705882385,1.7948809705882385
503,503,True,3,0.0050000864215686,2.5000864223155524e-05,0.0050000864215686,3.96588339e-05,0.500852272254902,0.40516875,0.0,0.0,0.0,0.3254901960784313,0.0,0.0,0.0,0.0,0.0,0.0,0.0,0.3304902825,0.0,0.0,0.0,0.0,0.0,0.0,0.0,0.0050000864215686,0.0,0.0,0.0,0.0,0.0,0.0,0.0,0.3254901960784313,0.0,0.0,0.0,0.0,0.0,0.0,0.0,0.1052038201198038,0.0,0.0,0.0,0.0,4.318,4.261,4.164,3.841,3.977,4.329,3.995,4.294,4.318,4.261,4.164,3.995,3.977,4.329,3.995,4.294,2.389939e-07,8.196055e-07,3.469757e-07,3.540123e-05,7.642049e-07,5.580262e-07,7.312735e-07,7.985242e-07,39.05882352941176,39.658833900000005,0.6000103705882438,0.6000103705882438,0.6000103705882438
504,504,True,2,0.0195988475,0.0003841148233282,0.0195988475,1.83518617e-05,0.1097919058333333,0.385875,0.0,0.0,0.0,0.0,0.1333333333333333,0.0,0.0,0.0,0.0,0.0,0.0,0.0,0.1529321808333333,0.0,0.0,0.0,0.0,0.0,0.0,0.0,0.0195988475,0.0,0.0,0.0,0.0,0.0,0.0,0.0,0.1333333333333333,0.0,0.0,0.0,0.0,0.0,0.0,0.0,0.0738792320854166,0.0,0.0,0.0,4.318,4.261,4.164,4.23,3.768,4.329,3.995,4.294,4.318,4.261,4.164,4.23,3.819,4.329,3.995,4.294,2.755664e-07,6.841451e-07,1.416405e-06,3.199036e-07,1.340068e-05,7.456628e-07,7.78352e-07,7.311468e-07,15.999999999999996,18.3518617,2.3518617000000006,2.3518617000000006,2.3518617000000006
505,505,True,4,0.0152528975,0.0002326508821455,0.0152528975,1.78303477e-05,0.2529823716666667,0.202584375,0.0,0.0,0.0,0.1333333333333333,0.0,0.0,0.0,0.0,0.0,0.0,0.0,0.1485862308333333,0.0,0.0,0.0,0.0,0.0,0.0,0.0,0.0152528975,0.0,0.0,0.0,0.0,0.0,0.0,0.0,0.1333333333333333,0.0,0.0,0.0,0.0,0.0,0.0,0.0,0.0330317889698436,0.0,0.0,0.0,0.0,4.318,4.261,4.164,3.974,3.977,4.329,3.995,4.294,4.318,4.261,4.164,4.08,3.977,4.329,3.995,4.294,2.414852e-07,7.677934e-07,3.076257e-07,1.400037e-05,4.50607e-07,5.569424e-07,7.294512e-07,7.760728e-07,15.999999999999996,17.8303477,1.8303477000000044,1.8303477000000044,1.8303477000000044
506,506,True,4,0.0118049236764707,0.0001393562230073,0.0118049236764707,0.0001115342379,0.5816118645098044,0.4254271875,0.0,0.0,0.0,0.0,0.9176470588235291,0.0,0.0,0.0,0.0,0.0,0.0,0.0,0.9294519825,0.0,0.0,0.0,0.0,0.0,0.0,0.0,0.0118049236764707,0.0,0.0,0.0,0.0,0.0,0.0,0.0,0.9176470588235291,0.0,0.0,0.0,0.0,0.0,0.0,0.0,0.5733117957501516,0.0,0.0,0.0,4.318,4.261,4.164,4.23,3.366,4.329,3.995,4.294,4.318,4.261,4.164,4.23,3.525,4.329,3.995,4.294,3.29192e-07,6.83754e-07,1.566303e-06,1.578347e-06,0.0001047741,9.782888e-07,9.072988e-07,7.169543e-07,110.1176470588235,111.5342379,1.4165908411765002,1.4165908411765002,1.4165908411765002
507,507,True,3,0.0081428702941177,6.630633662682536e-05,0.0081428702941177,4.85065562e-05,0.6480002536274512,0.40516875,0.0,0.0,0.3960784313725489,0.0,0.0,0.0,0.0,0.0,0.0,0.0,0.4042213016666666,0.0,0.0,0.0,0.0,0.0,0.0,0.0,0.0081428702941177,0.0,0.0,0.0,0.0,0.0,0.0,0.0,0.3960784313725489,0.0,0.0,0.0,0.0,0.0,0.0,0.0,0.100814130783235,0.0,0.0,0.0,0.0,0.0,4.318,4.261,3.719,4.23,3.977,4.329,3.995,4.294,4.318,4.261,3.893,4.23,3.977,4.329,3.995,4.294,3.060402e-07,6.569947e-07,4.047992e-05,4.71414e-06,2.670134e-07,5.613687e-07,7.9552e-07,7.255592e-07,47.52941176470587,48.5065562,0.9771444352941288,0.9771444352941288,0.9771444352941288
508,508,True,3,0.0028660728431374,8.214373542169964e-06,0.0028660728431374,0.0001104615757999,1.2683620320098044,0.40516875,0.0,0.0,0.0,0.9176470588235291,0.0,0.0,0.0,0.0,0.0,0.0,0.0,0.9205131316666666,0.0,0.0,0.0,0.0,0.0,0.0,0.0,0.0028660728431374,0.0,0.0,0.0,0.0,0.0,0.0,0.0,0.9176470588235291,0.0,0.0,0.0,0.0,0.0,0.0,0.0,0.3644613760672114,0.0,0.0,0.0,0.0,4.318,4.261,4.164,3.504,3.977,4.329,3.995,4.294,4.318,4.261,4.164,3.817,3.977,4.329,3.995,4.294,2.349301e-07,9.209813e-07,1.714754e-06,0.0001038158,1.617615e-06,5.816942e-07,7.319861e-07,8.438151e-07,110.1176470588235,110.4615758,0.3439287411764979,0.3439287411764979,0.3439287411764979
509,509,True,3,0.0131701551960784,0.0001734529878887,0.0131701551960784,2.79333598e-05,0.1658353776960784,0.40516875,0.0,0.0,0.0,0.0,0.2196078431372549,0.0,0.0,0.0,0.0,0.0,0.0,0.0,0.2327779983333333,0.0,0.0,0.0,0.0,0.0,0.0,0.0,0.0131701551960784,0.0,0.0,0.0,0.0,0.0,0.0,0.0,0.2196078431372549,0.0,0.0,0.0,0.0,0.0,0.0,0.0,0.1253408388571568,0.0,0.0,0.0,4.318,4.261,4.164,4.23,3.705,4.329,3.995,4.294,4.318,4.261,4.164,4.23,3.773,4.329,3.995,4.294,2.784743e-07,6.823594e-07,1.43189e-06,4.572025e-07,2.277311e-05,7.939819e-07,7.937126e-07,7.226291e-07,26.352941176470587,27.9333598,1.5804186235294146,1.5804186235294146,1.5804186235294146
510,510,True,5,0.0158955344607844,0.0002526680157939,0.0158955344607844,4.94368759e-05,0.6572331252941179,0.21271359375,0.0,0.3960784313725489,0.0,0.0,0.0,0.0,0.0,0.0,0.0,0.4119739658333333,0.0,0.0,0.0,0.0,0.0,0.0,0.0,0.0158955344607844,0.0,0.0,0.0,0.0,0.0,0.0,0.0,0.3960784313725489,0.0,0.0,0.0,0.0,0.0,0.0,0.0,0.0528276080088024,0.0,0.0,0.0,0.0,0.0,0.0,4.318,3.824,4.164,4.23,3.977,4.329,3.995,4.294,4.318,3.999,4.164,4.23,3.977,4.329,3.995,4.294,2.71242e-06,4.253637e-05,1.794064e-06,1.397025e-07,1.206371e-07,6.13914e-07,7.216279e-07,7.981404e-07,47.52941176470587,49.4368759,1.907464135294127,1.907464135294127,1.907464135294127
511,511,True,2,0.0004632451960784,2.145961116897709e-07,0.0004632451960784,2.64085306e-05,0.3728774076960782,0.385875,0.0,0.0,0.0,0.2196078431372549,0.0,0.0,0.0,0.0,0.0,0.0,0.0,0.2200710883333333,0.0,0.0,0.0,0.0,0.0,0.0,0.0,0.0004632451960784,0.0,0.0,0.0,0.0,0.0,0.0,0.0,0.2196078431372549,0.0,0.0,0.0,0.0,0.0,0.0,0.0,0.0640735875465687,0.0,0.0,0.0,0.0,4.318,4.261,4.164,3.907,3.977,4.329,3.995,4.294,4.318,4.261,4.164,4.042,3.977,4.329,3.995,4.294,2.407963e-07,7.914041e-07,2.713777e-07,2.245597e-05,5.747972e-07,5.586219e-07,7.302244e-07,7.85339e-07,26.352941176470587,26.4085306,0.0555894235294154,0.0555894235294154,0.0555894235294154
512,512,True,3,0.0183831684313724,0.0003379408815762,0.0183831684313724,0.0001193824508,1.2037810967647062,0.40516875,0.0,0.0,0.9764705882352942,0.0,0.0,0.0,0.0,0.0,0.0,0.0,0.9948537566666666,0.0,0.0,0.0,0.0,0.0,0.0,0.0,0.0183831684313724,0.0,0.0,0.0,0.0,0.0,0.0,0.0,0.9764705882352942,0.0,0.0,0.0,0.0,0.0,0.0,0.0,0.3735614505956619,0.0,0.0,0.0,0.0,0.0,4.318,4.261,3.449,4.23,3.977,4.329,3.995,4.294,4.318,4.261,3.731,4.23,3.977,4.329,3.995,4.294,3.30635e-07,6.552195e-07,0.0001063338,9.515623e-06,4.369246e-07,5.508751e-07,8.406105e-07,7.187631e-07,117.1764705882353,119.3824508,2.2059802117646967,2.2059802117646967,2.2059802117646967
513,513,True,4,0.0093414486274508,8.726266245930428e-05,0.0093414486274508,8.86503856e-05,0.454800616127451,0.4254271875,0.0,0.0,0.0,0.0,0.7294117647058823,0.0,0.0,0.0,0.0,0.0,0.0,0.0,0.7387532133333332,0.0,0.0,0.0,0.0,0.0,0.0,0.0,0.0093414486274508,0.0,0.0,0.0,0.0,0.0,0.0,0.0,0.7294117647058823,0.0,0.0,0.0,0.0,0.0,0.0,0.0,0.4540396695965107,0.0,0.0,0.0,4.318,4.261,4.164,4.23,3.453,4.329,3.995,4.294,4.318,4.261,4.164,4.23,3.582,4.329,3.995,4.294,3.187406e-07,6.83919e-07,1.542115e-06,1.268692e-06,8.229809e-05,9.413541e-07,8.795244e-07,7.179505e-07,87.52941176470588,88.65038559999999,1.1209738352941088,1.1209738352941088,1.1209738352941088
515,515,True,3,0.0030838469607843,9.510112077538824e-06,0.0030838469607843,8.789947340000001e-05,1.0352042444607843,0.40516875,0.0,0.0,0.0,0.7294117647058823,0.0,0.0,0.0,0.0,0.0,0.0,0.0,0.7324956116666667,0.0,0.0,0.0,0.0,0.0,0.0,0.0,0.0030838469607843,0.0,0.0,0.0,0.0,0.0,0.0,0.0,0.7294117647058823,0.0,0.0,0.0,0.0,0.0,0.0,0.0,0.2831476810252144,0.0,0.0,0.0,0.0,4.318,4.261,4.164,3.613,3.977,4.329,3.995,4.294,4.318,4.261,4.164,3.867,3.977,4.329,3.995,4.294,2.368619e-07,8.91932e-07,1.173849e-06,8.209733e-05,1.360028e-06,5.719373e-07,7.345079e-07,8.330273e-07,87.52941176470588,87.8994734,0.370061635294121,0.370061635294121,0.370061635294121
516,516,True,3,0.0055490580882354,3.079204566661149e-05,0.0055490580882354,5.57247105e-05,0.7159848947549021,0.40516875,0.0,0.0,0.4588235294117646,0.0,0.0,0.0,0.0,0.0,0.0,0.0,0.4643725875,0.0,0.0,0.0,0.0,0.0,0.0,0.0,0.0055490580882354,0.0,0.0,0.0,0.0,0.0,0.0,0.0,0.4588235294117646,0.0,0.0,0.0,0.0,0.0,0.0,0.0,0.130092584948137,0.0,0.0,0.0,0.0,0.0,4.318,4.261,3.688,4.23,3.977,4.329,3.995,4.294,4.318,4.261,3.874,4.23,3.977,4.329,3.995,4.294,3.079313e-07,6.513829e-07,4.714853e-05,5.242428e-06,2.849613e-07,5.605711e-07,8.013875e-07,7.275184e-07,55.05882352941175,55.7247105,0.6658869705882537,0.6658869705882537,0.6658869705882537
517,517,True,3,0.0120721794117646,0.0001457375157498,0.0120721794117646,3.4389838e-05,0.1877614469117647,0.40516875,0.0,0.0,0.0,0.0,0.2745098039215686,0.0,0.0,0.0,0.0,0.0,0.0,0.0,0.2865819833333333,0.0,0.0,0.0,0.0,0.0,0.0,0.0,0.0120721794117646,0.0,0.0,0.0,0.0,0.0,0.0,0.0,0.2745098039215686,0.0,0.0,0.0,0.0,0.0,0.0,0.0,0.1622625754949877,0.0,0.0,0.0,4.318,4.261,4.164,4.23,3.675,4.329,3.995,4.294,4.318,4.261,4.164,4.23,3.747,4.329,3.995,4.294,2.839724e-07,6.832358e-07,1.448566e-06,5.435965e-07,2.907781e-05,8.268489e-07,8.032137e-07,7.225947e-07,32.94117647058823,34.389838,1.4486615294117655,1.4486615294117655,1.4486615294117655
518,518,True,3,0.0185904039215686,0.000345603117967,0.0185904039215686,5.728967199999999e-05,0.712754937254902,0.40516875,0.0,0.4588235294117646,0.0,0.0,0.0,0.0,0.0,0.0,0.0,0.4774139333333332,0.0,0.0,0.0,0.0,0.0,0.0,0.0,0.0185904039215686,0.0,0.0,0.0,0.0,0.0,0.0,0.0,0.4588235294117646,0.0,0.0,0.0,0.0,0.0,0.0,0.0,0.0886771158071994,0.0,0.0,0.0,0.0,0.0,0.0,4.318,3.796,4.164,4.23,3.977,4.329,3.995,4.294,4.318,3.978,4.164,4.23,3.977,4.329,3.995,4.294,3.131586e-06,4.990791e-05,1.841245e-06,1.426389e-07,1.20988e-07,6.185876e-07,7.247348e-07,8.019817e-07,55.05882352941175,57.28967199999999,2.230848470588242,2.230848470588242,2.230848470588242
519,519,True,2,0.0118339610784313,0.0001400426348058,0.0118339610784313,3.43612518e-05,0.4420776760784314,0.385875,0.0,0.0,0.0,0.2745098039215686,0.0,0.0,0.0,0.0,0.0,0.0,0.0,0.286343765,0.0,0.0,0.0,0.0,0.0,0.0,0.0,0.0118339610784313,0.0,0.0,0.0,0.0,0.0,0.0,0.0,0.2745098039215686,0.0,0.0,0.0,0.0,0.0,0.0,0.0,0.088175811554044,0.0,0.0,0.0,0.0,4.318,4.261,4.164,3.872,3.977,4.329,3.995,4.294,4.318,4.261,4.164,4.013,3.977,4.329,3.995,4.294,2.395329e-07,8.099357e-07,3.054219e-07,3.023492e-05,6.884484e-07,5.57312e-07,7.343752e-07,7.913057e-07,32.94117647058823,34.3612518,1.420075329411766,1.420075329411766,1.420075329411766
520,520,True,4,0.0102614037254903,0.0001052964064175,0.0102614037254903,5.3937250800000006e-05,0.2780666895588238,0.4254271875,0.0,0.0,0.0,0.0,0.4392156862745097,0.0,0.0,0.0,0.0,0.0,0.0,0.0,0.4494770900000001,0.0,0.0,0.0,0.0,0.0,0.0,0.0,0.0102614037254903,0.0,0.0,0.0,0.0,0.0,0.0,0.0,0.4392156862745097,0.0,0.0,0.0,0.0,0.0,0.0,0.0,0.2646909482136372,0.0,0.0,0.0,4.318,4.261,4.164,4.23,3.589,4.329,3.995,4.294,4.318,4.261,4.164,4.23,3.68,4.329,3.995,4.294,2.975846e-07,6.830001e-07,1.489454e-06,8.026971e-07,4.82355e-05,8.726144e-07,8.362467e-07,7.201539e-07,52.70588235294116,53.93725080000001,1.2313684470588484,1.2313684470588484,1.2313684470588484
521,521,True,2,0.0147339128921569,0.0002170881891136,0.0147339128921569,5.44739519e-05,0.6514827887254905,0.385875,0.0,0.0,0.0,0.4392156862745097,0.0,0.0,0.0,0.0,0.0,0.0,0.0,0.4539495991666666,0.0,0.0,0.0,0.0,0.0,0.0,0.0,0.0147339128921569,0.0,0.0,0.0,0.0,0.0,0.0,0.0,0.4392156862745097,0.0,0.0,0.0,0.0,0.0,0.0,0.0,0.1632641842639703,0.0,0.0,0.0,0.0,4.318,4.261,4.164,3.774,3.977,4.329,3.995,4.294,4.318,4.261,4.164,3.951,3.977,4.329,3.995,4.294,2.36579e-07,8.470604e-07,5.361107e-07,4.979262e-05,9.549133e-07,5.61441e-07,7.351968e-07,8.100307e-07,52.70588235294116,54.4739519,1.768069547058836,1.768069547058836,1.768069547058836
522,522,True,3,0.0175194877941177,0.0003069324525682,0.0175194877941177,0.0001136317503,1.161522130294118,0.40516875,0.0,0.0,0.9294117647058824,0.0,0.0,0.0,0.0,0.0,0.0,0.0,0.9469312525,0.0,0.0,0.0,0.0,0.0,0.0,0.0,0.0175194877941177,0.0,0.0,0.0,0.0,0.0,0.0,0.0,0.9294117647058824,0.0,0.0,0.0,0.0,0.0,0.0,0.0,0.3511305885751101,0.0,0.0,0.0,0.0,0.0,4.318,4.261,3.472,4.23,3.977,4.329,3.995,4.294,4.318,4.261,3.743,4.23,3.977,4.329,3.995,4.294,3.332662e-07,6.546813e-07,0.0001009927,9.104953e-06,4.244073e-07,5.573423e-07,8.380941e-07,7.263061e-07,111.52941176470588,113.6317503,2.1023385352941237,2.1023385352941237,2.1023385352941237
523,523,True,4,0.0079126715196078,6.261037057721303e-05,0.0079126715196078,6.91848147e-05,0.3563404140196078,0.4254271875,0.0,0.0,0.0,0.0,0.5686274509803921,0.0,0.0,0.0,0.0,0.0,0.0,0.0,0.5765401225,0.0,0.0,0.0,0.0,0.0,0.0,0.0,0.0079126715196078,0.0,0.0,0.0,0.0,0.0,0.0,0.0,0.5686274509803921,0.0,0.0,0.0,0.0,0.0,0.0,0.0,0.3501568807020909,0.0,0.0,0.0,4.318,4.261,4.164,4.23,3.527,4.329,3.995,4.294,4.318,4.261,4.164,4.23,3.635,4.329,3.995,4.294,3.103726e-07,6.847519e-07,1.518954e-06,9.997497e-07,6.318523e-05,9.067332e-07,8.562979e-07,7.227254e-07,68.23529411764706,69.1848147,0.949520582352946,0.949520582352946,0.949520582352946
524,524,True,4,0.0125231802941175,0.0001568300446789,0.0125231802941175,0.0001130321933999,1.0169697294607842,0.4254271875,0.0,0.9294117647058824,0.0,0.0,0.0,0.0,0.0,0.0,0.0,0.941934945,0.0,0.0,0.0,0.0,0.0,0.0,0.0,0.0125231802941175,0.0,0.0,0.0,0.0,0.0,0.0,0.0,0.9294117647058824,0.0,0.0,0.0,0.0,0.0,0.0,0.0,0.3323388629708127,0.0,0.0,0.0,0.0,0.0,0.0,4.318,3.611,4.164,4.23,3.977,4.329,3.995,4.294,4.318,3.852,4.164,4.23,3.977,4.329,3.995,4.294,5.941947e-06,0.0001024279,2.192971e-06,1.398343e-07,1.198855e-07,6.474447e-07,7.210922e-07,8.411187e-07,111.52941176470588,113.0321934,1.502781635294113,1.502781635294113,1.502781635294113
525,525,True,5,0.0158799729901959,0.0002521735421693,0.0158799729901959,3.62120503e-05,0.556911357009804,0.21271359375,0.0,0.0,0.3176470588235293,0.0,0.0,0.0,0.0,0.0,0.0,0.0,0.3017670858333333,0.0,0.0,0.0,0.0,0.0,0.0,0.0,-0.0158799729901959,0.0,0.0,0.0,0.0,0.0,0.0,0.0,0.3176470588235293,0.0,0.0,0.0,0.0,0.0,0.0,0.0,0.0798244665888468,0.0,0.0,0.0,0.0,0.0,4.318,4.261,3.761,4.23,3.977,4.329,3.995,4.294,4.318,4.261,3.93,4.23,3.977,4.329,3.995,4.294,3.002301e-07,6.570254e-07,2.916155e-05,3.76811e-06,2.373252e-07,5.652767e-07,7.892202e-07,7.333127e-07,38.11764705882352,36.2120503,-1.9055967588235132,1.9055967588235132,1.9055967588235132
526,526,True,3,0.002265087352941,5.130620716453557e-06,0.002265087352941,6.85071046e-05,0.8188746623529413,0.40516875,0.0,0.0,0.0,0.5686274509803921,0.0,0.0,0.0,0.0,0.0,0.0,0.0,0.5708925383333332,0.0,0.0,0.0,0.0,0.0,0.0,0.0,0.002265087352941,0.0,0.0,0.0,0.0,0.0,0.0,0.0,0.5686274509803921,0.0,0.0,0.0,0.0,0.0,0.0,0.0,0.2111365547401531,0.0,0.0,0.0,0.0,4.318,4.261,4.164,3.701,3.977,4.329,3.995,4.294,4.318,4.261,4.164,3.914,3.977,4.329,3.995,4.294,2.376933e-07,8.68864e-07,7.695544e-07,6.336947e-05,1.133128e-06,5.688837e-07,7.344966e-07,8.250146e-07,68.23529411764706,68.50710459999999,0.271810482352933,0.271810482352933,0.271810482352933
527,527,True,7,0.0118820703431373,0.0001411835956392,0.0118820703431373,3.95434955e-05,0.596046974509804,0.11167463671875,0.0,0.3176470588235293,0.0,0.0,0.0,0.0,0.0,0.0,0.0,0.3295291291666666,0.0,0.0,0.0,0.0,0.0,0.0,0.0,0.0118820703431373,0.0,0.0,0.0,0.0,0.0,0.0,0.0,0.3176470588235293,0.0,0.0,0.0,0.0,0.0,0.0,0.0,0.0456790358346923,0.0,0.0,0.0,0.0,0.0,0.0,4.318,3.859,4.164,4.23,3.977,4.329,3.995,4.294,4.318,4.028,4.164,4.23,3.977,4.329,3.995,4.294,2.190963e-06,3.322206e-05,1.730503e-06,1.405471e-07,1.223143e-07,6.140428e-07,7.248086e-07,7.982567e-07,38.11764705882352,39.5434955,1.425848441176484,1.425848441176484,1.425848441176484
528,528,True,6,0.0127812098529412,0.0001633593253049,0.0127812098529412,3.77690393e-05,0.5412350898529411,0.2233492734375,0.0,0.0,0.3019607843137254,0.0,0.0,0.0,0.0,0.0,0.0,0.0,0.3147419941666666,0.0,0.0,0.0,0.0,0.0,0.0,0.0,0.0127812098529412,0.0,0.0,0.0,0.0,0.0,0.0,0.0,0.3019607843137254,0.0,0.0,0.0,0.0,0.0,0.0,0.0,0.0815800025497095,0.0,0.0,0.0,0.0,0.0,4.318,4.261,3.769,4.23,3.977,4.329,3.995,4.294,4.318,4.261,3.925,4.23,3.977,4.329,3.995,4.294,3.022854e-07,6.595433e-07,3.057911e-05,3.894033e-06,2.430012e-07,5.640578e-07,7.909208e-07,7.360878e-07,36.23529411764705,37.7690393,1.5337451823529449,1.5337451823529449,1.5337451823529449
529,529,True,8,0.0147500376470587,0.0002175636105896,0.0147500376470587,3.44652896e-05,0.5845448665196078,0.1172583685546875,0.0,0.3019607843137254,0.0,0.0,0.0,0.0,0.0,0.0,0.0,0.2872107466666667,0.0,0.0,0.0,0.0,0.0,0.0,0.0,-0.0147500376470587,0.0,0.0,0.0,0.0,0.0,0.0,0.0,0.3019607843137254,0.0,0.0,0.0,0.0,0.0,0.0,0.0,0.0425490820835454,0.0,0.0,0.0,0.0,0.0,0.0,4.318,3.866,4.164,4.23,3.977,4.329,3.995,4.294,4.318,4.044,4.164,4.23,3.977,4.329,3.995,4.294,1.915274e-06,2.847237e-05,1.691223e-06,1.389171e-07,1.220665e-07,6.074178e-07,7.246819e-07,7.933393e-07,36.23529411764705,34.465289600000006,-1.7700045176470454,1.7700045176470454,1.7700045176470454
530,530,True,3,0.0197735585294117,0.000390993616916,0.0197735585294117,4.47257682e-05,0.2284167351960784,0.40516875,0.0,0.0,0.0,0.0,0.3529411764705882,0.0,0.0,0.0,0.0,0.0,0.0,0.0,0.3727147349999999,0.0,0.0,0.0,0.0,0.0,0.0,0.0,0.0197735585294117,0.0,0.0,0.0,0.0,0.0,0.0,0.0,0.3529411764705882,0.0,0.0,0.0,0.0,0.0,0.0,0.0,0.212678044692365,0.0,0.0,0.0,4.318,4.261,4.164,4.23,3.633,4.329,3.995,4.294,4.318,4.261,4.164,4.23,3.71,4.329,3.995,4.294,2.932478e-07,6.846739e-07,1.476006e-06,6.79284e-07,3.91869e-05,8.564442e-07,8.204717e-07,7.287406e-07,42.35294117647059,44.7257682,2.3728270235294104,2.3728270235294104,2.3728270235294104
531,531,True,2,0.0115790339705882,0.000134074027692,0.0115790339705882,4.09634571e-05,0.8650339135294117,0.385875,0.0,0.0,0.0,0.3529411764705882,0.0,0.0,0.0,0.0,0.0,0.0,0.0,0.3413621424999999,0.0,0.0,0.0,0.0,0.0,0.0,0.0,-0.0115790339705882,0.0,0.0,0.0,0.0,0.0,0.0,0.0,0.3529411764705882,0.0,0.0,0.0,0.0,0.0,0.0,0.0,0.1114245132382353,0.0,0.0,0.0,0.0,4.318,4.261,4.164,3.824,3.977,4.329,3.995,4.294,4.318,4.261,4.164,3.991,3.977,4.329,3.995,4.294,2.388024e-07,8.225135e-07,3.597352e-07,3.665603e-05,7.836091e-07,5.607916e-07,7.351093e-07,8.06866e-07,42.35294117647059,40.9634571,-1.3894840764705876,1.3894840764705876,1.3894840764705876
532,532,True,4,0.00846676877451,7.1686173481018e-05,0.00846676877451,5.23101299e-05,0.27442264877451,0.4254271875,0.0,0.0,0.0,0.0,0.4274509803921567,0.0,0.0,0.0,0.0,0.0,0.0,0.0,0.4359177491666667,0.0,0.0,0.0,0.0,0.0,0.0,0.0,0.00846676877451,0.0,0.0,0.0,0.0,0.0,0.0,0.0,0.4274509803921567,0.0,0.0,0.0,0.0,0.0,0.0,0.0,0.2550061003075651,0.0,0.0,0.0,4.318,4.261,4.164,4.23,3.594,4.329,3.995,4.294,4.318,4.261,4.164,4.23,3.685,4.329,3.995,4.294,3.013207e-07,6.856146e-07,1.5024e-06,7.731035e-07,4.66073e-05,8.760528e-07,8.339011e-07,7.304372e-07,51.2941176470588,52.3101299,1.016012252941202,1.016012252941202,1.016012252941202
533,533,True,3,0.0079805866666667,6.368976354417884e-05,0.0079805866666667,4.8957670400000005e-05,0.6548218141666667,0.40516875,0.0,0.0,0.4,0.0,0.0,0.0,0.0,0.0,0.0,0.0,0.4079805866666667,0.0,0.0,0.0,0.0,0.0,0.0,0.0,0.0079805866666667,0.0,0.0,0.0,0.0,0.0,0.0,0.0,0.4,0.0,0.0,0.0,0.0,0.0,0.0,0.0,0.1022212082860416,0.0,0.0,0.0,0.0,0.0,4.318,4.261,3.717,4.23,3.977,4.329,3.995,4.294,4.318,4.261,3.892,4.23,3.977,4.329,3.995,4.294,3.090466e-07,6.619244e-07,4.087e-05,4.746956e-06,2.717032e-07,5.640547e-07,8.004225e-07,7.33563e-07,48.0,48.957670400000005,0.9576704000000048,0.9576704000000048,0.9576704000000048
534,534,True,2,0.0180054754411767,0.0003241971458628,0.0180054754411767,5.3454774700000005e-05,0.6393617579411763,0.385875,0.0,0.0,0.0,0.4274509803921567,0.0,0.0,0.0,0.0,0.0,0.0,0.0,0.4454564558333334,0.0,0.0,0.0,0.0,0.0,0.0,0.0,0.0180054754411767,0.0,0.0,0.0,0.0,0.0,0.0,0.0,0.4274509803921567,0.0,0.0,0.0,0.0,0.0,0.0,0.0,0.1585001716381125,0.0,0.0,0.0,0.0,4.318,4.261,4.164,3.78,3.977,4.329,3.995,4.294,4.318,4.261,4.164,3.954,3.977,4.329,3.995,4.294,2.393499e-07,8.43508e-07,5.146613e-07,4.880217e-05,9.407952e-07,5.622717e-07,7.362883e-07,8.157303e-07,51.2941176470588,53.45477470000001,2.160657052941211,2.160657052941211,2.160657052941211
535,535,True,3,0.0184384375,0.0003399759774414,0.0184384375,5.02126125e-05,0.6646358949999999,0.40516875,0.0,0.4,0.0,0.0,0.0,0.0,0.0,0.0,0.0,0.4184384375,0.0,0.0,0.0,0.0,0.0,0.0,0.0,0.0184384375,0.0,0.0,0.0,0.0,0.0,0.0,0.0,0.4,0.0,0.0,0.0,0.0,0.0,0.0,0.0,0.0572392716396875,0.0,0.0,0.0,0.0,0.0,0.0,4.318,3.822,4.164,4.23,3.977,4.329,3.995,4.294,4.318,3.997,4.164,4.23,3.977,4.329,3.995,4.294,2.74554e-06,4.324784e-05,1.805655e-06,1.413095e-07,1.221971e-07,6.187974e-07,7.246662e-07,8.066073e-07,48.0,50.2126125,2.2126124999999988,2.2126124999999988,2.2126124999999988
536,536,True,4,0.0094773704901959,8.982055140843759e-05,0.0094773704901959,5.10196374e-05,0.2656211371568628,0.4254271875,0.0,0.0,0.0,0.0,0.415686274509804,0.0,0.0,0.0,0.0,0.0,0.0,0.0,0.425163645,0.0,0.0,0.0,0.0,0.0,0.0,0.0,0.0094773704901959,0.0,0.0,0.0,0.0,0.0,0.0,0.0,0.415686274509804,0.0,0.0,0.0,0.0,0.0,0.0,0.0,0.2472716639914415,0.0,0.0,0.0,4.318,4.261,4.164,4.23,3.6,4.329,3.995,4.294,4.318,4.261,4.164,4.23,3.689,4.329,3.995,4.294,2.966191e-07,6.862479e-07,1.490148e-06,7.68327e-07,4.533829e-05,8.783932e-07,8.341651e-07,7.274471e-07,49.88235294117648,51.01963739999999,1.1372844588235154,1.1372844588235154,1.1372844588235154
537,537,True,2,0.0143027063235292,0.0002045674081771,0.0143027063235292,5.159867769999999e-05,0.6236527863235293,0.385875,0.0,0.0,0.0,0.415686274509804,0.0,0.0,0.0,0.0,0.0,0.0,0.0,0.4299889808333332,0.0,0.0,0.0,0.0,0.0,0.0,0.0,0.0143027063235292,0.0,0.0,0.0,0.0,0.0,0.0,0.0,0.415686274509804,0.0,0.0,0.0,0.0,0.0,0.0,0.0,0.1522955638539216,0.0,0.0,0.0,0.0,4.318,4.261,4.164,3.787,3.977,4.329,3.995,4.294,4.318,4.261,4.164,3.959,3.977,4.329,3.995,4.294,2.387338e-07,8.421914e-07,4.882129e-07,4.699312e-05,9.254598e-07,5.627826e-07,7.360596e-07,8.121176e-07,49.88235294117648,51.59867769999999,1.7163247588235109,1.7163247588235109,1.7163247588235109
538,538,True,4,0.0146408369117648,0.0002143541054768,0.0146408369117648,8.269807690000001e-05,0.421745990245098,0.4254271875,0.0,0.0,0.0,0.0,0.6745098039215686,0.0,0.0,0.0,0.0,0.0,0.0,0.0,0.6891506408333334,0.0,0.0,0.0,0.0,0.0,0.0,0.0,0.0146408369117648,0.0,0.0,0.0,0.0,0.0,0.0,0.0,0.6745098039215686,0.0,0.0,0.0,0.0,0.0,0.0,0.0,0.4195089579455462,0.0,0.0,0.0,4.318,4.261,4.164,4.23,3.478,4.329,3.995,4.294,4.318,4.261,4.164,4.23,3.598,4.329,3.995,4.294,3.187176e-07,6.862949e-07,1.546197e-06,1.188552e-06,7.641798e-05,9.401987e-07,8.762117e-07,7.23925e-07,80.94117647058823,82.69807690000002,1.756900429411786,1.756900429411786,1.756900429411786
539,539,True,3,0.0132249421078433,0.0001748990937558,0.0132249421078433,9.28811107e-05,1.0094985046078433,0.40516875,0.0,0.0,0.76078431372549,0.0,0.0,0.0,0.0,0.0,0.0,0.0,0.7740092558333334,0.0,0.0,0.0,0.0,0.0,0.0,0.0,0.0132249421078433,0.0,0.0,0.0,0.0,0.0,0.0,0.0,0.76078431372549,0.0,0.0,0.0,0.0,0.0,0.0,0.0,0.2692028308763109,0.0,0.0,0.0,0.0,0.0,4.318,4.261,3.55,4.23,3.977,4.329,3.995,4.294,4.318,4.261,3.786,4.23,3.977,4.329,3.995,4.294,3.284874e-07,6.613723e-07,8.15954e-05,7.801264e-06,3.782532e-07,5.590806e-07,8.288639e-07,7.283893e-07,91.2941176470588,92.8811107,1.586993052941196,1.586993052941196,1.586993052941196
540,540,True,4,0.0002994060784314,8.96439998017209e-08,0.0002994060784314,8.09771052e-05,0.9621836260784312,0.4254271875,0.0,0.0,0.0,0.6745098039215686,0.0,0.0,0.0,0.0,0.0,0.0,0.0,0.67480921,0.0,0.0,0.0,0.0,0.0,0.0,0.0,0.0002994060784314,0.0,0.0,0.0,0.0,0.0,0.0,0.0,0.6745098039215686,0.0,0.0,0.0,0.0,0.0,0.0,0.0,0.2560572241178823,0.0,0.0,0.0,0.0,4.318,4.261,4.164,3.643,3.977,4.329,3.995,4.294,4.318,4.261,4.164,3.883,3.977,4.329,3.995,4.294,2.366273e-07,8.848804e-07,1.018915e-06,7.541476e-05,1.280557e-06,5.723725e-07,7.36227e-07,8.32766e-07,80.94117647058823,80.97710520000001,0.0359287294117791,0.0359287294117791,0.0359287294117791
541,541,True,4,0.0137272997549018,0.0001884387585609,0.0137272997549018,8.87060995e-05,0.4500511080882355,0.4254271875,0.0,0.0,0.0,0.0,0.7254901960784313,0.0,0.0,0.0,0.0,0.0,0.0,0.0,0.7392174958333332,0.0,0.0,0.0,0.0,0.0,0.0,0.0,0.0137272997549018,0.0,0.0,0.0,0.0,0.0,0.0,0.0,0.7254901960784313,0.0,0.0,0.0,0.0,0.0,0.0,0.0,0.4526740487690683,0.0,0.0,0.0,4.318,4.261,4.164,4.23,3.455,4.329,3.995,4.294,4.318,4.261,4.164,4.23,3.582,4.329,3.995,4.294,3.19667e-07,6.879535e-07,1.541085e-06,1.272245e-06,8.233303e-05,9.464437e-07,8.811338e-07,7.245415e-07,87.05882352941177,88.7060995,1.6472759705882254,1.6472759705882254,1.6472759705882254
542,542,True,4,0.0113310179411765,0.0001283919675832,0.0113310179411765,9.26538398e-05,0.914751982107843,0.4254271875,0.0,0.76078431372549,0.0,0.0,0.0,0.0,0.0,0.0,0.0,0.7721153316666666,0.0,0.0,0.0,0.0,0.0,0.0,0.0,0.0113310179411765,0.0,0.0,0.0,0.0,0.0,0.0,0.0,0.76078431372549,0.0,0.0,0.0,0.0,0.0,0.0,0.0,0.2359290031954351,0.0,0.0,0.0,0.0,0.0,0.0,4.318,3.677,4.164,4.23,3.977,4.329,3.995,4.294,4.318,3.895,4.164,4.23,3.977,4.329,3.995,4.294,4.937762e-06,8.319085e-05,2.075837e-06,1.424575e-07,1.207394e-07,6.352711e-07,7.231098e-07,8.27813e-07,91.2941176470588,92.6538398,1.3597221529411885,1.3597221529411885,1.3597221529411885
543,543,True,3,0.0039906339215686,1.5925159095974145e-05,0.0039906339215686,8.75376996e-05,1.0288075439215687,0.40516875,0.0,0.0,0.0,0.7254901960784313,0.0,0.0,0.0,0.0,0.0,0.0,0.0,0.72948083,0.0,0.0,0.0,0.0,0.0,0.0,0.0,0.0039906339215686,0.0,0.0,0.0,0.0,0.0,0.0,0.0,0.7254901960784313,0.0,0.0,0.0,0.0,0.0,0.0,0.0,0.2819812366774081,0.0,0.0,0.0,0.0,4.318,4.261,4.164,3.615,3.977,4.329,3.995,4.294,4.318,4.261,4.164,3.868,3.977,4.329,3.995,4.294,2.37281e-07,8.921955e-07,1.154924e-06,8.175972e-05,1.353176e-06,5.706751e-07,7.344846e-07,8.352434e-07,87.05882352941177,87.5376996,0.4788760705882282,0.4788760705882282,0.4788760705882282
544,544,True,1,0.0099221637254901,9.844933299543206e-05,0.0099221637254901,2.6103458e-05,0.4557707612745099,0.3675,0.0,0.0,0.2274509803921568,0.0,0.0,0.0,0.0,0.0,0.0,0.0,0.2175288166666666,0.0,0.0,0.0,0.0,0.0,0.0,0.0,-0.0099221637254901,0.0,0.0,0.0,0.0,0.0,0.0,0.0,0.2274509803921568,0.0,0.0,0.0,0.0,0.0,0.0,0.0,0.0679312139460783,0.0,0.0,0.0,0.0,0.0,4.318,4.261,3.81,4.23,3.977,4.329,3.995,4.294,4.318,4.261,3.965,4.23,3.977,4.329,3.995,4.294,2.921606e-07,6.583446e-07,1.992301e-05,2.941297e-06,2.104002e-07,5.647611e-07,7.792951e-07,7.341894e-07,27.294117647058812,26.103458,-1.1906596470588156,1.1906596470588156,1.1906596470588156
546,546,True,3,0.0080892267156862,6.543558885777285e-05,0.0080892267156862,3.24410575e-05,0.5160430707843138,0.1929375,0.0,0.0,0.2784313725490196,0.0,0.0,0.0,0.0,0.0,0.0,0.0,0.2703421458333333,0.0,0.0,0.0,0.0,0.0,0.0,0.0,-0.0080892267156862,0.0,0.0,0.0,0.0,0.0,0.0,0.0,0.2784313725490196,0.0,0.0,0.0,0.0,0.0,0.0,0.0,0.0756757909553921,0.0,0.0,0.0,0.0,0.0,4.318,4.261,3.781,4.23,3.977,4.329,3.995,4.294,4.318,4.261,3.942,4.23,3.977,4.329,3.995,4.294,2.996335e-07,6.606647e-07,2.571038e-05,3.464183e-06,2.280276e-07,5.64927e-07,7.818459e-07,7.313958e-07,33.411764705882355,32.4410575,-0.9707072058823556,0.9707072058823556,0.9707072058823556
547,547,True,3,0.0148926983823529,0.0002217924651077,0.0148926983823529,2.43753591e-05,0.140997953382353,0.40516875,0.0,0.0,0.0,0.0,0.188235294117647,0.0,0.0,0.0,0.0,0.0,0.0,0.0,0.2031279924999999,0.0,0.0,0.0,0.0,0.0,0.0,0.0,0.0148926983823529,0.0,0.0,0.0,0.0,0.0,0.0,0.0,0.188235294117647,0.0,0.0,0.0,0.0,0.0,0.0,0.0,0.1035449420797057,0.0,0.0,0.0,4.318,4.261,4.164,4.23,3.728,4.329,3.995,4.294,4.318,4.261,4.164,4.23,3.789,4.329,3.995,4.294,2.799349e-07,6.830596e-07,1.428914e-06,4.001172e-07,1.928897e-05,7.744416e-07,7.916661e-07,7.282557e-07,22.58823529411764,24.3753591,1.7871238058823558,1.7871238058823558,1.7871238058823558
548,548,True,5,0.0158944600490196,0.0002526338602498,0.0158944600490196,3.15044295e-05,0.5681839532843137,0.1012921875,0.0,0.2784313725490196,0.0,0.0,0.0,0.0,0.0,0.0,0.0,0.2625369125,0.0,0.0,0.0,0.0,0.0,0.0,0.0,-0.0158944600490196,0.0,0.0,0.0,0.0,0.0,0.0,0.0,0.2784313725490196,0.0,0.0,0.0,0.0,0.0,0.0,0.0,0.0407819318042616,0.0,0.0,0.0,0.0,0.0,0.0,4.318,3.876,4.164,4.23,3.977,4.329,3.995,4.294,4.318,4.053,4.164,4.23,3.977,4.329,3.995,4.294,1.777904e-06,2.570729e-05,1.640775e-06,1.39946e-07,1.234709e-07,6.053709e-07,7.23243e-07,7.864297e-07,33.411764705882355,31.5044295,-1.9073352058823545,1.9073352058823545,1.9073352058823545
549,549,True,2,0.0034390008823529,1.182672706882467e-05,0.0034390008823529,2.30009154e-05,0.326196775882353,0.385875,0.0,0.0,0.0,0.188235294117647,0.0,0.0,0.0,0.0,0.0,0.0,0.0,0.191674295,0.0,0.0,0.0,0.0,0.0,0.0,0.0,0.0034390008823529,0.0,0.0,0.0,0.0,0.0,0.0,0.0,0.188235294117647,0.0,0.0,0.0,0.0,0.0,0.0,0.0,0.0527644841033087,0.0,0.0,0.0,0.0,4.318,4.261,4.164,3.931,3.977,4.329,3.995,4.294,4.318,4.261,4.164,4.056,3.977,4.329,3.995,4.294,2.373901e-07,7.815999e-07,2.779083e-07,1.911442e-05,5.271098e-07,5.535196e-07,7.311019e-07,7.778658e-07,22.58823529411764,23.0009154,0.4126801058823588,0.4126801058823588,0.4126801058823588
550,550,True,4,0.0090353172058824,8.163695701091571e-05,0.0090353172058824,6.55548263e-05,0.335092871372549,0.4254271875,0.0,0.0,0.0,0.0,0.5372549019607842,0.0,0.0,0.0,0.0,0.0,0.0,0.0,0.5462902191666666,0.0,0.0,0.0,0.0,0.0,0.0,0.0,0.0090353172058824,0.0,0.0,0.0,0.0,0.0,0.0,0.0,0.5372549019607842,0.0,0.0,0.0,0.0,0.0,0.0,0.0,0.3300455662007025,0.0,0.0,0.0,4.318,4.261,4.164,4.23,3.542,4.329,3.995,4.294,4.318,4.261,4.164,4.23,3.645,4.329,3.995,4.294,3.0793e-07,6.830169e-07,1.511231e-06,9.519953e-07,5.963578e-05,8.938335e-07,8.51637e-07,7.194026e-07,64.4705882352941,65.5548263,1.0842380647059002,1.0842380647059002,1.0842380647059002
551,551,True,3,0.0123965377941175,0.0001536741492809,0.0123965377941175,6.29830037e-05,0.7818483580392157,0.40516875,0.0,0.0,0.0,0.5372549019607842,0.0,0.0,0.0,0.0,0.0,0.0,0.0,0.5248583641666666,0.0,0.0,0.0,0.0,0.0,0.0,0.0,-0.0123965377941175,0.0,0.0,0.0,0.0,0.0,0.0,0.0,0.5372549019607842,0.0,0.0,0.0,0.0,0.0,0.0,0.0,0.1928104131469301,0.0,0.0,0.0,0.0,4.318,4.261,4.164,3.719,3.977,4.329,3.995,4.294,4.318,4.261,4.164,3.928,3.977,4.329,3.995,4.294,2.360036e-07,8.550043e-07,6.788065e-07,5.804772e-05,1.057815e-06,5.617385e-07,7.345761e-07,8.113397e-07,64.4705882352941,62.9830037,-1.4875845352941042,1.4875845352941042,1.4875845352941042
552,552,True,3,0.0137182115686277,0.0001881893286416,0.0137182115686277,0.0001004697148,1.0697186715686278,0.40516875,0.0,0.0,0.8235294117647057,0.0,0.0,0.0,0.0,0.0,0.0,0.0,0.8372476233333335,0.0,0.0,0.0,0.0,0.0,0.0,0.0,0.0137182115686277,0.0,0.0,0.0,0.0,0.0,0.0,0.0,0.8235294117647057,0.0,0.0,0.0,0.0,0.0,0.0,0.0,0.3003182389704836,0.0,0.0,0.0,0.0,0.0,4.318,4.261,3.521,4.23,3.977,4.329,3.995,4.294,4.318,4.261,3.77,4.23,3.977,4.329,3.995,4.294,3.249649e-07,6.539967e-07,8.869657e-05,8.299856e-06,3.920547e-07,5.513682e-07,8.290968e-07,7.218075e-07,98.82352941176468,100.4697148,1.646185388235324,1.646185388235324,1.646185388235324
553,553,True,4,0.0118882796078432,0.0001413311920342,0.0118882796078432,7.672071120000001e-05,0.3935316421078429,0.4254271875,0.0,0.0,0.0,0.0,0.6274509803921569,0.0,0.0,0.0,0.0,0.0,0.0,0.0,0.6393392600000001,0.0,0.0,0.0,0.0,0.0,0.0,0.0,0.0118882796078432,0.0,0.0,0.0,0.0,0.0,0.0,0.0,0.6274509803921569,0.0,0.0,0.0,0.0,0.0,0.0,0.0,0.3882960418495084,0.0,0.0,0.0,4.318,4.261,4.164,4.23,3.499,4.329,3.995,4.294,4.318,4.261,4.164,4.23,3.614,4.329,3.995,4.294,3.090894e-07,6.827157e-07,1.529651e-06,1.106579e-06,7.05815e-05,9.302132e-07,8.637545e-07,7.172084e-07,75.29411764705883,76.72071120000001,1.4265935529411848,1.4265935529411848,1.4265935529411848
554,554,True,4,0.0112228440686278,0.0001259522289887,0.0112228440686278,0.0001001702707,0.9495838190686278,0.4254271875,0.0,0.8235294117647057,0.0,0.0,0.0,0.0,0.0,0.0,0.0,0.8347522558333336,0.0,0.0,0.0,0.0,0.0,0.0,0.0,0.0112228440686278,0.0,0.0,0.0,0.0,0.0,0.0,0.0,0.8235294117647057,0.0,0.0,0.0,0.0,0.0,0.0,0.0,0.2731541442115653,0.0,0.0,0.0,0.0,0.0,0.0,4.318,3.653,4.164,4.23,3.977,4.329,3.995,4.294,4.318,3.879,4.164,4.23,3.977,4.329,3.995,4.294,5.293502e-06,9.031656e-05,2.120252e-06,1.401809e-07,1.18015e-07,6.363476e-07,7.196695e-07,8.257437e-07,98.82352941176468,100.17027070000002,1.3467412882353358,1.3467412882353358,1.3467412882353358
555,555,True,5,0.0023559017156861,5.550272893973173e-06,0.0023559017156861,1.71290565e-05,0.350009466617647,0.21271359375,0.0,0.0,0.1450980392156862,0.0,0.0,0.0,0.0,0.0,0.0,0.0,0.1427421375,0.0,0.0,0.0,0.0,0.0,0.0,0.0,-0.0023559017156861,0.0,0.0,0.0,0.0,0.0,0.0,0.0,0.1450980392156862,0.0,0.0,0.0,0.0,0.0,0.0,0.0,0.0549645376501126,0.0,0.0,0.0,0.0,0.0,4.318,4.261,3.864,4.23,3.977,4.329,3.995,4.294,4.318,4.261,4.003,4.23,3.977,4.329,3.995,4.294,2.791269e-07,6.569985e-07,1.179859e-05,2.151723e-06,1.82705e-07,5.62343e-07,7.695857e-07,7.279844e-07,17.411764705882344,17.1290565,-0.2827082058823436,0.2827082058823436,0.2827082058823436
556,556,True,3,0.0020892029411763,4.364768929419769e-06,0.0020892029411763,7.554482199999999e-05,0.8999333421078433,0.40516875,0.0,0.0,0.0,0.6274509803921569,0.0,0.0,0.0,0.0,0.0,0.0,0.0,0.6295401833333332,0.0,0.0,0.0,0.0,0.0,0.0,0.0,0.0020892029411763,0.0,0.0,0.0,0.0,0.0,0.0,0.0,0.6274509803921569,0.0,0.0,0.0,0.0,0.0,0.0,0.0,0.2364184012473529,0.0,0.0,0.0,0.0,4.318,4.261,4.164,3.669,3.977,4.329,3.995,4.294,4.318,4.261,4.164,3.896,3.977,4.329,3.995,4.294,2.35878e-07,8.776406e-07,9.144316e-07,7.017767e-05,1.216331e-06,5.672244e-07,7.333909e-07,8.222555e-07,75.29411764705883,75.54482199999998,0.2507043529411561,0.2507043529411561,0.2507043529411561
557,557,True,9,0.0058708883823528,3.4467330398046135e-05,0.0058708883823528,1.67072581e-05,0.4395590224509804,0.1231212869824219,0.0,0.1450980392156862,0.0,0.0,0.0,0.0,0.0,0.0,0.0,0.1392271508333333,0.0,0.0,0.0,0.0,0.0,0.0,0.0,-0.0058708883823528,0.0,0.0,0.0,0.0,0.0,0.0,0.0,0.1450980392156862,0.0,0.0,0.0,0.0,0.0,0.0,0.0,0.0292871317029273,0.0,0.0,0.0,0.0,0.0,0.0,4.318,3.946,4.164,4.23,3.977,4.329,3.995,4.294,4.318,4.112,4.164,4.23,3.977,4.329,3.995,4.294,9.797127e-07,1.185195e-05,1.523793e-06,1.386289e-07,1.227918e-07,5.926784e-07,7.267649e-07,7.709384e-07,17.411764705882344,16.707258099999997,-0.7045066058823473,0.7045066058823473,0.7045066058823473
558,558,True,3,0.0045917718137256,2.108436838932497e-05,0.0045917718137256,6.031571850000001e-05,0.7539101484803921,0.40516875,0.0,0.0,0.4980392156862745,0.0,0.0,0.0,0.0,0.0,0.0,0.0,0.5026309875000001,0.0,0.0,0.0,0.0,0.0,0.0,0.0,0.0045917718137256,0.0,0.0,0.0,0.0,0.0,0.0,0.0,0.4980392156862745,0.0,0.0,0.0,0.0,0.0,0.0,0.0,0.1486009731948468,0.0,0.0,0.0,0.0,0.0,4.318,4.261,3.67,4.23,3.977,4.329,3.995,4.294,4.318,4.261,3.862,4.23,3.977,4.329,3.995,4.294,3.136206e-07,6.607705e-07,5.136812e-05,5.581998e-06,2.967749e-07,5.607315e-07,8.071774e-07,7.265256e-07,59.76470588235294,60.31571850000001,0.5510126176470678,0.5510126176470678,0.5510126176470678
559,559,True,3,0.0154012351470588,0.000237198044055,0.0154012351470588,6.16128541e-05,0.7375580984803922,0.40516875,0.0,0.4980392156862745,0.0,0.0,0.0,0.0,0.0,0.0,0.0,0.5134404508333333,0.0,0.0,0.0,0.0,0.0,0.0,0.0,0.0154012351470588,0.0,0.0,0.0,0.0,0.0,0.0,0.0,0.4980392156862745,0.0,0.0,0.0,0.0,0.0,0.0,0.0,0.1092678250792218,0.0,0.0,0.0,0.0,0.0,0.0,4.318,3.781,4.164,4.23,3.977,4.329,3.995,4.294,4.318,3.967,4.164,4.23,3.977,4.329,3.995,4.294,3.345675e-06,5.397655e-05,1.87945e-06,1.424011e-07,1.212466e-07,6.203224e-07,7.234796e-07,8.037294e-07,59.76470588235294,61.6128541,1.8481482176470576,1.8481482176470576,1.8481482176470576
560,560,True,3,0.0034370443627451,1.1813273951477953e-05,0.0034370443627451,5.8765386500000005e-05,0.745741004362745,0.40516875,0.0,0.0,0.4862745098039216,0.0,0.0,0.0,0.0,0.0,0.0,0.0,0.4897115541666667,0.0,0.0,0.0,0.0,0.0,0.0,0.0,0.0034370443627451,0.0,0.0,0.0,0.0,0.0,0.0,0.0,0.4862745098039216,0.0,0.0,0.0,0.0,0.0,0.0,0.0,0.1426364254217403,0.0,0.0,0.0,0.0,0.0,4.318,4.261,3.675,4.23,3.977,4.329,3.995,4.294,4.318,4.261,3.866,4.23,3.977,4.329,3.995,4.294,3.133906e-07,6.579673e-07,4.993354e-05,5.475962e-06,2.927038e-07,5.606465e-07,8.050306e-07,7.261457e-07,58.352941176470594,58.765386500000005,0.4124453235294112,0.4124453235294112,0.4124453235294112
561,561,True,3,0.0177939226960783,0.000316623684914,0.0177939226960783,6.04882119e-05,0.7327953251960782,0.40516875,0.0,0.4862745098039216,0.0,0.0,0.0,0.0,0.0,0.0,0.0,0.5040684325,0.0,0.0,0.0,0.0,0.0,0.0,0.0,0.0177939226960783,0.0,0.0,0.0,0.0,0.0,0.0,0.0,0.4862745098039216,0.0,0.0,0.0,0.0,0.0,0.0,0.0,0.1033608560000737,0.0,0.0,0.0,0.0,0.0,0.0,4.318,3.785,4.164,4.23,3.977,4.329,3.995,4.294,4.318,3.97,4.164,4.23,3.977,4.329,3.995,4.294,3.292096e-06,5.291359e-05,1.872756e-06,1.415141e-07,1.207122e-07,6.199855e-07,7.231654e-07,8.043927e-07,58.352941176470594,60.4882119,2.135270723529409,2.135270723529409,2.135270723529409
562,562,True,3,0.0062443147058823,3.899146614609828e-05,0.0062443147058823,5.7219906e-05,0.7276900905392159,0.40516875,0.0,0.0,0.4705882352941177,0.0,0.0,0.0,0.0,0.0,0.0,0.0,0.47683255,0.0,0.0,0.0,0.0,0.0,0.0,0.0,0.0062443147058823,0.0,0.0,0.0,0.0,0.0,0.0,0.0,0.4705882352941177,0.0,0.0,0.0,0.0,0.0,0.0,0.0,0.135223882467598,0.0,0.0,0.0,0.0,0.0,4.318,4.261,3.683,4.23,3.977,4.329,3.995,4.294,4.318,4.261,3.87,4.23,3.977,4.329,3.995,4.294,3.103465e-07,6.546173e-07,4.851706e-05,5.35761e-06,2.885737e-07,5.608541e-07,8.040622e-07,7.267822e-07,56.47058823529412,57.219906,0.7493177647058786,0.7493177647058786,0.7493177647058786
563,563,True,3,0.0170943413725489,0.0002922165069612,0.0170943413725489,5.85219092e-05,0.718752539705882,0.40516875,0.0,0.4705882352941177,0.0,0.0,0.0,0.0,0.0,0.0,0.0,0.4876825766666666,0.0,0.0,0.0,0.0,0.0,0.0,0.0,0.0170943413725489,0.0,0.0,0.0,0.0,0.0,0.0,0.0,0.4705882352941177,0.0,0.0,0.0,0.0,0.0,0.0,0.0,0.0949010749105149,0.0,0.0,0.0,0.0,0.0,0.0,4.318,3.792,4.164,4.23,3.977,4.329,3.995,4.294,4.318,3.975,4.164,4.23,3.977,4.329,3.995,4.294,3.184301e-06,5.107023e-05,1.854179e-06,1.428471e-07,1.216346e-07,6.199695e-07,7.244755e-07,8.042725e-07,56.47058823529412,58.5219092,2.051320964705873,2.051320964705873,2.051320964705873
564,564,True,3,0.0046549810294119,2.166884838418537e-05,0.0046549810294119,6.69115389e-05,0.8109888210294119,0.40516875,0.0,0.0,0.5529411764705882,0.0,0.0,0.0,0.0,0.0,0.0,0.0,0.5575961575000001,0.0,0.0,0.0,0.0,0.0,0.0,0.0,0.0046549810294119,0.0,0.0,0.0,0.0,0.0,0.0,0.0,0.5529411764705882,0.0,0.0,0.0,0.0,0.0,0.0,0.0,0.1720478442888234,0.0,0.0,0.0,0.0,0.0,4.318,4.261,3.644,4.23,3.977,4.329,3.995,4.294,4.318,4.261,3.846,4.23,3.977,4.329,3.995,4.294,3.162559e-07,6.584045e-07,5.746942e-05,6.052117e-06,3.130994e-07,5.617499e-07,8.12039e-07,7.284532e-07,66.35294117647058,66.91153890000001,0.5585977235294308,0.5585977235294308,0.5585977235294308
565,565,True,3,0.0193217868627452,0.0003733314475693,0.0193217868627452,6.86715556e-05,0.777541909362745,0.40516875,0.0,0.5529411764705882,0.0,0.0,0.0,0.0,0.0,0.0,0.0,0.5722629633333334,0.0,0.0,0.0,0.0,0.0,0.0,0.0,0.0193217868627452,0.0,0.0,0.0,0.0,0.0,0.0,0.0,0.5529411764705882,0.0,0.0,0.0,0.0,0.0,0.0,0.0,0.1386594508865318,0.0,0.0,0.0,0.0,0.0,0.0,4.318,3.759,4.164,4.23,3.977,4.329,3.995,4.294,4.318,3.95,4.164,4.23,3.977,4.329,3.995,4.294,3.713811e-06,6.061755e-05,1.916578e-06,1.423551e-07,1.209832e-07,6.249697e-07,7.233857e-07,8.119229e-07,66.35294117647058,68.6715556,2.318614423529425,2.318614423529425,2.318614423529425
566,566,True,4,0.0112123651470589,0.0001257171321909,0.0112123651470589,5.31101897e-05,0.2733861701470588,0.4254271875,0.0,0.0,0.0,0.0,0.4313725490196078,0.0,0.0,0.0,0.0,0.0,0.0,0.0,0.4425849141666667,0.0,0.0,0.0,0.0,0.0,0.0,0.0,0.0112123651470589,0.0,0.0,0.0,0.0,0.0,0.0,0.0,0.4313725490196078,0.0,0.0,0.0,0.0,0.0,0.0,0.0,0.2581369976525287,0.0,0.0,0.0,4.318,4.261,4.164,4.23,3.593,4.329,3.995,4.294,4.318,4.261,4.164,4.23,3.683,4.329,3.995,4.294,2.976628e-07,6.81958e-07,1.4885e-06,7.914415e-07,4.742168e-05,8.713203e-07,8.365714e-07,7.210557e-07,51.764705882352935,53.11018970000001,1.3454838176470716,1.3454838176470716,1.3454838176470716
567,567,True,2,0.0139429551470588,0.0001944059982328,0.0139429551470588,5.34378605e-05,0.6453634093137255,0.385875,0.0,0.0,0.0,0.4313725490196078,0.0,0.0,0.0,0.0,0.0,0.0,0.0,0.4453155041666666,0.0,0.0,0.0,0.0,0.0,0.0,0.0,0.0139429551470588,0.0,0.0,0.0,0.0,0.0,0.0,0.0,0.4313725490196078,0.0,0.0,0.0,0.0,0.0,0.0,0.0,0.1587050639932598,0.0,0.0,0.0,0.0,4.318,4.261,4.164,3.778,3.977,4.329,3.995,4.294,4.318,4.261,4.164,3.954,3.977,4.329,3.995,4.294,2.380184e-07,8.429366e-07,5.203675e-07,4.879486e-05,9.368671e-07,5.615213e-07,7.360908e-07,8.071988e-07,51.764705882352935,53.4378605,1.6731546176470644,1.6731546176470644,1.6731546176470644
568,568,True,5,0.0006665580882352,4.4429968499177605e-07,0.0006665580882352,1.68611895e-05,0.3448346535784314,0.21271359375,0.0,0.0,0.1411764705882352,0.0,0.0,0.0,0.0,0.0,0.0,0.0,0.1405099125,0.0,0.0,0.0,0.0,0.0,0.0,0.0,-0.0006665580882352,0.0,0.0,0.0,0.0,0.0,0.0,0.0,0.1411764705882352,0.0,0.0,0.0,0.0,0.0,0.0,0.0,0.05455185331316,0.0,0.0,0.0,0.0,0.0,4.318,4.261,3.867,4.23,3.977,4.329,3.995,4.294,4.318,4.261,4.004,4.23,3.977,4.329,3.995,4.294,2.822894e-07,6.631692e-07,1.15399e-05,2.12834e-06,1.83961e-07,5.647089e-07,7.689491e-07,7.298719e-07,16.941176470588225,16.8611895,-0.0799869705882265,0.0799869705882265,0.0799869705882265
569,569,True,9,0.0039327980882352,1.5466900802826538e-05,0.0039327980882352,1.64692407e-05,0.4364876310784314,0.1231212869824219,0.0,0.1411764705882352,0.0,0.0,0.0,0.0,0.0,0.0,0.0,0.1372436725,0.0,0.0,0.0,0.0,0.0,0.0,0.0,-0.0039327980882352,0.0,0.0,0.0,0.0,0.0,0.0,0.0,0.1411764705882352,0.0,0.0,0.0,0.0,0.0,0.0,0.0,0.0290258254142251,0.0,0.0,0.0,0.0,0.0,0.0,4.318,3.948,4.164,4.23,3.977,4.329,3.995,4.294,4.318,4.113,4.164,4.23,3.977,4.329,3.995,4.294,9.688679e-07,1.162171e-05,1.523365e-06,1.391562e-07,1.243647e-07,5.951463e-07,7.275765e-07,7.690541e-07,16.941176470588225,16.4692407,-0.4719357705882245,0.4719357705882245,0.4719357705882245
570,570,True,4,0.0102677549019609,0.0001054267907267,0.0102677549019609,5.205566e-05,0.2722691574019608,0.4254271875,0.0,0.0,0.0,0.0,0.4235294117647058,0.0,0.0,0.0,0.0,0.0,0.0,0.0,0.4337971666666667,0.0,0.0,0.0,0.0,0.0,0.0,0.0,0.0102677549019609,0.0,0.0,0.0,0.0,0.0,0.0,0.0,0.4235294117647058,0.0,0.0,0.0,0.0,0.0,0.0,0.0,0.2529703926051334,0.0,0.0,0.0,4.318,4.261,4.164,4.23,3.596,4.329,3.995,4.294,4.318,4.261,4.164,4.23,3.686,4.329,3.995,4.294,2.990156e-07,6.841545e-07,1.492374e-06,7.695154e-07,4.638664e-05,8.66636e-07,8.342438e-07,7.230807e-07,50.823529411764696,52.05566,1.2321305882353073,1.2321305882353073,1.2321305882353073
571,571,True,2,0.0155755499019608,0.0002425977547484,0.0155755499019608,5.26925954e-05,0.632631359901961,0.385875,0.0,0.0,0.0,0.4235294117647058,0.0,0.0,0.0,0.0,0.0,0.0,0.0,0.4391049616666667,0.0,0.0,0.0,0.0,0.0,0.0,0.0,0.0155755499019608,0.0,0.0,0.0,0.0,0.0,0.0,0.0,0.4235294117647058,0.0,0.0,0.0,0.0,0.0,0.0,0.0,0.1561041191287989,0.0,0.0,0.0,0.0,4.318,4.261,4.164,3.783,3.977,4.329,3.995,4.294,4.318,4.261,4.164,3.956,3.977,4.329,3.995,4.294,2.376042e-07,8.425883e-07,5.07885e-07,4.807102e-05,9.301386e-07,5.608322e-07,7.357567e-07,8.067704e-07,50.823529411764696,52.6925954,1.869065988235306,1.869065988235306,1.869065988235306
572,572,True,3,0.0142682301960784,0.0002035823929282,0.0142682301960784,1.99348712e-05,0.3945476756372549,0.1929375,0.0,0.0,0.1803921568627451,0.0,0.0,0.0,0.0,0.0,0.0,0.0,0.1661239266666666,0.0,0.0,0.0,0.0,0.0,0.0,0.0,-0.0142682301960784,0.0,0.0,0.0,0.0,0.0,0.0,0.0,0.1803921568627451,0.0,0.0,0.0,0.0,0.0,0.0,0.0,0.0593740509444852,0.0,0.0,0.0,0.0,0.0,4.318,4.261,3.841,4.23,3.977,4.329,3.995,4.294,4.318,4.261,3.99,4.23,3.977,4.329,3.995,4.294,2.877814e-07,6.612012e-07,1.431278e-05,2.411228e-06,1.91962e-07,5.644359e-07,7.742659e-07,7.312168e-07,21.647058823529413,19.934871200000003,-1.7121876235294096,1.7121876235294096,1.7121876235294096
573,573,True,6,0.0038813860294117,1.5065157509313044e-05,0.0038813860294117,2.11812925e-05,0.4776953206372549,0.106356796875,0.0,0.1803921568627451,0.0,0.0,0.0,0.0,0.0,0.0,0.0,0.1765107708333333,0.0,0.0,0.0,0.0,0.0,0.0,0.0,-0.0038813860294117,0.0,0.0,0.0,0.0,0.0,0.0,0.0,0.1803921568627451,0.0,0.0,0.0,0.0,0.0,0.0,0.0,0.0332317011551734,0.0,0.0,0.0,0.0,0.0,0.0,4.318,3.926,4.164,4.23,3.977,4.329,3.995,4.294,4.318,4.092,4.164,4.23,3.977,4.329,3.995,4.294,1.228037e-06,1.601443e-05,1.569973e-06,1.40014e-07,1.23733e-07,5.991648e-07,7.287613e-07,7.771794e-07,21.647058823529413,21.1812925,-0.4657663235294151,0.4657663235294151,0.4657663235294151
574,574,True,6,0.0189923802450981,0.0003607105073743,0.0189923802450981,5.12202621e-05,0.6653638385784317,0.2233492734375,0.0,0.0,0.4078431372549019,0.0,0.0,0.0,0.0,0.0,0.0,0.0,0.4268355175,0.0,0.0,0.0,0.0,0.0,0.0,0.0,0.0189923802450981,0.0,0.0,0.0,0.0,0.0,0.0,0.0,0.4078431372549019,0.0,0.0,0.0,0.0,0.0,0.0,0.0,0.11106827463911,0.0,0.0,0.0,0.0,0.0,4.318,4.261,3.713,4.23,3.977,4.329,3.995,4.294,4.318,4.261,3.886,4.23,3.977,4.329,3.995,4.294,3.103478e-07,6.626556e-07,4.29513e-05,4.922134e-06,2.751079e-07,5.642547e-07,8.016376e-07,7.328245e-07,48.94117647058823,51.2202621,2.2790856294117745,2.2790856294117745,2.2790856294117745
575,575,True,3,0.0192052544117647,0.0003688417970206,0.0192052544117647,5.1245807e-05,0.670114896911765,0.40516875,0.0,0.4078431372549019,0.0,0.0,0.0,0.0,0.0,0.0,0.0,0.4270483916666667,0.0,0.0,0.0,0.0,0.0,0.0,0.0,0.0192052544117647,0.0,0.0,0.0,0.0,0.0,0.0,0.0,0.4078431372549019,0.0,0.0,0.0,0.0,0.0,0.0,0.0,0.0612592801876958,0.0,0.0,0.0,0.0,0.0,0.0,4.318,3.819,4.164,4.23,3.977,4.329,3.995,4.294,4.318,3.994,4.164,4.23,3.977,4.329,3.995,4.294,2.817943e-06,4.421107e-05,1.80574e-06,1.426741e-07,1.223502e-07,6.182288e-07,7.26056e-07,8.017449e-07,48.94117647058823,51.245807,2.3046305294117744,2.3046305294117744,2.3046305294117744
576,576,True,4,0.0195725280882353,0.0003830838557647,0.0195725280882353,4.14075269e-05,0.5669134539215686,0.202584375,0.0,0.0,0.3254901960784313,0.0,0.0,0.0,0.0,0.0,0.0,0.0,0.3450627241666666,0.0,0.0,0.0,0.0,0.0,0.0,0.0,0.0195725280882353,0.0,0.0,0.0,0.0,0.0,0.0,0.0,0.3254901960784313,0.0,0.0,0.0,0.0,0.0,0.0,0.0,0.0852062327684007,0.0,0.0,0.0,0.0,0.0,4.318,4.261,3.757,4.23,3.977,4.329,3.995,4.294,4.318,4.261,3.914,4.23,3.977,4.329,3.995,4.294,3.044417e-07,6.583655e-07,3.392883e-05,4.179599e-06,2.485503e-07,5.640786e-07,7.941186e-07,7.295432e-07,39.05882352941176,41.4075269,2.34870337058824,2.34870337058824,2.34870337058824
577,577,True,5,0.0198298839215685,0.0003932242963428,0.0198298839215685,4.14384096e-05,0.6044452280882353,0.1012921875,0.0,0.3254901960784313,0.0,0.0,0.0,0.0,0.0,0.0,0.0,0.3453200799999999,0.0,0.0,0.0,0.0,0.0,0.0,0.0,0.0198298839215685,0.0,0.0,0.0,0.0,0.0,0.0,0.0,0.3254901960784313,0.0,0.0,0.0,0.0,0.0,0.0,0.0,0.0469161475768137,0.0,0.0,0.0,0.0,0.0,0.0,4.318,3.855,4.164,4.23,3.977,4.329,3.995,4.294,4.318,4.022,4.164,4.23,3.977,4.329,3.995,4.294,2.300262e-06,3.500904e-05,1.734341e-06,1.41151e-07,1.214504e-07,6.110679e-07,7.262682e-07,7.948291e-07,39.05882352941176,41.43840959999999,2.379586070588232,2.379586070588232,2.379586070588232
578,578,True,2,0.0012512316666666,1.5655806836694224e-06,0.0012512316666666,1.5849852199999997e-05,0.3374817633333334,0.385875,0.0,0.0,0.1333333333333333,0.0,0.0,0.0,0.0,0.0,0.0,0.0,0.1320821016666666,0.0,0.0,0.0,0.0,0.0,0.0,0.0,-0.0012512316666666,0.0,0.0,0.0,0.0,0.0,0.0,0.0,0.1333333333333333,0.0,0.0,0.0,0.0,0.0,0.0,0.0,0.0528292495041666,0.0,0.0,0.0,0.0,0.0,4.318,4.261,3.872,4.23,3.977,4.329,3.995,4.294,4.318,4.261,4.009,4.23,3.977,4.329,3.995,4.294,2.828593e-07,6.618635e-07,1.062649e-05,2.029405e-06,1.800045e-07,5.676072e-07,7.684137e-07,7.33209e-07,15.999999999999996,15.849852199999996,-0.1501477999999991,0.1501477999999991,0.1501477999999991
579,579,True,4,0.009905788872549,9.812465318751568e-05,0.009905788872549,8.965928289999999e-05,0.4597903030392155,0.4254271875,0.0,0.0,0.0,0.0,0.7372549019607842,0.0,0.0,0.0,0.0,0.0,0.0,0.0,0.7471606908333333,0.0,0.0,0.0,0.0,0.0,0.0,0.0,0.009905788872549,0.0,0.0,0.0,0.0,0.0,0.0,0.0,0.7372549019607842,0.0,0.0,0.0,0.0,0.0,0.0,0.0,0.4582302667073381,0.0,0.0,0.0,4.318,4.261,4.164,4.23,3.45,4.329,3.995,4.294,4.318,4.261,4.164,4.23,3.58,4.329,3.995,4.294,3.18788e-07,6.83873e-07,1.545731e-06,1.276449e-06,8.329529e-05,9.39132e-07,8.816248e-07,7.183951e-07,88.47058823529412,89.6592829,1.1886946647058778,1.1886946647058778,1.1886946647058778
580,580,True,10,0.0009625283333333,9.264607924694254e-07,0.0009625283333333,1.58844966e-05,0.4279757024999999,0.129277351331543,0.0,0.1333333333333333,0.0,0.0,0.0,0.0,0.0,0.0,0.0,0.1323708049999999,0.0,0.0,0.0,0.0,0.0,0.0,0.0,-0.0009625283333333,0.0,0.0,0.0,0.0,0.0,0.0,0.0,0.1333333333333333,0.0,0.0,0.0,0.0,0.0,0.0,0.0,0.0284261991898318,0.0,0.0,0.0,0.0,0.0,0.0,4.318,3.953,4.164,4.23,3.977,4.329,3.995,4.294,4.318,4.116,4.164,4.23,3.977,4.329,3.995,4.294,9.366546e-07,1.108403e-05,1.514758e-06,1.385584e-07,1.239431e-07,5.910797e-07,7.265784e-07,7.688944e-07,15.999999999999996,15.8844966,-0.1155033999999979,0.1155033999999979,0.1155033999999979
581,581,True,3,0.0052297455392157,2.7350238404946884e-05,0.0052297455392157,8.90981577e-05,1.0489545847058823,0.40516875,0.0,0.0,0.0,0.7372549019607842,0.0,0.0,0.0,0.0,0.0,0.0,0.0,0.7424846475,0.0,0.0,0.0,0.0,0.0,0.0,0.0,0.0052297455392157,0.0,0.0,0.0,0.0,0.0,0.0,0.0,0.7372549019607842,0.0,0.0,0.0,0.0,0.0,0.0,0.0,0.2862421850624937,0.0,0.0,0.0,0.0,4.318,4.261,4.164,3.608,3.977,4.329,3.995,4.294,4.318,4.261,4.164,3.865,3.977,4.329,3.995,4.294,2.358575e-07,8.92166e-07,1.199828e-06,8.3267e-05,1.364962e-06,5.708553e-07,7.341134e-07,8.333755e-07,88.47058823529412,89.0981577,0.6275694647058856,0.6275694647058856,0.6275694647058856
582,582,True,3,0.0140819103431374,0.0001983001989121,0.0140819103431374,0.0001118074762999,1.1585932461764714,0.40516875,0.0,0.0,0.9176470588235291,0.0,0.0,0.0,0.0,0.0,0.0,0.0,0.9317289691666666,0.0,0.0,0.0,0.0,0.0,0.0,0.0,0.0140819103431374,0.0,0.0,0.0,0.0,0.0,0.0,0.0,0.9176470588235291,0.0,0.0,0.0,0.0,0.0,0.0,0.0,0.3430871234916906,0.0,0.0,0.0,0.0,0.0,4.318,4.261,3.477,4.23,3.977,4.329,3.995,4.294,4.318,4.261,3.747,4.23,3.977,4.329,3.995,4.294,3.295137e-07,6.567251e-07,9.923365e-05,9.050636e-06,4.209407e-07,5.53302e-07,8.36181e-07,7.265278e-07,110.1176470588235,111.8074763,1.689829241176497,1.689829241176497,1.689829241176497
583,583,True,4,0.0148054328431376,0.0002192008416726,0.0148054328431376,0.000111894299,1.017147501176471,0.4254271875,0.0,0.9176470588235291,0.0,0.0,0.0,0.0,0.0,0.0,0.0,0.9324524916666668,0.0,0.0,0.0,0.0,0.0,0.0,0.0,0.0148054328431376,0.0,0.0,0.0,0.0,0.0,0.0,0.0,0.9176470588235291,0.0,0.0,0.0,0.0,0.0,0.0,0.0,0.3254228045806933,0.0,0.0,0.0,0.0,0.0,0.0,4.318,3.615,4.164,4.23,3.977,4.329,3.995,4.294,4.318,3.855,4.164,4.23,3.977,4.329,3.995,4.294,5.926158e-06,0.0001013255,2.188197e-06,1.408154e-07,1.184051e-07,6.411182e-07,7.183475e-07,8.357578e-07,110.1176470588235,111.894299,1.7766519411765105,1.7766519411765105,1.7766519411765105
584,584,True,3,0.0046166360294117,2.131332822806276e-05,0.0046166360294117,2.69069375e-05,0.4477911026960784,0.1929375,0.0,0.0,0.2196078431372549,0.0,0.0,0.0,0.0,0.0,0.0,0.0,0.2242244791666666,0.0,0.0,0.0,0.0,0.0,0.0,0.0,0.0046166360294117,0.0,0.0,0.0,0.0,0.0,0.0,0.0,0.2196078431372549,0.0,0.0,0.0,0.0,0.0,0.0,0.0,0.068799823191973,0.0,0.0,0.0,0.0,0.0,4.318,4.261,3.815,4.23,3.977,4.329,3.995,4.294,4.318,4.261,3.962,4.23,3.977,4.329,3.995,4.294,2.928128e-07,6.596883e-07,2.065439e-05,3.015459e-06,2.121555e-07,5.628679e-07,7.802188e-07,7.293452e-07,26.352941176470587,26.9069375,0.553996323529411,0.553996323529411,0.553996323529411
585,585,True,6,0.0073861689705882,5.455549206208024e-05,0.0073861689705882,2.54666009e-05,0.5240800610294117,0.106356796875,0.0,0.2196078431372549,0.0,0.0,0.0,0.0,0.0,0.0,0.0,0.2122216741666666,0.0,0.0,0.0,0.0,0.0,0.0,0.0,-0.0073861689705882,0.0,0.0,0.0,0.0,0.0,0.0,0.0,0.2196078431372549,0.0,0.0,0.0,0.0,0.0,0.0,0.0,0.036491124334734,0.0,0.0,0.0,0.0,0.0,0.0,4.318,3.903,4.164,4.23,3.977,4.329,3.995,4.294,4.318,4.075,4.164,4.23,3.977,4.329,3.995,4.294,1.458284e-06,2.003347e-05,1.607394e-06,1.391659e-07,1.234938e-07,5.979298e-07,7.258761e-07,7.809873e-07,26.352941176470587,25.4666009,-0.8863402764705874,0.8863402764705874,0.8863402764705874
586,586,True,3,0.0096550952941177,9.322086513849546e-05,0.0096550952941177,8.868802320000001e-05,1.1451241527941178,0.40516875,0.0,0.0,0.7294117647058823,0.0,0.0,0.0,0.0,0.0,0.0,0.0,0.7390668600000001,0.0,0.0,0.0,0.0,0.0,0.0,0.0,0.0096550952941177,0.0,0.0,0.0,0.0,0.0,0.0,0.0,0.7294117647058823,0.0,0.0,0.0,0.0,0.0,0.0,0.0,0.2501345580472977,0.0,0.0,0.0,0.0,0.0,4.318,4.261,3.564,4.23,3.977,4.329,3.995,4.294,4.318,4.261,3.796,4.23,3.977,4.329,3.995,4.294,3.229316e-07,6.537916e-07,7.770409e-05,7.535348e-06,3.646229e-07,5.563401e-07,8.235161e-07,7.273829e-07,87.52941176470588,88.68802320000002,1.1586114352941337,1.1586114352941337,1.1586114352941337
587,587,True,4,0.0112504373039216,0.0001265723395294,0.0112504373039216,4.69971113e-05,0.2446905381372549,0.4254271875,0.0,0.0,0.0,0.0,0.380392156862745,0.0,0.0,0.0,0.0,0.0,0.0,0.0,0.3916425941666666,0.0,0.0,0.0,0.0,0.0,0.0,0.0,0.0112504373039216,0.0,0.0,0.0,0.0,0.0,0.0,0.0,0.380392156862745,0.0,0.0,0.0,0.0,0.0,0.0,0.0,0.2217380147009024,0.0,0.0,0.0,4.318,4.261,4.164,4.23,3.619,4.329,3.995,4.294,4.318,4.261,4.164,4.23,3.703,4.329,3.995,4.294,2.951973e-07,6.817431e-07,1.48095e-06,6.999736e-07,4.143611e-05,8.547376e-07,8.255923e-07,7.228074e-07,45.647058823529406,46.9971113,1.3500524764705943,1.3500524764705943,1.3500524764705943
588,588,True,4,0.0074790686274509,5.5936467534121154e-05,0.0074790686274509,8.84269e-05,0.8976429452941174,0.4254271875,0.0,0.7294117647058823,0.0,0.0,0.0,0.0,0.0,0.0,0.0,0.7368908333333333,0.0,0.0,0.0,0.0,0.0,0.0,0.0,0.0074790686274509,0.0,0.0,0.0,0.0,0.0,0.0,0.0,0.7294117647058823,0.0,0.0,0.0,0.0,0.0,0.0,0.0,0.2165972827250993,0.0,0.0,0.0,0.0,0.0,0.0,4.318,3.69,4.164,4.23,3.977,4.329,3.995,4.294,4.318,3.905,4.164,4.23,3.977,4.329,3.995,4.294,4.71587e-06,7.922078e-05,2.057065e-06,1.404199e-07,1.186624e-07,6.312433e-07,7.202371e-07,8.226223e-07,87.52941176470588,88.4269,0.8974882352941194,0.8974882352941194,0.8974882352941194
589,589,True,2,0.0160315831372549,0.0002570116578867,0.0160315831372549,4.75708488e-05,0.5819420014705883,0.385875,0.0,0.0,0.0,0.380392156862745,0.0,0.0,0.0,0.0,0.0,0.0,0.0,0.3964237399999999,0.0,0.0,0.0,0.0,0.0,0.0,0.0,0.0160315831372549,0.0,0.0,0.0,0.0,0.0,0.0,0.0,0.380392156862745,0.0,0.0,0.0,0.0,0.0,0.0,0.0,0.1366911805888479,0.0,0.0,0.0,0.0,4.318,4.261,4.164,3.807,3.977,4.329,3.995,4.294,4.318,4.261,4.164,3.971,3.977,4.329,3.995,4.294,2.37052e-07,8.301712e-07,4.422197e-07,4.310484e-05,8.573793e-07,5.597242e-07,7.344955e-07,8.049669e-07,45.647058823529406,47.5708488,1.9237899764705944,1.9237899764705944,1.9237899764705944
590,590,True,4,0.0101140410784315,0.0001022938269361,0.0101140410784315,9.81548614e-05,0.5073747135784313,0.4254271875,0.0,0.0,0.0,0.0,0.8078431372549019,0.0,0.0,0.0,0.0,0.0,0.0,0.0,0.8179571783333334,0.0,0.0,0.0,0.0,0.0,0.0,0.0,0.0101140410784315,0.0,0.0,0.0,0.0,0.0,0.0,0.0,0.8078431372549019,0.0,0.0,0.0,0.0,0.0,0.0,0.0,0.5021509180873222,0.0,0.0,0.0,4.318,4.261,4.164,4.23,3.418,4.329,3.995,4.294,4.318,4.261,4.164,4.23,3.559,4.329,3.995,4.294,3.265263e-07,6.795856e-07,1.56361e-06,1.368141e-06,9.166316e-05,9.389898e-07,8.950166e-07,7.198321e-07,96.94117647058822,98.1548614,1.2136849294117835,1.2136849294117835,1.2136849294117835
591,591,True,4,0.0074018894117646,5.478796686399397e-05,0.0074018894117646,3.38294032e-05,0.5127293160784316,0.202584375,0.0,0.0,0.2745098039215686,0.0,0.0,0.0,0.0,0.0,0.0,0.0,0.2819116933333332,0.0,0.0,0.0,0.0,0.0,0.0,0.0,0.0074018894117646,0.0,0.0,0.0,0.0,0.0,0.0,0.0,0.2745098039215686,0.0,0.0,0.0,0.0,0.0,0.0,0.0,0.0770202012927296,0.0,0.0,0.0,0.0,0.0,4.318,4.261,3.784,4.23,3.977,4.329,3.995,4.294,4.318,4.261,3.938,4.23,3.977,4.329,3.995,4.294,2.961795e-07,6.51887e-07,2.699643e-05,3.580068e-06,2.279176e-07,5.617683e-07,7.852431e-07,7.299097e-07,32.94117647058823,33.829403199999994,0.8882267294117625,0.8882267294117625,0.8882267294117625
592,592,True,3,0.0033649835784314,1.1323114483113004e-05,0.0033649835784314,9.73449745e-05,1.1440756402450982,0.40516875,0.0,0.0,0.0,0.8078431372549019,0.0,0.0,0.0,0.0,0.0,0.0,0.0,0.8112081208333333,0.0,0.0,0.0,0.0,0.0,0.0,0.0,0.0033649835784314,0.0,0.0,0.0,0.0,0.0,0.0,0.0,0.8078431372549019,0.0,0.0,0.0,0.0,0.0,0.0,0.0,0.3160124040857167,0.0,0.0,0.0,0.0,4.318,4.261,4.164,3.568,3.977,4.329,3.995,4.294,4.318,4.261,4.164,3.847,3.977,4.329,3.995,4.294,2.367768e-07,9.035382e-07,1.391971e-06,9.121148e-05,1.451774e-06,5.74743e-07,7.353834e-07,8.393081e-07,96.94117647058822,97.3449745,0.4037980294117744,0.4037980294117744,0.4037980294117744
593,593,True,3,0.005667858872549,3.212462419913246e-05,0.005667858872549,1.7150731299999998e-05,0.113625573872549,0.40516875,0.0,0.0,0.0,0.0,0.1372549019607843,0.0,0.0,0.0,0.0,0.0,0.0,0.0,0.1429227608333333,0.0,0.0,0.0,0.0,0.0,0.0,0.0,0.005667858872549,0.0,0.0,0.0,0.0,0.0,0.0,0.0,0.1372549019607843,0.0,0.0,0.0,0.0,0.0,0.0,0.0,0.068150263918848,0.0,0.0,0.0,4.318,4.261,4.164,4.23,3.765,4.329,3.995,4.294,4.318,4.261,4.164,4.23,3.826,4.329,3.995,4.294,2.692292e-07,6.831755e-07,1.403155e-06,3.081851e-07,1.224235e-05,7.384702e-07,7.780569e-07,7.281094e-07,16.470588235294116,17.150731299999997,0.6801430647058808,0.6801430647058808,0.6801430647058808
594,594,True,5,0.0077283647549019,5.972762178481086e-05,0.0077283647549019,3.20137727e-05,0.5665529310784314,0.1012921875,0.0,0.2745098039215686,0.0,0.0,0.0,0.0,0.0,0.0,0.0,0.2667814391666666,0.0,0.0,0.0,0.0,0.0,0.0,0.0,-0.0077283647549019,0.0,0.0,0.0,0.0,0.0,0.0,0.0,0.2745098039215686,0.0,0.0,0.0,0.0,0.0,0.0,0.0,0.041134035345124,0.0,0.0,0.0,0.0,0.0,0.0,4.318,3.878,4.164,4.23,3.977,4.329,3.995,4.294,4.318,4.052,4.164,4.23,3.977,4.329,3.995,4.294,1.802998e-06,2.61679e-05,1.664425e-06,1.401819e-07,1.223307e-07,6.036133e-07,7.246077e-07,7.877161e-07,32.94117647058823,32.0137727,-0.927403770588235,0.927403770588235,0.927403770588235
595,595,True,2,0.0084602080392156,7.157512006680968e-05,0.0084602080392156,1.74858132e-05,0.2601199572058823,0.385875,0.0,0.0,0.0,0.1372549019607843,0.0,0.0,0.0,0.0,0.0,0.0,0.0,0.1457151099999999,0.0,0.0,0.0,0.0,0.0,0.0,0.0,0.0084602080392156,0.0,0.0,0.0,0.0,0.0,0.0,0.0,0.1372549019607843,0.0,0.0,0.0,0.0,0.0,0.0,0.0,0.0316076704905637,0.0,0.0,0.0,0.0,4.318,4.261,4.164,3.971,3.977,4.329,3.995,4.294,4.318,4.261,4.164,4.082,3.977,4.329,3.995,4.294,2.406298e-07,7.681639e-07,3.13612e-07,1.365732e-05,4.40712e-07,5.575432e-07,7.313462e-07,7.764861e-07,16.470588235294116,17.4858132,1.015224964705883,1.015224964705883,1.015224964705883
596,596,True,3,0.0087089487254903,7.584578790321961e-05,0.0087089487254903,5.37509562e-05,0.7016990028921569,0.40516875,0.0,0.0,0.4392156862745097,0.0,0.0,0.0,0.0,0.0,0.0,0.0,0.447924635,0.0,0.0,0.0,0.0,0.0,0.0,0.0,0.0087089487254903,0.0,0.0,0.0,0.0,0.0,0.0,0.0,0.4392156862745097,0.0,0.0,0.0,0.0,0.0,0.0,0.0,0.1199409052552509,0.0,0.0,0.0,0.0,0.0,4.318,4.261,3.697,4.23,3.977,4.329,3.995,4.294,4.318,4.261,3.88,4.23,3.977,4.329,3.995,4.294,3.061595e-07,6.466453e-07,4.534255e-05,5.080892e-06,2.795287e-07,5.615555e-07,8.019854e-07,7.316398e-07,52.70588235294116,53.7509562,1.0450738470588377,1.0450738470588377,1.0450738470588377
597,597,True,7,0.0159056517156862,0.0002529897565007,0.0159056517156862,8.04969135e-05,0.413061933382353,0.234516737109375,0.0,0.0,0.0,0.0,0.6549019607843137,0.0,0.0,0.0,0.0,0.0,0.0,0.0,0.6708076125,0.0,0.0,0.0,0.0,0.0,0.0,0.0,0.0159056517156862,0.0,0.0,0.0,0.0,0.0,0.0,0.0,0.6549019607843137,0.0,0.0,0.0,0.0,0.0,0.0,0.0,0.406675039097821,0.0,0.0,0.0,4.318,4.261,4.164,4.23,3.487,4.329,3.995,4.294,4.318,4.261,4.164,4.23,3.605,4.329,3.995,4.294,3.15158e-07,6.818634e-07,1.53561e-06,1.145817e-06,7.429626e-05,9.270321e-07,8.716453e-07,7.235277e-07,78.58823529411765,80.4969135,1.908678205882353,1.908678205882353,1.908678205882353
598,598,True,3,0.0174521412254902,0.0003045772333544,0.0174521412254902,5.480013929999999e-05,0.6978133295588237,0.40516875,0.0,0.4392156862745097,0.0,0.0,0.0,0.0,0.0,0.0,0.0,0.4566678274999999,0.0,0.0,0.0,0.0,0.0,0.0,0.0,0.0174521412254902,0.0,0.0,0.0,0.0,0.0,0.0,0.0,0.4392156862745097,0.0,0.0,0.0,0.0,0.0,0.0,0.0,0.0774743018262926,0.0,0.0,0.0,0.0,0.0,0.0,4.318,3.805,4.164,4.23,3.977,4.329,3.995,4.294,4.318,3.985,4.164,4.23,3.977,4.329,3.995,4.294,3.013906e-06,4.754915e-05,1.831467e-06,1.418445e-07,1.214807e-07,6.161409e-07,7.23492e-07,8.026582e-07,52.70588235294116,54.80013929999999,2.094256947058831,2.094256947058831,2.094256947058831
599,599,True,3,0.0065203758823528,4.25153016471691e-05,0.0065203758823528,7.93706804e-05,0.9442611083823528,0.40516875,0.0,0.0,0.0,0.6549019607843137,0.0,0.0,0.0,0.0,0.0,0.0,0.0,0.6614223366666666,0.0,0.0,0.0,0.0,0.0,0.0,0.0,0.0065203758823528,0.0,0.0,0.0,0.0,0.0,0.0,0.0,0.6549019607843137,0.0,0.0,0.0,0.0,0.0,0.0,0.0,0.2485555358548102,0.0,0.0,0.0,0.0,4.318,4.261,4.164,3.654,3.977,4.329,3.995,4.294,4.318,4.261,4.164,3.888,3.977,4.329,3.995,4.294,2.351178e-07,8.770717e-07,9.912408e-07,7.388113e-05,1.250683e-06,5.687803e-07,7.344889e-07,8.321679e-07,78.58823529411765,79.3706804,0.7824451058823456,0.7824451058823456,0.7824451058823456
600,600,True,3,0.0030890148529411,9.542012761690772e-06,0.0030890148529411,6.86059759e-05,0.8334608281862743,0.40516875,0.0,0.0,0.5686274509803921,0.0,0.0,0.0,0.0,0.0,0.0,0.0,0.5717164658333332,0.0,0.0,0.0,0.0,0.0,0.0,0.0,0.0030890148529411,0.0,0.0,0.0,0.0,0.0,0.0,0.0,0.5686274509803921,0.0,0.0,0.0,0.0,0.0,0.0,0.0,0.1781873619309865,0.0,0.0,0.0,0.0,0.0,4.318,4.261,3.637,4.23,3.977,4.329,3.995,4.294,4.318,4.261,3.842,4.23,3.977,4.329,3.995,4.294,3.157395e-07,6.522158e-07,5.904846e-05,6.169628e-06,3.167515e-07,5.595116e-07,8.111574e-07,7.325121e-07,68.23529411764706,68.60597589999999,0.370681782352932,0.370681782352932,0.370681782352932
601,601,True,3,0.0187813131862744,0.0003527377250009,0.0187813131862744,7.048905169999999e-05,0.7909926940196079,0.40516875,0.0,0.5686274509803921,0.0,0.0,0.0,0.0,0.0,0.0,0.0,0.5874087641666665,0.0,0.0,0.0,0.0,0.0,0.0,0.0,0.0187813131862744,0.0,0.0,0.0,0.0,0.0,0.0,0.0,0.5686274509803921,0.0,0.0,0.0,0.0,0.0,0.0,0.0,0.1445537951211948,0.0,0.0,0.0,0.0,0.0,0.0,4.318,3.753,4.164,4.23,3.977,4.329,3.995,4.294,4.318,3.946,4.164,4.23,3.977,4.329,3.995,4.294,3.816783e-06,6.230972e-05,1.939171e-06,1.409112e-07,1.191695e-07,6.252891e-07,7.232145e-07,8.147934e-07,68.23529411764706,70.48905169999999,2.2537575823529323,2.2537575823529323,2.2537575823529323
602,602,True,4,0.0153388764705882,0.0002352811313799,0.0153388764705882,4.0512276e-05,0.6022711026960785,0.202584375,0.0,0.0,0.3529411764705882,0.0,0.0,0.0,0.0,0.0,0.0,0.0,0.3376022999999999,0.0,0.0,0.0,0.0,0.0,0.0,0.0,-0.0153388764705882,0.0,0.0,0.0,0.0,0.0,0.0,0.0,0.3529411764705882,0.0,0.0,0.0,0.0,0.0,0.0,0.0,0.084178148073946,0.0,0.0,0.0,0.0,0.0,4.318,4.261,3.742,4.23,3.977,4.329,3.995,4.294,4.318,4.261,3.917,4.23,3.977,4.329,3.995,4.294,3.027457e-07,6.573155e-07,3.310898e-05,4.110944e-06,2.470009e-07,5.615293e-07,7.933564e-07,7.304042e-07,42.35294117647059,40.512276,-1.840665176470587,1.840665176470587,1.840665176470587
603,603,True,4,0.0052295640686274,2.734834034787878e-05,0.0052295640686274,4.34510771e-05,0.2340037957352941,0.4254271875,0.0,0.0,0.0,0.0,0.3568627450980392,0.0,0.0,0.0,0.0,0.0,0.0,0.0,0.3620923091666666,0.0,0.0,0.0,0.0,0.0,0.0,0.0,0.0052295640686274,0.0,0.0,0.0,0.0,0.0,0.0,0.0,0.3568627450980392,0.0,0.0,0.0,0.0,0.0,0.0,0.0,0.2055814459666128,0.0,0.0,0.0,4.318,4.261,4.164,4.23,3.631,4.329,3.995,4.294,4.318,4.261,4.164,4.23,3.715,4.329,3.995,4.294,2.945922e-07,6.847015e-07,1.483326e-06,6.502304e-07,3.794653e-05,8.414253e-07,8.226892e-07,7.275825e-07,42.82352941176471,43.4510771,0.6275476882352891,0.6275476882352891,0.6275476882352891
604,604,True,7,0.0124078439705881,0.0001539545919984,0.0124078439705881,4.08639999e-05,0.6304963293627452,0.11167463671875,0.0,0.3529411764705882,0.0,0.0,0.0,0.0,0.0,0.0,0.0,0.3405333325,0.0,0.0,0.0,0.0,0.0,0.0,0.0,-0.0124078439705881,0.0,0.0,0.0,0.0,0.0,0.0,0.0,0.3529411764705882,0.0,0.0,0.0,0.0,0.0,0.0,0.0,0.0465105295231198,0.0,0.0,0.0,0.0,0.0,0.0,4.318,3.843,4.164,4.23,3.977,4.329,3.995,4.294,4.318,4.024,4.164,4.23,3.977,4.329,3.995,4.294,2.269999e-06,3.445533e-05,1.744361e-06,1.402501e-07,1.22137e-07,6.088447e-07,7.270597e-07,7.960184e-07,42.35294117647059,40.8639999,-1.4889412764705838,1.4889412764705838,1.4889412764705838
605,605,True,2,0.0184338865686273,0.000339808174025,0.0184338865686273,4.50355958e-05,0.5489987174019608,0.385875,0.0,0.0,0.0,0.3568627450980392,0.0,0.0,0.0,0.0,0.0,0.0,0.0,0.3752966316666666,0.0,0.0,0.0,0.0,0.0,0.0,0.0,0.0184338865686273,0.0,0.0,0.0,0.0,0.0,0.0,0.0,0.3568627450980392,0.0,0.0,0.0,0.0,0.0,0.0,0.0,0.1267313367996324,0.0,0.0,0.0,0.0,4.318,4.261,4.164,3.822,3.977,4.329,3.995,4.294,4.318,4.261,4.164,3.979,3.977,4.329,3.995,4.294,2.389474e-07,8.279137e-07,4.062711e-07,4.063801e-05,8.256552e-07,5.583204e-07,7.359551e-07,8.045229e-07,42.82352941176471,45.0355958,2.212066388235286,2.212066388235286,2.212066388235286
606,606,True,3,0.0070558962745099,4.978567223664376e-05,0.0070558962745099,5.214082519999999e-05,0.6905007987745098,0.40516875,0.0,0.0,0.4274509803921567,0.0,0.0,0.0,0.0,0.0,0.0,0.0,0.4345068766666666,0.0,0.0,0.0,0.0,0.0,0.0,0.0,0.0070558962745099,0.0,0.0,0.0,0.0,0.0,0.0,0.0,0.4274509803921567,0.0,0.0,0.0,0.0,0.0,0.0,0.0,0.1142192569921443,0.0,0.0,0.0,0.0,0.0,4.318,4.261,3.703,4.23,3.977,4.329,3.995,4.294,4.318,4.261,3.884,4.23,3.977,4.329,3.995,4.294,3.088293e-07,6.594339e-07,4.380779e-05,4.996571e-06,2.765978e-07,5.584479e-07,8.049003e-07,7.28255e-07,51.2941176470588,52.1408252,0.8467075529411972,0.8467075529411972,0.8467075529411972
607,607,True,4,0.0045131371078433,2.03684065541926e-05,0.0045131371078433,5.18356941e-05,0.6933396054411765,0.4254271875,0.0,0.4274509803921567,0.0,0.0,0.0,0.0,0.0,0.0,0.0,0.4319641175,0.0,0.0,0.0,0.0,0.0,0.0,0.0,0.0045131371078433,0.0,0.0,0.0,0.0,0.0,0.0,0.0,0.4274509803921567,0.0,0.0,0.0,0.0,0.0,0.0,0.0,0.0628469142057787,0.0,0.0,0.0,0.0,0.0,0.0,4.318,3.81,4.164,4.23,3.977,4.329,3.995,4.294,4.318,3.993,4.164,4.23,3.977,4.329,3.995,4.294,2.854885e-06,4.475683e-05,1.816848e-06,1.420061e-07,1.227471e-07,6.142155e-07,7.270618e-07,8.011006e-07,51.2941176470588,51.8356941,0.5415764529412002,0.5415764529412002,0.5415764529412002
608,608,True,3,0.0072185654901959,5.210768773624789e-05,0.0072185654901959,5.07485808e-05,0.6774397821568627,0.40516875,0.0,0.0,0.415686274509804,0.0,0.0,0.0,0.0,0.0,0.0,0.0,0.4229048399999999,0.0,0.0,0.0,0.0,0.0,0.0,0.0,0.0072185654901959,0.0,0.0,0.0,0.0,0.0,0.0,0.0,0.415686274509804,0.0,0.0,0.0,0.0,0.0,0.0,0.0,0.1090504198296631,0.0,0.0,0.0,0.0,0.0,4.318,4.261,3.709,4.23,3.977,4.329,3.995,4.294,4.318,4.261,3.888,4.23,3.977,4.329,3.995,4.294,3.080992e-07,6.585088e-07,4.253305e-05,4.878723e-06,2.733474e-07,5.634353e-07,8.01119e-07,7.322981e-07,49.88235294117648,50.74858079999999,0.8662278588235139,0.8662278588235139,0.8662278588235139
609,609,True,4,0.0097514196568625,9.509018532424527e-05,0.0097514196568625,6.705252329999999e-05,0.3445231438235294,0.4254271875,0.0,0.0,0.0,0.0,0.5490196078431373,0.0,0.0,0.0,0.0,0.0,0.0,0.0,0.5587710274999999,0.0,0.0,0.0,0.0,0.0,0.0,0.0,0.0097514196568625,0.0,0.0,0.0,0.0,0.0,0.0,0.0,0.5490196078431373,0.0,0.0,0.0,0.0,0.0,0.0,0.0,0.3363585901329729,0.0,0.0,0.0,4.318,4.261,4.164,4.23,3.537,4.329,3.995,4.294,4.318,4.261,4.164,4.23,3.642,4.329,3.995,4.294,3.084491e-07,6.832634e-07,1.519053e-06,9.715193e-07,6.107851e-05,9.135769e-07,8.534284e-07,7.247232e-07,65.88235294117648,67.05252329999999,1.170170358823512,1.170170358823512,1.170170358823512
610,610,True,3,0.0195984488235294,0.0003840991962885,0.0195984488235294,5.22341668e-05,0.6834521729901959,0.40516875,0.0,0.415686274509804,0.0,0.0,0.0,0.0,0.0,0.0,0.0,0.4352847233333334,0.0,0.0,0.0,0.0,0.0,0.0,0.0,0.0195984488235294,0.0,0.0,0.0,0.0,0.0,0.0,0.0,0.415686274509804,0.0,0.0,0.0,0.0,0.0,0.0,0.0,0.064729121203309,0.0,0.0,0.0,0.0,0.0,0.0,4.318,3.815,4.164,4.23,3.977,4.329,3.995,4.294,4.318,3.992,4.164,4.23,3.977,4.329,3.995,4.294,2.867811e-06,4.513923e-05,1.816298e-06,1.420294e-07,1.214165e-07,6.167043e-07,7.257058e-07,8.049718e-07,49.88235294117648,52.2341668,2.351813858823526,2.351813858823526,2.351813858823526
611,611,True,3,0.005790487745098,3.352974832613069e-05,0.005790487745098,8.1636035e-05,0.9347459369117648,0.40516875,0.0,0.0,0.6745098039215686,0.0,0.0,0.0,0.0,0.0,0.0,0.0,0.6803002916666666,0.0,0.0,0.0,0.0,0.0,0.0,0.0,0.005790487745098,0.0,0.0,0.0,0.0,0.0,0.0,0.0,0.6745098039215686,0.0,0.0,0.0,0.0,0.0,0.0,0.0,0.2241668126168625,0.0,0.0,0.0,0.0,0.0,4.318,4.261,3.589,4.23,3.977,4.329,3.995,4.294,4.318,4.261,3.812,4.23,3.977,4.329,3.995,4.294,3.223675e-07,6.618832e-07,7.111557e-05,7.076788e-06,3.488142e-07,5.589306e-07,8.207463e-07,7.309352e-07,80.94117647058823,81.63603499999999,0.6948585294117606,0.6948585294117606,0.6948585294117606
612,612,True,3,0.0021981038235293,4.831660419014403e-06,0.0021981038235293,6.614612540000001e-05,0.8060862913235292,0.40516875,0.0,0.0,0.0,0.5490196078431373,0.0,0.0,0.0,0.0,0.0,0.0,0.0,0.5512177116666667,0.0,0.0,0.0,0.0,0.0,0.0,0.0,0.0021981038235293,0.0,0.0,0.0,0.0,0.0,0.0,0.0,0.5490196078431373,0.0,0.0,0.0,0.0,0.0,0.0,0.0,0.2013062965556007,0.0,0.0,0.0,0.0,4.318,4.261,4.164,3.712,3.977,4.329,3.995,4.294,4.318,4.261,4.164,3.921,3.977,4.329,3.995,4.294,2.36409e-07,8.616149e-07,7.306489e-07,6.110589e-05,1.088006e-06,5.654521e-07,7.35401e-07,8.227035e-07,65.88235294117648,66.1461254,0.2637724588235244,0.2637724588235244,0.2637724588235244
613,613,True,4,0.0041891160784313,1.7548693518571715e-05,0.0041891160784313,8.14438704e-05,0.8639676119117649,0.4254271875,0.0,0.6745098039215686,0.0,0.0,0.0,0.0,0.0,0.0,0.0,0.6786989199999999,0.0,0.0,0.0,0.0,0.0,0.0,0.0,0.0041891160784313,0.0,0.0,0.0,0.0,0.0,0.0,0.0,0.6745098039215686,0.0,0.0,0.0,0.0,0.0,0.0,0.0,0.1879650186002596,0.0,0.0,0.0,0.0,0.0,0.0,4.318,3.711,4.164,4.23,3.977,4.329,3.995,4.294,4.318,3.921,4.164,4.23,3.977,4.329,3.995,4.294,4.380386e-06,7.260816e-05,2.017054e-06,1.415254e-07,1.196747e-07,6.311229e-07,7.236363e-07,8.223111e-07,80.94117647058823,81.4438704,0.5026939294117625,0.5026939294117625,0.5026939294117625
614,614,True,3,0.011892677254902,0.0001414357722892,0.011892677254902,8.848594480000001e-05,0.9894612289215686,0.40516875,0.0,0.0,0.7254901960784313,0.0,0.0,0.0,0.0,0.0,0.0,0.0,0.7373828733333334,0.0,0.0,0.0,0.0,0.0,0.0,0.0,0.011892677254902,0.0,0.0,0.0,0.0,0.0,0.0,0.0,0.7254901960784313,0.0,0.0,0.0,0.0,0.0,0.0,0.0,0.2498904140783457,0.0,0.0,0.0,0.0,0.0,4.318,4.261,3.565,4.23,3.977,4.329,3.995,4.294,4.318,4.261,3.797,4.23,3.977,4.329,3.995,4.294,3.245387e-07,6.541987e-07,7.748818e-05,7.538635e-06,3.646159e-07,5.595538e-07,8.252218e-07,7.310009e-07,87.05882352941177,88.48594480000001,1.4271212705882448,1.4271212705882448,1.4271212705882448
615,615,True,4,0.0118541506372548,0.0001405208873307,0.0118541506372548,8.70695569e-05,0.4540592673039213,0.4254271875,0.0,0.0,0.0,0.0,0.7137254901960784,0.0,0.0,0.0,0.0,0.0,0.0,0.0,0.7255796408333333,0.0,0.0,0.0,0.0,0.0,0.0,0.0,0.0118541506372548,0.0,0.0,0.0,0.0,0.0,0.0,0.0,0.7137254901960784,0.0,0.0,0.0,0.0,0.0,0.0,0.0,0.4412417383802777,0.0,0.0,0.0,4.318,4.261,4.164,4.23,3.46,4.329,3.995,4.294,4.318,4.261,4.164,4.23,3.588,4.329,3.995,4.294,3.180867e-07,6.852503e-07,1.543164e-06,1.233532e-06,8.075208e-05,9.352264e-07,8.792076e-07,7.230099e-07,85.64705882352942,87.0695569,1.4224980764705748,1.4224980764705748,1.4224980764705748
616,616,True,4,0.0066175972549019,4.3792593428086005e-05,0.0066175972549019,8.78529352e-05,0.8980738514215686,0.4254271875,0.0,0.7254901960784313,0.0,0.0,0.0,0.0,0.0,0.0,0.0,0.7321077933333333,0.0,0.0,0.0,0.0,0.0,0.0,0.0,0.0066175972549019,0.0,0.0,0.0,0.0,0.0,0.0,0.0,0.7254901960784313,0.0,0.0,0.0,0.0,0.0,0.0,0.0,0.213389437010386,0.0,0.0,0.0,0.0,0.0,0.0,4.318,3.691,4.164,4.23,3.977,4.329,3.995,4.294,4.318,3.907,4.164,4.23,3.977,4.329,3.995,4.294,4.69839e-06,7.866175e-05,2.050744e-06,1.412169e-07,1.191131e-07,6.327029e-07,7.236779e-07,8.253404e-07,87.05882352941177,87.8529352,0.7941116705882365,0.7941116705882365,0.7941116705882365
617,617,True,3,0.0060204523039214,3.624584594379313e-05,0.0060204523039214,8.636951309999999e-05,1.028967288137255,0.40516875,0.0,0.0,0.0,0.7137254901960784,0.0,0.0,0.0,0.0,0.0,0.0,0.0,0.7197459424999999,0.0,0.0,0.0,0.0,0.0,0.0,0.0,0.0060204523039214,0.0,0.0,0.0,0.0,0.0,0.0,0.0,0.7137254901960784,0.0,0.0,0.0,0.0,0.0,0.0,0.0,0.2743841080454474,0.0,0.0,0.0,0.0,4.318,4.261,4.164,3.621,3.977,4.329,3.995,4.294,4.318,4.261,4.164,3.872,3.977,4.329,3.995,4.294,2.380507e-07,8.899697e-07,1.140684e-06,8.062927e-05,1.326197e-06,5.717038e-07,7.376455e-07,8.359924e-07,85.64705882352942,86.36951309999999,0.7224542764705717,0.7224542764705717,0.7224542764705717
618,618,True,4,0.0118169310294118,0.0001396398589538,0.0118169310294118,5.177097290000001e-05,0.2744685276960784,0.4254271875,0.0,0.0,0.0,0.0,0.4196078431372549,0.0,0.0,0.0,0.0,0.0,0.0,0.0,0.4314247741666668,0.0,0.0,0.0,0.0,0.0,0.0,0.0,0.0118169310294118,0.0,0.0,0.0,0.0,0.0,0.0,0.0,0.4196078431372549,0.0,0.0,0.0,0.0,0.0,0.0,0.0,0.2486031620508995,0.0,0.0,0.0,4.318,4.261,4.164,4.23,3.598,4.329,3.995,4.294,4.318,4.261,4.164,4.23,3.688,4.329,3.995,4.294,2.980355e-07,6.835982e-07,1.492222e-06,7.646599e-07,4.610589e-05,8.665633e-07,8.349714e-07,7.250326e-07,50.35294117647059,51.77097290000001,1.418031723529424,1.418031723529424,1.418031723529424
619,619,True,2,0.0129898510294118,0.0001687362297663,0.0129898510294118,5.19117233e-05,0.6347433510294116,0.385875,0.0,0.0,0.0,0.4196078431372549,0.0,0.0,0.0,0.0,0.0,0.0,0.0,0.4325976941666667,0.0,0.0,0.0,0.0,0.0,0.0,0.0,0.0129898510294118,0.0,0.0,0.0,0.0,0.0,0.0,0.0,0.4196078431372549,0.0,0.0,0.0,0.0,0.0,0.0,0.0,0.152567968729902,0.0,0.0,0.0,0.0,4.318,4.261,4.164,3.785,3.977,4.329,3.995,4.294,4.318,4.261,4.164,3.959,3.977,4.329,3.995,4.294,2.376381e-07,8.402466e-07,5.033112e-07,4.73087e-05,9.171225e-07,5.597498e-07,7.346683e-07,8.102868e-07,50.35294117647059,51.911723300000006,1.5587821235294186,1.5587821235294186,1.5587821235294186
620,620,True,4,0.0198649433333333,0.0003946159736365,0.0198649433333333,3.76162068e-05,0.2229197400000002,0.4254271875,0.0,0.0,0.0,0.0,0.3333333333333333,0.0,0.0,0.0,0.0,0.0,0.0,0.0,0.31346839,0.0,0.0,0.0,0.0,0.0,0.0,0.0,-0.0198649433333333,0.0,0.0,0.0,0.0,0.0,0.0,0.0,0.3333333333333333,0.0,0.0,0.0,0.0,0.0,0.0,0.0,0.177211657284927,0.0,0.0,0.0,4.318,4.261,4.164,4.23,3.643,4.329,3.995,4.294,4.318,4.261,4.164,4.23,3.736,4.329,3.995,4.294,2.876996e-07,6.836273e-07,1.466015e-06,5.799336e-07,3.223084e-05,8.271642e-07,8.137128e-07,7.272143e-07,40.0,37.6162068,-2.3837931999999995,2.3837931999999995,2.3837931999999995
621,621,True,5,0.0183877541666666,0.0003381095032937,0.0183877541666666,4.22065305e-05,0.5198893858333336,0.21271359375,0.0,0.0,0.0,0.3333333333333333,0.0,0.0,0.0,0.0,0.0,0.0,0.0,0.3517210875,0.0,0.0,0.0,0.0,0.0,0.0,0.0,0.0183877541666666,0.0,0.0,0.0,0.0,0.0,0.0,0.0,0.3333333333333333,0.0,0.0,0.0,0.0,0.0,0.0,0.0,0.1151341920083775,0.0,0.0,0.0,0.0,4.318,4.261,4.164,3.836,3.977,4.329,3.995,4.294,4.318,4.261,4.164,3.988,3.977,4.329,3.995,4.294,2.391625e-07,8.243411e-07,3.761241e-07,3.788041e-05,7.87677e-07,5.579082e-07,7.361311e-07,8.047765e-07,40.0,42.2065305,2.2065304999999995,2.2065304999999995,2.2065304999999995
622,622,True,3,0.0076572324509803,5.863320880834612e-05,0.0076572324509803,2.16693674e-05,0.4062993217156864,0.1929375,0.0,0.0,0.188235294117647,0.0,0.0,0.0,0.0,0.0,0.0,0.0,0.1805780616666666,0.0,0.0,0.0,0.0,0.0,0.0,0.0,-0.0076572324509803,0.0,0.0,0.0,0.0,0.0,0.0,0.0,0.188235294117647,0.0,0.0,0.0,0.0,0.0,0.0,0.0,0.0618087042331493,0.0,0.0,0.0,0.0,0.0,4.318,4.261,3.836,4.23,3.977,4.329,3.995,4.294,4.318,4.261,3.983,4.23,3.977,4.329,3.995,4.294,2.865691e-07,6.59895e-07,1.588971e-05,2.564016e-06,1.950577e-07,5.643971e-07,7.759602e-07,7.337623e-07,22.58823529411764,21.6693674,-0.9188678941176393,0.9188678941176393,0.9188678941176393
623,623,True,5,0.0044864532843136,2.012826307232905e-05,0.0044864532843136,2.20498609e-05,0.4914602325490196,0.1012921875,0.0,0.188235294117647,0.0,0.0,0.0,0.0,0.0,0.0,0.0,0.1837488408333333,0.0,0.0,0.0,0.0,0.0,0.0,0.0,-0.0044864532843136,0.0,0.0,0.0,0.0,0.0,0.0,0.0,0.188235294117647,0.0,0.0,0.0,0.0,0.0,0.0,0.0,0.0337078455508669,0.0,0.0,0.0,0.0,0.0,0.0,4.318,3.921,4.164,4.23,3.977,4.329,3.995,4.294,4.318,4.089,4.164,4.23,3.977,4.329,3.995,4.294,1.269294e-06,1.68353e-05,1.580563e-06,1.394394e-07,1.222044e-07,5.965231e-07,7.285145e-07,7.780225e-07,22.58823529411764,22.0498609,-0.5383743941176427,0.5383743941176427,0.5383743941176427
624,624,True,3,0.0018675197058823,3.487629851859057e-06,0.0018675197058823,6.469469059999998e-05,0.802344721372549,0.40516875,0.0,0.0,0.5372549019607842,0.0,0.0,0.0,0.0,0.0,0.0,0.0,0.5391224216666666,0.0,0.0,0.0,0.0,0.0,0.0,0.0,0.0018675197058823,0.0,0.0,0.0,0.0,0.0,0.0,0.0,0.5372549019607842,0.0,0.0,0.0,0.0,0.0,0.0,0.0,0.1640479037707229,0.0,0.0,0.0,0.0,0.0,4.318,4.261,3.652,4.23,3.977,4.329,3.995,4.294,4.318,4.261,3.852,4.23,3.977,4.329,3.995,4.294,3.15419e-07,6.58248e-07,5.541531e-05,5.898133e-06,3.063919e-07,5.598876e-07,8.120297e-07,7.292714e-07,64.4705882352941,64.69469059999999,0.2241023647058853,0.2241023647058853,0.2241023647058853
625,625,True,6,0.0162111472058824,0.0002628012937307,0.0162111472058824,6.641592589999999e-05,0.776631013039216,0.2233492734375,0.0,0.5372549019607842,0.0,0.0,0.0,0.0,0.0,0.0,0.0,0.5534660491666666,0.0,0.0,0.0,0.0,0.0,0.0,0.0,0.0162111472058824,0.0,0.0,0.0,0.0,0.0,0.0,0.0,0.5372549019607842,0.0,0.0,0.0,0.0,0.0,0.0,0.0,0.127015030613516,0.0,0.0,0.0,0.0,0.0,0.0,4.318,3.765,4.164,4.23,3.977,4.329,3.995,4.294,4.318,3.956,4.164,4.23,3.977,4.329,3.995,4.294,3.610606e-06,5.846795e-05,1.919525e-06,1.409706e-07,1.193575e-07,6.214353e-07,7.254594e-07,8.106221e-07,64.4705882352941,66.41592589999999,1.9453376647058889,1.9453376647058889,1.9453376647058889
626,626,True,4,0.0101891556372548,0.0001038188926002,0.0101891556372548,0.0001108697575,0.5914452873039217,0.4254271875,0.0,0.0,0.0,0.0,0.9137254901960784,0.0,0.0,0.0,0.0,0.0,0.0,0.0,0.9239146458333332,0.0,0.0,0.0,0.0,0.0,0.0,0.0,0.0101891556372548,0.0,0.0,0.0,0.0,0.0,0.0,0.0,0.9137254901960784,0.0,0.0,0.0,0.0,0.0,0.0,0.0,0.5659321354436367,0.0,0.0,0.0,4.318,4.261,4.164,4.23,3.368,4.329,3.995,4.294,4.318,4.261,4.164,4.23,3.529,4.329,3.995,4.294,3.305719e-07,6.845234e-07,1.577954e-06,1.553013e-06,0.000104134,9.630977e-07,9.090988e-07,7.174987e-07,109.6470588235294,110.8697575,1.2226986764705856,1.2226986764705856,1.2226986764705856
627,627,True,3,0.0031350006372549,9.82822899558872e-06,0.0031350006372549,0.0001100232589,1.2859386806372548,0.40516875,0.0,0.0,0.0,0.9137254901960784,0.0,0.0,0.0,0.0,0.0,0.0,0.0,0.9168604908333332,0.0,0.0,0.0,0.0,0.0,0.0,0.0,0.0031350006372549,0.0,0.0,0.0,0.0,0.0,0.0,0.0,0.9137254901960784,0.0,0.0,0.0,0.0,0.0,0.0,0.0,0.3595231967054473,0.0,0.0,0.0,0.0,4.318,4.261,4.164,3.506,3.977,4.329,3.995,4.294,4.318,4.261,4.164,3.82,3.977,4.329,3.995,4.294,2.35551e-07,9.239087e-07,1.702082e-06,0.0001033812,1.605049e-06,5.842941e-07,7.388235e-07,8.523506e-07,109.6470588235294,110.0232589,0.3762000764705959,0.3762000764705959,0.3762000764705959
628,628,True,3,0.0039476987745097,1.558432561426565e-05,0.0039476987745097,7.57678415e-05,0.8976851704411761,0.40516875,0.0,0.0,0.6274509803921569,0.0,0.0,0.0,0.0,0.0,0.0,0.0,0.6313986791666666,0.0,0.0,0.0,0.0,0.0,0.0,0.0,0.0039476987745097,0.0,0.0,0.0,0.0,0.0,0.0,0.0,0.6274509803921569,0.0,0.0,0.0,0.0,0.0,0.0,0.0,0.2031649768116239,0.0,0.0,0.0,0.0,0.0,4.318,4.261,3.61,4.23,3.977,4.329,3.995,4.294,4.318,4.261,3.826,4.23,3.977,4.329,3.995,4.294,3.200072e-07,6.549531e-07,6.569899e-05,6.648803e-06,3.334292e-07,5.627183e-07,8.176552e-07,7.312855e-07,75.29411764705883,75.76784149999999,0.4737238529411627,0.4737238529411627,0.4737238529411627
629,629,True,3,0.0196913704411765,0.0003877500698516,0.0196913704411765,7.765708210000001e-05,0.8324940887745096,0.40516875,0.0,0.6274509803921569,0.0,0.0,0.0,0.0,0.0,0.0,0.0,0.6471423508333334,0.0,0.0,0.0,0.0,0.0,0.0,0.0,0.0196913704411765,0.0,0.0,0.0,0.0,0.0,0.0,0.0,0.6274509803921569,0.0,0.0,0.0,0.0,0.0,0.0,0.0,0.1729540091512073,0.0,0.0,0.0,0.0,0.0,0.0,4.318,3.73,4.164,4.23,3.977,4.329,3.995,4.294,4.318,3.93,4.164,4.23,3.977,4.329,3.995,4.294,4.173274e-06,6.904072e-05,1.999617e-06,1.424778e-07,1.210013e-07,6.293064e-07,7.265644e-07,8.241212e-07,75.29411764705883,77.65708210000001,2.362964452941185,2.362964452941185,2.362964452941185
630,630,True,3,0.0054086109803921,2.925307273721899e-05,0.0054086109803921,5.241373919999999e-05,0.6966951051470587,0.40516875,0.0,0.0,0.4313725490196078,0.0,0.0,0.0,0.0,0.0,0.0,0.0,0.43678116,0.0,0.0,0.0,0.0,0.0,0.0,0.0,0.0054086109803921,0.0,0.0,0.0,0.0,0.0,0.0,0.0,0.4313725490196078,0.0,0.0,0.0,0.0,0.0,0.0,0.0,0.1152301095173467,0.0,0.0,0.0,0.0,0.0,4.318,4.261,3.701,4.23,3.977,4.329,3.995,4.294,4.318,4.261,3.884,4.23,3.977,4.329,3.995,4.294,3.094832e-07,6.552506e-07,4.406821e-05,4.995059e-06,2.78796e-07,5.640352e-07,8.046489e-07,7.382563e-07,51.764705882352935,52.4137392,0.64903331764706,0.64903331764706,0.64903331764706
631,631,True,3,0.0122783803431371,0.0001507586238507,0.0122783803431371,3.15910527e-05,0.1835434120098037,0.40516875,0.0,0.0,0.0,0.0,0.2509803921568628,0.0,0.0,0.0,0.0,0.0,0.0,0.0,0.2632587724999999,0.0,0.0,0.0,0.0,0.0,0.0,0.0,0.0122783803431371,0.0,0.0,0.0,0.0,0.0,0.0,0.0,0.2509803921568628,0.0,0.0,0.0,0.0,0.0,0.0,0.0,0.1453168678974205,0.0,0.0,0.0,4.318,4.261,4.164,4.23,3.687,4.329,3.995,4.294,4.318,4.261,4.164,4.23,3.759,4.329,3.995,4.294,2.871904e-07,6.869637e-07,1.462547e-06,5.022665e-07,2.630211e-05,8.123636e-07,8.055633e-07,7.320482e-07,30.117647058823536,31.5910527,1.4734056411764629,1.4734056411764629,1.4734056411764629
632,632,True,3,0.0181470768137254,0.0003293163968832,0.0181470768137254,5.39423551e-05,0.6993229376470591,0.40516875,0.0,0.4313725490196078,0.0,0.0,0.0,0.0,0.0,0.0,0.0,0.4495196258333332,0.0,0.0,0.0,0.0,0.0,0.0,0.0,0.0181470768137254,0.0,0.0,0.0,0.0,0.0,0.0,0.0,0.4313725490196078,0.0,0.0,0.0,0.0,0.0,0.0,0.0,0.0715675158289091,0.0,0.0,0.0,0.0,0.0,0.0,4.318,3.808,4.164,4.23,3.977,4.329,3.995,4.294,4.318,3.988,4.164,4.23,3.977,4.329,3.995,4.294,2.957756e-06,4.672357e-05,1.84044e-06,1.435594e-07,1.223633e-07,6.188303e-07,7.301668e-07,8.056693e-07,51.764705882352935,53.94235509999999,2.1776492176470583,2.1776492176470583,2.1776492176470583
633,633,True,2,0.0006896613235294,4.7563274117237e-07,0.0006896613235294,3.0034887700000005e-05,0.4152833711764704,0.385875,0.0,0.0,0.0,0.2509803921568628,0.0,0.0,0.0,0.0,0.0,0.0,0.0,0.2502907308333333,0.0,0.0,0.0,0.0,0.0,0.0,0.0,-0.0006896613235294,0.0,0.0,0.0,0.0,0.0,0.0,0.0,0.2509803921568628,0.0,0.0,0.0,0.0,0.0,0.0,0.0,0.0753806091752452,0.0,0.0,0.0,0.0,4.318,4.261,4.164,3.887,3.977,4.329,3.995,4.294,4.318,4.261,4.164,4.029,3.977,4.329,3.995,4.294,2.379798e-07,8.040057e-07,2.853771e-07,2.598585e-05,6.306665e-07,5.571586e-07,7.400378e-07,7.938122e-07,30.117647058823536,30.03488770000001,-0.0827593588235302,0.0827593588235302,0.0827593588235302
634,634,True,4,0.0090985961274509,8.278445149046548e-05,0.0090985961274509,5.66212433e-05,0.2951066694607843,0.4254271875,0.0,0.0,0.0,0.0,0.4627450980392157,0.0,0.0,0.0,0.0,0.0,0.0,0.0,0.4718436941666666,0.0,0.0,0.0,0.0,0.0,0.0,0.0,0.0090985961274509,0.0,0.0,0.0,0.0,0.0,0.0,0.0,0.4627450980392157,0.0,0.0,0.0,0.0,0.0,0.0,0.0,0.2777726937918024,0.0,0.0,0.0,4.318,4.261,4.164,4.23,3.578,4.329,3.995,4.294,4.318,4.261,4.164,4.23,3.673,4.329,3.995,4.294,3.002377e-07,6.881455e-07,1.514718e-06,8.306524e-07,5.083382e-05,8.799827e-07,8.462891e-07,7.273979e-07,55.52941176470589,56.6212433,1.091831535294112,1.091831535294112,1.091831535294112
635,635,True,3,0.0024491330392157,5.998252643778098e-06,0.0024491330392157,5.52355158e-05,0.6913928002941178,0.40516875,0.0,0.0,0.0,0.4627450980392157,0.0,0.0,0.0,0.0,0.0,0.0,0.0,0.460295965,0.0,0.0,0.0,0.0,0.0,0.0,0.0,-0.0024491330392157,0.0,0.0,0.0,0.0,0.0,0.0,0.0,0.4627450980392157,0.0,0.0,0.0,0.0,0.0,0.0,0.0,0.1639382395724448,0.0,0.0,0.0,0.0,4.318,4.261,4.164,3.761,3.977,4.329,3.995,4.294,4.318,4.261,4.164,3.95,3.977,4.329,3.995,4.294,2.367155e-07,8.485552e-07,5.453911e-07,5.052241e-05,9.669017e-07,5.619515e-07,7.393349e-07,8.142559e-07,55.52941176470589,55.2355158,-0.2938959647058894,0.2938959647058894,0.2938959647058894
636,636,True,4,0.0058392290686274,3.409659611590366e-05,0.0058392290686274,5.152423689999999e-05,1.0923879465686277,0.4254271875,0.0,0.0,0.4235294117647058,0.0,0.0,0.0,0.0,0.0,0.0,0.0,0.4293686408333332,0.0,0.0,0.0,0.0,0.0,0.0,0.0,0.0058392290686274,0.0,0.0,0.0,0.0,0.0,0.0,0.0,0.4235294117647058,0.0,0.0,0.0,0.0,0.0,0.0,0.0,0.1108592447474407,0.0,0.0,0.0,0.0,0.0,4.318,4.261,3.705,4.23,3.977,4.329,3.995,4.294,4.318,4.261,3.886,4.23,3.977,4.329,3.995,4.294,3.072065e-07,6.587906e-07,4.323134e-05,4.947967e-06,2.758929e-07,5.645566e-07,8.045435e-07,7.339398e-07,50.823529411764696,51.52423689999999,0.7007074882352953,0.7007074882352953,0.7007074882352953
637,637,True,5,0.005255247598039,2.761762731669553e-05,0.005255247598039,5.01928997e-05,0.691167372401961,0.21271359375,0.0,0.4235294117647058,0.0,0.0,0.0,0.0,0.0,0.0,0.0,0.4182741641666667,0.0,0.0,0.0,0.0,0.0,0.0,0.0,-0.005255247598039,0.0,0.0,0.0,0.0,0.0,0.0,0.0,0.4235294117647058,0.0,0.0,0.0,0.0,0.0,0.0,0.0,0.0541550206180299,0.0,0.0,0.0,0.0,0.0,0.0,4.318,3.812,4.164,4.23,3.977,4.329,3.995,4.294,4.318,3.998,4.164,4.23,3.977,4.329,3.995,4.294,2.755721e-06,4.320313e-05,1.818961e-06,1.425035e-07,1.213918e-07,6.184107e-07,7.304213e-07,8.023604e-07,50.823529411764696,50.192899700000005,-0.6306297117646906,0.6306297117646906,0.6306297117646906
638,638,True,3,0.0131674138725491,0.000173380788091,0.0131674138725491,9.005067790000002e-05,0.9994290538725488,0.40516875,0.0,0.0,0.7372549019607842,0.0,0.0,0.0,0.0,0.0,0.0,0.0,0.7504223158333334,0.0,0.0,0.0,0.0,0.0,0.0,0.0,0.0131674138725491,0.0,0.0,0.0,0.0,0.0,0.0,0.0,0.7372549019607842,0.0,0.0,0.0,0.0,0.0,0.0,0.0,0.2549003125104105,0.0,0.0,0.0,0.0,0.0,4.318,4.261,3.56,4.23,3.977,4.329,3.995,4.294,4.318,4.261,3.794,4.23,3.977,4.329,3.995,4.294,3.281446e-07,6.620274e-07,7.893213e-05,7.625992e-06,3.721398e-07,5.643482e-07,8.296832e-07,7.362127e-07,88.47058823529412,90.05067790000001,1.5800896647058948,1.5800896647058948,1.5800896647058948
639,639,True,4,0.0104910638725488,0.0001100624211778,0.0104910638725488,8.972951589999999e-05,0.909806656372549,0.4254271875,0.0,0.7372549019607842,0.0,0.0,0.0,0.0,0.0,0.0,0.0,0.7477459658333331,0.0,0.0,0.0,0.0,0.0,0.0,0.0,0.0104910638725488,0.0,0.0,0.0,0.0,0.0,0.0,0.0,0.7372549019607842,0.0,0.0,0.0,0.0,0.0,0.0,0.0,0.219878429699234,0.0,0.0,0.0,0.0,0.0,0.0,4.318,3.686,4.164,4.23,3.977,4.329,3.995,4.294,4.318,3.903,4.164,4.23,3.977,4.329,3.995,4.294,4.771011e-06,8.042218e-05,2.070175e-06,1.432352e-07,1.207041e-07,6.402245e-07,7.278896e-07,8.340965e-07,88.47058823529412,89.72951589999998,1.2589276647058654,1.2589276647058654,1.2589276647058654
640,640,True,2,0.0145146274019608,0.0002106744086177,0.0145146274019608,4.5652847e-06,0.0535730649019608,0.385875,0.0,0.0,0.0,0.0,0.0235294117647058,0.0,0.0,0.0,0.0,0.0,0.0,0.0,0.0380440391666666,0.0,0.0,0.0,0.0,0.0,0.0,0.0,0.0145146274019608,0.0,0.0,0.0,0.0,0.0,0.0,0.0,0.0235294117647058,0.0,0.0,0.0,0.0,0.0,0.0,0.0,0.0,0.0,0.0,0.0,4.318,4.261,4.164,4.23,3.881,4.329,3.995,4.294,4.318,4.261,4.164,4.23,3.977,4.329,3.995,4.294,2.425817e-07,6.920111e-07,1.317267e-06,1.301095e-07,1.273235e-07,5.729643e-07,7.372293e-07,7.457983e-07,2.823529411764696,4.5652847,1.7417552882353045,1.7417552882353045,1.7417552882353045
641,641,True,1,0.0145287824019608,0.0002110855180835,0.0145287824019608,4.5669833000000005e-06,0.1084539282352942,0.3675,0.0,0.0,0.0,0.0235294117647058,0.0,0.0,0.0,0.0,0.0,0.0,0.0,0.0380581941666666,0.0,0.0,0.0,0.0,0.0,0.0,0.0,0.0145287824019608,0.0,0.0,0.0,0.0,0.0,0.0,0.0,0.0235294117647058,0.0,0.0,0.0,0.0,0.0,0.0,0.0,0.0,0.0,0.0,0.0,0.0,4.318,4.261,4.164,4.091,3.977,4.329,3.995,4.294,4.318,4.261,4.164,4.23,3.977,4.329,3.995,4.294,2.448451e-07,6.903636e-07,1.315447e-06,1.296789e-07,1.276289e-07,5.731205e-07,7.360808e-07,7.498185e-07,2.823529411764696,4.5669833,1.7434538882353046,1.7434538882353046,1.7434538882353046
642,642,True,3,0.0067488714705882,4.554726612651967e-05,0.0067488714705882,4.64569234e-05,0.6347451939705882,0.40516875,0.0,0.0,0.380392156862745,0.0,0.0,0.0,0.0,0.0,0.0,0.0,0.3871410283333332,0.0,0.0,0.0,0.0,0.0,0.0,0.0,0.0067488714705882,0.0,0.0,0.0,0.0,0.0,0.0,0.0,0.380392156862745,0.0,0.0,0.0,0.0,0.0,0.0,0.0,0.0903134851788847,0.0,0.0,0.0,0.0,0.0,4.318,4.261,3.728,4.23,3.977,4.329,3.995,4.294,4.318,4.261,3.9,4.23,3.977,4.329,3.995,4.294,3.075425e-07,6.630034e-07,3.854858e-05,4.562801e-06,2.65614e-07,5.682213e-07,8.020537e-07,7.391075e-07,45.647058823529406,46.4569234,0.8098645764705878,0.8098645764705878,0.8098645764705878
643,643,True,6,0.007248434362745,5.25398007110237e-05,0.007248434362745,4.47772467e-05,0.6523904981372546,0.2233492734375,0.0,0.380392156862745,0.0,0.0,0.0,0.0,0.0,0.0,0.0,0.3731437224999999,0.0,0.0,0.0,0.0,0.0,0.0,0.0,-0.007248434362745,0.0,0.0,0.0,0.0,0.0,0.0,0.0,0.380392156862745,0.0,0.0,0.0,0.0,0.0,0.0,0.0,0.0486870996489546,0.0,0.0,0.0,0.0,0.0,0.0,4.318,3.831,4.164,4.23,3.977,4.329,3.995,4.294,4.318,4.013,4.164,4.23,3.977,4.329,3.995,4.294,2.479906e-06,3.810964e-05,1.769908e-06,1.428082e-07,1.237105e-07,6.166641e-07,7.308171e-07,8.037928e-07,45.647058823529406,44.7772467,-0.8698121235294067,0.8698121235294067,0.8698121235294067
644,644,True,3,0.0136419944117648,0.0001861040115306,0.0136419944117648,9.85782158e-05,1.0683048319117652,0.40516875,0.0,0.0,0.8078431372549019,0.0,0.0,0.0,0.0,0.0,0.0,0.0,0.8214851316666667,0.0,0.0,0.0,0.0,0.0,0.0,0.0,0.0136419944117648,0.0,0.0,0.0,0.0,0.0,0.0,0.0,0.8078431372549019,0.0,0.0,0.0,0.0,0.0,0.0,0.0,0.2880707107636332,0.0,0.0,0.0,0.0,0.0,4.318,4.261,3.528,4.23,3.977,4.329,3.995,4.294,4.318,4.261,3.776,4.23,3.977,4.329,3.995,4.294,3.287104e-07,6.604369e-07,8.689282e-05,8.176922e-06,3.899857e-07,5.624657e-07,8.338052e-07,7.330699e-07,96.94117647058822,98.5782158,1.6370393294117775,1.6370393294117775,1.6370393294117775
645,645,True,4,0.0126837610784315,0.0001608777950947,0.0126837610784315,9.84632278e-05,0.9553838352450982,0.4254271875,0.0,0.8078431372549019,0.0,0.0,0.0,0.0,0.0,0.0,0.0,0.8205268983333334,0.0,0.0,0.0,0.0,0.0,0.0,0.0,0.0126837610784315,0.0,0.0,0.0,0.0,0.0,0.0,0.0,0.8078431372549019,0.0,0.0,0.0,0.0,0.0,0.0,0.0,0.2600569866080825,0.0,0.0,0.0,0.0,0.0,0.0,4.318,3.659,4.164,4.23,3.977,4.329,3.995,4.294,4.318,3.884,4.164,4.23,3.977,4.329,3.995,4.294,5.227382e-06,8.864945e-05,2.122644e-06,1.414344e-07,1.195764e-07,6.4229e-07,7.276963e-07,8.327547e-07,96.94117647058822,98.4632278,1.5220513294117808,1.5220513294117808,1.5220513294117808
646,646,True,2,0.006425973872549,4.129314021068283e-05,0.006425973872549,1.72417051e-05,0.3461135422058824,0.385875,0.0,0.0,0.1372549019607843,0.0,0.0,0.0,0.0,0.0,0.0,0.0,0.1436808758333333,0.0,0.0,0.0,0.0,0.0,0.0,0.0,0.006425973872549,0.0,0.0,0.0,0.0,0.0,0.0,0.0,0.1372549019607843,0.0,0.0,0.0,0.0,0.0,0.0,0.0,0.0549452407780636,0.0,0.0,0.0,0.0,0.0,4.318,4.261,3.869,4.23,3.977,4.329,3.995,4.294,4.318,4.261,4.003,4.23,3.977,4.329,3.995,4.294,2.854729e-07,6.642685e-07,1.185579e-05,2.165399e-06,1.856396e-07,5.706974e-07,7.76395e-07,7.380427e-07,16.470588235294116,17.2417051,0.7711168647058848,0.7711168647058848,0.7711168647058848
647,647,True,9,0.0017352961274509,3.011252649946408e-06,0.0017352961274509,1.62623527e-05,0.4348388230392158,0.1231212869824219,0.0,0.1372549019607843,0.0,0.0,0.0,0.0,0.0,0.0,0.0,0.1355196058333333,0.0,0.0,0.0,0.0,0.0,0.0,0.0,-0.0017352961274509,0.0,0.0,0.0,0.0,0.0,0.0,0.0,0.1372549019607843,0.0,0.0,0.0,0.0,0.0,0.0,0.0,0.0287577014082931,0.0,0.0,0.0,0.0,0.0,0.0,4.318,3.951,4.164,4.23,3.977,4.329,3.995,4.294,4.318,4.115,4.164,4.23,3.977,4.329,3.995,4.294,9.537473e-07,1.140396e-05,1.532657e-06,1.401873e-07,1.237419e-07,5.964544e-07,7.337397e-07,7.778651e-07,16.470588235294116,16.262352699999997,-0.2082355352941185,0.2082355352941185,0.2082355352941185
648,648,True,3,0.0055485235294118,3.07861133564369e-05,0.0055485235294118,1.9018764000000003e-05,0.1222116260294118,0.40516875,0.0,0.0,0.0,0.0,0.1529411764705882,0.0,0.0,0.0,0.0,0.0,0.0,0.0,0.1584897,0.0,0.0,0.0,0.0,0.0,0.0,0.0,0.0055485235294118,0.0,0.0,0.0,0.0,0.0,0.0,0.0,0.1529411764705882,0.0,0.0,0.0,0.0,0.0,0.0,0.0,0.0761619863491359,0.0,0.0,0.0,4.318,4.261,4.164,4.23,3.753,4.329,3.995,4.294,4.318,4.261,4.164,4.23,3.816,4.329,3.995,4.294,2.731584e-07,6.895503e-07,1.425064e-06,3.340177e-07,1.401929e-05,7.563405e-07,7.87198e-07,7.341451e-07,18.352941176470583,19.018764000000004,0.665822823529421,0.665822823529421,0.665822823529421
649,649,True,3,0.0052527850490194,2.7591750771202715e-05,0.0052527850490194,7.921856949999999e-05,0.9238584308823526,0.40516875,0.0,0.0,0.6549019607843137,0.0,0.0,0.0,0.0,0.0,0.0,0.0,0.6601547458333332,0.0,0.0,0.0,0.0,0.0,0.0,0.0,0.0052527850490194,0.0,0.0,0.0,0.0,0.0,0.0,0.0,0.6549019607843137,0.0,0.0,0.0,0.0,0.0,0.0,0.0,0.2159431928791852,0.0,0.0,0.0,0.0,0.0,4.318,4.261,3.597,4.23,3.977,4.329,3.995,4.294,4.318,4.261,3.818,4.23,3.977,4.329,3.995,4.294,3.229424e-07,6.572695e-07,6.887329e-05,6.892154e-06,3.460374e-07,5.654248e-07,8.242106e-07,7.372408e-07,78.58823529411765,79.21856949999999,0.6303342058823347,0.6303342058823347,0.6303342058823347
650,650,True,2,0.0067898676960784,4.610230333025005e-05,0.0067898676960784,1.91677253e-05,0.2796435993627451,0.385875,0.0,0.0,0.0,0.1529411764705882,0.0,0.0,0.0,0.0,0.0,0.0,0.0,0.1597310441666666,0.0,0.0,0.0,0.0,0.0,0.0,0.0,0.0067898676960784,0.0,0.0,0.0,0.0,0.0,0.0,0.0,0.1529411764705882,0.0,0.0,0.0,0.0,0.0,0.0,0.0,0.0381219937778185,0.0,0.0,0.0,0.0,4.318,4.261,4.164,3.959,3.977,4.329,3.995,4.294,4.318,4.261,4.164,4.074,3.977,4.329,3.995,4.294,2.425949e-07,7.80058e-07,2.988824e-07,1.529213e-05,4.693053e-07,5.626902e-07,7.36534e-07,7.855305e-07,18.352941176470583,19.1677253,0.8147841235294173,0.8147841235294173,0.8147841235294173
651,651,True,4,0.0018627592156862,3.4698718956240094e-06,0.0018627592156862,7.88117664e-05,0.8533459492156864,0.4254271875,0.0,0.6549019607843137,0.0,0.0,0.0,0.0,0.0,0.0,0.0,0.65676472,0.0,0.0,0.0,0.0,0.0,0.0,0.0,0.0018627592156862,0.0,0.0,0.0,0.0,0.0,0.0,0.0,0.6549019607843137,0.0,0.0,0.0,0.0,0.0,0.0,0.0,0.1779791176002196,0.0,0.0,0.0,0.0,0.0,0.0,4.318,3.719,4.164,4.23,3.977,4.329,3.995,4.294,4.318,3.927,4.164,4.23,3.977,4.329,3.995,4.294,4.22539e-06,7.012665e-05,2.008434e-06,1.416612e-07,1.211389e-07,6.351951e-07,7.27917e-07,8.253802e-07,78.58823529411765,78.8117664,0.2235311058823441,0.2235311058823441,0.2235311058823441
652,652,True,4,0.0104430796078429,0.0001090579116957,0.0104430796078429,0.0001085472871999,0.5775385771078433,0.4254271875,0.0,0.0,0.0,0.0,0.8941176470588236,0.0,0.0,0.0,0.0,0.0,0.0,0.0,0.9045607266666664,0.0,0.0,0.0,0.0,0.0,0.0,0.0,0.0104430796078429,0.0,0.0,0.0,0.0,0.0,0.0,0.0,0.8941176470588236,0.0,0.0,0.0,0.0,0.0,0.0,0.0,0.555616109593253,0.0,0.0,0.0,4.318,4.261,4.164,4.23,3.377,4.329,3.995,4.294,4.318,4.261,4.164,4.23,3.534,4.329,3.995,4.294,3.324723e-07,6.903936e-07,1.576941e-06,1.532136e-06,0.0001018033,9.727046e-07,9.11093e-07,7.282467e-07,107.29411764705884,108.5472872,1.2531695529411593,1.2531695529411593,1.2531695529411593
653,653,True,3,0.0042368912745096,1.795124767201607e-05,0.0042368912745096,0.0001078025445999,1.2624463679411764,0.40516875,0.0,0.0,0.0,0.8941176470588236,0.0,0.0,0.0,0.0,0.0,0.0,0.0,0.8983545383333332,0.0,0.0,0.0,0.0,0.0,0.0,0.0,0.0042368912745096,0.0,0.0,0.0,0.0,0.0,0.0,0.0,0.8941176470588236,0.0,0.0,0.0,0.0,0.0,0.0,0.0,0.3530998828542279,0.0,0.0,0.0,0.0,4.318,4.261,4.164,3.517,3.977,4.329,3.995,4.294,4.318,4.261,4.164,3.824,3.977,4.329,3.995,4.294,2.372403e-07,9.261275e-07,1.639382e-06,0.0001012236,1.596196e-06,5.878885e-07,7.377666e-07,8.543437e-07,107.29411764705884,107.8025446,0.5084269529411642,0.5084269529411642,0.5084269529411642
654,654,True,4,0.010074611666667,0.0001014978002341,0.010074611666667,8.920895340000001e-05,0.4656484683333336,0.4254271875,0.0,0.0,0.0,0.0,0.7333333333333331,0.0,0.0,0.0,0.0,0.0,0.0,0.0,0.7434079450000001,0.0,0.0,0.0,0.0,0.0,0.0,0.0,0.010074611666667,0.0,0.0,0.0,0.0,0.0,0.0,0.0,0.7333333333333331,0.0,0.0,0.0,0.0,0.0,0.0,0.0,0.4539256305569161,0.0,0.0,0.0,4.318,4.261,4.164,4.23,3.451,4.329,3.995,4.294,4.318,4.261,4.164,4.23,3.582,4.329,3.995,4.294,3.224452e-07,6.887763e-07,1.558903e-06,1.283918e-06,8.276719e-05,9.7125e-07,8.884894e-07,7.279815e-07,87.99999999999997,89.20895340000001,1.2089534000000413,1.2089534000000413,1.2089534000000413
655,655,True,3,0.003484189166667,1.2139574149119964e-05,0.003484189166667,8.841810270000001e-05,1.0450883141666667,0.40516875,0.0,0.0,0.0,0.7333333333333331,0.0,0.0,0.0,0.0,0.0,0.0,0.0,0.7368175225000001,0.0,0.0,0.0,0.0,0.0,0.0,0.0,0.003484189166667,0.0,0.0,0.0,0.0,0.0,0.0,0.0,0.7333333333333331,0.0,0.0,0.0,0.0,0.0,0.0,0.0,0.2831358067506245,0.0,0.0,0.0,0.0,4.318,4.261,4.164,3.611,3.977,4.329,3.995,4.294,4.318,4.261,4.164,3.867,3.977,4.329,3.995,4.294,2.38034e-07,9.001684e-07,1.174572e-06,8.257333e-05,1.367575e-06,5.797943e-07,7.394323e-07,8.451967e-07,87.99999999999997,88.41810270000002,0.4181027000000483,0.4181027000000483,0.4181027000000483
656,656,True,4,0.0109700216176469,0.0001203413742916,0.0109700216176469,8.27281673e-05,0.4304840807843135,0.4254271875,0.0,0.0,0.0,0.0,0.6784313725490196,0.0,0.0,0.0,0.0,0.0,0.0,0.0,0.6894013941666666,0.0,0.0,0.0,0.0,0.0,0.0,0.0,0.0109700216176469,0.0,0.0,0.0,0.0,0.0,0.0,0.0,0.6784313725490196,0.0,0.0,0.0,0.0,0.0,0.0,0.0,0.4181549232623012,0.0,0.0,0.0,4.318,4.261,4.164,4.23,3.476,4.329,3.995,4.294,4.318,4.261,4.164,4.23,3.599,4.329,3.995,4.294,3.134246e-07,6.914545e-07,1.539333e-06,1.192088e-06,7.64372e-05,9.484983e-07,8.775634e-07,7.286055e-07,81.41176470588236,82.7281673,1.3164025941176334,1.3164025941176334,1.3164025941176334
657,657,True,4,0.0070830634313726,5.016978757284786e-05,0.0070830634313726,4.19735618e-05,0.6068275715686275,0.202584375,0.0,0.0,0.3568627450980392,0.0,0.0,0.0,0.0,0.0,0.0,0.0,0.3497796816666666,0.0,0.0,0.0,0.0,0.0,0.0,0.0,-0.0070830634313726,0.0,0.0,0.0,0.0,0.0,0.0,0.0,0.3568627450980392,0.0,0.0,0.0,0.0,0.0,0.0,0.0,0.0855316389027144,0.0,0.0,0.0,0.0,0.0,4.318,4.261,3.74,4.23,3.977,4.329,3.995,4.294,4.318,4.261,3.913,4.23,3.977,4.329,3.995,4.294,3.03862e-07,6.585264e-07,3.442821e-05,4.223411e-06,2.542855e-07,5.670511e-07,7.998864e-07,7.383294e-07,42.82352941176471,41.9735618,-0.8499676117647113,0.8499676117647113,0.8499676117647113
658,658,True,3,0.0075646457843137,5.722386584213512e-05,0.0075646457843137,8.231952220000001e-05,0.9698047591176472,0.40516875,0.0,0.0,0.0,0.6784313725490196,0.0,0.0,0.0,0.0,0.0,0.0,0.0,0.6859960183333333,0.0,0.0,0.0,0.0,0.0,0.0,0.0,0.0075646457843137,0.0,0.0,0.0,0.0,0.0,0.0,0.0,0.6784313725490196,0.0,0.0,0.0,0.0,0.0,0.0,0.0,0.2597890112047735,0.0,0.0,0.0,0.0,4.318,4.261,4.164,3.641,3.977,4.329,3.995,4.294,4.318,4.261,4.164,3.881,3.977,4.329,3.995,4.294,2.384773e-07,8.892455e-07,1.039585e-06,7.670922e-05,1.290548e-06,5.738851e-07,7.379356e-07,8.406257e-07,81.41176470588236,82.31952220000001,0.9077574941176464,0.9077574941176464,0.9077574941176464
659,659,True,6,0.0186087724019606,0.0003462864103079,0.0186087724019606,4.50565821e-05,0.6335422974019607,0.106356796875,0.0,0.3568627450980392,0.0,0.0,0.0,0.0,0.0,0.0,0.0,0.3754715174999999,0.0,0.0,0.0,0.0,0.0,0.0,0.0,0.0186087724019606,0.0,0.0,0.0,0.0,0.0,0.0,0.0,0.3568627450980392,0.0,0.0,0.0,0.0,0.0,0.0,0.0,0.0488792160750019,0.0,0.0,0.0,0.0,0.0,0.0,4.318,3.841,4.164,4.23,3.977,4.329,3.995,4.294,4.318,4.012,4.164,4.23,3.977,4.329,3.995,4.294,2.485667e-06,3.837702e-05,1.778051e-06,1.424179e-07,1.231154e-07,6.167932e-07,7.279385e-07,8.055791e-07,42.82352941176471,45.05658209999999,2.233052688235283,2.233052688235283,2.233052688235283
660,660,True,3,0.0029967221568626,8.98034368543148e-06,0.0029967221568626,6.62419596e-05,0.8129323063235294,0.40516875,0.0,0.0,0.5490196078431373,0.0,0.0,0.0,0.0,0.0,0.0,0.0,0.5520163299999999,0.0,0.0,0.0,0.0,0.0,0.0,0.0,0.0029967221568626,0.0,0.0,0.0,0.0,0.0,0.0,0.0,0.5490196078431373,0.0,0.0,0.0,0.0,0.0,0.0,0.0,0.1703800463493506,0.0,0.0,0.0,0.0,0.0,4.318,4.261,3.646,4.23,3.977,4.329,3.995,4.294,4.318,4.261,3.848,4.23,3.977,4.329,3.995,4.294,3.151638e-07,6.551805e-07,5.688345e-05,5.956981e-06,3.152119e-07,5.635827e-07,8.151376e-07,7.372521e-07,65.88235294117648,66.2419596,0.3596066588235231,0.3596066588235231,0.3596066588235231
661,661,True,3,0.0174306663235294,0.0003038281284822,0.0174306663235294,6.797403290000001e-05,0.7776088154901959,0.40516875,0.0,0.5490196078431373,0.0,0.0,0.0,0.0,0.0,0.0,0.0,0.5664502741666667,0.0,0.0,0.0,0.0,0.0,0.0,0.0,0.0174306663235294,0.0,0.0,0.0,0.0,0.0,0.0,0.0,0.5490196078431373,0.0,0.0,0.0,0.0,0.0,0.0,0.0,0.1347675978591423,0.0,0.0,0.0,0.0,0.0,0.0,4.318,3.761,4.164,4.23,3.977,4.329,3.995,4.294,4.318,3.952,4.164,4.23,3.977,4.329,3.995,4.294,3.686534e-06,5.990933e-05,1.934859e-06,1.440047e-07,1.228339e-07,6.289503e-07,7.278562e-07,8.196648e-07,65.88235294117648,67.97403290000001,2.091679958823533,2.091679958823533,2.091679958823533
662,662,True,3,0.0152944089705882,0.0002339189457596,0.0152944089705882,8.74823879e-05,0.9712495914705884,0.40516875,0.0,0.0,0.7137254901960784,0.0,0.0,0.0,0.0,0.0,0.0,0.0,0.7290198991666667,0.0,0.0,0.0,0.0,0.0,0.0,0.0,0.0152944089705882,0.0,0.0,0.0,0.0,0.0,0.0,0.0,0.7137254901960784,0.0,0.0,0.0,0.0,0.0,0.0,0.0,0.2445901880278431,0.0,0.0,0.0,0.0,0.0,4.318,4.261,3.571,4.23,3.977,4.329,3.995,4.294,4.318,4.261,3.799,4.23,3.977,4.329,3.995,4.294,3.242936e-07,6.535582e-07,7.663811e-05,7.37611e-06,3.664238e-07,5.624706e-07,8.291828e-07,7.322389e-07,85.64705882352942,87.4823879,1.835329076470586,1.835329076470586,1.835329076470586
663,663,True,4,0.0078123302941179,6.103250462439362e-05,0.0078123302941179,9.64668914e-05,0.5018121544607846,0.4254271875,0.0,0.0,0.0,0.0,0.7960784313725487,0.0,0.0,0.0,0.0,0.0,0.0,0.0,0.8038907616666667,0.0,0.0,0.0,0.0,0.0,0.0,0.0,0.0078123302941179,0.0,0.0,0.0,0.0,0.0,0.0,0.0,0.7960784313725487,0.0,0.0,0.0,0.0,0.0,0.0,0.0,0.4945934399991037,0.0,0.0,0.0,4.318,4.261,4.164,4.23,3.423,4.329,3.995,4.294,4.318,4.261,4.164,4.23,3.563,4.329,3.995,4.294,3.243287e-07,6.895096e-07,1.563912e-06,1.378074e-06,8.992632e-05,9.601538e-07,8.975744e-07,7.270189e-07,95.52941176470586,96.4668914,0.937479635294153,0.937479635294153,0.937479635294153
664,664,True,4,0.0047431398039213,2.249737519954336e-05,0.0047431398039213,8.621623559999999e-05,0.886307320637255,0.4254271875,0.0,0.7137254901960784,0.0,0.0,0.0,0.0,0.0,0.0,0.0,0.7184686299999998,0.0,0.0,0.0,0.0,0.0,0.0,0.0,0.0047431398039213,0.0,0.0,0.0,0.0,0.0,0.0,0.0,0.7137254901960784,0.0,0.0,0.0,0.0,0.0,0.0,0.0,0.2082292865347359,0.0,0.0,0.0,0.0,0.0,0.0,4.318,3.696,4.164,4.23,3.977,4.329,3.995,4.294,4.318,3.91,4.164,4.23,3.977,4.329,3.995,4.294,4.596529e-06,7.711093e-05,2.054313e-06,1.415352e-07,1.211882e-07,6.356252e-07,7.277758e-07,8.283392e-07,85.64705882352942,86.21623559999999,0.5691767764705702,0.5691767764705702,0.5691767764705702
665,665,True,3,0.0050076535294117,2.5076593870629832e-05,0.0050076535294117,5.09538596e-05,0.6795519418627449,0.40516875,0.0,0.0,0.4196078431372549,0.0,0.0,0.0,0.0,0.0,0.0,0.0,0.4246154966666666,0.0,0.0,0.0,0.0,0.0,0.0,0.0,0.0050076535294117,0.0,0.0,0.0,0.0,0.0,0.0,0.0,0.4196078431372549,0.0,0.0,0.0,0.0,0.0,0.0,0.0,0.1106415342216361,0.0,0.0,0.0,0.0,0.0,4.318,4.261,3.707,4.23,3.977,4.329,3.995,4.294,4.318,4.261,3.887,4.23,3.977,4.329,3.995,4.294,3.092631e-07,6.602227e-07,4.270394e-05,4.896583e-06,2.783006e-07,5.657852e-07,8.039596e-07,7.358054e-07,50.35294117647059,50.9538596,0.6009184235294072,0.6009184235294072,0.6009184235294072
666,666,True,3,0.0042160044607846,1.777469361335588e-05,0.0042160044607846,9.60353323e-05,1.125826177794118,0.40516875,0.0,0.0,0.0,0.7960784313725487,0.0,0.0,0.0,0.0,0.0,0.0,0.0,0.8002944358333334,0.0,0.0,0.0,0.0,0.0,0.0,0.0,0.0042160044607846,0.0,0.0,0.0,0.0,0.0,0.0,0.0,0.7960784313725487,0.0,0.0,0.0,0.0,0.0,0.0,0.0,0.3119538511033388,0.0,0.0,0.0,0.0,4.318,4.261,4.164,3.575,3.977,4.329,3.995,4.294,4.318,4.261,4.164,3.849,3.977,4.329,3.995,4.294,2.362823e-07,9.103337e-07,1.349118e-06,8.990501e-05,1.4658e-06,5.805337e-07,7.403661e-07,8.478885e-07,95.52941176470586,96.0353323,0.5059205352941518,0.5059205352941518,0.5059205352941518
667,667,True,5,0.0053249806372548,2.8355418787139545e-05,0.0053249806372548,4.97139435e-05,0.6866495685294118,0.21271359375,0.0,0.4196078431372549,0.0,0.0,0.0,0.0,0.0,0.0,0.0,0.4142828625,0.0,0.0,0.0,0.0,0.0,0.0,0.0,-0.0053249806372548,0.0,0.0,0.0,0.0,0.0,0.0,0.0,0.4196078431372549,0.0,0.0,0.0,0.0,0.0,0.0,0.0,0.0536350573550255,0.0,0.0,0.0,0.0,0.0,0.0,4.318,3.813,4.164,4.23,3.977,4.329,3.995,4.294,4.318,3.999,4.164,4.23,3.977,4.329,3.995,4.294,2.723964e-06,4.276423e-05,1.811335e-06,1.415529e-07,1.227367e-07,6.178493e-07,7.296987e-07,8.025769e-07,50.35294117647059,49.7139435,-0.6389976764705878,0.6389976764705878,0.6389976764705878
668,668,True,2,0.0136148741666666,0.0001853647985741,0.0136148741666666,3.83662151e-05,0.5736839091666668,0.385875,0.0,0.0,0.3333333333333333,0.0,0.0,0.0,0.0,0.0,0.0,0.0,0.3197184591666666,0.0,0.0,0.0,0.0,0.0,0.0,0.0,-0.0136148741666666,0.0,0.0,0.0,0.0,0.0,0.0,0.0,0.3333333333333333,0.0,0.0,0.0,0.0,0.0,0.0,0.0,0.0816834289999999,0.0,0.0,0.0,0.0,0.0,4.318,4.261,3.753,4.23,3.977,4.329,3.995,4.294,4.318,4.261,3.924,4.23,3.977,4.329,3.995,4.294,3.009789e-07,6.572016e-07,3.112648e-05,3.938536e-06,2.442856e-07,5.679836e-07,7.96182e-07,7.345674e-07,40.0,38.3662151,-1.633784900000002,1.633784900000002,1.633784900000002
669,669,True,2,0.0096845774999999,9.379104135350544e-05,0.0096845774999999,3.88378507e-05,0.6108220766666665,0.385875,0.0,0.3333333333333333,0.0,0.0,0.0,0.0,0.0,0.0,0.0,0.3236487558333333,0.0,0.0,0.0,0.0,0.0,0.0,0.0,-0.0096845774999999,0.0,0.0,0.0,0.0,0.0,0.0,0.0,0.3333333333333333,0.0,0.0,0.0,0.0,0.0,0.0,0.0,0.0453412027125,0.0,0.0,0.0,0.0,0.0,0.0,4.318,3.852,4.164,4.23,3.977,4.329,3.995,4.294,4.318,4.03,4.164,4.23,3.977,4.329,3.995,4.294,2.152257e-06,3.254955e-05,1.730023e-06,1.43331e-07,1.235726e-07,6.112379e-07,7.322236e-07,7.956556e-07,40.0,38.8378507,-1.1621492999999958,1.1621492999999958,1.1621492999999958
670,670,True,3,0.0138250946568627,0.0001911332422712,0.0138250946568627,2.75413643e-05,0.162464575490196,0.40516875,0.0,0.0,0.0,0.0,0.2156862745098039,0.0,0.0,0.0,0.0,0.0,0.0,0.0,0.2295113691666667,0.0,0.0,0.0,0.0,0.0,0.0,0.0,0.0138250946568627,0.0,0.0,0.0,0.0,0.0,0.0,0.0,0.2156862745098039,0.0,0.0,0.0,0.0,0.0,0.0,0.0,0.1225608025592462,0.0,0.0,0.0,4.318,4.261,4.164,4.23,3.708,4.329,3.995,4.294,4.318,4.261,4.164,4.23,3.775,4.329,3.995,4.294,2.829302e-07,6.890305e-07,1.441617e-06,4.525518e-07,2.234605e-05,7.992363e-07,7.986104e-07,7.313381e-07,25.882352941176467,27.5413643,1.659011358823534,1.659011358823534,1.659011358823534
671,671,True,6,0.0143653839705882,0.0002063642566224,0.0143653839705882,0.0001113709049,1.1477376906372552,0.2233492734375,0.0,0.0,0.9137254901960784,0.0,0.0,0.0,0.0,0.0,0.0,0.0,0.9280908741666668,0.0,0.0,0.0,0.0,0.0,0.0,0.0,0.0143653839705882,0.0,0.0,0.0,0.0,0.0,0.0,0.0,0.9137254901960784,0.0,0.0,0.0,0.0,0.0,0.0,0.0,0.3424864512101523,0.0,0.0,0.0,0.0,0.0,4.318,4.261,3.479,4.23,3.977,4.329,3.995,4.294,4.318,4.261,3.748,4.23,3.977,4.329,3.995,4.294,3.337641e-07,6.614982e-07,9.886052e-05,8.959765e-06,4.232486e-07,5.601802e-07,8.424048e-07,7.29524e-07,109.6470588235294,111.3709049,1.7238460764705934,1.7238460764705934,1.7238460764705934
672,672,True,2,0.0014921903431371,2.226632020151884e-06,0.0014921903431371,2.5703290100000003e-05,0.3692508638235294,0.385875,0.0,0.0,0.0,0.2156862745098039,0.0,0.0,0.0,0.0,0.0,0.0,0.0,0.2141940841666667,0.0,0.0,0.0,0.0,0.0,0.0,0.0,-0.0014921903431371,0.0,0.0,0.0,0.0,0.0,0.0,0.0,0.2156862745098039,0.0,0.0,0.0,0.0,0.0,0.0,0.0,0.0622285027039215,0.0,0.0,0.0,0.0,4.318,4.261,4.164,3.91,3.977,4.329,3.995,4.294,4.318,4.261,4.164,4.045,3.977,4.329,3.995,4.294,2.397452e-07,7.972637e-07,2.746497e-07,2.172953e-05,5.717516e-07,5.615619e-07,7.387589e-07,7.900291e-07,25.882352941176467,25.703290100000004,-0.1790628411764636,0.1790628411764636,0.1790628411764636
673,673,True,4,0.0118505609803921,0.0001404357955499,0.0118505609803921,9.31867732e-05,0.4796739668137253,0.4254271875,0.0,0.0,0.0,0.0,0.7647058823529411,0.0,0.0,0.0,0.0,0.0,0.0,0.0,0.7765564433333333,0.0,0.0,0.0,0.0,0.0,0.0,0.0,0.0118505609803921,0.0,0.0,0.0,0.0,0.0,0.0,0.0,0.7647058823529411,0.0,0.0,0.0,0.0,0.0,0.0,0.0,0.4758347106587631,0.0,0.0,0.0,4.318,4.261,4.164,4.23,3.437,4.329,3.995,4.294,4.318,4.261,4.164,4.23,3.571,4.329,3.995,4.294,3.254608e-07,6.909094e-07,1.56149e-06,1.324903e-06,8.670738e-05,9.540946e-07,8.942057e-07,7.283297e-07,91.76470588235291,93.1867732,1.4220673176470626,1.4220673176470626,1.4220673176470626
674,674,True,4,0.0121443564705882,0.0001474853940847,0.0121443564705882,0.0001111043816,1.0082348848039215,0.4254271875,0.0,0.9137254901960784,0.0,0.0,0.0,0.0,0.0,0.0,0.0,0.9258698466666666,0.0,0.0,0.0,0.0,0.0,0.0,0.0,0.0121443564705882,0.0,0.0,0.0,0.0,0.0,0.0,0.0,0.9137254901960784,0.0,0.0,0.0,0.0,0.0,0.0,0.0,0.3239998509358244,0.0,0.0,0.0,0.0,0.0,0.0,4.318,3.617,4.164,4.23,3.977,4.329,3.995,4.294,4.318,3.856,4.164,4.23,3.977,4.329,3.995,4.294,5.858104e-06,0.0001005758,2.19861e-06,1.398621e-07,1.201162e-07,6.47818e-07,7.275447e-07,8.365266e-07,109.6470588235294,111.1043816,1.4573227764705905,1.4573227764705905,1.4573227764705905
675,675,True,3,0.0039538376470589,1.5632832139300434e-05,0.0039538376470589,9.22391664e-05,1.079990327647059,0.40516875,0.0,0.0,0.0,0.7647058823529411,0.0,0.0,0.0,0.0,0.0,0.0,0.0,0.76865972,0.0,0.0,0.0,0.0,0.0,0.0,0.0,0.0039538376470589,0.0,0.0,0.0,0.0,0.0,0.0,0.0,0.7647058823529411,0.0,0.0,0.0,0.0,0.0,0.0,0.0,0.2987900328494299,0.0,0.0,0.0,0.0,4.318,4.261,4.164,3.593,3.977,4.329,3.995,4.294,4.318,4.261,4.164,3.857,3.977,4.329,3.995,4.294,2.376088e-07,9.043102e-07,1.263221e-06,8.625728e-05,1.421348e-06,5.774518e-07,7.38534e-07,8.394126e-07,91.76470588235291,92.2391664,0.4744605176470742,0.4744605176470742,0.4744605176470742
676,676,True,4,0.0110533168627448,0.0001221758136682,0.0110533168627448,7.567933919999999e-05,0.3872925568627449,0.4254271875,0.0,0.0,0.0,0.0,0.619607843137255,0.0,0.0,0.0,0.0,0.0,0.0,0.0,0.6306611599999998,0.0,0.0,0.0,0.0,0.0,0.0,0.0,0.0110533168627448,0.0,0.0,0.0,0.0,0.0,0.0,0.0,0.619607843137255,0.0,0.0,0.0,0.0,0.0,0.0,0.0,0.3828195714911134,0.0,0.0,0.0,4.318,4.261,4.164,4.23,3.503,4.329,3.995,4.294,4.318,4.261,4.164,4.23,3.617,4.329,3.995,4.294,3.128993e-07,6.895464e-07,1.534541e-06,1.096415e-06,6.95219e-05,9.297107e-07,8.707882e-07,7.235386e-07,74.35294117647061,75.67933919999999,1.3263980235293786,1.3263980235293786,1.3263980235293786
677,677,True,3,0.0075834951960782,5.750939938894205e-05,0.0075834951960782,7.52629606e-05,0.8879563668627449,0.40516875,0.0,0.0,0.0,0.619607843137255,0.0,0.0,0.0,0.0,0.0,0.0,0.0,0.6271913383333333,0.0,0.0,0.0,0.0,0.0,0.0,0.0,0.0075834951960782,0.0,0.0,0.0,0.0,0.0,0.0,0.0,0.619607843137255,0.0,0.0,0.0,0.0,0.0,0.0,0.0,0.2332565068494489,0.0,0.0,0.0,0.0,4.318,4.261,4.164,3.673,3.977,4.329,3.995,4.294,4.318,4.261,4.164,3.897,3.977,4.329,3.995,4.294,2.364183e-07,8.852343e-07,8.990458e-07,6.988595e-05,1.216241e-06,5.724276e-07,7.390262e-07,8.286174e-07,74.35294117647061,75.2629606,0.9100194235293912,0.9100194235293912,0.9100194235293912
678,678,True,6,0.0162888678431372,0.0002653272156111,0.0162888678431372,8.00723112e-05,0.4057075661764703,0.2233492734375,0.0,0.0,0.0,0.0,0.6509803921568628,0.0,0.0,0.0,0.0,0.0,0.0,0.0,0.66726926,0.0,0.0,0.0,0.0,0.0,0.0,0.0,0.0162888678431372,0.0,0.0,0.0,0.0,0.0,0.0,0.0,0.6509803921568628,0.0,0.0,0.0,0.0,0.0,0.0,0.0,0.4053128429760661,0.0,0.0,0.0,4.318,4.261,4.164,4.23,3.489,4.329,3.995,4.294,4.318,4.261,4.164,4.23,3.605,4.329,3.995,4.294,3.143649e-07,6.879577e-07,1.54523e-06,1.154026e-06,7.38471e-05,9.264349e-07,8.747126e-07,7.224851e-07,78.11764705882354,80.0723112,1.9546641411764651,1.9546641411764651,1.9546641411764651
679,679,True,5,0.0027156254901961,7.374621803002837e-06,0.0027156254901961,7.7791772e-05,0.9288463303431372,0.446698546875,0.0,0.0,0.0,0.6509803921568628,0.0,0.0,0.0,0.0,0.0,0.0,0.0,0.6482647666666667,0.0,0.0,0.0,0.0,0.0,0.0,0.0,-0.0027156254901961,0.0,0.0,0.0,0.0,0.0,0.0,0.0,0.6509803921568628,0.0,0.0,0.0,0.0,0.0,0.0,0.0,0.2440281881567093,0.0,0.0,0.0,0.0,4.318,4.261,4.164,3.656,3.977,4.329,3.995,4.294,4.318,4.261,4.164,3.891,3.977,4.329,3.995,4.294,2.367655e-07,8.838947e-07,9.468747e-07,7.234325e-05,1.238572e-06,5.724785e-07,7.411256e-07,8.28811e-07,78.11764705882354,77.79177200000001,-0.3258750588235273,0.3258750588235273,0.3258750588235273
680,680,True,3,0.0173346946568627,0.0003004916388466,0.0173346946568627,2.80374837e-05,0.4860781770098039,0.1929375,0.0,0.0,0.2509803921568628,0.0,0.0,0.0,0.0,0.0,0.0,0.0,0.2336456975,0.0,0.0,0.0,0.0,0.0,0.0,0.0,-0.0173346946568627,0.0,0.0,0.0,0.0,0.0,0.0,0.0,0.2509803921568628,0.0,0.0,0.0,0.0,0.0,0.0,0.0,0.07011146359663,0.0,0.0,0.0,0.0,0.0,4.318,4.261,3.796,4.23,3.977,4.329,3.995,4.294,4.318,4.261,3.958,4.23,3.977,4.329,3.995,4.294,2.925948e-07,6.605272e-07,2.16769e-05,3.101155e-06,2.164013e-07,5.687783e-07,7.865971e-07,7.3453e-07,30.117647058823536,28.0374837,-2.080163358823537,2.080163358823537,2.080163358823537
681,681,True,5,0.0017007279901961,2.8924756966365764e-06,0.0017007279901961,2.99135597e-05,0.5487499961764706,0.1012921875,0.0,0.2509803921568628,0.0,0.0,0.0,0.0,0.0,0.0,0.0,0.2492796641666666,0.0,0.0,0.0,0.0,0.0,0.0,0.0,-0.0017007279901961,0.0,0.0,0.0,0.0,0.0,0.0,0.0,0.2509803921568628,0.0,0.0,0.0,0.0,0.0,0.0,0.0,0.0395981979563665,0.0,0.0,0.0,0.0,0.0,0.0,4.318,3.888,4.164,4.23,3.977,4.329,3.995,4.294,4.318,4.059,4.164,4.23,3.977,4.329,3.995,4.294,1.681599e-06,2.418199e-05,1.658747e-06,1.42181e-07,1.234851e-07,6.072472e-07,7.30735e-07,7.875754e-07,30.117647058823536,29.9135597,-0.2040873588235356,0.2040873588235356,0.2040873588235356
682,682,True,3,0.0086128877941176,7.418183615406026e-05,0.0086128877941176,5.65629583e-05,0.719210001127451,0.40516875,0.0,0.0,0.4627450980392157,0.0,0.0,0.0,0.0,0.0,0.0,0.0,0.4713579858333333,0.0,0.0,0.0,0.0,0.0,0.0,0.0,0.0086128877941176,0.0,0.0,0.0,0.0,0.0,0.0,0.0,0.4627450980392157,0.0,0.0,0.0,0.0,0.0,0.0,0.0,0.1321391784427145,0.0,0.0,0.0,0.0,0.0,4.318,4.261,3.686,4.23,3.977,4.329,3.995,4.294,4.318,4.261,3.872,4.23,3.977,4.329,3.995,4.294,3.114793e-07,6.578575e-07,4.79063e-05,5.29217e-06,2.901237e-07,5.6707e-07,8.074857e-07,7.304721e-07,55.52941176470589,56.5629583,1.0335465352941142,1.0335465352941142,1.0335465352941142
683,683,True,3,0.018337348627451,0.0003362583546846,0.018337348627451,5.77298936e-05,0.713035735294118,0.40516875,0.0,0.4627450980392157,0.0,0.0,0.0,0.0,0.0,0.0,0.0,0.4810824466666667,0.0,0.0,0.0,0.0,0.0,0.0,0.0,0.018337348627451,0.0,0.0,0.0,0.0,0.0,0.0,0.0,0.4627450980392157,0.0,0.0,0.0,0.0,0.0,0.0,0.0,0.0913599802612561,0.0,0.0,0.0,0.0,0.0,0.0,4.318,3.795,4.164,4.23,3.977,4.329,3.995,4.294,4.318,3.977,4.164,4.23,3.977,4.329,3.995,4.294,3.131693e-06,5.030949e-05,1.860258e-06,1.433793e-07,1.22885e-07,6.255879e-07,7.268164e-07,8.09784e-07,55.52941176470589,57.7298936,2.20048183529412,2.20048183529412,2.20048183529412
684,684,True,4,0.0085082487745097,7.239029720894633e-05,0.0085082487745097,6.83151075e-05,0.348816287107843,0.4254271875,0.0,0.0,0.0,0.0,0.5607843137254902,0.0,0.0,0.0,0.0,0.0,0.0,0.0,0.5692925624999999,0.0,0.0,0.0,0.0,0.0,0.0,0.0,0.0085082487745097,0.0,0.0,0.0,0.0,0.0,0.0,0.0,0.5607843137254902,0.0,0.0,0.0,0.0,0.0,0.0,0.0,0.3458231775223886,0.0,0.0,0.0,4.318,4.261,4.164,4.23,3.531,4.329,3.995,4.294,4.318,4.261,4.164,4.23,3.637,4.329,3.995,4.294,3.070306e-07,6.921468e-07,1.518014e-06,1.000186e-06,6.22993e-05,9.16228e-07,8.578508e-07,7.243513e-07,67.29411764705883,68.3151075,1.0209898529411705,1.0209898529411705,1.0209898529411705
685,685,True,3,0.0009634887745098,9.283106186064e-07,0.0009634887745098,6.74097363e-05,0.8048456687745098,0.40516875,0.0,0.0,0.0,0.5607843137254902,0.0,0.0,0.0,0.0,0.0,0.0,0.0,0.5617478025,0.0,0.0,0.0,0.0,0.0,0.0,0.0,0.0009634887745098,0.0,0.0,0.0,0.0,0.0,0.0,0.0,0.5607843137254902,0.0,0.0,0.0,0.0,0.0,0.0,0.0,0.2078808892289155,0.0,0.0,0.0,0.0,4.318,4.261,4.164,3.706,3.977,4.329,3.995,4.294,4.318,4.261,4.164,3.916,3.977,4.329,3.995,4.294,2.368047e-07,8.739495e-07,7.497835e-07,6.229673e-05,1.121263e-06,5.703088e-07,7.360936e-07,8.248032e-07,67.29411764705883,67.4097363,0.1156186529411797,0.1156186529411797,0.1156186529411797
686,686,True,4,0.0097094295098039,9.427302140585103e-05,0.0097094295098039,5.67172214e-05,0.3027773263235293,0.4254271875,0.0,0.0,0.0,0.0,0.4823529411764706,0.0,0.0,0.0,0.0,0.0,0.0,0.0,0.4726435116666667,0.0,0.0,0.0,0.0,0.0,0.0,0.0,-0.0097094295098039,0.0,0.0,0.0,0.0,0.0,0.0,0.0,0.4823529411764706,0.0,0.0,0.0,0.0,0.0,0.0,0.0,0.2808415227256186,0.0,0.0,0.0,4.318,4.261,4.164,4.23,3.568,4.329,3.995,4.294,4.318,4.261,4.164,4.23,3.671,4.329,3.995,4.294,3.000096e-07,6.869782e-07,1.502391e-06,8.377489e-07,5.093414e-05,8.910505e-07,8.401265e-07,7.247767e-07,57.88235294117647,56.7172214,-1.165131541176471,1.165131541176471,1.165131541176471
687,687,True,2,0.0127168738235294,0.0001617188798435,0.0127168738235294,5.94083778e-05,0.704854282990196,0.385875,0.0,0.0,0.0,0.4823529411764706,0.0,0.0,0.0,0.0,0.0,0.0,0.0,0.495069815,0.0,0.0,0.0,0.0,0.0,0.0,0.0,0.0127168738235294,0.0,0.0,0.0,0.0,0.0,0.0,0.0,0.4823529411764706,0.0,0.0,0.0,0.0,0.0,0.0,0.0,0.1815743863497549,0.0,0.0,0.0,0.0,4.318,4.261,4.164,3.75,3.977,4.329,3.995,4.294,4.318,4.261,4.164,3.937,3.977,4.329,3.995,4.294,2.364466e-07,8.605357e-07,6.08646e-07,5.455994e-05,1.021971e-06,5.683335e-07,7.363031e-07,8.162019e-07,57.88235294117647,59.4083778,1.5260248588235328,1.5260248588235328,1.5260248588235328
688,688,True,4,0.008393314607843,7.044773010623134e-05,0.008393314607843,6.03013154e-05,0.3063360804411765,0.4254271875,0.0,0.0,0.0,0.0,0.4941176470588236,0.0,0.0,0.0,0.0,0.0,0.0,0.0,0.5025109616666666,0.0,0.0,0.0,0.0,0.0,0.0,0.0,0.008393314607843,0.0,0.0,0.0,0.0,0.0,0.0,0.0,0.4941176470588236,0.0,0.0,0.0,0.0,0.0,0.0,0.0,0.3024169510758209,0.0,0.0,0.0,4.318,4.261,4.164,4.23,3.563,4.329,3.995,4.294,4.318,4.261,4.164,4.23,3.66,4.329,3.995,4.294,3.039154e-07,6.883246e-07,1.50194e-06,8.943859e-07,5.442864e-05,9.09388e-07,8.473398e-07,7.273817e-07,59.29411764705883,60.3013154,1.0071977529411669,1.0071977529411669,1.0071977529411669
689,689,True,0,0.0156513632352942,0.0002449651711231,0.0156513632352942,4.701693e-06,0.0156513632352942,0.35,0.0,0.0,0.0235294117647058,0.0,0.0,0.0,0.0,0.0,0.0,0.0,0.039180775,0.0,0.0,0.0,0.0,0.0,0.0,0.0,0.0156513632352942,0.0,0.0,0.0,0.0,0.0,0.0,0.0,0.0235294117647058,0.0,0.0,0.0,0.0,0.0,0.0,0.0,0.0235294117647058,0.0,0.0,0.0,0.0,0.0,4.318,4.261,4.095,4.23,3.977,4.329,3.995,4.294,4.318,4.261,4.095,4.23,3.977,4.329,3.995,4.294,2.613369e-07,6.758371e-07,8.523317e-07,7.095338e-07,1.416384e-07,5.709089e-07,7.520982e-07,7.38008e-07,2.823529411764696,4.701693000000001,1.8781635882353047,1.8781635882353047,1.8781635882353047
690,690,True,2,0.0161951454411764,0.0002622827358608,0.0161951454411764,6.12375351e-05,0.7183951879411761,0.385875,0.0,0.0,0.0,0.4941176470588236,0.0,0.0,0.0,0.0,0.0,0.0,0.0,0.5103127925000001,0.0,0.0,0.0,0.0,0.0,0.0,0.0,0.0161951454411764,0.0,0.0,0.0,0.0,0.0,0.0,0.0,0.4941176470588236,0.0,0.0,0.0,0.0,0.0,0.0,0.0,0.1879596771860296,0.0,0.0,0.0,0.0,4.318,4.261,4.164,3.743,3.977,4.329,3.995,4.294,4.318,4.261,4.164,3.932,3.977,4.329,3.995,4.294,2.386146e-07,8.629118e-07,6.373335e-07,5.631782e-05,1.043921e-06,5.707374e-07,7.382407e-07,8.279561e-07,59.29411764705883,61.2375351,1.9434174529411687,1.9434174529411687,1.9434174529411687
691,691,True,1,0.0144666015686275,0.0002092825609454,0.0144666015686275,4.5595216e-06,0.0715219090686275,0.3675,0.0,0.0235294117647058,0.0,0.0,0.0,0.0,0.0,0.0,0.0,0.0379960133333333,0.0,0.0,0.0,0.0,0.0,0.0,0.0,0.0144666015686275,0.0,0.0,0.0,0.0,0.0,0.0,0.0,0.0235294117647058,0.0,0.0,0.0,0.0,0.0,0.0,0.0,0.0,0.0,0.0,0.0,0.0,0.0,0.0,4.318,4.141,4.164,4.23,3.977,4.329,3.995,4.294,4.318,4.261,4.164,4.23,3.977,4.329,3.995,4.294,2.420624e-07,6.890887e-07,1.315326e-06,1.319655e-07,1.288863e-07,5.731128e-07,7.350317e-07,7.440482e-07,2.823529411764696,4.5595216,1.7359921882353042,1.7359921882353042,1.7359921882353042
692,692,True,4,0.0093384223039216,8.720613112638084e-05,0.0093384223039216,5.47676695e-05,0.2814753798039217,0.4254271875,0.0,0.0,0.0,0.0,0.4470588235294117,0.0,0.0,0.0,0.0,0.0,0.0,0.0,0.4563972458333333,0.0,0.0,0.0,0.0,0.0,0.0,0.0,0.0093384223039216,0.0,0.0,0.0,0.0,0.0,0.0,0.0,0.4470588235294117,0.0,0.0,0.0,0.0,0.0,0.0,0.0,0.2706261785922825,0.0,0.0,0.0,4.318,4.261,4.164,4.23,3.585,4.329,3.995,4.294,4.318,4.261,4.164,4.23,3.677,4.329,3.995,4.294,3.031744e-07,6.88736e-07,1.508165e-06,8.084836e-07,4.900359e-05,8.832961e-07,8.420415e-07,7.301829e-07,53.6470588235294,54.7676695,1.120610676470598,1.120610676470598,1.120610676470598
693,693,True,3,0.0032345810294117,1.0462514435830114e-05,0.0032345810294117,5.32589091e-05,1.0673170323039218,0.40516875,0.0,0.0,0.0,0.4470588235294117,0.0,0.0,0.0,0.0,0.0,0.0,0.0,0.4438242424999999,0.0,0.0,0.0,0.0,0.0,0.0,0.0,-0.0032345810294117,0.0,0.0,0.0,0.0,0.0,0.0,0.0,0.4470588235294117,0.0,0.0,0.0,0.0,0.0,0.0,0.0,0.1588980567607596,0.0,0.0,0.0,0.0,4.318,4.261,4.164,3.769,3.977,4.329,3.995,4.294,4.318,4.261,4.164,3.954,3.977,4.329,3.995,4.294,2.392906e-07,8.47343e-07,5.10096e-07,4.860488e-05,9.40416e-07,5.67755e-07,7.344632e-07,8.146653e-07,53.6470588235294,53.2589091,-0.388149723529402,0.388149723529402,0.388149723529402
694,694,True,5,0.0036237231372548,1.3131369375476071e-05,0.0036237231372548,1.79180944e-05,0.3582839868627451,0.21271359375,0.0,0.0,0.1529411764705882,0.0,0.0,0.0,0.0,0.0,0.0,0.0,0.1493174533333333,0.0,0.0,0.0,0.0,0.0,0.0,0.0,-0.0036237231372548,0.0,0.0,0.0,0.0,0.0,0.0,0.0,0.1529411764705882,0.0,0.0,0.0,0.0,0.0,0.0,0.0,0.0562552960326921,0.0,0.0,0.0,0.0,0.0,4.318,4.261,3.859,4.23,3.977,4.329,3.995,4.294,4.318,4.261,3.999,4.23,3.977,4.329,3.995,4.294,2.858267e-07,6.642351e-07,1.247003e-05,2.224313e-06,1.901301e-07,5.711475e-07,7.736114e-07,7.388006e-07,18.352941176470583,17.9180944,-0.4348467764705823,0.4348467764705823,0.4348467764705823
695,695,True,8,0.0025852064705881,6.683292495571026e-06,0.0025852064705881,1.80427164e-05,0.4474500751960785,0.1172583685546875,0.0,0.1529411764705882,0.0,0.0,0.0,0.0,0.0,0.0,0.0,0.15035597,0.0,0.0,0.0,0.0,0.0,0.0,0.0,-0.0025852064705881,0.0,0.0,0.0,0.0,0.0,0.0,0.0,0.1529411764705882,0.0,0.0,0.0,0.0,0.0,0.0,0.0,0.0305303965897747,0.0,0.0,0.0,0.0,0.0,0.0,4.318,3.941,4.164,4.23,3.977,4.329,3.995,4.294,4.318,4.106,4.164,4.23,3.977,4.329,3.995,4.294,1.043346e-06,1.307756e-05,1.550925e-06,1.406488e-07,1.250717e-07,5.982813e-07,7.298924e-07,7.769912e-07,18.352941176470583,18.0427164,-0.3102247764705836,0.3102247764705836,0.3102247764705836
696,696,True,3,0.016839824607843,0.0002835796928229,0.016839824607843,0.0001093148965999,1.1191561637745102,0.40516875,0.0,0.0,0.8941176470588236,0.0,0.0,0.0,0.0,0.0,0.0,0.0,0.9109574716666666,0.0,0.0,0.0,0.0,0.0,0.0,0.0,0.016839824607843,0.0,0.0,0.0,0.0,0.0,0.0,0.0,0.8941176470588236,0.0,0.0,0.0,0.0,0.0,0.0,0.0,0.3368756540284987,0.0,0.0,0.0,0.0,0.0,4.318,4.261,3.489,4.23,3.977,4.329,3.995,4.294,4.318,4.261,3.751,4.23,3.977,4.329,3.995,4.294,3.340133e-07,6.556392e-07,9.695987e-05,8.815478e-06,4.20312e-07,5.625796e-07,8.378698e-07,7.291347e-07,107.29411764705884,109.3148966,2.0207789529411717,2.0207789529411717,2.0207789529411717
697,697,True,4,0.0116091137745097,0.0001347715226295,0.0116091137745097,0.0001086872113,0.9850863704411764,0.4254271875,0.0,0.8941176470588236,0.0,0.0,0.0,0.0,0.0,0.0,0.0,0.9057267608333334,0.0,0.0,0.0,0.0,0.0,0.0,0.0,0.0116091137745097,0.0,0.0,0.0,0.0,0.0,0.0,0.0,0.8941176470588236,0.0,0.0,0.0,0.0,0.0,0.0,0.0,0.3153453635741179,0.0,0.0,0.0,0.0,0.0,0.0,4.318,3.625,4.164,4.23,3.977,4.329,3.995,4.294,4.318,3.86,4.164,4.23,3.977,4.329,3.995,4.294,5.740996e-06,9.830644e-05,2.16901e-06,1.424011e-07,1.214221e-07,6.454237e-07,7.228808e-07,8.386376e-07,107.29411764705884,108.6872113,1.3930936529411753,1.3930936529411753,1.3930936529411753
698,698,True,3,0.0128559733333335,0.0001652760503473,0.0128559733333335,8.954271679999999e-05,0.9738945133333332,0.40516875,0.0,0.0,0.7333333333333331,0.0,0.0,0.0,0.0,0.0,0.0,0.0,0.7461893066666666,0.0,0.0,0.0,0.0,0.0,0.0,0.0,0.0128559733333335,0.0,0.0,0.0,0.0,0.0,0.0,0.0,0.7333333333333331,0.0,0.0,0.0,0.0,0.0,0.0,0.0,0.2574587191832287,0.0,0.0,0.0,0.0,0.0,4.318,4.261,3.562,4.23,3.977,4.329,3.995,4.294,4.318,4.261,3.793,4.23,3.977,4.329,3.995,4.294,3.25785e-07,6.549252e-07,7.851527e-05,7.554117e-06,3.732209e-07,5.627253e-07,8.247475e-07,7.319259e-07,87.99999999999997,89.5427168,1.5427168000000222,1.5427168000000222,1.5427168000000222
699,699,True,4,0.0129684291666669,0.0001681801550508,0.0129684291666669,8.95562115e-05,0.8827229900000001,0.4254271875,0.0,0.7333333333333331,0.0,0.0,0.0,0.0,0.0,0.0,0.0,0.7463017625,0.0,0.0,0.0,0.0,0.0,0.0,0.0,0.0129684291666669,0.0,0.0,0.0,0.0,0.0,0.0,0.0,0.7333333333333331,0.0,0.0,0.0,0.0,0.0,0.0,0.0,0.2234676382451296,0.0,0.0,0.0,0.0,0.0,0.0,4.318,3.688,4.164,4.23,3.977,4.329,3.995,4.294,4.318,3.901,4.164,4.23,3.977,4.329,3.995,4.294,4.76775e-06,8.0283e-05,2.0521e-06,1.43465e-07,1.221786e-07,6.392897e-07,7.233397e-07,8.250885e-07,87.99999999999997,89.5562115,1.5562115000000318,1.5562115000000318,1.5562115000000318
700,700,True,3,0.0081871424509804,6.702930151264536e-05,0.0081871424509804,8.239422180000001e-05,0.9258505016176468,0.40516875,0.0,0.0,0.6784313725490196,0.0,0.0,0.0,0.0,0.0,0.0,0.0,0.686618515,0.0,0.0,0.0,0.0,0.0,0.0,0.0,0.0081871424509804,0.0,0.0,0.0,0.0,0.0,0.0,0.0,0.6784313725490196,0.0,0.0,0.0,0.0,0.0,0.0,0.0,0.2300772414903985,0.0,0.0,0.0,0.0,0.0,4.318,4.261,3.587,4.23,3.977,4.329,3.995,4.294,4.318,4.261,3.809,4.23,3.977,4.329,3.995,4.294,3.224686e-07,6.587306e-07,7.185786e-05,7.088216e-06,3.549048e-07,5.629213e-07,8.209316e-07,7.281889e-07,81.41176470588236,82.39422180000001,0.9824570941176488,0.9824570941176488,0.9824570941176488
701,701,True,4,0.0112506998039215,0.0001265782460779,0.0112506998039215,7.09971428e-05,0.3567125214705881,0.4254271875,0.0,0.0,0.0,0.0,0.5803921568627451,0.0,0.0,0.0,0.0,0.0,0.0,0.0,0.5916428566666667,0.0,0.0,0.0,0.0,0.0,0.0,0.0,0.0112506998039215,0.0,0.0,0.0,0.0,0.0,0.0,0.0,0.5803921568627451,0.0,0.0,0.0,0.0,0.0,0.0,0.0,0.360582314667408,0.0,0.0,0.0,4.318,4.261,4.164,4.23,3.522,4.329,3.995,4.294,4.318,4.261,4.164,4.23,3.629,4.329,3.995,4.294,3.10133e-07,6.86773e-07,1.520913e-06,1.027389e-06,6.495996e-05,9.12295e-07,8.58778e-07,7.209018e-07,69.64705882352942,70.9971428,1.350083976470586,1.350083976470586,1.350083976470586
702,702,True,4,0.0044029341176469,1.938582884433924e-05,0.0044029341176469,8.19401168e-05,0.8469128249509803,0.4254271875,0.0,0.6784313725490196,0.0,0.0,0.0,0.0,0.0,0.0,0.0,0.6828343066666666,0.0,0.0,0.0,0.0,0.0,0.0,0.0,0.0044029341176469,0.0,0.0,0.0,0.0,0.0,0.0,0.0,0.6784313725490196,0.0,0.0,0.0,0.0,0.0,0.0,0.0,0.1938503345771867,0.0,0.0,0.0,0.0,0.0,0.0,4.318,3.71,4.164,4.23,3.977,4.329,3.995,4.294,4.318,3.918,4.164,4.23,3.977,4.329,3.995,4.294,4.36994e-06,7.312156e-05,2.007554e-06,1.404102e-07,1.209855e-07,6.350579e-07,7.238912e-07,8.20718e-07,81.41176470588236,81.9401168,0.5283520941176363,0.5283520941176363,0.5283520941176363
703,703,True,3,0.0023678881372549,5.606894230552811e-06,0.0023678881372549,6.99312054e-05,0.8309749073039213,0.40516875,0.0,0.0,0.0,0.5803921568627451,0.0,0.0,0.0,0.0,0.0,0.0,0.0,0.5827600450000001,0.0,0.0,0.0,0.0,0.0,0.0,0.0,0.0023678881372549,0.0,0.0,0.0,0.0,0.0,0.0,0.0,0.5803921568627451,0.0,0.0,0.0,0.0,0.0,0.0,0.0,0.2171194734044059,0.0,0.0,0.0,0.0,4.318,4.261,4.164,3.695,3.977,4.329,3.995,4.294,4.318,4.261,4.164,3.909,3.977,4.329,3.995,4.294,2.353904e-07,8.753644e-07,7.92639e-07,6.474654e-05,1.150615e-06,5.714406e-07,7.36698e-07,8.22518e-07,69.64705882352942,69.93120540000001,0.2841465764705901,0.2841465764705901,0.2841465764705901
704,704,True,4,0.0132252886764707,0.0001749082605759,0.0132252886764707,0.0001037046817,0.5264387303431372,0.4254271875,0.0,0.0,0.0,0.0,0.8509803921568627,0.0,0.0,0.0,0.0,0.0,0.0,0.0,0.8642056808333335,0.0,0.0,0.0,0.0,0.0,0.0,0.0,0.0132252886764707,0.0,0.0,0.0,0.0,0.0,0.0,0.0,0.8509803921568627,0.0,0.0,0.0,0.0,0.0,0.0,0.0,0.534845561758272,0.0,0.0,0.0,4.318,4.261,4.164,4.23,3.398,4.329,3.995,4.294,4.318,4.261,4.164,4.23,3.543,4.329,3.995,4.294,3.293705e-07,6.865126e-07,1.562926e-06,1.471132e-06,9.706587e-05,9.661937e-07,9.016889e-07,7.20988e-07,102.11764705882352,103.7046817,1.587034641176487,1.587034641176487,1.587034641176487
705,705,True,3,0.0027527095098041,7.57740964536597e-06,0.0027527095098041,0.0001024479722,1.180664017009804,0.40516875,0.0,0.0,0.0,0.8509803921568627,0.0,0.0,0.0,0.0,0.0,0.0,0.0,0.8537331016666668,0.0,0.0,0.0,0.0,0.0,0.0,0.0,0.0027527095098041,0.0,0.0,0.0,0.0,0.0,0.0,0.0,0.8509803921568627,0.0,0.0,0.0,0.0,0.0,0.0,0.0,0.3393199823221079,0.0,0.0,0.0,0.0,4.318,4.261,4.164,3.543,3.977,4.329,3.995,4.294,4.318,4.261,4.164,3.833,3.977,4.329,3.995,4.294,2.371723e-07,9.165715e-07,1.506552e-06,9.608203e-05,1.534773e-06,5.857567e-07,7.360823e-07,8.490344e-07,102.11764705882352,102.4479722,0.3303251411764876,0.3303251411764876,0.3303251411764876
706,706,True,4,0.0117472837254902,0.0001379986749271,0.0117472837254902,0.0001181155564,0.6161241520588232,0.4254271875,0.0,0.0,0.0,0.0,0.9725490196078432,0.0,0.0,0.0,0.0,0.0,0.0,0.0,0.9842963033333336,0.0,0.0,0.0,0.0,0.0,0.0,0.0,0.0117472837254902,0.0,0.0,0.0,0.0,0.0,0.0,0.0,0.9725490196078432,0.0,0.0,0.0,0.0,0.0,0.0,0.0,0.6097751334806433,0.0,0.0,0.0,4.318,4.261,4.164,4.23,3.34,4.329,3.995,4.294,4.318,4.261,4.164,4.23,3.508,4.329,3.995,4.294,3.348202e-07,6.880981e-07,1.576183e-06,1.669063e-06,0.0001112228,9.842215e-07,9.194591e-07,7.209115e-07,116.7058823529412,118.11555640000002,1.4096740470588287,1.4096740470588287,1.4096740470588287
707,707,True,3,0.0091137479411764,8.306040153529844e-05,0.0091137479411764,0.0001156122326,2.254890760392157,0.40516875,0.0,0.0,0.0,0.9725490196078432,0.0,0.0,0.0,0.0,0.0,0.0,0.0,0.9634352716666668,0.0,0.0,0.0,0.0,0.0,0.0,0.0,-0.0091137479411764,0.0,0.0,0.0,0.0,0.0,0.0,0.0,0.9725490196078432,0.0,0.0,0.0,0.0,0.0,0.0,0.0,0.3852695681017098,0.0,0.0,0.0,0.0,4.318,4.261,4.164,3.468,3.977,4.329,3.995,4.294,4.318,4.261,4.164,3.804,3.977,4.329,3.995,4.294,2.35655e-07,9.351674e-07,1.845724e-06,0.0001087198,1.69371e-06,5.914871e-07,7.347699e-07,8.559192e-07,116.7058823529412,115.6122326,-1.0936497529411753,1.0936497529411753,1.0936497529411753
708,708,True,3,0.0136815119607844,0.000187183769533,0.0136815119607844,9.71711932e-05,1.0264768394607846,0.40516875,0.0,0.0,0.7960784313725487,0.0,0.0,0.0,0.0,0.0,0.0,0.0,0.8097599433333332,0.0,0.0,0.0,0.0,0.0,0.0,0.0,0.0136815119607844,0.0,0.0,0.0,0.0,0.0,0.0,0.0,0.7960784313725487,0.0,0.0,0.0,0.0,0.0,0.0,0.0,0.2884816644618805,0.0,0.0,0.0,0.0,0.0,4.318,4.261,3.534,4.23,3.977,4.329,3.995,4.294,4.318,4.261,3.776,4.23,3.977,4.329,3.995,4.294,3.295635e-07,6.552402e-07,8.567441e-05,8.001892e-06,3.90161e-07,5.614198e-07,8.286456e-07,7.298611e-07,95.52941176470586,97.1711932,1.641781435294135,1.641781435294135,1.641781435294135
709,709,True,4,0.0143976994607846,0.000207293749763,0.0143976994607846,9.72571357e-05,0.9242391794607846,0.4254271875,0.0,0.7960784313725487,0.0,0.0,0.0,0.0,0.0,0.0,0.0,0.8104761308333334,0.0,0.0,0.0,0.0,0.0,0.0,0.0,0.0143976994607846,0.0,0.0,0.0,0.0,0.0,0.0,0.0,0.7960784313725487,0.0,0.0,0.0,0.0,0.0,0.0,0.0,0.2598706108352914,0.0,0.0,0.0,0.0,0.0,0.0,4.318,3.663,4.164,4.23,3.977,4.329,3.995,4.294,4.318,3.884,4.164,4.23,3.977,4.329,3.995,4.294,5.163201e-06,8.754309e-05,2.095199e-06,1.429889e-07,1.211762e-07,6.413865e-07,7.226815e-07,8.274126e-07,95.52941176470586,97.2571357,1.7277239352941507,1.7277239352941507,1.7277239352941507
710,710,True,4,0.0102649305882353,0.0001053687999812,0.0102649305882353,7.229061519999999e-05,0.3643529072549019,0.4254271875,0.0,0.0,0.0,0.0,0.5921568627450979,0.0,0.0,0.0,0.0,0.0,0.0,0.0,0.6024217933333332,0.0,0.0,0.0,0.0,0.0,0.0,0.0,0.0102649305882353,0.0,0.0,0.0,0.0,0.0,0.0,0.0,0.5921568627450979,0.0,0.0,0.0,0.0,0.0,0.0,0.0,0.3676239917144795,0.0,0.0,0.0,4.318,4.261,4.164,4.23,3.516,4.329,3.995,4.294,4.318,4.261,4.164,4.23,3.625,4.329,3.995,4.294,3.101198e-07,6.856683e-07,1.522012e-06,1.047192e-06,6.62235e-05,9.148787e-07,8.621837e-07,7.250607e-07,71.05882352941175,72.29061519999999,1.2317916705882368,1.2317916705882368,1.2317916705882368
711,711,True,3,0.0030039247549019,9.023563933112831e-06,0.0030039247549019,7.141929449999999e-05,0.8464096730882356,0.40516875,0.0,0.0,0.0,0.5921568627450979,0.0,0.0,0.0,0.0,0.0,0.0,0.0,0.5951607874999999,0.0,0.0,0.0,0.0,0.0,0.0,0.0,0.0030039247549019,0.0,0.0,0.0,0.0,0.0,0.0,0.0,0.5921568627450979,0.0,0.0,0.0,0.0,0.0,0.0,0.0,0.2227671165810537,0.0,0.0,0.0,0.0,4.318,4.261,4.164,3.688,3.977,4.329,3.995,4.294,4.318,4.261,4.164,3.905,3.977,4.329,3.995,4.294,2.347658e-07,8.74351e-07,8.222234e-07,6.618584e-05,1.167772e-06,5.710046e-07,7.361238e-07,8.272139e-07,71.05882352941175,71.41929449999999,0.3604709705882385,0.3604709705882385,0.3604709705882385
712,712,True,4,0.0066463129411766,4.417347571205187e-05,0.0066463129411766,4.4091675200000005e-05,0.2296646746078433,0.4254271875,0.0,0.0,0.0,0.0,0.3607843137254901,0.0,0.0,0.0,0.0,0.0,0.0,0.0,0.3674306266666667,0.0,0.0,0.0,0.0,0.0,0.0,0.0,0.0066463129411766,0.0,0.0,0.0,0.0,0.0,0.0,0.0,0.3607843137254901,0.0,0.0,0.0,0.0,0.0,0.0,0.0,0.2106179271766382,0.0,0.0,0.0,4.318,4.261,4.164,4.23,3.629,4.329,3.995,4.294,4.318,4.261,4.164,4.23,3.711,4.329,3.995,4.294,2.932589e-07,6.855226e-07,1.470488e-06,6.715674e-07,3.856935e-05,8.530632e-07,8.224608e-07,7.259643e-07,43.29411764705881,44.091675200000005,0.7975575529411927,0.7975575529411927,0.7975575529411927
713,713,True,3,0.0045611471078432,2.0804062939386588e-05,0.0045611471078432,4.38414553e-05,0.5426231796078433,0.40516875,0.0,0.0,0.0,0.3607843137254901,0.0,0.0,0.0,0.0,0.0,0.0,0.0,0.3653454608333333,0.0,0.0,0.0,0.0,0.0,0.0,0.0,0.0045611471078432,0.0,0.0,0.0,0.0,0.0,0.0,0.0,0.3607843137254901,0.0,0.0,0.0,0.0,0.0,0.0,0.0,0.123525159521311,0.0,0.0,0.0,0.0,4.318,4.261,4.164,3.819,3.977,4.329,3.995,4.294,4.318,4.261,4.164,3.981,3.977,4.329,3.995,4.294,2.387064e-07,8.28148e-07,3.887704e-07,3.946592e-05,8.177984e-07,5.623994e-07,7.363616e-07,8.033511e-07,43.29411764705881,43.8414553,0.547337652941188,0.547337652941188,0.547337652941188
714,714,True,3,0.0044554171568628,1.9850742041667558e-05,0.0044554171568628,2.6417003000000003e-05,0.435138400490196,0.1929375,0.0,0.0,0.2156862745098039,0.0,0.0,0.0,0.0,0.0,0.0,0.0,0.2201416916666667,0.0,0.0,0.0,0.0,0.0,0.0,0.0,0.0044554171568628,0.0,0.0,0.0,0.0,0.0,0.0,0.0,0.2156862745098039,0.0,0.0,0.0,0.0,0.0,0.0,0.0,0.0684377174387867,0.0,0.0,0.0,0.0,0.0,4.318,4.261,3.818,4.23,3.977,4.329,3.995,4.294,4.318,4.261,3.963,4.23,3.977,4.329,3.995,4.294,2.940519e-07,6.614278e-07,2.019496e-05,2.971499e-06,2.143418e-07,5.666883e-07,7.804145e-07,7.336197e-07,25.882352941176467,26.417003000000005,0.5346500588235372,0.5346500588235372,0.5346500588235372
715,715,True,1,0.0114175153431372,0.0001303596566107,0.0114175153431372,2.45122511e-05,0.5134807004901962,0.3675,0.0,0.2156862745098039,0.0,0.0,0.0,0.0,0.0,0.0,0.0,0.2042687591666666,0.0,0.0,0.0,0.0,0.0,0.0,0.0,-0.0114175153431372,0.0,0.0,0.0,0.0,0.0,0.0,0.0,0.2156862745098039,0.0,0.0,0.0,0.0,0.0,0.0,0.0,0.0359680293382352,0.0,0.0,0.0,0.0,0.0,0.0,4.318,3.905,4.164,4.23,3.977,4.329,3.995,4.294,4.318,4.078,4.164,4.23,3.977,4.329,3.995,4.294,1.396823e-06,1.915062e-05,1.596045e-06,1.407696e-07,1.236768e-07,5.99111e-07,7.273376e-07,7.778681e-07,25.882352941176467,24.5122511,-1.3701018411764672,1.3701018411764672,1.3701018411764672
716,716,True,3,0.0139401159803921,0.0001943268335467,0.0139401159803921,9.34375198e-05,1.001550791813726,0.40516875,0.0,0.0,0.7647058823529411,0.0,0.0,0.0,0.0,0.0,0.0,0.0,0.7786459983333333,0.0,0.0,0.0,0.0,0.0,0.0,0.0,0.0139401159803921,0.0,0.0,0.0,0.0,0.0,0.0,0.0,0.7647058823529411,0.0,0.0,0.0,0.0,0.0,0.0,0.0,0.2737256596110966,0.0,0.0,0.0,0.0,0.0,4.318,4.261,3.548,4.23,3.977,4.329,3.995,4.294,4.318,4.261,3.784,4.23,3.977,4.329,3.995,4.294,3.2696e-07,6.576807e-07,8.213131e-05,7.827965e-06,3.809346e-07,5.602467e-07,8.254817e-07,7.269411e-07,91.76470588235291,93.4375198,1.672813917647062,1.672813917647062,1.672813917647062
717,717,True,4,0.0139138218137255,0.0001935944374641,0.0139138218137255,9.34343645e-05,0.8990305868137256,0.4254271875,0.0,0.7647058823529411,0.0,0.0,0.0,0.0,0.0,0.0,0.0,0.7786197041666667,0.0,0.0,0.0,0.0,0.0,0.0,0.0,0.0139138218137255,0.0,0.0,0.0,0.0,0.0,0.0,0.0,0.7647058823529411,0.0,0.0,0.0,0.0,0.0,0.0,0.0,0.2422273572954193,0.0,0.0,0.0,0.0,0.0,0.0,4.318,3.676,4.164,4.23,3.977,4.329,3.995,4.294,4.318,3.892,4.164,4.23,3.977,4.329,3.995,4.294,4.936644e-06,8.397221e-05,2.079425e-06,1.390525e-07,1.205962e-07,6.377058e-07,7.231683e-07,8.255627e-07,91.76470588235291,93.4343645,1.6696586176470731,1.6696586176470731,1.6696586176470731
718,718,True,4,0.0123144515196077,0.0001516457162287,0.0123144515196077,9.37130283e-05,0.4733181631862744,0.4254271875,0.0,0.0,0.0,0.0,0.7686274509803923,0.0,0.0,0.0,0.0,0.0,0.0,0.0,0.7809419025000001,0.0,0.0,0.0,0.0,0.0,0.0,0.0,0.0123144515196077,0.0,0.0,0.0,0.0,0.0,0.0,0.0,0.7686274509803923,0.0,0.0,0.0,0.0,0.0,0.0,0.0,0.4835421356656174,0.0,0.0,0.0,4.318,4.261,4.164,4.23,3.435,4.329,3.995,4.294,4.318,4.261,4.164,4.23,3.568,4.329,3.995,4.294,3.23664e-07,6.853595e-07,1.548574e-06,1.331584e-06,8.726561e-05,9.487615e-07,8.87484e-07,7.219913e-07,92.23529411764709,93.7130283,1.4777341823529326,1.4777341823529326,1.4777341823529326
719,719,True,3,0.0049680806862743,2.4681825705331728e-05,0.0049680806862743,9.28314638e-05,1.066949589019608,0.40516875,0.0,0.0,0.0,0.7686274509803923,0.0,0.0,0.0,0.0,0.0,0.0,0.0,0.7735955316666666,0.0,0.0,0.0,0.0,0.0,0.0,0.0,0.0049680806862743,0.0,0.0,0.0,0.0,0.0,0.0,0.0,0.7686274509803923,0.0,0.0,0.0,0.0,0.0,0.0,0.0,0.3038979224883826,0.0,0.0,0.0,0.0,4.318,4.261,4.164,3.591,3.977,4.329,3.995,4.294,4.318,4.261,4.164,3.854,3.977,4.329,3.995,4.294,2.378235e-07,9.009052e-07,1.285509e-06,8.683427e-05,1.421299e-06,5.791798e-07,7.330495e-07,8.394278e-07,92.23529411764709,92.8314638,0.5961696823529223,0.5961696823529223,0.5961696823529223
720,720,True,2,0.0158495275490195,0.0002512075235271,0.0158495275490195,1.64901786e-05,0.1050416083823529,0.385875,0.0,0.0,0.0,0.0,0.1215686274509804,0.0,0.0,0.0,0.0,0.0,0.0,0.0,0.137418155,0.0,0.0,0.0,0.0,0.0,0.0,0.0,0.0158495275490195,0.0,0.0,0.0,0.0,0.0,0.0,0.0,0.1215686274509804,0.0,0.0,0.0,0.0,0.0,0.0,0.0,0.0655285976241421,0.0,0.0,0.0,4.318,4.261,4.164,4.23,3.776,4.329,3.995,4.294,4.318,4.261,4.164,4.23,3.829,4.329,3.995,4.294,2.706192e-07,6.835044e-07,1.402599e-06,2.99653e-07,1.159236e-05,7.367918e-07,7.779522e-07,7.26699e-07,14.588235294117649,16.4901786,1.901943305882352,1.901943305882352,1.901943305882352
721,721,True,2,0.0097840950490195,9.57285159282496e-05,0.0097840950490195,1.57623267e-05,0.2380376383823529,0.385875,0.0,0.0,0.0,0.1215686274509804,0.0,0.0,0.0,0.0,0.0,0.0,0.0,0.1313527225,0.0,0.0,0.0,0.0,0.0,0.0,0.0,0.0097840950490195,0.0,0.0,0.0,0.0,0.0,0.0,0.0,0.1215686274509804,0.0,0.0,0.0,0.0,0.0,0.0,0.0,0.0249536417428921,0.0,0.0,0.0,0.0,4.318,4.261,4.164,3.983,3.977,4.329,3.995,4.294,4.318,4.261,4.164,4.09,3.977,4.329,3.995,4.294,2.396182e-07,7.643208e-07,3.30843e-07,1.194945e-05,4.159278e-07,5.581587e-07,7.321344e-07,7.718738e-07,14.588235294117649,15.7623267,1.1740914058823506,1.1740914058823506,1.1740914058823506
722,722,True,3,0.0055066685294117,3.0323398292813533e-05,0.0055066685294117,7.501374140000001e-05,0.8627473101960782,0.40516875,0.0,0.0,0.619607843137255,0.0,0.0,0.0,0.0,0.0,0.0,0.0,0.6251145116666668,0.0,0.0,0.0,0.0,0.0,0.0,0.0,0.0055066685294117,0.0,0.0,0.0,0.0,0.0,0.0,0.0,0.619607843137255,0.0,0.0,0.0,0.0,0.0,0.0,0.0,0.2047745231284072,0.0,0.0,0.0,0.0,0.0,4.318,4.261,3.614,4.23,3.977,4.329,3.995,4.294,4.318,4.261,3.825,4.23,3.977,4.329,3.995,4.294,3.178561e-07,6.56029e-07,6.499804e-05,6.603025e-06,3.359898e-07,5.614065e-07,8.149843e-07,7.264107e-07,74.35294117647061,75.01374140000001,0.6608002235294066,0.6608002235294066,0.6608002235294066
723,723,True,4,0.0072067935294114,5.193787297556672e-05,0.0072067935294114,7.521775639999999e-05,0.8081003501960783,0.4254271875,0.0,0.619607843137255,0.0,0.0,0.0,0.0,0.0,0.0,0.0,0.6268146366666665,0.0,0.0,0.0,0.0,0.0,0.0,0.0,0.0072067935294114,0.0,0.0,0.0,0.0,0.0,0.0,0.0,0.619607843137255,0.0,0.0,0.0,0.0,0.0,0.0,0.0,0.1670602770011185,0.0,0.0,0.0,0.0,0.0,0.0,4.318,3.733,4.164,4.23,3.977,4.329,3.995,4.294,4.318,3.933,4.164,4.23,3.977,4.329,3.995,4.294,4.025151e-06,6.680354e-05,1.965019e-06,1.387795e-07,1.204659e-07,6.307143e-07,7.215049e-07,8.125818e-07,74.35294117647061,75.21775639999998,0.8648152235293765,0.8648152235293765,0.8648152235293765
724,724,True,2,0.0173088637254902,0.0002995967634675,0.0173088637254902,6.782946000000001e-06,0.0560809420588235,0.385875,0.0,0.0,0.0,0.0,0.0392156862745098,0.0,0.0,0.0,0.0,0.0,0.0,0.0,0.05652455,0.0,0.0,0.0,0.0,0.0,0.0,0.0,0.0173088637254902,0.0,0.0,0.0,0.0,0.0,0.0,0.0,0.0392156862745098,0.0,0.0,0.0,0.0,0.0,0.0,0.0,0.0077454097285539,0.0,0.0,0.0,4.318,4.261,4.164,4.23,3.862,4.329,3.995,4.294,4.318,4.261,4.164,4.23,3.906,4.329,3.995,4.294,2.527778e-07,6.827398e-07,1.349151e-06,1.692944e-07,2.191369e-06,6.539481e-07,7.505224e-07,7.331435e-07,4.705882352941177,6.782946000000001,2.077063647058824,2.077063647058824,2.077063647058824
725,725,True,3,0.0062314995098039,3.883158614068688e-05,0.0062314995098039,7.886542700000001e-05,0.8939098411764707,0.40516875,0.0,0.0,0.6509803921568628,0.0,0.0,0.0,0.0,0.0,0.0,0.0,0.6572118916666667,0.0,0.0,0.0,0.0,0.0,0.0,0.0,0.0062314995098039,0.0,0.0,0.0,0.0,0.0,0.0,0.0,0.6509803921568628,0.0,0.0,0.0,0.0,0.0,0.0,0.0,0.2190921172543996,0.0,0.0,0.0,0.0,0.0,4.318,4.261,3.599,4.23,3.977,4.329,3.995,4.294,4.318,4.261,3.816,4.23,3.977,4.329,3.995,4.294,3.19298e-07,6.523015e-07,6.862347e-05,6.812766e-06,3.474103e-07,5.639587e-07,8.167761e-07,7.294464e-07,78.11764705882354,78.86542700000001,0.747779941176475,0.747779941176475,0.747779941176475
726,726,True,1,0.0015108287745098,2.282603585886791e-06,0.0015108287745098,4.5245829e-06,0.1216351703921568,0.3675,0.0,0.0,0.0,0.0392156862745098,0.0,0.0,0.0,0.0,0.0,0.0,0.0,0.0377048575,0.0,0.0,0.0,0.0,0.0,0.0,0.0,-0.0015108287745098,0.0,0.0,0.0,0.0,0.0,0.0,0.0,0.0392156862745098,0.0,0.0,0.0,0.0,0.0,0.0,0.0,0.0,0.0,0.0,0.0,0.0,4.318,4.261,4.164,4.072,3.977,4.329,3.995,4.294,4.318,4.261,4.164,4.23,3.977,4.329,3.995,4.294,2.429272e-07,6.851276e-07,1.29966e-06,1.291967e-07,1.280007e-07,5.704148e-07,7.299633e-07,7.392926e-07,4.705882352941177,4.5245829,-0.1812994529411762,0.1812994529411762,0.1812994529411762
727,727,True,4,0.0044102286764704,1.9450116978762308e-05,0.0044102286764704,7.86468745e-05,0.8304955570098039,0.4254271875,0.0,0.6509803921568628,0.0,0.0,0.0,0.0,0.0,0.0,0.0,0.6553906208333332,0.0,0.0,0.0,0.0,0.0,0.0,0.0,0.0044102286764704,0.0,0.0,0.0,0.0,0.0,0.0,0.0,0.6509803921568628,0.0,0.0,0.0,0.0,0.0,0.0,0.0,0.1824472118794388,0.0,0.0,0.0,0.0,0.0,0.0,4.318,3.72,4.164,4.23,3.977,4.329,3.995,4.294,4.318,3.925,4.164,4.23,3.977,4.329,3.995,4.294,4.199533e-06,7.002831e-05,1.986244e-06,1.405654e-07,1.215164e-07,6.321603e-07,7.210188e-07,8.175266e-07,78.11764705882354,78.6468745,0.5292274411764595,0.5292274411764595,0.5292274411764595
728,728,True,4,0.0085468044607843,7.304786649088368e-05,0.0085468044607843,7.25550283e-05,0.3649857144607843,0.4254271875,0.0,0.0,0.0,0.0,0.596078431372549,0.0,0.0,0.0,0.0,0.0,0.0,0.0,0.6046252358333334,0.0,0.0,0.0,0.0,0.0,0.0,0.0,0.0085468044607843,0.0,0.0,0.0,0.0,0.0,0.0,0.0,0.596078431372549,0.0,0.0,0.0,0.0,0.0,0.0,0.0,0.3704351408730733,0.0,0.0,0.0,4.318,4.261,4.164,4.23,3.514,4.329,3.995,4.294,4.318,4.261,4.164,4.23,3.624,4.329,3.995,4.294,3.082544e-07,6.854784e-07,1.512772e-06,1.053429e-06,6.64937e-05,9.211509e-07,8.593623e-07,7.208813e-07,71.52941176470588,72.5550283,1.0256165352941196,1.0256165352941196,1.0256165352941196
729,729,True,3,0.0050031119607842,2.5031129292142823e-05,0.0050031119607842,7.21297852e-05,0.845727228627451,0.40516875,0.0,0.0,0.0,0.596078431372549,0.0,0.0,0.0,0.0,0.0,0.0,0.0,0.6010815433333333,0.0,0.0,0.0,0.0,0.0,0.0,0.0,0.0050031119607842,0.0,0.0,0.0,0.0,0.0,0.0,0.0,0.596078431372549,0.0,0.0,0.0,0.0,0.0,0.0,0.0,0.2257691827982353,0.0,0.0,0.0,0.0,4.318,4.261,4.164,3.686,3.977,4.329,3.995,4.294,4.318,4.261,4.164,3.903,3.977,4.329,3.995,4.294,2.350303e-07,8.761155e-07,8.402676e-07,6.687148e-05,1.176864e-06,5.709277e-07,7.327384e-07,8.263617e-07,71.52941176470588,72.1297852,0.6003734352941166,0.6003734352941166,0.6003734352941166
730,730,True,4,0.0047580329411764,2.2638877469320104e-05,0.0047580329411764,2.01349184e-05,0.6872251995588237,0.4254271875,0.0,0.0,0.0,0.0,0.1725490196078431,0.0,0.0,0.0,0.0,0.0,0.0,0.0,0.1677909866666666,0.0,0.0,0.0,0.0,0.0,0.0,0.0,-0.0047580329411764,0.0,0.0,0.0,0.0,0.0,0.0,0.0,0.1725490196078431,0.0,0.0,0.0,0.0,0.0,0.0,0.0,0.0819007282228097,0.0,0.0,0.0,4.318,4.261,4.164,4.23,3.739,4.329,3.995,4.294,4.318,4.261,4.164,4.23,3.809,4.329,3.995,4.294,2.730965e-07,6.813947e-07,1.410347e-06,3.506785e-07,1.515053e-05,7.60498e-07,7.816137e-07,7.2676e-07,20.70588235294117,20.1349184,-0.5709639529411739,0.5709639529411739,0.5709639529411739
731,731,True,2,0.0064141887254902,4.1141817006205736e-05,0.0064141887254902,2.1475585e-05,0.2967075128921569,0.385875,0.0,0.0,0.0,0.1725490196078431,0.0,0.0,0.0,0.0,0.0,0.0,0.0,0.1789632083333333,0.0,0.0,0.0,0.0,0.0,0.0,0.0,0.0064141887254902,0.0,0.0,0.0,0.0,0.0,0.0,0.0,0.1725490196078431,0.0,0.0,0.0,0.0,0.0,0.0,0.0,0.0479385418577205,0.0,0.0,0.0,0.0,4.318,4.261,4.164,3.944,3.977,4.329,3.995,4.294,4.318,4.261,4.164,4.062,3.977,4.329,3.995,4.294,2.377419e-07,7.788942e-07,2.804439e-07,1.760719e-05,5.057533e-07,5.564519e-07,7.331381e-07,7.759717e-07,20.70588235294117,21.475585,0.7697026470588249,0.7697026470588249,0.7697026470588249
732,732,True,4,0.0139632910294118,0.000194973496372,0.0139632910294118,0.0001080285361,0.5482968768627452,0.4254271875,0.0,0.0,0.0,0.0,0.8862745098039215,0.0,0.0,0.0,0.0,0.0,0.0,0.0,0.9002378008333334,0.0,0.0,0.0,0.0,0.0,0.0,0.0,0.0139632910294118,0.0,0.0,0.0,0.0,0.0,0.0,0.0,0.8862745098039215,0.0,0.0,0.0,0.0,0.0,0.0,0.0,0.5582631844178889,0.0,0.0,0.0,4.318,4.261,4.164,4.23,3.381,4.329,3.995,4.294,4.318,4.261,4.164,4.23,3.532,4.329,3.995,4.294,3.281878e-07,6.858502e-07,1.56608e-06,1.525681e-06,0.0001013388,9.619902e-07,9.034122e-07,7.185347e-07,106.35294117647058,108.0285361,1.6755949235294167,1.6755949235294167,1.6755949235294167
733,733,True,3,0.0007265918627453,5.279357350077922e-07,0.0007265918627453,0.0001064401322,1.222232502696079,0.40516875,0.0,0.0,0.0,0.8862745098039215,0.0,0.0,0.0,0.0,0.0,0.0,0.0,0.8870011016666669,0.0,0.0,0.0,0.0,0.0,0.0,0.0,0.0007265918627453,0.0,0.0,0.0,0.0,0.0,0.0,0.0,0.8862745098039215,0.0,0.0,0.0,0.0,0.0,0.0,0.0,0.3546739100816358,0.0,0.0,0.0,0.0,4.318,4.261,4.164,3.522,3.977,4.329,3.995,4.294,4.318,4.261,4.164,3.823,3.977,4.329,3.995,4.294,2.353081e-07,9.265416e-07,1.60961e-06,9.990838e-05,1.593481e-06,5.856974e-07,7.372205e-07,8.438936e-07,106.35294117647058,106.44013220000002,0.0871910235294421,0.0871910235294421,0.0871910235294421
734,734,True,3,0.0136097602941175,0.0001852255752633,0.0136097602941175,3.3162583e-05,0.1808115927941176,0.40516875,0.0,0.0,0.0,0.0,0.2627450980392157,0.0,0.0,0.0,0.0,0.0,0.0,0.0,0.2763548583333333,0.0,0.0,0.0,0.0,0.0,0.0,0.0,0.0136097602941175,0.0,0.0,0.0,0.0,0.0,0.0,0.0,0.2627450980392157,0.0,0.0,0.0,0.0,0.0,0.0,0.0,0.1561042371975061,0.0,0.0,0.0,4.318,4.261,4.164,4.23,3.681,4.329,3.995,4.294,4.318,4.261,4.164,4.23,3.751,4.329,3.995,4.294,2.81525e-07,6.848815e-07,1.448485e-06,5.27126e-07,2.787074e-05,8.196645e-07,8.04621e-07,7.2554e-07,31.529411764705884,33.162583,1.633171235294114,1.633171235294114,1.633171235294114
735,735,True,2,0.008286756127451,6.86703271158467e-05,0.008286756127451,3.25238225e-05,0.4195200052941176,0.385875,0.0,0.0,0.0,0.2627450980392157,0.0,0.0,0.0,0.0,0.0,0.0,0.0,0.2710318541666667,0.0,0.0,0.0,0.0,0.0,0.0,0.0,0.008286756127451,0.0,0.0,0.0,0.0,0.0,0.0,0.0,0.2627450980392157,0.0,0.0,0.0,0.0,0.0,0.0,0.0,0.0846328781844362,0.0,0.0,0.0,0.0,4.318,4.261,4.164,3.879,3.977,4.329,3.995,4.294,4.318,4.261,4.164,4.018,3.977,4.329,3.995,4.294,2.379287e-07,8.060347e-07,2.916402e-07,2.842985e-05,6.680027e-07,5.606279e-07,7.347667e-07,7.949716e-07,31.529411764705884,32.5238225,0.9944107352941174,0.9944107352941174,0.9944107352941174
736,736,True,4,0.0107172965196081,0.0001148604446892,0.0107172965196081,7.75213697e-05,0.3883845065196081,0.4254271875,0.0,0.0,0.0,0.0,0.6352941176470586,0.0,0.0,0.0,0.0,0.0,0.0,0.0,0.6460114141666667,0.0,0.0,0.0,0.0,0.0,0.0,0.0,0.0107172965196081,0.0,0.0,0.0,0.0,0.0,0.0,0.0,0.6352941176470586,0.0,0.0,0.0,0.0,0.0,0.0,0.0,0.3963761861532258,0.0,0.0,0.0,4.318,4.261,4.164,4.23,3.496,4.329,3.995,4.294,4.318,4.261,4.164,4.23,3.61,4.329,3.995,4.294,3.097869e-07,6.920656e-07,1.519992e-06,1.125339e-06,7.134387e-05,9.39471e-07,8.676982e-07,7.23147e-07,76.23529411764703,77.52136970000001,1.2860755823529786,1.2860755823529786,1.2860755823529786
737,737,True,3,0.0065856231862747,4.33704327515997e-05,0.0065856231862747,7.70255689e-05,0.8990614748529413,0.40516875,0.0,0.0,0.0,0.6352941176470586,0.0,0.0,0.0,0.0,0.0,0.0,0.0,0.6418797408333333,0.0,0.0,0.0,0.0,0.0,0.0,0.0,0.0065856231862747,0.0,0.0,0.0,0.0,0.0,0.0,0.0,0.6352941176470586,0.0,0.0,0.0,0.0,0.0,0.0,0.0,0.2441346312790068,0.0,0.0,0.0,0.0,4.318,4.261,4.164,3.664,3.977,4.329,3.995,4.294,4.318,4.261,4.164,3.891,3.977,4.329,3.995,4.294,2.36197e-07,8.830174e-07,9.350441e-07,7.159569e-05,1.238149e-06,5.743611e-07,7.325668e-07,8.305435e-07,76.23529411764703,77.0255689,0.7902747823529666,0.7902747823529666,0.7902747823529666
738,738,True,3,0.0076472937745096,5.848110207365448e-05,0.0076472937745096,6.82117929e-05,0.8033009212745099,0.40516875,0.0,0.0,0.5607843137254902,0.0,0.0,0.0,0.0,0.0,0.0,0.0,0.5684316074999999,0.0,0.0,0.0,0.0,0.0,0.0,0.0,0.0076472937745096,0.0,0.0,0.0,0.0,0.0,0.0,0.0,0.5607843137254902,0.0,0.0,0.0,0.0,0.0,0.0,0.0,0.1799166499473529,0.0,0.0,0.0,0.0,0.0,4.318,4.261,3.641,4.23,3.977,4.329,3.995,4.294,4.318,4.261,3.841,4.23,3.977,4.329,3.995,4.294,3.157951e-07,6.542339e-07,5.872073e-05,6.090485e-06,3.226002e-07,5.65496e-07,8.106996e-07,7.317531e-07,67.29411764705883,68.21179289999999,0.9176752529411658,0.9176752529411658,0.9176752529411658
739,739,True,3,0.0187492146078429,0.0003515330484109,0.0187492146078429,6.954402339999999e-05,0.7628581004411765,0.40516875,0.0,0.5607843137254902,0.0,0.0,0.0,0.0,0.0,0.0,0.0,0.5795335283333332,0.0,0.0,0.0,0.0,0.0,0.0,0.0,0.0187492146078429,0.0,0.0,0.0,0.0,0.0,0.0,0.0,0.5607843137254902,0.0,0.0,0.0,0.0,0.0,0.0,0.0,0.1459697592802697,0.0,0.0,0.0,0.0,0.0,0.0,4.318,3.756,4.164,4.23,3.977,4.329,3.995,4.294,4.318,3.946,4.164,4.23,3.977,4.329,3.995,4.294,3.735674e-06,6.145264e-05,1.92625e-06,1.422037e-07,1.239326e-07,6.288219e-07,7.228766e-07,8.116246e-07,67.29411764705883,69.54402339999999,2.24990575294116,2.24990575294116,2.24990575294116
740,740,True,3,0.0065601738235293,4.30358805949198e-05,0.0065601738235293,5.86695738e-05,0.7299466221568629,0.40516875,0.0,0.0,0.4823529411764706,0.0,0.0,0.0,0.0,0.0,0.0,0.0,0.4889131149999999,0.0,0.0,0.0,0.0,0.0,0.0,0.0,0.0065601738235293,0.0,0.0,0.0,0.0,0.0,0.0,0.0,0.4823529411764706,0.0,0.0,0.0,0.0,0.0,0.0,0.0,0.143649565698517,0.0,0.0,0.0,0.0,0.0,4.318,4.261,3.677,4.23,3.977,4.329,3.995,4.294,4.318,4.261,3.865,4.23,3.977,4.329,3.995,4.294,3.108474e-07,6.519765e-07,4.986727e-05,5.442177e-06,2.987596e-07,5.651946e-07,8.035e-07,7.298487e-07,57.88235294117647,58.6695738,0.7872208588235239,0.7872208588235239,0.7872208588235239
741,741,True,3,0.0170826846568627,0.0002918181150858,0.0170826846568627,5.99322751e-05,0.7168705479901958,0.40516875,0.0,0.4823529411764706,0.0,0.0,0.0,0.0,0.0,0.0,0.0,0.4994356258333333,0.0,0.0,0.0,0.0,0.0,0.0,0.0,0.0170826846568627,0.0,0.0,0.0,0.0,0.0,0.0,0.0,0.4823529411764706,0.0,0.0,0.0,0.0,0.0,0.0,0.0,0.1033474515618506,0.0,0.0,0.0,0.0,0.0,0.0,4.318,3.787,4.164,4.23,3.977,4.329,3.995,4.294,4.318,3.97,4.164,4.23,3.977,4.329,3.995,4.294,3.233341e-06,5.241203e-05,1.867492e-06,1.412648e-07,1.228186e-07,6.232283e-07,7.223475e-07,8.097529e-07,57.88235294117647,59.9322751,2.0499221588235272,2.0499221588235272,2.0499221588235272
742,742,True,3,0.007641699607843,5.839557289650871e-05,0.007641699607843,6.02111216e-05,0.7384534462745098,0.40516875,0.0,0.0,0.4941176470588236,0.0,0.0,0.0,0.0,0.0,0.0,0.0,0.5017593466666667,0.0,0.0,0.0,0.0,0.0,0.0,0.0,0.007641699607843,0.0,0.0,0.0,0.0,0.0,0.0,0.0,0.4941176470588236,0.0,0.0,0.0,0.0,0.0,0.0,0.0,0.1493021705444364,0.0,0.0,0.0,0.0,0.0,4.318,4.261,3.672,4.23,3.977,4.329,3.995,4.294,4.318,4.261,3.861,4.23,3.977,4.329,3.995,4.294,3.119451e-07,6.508218e-07,5.131708e-05,5.528922e-06,3.025558e-07,5.648089e-07,8.023837e-07,7.326043e-07,59.29411764705883,60.211121600000006,0.9170039529411724,0.9170039529411724,0.9170039529411724
743,743,True,4,0.0019601162745097,3.842055809598021e-06,0.0019601162745097,5.952933160000001e-05,0.7228797237745097,0.4254271875,0.0,0.4941176470588236,0.0,0.0,0.0,0.0,0.0,0.0,0.0,0.4960777633333333,0.0,0.0,0.0,0.0,0.0,0.0,0.0,0.0019601162745097,0.0,0.0,0.0,0.0,0.0,0.0,0.0,0.4941176470588236,0.0,0.0,0.0,0.0,0.0,0.0,0.0,0.1023755349197637,0.0,0.0,0.0,0.0,0.0,0.0,4.318,3.782,4.164,4.23,3.977,4.329,3.995,4.294,4.318,3.971,4.164,4.23,3.977,4.329,3.995,4.294,3.206863e-06,5.203716e-05,1.865629e-06,1.410837e-07,1.234468e-07,6.222495e-07,7.225705e-07,8.103291e-07,59.29411764705883,59.529331600000006,0.2352139529411729,0.2352139529411729,0.2352139529411729
744,744,True,4,0.0139070344117645,0.00019340560613,0.0139070344117645,0.0001066100206,0.5395593935784312,0.4254271875,0.0,0.0,0.0,0.0,0.8745098039215687,0.0,0.0,0.0,0.0,0.0,0.0,0.0,0.8884168383333333,0.0,0.0,0.0,0.0,0.0,0.0,0.0,0.0139070344117645,0.0,0.0,0.0,0.0,0.0,0.0,0.0,0.8745098039215687,0.0,0.0,0.0,0.0,0.0,0.0,0.0,0.5521143562707237,0.0,0.0,0.0,4.318,4.261,4.164,4.23,3.387,4.329,3.995,4.294,4.318,4.261,4.164,4.23,3.535,4.329,3.995,4.294,3.298293e-07,6.840654e-07,1.565322e-06,1.505656e-06,9.993577e-05,9.657913e-07,9.014479e-07,7.221387e-07,104.94117647058825,106.6100206,1.6688441294117524,1.6688441294117524,1.6688441294117524
745,745,True,3,0.0097467144117645,9.49984418244989e-05,0.0097467144117645,0.0001061107821999,1.2049894477450982,0.40516875,0.0,0.0,0.0,0.8745098039215687,0.0,0.0,0.0,0.0,0.0,0.0,0.0,0.8842565183333333,0.0,0.0,0.0,0.0,0.0,0.0,0.0,0.0097467144117645,0.0,0.0,0.0,0.0,0.0,0.0,0.0,0.8745098039215687,0.0,0.0,0.0,0.0,0.0,0.0,0.0,0.3526367577130088,0.0,0.0,0.0,0.0,4.318,4.261,4.164,3.529,3.977,4.329,3.995,4.294,4.318,4.261,4.164,3.824,3.977,4.329,3.995,4.294,2.337853e-07,9.252679e-07,1.599946e-06,9.95954e-05,1.584078e-06,5.867739e-07,7.343724e-07,8.511587e-07,104.94117647058825,106.1107822,1.1696057294117423,1.1696057294117423,1.1696057294117423
746,746,True,3,0.009173698137255,8.415673751347675e-05,0.009173698137255,5.47479026e-05,0.6925357464705884,0.40516875,0.0,0.0,0.4470588235294117,0.0,0.0,0.0,0.0,0.0,0.0,0.0,0.4562325216666667,0.0,0.0,0.0,0.0,0.0,0.0,0.0,0.009173698137255,0.0,0.0,0.0,0.0,0.0,0.0,0.0,0.4470588235294117,0.0,0.0,0.0,0.0,0.0,0.0,0.0,0.1282462008480513,0.0,0.0,0.0,0.0,0.0,4.318,4.261,3.694,4.23,3.977,4.329,3.995,4.294,4.318,4.261,3.875,4.23,3.977,4.329,3.995,4.294,3.106305e-07,6.548948e-07,4.623732e-05,5.15905e-06,2.892051e-07,5.636853e-07,8.020133e-07,7.311036e-07,53.6470588235294,54.7479026,1.1008437764706045,1.1008437764706045,1.1008437764706045
747,747,True,3,0.0161910414705882,0.0002621498239023,0.0161910414705882,5.55899838e-05,0.6925850889705885,0.40516875,0.0,0.4470588235294117,0.0,0.0,0.0,0.0,0.0,0.0,0.0,0.4632498649999999,0.0,0.0,0.0,0.0,0.0,0.0,0.0,0.0161910414705882,0.0,0.0,0.0,0.0,0.0,0.0,0.0,0.4470588235294117,0.0,0.0,0.0,0.0,0.0,0.0,0.0,0.0849774171014887,0.0,0.0,0.0,0.0,0.0,0.0,4.318,3.801,4.164,4.23,3.977,4.329,3.995,4.294,4.318,3.981,4.164,4.23,3.977,4.329,3.995,4.294,3.026597e-06,4.830915e-05,1.840418e-06,1.403891e-07,1.236088e-07,6.202089e-07,7.239466e-07,8.056654e-07,53.6470588235294,55.58998379999999,1.942924976470593,1.942924976470593,1.942924976470593
748,748,True,3,0.0123675339215686,0.0001529558953011,0.0123675339215686,3.25429276e-05,0.1779516605882353,0.40516875,0.0,0.0,0.0,0.0,0.2588235294117646,0.0,0.0,0.0,0.0,0.0,0.0,0.0,0.2711910633333333,0.0,0.0,0.0,0.0,0.0,0.0,0.0,0.0123675339215686,0.0,0.0,0.0,0.0,0.0,0.0,0.0,0.2588235294117646,0.0,0.0,0.0,0.0,0.0,0.0,0.0,0.1533579556127204,0.0,0.0,0.0,4.318,4.261,4.164,4.23,3.683,4.329,3.995,4.294,4.318,4.261,4.164,4.23,3.753,4.329,3.995,4.294,2.849012e-07,6.82188e-07,1.452267e-06,5.122139e-07,2.726629e-05,8.169871e-07,8.03798e-07,7.242824e-07,31.058823529411757,32.5429276,1.484104070588245,1.484104070588245,1.484104070588245
749,749,True,2,0.0066490464215687,4.420981831617575e-05,0.0066490464215687,3.18567091e-05,0.4124360055882355,0.385875,0.0,0.0,0.0,0.2588235294117646,0.0,0.0,0.0,0.0,0.0,0.0,0.0,0.2654725758333333,0.0,0.0,0.0,0.0,0.0,0.0,0.0,0.0066490464215687,0.0,0.0,0.0,0.0,0.0,0.0,0.0,0.2588235294117646,0.0,0.0,0.0,0.0,0.0,0.0,0.0,0.0826328164772056,0.0,0.0,0.0,0.0,4.318,4.261,4.164,3.882,3.977,4.329,3.995,4.294,4.318,4.261,4.164,4.02,3.977,4.329,3.995,4.294,2.390983e-07,8.031948e-07,2.854492e-07,2.778366e-05,6.582555e-07,5.599457e-07,7.337866e-07,7.93319e-07,31.058823529411757,31.8567091,0.7978855705882459,0.7978855705882459,0.7978855705882459
750,750,True,3,0.0041897723039215,1.7554191958708435e-05,0.0041897723039215,7.01498315e-05,0.8220218848039212,0.40516875,0.0,0.0,0.5803921568627451,0.0,0.0,0.0,0.0,0.0,0.0,0.0,0.5845819291666667,0.0,0.0,0.0,0.0,0.0,0.0,0.0,0.0041897723039215,0.0,0.0,0.0,0.0,0.0,0.0,0.0,0.5803921568627451,0.0,0.0,0.0,0.0,0.0,0.0,0.0,0.1886225541428433,0.0,0.0,0.0,0.0,0.0,4.318,4.261,3.632,4.23,3.977,4.329,3.995,4.294,4.318,4.261,3.836,4.23,3.977,4.329,3.995,4.294,3.171367e-07,6.561766e-07,6.047621e-05,6.268166e-06,3.278578e-07,5.626071e-07,8.116571e-07,7.300202e-07,69.64705882352942,70.1498315,0.5027726764705847,0.5027726764705847,0.5027726764705847
751,751,True,3,0.0179698069117646,0.0003229139604461,0.0179698069117646,4.30975533e-05,0.2174704260784312,0.40516875,0.0,0.0,0.0,0.0,0.3411764705882353,0.0,0.0,0.0,0.0,0.0,0.0,0.0,0.3591462775,0.0,0.0,0.0,0.0,0.0,0.0,0.0,0.0179698069117646,0.0,0.0,0.0,0.0,0.0,0.0,0.0,0.3411764705882353,0.0,0.0,0.0,0.0,0.0,0.0,0.0,0.2068657457708212,0.0,0.0,0.0,4.318,4.261,4.164,4.23,3.639,4.329,3.995,4.294,4.318,4.261,4.164,4.23,3.714,4.329,3.995,4.294,2.912541e-07,6.843884e-07,1.4727e-06,6.566547e-07,3.75951e-05,8.51734e-07,8.195642e-07,7.261579e-07,40.94117647058824,43.0975533,2.1563768294117622,2.1563768294117622,2.1563768294117622
752,752,True,4,0.0058875823039215,3.466362538544961e-05,0.0058875823039215,7.03535687e-05,0.7764167564705878,0.4254271875,0.0,0.5803921568627451,0.0,0.0,0.0,0.0,0.0,0.0,0.0,0.5862797391666666,0.0,0.0,0.0,0.0,0.0,0.0,0.0,0.0058875823039215,0.0,0.0,0.0,0.0,0.0,0.0,0.0,0.5803921568627451,0.0,0.0,0.0,0.0,0.0,0.0,0.0,0.1478213857208456,0.0,0.0,0.0,0.0,0.0,0.0,4.318,3.748,4.164,4.23,3.977,4.329,3.995,4.294,4.318,3.944,4.164,4.23,3.977,4.329,3.995,4.294,3.783186e-06,6.220777e-05,1.934145e-06,1.413126e-07,1.228416e-07,6.294405e-07,7.212223e-07,8.136507e-07,69.64705882352942,70.3535687,0.7065098764705766,0.7065098764705766,0.7065098764705766
753,753,True,3,0.0040225719117646,1.6181084785318265e-05,0.0040225719117646,4.14238851e-05,0.5153768910784313,0.40516875,0.0,0.0,0.0,0.3411764705882353,0.0,0.0,0.0,0.0,0.0,0.0,0.0,0.3451990425,0.0,0.0,0.0,0.0,0.0,0.0,0.0,0.0040225719117646,0.0,0.0,0.0,0.0,0.0,0.0,0.0,0.3411764705882353,0.0,0.0,0.0,0.0,0.0,0.0,0.0,0.1147203272876961,0.0,0.0,0.0,0.0,4.318,4.261,4.164,3.831,3.977,4.329,3.995,4.294,4.318,4.261,4.164,3.988,3.977,4.329,3.995,4.294,2.373143e-07,8.195266e-07,3.624399e-07,3.712146e-05,7.884815e-07,5.594903e-07,7.326832e-07,8.024893e-07,40.94117647058824,41.4238851,0.4827086294117606,0.4827086294117606,0.4827086294117606
754,754,True,3,0.0166437920098039,0.0002770158124656,0.0166437920098039,0.0001041149020999,1.067197554509804,0.40516875,0.0,0.0,0.8509803921568627,0.0,0.0,0.0,0.0,0.0,0.0,0.0,0.8676241841666666,0.0,0.0,0.0,0.0,0.0,0.0,0.0,0.0166437920098039,0.0,0.0,0.0,0.0,0.0,0.0,0.0,0.8509803921568627,0.0,0.0,0.0,0.0,0.0,0.0,0.0,0.3185719656839826,0.0,0.0,0.0,0.0,0.0,4.318,4.261,3.509,4.23,3.977,4.329,3.995,4.294,4.318,4.261,3.76,4.23,3.977,4.329,3.995,4.294,3.295445e-07,6.547747e-07,9.213085e-05,8.473615e-06,4.08867e-07,5.582868e-07,8.312098e-07,7.277543e-07,102.11764705882352,104.1149021,1.997255041176473,1.997255041176473,1.997255041176473
755,755,True,4,0.0088815234313726,7.888145846202065e-05,0.0088815234313726,6.22422534e-05,0.3101799709313724,0.4254271875,0.0,0.0,0.0,0.0,0.5098039215686274,0.0,0.0,0.0,0.0,0.0,0.0,0.0,0.518685445,0.0,0.0,0.0,0.0,0.0,0.0,0.0,0.0088815234313726,0.0,0.0,0.0,0.0,0.0,0.0,0.0,0.5098039215686274,0.0,0.0,0.0,0.0,0.0,0.0,0.0,0.3155050965850486,0.0,0.0,0.0,4.318,4.261,4.164,4.23,3.555,4.329,3.995,4.294,4.318,4.261,4.164,4.23,3.653,4.329,3.995,4.294,3.04774e-07,6.835294e-07,1.503213e-06,9.102002e-07,5.637021e-05,8.976303e-07,8.483745e-07,7.24322e-07,61.17647058823529,62.2422534,1.0657828117647128,1.0657828117647128,1.0657828117647128
756,756,True,4,0.0127660653431374,0.0001629724243452,0.0127660653431374,0.0001036495749,0.9495117711764708,0.4254271875,0.0,0.8509803921568627,0.0,0.0,0.0,0.0,0.0,0.0,0.0,0.8637464575000001,0.0,0.0,0.0,0.0,0.0,0.0,0.0,0.0127660653431374,0.0,0.0,0.0,0.0,0.0,0.0,0.0,0.8509803921568627,0.0,0.0,0.0,0.0,0.0,0.0,0.0,0.2951671720374335,0.0,0.0,0.0,0.0,0.0,0.0,4.318,3.642,4.164,4.23,3.977,4.329,3.995,4.294,4.318,3.869,4.164,4.23,3.977,4.329,3.995,4.294,5.449264e-06,9.360832e-05,2.13592e-06,1.386951e-07,1.211399e-07,6.429383e-07,7.218837e-07,8.314139e-07,102.11764705882352,103.6495749,1.5319278411764827,1.5319278411764827,1.5319278411764827
757,757,True,3,0.0136489453921567,0.000186293710318,0.0136489453921567,0.0001183437557999,1.1763132828921572,0.40516875,0.0,0.0,0.9725490196078432,0.0,0.0,0.0,0.0,0.0,0.0,0.0,0.986197965,0.0,0.0,0.0,0.0,0.0,0.0,0.0,0.0136489453921567,0.0,0.0,0.0,0.0,0.0,0.0,0.0,0.9725490196078432,0.0,0.0,0.0,0.0,0.0,0.0,0.0,0.3765202846829599,0.0,0.0,0.0,0.0,0.0,4.318,4.261,3.451,4.23,3.977,4.329,3.995,4.294,4.318,4.261,3.73,4.23,3.977,4.329,3.995,4.294,3.338625e-07,6.55381e-07,0.0001053893,9.395802e-06,4.45095e-07,5.573895e-07,8.404938e-07,7.26432e-07,116.7058823529412,118.3437558,1.6378734470588086,1.6378734470588086,1.6378734470588086
758,758,True,7,0.0183533384313725,0.0003368450315764,0.0183533384313725,6.33788712e-05,0.7290839009313725,0.234516737109375,0.0,0.0,0.0,0.5098039215686274,0.0,0.0,0.0,0.0,0.0,0.0,0.0,0.52815726,0.0,0.0,0.0,0.0,0.0,0.0,0.0,0.0183533384313725,0.0,0.0,0.0,0.0,0.0,0.0,0.0,0.5098039215686274,0.0,0.0,0.0,0.0,0.0,0.0,0.0,0.1966632303563036,0.0,0.0,0.0,0.0,4.318,4.261,4.164,3.734,3.977,4.329,3.995,4.294,4.318,4.261,4.164,3.925,3.977,4.329,3.995,4.294,2.368851e-07,8.548971e-07,6.785196e-07,5.842769e-05,1.067194e-06,5.643867e-07,7.315898e-07,8.177089e-07,61.17647058823529,63.3788712,2.202400611764709,2.202400611764709,2.202400611764709
759,759,True,5,0.0060488581372548,3.658868476463439e-05,0.0060488581372548,9.76270782e-05,0.4990052235294123,0.446698546875,0.0,0.0,0.0,0.0,0.8196078431372548,0.0,0.0,0.0,0.0,0.0,0.0,0.0,0.8135589849999999,0.0,0.0,0.0,0.0,0.0,0.0,0.0,-0.0060488581372548,0.0,0.0,0.0,0.0,0.0,0.0,0.0,0.8196078431372548,0.0,0.0,0.0,0.0,0.0,0.0,0.0,0.5063404301896283,0.0,0.0,0.0,4.318,4.261,4.164,4.23,3.412,4.329,3.995,4.294,4.318,4.261,4.164,4.23,3.557,4.329,3.995,4.294,3.249577e-07,6.814408e-07,1.555358e-06,1.386617e-06,9.110506e-05,9.604747e-07,8.917705e-07,7.213995e-07,98.35294117647057,97.6270782,-0.7258629764705802,0.7258629764705802,0.7258629764705802
760,760,True,4,0.0146342228921567,0.0002141604796573,0.0146342228921567,0.0001184619891,1.0165440995588235,0.4254271875,0.0,0.9725490196078432,0.0,0.0,0.0,0.0,0.0,0.0,0.0,0.9871832425,0.0,0.0,0.0,0.0,0.0,0.0,0.0,0.0146342228921567,0.0,0.0,0.0,0.0,0.0,0.0,0.0,0.9725490196078432,0.0,0.0,0.0,0.0,0.0,0.0,0.0,0.3632203132088304,0.0,0.0,0.0,0.0,0.0,0.0,4.318,3.594,4.164,4.23,3.977,4.329,3.995,4.294,4.318,3.838,4.164,4.23,3.977,4.329,3.995,4.294,6.21062e-06,0.0001075733,2.212973e-06,1.39434e-07,1.212497e-07,6.473707e-07,7.189236e-07,8.381181e-07,116.7058823529412,118.4619891,1.7561067470588083,1.7561067470588083,1.7561067470588083
761,761,True,3,0.007401163529412,5.477722158909833e-05,0.007401163529412,9.92410808e-05,1.1309520385294125,0.40516875,0.0,0.0,0.0,0.8196078431372548,0.0,0.0,0.0,0.0,0.0,0.0,0.0,0.8270090066666668,0.0,0.0,0.0,0.0,0.0,0.0,0.0,0.007401163529412,0.0,0.0,0.0,0.0,0.0,0.0,0.0,0.8196078431372548,0.0,0.0,0.0,0.0,0.0,0.0,0.0,0.3283582395039273,0.0,0.0,0.0,0.0,4.318,4.261,4.164,3.561,3.977,4.329,3.995,4.294,4.318,4.261,4.164,3.839,3.977,4.329,3.995,4.294,2.36298e-07,9.073775e-07,1.428474e-06,9.301362e-05,1.49453e-06,5.821288e-07,7.335176e-07,8.451349e-07,98.35294117647057,99.2410808,0.8881396235294403,0.8881396235294403,0.8881396235294403
762,762,True,3,0.0072947864215687,5.321390893630421e-05,0.0072947864215687,7.19341979e-05,0.8338968664215687,0.40516875,0.0,0.0,0.5921568627450979,0.0,0.0,0.0,0.0,0.0,0.0,0.0,0.5994516491666667,0.0,0.0,0.0,0.0,0.0,0.0,0.0,0.0072947864215687,0.0,0.0,0.0,0.0,0.0,0.0,0.0,0.5921568627450979,0.0,0.0,0.0,0.0,0.0,0.0,0.0,0.194012359506887,0.0,0.0,0.0,0.0,0.0,4.318,4.261,3.626,4.23,3.977,4.329,3.995,4.294,4.318,4.261,3.832,4.23,3.977,4.329,3.995,4.294,3.15842e-07,6.484535e-07,6.221115e-05,6.324036e-06,3.315668e-07,5.626337e-07,8.122178e-07,7.282981e-07,71.05882352941175,71.9341979,0.8753743705882471,0.8753743705882471,0.8753743705882471
763,763,True,4,0.0038874880882353,1.5112563636171798e-05,0.0038874880882353,7.15253221e-05,0.7793036189215687,0.4254271875,0.0,0.5921568627450979,0.0,0.0,0.0,0.0,0.0,0.0,0.0,0.5960443508333333,0.0,0.0,0.0,0.0,0.0,0.0,0.0,0.0038874880882353,0.0,0.0,0.0,0.0,0.0,0.0,0.0,0.5921568627450979,0.0,0.0,0.0,0.0,0.0,0.0,0.0,0.15406348381824,0.0,0.0,0.0,0.0,0.0,0.0,4.318,3.744,4.164,4.23,3.977,4.329,3.995,4.294,4.318,3.941,4.164,4.23,3.977,4.329,3.995,4.294,3.836561e-06,6.332132e-05,1.937897e-06,1.416553e-07,1.229455e-07,6.287693e-07,7.208338e-07,8.153402e-07,71.05882352941175,71.5253221,0.4664985705882429,0.4664985705882429,0.4664985705882429
764,764,True,3,0.0196246295588234,0.000385126085321,0.0196246295588234,4.09391621e-05,0.5926817529411765,0.40516875,0.0,0.0,0.3607843137254901,0.0,0.0,0.0,0.0,0.0,0.0,0.0,0.3411596841666666,0.0,0.0,0.0,0.0,0.0,0.0,0.0,-0.0196246295588234,0.0,0.0,0.0,0.0,0.0,0.0,0.0,0.3607843137254901,0.0,0.0,0.0,0.0,0.0,0.0,0.0,0.0853401093699569,0.0,0.0,0.0,0.0,0.0,4.318,4.261,3.738,4.23,3.977,4.329,3.995,4.294,4.318,4.261,3.914,4.23,3.977,4.329,3.995,4.294,3.015038e-07,6.523436e-07,3.352093e-05,4.124381e-06,2.529133e-07,5.643304e-07,7.911262e-07,7.316338e-07,43.29411764705881,40.9391621,-2.3549555470588146,2.3549555470588146,2.3549555470588146
765,765,True,7,0.0048400720588234,2.342629753460317e-05,0.0048400720588234,4.2713309e-05,0.6162831346078435,0.11167463671875,0.0,0.3607843137254901,0.0,0.0,0.0,0.0,0.0,0.0,0.0,0.3559442416666666,0.0,0.0,0.0,0.0,0.0,0.0,0.0,-0.0048400720588234,0.0,0.0,0.0,0.0,0.0,0.0,0.0,0.3607843137254901,0.0,0.0,0.0,0.0,0.0,0.0,0.0,0.0480225774579128,0.0,0.0,0.0,0.0,0.0,0.0,4.318,3.84,4.164,4.23,3.977,4.329,3.995,4.294,4.318,4.017,4.164,4.23,3.977,4.329,3.995,4.294,2.346095e-06,3.622209e-05,1.748245e-06,1.402844e-07,1.237009e-07,6.144177e-07,7.226734e-07,7.958026e-07,43.29411764705881,42.713309,-0.5808086470588094,0.5808086470588094,0.5808086470588094
766,766,True,3,0.0139228290196077,0.0001938451679092,0.0139228290196077,9.39060336e-05,0.9950398598529407,0.40516875,0.0,0.0,0.7686274509803923,0.0,0.0,0.0,0.0,0.0,0.0,0.0,0.78255028,0.0,0.0,0.0,0.0,0.0,0.0,0.0,0.0139228290196077,0.0,0.0,0.0,0.0,0.0,0.0,0.0,0.7686274509803923,0.0,0.0,0.0,0.0,0.0,0.0,0.0,0.2776161209014036,0.0,0.0,0.0,0.0,0.0,4.318,4.261,3.546,4.23,3.977,4.329,3.995,4.294,4.318,4.261,3.782,4.23,3.977,4.329,3.995,4.294,3.255388e-07,6.535551e-07,8.258635e-05,7.83856e-06,3.858357e-07,5.61497e-07,8.25187e-07,7.2951e-07,92.23529411764709,93.9060336,1.6707394823529285,1.6707394823529285,1.6707394823529285
767,767,True,4,0.0117700143137257,0.0001385332369453,0.0117700143137257,6.91771076e-05,0.3423632484803923,0.4254271875,0.0,0.0,0.0,0.0,0.564705882352941,0.0,0.0,0.0,0.0,0.0,0.0,0.0,0.5764758966666667,0.0,0.0,0.0,0.0,0.0,0.0,0.0,0.0117700143137257,0.0,0.0,0.0,0.0,0.0,0.0,0.0,0.564705882352941,0.0,0.0,0.0,0.0,0.0,0.0,0.0,0.3525684377473199,0.0,0.0,0.0,4.318,4.261,4.164,4.23,3.529,4.329,3.995,4.294,4.318,4.261,4.164,4.23,3.633,4.329,3.995,4.294,3.0735e-07,6.835978e-07,1.508485e-06,1.008572e-06,6.316693e-05,9.246272e-07,8.543521e-07,7.231935e-07,67.76470588235291,69.1771076,1.4124017176470858,1.4124017176470858,1.4124017176470858
768,768,True,4,0.0126251106862743,0.0001593934198406,0.0126251106862743,9.37503074e-05,0.8981345781862744,0.4254271875,0.0,0.7686274509803923,0.0,0.0,0.0,0.0,0.0,0.0,0.0,0.7812525616666667,0.0,0.0,0.0,0.0,0.0,0.0,0.0,0.0126251106862743,0.0,0.0,0.0,0.0,0.0,0.0,0.0,0.7686274509803923,0.0,0.0,0.0,0.0,0.0,0.0,0.0,0.247923462986258,0.0,0.0,0.0,0.0,0.0,0.0,4.318,3.674,4.164,4.23,3.977,4.329,3.995,4.294,4.318,3.89,4.164,4.23,3.977,4.329,3.995,4.294,4.967473e-06,8.425753e-05,2.079872e-06,1.386372e-07,1.202209e-07,6.391337e-07,7.232762e-07,8.241644e-07,92.23529411764709,93.7503074,1.5150132823529248,1.5150132823529248,1.5150132823529248
769,769,True,3,0.0026331418137258,6.933435811191564e-06,0.0026331418137258,6.808068290000002e-05,0.8016655484803923,0.40516875,0.0,0.0,0.0,0.564705882352941,0.0,0.0,0.0,0.0,0.0,0.0,0.0,0.5673390241666668,0.0,0.0,0.0,0.0,0.0,0.0,0.0,0.0026331418137258,0.0,0.0,0.0,0.0,0.0,0.0,0.0,0.564705882352941,0.0,0.0,0.0,0.0,0.0,0.0,0.0,0.212004892909013,0.0,0.0,0.0,0.0,4.318,4.261,4.164,3.703,3.977,4.329,3.995,4.294,4.318,4.261,4.164,3.913,3.977,4.329,3.995,4.294,2.385998e-07,8.648018e-07,7.605232e-07,6.297429e-05,1.124465e-06,5.652005e-07,7.337639e-07,8.190387e-07,67.76470588235291,68.08068290000001,0.3159770176470999,0.3159770176470999,0.3159770176470999
770,770,True,4,0.0191306249509804,0.000365980811015,0.0191306249509804,1.22925603e-05,0.3207581392156863,0.4254271875,0.0,0.0,0.1215686274509804,0.0,0.0,0.0,0.0,0.0,0.0,0.0,0.1024380025,0.0,0.0,0.0,0.0,0.0,0.0,0.0,-0.0191306249509804,0.0,0.0,0.0,0.0,0.0,0.0,0.0,0.1215686274509804,0.0,0.0,0.0,0.0,0.0,0.0,0.0,0.0462227471041988,0.0,0.0,0.0,0.0,0.0,4.318,4.261,3.879,4.23,3.977,4.329,3.995,4.294,4.318,4.261,4.028,4.23,3.977,4.329,3.995,4.294,2.763484e-07,6.604677e-07,7.44708e-06,1.67232e-06,1.736034e-07,5.670391e-07,7.637107e-07,7.31991e-07,14.588235294117649,12.2925603,-2.2956749941176486,2.2956749941176486,2.2956749941176486
771,771,True,4,0.017801174117647,0.0003168817999667,0.017801174117647,1.24520944e-05,0.4094843617156861,0.202584375,0.0,0.1215686274509804,0.0,0.0,0.0,0.0,0.0,0.0,0.0,0.1037674533333333,0.0,0.0,0.0,0.0,0.0,0.0,0.0,-0.017801174117647,0.0,0.0,0.0,0.0,0.0,0.0,0.0,0.1215686274509804,0.0,0.0,0.0,0.0,0.0,0.0,0.0,0.0249041437037775,0.0,0.0,0.0,0.0,0.0,0.0,4.318,3.96,4.164,4.23,3.977,4.329,3.995,4.294,4.318,4.134,4.164,4.23,3.977,4.329,3.995,4.294,7.41365e-07,7.878032e-06,1.481977e-06,1.384295e-07,1.268346e-07,5.909272e-07,7.268251e-07,7.67704e-07,14.588235294117649,12.4520944,-2.1361408941176485,2.1361408941176485,2.1361408941176485
772,772,True,1,0.0045481770588235,2.0685914558408652e-05,0.0045481770588235,5.2516636e-06,0.0364995495588235,0.3675,0.0,0.0,0.0392156862745098,0.0,0.0,0.0,0.0,0.0,0.0,0.0,0.0437638633333333,0.0,0.0,0.0,0.0,0.0,0.0,0.0,0.0045481770588235,0.0,0.0,0.0,0.0,0.0,0.0,0.0,0.0392156862745098,0.0,0.0,0.0,0.0,0.0,0.0,0.0,0.0264408439289215,0.0,0.0,0.0,0.0,0.0,4.318,4.261,4.049,4.23,3.977,4.329,3.995,4.294,4.318,4.261,4.086,4.23,3.977,4.329,3.995,4.294,2.59778e-07,6.676953e-07,1.314169e-06,8.087076e-07,1.465879e-07,5.685795e-07,7.501262e-07,7.360201e-07,4.705882352941177,5.2516636000000005,0.5457812470588239,0.5457812470588239,0.5457812470588239
773,773,True,1,0.0015381779411764,2.3659913787219107e-06,0.0015381779411764,4.521301e-06,0.2017843095588235,0.3675,0.0,0.0392156862745098,0.0,0.0,0.0,0.0,0.0,0.0,0.0,0.0376775083333333,0.0,0.0,0.0,0.0,0.0,0.0,0.0,-0.0015381779411764,0.0,0.0,0.0,0.0,0.0,0.0,0.0,0.0392156862745098,0.0,0.0,0.0,0.0,0.0,0.0,0.0,0.0,0.0,0.0,0.0,0.0,0.0,0.0,4.318,4.061,4.164,4.23,3.977,4.329,3.995,4.294,4.318,4.261,4.164,4.23,3.977,4.329,3.995,4.294,2.38592e-07,6.826533e-07,1.303061e-06,1.303681e-07,1.294627e-07,5.681291e-07,7.304149e-07,7.386199e-07,4.705882352941177,4.521300999999999,-0.1845813529411772,0.1845813529411772,0.1845813529411772
774,774,True,4,0.0100971689215686,0.0001019528202306,0.0100971689215686,6.42704838e-05,0.3173227989215685,0.4254271875,0.0,0.0,0.0,0.0,0.5254901960784313,0.0,0.0,0.0,0.0,0.0,0.0,0.0,0.5355873649999999,0.0,0.0,0.0,0.0,0.0,0.0,0.0,0.0100971689215686,0.0,0.0,0.0,0.0,0.0,0.0,0.0,0.5254901960784313,0.0,0.0,0.0,0.0,0.0,0.0,0.0,0.3261036315712921,0.0,0.0,0.0,4.318,4.261,4.164,4.23,3.548,4.329,3.995,4.294,4.318,4.261,4.164,4.23,3.647,4.329,3.995,4.294,3.020433e-07,6.904205e-07,1.499695e-06,9.452401e-07,5.834326e-05,9.16162e-07,8.509521e-07,7.227108e-07,63.05882352941176,64.2704838,1.21166027058824,1.21166027058824,1.21166027058824
775,775,True,3,0.0030669797549019,9.40636481697873e-06,0.0030669797549019,6.342686109999999e-05,0.7483662997549021,0.40516875,0.0,0.0,0.0,0.5254901960784313,0.0,0.0,0.0,0.0,0.0,0.0,0.0,0.5285571758333333,0.0,0.0,0.0,0.0,0.0,0.0,0.0,0.0030669797549019,0.0,0.0,0.0,0.0,0.0,0.0,0.0,0.5254901960784313,0.0,0.0,0.0,0.0,0.0,0.0,0.0,0.1964066086444912,0.0,0.0,0.0,0.0,4.318,4.261,4.164,3.725,3.977,4.329,3.995,4.294,4.318,4.261,4.164,3.925,3.977,4.329,3.995,4.294,2.385454e-07,8.57838e-07,6.725032e-07,5.846665e-05,1.07219e-06,5.663304e-07,7.34318e-07,8.184861e-07,63.05882352941176,63.42686109999999,0.3680375705882355,0.3680375705882355,0.3680375705882355
776,776,True,3,0.0055024977941176,3.0277481974269054e-05,0.0055024977941176,7.21897115e-05,0.8315942852941175,0.40516875,0.0,0.0,0.596078431372549,0.0,0.0,0.0,0.0,0.0,0.0,0.0,0.6015809291666666,0.0,0.0,0.0,0.0,0.0,0.0,0.0,0.0055024977941176,0.0,0.0,0.0,0.0,0.0,0.0,0.0,0.596078431372549,0.0,0.0,0.0,0.0,0.0,0.0,0.0,0.195712944460527,0.0,0.0,0.0,0.0,0.0,4.318,4.261,3.625,4.23,3.977,4.329,3.995,4.294,4.318,4.261,3.831,4.23,3.977,4.329,3.995,4.294,3.168634e-07,6.527967e-07,6.243471e-05,6.352623e-06,3.313739e-07,5.608962e-07,8.161169e-07,7.243314e-07,71.52941176470588,72.1897115,0.6602997352941173,0.6602997352941173,0.6602997352941173
777,777,True,9,0.0124102577941176,0.0001540144985164,0.0124102577941176,7.30186427e-05,0.782688978627451,0.258554702663086,0.0,0.596078431372549,0.0,0.0,0.0,0.0,0.0,0.0,0.0,0.6084886891666667,0.0,0.0,0.0,0.0,0.0,0.0,0.0,0.0124102577941176,0.0,0.0,0.0,0.0,0.0,0.0,0.0,0.596078431372549,0.0,0.0,0.0,0.0,0.0,0.0,0.0,0.1608859157435055,0.0,0.0,0.0,0.0,0.0,0.0,4.318,3.742,4.164,4.23,3.977,4.329,3.995,4.294,4.318,3.937,4.164,4.23,3.977,4.329,3.995,4.294,3.919694e-06,6.472595e-05,1.944472e-06,1.437629e-07,1.231556e-07,6.259088e-07,7.228663e-07,8.128331e-07,71.52941176470588,73.0186427,1.4892309352941169,1.4892309352941169,1.4892309352941169
778,778,True,4,0.0169768454411764,0.0002882132811335,0.0169768454411764,1.86686609e-05,0.3780733295588235,0.202584375,0.0,0.0,0.1725490196078431,0.0,0.0,0.0,0.0,0.0,0.0,0.0,0.1555721741666666,0.0,0.0,0.0,0.0,0.0,0.0,0.0,-0.0169768454411764,0.0,0.0,0.0,0.0,0.0,0.0,0.0,0.1725490196078431,0.0,0.0,0.0,0.0,0.0,0.0,0.0,0.0576350211934129,0.0,0.0,0.0,0.0,0.0,4.318,4.261,3.846,4.23,3.977,4.329,3.995,4.294,4.318,4.261,3.995,4.23,3.977,4.329,3.995,4.294,2.821523e-07,6.559314e-07,1.319255e-05,2.28008e-06,1.918765e-07,5.65325e-07,7.702322e-07,7.305135e-07,20.70588235294117,18.6686609,-2.037221452941175,2.037221452941175,2.037221452941175
779,779,True,6,0.0020287954411764,4.116010942138372e-06,0.0020287954411764,2.04624269e-05,0.4616943228921569,0.106356796875,0.0,0.1725490196078431,0.0,0.0,0.0,0.0,0.0,0.0,0.0,0.1705202241666666,0.0,0.0,0.0,0.0,0.0,0.0,0.0,-0.0020287954411764,0.0,0.0,0.0,0.0,0.0,0.0,0.0,0.1725490196078431,0.0,0.0,0.0,0.0,0.0,0.0,0.0,0.0328446385586646,0.0,0.0,0.0,0.0,0.0,0.0,4.318,3.93,4.164,4.23,3.977,4.329,3.995,4.294,4.318,4.094,4.164,4.23,3.977,4.329,3.995,4.294,1.176494e-06,1.536161e-05,1.560223e-06,1.403736e-07,1.253716e-07,5.972663e-07,7.267428e-07,7.743456e-07,20.70588235294117,20.4624269,-0.2434554529411734,0.2434554529411734,0.2434554529411734
780,780,True,3,0.015890594362745,0.0002525109892013,0.015890594362745,0.0001082598125,1.1014026926960785,0.40516875,0.0,0.0,0.8862745098039215,0.0,0.0,0.0,0.0,0.0,0.0,0.0,0.9021651041666666,0.0,0.0,0.0,0.0,0.0,0.0,0.0,0.015890594362745,0.0,0.0,0.0,0.0,0.0,0.0,0.0,0.8862745098039215,0.0,0.0,0.0,0.0,0.0,0.0,0.0,0.3366293137063236,0.0,0.0,0.0,0.0,0.0,4.318,4.261,3.492,4.23,3.977,4.329,3.995,4.294,4.318,4.261,3.751,4.23,3.977,4.329,3.995,4.294,3.322391e-07,6.612167e-07,9.592195e-05,8.810718e-06,4.201558e-07,5.555734e-07,8.349332e-07,7.230263e-07,106.35294117647058,108.2598125,1.9068713235294157,1.9068713235294157,1.9068713235294157
781,781,True,4,0.0093175910294118,8.681750259137666e-05,0.0093175910294118,0.0001074710521,0.9663237551960784,0.4254271875,0.0,0.8862745098039215,0.0,0.0,0.0,0.0,0.0,0.0,0.0,0.8955921008333334,0.0,0.0,0.0,0.0,0.0,0.0,0.0,0.0093175910294118,0.0,0.0,0.0,0.0,0.0,0.0,0.0,0.8862745098039215,0.0,0.0,0.0,0.0,0.0,0.0,0.0,0.3152301612202535,0.0,0.0,0.0,0.0,0.0,0.0,4.318,3.628,4.164,4.23,3.977,4.329,3.995,4.294,4.318,3.86,4.164,4.23,3.977,4.329,3.995,4.294,5.671278e-06,9.718871e-05,2.152939e-06,1.412966e-07,1.223775e-07,6.434619e-07,7.199114e-07,8.310777e-07,106.35294117647058,107.4710521,1.1181109235294286,1.1181109235294286,1.1181109235294286
782,782,True,4,0.0121672089705883,0.0001480409741339,0.0121672089705883,0.0001031071239,0.515867390637255,0.4254271875,0.0,0.0,0.0,0.0,0.8470588235294118,0.0,0.0,0.0,0.0,0.0,0.0,0.0,0.8592260325000001,0.0,0.0,0.0,0.0,0.0,0.0,0.0,0.0121672089705883,0.0,0.0,0.0,0.0,0.0,0.0,0.0,0.8470588235294118,0.0,0.0,0.0,0.0,0.0,0.0,0.0,0.5348299106769909,0.0,0.0,0.0,4.318,4.261,4.164,4.23,3.4,4.329,3.995,4.294,4.318,4.261,4.164,4.23,3.543,4.329,3.995,4.294,3.300371e-07,6.868042e-07,1.554852e-06,1.468784e-06,9.647919e-05,9.685107e-07,9.002911e-07,7.186548e-07,101.6470588235294,103.1071239,1.460065076470599,1.460065076470599,1.460065076470599
783,783,True,4,0.0104224677941175,0.0001086278349194,0.0104224677941175,3.27801079e-05,0.4873546144607842,0.202584375,0.0,0.0,0.2627450980392157,0.0,0.0,0.0,0.0,0.0,0.0,0.0,0.2731675658333333,0.0,0.0,0.0,0.0,0.0,0.0,0.0,0.0104224677941175,0.0,0.0,0.0,0.0,0.0,0.0,0.0,0.2627450980392157,0.0,0.0,0.0,0.0,0.0,0.0,0.0,0.0762719021444945,0.0,0.0,0.0,0.0,0.0,4.318,4.261,3.79,4.23,3.977,4.329,3.995,4.294,4.318,4.261,3.94,4.23,3.977,4.329,3.995,4.294,2.979059e-07,6.590712e-07,2.602569e-05,3.48834e-06,2.321997e-07,5.645419e-07,7.853636e-07,7.269956e-07,31.529411764705884,32.7801079,1.2506961352941133,1.2506961352941133,1.2506961352941133
784,784,True,3,0.0052971673039216,2.805998144573605e-05,0.0052971673039216,0.0001022827188999,1.1620246689705884,0.40516875,0.0,0.0,0.0,0.8470588235294118,0.0,0.0,0.0,0.0,0.0,0.0,0.0,0.8523559908333334,0.0,0.0,0.0,0.0,0.0,0.0,0.0,0.0052971673039216,0.0,0.0,0.0,0.0,0.0,0.0,0.0,0.8470588235294118,0.0,0.0,0.0,0.0,0.0,0.0,0.0,0.340794701917114,0.0,0.0,0.0,0.0,4.318,4.261,4.164,3.545,3.977,4.329,3.995,4.294,4.318,4.261,4.164,3.832,3.977,4.329,3.995,4.294,2.362536e-07,9.087738e-07,1.50386e-06,9.594913e-05,1.528171e-06,5.805688e-07,7.333901e-07,8.425716e-07,101.6470588235294,102.2827189,0.635660076470586,0.635660076470586,0.635660076470586
785,785,True,5,0.004257541127451,1.812665645193695e-05,0.004257541127451,3.2040316700000004e-05,0.5445146119607844,0.1012921875,0.0,0.2627450980392157,0.0,0.0,0.0,0.0,0.0,0.0,0.0,0.2670026391666667,0.0,0.0,0.0,0.0,0.0,0.0,0.0,0.004257541127451,0.0,0.0,0.0,0.0,0.0,0.0,0.0,0.2627450980392157,0.0,0.0,0.0,0.0,0.0,0.0,0.0,0.0414704555535707,0.0,0.0,0.0,0.0,0.0,0.0,4.318,3.883,4.164,4.23,3.977,4.329,3.995,4.294,4.318,4.05,4.164,4.23,3.977,4.329,3.995,4.294,1.792676e-06,2.622034e-05,1.652894e-06,1.400174e-07,1.243166e-07,6.045112e-07,7.229027e-07,7.826588e-07,31.529411764705884,32.040316700000005,0.5109049352941213,0.5109049352941213,0.5109049352941213
786,786,True,3,0.0051252256862747,2.626793833525012e-05,0.0051252256862747,7.68503212e-05,0.8724455256862746,0.40516875,0.0,0.0,0.6352941176470586,0.0,0.0,0.0,0.0,0.0,0.0,0.0,0.6404193433333333,0.0,0.0,0.0,0.0,0.0,0.0,0.0,0.0051252256862747,0.0,0.0,0.0,0.0,0.0,0.0,0.0,0.6352941176470586,0.0,0.0,0.0,0.0,0.0,0.0,0.0,0.2122745685682776,0.0,0.0,0.0,0.0,0.0,4.318,4.261,3.606,4.23,3.977,4.329,3.995,4.294,4.318,4.261,3.82,4.23,3.977,4.329,3.995,4.294,3.192015e-07,6.499003e-07,6.674982e-05,6.694581e-06,3.421912e-07,5.605713e-07,8.094449e-07,7.24611e-07,76.23529411764703,76.8503212,0.6150270823529667,0.6150270823529667,0.6150270823529667
787,787,True,4,0.0012475815196081,1.5564596480677355e-06,0.0012475815196081,7.63850039e-05,0.8063806581862749,0.4254271875,0.0,0.6352941176470586,0.0,0.0,0.0,0.0,0.0,0.0,0.0,0.6365416991666667,0.0,0.0,0.0,0.0,0.0,0.0,0.0,0.0012475815196081,0.0,0.0,0.0,0.0,0.0,0.0,0.0,0.6352941176470586,0.0,0.0,0.0,0.0,0.0,0.0,0.0,0.1753817128799704,0.0,0.0,0.0,0.0,0.0,0.0,4.318,3.727,4.164,4.23,3.977,4.329,3.995,4.294,4.318,3.929,4.164,4.23,3.977,4.329,3.995,4.294,4.097176e-06,6.791511e-05,1.963796e-06,1.389467e-07,1.20505e-07,6.259318e-07,7.180428e-07,8.054956e-07,76.23529411764703,76.3850039,0.1497097823529714,0.1497097823529714,0.1497097823529714
788,788,True,3,0.0155999135784312,0.0002433573036545,0.0155999135784312,0.0001068131661,1.0843117277450984,0.40516875,0.0,0.0,0.8745098039215687,0.0,0.0,0.0,0.0,0.0,0.0,0.0,0.8901097175,0.0,0.0,0.0,0.0,0.0,0.0,0.0,0.0155999135784312,0.0,0.0,0.0,0.0,0.0,0.0,0.0,0.8745098039215687,0.0,0.0,0.0,0.0,0.0,0.0,0.0,0.3304496999311336,0.0,0.0,0.0,0.0,0.0,4.318,4.261,3.498,4.23,3.977,4.329,3.995,4.294,4.318,4.261,3.754,4.23,3.977,4.329,3.995,4.294,3.262776e-07,6.522216e-07,9.468094e-05,8.649768e-06,4.109226e-07,5.517233e-07,8.279426e-07,7.133704e-07,104.94117647058825,106.8131661,1.8719896294117573,1.8719896294117573,1.8719896294117573
789,789,True,4,0.0140417927450978,0.0001971719434962,0.0140417927450978,0.0001066261915999,0.9583762969117648,0.4254271875,0.0,0.8745098039215687,0.0,0.0,0.0,0.0,0.0,0.0,0.0,0.8885515966666666,0.0,0.0,0.0,0.0,0.0,0.0,0.0,0.0140417927450978,0.0,0.0,0.0,0.0,0.0,0.0,0.0,0.8745098039215687,0.0,0.0,0.0,0.0,0.0,0.0,0.0,0.3102275346971821,0.0,0.0,0.0,0.0,0.0,0.0,4.318,3.632,4.164,4.23,3.977,4.329,3.995,4.294,4.318,3.862,4.164,4.23,3.977,4.329,3.995,4.294,5.628919e-06,9.642265e-05,2.146204e-06,1.396149e-07,1.193025e-07,6.340779e-07,7.147164e-07,8.207069e-07,104.94117647058825,106.62619159999998,1.685015129411738,1.685015129411738,1.685015129411738
790,790,True,4,0.0136253158333334,0.000185649231558,0.0136253158333334,9.76350379e-05,0.4848486433333338,0.4254271875,0.0,0.0,0.0,0.0,0.7999999999999999,0.0,0.0,0.0,0.0,0.0,0.0,0.0,0.8136253158333334,0.0,0.0,0.0,0.0,0.0,0.0,0.0,0.0136253158333334,0.0,0.0,0.0,0.0,0.0,0.0,0.0,0.7999999999999999,0.0,0.0,0.0,0.0,0.0,0.0,0.0,0.5054349014146299,0.0,0.0,0.0,4.318,4.261,4.164,4.23,3.421,4.329,3.995,4.294,4.318,4.261,4.164,4.23,3.557,4.329,3.995,4.294,3.225688e-07,6.725377e-07,1.541543e-06,1.370788e-06,9.119687e-05,9.36612e-07,8.849113e-07,7.092071e-07,96.0,97.6350379,1.6350379000000146,1.6350379000000146,1.6350379000000146
791,791,True,3,0.0056969366666667,3.245508738401158e-05,0.0056969366666667,9.66836324e-05,1.1032354608333337,0.40516875,0.0,0.0,0.0,0.7999999999999999,0.0,0.0,0.0,0.0,0.0,0.0,0.0,0.8056969366666666,0.0,0.0,0.0,0.0,0.0,0.0,0.0,0.0056969366666667,0.0,0.0,0.0,0.0,0.0,0.0,0.0,0.7999999999999999,0.0,0.0,0.0,0.0,0.0,0.0,0.0,0.3208453339305206,0.0,0.0,0.0,0.0,4.318,4.261,4.164,3.572,3.977,4.329,3.995,4.294,4.318,4.261,4.164,3.844,3.977,4.329,3.995,4.294,2.33369e-07,8.922102e-07,1.385964e-06,9.059253e-05,1.450879e-06,5.712306e-07,7.259638e-07,8.314858e-07,96.0,96.6836324,0.6836324000000076,0.6836324000000076,0.6836324000000076
792,792,True,4,0.016480894754902,0.0002716198919221,0.016480894754902,3.30365309e-05,0.4827063197549022,0.202584375,0.0,0.0,0.2588235294117646,0.0,0.0,0.0,0.0,0.0,0.0,0.0,0.2753044241666667,0.0,0.0,0.0,0.0,0.0,0.0,0.0,0.016480894754902,0.0,0.0,0.0,0.0,0.0,0.0,0.0,0.2588235294117646,0.0,0.0,0.0,0.0,0.0,0.0,0.0,0.0765080974251866,0.0,0.0,0.0,0.0,0.0,4.318,4.261,3.792,4.23,3.977,4.329,3.995,4.294,4.318,4.261,3.939,4.23,3.977,4.329,3.995,4.294,2.934904e-07,6.437617e-07,2.631696e-05,3.503601e-06,2.272581e-07,5.569039e-07,7.763557e-07,7.182001e-07,31.058823529411757,33.0365309,1.9777073705882489,1.9777073705882489,1.9777073705882489
793,793,True,5,0.0055162439215686,3.042894700224348e-05,0.0055162439215686,3.17207728e-05,0.5407498597549019,0.1012921875,0.0,0.2588235294117646,0.0,0.0,0.0,0.0,0.0,0.0,0.0,0.2643397733333333,0.0,0.0,0.0,0.0,0.0,0.0,0.0,0.0055162439215686,0.0,0.0,0.0,0.0,0.0,0.0,0.0,0.2588235294117646,0.0,0.0,0.0,0.0,0.0,0.0,0.0,0.0412250102910737,0.0,0.0,0.0,0.0,0.0,0.0,4.318,3.885,4.164,4.23,3.977,4.329,3.995,4.294,4.318,4.051,4.164,4.23,3.977,4.329,3.995,4.294,1.778334e-06,2.595741e-05,1.638577e-06,1.383828e-07,1.214559e-07,5.97257e-07,7.182208e-07,7.711353e-07,31.058823529411757,31.7207728,0.661949270588245,0.661949270588245,0.661949270588245
794,794,True,4,0.0197041214215686,0.0003882524009959,0.0197041214215686,3.85766819e-05,0.5738768494117648,0.202584375,0.0,0.0,0.3411764705882353,0.0,0.0,0.0,0.0,0.0,0.0,0.0,0.3214723491666666,0.0,0.0,0.0,0.0,0.0,0.0,0.0,-0.0197041214215686,0.0,0.0,0.0,0.0,0.0,0.0,0.0,0.3411764705882353,0.0,0.0,0.0,0.0,0.0,0.0,0.0,0.082793525274568,0.0,0.0,0.0,0.0,0.0,4.318,4.261,3.748,4.23,3.977,4.329,3.995,4.294,4.318,4.261,3.921,4.23,3.977,4.329,3.995,4.294,2.978207e-07,6.452061e-07,3.139372e-05,3.94493e-06,2.41274e-07,5.563361e-07,7.816109e-07,7.157841e-07,40.94117647058824,38.5766819,-2.364494570588242,2.364494570588242,2.364494570588242
795,795,True,8,0.0131225960784313,0.0001722025278376,0.0131225960784313,4.251588800000001e-05,0.6019424060784312,0.1172583685546875,0.0,0.3411764705882353,0.0,0.0,0.0,0.0,0.0,0.0,0.0,0.3542990666666666,0.0,0.0,0.0,0.0,0.0,0.0,0.0,0.0131225960784313,0.0,0.0,0.0,0.0,0.0,0.0,0.0,0.3411764705882353,0.0,0.0,0.0,0.0,0.0,0.0,0.0,0.0478981717208574,0.0,0.0,0.0,0.0,0.0,0.0,4.318,3.848,4.164,4.23,3.977,4.329,3.995,4.294,4.318,4.017,4.164,4.23,3.977,4.329,3.995,4.294,2.347694e-06,3.608569e-05,1.730358e-06,1.393191e-07,1.201028e-07,5.987395e-07,7.166159e-07,7.773687e-07,40.94117647058824,42.515888,1.5747115294117648,1.5747115294117648,1.5747115294117648
796,796,True,3,0.0060435784313725,3.652484025615208e-05,0.0060435784313725,6.19017e-05,0.7531567150980389,0.40516875,0.0,0.0,0.5098039215686274,0.0,0.0,0.0,0.0,0.0,0.0,0.0,0.5158475,0.0,0.0,0.0,0.0,0.0,0.0,0.0,0.0060435784313725,0.0,0.0,0.0,0.0,0.0,0.0,0.0,0.5098039215686274,0.0,0.0,0.0,0.0,0.0,0.0,0.0,0.1577261023473284,0.0,0.0,0.0,0.0,0.0,4.318,4.261,3.664,4.23,3.977,4.329,3.995,4.294,4.318,4.261,3.856,4.23,3.977,4.329,3.995,4.294,3.039901e-07,6.329888e-07,5.295183e-05,5.652077e-06,2.993983e-07,5.502649e-07,7.970602e-07,7.140907e-07,61.17647058823529,61.9017,0.7252294117647082,0.7252294117647082,0.7252294117647082
797,797,True,3,0.0171049117647059,0.0002925780064783,0.0171049117647059,6.322906e-05,0.7287781259313728,0.40516875,0.0,0.5098039215686274,0.0,0.0,0.0,0.0,0.0,0.0,0.0,0.5269088333333334,0.0,0.0,0.0,0.0,0.0,0.0,0.0,0.0171049117647059,0.0,0.0,0.0,0.0,0.0,0.0,0.0,0.5098039215686274,0.0,0.0,0.0,0.0,0.0,0.0,0.0,0.1198563278756616,0.0,0.0,0.0,0.0,0.0,0.0,4.318,3.776,4.164,4.23,3.977,4.329,3.995,4.294,4.318,3.961,4.164,4.23,3.977,4.329,3.995,4.294,3.405861e-06,5.556629e-05,1.884281e-06,1.361839e-07,1.18476e-07,6.114617e-07,7.125954e-07,7.93911e-07,61.17647058823529,63.22906,2.052589411764714,2.052589411764714,2.052589411764714
798,798,True,3,0.0162715751960785,0.0002647641593616,0.0162715751960785,0.0001003055301999,1.039069518529412,0.40516875,0.0,0.0,0.8196078431372548,0.0,0.0,0.0,0.0,0.0,0.0,0.0,0.8358794183333333,0.0,0.0,0.0,0.0,0.0,0.0,0.0,0.0162715751960785,0.0,0.0,0.0,0.0,0.0,0.0,0.0,0.8196078431372548,0.0,0.0,0.0,0.0,0.0,0.0,0.0,0.3033323301558024,0.0,0.0,0.0,0.0,0.0,4.318,4.261,3.523,4.23,3.977,4.329,3.995,4.294,4.318,4.261,3.768,4.23,3.977,4.329,3.995,4.294,3.175703e-07,6.343351e-07,8.862261e-05,8.260984e-06,3.916331e-07,5.471259e-07,8.211318e-07,7.1014e-07,98.35294117647057,100.3055302,1.952589023529427,1.952589023529427,1.952589023529427
799,799,True,4,0.015793603529412,0.0002494379124442,0.015793603529412,0.0001002481736,0.926294941862745,0.4254271875,0.0,0.8196078431372548,0.0,0.0,0.0,0.0,0.0,0.0,0.0,0.8354014466666668,0.0,0.0,0.0,0.0,0.0,0.0,0.0,0.015793603529412,0.0,0.0,0.0,0.0,0.0,0.0,0.0,0.8196078431372548,0.0,0.0,0.0,0.0,0.0,0.0,0.0,0.2781983981948783,0.0,0.0,0.0,0.0,0.0,0.0,4.318,3.654,4.164,4.23,3.977,4.329,3.995,4.294,4.318,3.876,4.164,4.23,3.977,4.329,3.995,4.294,5.283938e-06,9.043742e-05,2.11775e-06,1.342637e-07,1.173626e-07,6.291308e-07,7.123744e-07,8.159341e-07,98.35294117647057,100.24817360000002,1.8952324235294495,1.8952324235294495,1.8952324235294495
800,800,True,4,0.010839413480392,0.0001174928845989,0.010839413480392,0.0001090654355,0.554170698480392,0.4254271875,0.0,0.0,0.0,0.0,0.8980392156862746,0.0,0.0,0.0,0.0,0.0,0.0,0.0,0.9088786291666668,0.0,0.0,0.0,0.0,0.0,0.0,0.0,0.010839413480392,0.0,0.0,0.0,0.0,0.0,0.0,0.0,0.8980392156862746,0.0,0.0,0.0,0.0,0.0,0.0,0.0,0.5659251228677947,0.0,0.0,0.0,4.318,4.261,4.164,4.23,3.376,4.329,3.995,4.294,4.318,4.261,4.164,4.23,3.529,4.329,3.995,4.294,3.224717e-07,6.744453e-07,1.552899e-06,1.519799e-06,0.0001024442,9.444447e-07,9.01892e-07,7.052838e-07,107.76470588235296,109.0654355,1.3007296176470504,1.3007296176470504,1.3007296176470504
801,801,True,4,0.0129536773529412,0.0001677977569641,0.0129536773529412,0.0001062102646,1.227389548480392,0.4254271875,0.0,0.0,0.0,0.8980392156862746,0.0,0.0,0.0,0.0,0.0,0.0,0.0,0.8850855383333334,0.0,0.0,0.0,0.0,0.0,0.0,0.0,-0.0129536773529412,0.0,0.0,0.0,0.0,0.0,0.0,0.0,0.8980392156862746,0.0,0.0,0.0,0.0,0.0,0.0,0.0,0.3532075565442949,0.0,0.0,0.0,0.0,4.318,4.261,4.164,3.515,3.977,4.329,3.995,4.294,4.318,4.261,4.164,3.824,3.977,4.329,3.995,4.294,2.329057e-07,9.050904e-07,1.618992e-06,9.976012e-05,1.554547e-06,5.761803e-07,7.277727e-07,8.346565e-07,107.76470588235296,106.2102646,-1.554441282352954,1.554441282352954,1.554441282352954
802,802,True,3,0.0059011993137256,3.482415334031644e-05,0.0059011993137256,6.847284979999999e-05,0.8072736351470589,0.40516875,0.0,0.0,0.564705882352941,0.0,0.0,0.0,0.0,0.0,0.0,0.0,0.5706070816666666,0.0,0.0,0.0,0.0,0.0,0.0,0.0,0.0059011993137256,0.0,0.0,0.0,0.0,0.0,0.0,0.0,0.564705882352941,0.0,0.0,0.0,0.0,0.0,0.0,0.0,0.1821206082828672,0.0,0.0,0.0,0.0,0.0,4.318,4.261,3.639,4.23,3.977,4.329,3.995,4.294,4.318,4.261,3.84,4.23,3.977,4.329,3.995,4.294,3.092679e-07,6.436424e-07,5.900506e-05,6.125439e-06,3.163651e-07,5.525732e-07,8.040095e-07,7.164927e-07,67.76470588235291,68.47284979999999,0.7081439176470781,0.7081439176470781,0.7081439176470781
803,803,True,4,0.0027424001470591,7.520758566590192e-06,0.0027424001470591,6.809379390000001e-05,0.7617662493137258,0.4254271875,0.0,0.564705882352941,0.0,0.0,0.0,0.0,0.0,0.0,0.0,0.5674482825000001,0.0,0.0,0.0,0.0,0.0,0.0,0.0,0.0027424001470591,0.0,0.0,0.0,0.0,0.0,0.0,0.0,0.564705882352941,0.0,0.0,0.0,0.0,0.0,0.0,0.0,0.1395761770143563,0.0,0.0,0.0,0.0,0.0,0.0,4.318,3.755,4.164,4.23,3.977,4.329,3.995,4.294,4.318,3.949,4.164,4.23,3.977,4.329,3.995,4.294,3.656214e-06,6.013152e-05,1.91324e-06,1.386006e-07,1.193368e-07,6.189695e-07,7.173581e-07,7.985549e-07,67.76470588235291,68.09379390000001,0.3290880176470949,0.3290880176470949,0.3290880176470949
804,804,True,3,0.0050010697549021,2.501069869339665e-05,0.0050010697549021,6.36589519e-05,0.7686302714215689,0.40516875,0.0,0.0,0.5254901960784313,0.0,0.0,0.0,0.0,0.0,0.0,0.0,0.5304912658333334,0.0,0.0,0.0,0.0,0.0,0.0,0.0,0.0050010697549021,0.0,0.0,0.0,0.0,0.0,0.0,0.0,0.5254901960784313,0.0,0.0,0.0,0.0,0.0,0.0,0.0,0.1631594053683454,0.0,0.0,0.0,0.0,0.0,4.318,4.261,3.657,4.23,3.977,4.329,3.995,4.294,4.318,4.261,3.852,4.23,3.977,4.329,3.995,4.294,3.104601e-07,6.48227e-07,5.452079e-05,5.792911e-06,3.052405e-07,5.57528e-07,8.031396e-07,7.206557e-07,63.05882352941176,63.658951900000005,0.6001283705882514,0.6001283705882514,0.6001283705882514
805,805,True,4,0.0011201405882353,1.2547149374123402e-06,0.0011201405882353,6.31932404e-05,0.7395778572549021,0.4254271875,0.0,0.5254901960784313,0.0,0.0,0.0,0.0,0.0,0.0,0.0,0.5266103366666667,0.0,0.0,0.0,0.0,0.0,0.0,0.0,0.0011201405882353,0.0,0.0,0.0,0.0,0.0,0.0,0.0,0.5254901960784313,0.0,0.0,0.0,0.0,0.0,0.0,0.0,0.1190820479266877,0.0,0.0,0.0,0.0,0.0,0.0,4.318,3.77,4.164,4.23,3.977,4.329,3.995,4.294,4.318,3.961,4.164,4.23,3.977,4.329,3.995,4.294,3.409672e-06,5.549499e-05,1.886833e-06,1.391945e-07,1.21075e-07,6.203902e-07,7.1803e-07,8.030557e-07,63.05882352941176,63.1932404,0.1344168705882467,0.1344168705882467,0.1344168705882467
806,806,True,4,0.0112551694607845,0.0001266788395909,0.0112551694607845,6.48800321e-05,0.3228839469607845,0.4254271875,0.0,0.0,0.0,0.0,0.5294117647058822,0.0,0.0,0.0,0.0,0.0,0.0,0.0,0.5406669341666668,0.0,0.0,0.0,0.0,0.0,0.0,0.0,0.0112551694607845,0.0,0.0,0.0,0.0,0.0,0.0,0.0,0.5294117647058822,0.0,0.0,0.0,0.0,0.0,0.0,0.0,0.3279988534839688,0.0,0.0,0.0,4.318,4.261,4.164,4.23,3.546,4.329,3.995,4.294,4.318,4.261,4.164,4.23,3.646,4.329,3.995,4.294,3.047042e-07,6.767856e-07,1.503777e-06,9.445873e-07,5.898054e-05,9.024753e-07,8.474654e-07,7.196973e-07,63.52941176470587,64.88003210000001,1.3506203352941384,1.3506203352941384,1.3506203352941384
807,807,True,3,0.0026548027941177,7.047977875655589e-06,0.0026548027941177,6.38479881e-05,0.7569004619607844,0.40516875,0.0,0.0,0.0,0.5294117647058822,0.0,0.0,0.0,0.0,0.0,0.0,0.0,0.5320665675,0.0,0.0,0.0,0.0,0.0,0.0,0.0,0.0026548027941177,0.0,0.0,0.0,0.0,0.0,0.0,0.0,0.5294117647058822,0.0,0.0,0.0,0.0,0.0,0.0,0.0,0.1975061966930267,0.0,0.0,0.0,0.0,4.318,4.261,4.164,3.723,3.977,4.329,3.995,4.294,4.318,4.261,4.164,3.924,3.977,4.329,3.995,4.294,2.356027e-07,8.539578e-07,6.90368e-07,5.88866e-05,1.072654e-06,5.629942e-07,7.301694e-07,8.15642e-07,63.52941176470587,63.8479881,0.3185763352941322,0.3185763352941322,0.3185763352941322
808,808,True,3,0.0141790889705882,0.0002010465640358,0.0141790889705882,0.0001033485495,1.0652471106372547,0.40516875,0.0,0.0,0.8470588235294118,0.0,0.0,0.0,0.0,0.0,0.0,0.0,0.8612379125,0.0,0.0,0.0,0.0,0.0,0.0,0.0,0.0141790889705882,0.0,0.0,0.0,0.0,0.0,0.0,0.0,0.8470588235294118,0.0,0.0,0.0,0.0,0.0,0.0,0.0,0.3156439718290931,0.0,0.0,0.0,0.0,0.0,4.318,4.261,3.511,4.23,3.977,4.329,3.995,4.294,4.318,4.261,3.762,4.23,3.977,4.329,3.995,4.294,3.274668e-07,6.537464e-07,9.137698e-05,8.477168e-06,4.045759e-07,5.555858e-07,8.298134e-07,7.232132e-07,101.6470588235294,103.3485495,1.7014906764705984,1.7014906764705984,1.7014906764705984
809,809,True,4,0.0134372989705883,0.0001805610036249,0.0134372989705883,0.0001032595347,0.947441735637255,0.4254271875,0.0,0.8470588235294118,0.0,0.0,0.0,0.0,0.0,0.0,0.0,0.8604961225000001,0.0,0.0,0.0,0.0,0.0,0.0,0.0,0.0134372989705883,0.0,0.0,0.0,0.0,0.0,0.0,0.0,0.8470588235294118,0.0,0.0,0.0,0.0,0.0,0.0,0.0,0.2931948091683816,0.0,0.0,0.0,0.0,0.0,0.0,4.318,3.643,4.164,4.23,3.977,4.329,3.995,4.294,4.318,3.87,4.164,4.23,3.977,4.329,3.995,4.294,5.457312e-06,9.323059e-05,2.123751e-06,1.424714e-07,1.203233e-07,6.392074e-07,7.198509e-07,8.260287e-07,101.6470588235294,103.2595347,1.612475876470597,1.612475876470597,1.612475876470597
810,810,True,3,0.0145982393137255,0.0002131085910608,0.0145982393137255,2.15164946e-05,0.1240548609803922,0.40516875,0.0,0.0,0.0,0.0,0.1647058823529411,0.0,0.0,0.0,0.0,0.0,0.0,0.0,0.1793041216666666,0.0,0.0,0.0,0.0,0.0,0.0,0.0,0.0145982393137255,0.0,0.0,0.0,0.0,0.0,0.0,0.0,0.1647058823529411,0.0,0.0,0.0,0.0,0.0,0.0,0.0,0.0871110729727633,0.0,0.0,0.0,4.318,4.261,4.164,4.23,3.745,4.329,3.995,4.294,4.318,4.261,4.164,4.23,3.802,4.329,3.995,4.294,2.720874e-07,6.806658e-07,1.417026e-06,3.696015e-07,1.650406e-05,7.666368e-07,7.8356e-07,7.228571e-07,19.76470588235293,21.5164946,1.7517887176470666,1.7517887176470666,1.7517887176470666
811,811,True,2,0.0068972343137256,4.757184117843389e-05,0.0068972343137256,2.0592374e-05,0.2869573968137255,0.385875,0.0,0.0,0.0,0.1647058823529411,0.0,0.0,0.0,0.0,0.0,0.0,0.0,0.1716031166666667,0.0,0.0,0.0,0.0,0.0,0.0,0.0,0.0068972343137256,0.0,0.0,0.0,0.0,0.0,0.0,0.0,0.1647058823529411,0.0,0.0,0.0,0.0,0.0,0.0,0.0,0.044751329201593,0.0,0.0,0.0,0.0,4.318,4.261,4.164,3.95,3.977,4.329,3.995,4.294,4.318,4.261,4.164,4.066,3.977,4.329,3.995,4.294,2.401466e-07,7.738304e-07,2.850055e-07,1.673512e-05,4.935866e-07,5.557085e-07,7.330154e-07,7.75961e-07,19.76470588235293,20.592374000000003,0.8276681176470717,0.8276681176470717,0.8276681176470717
812,812,True,4,0.0107981349509804,0.0001165997184195,0.0107981349509804,5.87075409e-05,0.2951838566176472,0.4254271875,0.0,0.0,0.0,0.0,0.4784313725490195,0.0,0.0,0.0,0.0,0.0,0.0,0.0,0.4892295074999999,0.0,0.0,0.0,0.0,0.0,0.0,0.0,0.0107981349509804,0.0,0.0,0.0,0.0,0.0,0.0,0.0,0.4784313725490195,0.0,0.0,0.0,0.0,0.0,0.0,0.0,0.2941808481265404,0.0,0.0,0.0,4.318,4.261,4.164,4.23,3.57,4.329,3.995,4.294,4.318,4.261,4.164,4.23,3.664,4.329,3.995,4.294,3.017505e-07,6.821101e-07,1.498921e-06,8.616374e-07,5.291229e-05,8.905001e-07,8.411638e-07,7.19168e-07,57.41176470588234,58.70754089999999,1.29577619411765,1.29577619411765,1.29577619411765
813,813,True,2,0.0166747032843138,0.0002780457296199,0.0166747032843138,5.9412729100000006e-05,0.6901503949509806,0.385875,0.0,0.0,0.0,0.4784313725490195,0.0,0.0,0.0,0.0,0.0,0.0,0.0,0.4951060758333334,0.0,0.0,0.0,0.0,0.0,0.0,0.0,0.0166747032843138,0.0,0.0,0.0,0.0,0.0,0.0,0.0,0.4784313725490195,0.0,0.0,0.0,0.0,0.0,0.0,0.0,0.182110189427941,0.0,0.0,0.0,0.0,4.318,4.261,4.164,3.752,3.977,4.329,3.995,4.294,4.318,4.261,4.164,3.936,3.977,4.329,3.995,4.294,2.396213e-07,8.532259e-07,6.089991e-07,5.458405e-05,1.01244e-06,5.67154e-07,7.337551e-07,8.134837e-07,57.41176470588234,59.41272910000001,2.0009643941176662,2.0009643941176662,2.0009643941176662
814,814,True,3,0.012648711764706,0.0001599899093066,0.012648711764706,3.0694316e-05,0.1751143859313726,0.40516875,0.0,0.0,0.0,0.0,0.2431372549019607,0.0,0.0,0.0,0.0,0.0,0.0,0.0,0.2557859666666667,0.0,0.0,0.0,0.0,0.0,0.0,0.0,0.012648711764706,0.0,0.0,0.0,0.0,0.0,0.0,0.0,0.2431372549019607,0.0,0.0,0.0,0.0,0.0,0.0,0.0,0.1420958910918074,0.0,0.0,0.0,4.318,4.261,4.164,4.23,3.691,4.329,3.995,4.294,4.318,4.261,4.164,4.23,3.761,4.329,3.995,4.294,2.822068e-07,6.810609e-07,1.439022e-06,4.920215e-07,2.547531e-05,8.043573e-07,7.993102e-07,7.210273e-07,29.176470588235283,30.694316,1.5178454117647178,1.5178454117647178,1.5178454117647178
815,815,True,3,0.0145806025000001,0.000212593969263,0.0145806025000001,9.77496723e-05,1.0244149125000002,0.40516875,0.0,0.0,0.7999999999999999,0.0,0.0,0.0,0.0,0.0,0.0,0.0,0.8145806025000001,0.0,0.0,0.0,0.0,0.0,0.0,0.0,0.0145806025000001,0.0,0.0,0.0,0.0,0.0,0.0,0.0,0.7999999999999999,0.0,0.0,0.0,0.0,0.0,0.0,0.0,0.2925547278068747,0.0,0.0,0.0,0.0,0.0,4.318,4.261,3.532,4.23,3.977,4.329,3.995,4.294,4.318,4.261,3.774,4.23,3.977,4.329,3.995,4.294,3.267399e-07,6.564714e-07,8.617589e-05,8.089984e-06,3.912577e-07,5.592281e-07,8.265917e-07,7.235095e-07,96.0,97.7496723,1.7496723000000145,1.7496723000000145,1.7496723000000145
816,816,True,2,0.0017254165686273,2.977062335293864e-06,0.0017254165686273,2.89694206e-05,0.3978446659313727,0.385875,0.0,0.0,0.0,0.2431372549019607,0.0,0.0,0.0,0.0,0.0,0.0,0.0,0.2414118383333333,0.0,0.0,0.0,0.0,0.0,0.0,0.0,-0.0017254165686273,0.0,0.0,0.0,0.0,0.0,0.0,0.0,0.2431372549019607,0.0,0.0,0.0,0.0,0.0,0.0,0.0,0.0737321355712008,0.0,0.0,0.0,0.0,4.318,4.261,4.164,3.891,3.977,4.329,3.995,4.294,4.318,4.261,4.164,4.031,3.977,4.329,3.995,4.294,2.379566e-07,7.971523e-07,2.764871e-07,2.49613e-05,6.171833e-07,5.585296e-07,7.334845e-07,7.873272e-07,29.176470588235283,28.9694206,-0.2070499882352834,0.2070499882352834,0.2070499882352834
817,817,True,4,0.0131790483333334,0.0001736873149723,0.0131790483333334,9.75814858e-05,0.9145723233333336,0.4254271875,0.0,0.7999999999999999,0.0,0.0,0.0,0.0,0.0,0.0,0.0,0.8131790483333334,0.0,0.0,0.0,0.0,0.0,0.0,0.0,0.0131790483333334,0.0,0.0,0.0,0.0,0.0,0.0,0.0,0.7999999999999999,0.0,0.0,0.0,0.0,0.0,0.0,0.0,0.2655784903561612,0.0,0.0,0.0,0.0,0.0,0.0,4.318,3.662,4.164,4.23,3.977,4.329,3.995,4.294,4.318,3.882,4.164,4.23,3.977,4.329,3.995,4.294,5.176866e-06,8.785123e-05,2.096177e-06,1.432225e-07,1.223102e-07,6.413001e-07,7.210521e-07,8.293279e-07,96.0,97.5814858,1.5814858000000245,1.5814858000000245,1.5814858000000245
818,818,True,4,0.0115747290196079,0.0001339743518773,0.0115747290196079,5.36242616e-05,0.2714054190196078,0.4254271875,0.0,0.0,0.0,0.0,0.4352941176470587,0.0,0.0,0.0,0.0,0.0,0.0,0.0,0.4468688466666666,0.0,0.0,0.0,0.0,0.0,0.0,0.0,0.0115747290196079,0.0,0.0,0.0,0.0,0.0,0.0,0.0,0.4352941176470587,0.0,0.0,0.0,0.0,0.0,0.0,0.0,0.2637615038732261,0.0,0.0,0.0,4.318,4.261,4.164,4.23,3.591,4.329,3.995,4.294,4.318,4.261,4.164,4.23,3.68,4.329,3.995,4.294,3.001082e-07,6.830625e-07,1.487759e-06,7.928253e-07,4.792361e-05,8.791064e-07,8.337007e-07,7.240895e-07,52.23529411764704,53.6242616,1.3889674823529532,1.3889674823529532,1.3889674823529532
819,819,True,3,0.0154236801470586,0.0002378899092787,0.0154236801470586,0.0001096155475,1.1104138243137254,0.40516875,0.0,0.0,0.8980392156862746,0.0,0.0,0.0,0.0,0.0,0.0,0.0,0.9134628958333332,0.0,0.0,0.0,0.0,0.0,0.0,0.0,0.0154236801470586,0.0,0.0,0.0,0.0,0.0,0.0,0.0,0.8980392156862746,0.0,0.0,0.0,0.0,0.0,0.0,0.0,0.340182660022868,0.0,0.0,0.0,0.0,0.0,4.318,4.261,3.487,4.23,3.977,4.329,3.995,4.294,4.318,4.261,3.749,4.23,3.977,4.329,3.995,4.294,3.33392e-07,6.615369e-07,9.71978e-05,8.878306e-06,4.228771e-07,5.598048e-07,8.324245e-07,7.294062e-07,107.76470588235296,109.6155475,1.8508416176470348,1.8508416176470348,1.8508416176470348
820,820,True,2,0.0142970906862746,0.0002044068020915,0.0142970906862746,5.3950945e-05,0.6370367331862744,0.385875,0.0,0.0,0.0,0.4352941176470587,0.0,0.0,0.0,0.0,0.0,0.0,0.0,0.4495912083333334,0.0,0.0,0.0,0.0,0.0,0.0,0.0,0.0142970906862746,0.0,0.0,0.0,0.0,0.0,0.0,0.0,0.4352941176470587,0.0,0.0,0.0,0.0,0.0,0.0,0.0,0.1633651651046567,0.0,0.0,0.0,0.0,4.318,4.261,4.164,3.776,3.977,4.329,3.995,4.294,4.318,4.261,4.164,3.951,3.977,4.329,3.995,4.294,2.387421e-07,8.405662e-07,5.205367e-07,4.92927e-05,9.464347e-07,5.648515e-07,7.335681e-07,8.135457e-07,52.23529411764704,53.950945,1.7156508823529606,1.7156508823529606,1.7156508823529606
821,821,True,4,0.0136398767156862,0.0001860462368191,0.0136398767156862,8.822502049999999e-05,0.4410053617156864,0.4254271875,0.0,0.0,0.0,0.0,0.7215686274509803,0.0,0.0,0.0,0.0,0.0,0.0,0.0,0.7352085041666665,0.0,0.0,0.0,0.0,0.0,0.0,0.0,0.0136398767156862,0.0,0.0,0.0,0.0,0.0,0.0,0.0,0.7215686274509803,0.0,0.0,0.0,0.0,0.0,0.0,0.0,0.4532195553268238,0.0,0.0,0.0,4.318,4.261,4.164,4.23,3.457,4.329,3.995,4.294,4.318,4.261,4.164,4.23,3.582,4.329,3.995,4.294,3.188609e-07,6.822805e-07,1.536167e-06,1.255356e-06,8.189026e-05,9.43234e-07,8.807403e-07,7.181218e-07,86.58823529411764,88.22502049999999,1.636785205882347,1.636785205882347,1.636785205882347
822,822,True,4,0.0137656601470584,0.0001894933992843,0.0137656601470584,0.0001094165850999,0.9748337326470586,0.4254271875,0.0,0.8980392156862746,0.0,0.0,0.0,0.0,0.0,0.0,0.0,0.9118048758333333,0.0,0.0,0.0,0.0,0.0,0.0,0.0,0.0137656601470584,0.0,0.0,0.0,0.0,0.0,0.0,0.0,0.8980392156862746,0.0,0.0,0.0,0.0,0.0,0.0,0.0,0.3208887948226177,0.0,0.0,0.0,0.0,0.0,0.0,4.318,3.623,4.164,4.23,3.977,4.329,3.995,4.294,4.318,3.857,4.164,4.23,3.977,4.329,3.995,4.294,5.7249e-06,9.90636e-05,2.170137e-06,1.372771e-07,1.197078e-07,6.474833e-07,7.221833e-07,8.312966e-07,107.76470588235296,109.41658509999998,1.6518792176470214,1.6518792176470214,1.6518792176470214
823,823,True,3,0.0043645333823528,1.904915164567263e-05,0.0043645333823528,8.711197929999999e-05,1.00756309504902,0.40516875,0.0,0.0,0.0,0.7215686274509803,0.0,0.0,0.0,0.0,0.0,0.0,0.0,0.7259331608333331,0.0,0.0,0.0,0.0,0.0,0.0,0.0,0.0043645333823528,0.0,0.0,0.0,0.0,0.0,0.0,0.0,0.7215686274509803,0.0,0.0,0.0,0.0,0.0,0.0,0.0,0.2837906650422056,0.0,0.0,0.0,0.0,4.318,4.261,4.164,3.617,3.977,4.329,3.995,4.294,4.318,4.261,4.164,3.867,3.977,4.329,3.995,4.294,2.354782e-07,8.938528e-07,1.148519e-06,8.132518e-05,1.359356e-06,5.789606e-07,7.350127e-07,8.3562e-07,86.58823529411764,87.11197929999999,0.5237440058823495,0.5237440058823495,0.5237440058823495
824,824,True,4,0.0145487970588235,0.0002116674958588,0.0145487970588235,0.000102451738,0.5188231562254901,0.4254271875,0.0,0.0,0.0,0.0,0.8392156862745099,0.0,0.0,0.0,0.0,0.0,0.0,0.0,0.8537644833333334,0.0,0.0,0.0,0.0,0.0,0.0,0.0,0.0145487970588235,0.0,0.0,0.0,0.0,0.0,0.0,0.0,0.8392156862745099,0.0,0.0,0.0,0.0,0.0,0.0,0.0,0.5290088639878671,0.0,0.0,0.0,4.318,4.261,4.164,4.23,3.403,4.329,3.995,4.294,4.318,4.261,4.164,4.23,3.546,4.329,3.995,4.294,3.297972e-07,6.831229e-07,1.564674e-06,1.450112e-06,9.584034e-05,9.626209e-07,8.996615e-07,7.214095e-07,100.7058823529412,102.451738,1.7458556470588178,1.7458556470588178,1.7458556470588178
825,825,True,3,0.0058975028921568,3.478054036299838e-05,0.0058975028921568,0.0001014135827,1.158276977892157,0.40516875,0.0,0.0,0.0,0.8392156862745099,0.0,0.0,0.0,0.0,0.0,0.0,0.0,0.8451131891666668,0.0,0.0,0.0,0.0,0.0,0.0,0.0,0.0058975028921568,0.0,0.0,0.0,0.0,0.0,0.0,0.0,0.8392156862745099,0.0,0.0,0.0,0.0,0.0,0.0,0.0,0.3347131792568141,0.0,0.0,0.0,0.0,4.318,4.261,4.164,3.549,3.977,4.329,3.995,4.294,4.318,4.261,4.164,3.835,3.977,4.329,3.995,4.294,2.37785e-07,9.090224e-07,1.479704e-06,9.510809e-05,1.516564e-06,5.812305e-07,7.351195e-07,8.460673e-07,100.7058823529412,101.4135827,0.7077003470588181,0.7077003470588181,0.7077003470588181
826,826,True,4,0.0096443908333334,9.30142745460854e-05,0.0096443908333334,5.71573269e-05,0.2879038675,0.4254271875,0.0,0.0,0.0,0.0,0.4666666666666666,0.0,0.0,0.0,0.0,0.0,0.0,0.0,0.4763110575,0.0,0.0,0.0,0.0,0.0,0.0,0.0,0.0096443908333334,0.0,0.0,0.0,0.0,0.0,0.0,0.0,0.4666666666666666,0.0,0.0,0.0,0.0,0.0,0.0,0.0,0.2855037960695884,0.0,0.0,0.0,4.318,4.261,4.164,4.23,3.576,4.329,3.995,4.294,4.318,4.261,4.164,4.23,3.669,4.329,3.995,4.294,3.025501e-07,6.810498e-07,1.492649e-06,8.44314e-07,5.137467e-05,8.989334e-07,8.393855e-07,7.237751e-07,55.99999999999999,57.1573269,1.1573269000000082,1.1573269000000082,1.1573269000000082
827,827,True,2,0.0122763016666667,0.000150707582611,0.0122763016666667,5.74731562e-05,0.679863684166667,0.385875,0.0,0.0,0.0,0.4666666666666666,0.0,0.0,0.0,0.0,0.0,0.0,0.0,0.4789429683333333,0.0,0.0,0.0,0.0,0.0,0.0,0.0,0.0122763016666667,0.0,0.0,0.0,0.0,0.0,0.0,0.0,0.4666666666666666,0.0,0.0,0.0,0.0,0.0,0.0,0.0,0.1754584552583331,0.0,0.0,0.0,0.0,4.318,4.261,4.164,3.758,3.977,4.329,3.995,4.294,4.318,4.261,4.164,3.941,3.977,4.329,3.995,4.294,2.375728e-07,8.469968e-07,5.769705e-07,5.269922e-05,9.950346e-07,5.66818e-07,7.337866e-07,8.167569e-07,55.99999999999999,57.4731562,1.4731562000000054,1.4731562000000054,1.4731562000000054
828,828,True,4,0.0113390219117647,0.0001285734179154,0.0113390219117647,6.630185909999999e-05,0.3320158119117649,0.4254271875,0.0,0.0,0.0,0.0,0.5411764705882351,0.0,0.0,0.0,0.0,0.0,0.0,0.0,0.5525154924999999,0.0,0.0,0.0,0.0,0.0,0.0,0.0,0.0113390219117647,0.0,0.0,0.0,0.0,0.0,0.0,0.0,0.5411764705882351,0.0,0.0,0.0,0.0,0.0,0.0,0.0,0.3360271864003948,0.0,0.0,0.0,4.318,4.261,4.164,4.23,3.54,4.329,3.995,4.294,4.318,4.261,4.164,4.23,3.642,4.329,3.995,4.294,3.057597e-07,6.854916e-07,1.504088e-06,9.7101e-07,6.034618e-05,9.110612e-07,8.536812e-07,7.245874e-07,64.94117647058822,66.30185909999999,1.3606826294117695,1.3606826294117695,1.3606826294117695
829,829,True,3,0.0020782044117649,4.31893357707944e-06,0.0020782044117649,6.519056100000001e-05,0.7697212510784313,0.40516875,0.0,0.0,0.0,0.5411764705882351,0.0,0.0,0.0,0.0,0.0,0.0,0.0,0.5432546750000001,0.0,0.0,0.0,0.0,0.0,0.0,0.0,0.0020782044117649,0.0,0.0,0.0,0.0,0.0,0.0,0.0,0.5411764705882351,0.0,0.0,0.0,0.0,0.0,0.0,0.0,0.2014670117780083,0.0,0.0,0.0,0.0,4.318,4.261,4.164,3.717,3.977,4.329,3.995,4.294,4.318,4.261,4.164,3.921,3.977,4.329,3.995,4.294,2.347809e-07,8.620656e-07,7.049458e-07,6.016988e-05,1.093956e-06,5.691886e-07,7.357382e-07,8.200059e-07,64.94117647058822,65.19056100000002,0.2493845294117989,0.2493845294117989,0.2493845294117989
830,830,True,3,0.0048662019607842,2.3679921523140424e-05,0.0048662019607842,6.411335599999999e-05,0.7753407686274509,0.40516875,0.0,0.0,0.5294117647058822,0.0,0.0,0.0,0.0,0.0,0.0,0.0,0.5342779666666665,0.0,0.0,0.0,0.0,0.0,0.0,0.0,0.0048662019607842,0.0,0.0,0.0,0.0,0.0,0.0,0.0,0.5294117647058822,0.0,0.0,0.0,0.0,0.0,0.0,0.0,0.164888885529381,0.0,0.0,0.0,0.0,0.0,4.318,4.261,3.655,4.23,3.977,4.329,3.995,4.294,4.318,4.261,3.851,4.23,3.977,4.329,3.995,4.294,3.146284e-07,6.58044e-07,5.488858e-05,5.83875e-06,3.114428e-07,5.625256e-07,8.091737e-07,7.302115e-07,63.52941176470587,64.11335599999998,0.583944235294112,0.583944235294112,0.583944235294112
831,831,True,3,0.0187780277941177,0.0003526143278366,0.0187780277941177,6.57827751e-05,0.7489500919607845,0.40516875,0.0,0.5294117647058822,0.0,0.0,0.0,0.0,0.0,0.0,0.0,0.5481897925,0.0,0.0,0.0,0.0,0.0,0.0,0.0,0.0187780277941177,0.0,0.0,0.0,0.0,0.0,0.0,0.0,0.5294117647058822,0.0,0.0,0.0,0.0,0.0,0.0,0.0,0.1300405270908392,0.0,0.0,0.0,0.0,0.0,0.0,4.318,3.768,4.164,4.23,3.977,4.329,3.995,4.294,4.318,3.955,4.164,4.23,3.977,4.329,3.995,4.294,3.567275e-06,5.789378e-05,1.898801e-06,1.428002e-07,1.233405e-07,6.232202e-07,7.240167e-07,8.095415e-07,63.52941176470587,65.7827751,2.253363335294125,2.253363335294125,2.253363335294125
832,832,True,4,0.0128266531862744,0.0001645230319609,0.0128266531862744,1.82255075e-05,0.3696184984803922,0.202584375,0.0,0.0,0.1647058823529411,0.0,0.0,0.0,0.0,0.0,0.0,0.0,0.1518792291666666,0.0,0.0,0.0,0.0,0.0,0.0,0.0,-0.0128266531862744,0.0,0.0,0.0,0.0,0.0,0.0,0.0,0.1647058823529411,0.0,0.0,0.0,0.0,0.0,0.0,0.0,0.0567928918167614,0.0,0.0,0.0,0.0,0.0,4.318,4.261,3.851,4.23,3.977,4.329,3.995,4.294,4.318,4.261,3.997,4.23,3.977,4.329,3.995,4.294,2.824264e-07,6.577881e-07,1.277234e-05,2.250835e-06,1.910691e-07,5.677524e-07,7.705993e-07,7.326972e-07,19.76470588235293,18.2255075,-1.5391983823529325,1.5391983823529325,1.5391983823529325
833,833,True,3,0.0137618715196077,0.0001893891077221,0.0137618715196077,1.81132813e-05,0.4526899093137257,0.1929375,0.0,0.1647058823529411,0.0,0.0,0.0,0.0,0.0,0.0,0.0,0.1509440108333333,0.0,0.0,0.0,0.0,0.0,0.0,0.0,-0.0137618715196077,0.0,0.0,0.0,0.0,0.0,0.0,0.0,0.1647058823529411,0.0,0.0,0.0,0.0,0.0,0.0,0.0,0.03056619494799,0.0,0.0,0.0,0.0,0.0,0.0,4.318,3.935,4.164,4.23,3.977,4.329,3.995,4.294,4.318,4.105,4.164,4.23,3.977,4.329,3.995,4.294,1.046618e-06,1.315591e-05,1.545954e-06,1.39599e-07,1.249845e-07,5.97361e-07,7.283449e-07,7.745099e-07,19.76470588235293,18.1132813,-1.6514245823529343,1.6514245823529343,1.6514245823529343
834,834,True,5,0.0088206737745096,7.780428583632283e-05,0.0088206737745096,9.16474015e-05,0.4719102595588236,0.446698546875,0.0,0.0,0.0,0.0,0.7725490196078431,0.0,0.0,0.0,0.0,0.0,0.0,0.0,0.7637283458333334,0.0,0.0,0.0,0.0,0.0,0.0,0.0,-0.0088206737745096,0.0,0.0,0.0,0.0,0.0,0.0,0.0,0.7725490196078431,0.0,0.0,0.0,0.0,0.0,0.0,0.0,0.4718436034301653,0.0,0.0,0.0,4.318,4.261,4.164,4.23,3.434,4.329,3.995,4.294,4.318,4.261,4.164,4.23,3.573,4.329,3.995,4.294,3.190997e-07,6.831214e-07,1.545515e-06,1.314986e-06,8.521533e-05,9.603012e-07,8.865771e-07,7.224711e-07,92.70588235294116,91.6474015,-1.058480852941159,1.058480852941159,1.058480852941159
835,835,True,3,0.0065847703921571,4.33592011174288e-05,0.0065847703921571,9.34960548e-05,1.072740885392157,0.40516875,0.0,0.0,0.0,0.7725490196078431,0.0,0.0,0.0,0.0,0.0,0.0,0.0,0.7791337900000002,0.0,0.0,0.0,0.0,0.0,0.0,0.0,0.0065847703921571,0.0,0.0,0.0,0.0,0.0,0.0,0.0,0.7725490196078431,0.0,0.0,0.0,0.0,0.0,0.0,0.0,0.3067074693585843,0.0,0.0,0.0,0.0,4.318,4.261,4.164,3.588,3.977,4.329,3.995,4.294,4.318,4.261,4.164,3.852,3.977,4.329,3.995,4.294,2.35711e-07,9.026264e-07,1.291643e-06,8.747647e-05,1.438197e-06,5.783572e-07,7.349292e-07,8.38121e-07,92.70588235294116,93.4960548,0.7901724470588505,0.7901724470588505,0.7901724470588505
836,836,True,3,0.0068434532843138,4.683285285458601e-05,0.0068434532843138,5.82329791e-05,0.7240701057843137,0.40516875,0.0,0.0,0.4784313725490195,0.0,0.0,0.0,0.0,0.0,0.0,0.0,0.4852748258333333,0.0,0.0,0.0,0.0,0.0,0.0,0.0,0.0068434532843138,0.0,0.0,0.0,0.0,0.0,0.0,0.0,0.4784313725490195,0.0,0.0,0.0,0.0,0.0,0.0,0.0,0.1416845224467522,0.0,0.0,0.0,0.0,0.0,4.318,4.261,3.679,4.23,3.977,4.329,3.995,4.294,4.318,4.261,3.866,4.23,3.977,4.329,3.995,4.294,3.124343e-07,6.580664e-07,4.945232e-05,5.410249e-06,2.982251e-07,5.638174e-07,8.073587e-07,7.305082e-07,57.41176470588234,58.2329791,0.8212143941176606,0.8212143941176606,0.8212143941176606
837,837,True,3,0.0168804899509805,0.0002849509409851,0.0168804899509805,5.94374235e-05,0.7088181457843139,0.40516875,0.0,0.4784313725490195,0.0,0.0,0.0,0.0,0.0,0.0,0.0,0.4953118625,0.0,0.0,0.0,0.0,0.0,0.0,0.0,0.0168804899509805,0.0,0.0,0.0,0.0,0.0,0.0,0.0,0.4784313725490195,0.0,0.0,0.0,0.0,0.0,0.0,0.0,0.1018862336039397,0.0,0.0,0.0,0.0,0.0,0.0,4.318,3.789,4.164,4.23,3.977,4.329,3.995,4.294,4.318,3.971,4.164,4.23,3.977,4.329,3.995,4.294,3.220585e-06,5.193959e-05,1.858706e-06,1.403823e-07,1.228614e-07,6.221213e-07,7.256713e-07,8.075062e-07,57.41176470588234,59.4374235,2.0256587941176605,2.0256587941176605,2.0256587941176605
838,838,True,3,0.012422195735294,0.0001543109468859,0.012422195735294,2.7685807100000003e-05,0.4720548534313726,0.1929375,0.0,0.0,0.2431372549019607,0.0,0.0,0.0,0.0,0.0,0.0,0.0,0.2307150591666666,0.0,0.0,0.0,0.0,0.0,0.0,0.0,-0.012422195735294,0.0,0.0,0.0,0.0,0.0,0.0,0.0,0.2431372549019607,0.0,0.0,0.0,0.0,0.0,0.0,0.0,0.0701045481860905,0.0,0.0,0.0,0.0,0.0,4.318,4.261,3.8,4.23,3.977,4.329,3.995,4.294,4.318,4.261,3.958,4.23,3.977,4.329,3.995,4.294,2.915801e-07,6.592625e-07,2.135815e-05,3.08121e-06,2.191022e-07,5.663412e-07,7.804694e-07,7.296917e-07,29.176470588235283,27.6858071,-1.4906634882352812,1.4906634882352812,1.4906634882352812
839,839,True,5,0.008565270735294,7.33638627688844e-05,0.008565270735294,2.81486381e-05,0.5318138259313726,0.1012921875,0.0,0.2431372549019607,0.0,0.0,0.0,0.0,0.0,0.0,0.0,0.2345719841666666,0.0,0.0,0.0,0.0,0.0,0.0,0.0,-0.008565270735294,0.0,0.0,0.0,0.0,0.0,0.0,0.0,0.2431372549019607,0.0,0.0,0.0,0.0,0.0,0.0,0.0,0.0386860064574922,0.0,0.0,0.0,0.0,0.0,0.0,4.318,3.892,4.164,4.23,3.977,4.329,3.995,4.294,4.318,4.064,4.164,4.23,3.977,4.329,3.995,4.294,1.582632e-06,2.255705e-05,1.629684e-06,1.417476e-07,1.257009e-07,6.033055e-07,7.283624e-07,7.801557e-07,29.176470588235283,28.1486381,-1.0278324882352834,1.0278324882352834,1.0278324882352834
840,840,True,3,0.0138892001470587,0.000192909880725,0.0138892001470587,4.256859010000001e-05,0.2321553706862745,0.40516875,0.0,0.0,0.0,0.0,0.3686274509803922,0.0,0.0,0.0,0.0,0.0,0.0,0.0,0.3547382508333334,0.0,0.0,0.0,0.0,0.0,0.0,0.0,-0.0138892001470587,0.0,0.0,0.0,0.0,0.0,0.0,0.0,0.3686274509803922,0.0,0.0,0.0,0.0,0.0,0.0,0.0,0.2043083661353615,0.0,0.0,0.0,4.318,4.261,4.164,4.23,3.625,4.329,3.995,4.294,4.318,4.261,4.164,4.23,3.716,4.329,3.995,4.294,2.915806e-07,6.813111e-07,1.467633e-06,6.485001e-07,3.709208e-05,8.463461e-07,8.189865e-07,7.221527e-07,44.23529411764706,42.56859010000001,-1.6667040176470491,1.6667040176470491,1.6667040176470491
841,841,True,2,0.0195193081862745,0.0003810033920707,0.0195193081862745,4.65776111e-05,0.5498838131862747,0.385875,0.0,0.0,0.0,0.3686274509803922,0.0,0.0,0.0,0.0,0.0,0.0,0.0,0.3881467591666667,0.0,0.0,0.0,0.0,0.0,0.0,0.0,0.0195193081862745,0.0,0.0,0.0,0.0,0.0,0.0,0.0,0.3686274509803922,0.0,0.0,0.0,0.0,0.0,0.0,0.0,0.1357231170692401,0.0,0.0,0.0,0.0,4.318,4.261,4.164,3.815,3.977,4.329,3.995,4.294,4.318,4.261,4.164,3.972,3.977,4.329,3.995,4.294,2.363065e-07,8.312377e-07,4.191549e-07,4.213053e-05,8.569584e-07,5.631784e-07,7.347184e-07,8.055268e-07,44.23529411764706,46.5776111,2.3423169823529406,2.3423169823529406,2.3423169823529406
842,842,True,3,0.0081070198529413,6.572377089598474e-05,0.0081070198529413,5.32081365e-05,0.683465751519608,0.40516875,0.0,0.0,0.4352941176470587,0.0,0.0,0.0,0.0,0.0,0.0,0.0,0.4434011375,0.0,0.0,0.0,0.0,0.0,0.0,0.0,0.0081070198529413,0.0,0.0,0.0,0.0,0.0,0.0,0.0,0.4352941176470587,0.0,0.0,0.0,0.0,0.0,0.0,0.0,0.1222247287519238,0.0,0.0,0.0,0.0,0.0,4.318,4.261,3.699,4.23,3.977,4.329,3.995,4.294,4.318,4.261,3.879,4.23,3.977,4.329,3.995,4.294,3.103656e-07,6.610505e-07,4.480989e-05,5.04509e-06,2.856516e-07,5.637027e-07,8.015813e-07,7.308048e-07,52.23529411764704,53.2081365,0.9728423823529582,0.9728423823529582,0.9728423823529582
843,843,True,6,0.0153676973529412,0.0002361661219315,0.0153676973529412,5.40794178e-05,0.6822643081862748,0.2233492734375,0.0,0.4352941176470587,0.0,0.0,0.0,0.0,0.0,0.0,0.0,0.4506618149999999,0.0,0.0,0.0,0.0,0.0,0.0,0.0,0.0153676973529412,0.0,0.0,0.0,0.0,0.0,0.0,0.0,0.4352941176470587,0.0,0.0,0.0,0.0,0.0,0.0,0.0,0.0777044585424587,0.0,0.0,0.0,0.0,0.0,0.0,4.318,3.806,4.164,4.23,3.977,4.329,3.995,4.294,4.318,3.985,4.164,4.23,3.977,4.329,3.995,4.294,2.938755e-06,4.690189e-05,1.823392e-06,1.431215e-07,1.240816e-07,6.199043e-07,7.247675e-07,8.035059e-07,52.23529411764704,54.0794178,1.8441236823529508,1.8441236823529508,1.8441236823529508
844,844,True,3,0.0162373892156862,0.0002636528085416,0.0162373892156862,8.8536722e-05,0.9570465900490196,0.40516875,0.0,0.0,0.7215686274509803,0.0,0.0,0.0,0.0,0.0,0.0,0.0,0.7378060166666666,0.0,0.0,0.0,0.0,0.0,0.0,0.0,0.0162373892156862,0.0,0.0,0.0,0.0,0.0,0.0,0.0,0.7215686274509803,0.0,0.0,0.0,0.0,0.0,0.0,0.0,0.2538658231547057,0.0,0.0,0.0,0.0,0.0,4.318,4.261,3.567,4.23,3.977,4.329,3.995,4.294,4.318,4.261,3.794,4.23,3.977,4.329,3.995,4.294,3.250622e-07,6.534103e-07,7.758679e-05,7.485906e-06,3.726191e-07,5.60256e-07,8.264335e-07,7.262449e-07,86.58823529411764,88.536722,1.94848670588236,1.94848670588236,1.94848670588236
845,845,True,4,0.0123258692156863,0.0001519270519222,0.0123258692156863,8.80673396e-05,0.8678640250490195,0.4254271875,0.0,0.7215686274509803,0.0,0.0,0.0,0.0,0.0,0.0,0.0,0.7338944966666666,0.0,0.0,0.0,0.0,0.0,0.0,0.0,0.0123258692156863,0.0,0.0,0.0,0.0,0.0,0.0,0.0,0.7215686274509803,0.0,0.0,0.0,0.0,0.0,0.0,0.0,0.219298426177657,0.0,0.0,0.0,0.0,0.0,0.0,4.318,3.693,4.164,4.23,3.977,4.329,3.995,4.294,4.318,3.903,4.164,4.23,3.977,4.329,3.995,4.294,4.678333e-06,7.890049e-05,2.042615e-06,1.404309e-07,1.224233e-07,6.36965e-07,7.208309e-07,8.252515e-07,86.58823529411764,88.0673396,1.479104305882359,1.479104305882359,1.479104305882359
846,846,True,3,0.0121946903921568,0.0001487104737605,0.0121946903921568,0.0001021692452,1.0599619012254895,0.40516875,0.0,0.0,0.8392156862745099,0.0,0.0,0.0,0.0,0.0,0.0,0.0,0.8514103766666667,0.0,0.0,0.0,0.0,0.0,0.0,0.0,0.0121946903921568,0.0,0.0,0.0,0.0,0.0,0.0,0.0,0.8392156862745099,0.0,0.0,0.0,0.0,0.0,0.0,0.0,0.3123674494095224,0.0,0.0,0.0,0.0,0.0,4.318,4.261,3.514,4.23,3.977,4.329,3.995,4.294,4.318,4.261,3.764,4.23,3.977,4.329,3.995,4.294,3.268977e-07,6.503954e-07,9.027414e-05,8.396895e-06,4.053104e-07,5.599103e-07,8.297662e-07,7.259302e-07,100.7058823529412,102.1692452,1.4633628470588178,1.4633628470588178,1.4633628470588178
847,847,True,4,0.0155204895588233,0.0002408855961455,0.0155204895588233,0.0001025683410999,0.9430746262254904,0.4254271875,0.0,0.8392156862745099,0.0,0.0,0.0,0.0,0.0,0.0,0.0,0.8547361758333333,0.0,0.0,0.0,0.0,0.0,0.0,0.0,0.0155204895588233,0.0,0.0,0.0,0.0,0.0,0.0,0.0,0.8392156862745099,0.0,0.0,0.0,0.0,0.0,0.0,0.0,0.2894633875531793,0.0,0.0,0.0,0.0,0.0,0.0,4.318,3.646,4.164,4.23,3.977,4.329,3.995,4.294,4.318,3.871,4.164,4.23,3.977,4.329,3.995,4.294,5.405047e-06,9.259176e-05,2.125566e-06,1.38374e-07,1.207051e-07,6.403283e-07,7.175952e-07,8.289655e-07,100.7058823529412,102.56834109999998,1.8624587470587957,1.8624587470587957,1.8624587470587957
848,848,True,3,0.0051145850000001,2.6158979722226184e-05,0.0051145850000001,5.66137502e-05,0.7128876183333333,0.40516875,0.0,0.0,0.4666666666666666,0.0,0.0,0.0,0.0,0.0,0.0,0.0,0.4717812516666667,0.0,0.0,0.0,0.0,0.0,0.0,0.0,0.0051145850000001,0.0,0.0,0.0,0.0,0.0,0.0,0.0,0.4666666666666666,0.0,0.0,0.0,0.0,0.0,0.0,0.0,0.1356996138115624,0.0,0.0,0.0,0.0,0.0,4.318,4.261,3.684,4.23,3.977,4.329,3.995,4.294,4.318,4.261,3.87,4.23,3.977,4.329,3.995,4.294,3.078082e-07,6.464731e-07,4.799333e-05,5.291943e-06,2.901241e-07,5.617731e-07,7.991687e-07,7.2313e-07,55.99999999999999,56.613750200000005,0.6137502000000126,0.6137502000000126,0.6137502000000126
849,849,True,3,0.0174383208333334,0.0003040950334862,0.0174383208333334,5.80925985e-05,0.7012882208333333,0.40516875,0.0,0.4666666666666666,0.0,0.0,0.0,0.0,0.0,0.0,0.0,0.4841049875,0.0,0.0,0.0,0.0,0.0,0.0,0.0,0.0174383208333334,0.0,0.0,0.0,0.0,0.0,0.0,0.0,0.4666666666666666,0.0,0.0,0.0,0.0,0.0,0.0,0.0,0.0956381317762499,0.0,0.0,0.0,0.0,0.0,0.0,4.318,3.793,4.164,4.23,3.977,4.329,3.995,4.294,4.318,3.974,4.164,4.23,3.977,4.329,3.995,4.294,3.15514e-06,5.069546e-05,1.839656e-06,1.417643e-07,1.222007e-07,6.185603e-07,7.214491e-07,7.983681e-07,55.99999999999999,58.0925985,2.092598500000008,2.092598500000008,2.092598500000008
850,850,True,3,0.0059974010784316,3.596881969557261e-05,0.0059974010784316,6.566086460000001e-05,0.7836956860784317,0.40516875,0.0,0.0,0.5411764705882351,0.0,0.0,0.0,0.0,0.0,0.0,0.0,0.5471738716666668,0.0,0.0,0.0,0.0,0.0,0.0,0.0,0.0059974010784316,0.0,0.0,0.0,0.0,0.0,0.0,0.0,0.5411764705882351,0.0,0.0,0.0,0.0,0.0,0.0,0.0,0.1712245225430082,0.0,0.0,0.0,0.0,0.0,4.318,4.261,3.65,4.23,3.977,4.329,3.995,4.294,4.318,4.261,3.847,4.23,3.977,4.329,3.995,4.294,3.132486e-07,6.489284e-07,5.638422e-05,5.922315e-06,3.112158e-07,5.57501e-07,8.046307e-07,7.188051e-07,64.94117647058822,65.66086460000001,0.7196881294117929,0.7196881294117929,0.7196881294117929
851,851,True,2,0.0102189389215685,0.0001044267126827,0.0102189389215685,6.371490379999999e-05,1.2314497585784314,0.385875,0.0,0.5411764705882351,0.0,0.0,0.0,0.0,0.0,0.0,0.0,0.5309575316666666,0.0,0.0,0.0,0.0,0.0,0.0,0.0,-0.0102189389215685,0.0,0.0,0.0,0.0,0.0,0.0,0.0,0.5411764705882351,0.0,0.0,0.0,0.0,0.0,0.0,0.0,0.1213059664019606,0.0,0.0,0.0,0.0,0.0,0.0,4.318,3.764,4.164,4.23,3.977,4.329,3.995,4.294,4.318,3.96,4.164,4.23,3.977,4.329,3.995,4.294,3.434454e-06,5.600434e-05,1.882158e-06,1.407406e-07,1.210838e-07,6.149216e-07,7.20215e-07,7.969908e-07,64.94117647058822,63.71490379999999,-1.22627267058823,1.22627267058823,1.22627267058823
852,852,True,4,0.0122610111764706,0.0001503323950695,0.0122610111764706,8.758896840000002e-05,0.4399416278431373,0.4254271875,0.0,0.0,0.0,0.0,0.7176470588235294,0.0,0.0,0.0,0.0,0.0,0.0,0.0,0.72990807,0.0,0.0,0.0,0.0,0.0,0.0,0.0,0.0122610111764706,0.0,0.0,0.0,0.0,0.0,0.0,0.0,0.7176470588235294,0.0,0.0,0.0,0.0,0.0,0.0,0.0,0.4509565779175011,0.0,0.0,0.0,4.318,4.261,4.164,4.23,3.458,4.329,3.995,4.294,4.318,4.261,4.164,4.23,3.583,4.329,3.995,4.294,3.151049e-07,6.76256e-07,1.530257e-06,1.249944e-06,8.130107e-05,9.316887e-07,8.750189e-07,7.096289e-07,86.11764705882354,87.58896840000001,1.471321341176477,1.471321341176477,1.471321341176477
853,853,True,3,0.0055972228431371,3.132890355573608e-05,0.0055972228431371,8.67893138e-05,0.9913968228431376,0.40516875,0.0,0.0,0.0,0.7176470588235294,0.0,0.0,0.0,0.0,0.0,0.0,0.0,0.7232442816666665,0.0,0.0,0.0,0.0,0.0,0.0,0.0,0.0055972228431371,0.0,0.0,0.0,0.0,0.0,0.0,0.0,0.7176470588235294,0.0,0.0,0.0,0.0,0.0,0.0,0.0,0.2823854086477329,0.0,0.0,0.0,0.0,4.318,4.261,4.164,3.619,3.977,4.329,3.995,4.294,4.318,4.261,4.164,3.867,3.977,4.329,3.995,4.294,2.334102e-07,8.851544e-07,1.157099e-06,8.103998e-05,1.347695e-06,5.694383e-07,7.28294e-07,8.282429e-07,86.11764705882354,86.78931379999999,0.6716667411764519,0.6716667411764519,0.6716667411764519
854,854,True,3,0.0136894837254902,0.0001874019646704,0.0136894837254902,9.43486204e-05,1.0023068445588237,0.40516875,0.0,0.0,0.7725490196078431,0.0,0.0,0.0,0.0,0.0,0.0,0.0,0.7862385033333333,0.0,0.0,0.0,0.0,0.0,0.0,0.0,0.0136894837254902,0.0,0.0,0.0,0.0,0.0,0.0,0.0,0.7725490196078431,0.0,0.0,0.0,0.0,0.0,0.0,0.0,0.2800170825111884,0.0,0.0,0.0,0.0,0.0,4.318,4.261,3.544,4.23,3.977,4.329,3.995,4.294,4.318,4.261,3.781,4.23,3.977,4.329,3.995,4.294,3.238026e-07,6.48468e-07,8.3026e-05,7.876219e-06,3.817089e-07,5.532579e-07,8.197532e-07,7.194108e-07,92.70588235294116,94.3486204,1.6427380470588275,1.6427380470588275,1.6427380470588275
855,855,True,4,0.0129255895588237,0.0001670708654431,0.0129255895588237,9.42569531e-05,0.896504179558824,0.4254271875,0.0,0.7725490196078431,0.0,0.0,0.0,0.0,0.0,0.0,0.0,0.7854746091666668,0.0,0.0,0.0,0.0,0.0,0.0,0.0,0.0129255895588237,0.0,0.0,0.0,0.0,0.0,0.0,0.0,0.7725490196078431,0.0,0.0,0.0,0.0,0.0,0.0,0.0,0.2507237458634705,0.0,0.0,0.0,0.0,0.0,0.0,4.318,3.673,4.164,4.23,3.977,4.329,3.995,4.294,4.318,3.889,4.164,4.23,3.977,4.329,3.995,4.294,4.998695e-06,8.476607e-05,2.070093e-06,1.399399e-07,1.189263e-07,6.312335e-07,7.153857e-07,8.166097e-07,92.70588235294116,94.2569531,1.5510707470588443,1.5510707470588443,1.5510707470588443
856,856,True,2,0.0199870400980392,0.0003994817718806,0.0199870400980392,7.574915399999999e-06,0.0571418409313726,0.385875,0.0,0.0,0.0,0.0,0.0431372549019607,0.0,0.0,0.0,0.0,0.0,0.0,0.0,0.063124295,0.0,0.0,0.0,0.0,0.0,0.0,0.0,0.0199870400980392,0.0,0.0,0.0,0.0,0.0,0.0,0.0,0.0431372549019607,0.0,0.0,0.0,0.0,0.0,0.0,0.0,0.0115508135962008,0.0,0.0,0.0,4.318,4.261,4.164,4.23,3.857,4.329,3.995,4.294,4.318,4.261,4.164,4.23,3.896,4.329,3.995,4.294,2.558197e-07,6.749228e-07,1.340707e-06,1.7591e-07,3.000666e-06,6.570218e-07,7.466927e-07,7.231754e-07,5.176470588235284,7.574915399999999,2.3984448117647155,2.3984448117647155,2.3984448117647155
857,857,True,1,0.0059605565686273,3.5528234607806844e-05,0.0059605565686273,4.4612038e-06,0.1238650975980393,0.3675,0.0,0.0,0.0,0.0431372549019607,0.0,0.0,0.0,0.0,0.0,0.0,0.0,0.0371766983333333,0.0,0.0,0.0,0.0,0.0,0.0,0.0,-0.0059605565686273,0.0,0.0,0.0,0.0,0.0,0.0,0.0,0.0431372549019607,0.0,0.0,0.0,0.0,0.0,0.0,0.0,0.0,0.0,0.0,0.0,0.0,4.318,4.261,4.164,4.068,3.977,4.329,3.995,4.294,4.318,4.261,4.164,4.23,3.977,4.329,3.995,4.294,2.383509e-07,6.756794e-07,1.28388e-06,1.281524e-07,1.236724e-07,5.602278e-07,7.232687e-07,7.279722e-07,5.176470588235284,4.4612038,-0.7152667882352839,0.7152667882352839,0.7152667882352839
858,858,True,3,0.0031530301470588,9.941599108262056e-06,0.0031530301470588,4.38569305e-05,0.6033752365196078,0.40516875,0.0,0.0,0.3686274509803922,0.0,0.0,0.0,0.0,0.0,0.0,0.0,0.3654744208333333,0.0,0.0,0.0,0.0,0.0,0.0,0.0,-0.0031530301470588,0.0,0.0,0.0,0.0,0.0,0.0,0.0,0.3686274509803922,0.0,0.0,0.0,0.0,0.0,0.0,0.0,0.0883861293852574,0.0,0.0,0.0,0.0,0.0,4.318,4.261,3.734,4.23,3.977,4.329,3.995,4.294,4.318,4.261,3.905,4.23,3.977,4.329,3.995,4.294,3.012742e-07,6.471688e-07,3.624028e-05,4.350693e-06,2.556305e-07,5.564519e-07,7.885835e-07,7.168486e-07,44.23529411764706,43.8569305,-0.3783636176470608,0.3783636176470608,0.3783636176470608
859,859,True,8,0.0151378348529412,0.0002291540440349,0.0151378348529412,4.60518343e-05,0.6242470406862745,0.1172583685546875,0.0,0.3686274509803922,0.0,0.0,0.0,0.0,0.0,0.0,0.0,0.3837652858333334,0.0,0.0,0.0,0.0,0.0,0.0,0.0,0.0151378348529412,0.0,0.0,0.0,0.0,0.0,0.0,0.0,0.3686274509803922,0.0,0.0,0.0,0.0,0.0,0.0,0.0,0.0499580599625619,0.0,0.0,0.0,0.0,0.0,0.0,4.318,3.836,4.164,4.23,3.977,4.329,3.995,4.294,4.318,4.007,4.164,4.23,3.977,4.329,3.995,4.294,2.522118e-06,3.940825e-05,1.760584e-06,1.395988e-07,1.197947e-07,6.032374e-07,7.174812e-07,7.807702e-07,44.23529411764706,46.0518343,1.816540182352945,1.816540182352945,1.816540182352945
860,860,True,3,0.0158297195098039,0.000250580019759,0.0158297195098039,8.80172134e-05,0.9505051336764706,0.40516875,0.0,0.0,0.7176470588235294,0.0,0.0,0.0,0.0,0.0,0.0,0.0,0.7334767783333334,0.0,0.0,0.0,0.0,0.0,0.0,0.0,0.0158297195098039,0.0,0.0,0.0,0.0,0.0,0.0,0.0,0.7176470588235294,0.0,0.0,0.0,0.0,0.0,0.0,0.0,0.2532457641904412,0.0,0.0,0.0,0.0,0.0,4.318,4.261,3.569,4.23,3.977,4.329,3.995,4.294,4.318,4.261,3.795,4.23,3.977,4.329,3.995,4.294,3.159692e-07,6.350149e-07,7.719475e-05,7.43193e-06,3.615295e-07,5.496148e-07,8.149048e-07,7.135002e-07,86.11764705882354,88.0172134,1.8995663411764667,1.8995663411764667,1.8995663411764667
861,861,True,4,0.0070306553431371,4.943011455398341e-05,0.0070306553431371,8.69613257e-05,0.8614743486764708,0.4254271875,0.0,0.7176470588235294,0.0,0.0,0.0,0.0,0.0,0.0,0.0,0.7246777141666666,0.0,0.0,0.0,0.0,0.0,0.0,0.0,0.0070306553431371,0.0,0.0,0.0,0.0,0.0,0.0,0.0,0.7176470588235294,0.0,0.0,0.0,0.0,0.0,0.0,0.0,0.216960422999772,0.0,0.0,0.0,0.0,0.0,0.0,4.318,3.694,4.164,4.23,3.977,4.329,3.995,4.294,4.318,3.905,4.164,4.23,3.977,4.329,3.995,4.294,4.633312e-06,7.789701e-05,2.032198e-06,1.360804e-07,1.17833e-07,6.229882e-07,7.137371e-07,8.08167e-07,86.11764705882354,86.9613257,0.8436786411764672,0.8436786411764672,0.8436786411764672
862,862,True,1,0.0002040725980393,4.164562527051182e-08,0.0002040725980393,5.2009593e-06,0.0468951034313726,0.3675,0.0,0.0,0.0431372549019607,0.0,0.0,0.0,0.0,0.0,0.0,0.0,0.0433413275,0.0,0.0,0.0,0.0,0.0,0.0,0.0,0.0002040725980393,0.0,0.0,0.0,0.0,0.0,0.0,0.0,0.0431372549019607,0.0,0.0,0.0,0.0,0.0,0.0,0.0,0.0267239687009802,0.0,0.0,0.0,0.0,0.0,4.318,4.261,4.037,4.23,3.977,4.329,3.995,4.294,4.318,4.261,4.086,4.23,3.977,4.329,3.995,4.294,2.570602e-07,6.568377e-07,1.326853e-06,8.009009e-07,1.416073e-07,5.551614e-07,7.41237e-07,7.213018e-07,5.176470588235284,5.2009593,0.0244887117647163,0.0244887117647163,0.0244887117647163
863,863,True,1,0.0060862490686273,3.704242772536736e-05,0.0060862490686273,4.446120700000001e-06,0.2472118350980393,0.3675,0.0,0.0431372549019607,0.0,0.0,0.0,0.0,0.0,0.0,0.0,0.0370510058333333,0.0,0.0,0.0,0.0,0.0,0.0,0.0,-0.0060862490686273,0.0,0.0,0.0,0.0,0.0,0.0,0.0,0.0431372549019607,0.0,0.0,0.0,0.0,0.0,0.0,0.0,0.0,0.0,0.0,0.0,0.0,0.0,0.0,4.318,4.041,4.164,4.23,3.977,4.329,3.995,4.294,4.318,4.261,4.164,4.23,3.977,4.329,3.995,4.294,2.37136e-07,6.720485e-07,1.28561e-06,1.263508e-07,1.235419e-07,5.569274e-07,7.21523e-07,7.229831e-07,5.176470588235284,4.446120700000001,-0.730349888235283,0.730349888235283,0.730349888235283
864,864,True,4,0.0111070807352944,0.0001233672424603,0.0111070807352944,7.61563791e-05,0.382845574901961,0.4254271875,0.0,0.0,0.0,0.0,0.6235294117647057,0.0,0.0,0.0,0.0,0.0,0.0,0.0,0.6346364925000001,0.0,0.0,0.0,0.0,0.0,0.0,0.0,0.0111070807352944,0.0,0.0,0.0,0.0,0.0,0.0,0.0,0.6235294117647057,0.0,0.0,0.0,0.0,0.0,0.0,0.0,0.388606496054508,0.0,0.0,0.0,4.318,4.261,4.164,4.23,3.501,4.329,3.995,4.294,4.318,4.261,4.164,4.23,3.614,4.329,3.995,4.294,3.098665e-07,6.720837e-07,1.512671e-06,1.077553e-06,7.01198e-05,8.997475e-07,8.597025e-07,7.049549e-07,74.82352941176468,76.15637910000001,1.3328496882353278,1.3328496882353278,1.3328496882353278
865,865,True,3,0.0052332057352942,2.7386442267917037e-05,0.0052332057352942,7.54515141e-05,0.8781785415686276,0.40516875,0.0,0.0,0.0,0.6235294117647057,0.0,0.0,0.0,0.0,0.0,0.0,0.0,0.6287626175,0.0,0.0,0.0,0.0,0.0,0.0,0.0,0.0052332057352942,0.0,0.0,0.0,0.0,0.0,0.0,0.0,0.6235294117647057,0.0,0.0,0.0,0.0,0.0,0.0,0.0,0.2395981616361086,0.0,0.0,0.0,0.0,4.318,4.261,4.164,3.671,3.977,4.329,3.995,4.294,4.318,4.261,4.164,3.894,3.977,4.329,3.995,4.294,2.337788e-07,8.641345e-07,9.19854e-07,7.012698e-05,1.203182e-06,5.61316e-07,7.293304e-07,8.129384e-07,74.82352941176468,75.4515141,0.6279846882353155,0.6279846882353155,0.6279846882353155
866,866,True,4,0.0119201954411766,0.0001420910593558,0.0119201954411766,0.0001007245411,0.5070194087745097,0.4254271875,0.0,0.0,0.0,0.0,0.8274509803921568,0.0,0.0,0.0,0.0,0.0,0.0,0.0,0.8393711758333334,0.0,0.0,0.0,0.0,0.0,0.0,0.0,0.0119201954411766,0.0,0.0,0.0,0.0,0.0,0.0,0.0,0.8274509803921568,0.0,0.0,0.0,0.0,0.0,0.0,0.0,0.5213121535707997,0.0,0.0,0.0,4.318,4.261,4.164,4.23,3.409,4.329,3.995,4.294,4.318,4.261,4.164,4.23,3.55,4.329,3.995,4.294,3.221569e-07,6.728988e-07,1.53971e-06,1.420987e-06,9.422655e-05,9.438539e-07,8.907735e-07,7.07611e-07,99.2941176470588,100.7245411,1.4304234529411983,1.4304234529411983,1.4304234529411983
867,867,True,3,0.0043601287745099,1.9010722930309856e-05,0.0043601287745099,9.98173331e-05,1.14080358127451,0.40516875,0.0,0.0,0.0,0.8274509803921568,0.0,0.0,0.0,0.0,0.0,0.0,0.0,0.8318111091666668,0.0,0.0,0.0,0.0,0.0,0.0,0.0,0.0043601287745099,0.0,0.0,0.0,0.0,0.0,0.0,0.0,0.8274509803921568,0.0,0.0,0.0,0.0,0.0,0.0,0.0,0.3299460929871444,0.0,0.0,0.0,0.0,4.318,4.261,4.164,3.556,3.977,4.329,3.995,4.294,4.318,4.261,4.164,3.838,3.977,4.329,3.995,4.294,2.334897e-07,8.971238e-07,1.455838e-06,9.36067e-05,1.489558e-06,5.736621e-07,7.303771e-07,8.305844e-07,99.2941176470588,99.8173331,0.5232154529412014,0.5232154529412014,0.5232154529412014
868,868,True,3,0.0119153454411764,0.0001419754569825,0.0119153454411764,2.0723959100000003e-05,0.1219689829411764,0.40516875,0.0,0.0,0.0,0.0,0.1607843137254902,0.0,0.0,0.0,0.0,0.0,0.0,0.0,0.1726996591666666,0.0,0.0,0.0,0.0,0.0,0.0,0.0,0.0119153454411764,0.0,0.0,0.0,0.0,0.0,0.0,0.0,0.1607843137254902,0.0,0.0,0.0,0.0,0.0,0.0,0.0,0.0838455200640196,0.0,0.0,0.0,4.318,4.261,4.164,4.23,3.748,4.329,3.995,4.294,4.318,4.261,4.164,4.23,3.806,4.329,3.995,4.294,2.743354e-07,6.764129e-07,1.402512e-06,3.513728e-07,1.576818e-05,7.533041e-07,7.793334e-07,7.185085e-07,19.294117647058822,20.7239591,1.4298414529411758,1.4298414529411758,1.4298414529411758
869,869,True,2,0.0066883037745097,4.473340738012124e-05,0.0066883037745097,2.00967141e-05,0.2826619904411764,0.385875,0.0,0.0,0.0,0.1607843137254902,0.0,0.0,0.0,0.0,0.0,0.0,0.0,0.1674726174999999,0.0,0.0,0.0,0.0,0.0,0.0,0.0,0.0066883037745097,0.0,0.0,0.0,0.0,0.0,0.0,0.0,0.1607843137254902,0.0,0.0,0.0,0.0,0.0,0.0,0.0,0.043034784002696,0.0,0.0,0.0,0.0,4.318,4.261,4.164,3.953,3.977,4.329,3.995,4.294,4.318,4.261,4.164,4.068,3.977,4.329,3.995,4.294,2.384204e-07,7.684883e-07,2.863634e-07,1.627313e-05,4.811984e-07,5.530837e-07,7.283659e-07,7.67664e-07,19.294117647058822,20.0967141,0.8025964529411702,0.8025964529411702,0.8025964529411702
870,870,True,3,0.0072832446568628,5.304565273172065e-05,0.0072832446568628,1.87563423e-05,0.1171544088235294,0.40516875,0.0,0.0,0.0,0.0,0.1490196078431372,0.0,0.0,0.0,0.0,0.0,0.0,0.0,0.1563028525,0.0,0.0,0.0,0.0,0.0,0.0,0.0,0.0072832446568628,0.0,0.0,0.0,0.0,0.0,0.0,0.0,0.1490196078431372,0.0,0.0,0.0,0.0,0.0,0.0,0.0,0.0757535129884128,0.0,0.0,0.0,4.318,4.261,4.164,4.23,3.756,4.329,3.995,4.294,4.318,4.261,4.164,4.23,3.816,4.329,3.995,4.294,2.692167e-07,6.758178e-07,1.39815e-06,3.292545e-07,1.384607e-05,7.428857e-07,7.765818e-07,7.183658e-07,17.882352941176464,18.7563423,0.8739893588235361,0.8739893588235361,0.8739893588235361
871,871,True,2,0.0083463813235294,6.966208119776196e-05,0.0083463813235294,1.88839187e-05,0.2679180713235295,0.385875,0.0,0.0,0.0,0.1490196078431372,0.0,0.0,0.0,0.0,0.0,0.0,0.0,0.1573659891666667,0.0,0.0,0.0,0.0,0.0,0.0,0.0,0.0083463813235294,0.0,0.0,0.0,0.0,0.0,0.0,0.0,0.1490196078431372,0.0,0.0,0.0,0.0,0.0,0.0,0.0,0.0380901992310047,0.0,0.0,0.0,0.0,4.318,4.261,4.164,3.962,3.977,4.329,3.995,4.294,4.318,4.261,4.164,4.074,3.977,4.329,3.995,4.294,2.354871e-07,7.650194e-07,2.96843e-07,1.507158e-05,4.634801e-07,5.534879e-07,7.301691e-07,7.678521e-07,17.882352941176464,18.8839187,1.0015657588235385,1.0015657588235385,1.0015657588235385
872,872,True,7,0.0123615632352943,0.0001528082456201,0.0123615632352943,7.630691699999999e-05,0.8610229974019605,0.234516737109375,0.0,0.0,0.6235294117647057,0.0,0.0,0.0,0.0,0.0,0.0,0.0,0.635890975,0.0,0.0,0.0,0.0,0.0,0.0,0.0,0.0123615632352943,0.0,0.0,0.0,0.0,0.0,0.0,0.0,0.6235294117647057,0.0,0.0,0.0,0.0,0.0,0.0,0.0,0.2090449084413235,0.0,0.0,0.0,0.0,0.0,4.318,4.261,3.612,4.23,3.977,4.329,3.995,4.294,4.318,4.261,3.822,4.23,3.977,4.329,3.995,4.294,3.178143e-07,6.479116e-07,6.623359e-05,6.669177e-06,3.383933e-07,5.61398e-07,8.11989e-07,7.266438e-07,74.82352941176468,76.306917,1.483387588235317,1.483387588235317,1.483387588235317
873,873,True,5,0.0117337365686276,0.0001376805738619,0.0117337365686276,7.62315778e-05,0.8075774432352945,0.21271359375,0.0,0.6235294117647057,0.0,0.0,0.0,0.0,0.0,0.0,0.0,0.6352631483333333,0.0,0.0,0.0,0.0,0.0,0.0,0.0,0.0117337365686276,0.0,0.0,0.0,0.0,0.0,0.0,0.0,0.6235294117647057,0.0,0.0,0.0,0.0,0.0,0.0,0.0,0.1730763387431521,0.0,0.0,0.0,0.0,0.0,0.0,4.318,3.731,4.164,4.23,3.977,4.329,3.995,4.294,4.318,3.93,4.164,4.23,3.977,4.329,3.995,4.294,4.098727e-06,6.773673e-05,1.969543e-06,1.417702e-07,1.217457e-07,6.276265e-07,7.207132e-07,8.147222e-07,74.82352941176468,76.2315778,1.408048388235315,1.408048388235315,1.408048388235315
874,874,True,3,0.0159031646078432,0.0002529106445441,0.0159031646078432,0.0001012024974,1.0546074237745098,0.40516875,0.0,0.0,0.8274509803921568,0.0,0.0,0.0,0.0,0.0,0.0,0.0,0.843354145,0.0,0.0,0.0,0.0,0.0,0.0,0.0,0.0159031646078432,0.0,0.0,0.0,0.0,0.0,0.0,0.0,0.8274509803921568,0.0,0.0,0.0,0.0,0.0,0.0,0.0,0.3063087370793321,0.0,0.0,0.0,0.0,0.0,4.318,4.261,3.519,4.23,3.977,4.329,3.995,4.294,4.318,4.261,3.767,4.23,3.977,4.329,3.995,4.294,3.259339e-07,6.484841e-07,8.941545e-05,8.302714e-06,3.990362e-07,5.582265e-07,8.266461e-07,7.260066e-07,99.2941176470588,101.2024974,1.9083797529411868,1.9083797529411868,1.9083797529411868
875,875,True,6,0.0191709904411765,0.0003675268744956,0.0191709904411765,0.0001015946365,0.93606125627451,0.2233492734375,0.0,0.8274509803921568,0.0,0.0,0.0,0.0,0.0,0.0,0.0,0.8466219708333333,0.0,0.0,0.0,0.0,0.0,0.0,0.0,0.0191709904411765,0.0,0.0,0.0,0.0,0.0,0.0,0.0,0.8274509803921568,0.0,0.0,0.0,0.0,0.0,0.0,0.0,0.2832998981352115,0.0,0.0,0.0,0.0,0.0,0.0,4.318,3.651,4.164,4.23,3.977,4.329,3.995,4.294,4.318,3.874,4.164,4.23,3.977,4.329,3.995,4.294,5.379029e-06,9.163567e-05,2.126916e-06,1.410078e-07,1.204171e-07,6.411144e-07,7.195786e-07,8.309036e-07,99.2941176470588,101.5946365,2.300518852941181,2.300518852941181,2.300518852941181
876,876,True,4,0.0120270438725491,0.0001446497843122,0.0120270438725491,0.0001059138334999,0.5401224155392158,0.4254271875,0.0,0.0,0.0,0.0,0.8705882352941176,0.0,0.0,0.0,0.0,0.0,0.0,0.0,0.8826152791666667,0.0,0.0,0.0,0.0,0.0,0.0,0.0,0.0120270438725491,0.0,0.0,0.0,0.0,0.0,0.0,0.0,0.8705882352941176,0.0,0.0,0.0,0.0,0.0,0.0,0.0,0.5456528295364057,0.0,0.0,0.0,4.318,4.261,4.164,4.23,3.389,4.329,3.995,4.294,4.318,4.261,4.164,4.23,3.538,4.329,3.995,4.294,3.278991e-07,6.792206e-07,1.562041e-06,1.492383e-06,9.926999e-05,9.614848e-07,9.000204e-07,7.207946e-07,104.4705882352941,105.9138335,1.4432452647058938,1.4432452647058938,1.4432452647058938
877,877,True,3,0.0037992697058826,1.4434450298037442e-05,0.0037992697058826,0.0001049265006,1.208080458872549,0.40516875,0.0,0.0,0.0,0.8705882352941176,0.0,0.0,0.0,0.0,0.0,0.0,0.0,0.8743875050000002,0.0,0.0,0.0,0.0,0.0,0.0,0.0,0.0037992697058826,0.0,0.0,0.0,0.0,0.0,0.0,0.0,0.8705882352941176,0.0,0.0,0.0,0.0,0.0,0.0,0.0,0.3488568725796813,0.0,0.0,0.0,0.0,4.318,4.261,4.164,3.531,3.977,4.329,3.995,4.294,4.318,4.261,4.164,3.827,3.977,4.329,3.995,4.294,2.344634e-07,9.114736e-07,1.572305e-06,9.848562e-05,1.562975e-06,5.829401e-07,7.330495e-07,8.43674e-07,104.4705882352941,104.9265006,0.4559123647059095,0.4559123647059095,0.4559123647059095
878,878,True,4,0.0122730881862745,0.000150628693628,0.0122730881862745,0.0001017080647,0.5185549240196078,0.4254271875,0.0,0.0,0.0,0.0,0.8352941176470589,0.0,0.0,0.0,0.0,0.0,0.0,0.0,0.8475672058333334,0.0,0.0,0.0,0.0,0.0,0.0,0.0,0.0122730881862745,0.0,0.0,0.0,0.0,0.0,0.0,0.0,0.8352941176470589,0.0,0.0,0.0,0.0,0.0,0.0,0.0,0.5246164223533982,0.0,0.0,0.0,4.318,4.261,4.164,4.23,3.405,4.329,3.995,4.294,4.318,4.261,4.164,4.23,3.548,4.329,3.995,4.294,3.212944e-07,6.858093e-07,1.550637e-06,1.448906e-06,9.511603e-05,9.699526e-07,8.983109e-07,7.171245e-07,100.23529411764706,101.7080647,1.4727705823529504,1.4727705823529504,1.4727705823529504
879,879,True,3,0.0029735956862744,8.84227130542985e-06,0.0029735956862744,0.0001005921256,1.160451939019608,0.40516875,0.0,0.0,0.0,0.8352941176470589,0.0,0.0,0.0,0.0,0.0,0.0,0.0,0.8382677133333333,0.0,0.0,0.0,0.0,0.0,0.0,0.0,0.0029735956862744,0.0,0.0,0.0,0.0,0.0,0.0,0.0,0.8352941176470589,0.0,0.0,0.0,0.0,0.0,0.0,0.0,0.3327597992234864,0.0,0.0,0.0,0.0,4.318,4.261,4.164,3.552,3.977,4.329,3.995,4.294,4.318,4.261,4.164,3.837,3.977,4.329,3.995,4.294,2.358757e-07,9.084641e-07,1.458976e-06,9.432626e-05,1.502107e-06,5.826517e-07,7.36592e-07,8.411991e-07,100.23529411764706,100.5921256,0.3568314823529306,0.3568314823529306,0.3568314823529306
880,880,True,2,0.0061780409803921,3.816819035540534e-05,0.0061780409803921,4.5060708e-06,0.0544523659803922,0.385875,0.0,0.0,0.0,0.0,0.0313725490196078,0.0,0.0,0.0,0.0,0.0,0.0,0.0,0.0375505899999999,0.0,0.0,0.0,0.0,0.0,0.0,0.0,0.0061780409803921,0.0,0.0,0.0,0.0,0.0,0.0,0.0,0.0313725490196078,0.0,0.0,0.0,0.0,0.0,0.0,0.0,0.0001467276849263,0.0,0.0,0.0,4.318,4.261,4.164,4.23,3.871,4.329,3.995,4.294,4.318,4.261,4.164,4.23,3.976,4.329,3.995,4.294,2.430004e-07,6.845615e-07,1.303515e-06,1.308703e-07,1.082074e-07,5.690259e-07,7.324408e-07,7.344495e-07,3.764705882352936,4.5060708,0.7413649176470636,0.7413649176470636,0.7413649176470636
881,881,True,1,0.0063590493137255,4.0437508174393136e-05,0.0063590493137255,4.5277918e-06,0.1126899234803922,0.3675,0.0,0.0,0.0,0.0313725490196078,0.0,0.0,0.0,0.0,0.0,0.0,0.0,0.0377315983333333,0.0,0.0,0.0,0.0,0.0,0.0,0.0,0.0063590493137255,0.0,0.0,0.0,0.0,0.0,0.0,0.0,0.0313725490196078,0.0,0.0,0.0,0.0,0.0,0.0,0.0,0.0,0.0,0.0,0.0,0.0,4.318,4.261,4.164,4.082,3.977,4.329,3.995,4.294,4.318,4.261,4.164,4.23,3.977,4.329,3.995,4.294,2.433792e-07,6.8476e-07,1.301867e-06,1.293585e-07,1.287952e-07,5.707137e-07,7.309209e-07,7.379973e-07,3.764705882352936,4.5277918,0.7630859176470639,0.7630859176470639,0.7630859176470639
882,882,True,4,0.0119773212254902,0.0001434562237385,0.0119773212254902,1.78568391e-05,0.3650346371078431,0.202584375,0.0,0.0,0.1607843137254902,0.0,0.0,0.0,0.0,0.0,0.0,0.0,0.1488069924999999,0.0,0.0,0.0,0.0,0.0,0.0,0.0,-0.0119773212254902,0.0,0.0,0.0,0.0,0.0,0.0,0.0,0.1607843137254902,0.0,0.0,0.0,0.0,0.0,0.0,0.0,0.056218738910337,0.0,0.0,0.0,0.0,0.0,4.318,4.261,3.854,4.23,3.977,4.329,3.995,4.294,4.318,4.261,3.999,4.23,3.977,4.329,3.995,4.294,2.866075e-07,6.638837e-07,1.242946e-05,2.218253e-06,1.889345e-07,5.670334e-07,7.721769e-07,7.304901e-07,19.294117647058822,17.8568391,-1.4372785470588276,1.4372785470588276,1.4372785470588276
883,883,True,8,0.0030535795588235,9.324348122064987e-06,0.0030535795588235,1.89276881e-05,0.4510502462745097,0.1172583685546875,0.0,0.1607843137254902,0.0,0.0,0.0,0.0,0.0,0.0,0.0,0.1577307341666666,0.0,0.0,0.0,0.0,0.0,0.0,0.0,-0.0030535795588235,0.0,0.0,0.0,0.0,0.0,0.0,0.0,0.1607843137254902,0.0,0.0,0.0,0.0,0.0,0.0,0.0,0.0314493136392274,0.0,0.0,0.0,0.0,0.0,0.0,4.318,3.937,4.164,4.23,3.977,4.329,3.995,4.294,4.318,4.101,4.164,4.23,3.977,4.329,3.995,4.294,1.100194e-06,1.392432e-05,1.538292e-06,1.398401e-07,1.254726e-07,5.984093e-07,7.270414e-07,7.741187e-07,19.294117647058822,18.9276881,-0.366429547058825,0.366429547058825,0.366429547058825
884,884,True,8,0.0151462514215687,0.0002294089321253,0.0151462514215687,0.0001128763737,0.6970761364215685,0.2462425739648438,0.0,0.0,0.0,0.0,0.9254901960784314,0.0,0.0,0.0,0.0,0.0,0.0,0.0,0.9406364475000002,0.0,0.0,0.0,0.0,0.0,0.0,0.0,0.0151462514215687,0.0,0.0,0.0,0.0,0.0,0.0,0.0,0.9254901960784314,0.0,0.0,0.0,0.0,0.0,0.0,0.0,0.5821611227807698,0.0,0.0,0.0,4.318,4.261,4.164,4.23,3.363,4.329,3.995,4.294,4.318,4.261,4.164,4.23,3.521,4.329,3.995,4.294,3.296127e-07,6.86561e-07,1.569485e-06,1.595654e-06,0.0001060948,9.699928e-07,9.133549e-07,7.169133e-07,111.05882352941175,112.87637370000002,1.817550170588248,1.817550170588248,1.817550170588248
885,885,True,3,0.0031204930882352,9.737477113723995e-06,0.0031204930882352,0.0001114332827,1.2709267089215686,0.40516875,0.0,0.0,0.0,0.9254901960784314,0.0,0.0,0.0,0.0,0.0,0.0,0.0,0.9286106891666668,0.0,0.0,0.0,0.0,0.0,0.0,0.0,0.0031204930882352,0.0,0.0,0.0,0.0,0.0,0.0,0.0,0.9254901960784314,0.0,0.0,0.0,0.0,0.0,0.0,0.0,0.3710020819967832,0.0,0.0,0.0,0.0,4.318,4.261,4.164,3.499,3.977,4.329,3.995,4.294,4.318,4.261,4.164,3.813,3.977,4.329,3.995,4.294,2.343912e-07,9.257536e-07,1.734956e-06,0.0001047184,1.646257e-06,5.877076e-07,7.374686e-07,8.483487e-07,111.05882352941175,111.4332827,0.3744591705882243,0.3744591705882243,0.3744591705882243
886,886,True,5,0.0019692553431372,3.877966606474475e-06,0.0019692553431372,1.7646042299999996e-05,0.3548385346568627,0.21271359375,0.0,0.0,0.1490196078431372,0.0,0.0,0.0,0.0,0.0,0.0,0.0,0.1470503524999999,0.0,0.0,0.0,0.0,0.0,0.0,0.0,-0.0019692553431372,0.0,0.0,0.0,0.0,0.0,0.0,0.0,0.1490196078431372,0.0,0.0,0.0,0.0,0.0,0.0,0.0,0.0557968852560573,0.0,0.0,0.0,0.0,0.0,4.318,4.261,3.861,4.23,3.977,4.329,3.995,4.294,4.318,4.261,4.0,4.23,3.977,4.329,3.995,4.294,2.869126e-07,6.639268e-07,1.223205e-05,2.202285e-06,1.890526e-07,5.671648e-07,7.728272e-07,7.318233e-07,17.882352941176464,17.646042299999998,-0.2363106411764661,0.2363106411764661,0.2363106411764661
887,887,True,9,0.0015204236764705,2.311688155972191e-06,0.0015204236764705,1.76999021e-05,0.4396223979901962,0.1231212869824219,0.0,0.1490196078431372,0.0,0.0,0.0,0.0,0.0,0.0,0.0,0.1474991841666666,0.0,0.0,0.0,0.0,0.0,0.0,0.0,-0.0015204236764705,0.0,0.0,0.0,0.0,0.0,0.0,0.0,0.1490196078431372,0.0,0.0,0.0,0.0,0.0,0.0,0.0,0.0303426387660775,0.0,0.0,0.0,0.0,0.0,0.0,4.318,3.944,4.164,4.23,3.977,4.329,3.995,4.294,4.318,4.107,4.164,4.23,3.977,4.329,3.995,4.294,1.030047e-06,1.276422e-05,1.5365e-06,1.406032e-07,1.251156e-07,5.982514e-07,7.299151e-07,7.752498e-07,17.882352941176464,17.6999021,-0.1824508411764647,0.1824508411764647,0.1824508411764647
888,888,True,3,0.0143320663725492,0.0002054081265071,0.0143320663725492,0.0001061904362,1.0926880147058822,0.40516875,0.0,0.0,0.8705882352941176,0.0,0.0,0.0,0.0,0.0,0.0,0.0,0.8849203016666668,0.0,0.0,0.0,0.0,0.0,0.0,0.0,0.0143320663725492,0.0,0.0,0.0,0.0,0.0,0.0,0.0,0.8705882352941176,0.0,0.0,0.0,0.0,0.0,0.0,0.0,0.3256712218280146,0.0,0.0,0.0,0.0,0.0,4.318,4.261,3.5,4.23,3.977,4.329,3.995,4.294,4.318,4.261,3.757,4.23,3.977,4.329,3.995,4.294,3.320153e-07,6.601408e-07,9.401154e-05,8.649425e-06,4.144707e-07,5.6276e-07,8.349983e-07,7.250861e-07,104.4705882352941,106.1904362,1.719847964705906,1.719847964705906,1.719847964705906
889,889,True,4,0.0171804405392158,0.0002951675371215,0.0171804405392158,0.0001065322411,0.9655860880392156,0.4254271875,0.0,0.8705882352941176,0.0,0.0,0.0,0.0,0.0,0.0,0.0,0.8877686758333334,0.0,0.0,0.0,0.0,0.0,0.0,0.0,0.0171804405392158,0.0,0.0,0.0,0.0,0.0,0.0,0.0,0.8705882352941176,0.0,0.0,0.0,0.0,0.0,0.0,0.0,0.3047821093669994,0.0,0.0,0.0,0.0,0.0,0.0,4.318,3.634,4.164,4.23,3.977,4.329,3.995,4.294,4.318,3.864,4.164,4.23,3.977,4.329,3.995,4.294,5.640506e-06,9.627722e-05,2.140234e-06,1.43894e-07,1.231035e-07,6.469238e-07,7.22254e-07,8.381058e-07,104.4705882352941,106.5322411,2.0616528647059056,2.0616528647059056,2.0616528647059056
890,890,True,4,0.0104647149509804,0.0001095102590052,0.0104647149509804,6.666753050000001e-05,0.332610209117647,0.4254271875,0.0,0.0,0.0,0.0,0.5450980392156863,0.0,0.0,0.0,0.0,0.0,0.0,0.0,0.5555627541666668,0.0,0.0,0.0,0.0,0.0,0.0,0.0,0.0104647149509804,0.0,0.0,0.0,0.0,0.0,0.0,0.0,0.5450980392156863,0.0,0.0,0.0,0.0,0.0,0.0,0.0,0.3373481152037857,0.0,0.0,0.0,4.318,4.261,4.164,4.23,3.539,4.329,3.995,4.294,4.318,4.261,4.164,4.23,3.641,4.329,3.995,4.294,3.088031e-07,6.826857e-07,1.511537e-06,9.72331e-07,6.071369e-05,9.028852e-07,8.538117e-07,7.217868e-07,65.41176470588236,66.66753050000001,1.25576579411765,1.25576579411765,1.25576579411765
891,891,True,3,0.0011665649509802,1.360873784855483e-06,0.0011665649509802,6.55517525e-05,0.7816861191176467,0.40516875,0.0,0.0,0.0,0.5450980392156863,0.0,0.0,0.0,0.0,0.0,0.0,0.0,0.5462646041666666,0.0,0.0,0.0,0.0,0.0,0.0,0.0,0.0011665649509802,0.0,0.0,0.0,0.0,0.0,0.0,0.0,0.5450980392156863,0.0,0.0,0.0,0.0,0.0,0.0,0.0,0.2031136725714402,0.0,0.0,0.0,0.0,4.318,4.261,4.164,3.714,3.977,4.329,3.995,4.294,4.318,4.261,4.164,3.92,3.977,4.329,3.995,4.294,2.384811e-07,8.633712e-07,7.134723e-07,6.052387e-05,1.08956e-06,5.693657e-07,7.35131e-07,8.185012e-07,65.41176470588236,65.55175249999999,0.1399877941176299,0.1399877941176299,0.1399877941176299
892,892,True,4,0.0076807962254901,5.8994630657503214e-05,0.0076807962254901,7.76275779e-05,0.3955947087254903,0.4254271875,0.0,0.0,0.0,0.0,0.6392156862745098,0.0,0.0,0.0,0.0,0.0,0.0,0.0,0.6468964824999999,0.0,0.0,0.0,0.0,0.0,0.0,0.0,0.0076807962254901,0.0,0.0,0.0,0.0,0.0,0.0,0.0,0.6392156862745098,0.0,0.0,0.0,0.0,0.0,0.0,0.0,0.3975834252622729,0.0,0.0,0.0,4.318,4.261,4.164,4.23,3.494,4.329,3.995,4.294,4.318,4.261,4.164,4.23,3.61,4.329,3.995,4.294,3.183551e-07,6.830119e-07,1.536305e-06,1.111331e-06,7.146375e-05,9.211949e-07,8.701589e-07,7.234711e-07,76.70588235294117,77.62757789999999,0.9216955470588176,0.9216955470588176,0.9216955470588176
893,893,True,3,0.0048542370588237,2.356361742325744e-05,0.0048542370588237,7.728839080000001e-05,0.9045719320588232,0.40516875,0.0,0.0,0.0,0.6392156862745098,0.0,0.0,0.0,0.0,0.0,0.0,0.0,0.6440699233333335,0.0,0.0,0.0,0.0,0.0,0.0,0.0,0.0048542370588237,0.0,0.0,0.0,0.0,0.0,0.0,0.0,0.6392156862745098,0.0,0.0,0.0,0.0,0.0,0.0,0.0,0.2442099610137929,0.0,0.0,0.0,0.0,4.318,4.261,4.164,3.662,3.977,4.329,3.995,4.294,4.318,4.261,4.164,3.891,3.977,4.329,3.995,4.294,2.378659e-07,8.83194e-07,9.375149e-07,7.185251e-05,1.233231e-06,5.760726e-07,7.370942e-07,8.309082e-07,76.70588235294117,77.28839080000002,0.5825084470588422,0.5825084470588422,0.5825084470588422
894,894,True,3,0.0136629365196079,0.0001866758343388,0.0136629365196079,0.0001018748465,1.065030298186274,0.40516875,0.0,0.0,0.8352941176470589,0.0,0.0,0.0,0.0,0.0,0.0,0.0,0.8489570541666668,0.0,0.0,0.0,0.0,0.0,0.0,0.0,0.0136629365196079,0.0,0.0,0.0,0.0,0.0,0.0,0.0,0.8352941176470589,0.0,0.0,0.0,0.0,0.0,0.0,0.0,0.3084857226689034,0.0,0.0,0.0,0.0,0.0,4.318,4.261,3.516,4.23,3.977,4.329,3.995,4.294,4.318,4.261,3.766,4.23,3.977,4.329,3.995,4.294,3.301215e-07,6.625336e-07,8.998813e-05,8.364153e-06,4.038744e-07,5.629541e-07,8.33405e-07,7.296749e-07,100.23529411764706,101.8748465,1.639552382352946,1.639552382352946,1.639552382352946
895,895,True,4,0.0126746006862744,0.0001606455025565,0.0126746006862744,0.0001017562462,0.9468837906862744,0.4254271875,0.0,0.8352941176470589,0.0,0.0,0.0,0.0,0.0,0.0,0.0,0.8479687183333333,0.0,0.0,0.0,0.0,0.0,0.0,0.0,0.0126746006862744,0.0,0.0,0.0,0.0,0.0,0.0,0.0,0.8352941176470589,0.0,0.0,0.0,0.0,0.0,0.0,0.0,0.283403099600315,0.0,0.0,0.0,0.0,0.0,0.0,4.318,3.648,4.164,4.23,3.977,4.329,3.995,4.294,4.318,3.874,4.164,4.23,3.977,4.329,3.995,4.294,5.367888e-06,9.180178e-05,2.126283e-06,1.408038e-07,1.204991e-07,6.450746e-07,7.237039e-07,8.302138e-07,100.23529411764706,101.7562462,1.5209520823529346,1.5209520823529346,1.5209520823529346
896,896,True,1,0.0077397518137255,5.990375813806749e-05,0.0077397518137255,4.693476099999999e-06,0.0225427818137255,0.3675,0.0,0.0,0.0313725490196078,0.0,0.0,0.0,0.0,0.0,0.0,0.0,0.0391123008333333,0.0,0.0,0.0,0.0,0.0,0.0,0.0,0.0077397518137255,0.0,0.0,0.0,0.0,0.0,0.0,0.0,0.0313725490196078,0.0,0.0,0.0,0.0,0.0,0.0,0.0,0.0234825753848038,0.0,0.0,0.0,0.0,0.0,4.318,4.261,4.072,4.23,3.977,4.329,3.995,4.294,4.318,4.261,4.095,4.23,3.977,4.329,3.995,4.294,2.636806e-07,6.753916e-07,8.415975e-07,7.080075e-07,1.446151e-07,5.716456e-07,7.500905e-07,7.384477e-07,3.764705882352936,4.693476099999999,0.9287702176470628,0.9287702176470628,0.9287702176470628
897,897,True,1,0.0065385943137255,4.275321559948388e-05,0.0065385943137255,4.5493372e-06,0.1268006668137255,0.3675,0.0,0.0313725490196078,0.0,0.0,0.0,0.0,0.0,0.0,0.0,0.0379111433333333,0.0,0.0,0.0,0.0,0.0,0.0,0.0,0.0065385943137255,0.0,0.0,0.0,0.0,0.0,0.0,0.0,0.0313725490196078,0.0,0.0,0.0,0.0,0.0,0.0,0.0,0.0,0.0,0.0,0.0,0.0,0.0,0.0,4.318,4.101,4.164,4.23,3.977,4.329,3.995,4.294,4.318,4.261,4.164,4.23,3.977,4.329,3.995,4.294,2.461016e-07,6.860229e-07,1.304426e-06,1.302238e-07,1.294933e-07,5.74702e-07,7.340486e-07,7.44319e-07,3.764705882352936,4.5493372,0.7846313176470638,0.7846313176470638,0.7846313176470638
898,898,True,3,0.015016897254902,0.0002255072031642,0.015016897254902,0.0001128608512,1.1471415114215688,0.40516875,0.0,0.0,0.9254901960784314,0.0,0.0,0.0,0.0,0.0,0.0,0.0,0.9405070933333336,0.0,0.0,0.0,0.0,0.0,0.0,0.0,0.015016897254902,0.0,0.0,0.0,0.0,0.0,0.0,0.0,0.9254901960784314,0.0,0.0,0.0,0.0,0.0,0.0,0.0,0.3513834556552206,0.0,0.0,0.0,0.0,0.0,4.318,4.261,3.474,4.23,3.977,4.329,3.995,4.294,4.318,4.261,3.743,4.23,3.977,4.329,3.995,4.294,3.337054e-07,6.62863e-07,0.0001002319,9.075593e-06,4.292503e-07,5.608429e-07,8.40538e-07,7.261586e-07,111.05882352941175,112.8608512,1.8020276705882448,1.8020276705882448,1.8020276705882448
899,899,True,4,0.0151766689215686,0.0002303312795549,0.0151766689215686,0.0001128800238,0.9991462247549016,0.4254271875,0.0,0.9254901960784314,0.0,0.0,0.0,0.0,0.0,0.0,0.0,0.940666865,0.0,0.0,0.0,0.0,0.0,0.0,0.0,0.0151766689215686,0.0,0.0,0.0,0.0,0.0,0.0,0.0,0.9254901960784314,0.0,0.0,0.0,0.0,0.0,0.0,0.0,0.33428649220186,0.0,0.0,0.0,0.0,0.0,0.0,4.318,3.612,4.164,4.23,3.977,4.329,3.995,4.294,4.318,3.851,4.164,4.23,3.977,4.329,3.995,4.294,5.927976e-06,0.0001022916,2.184782e-06,1.411997e-07,1.211316e-07,6.506289e-07,7.23708e-07,8.389976e-07,111.05882352941175,112.8800238,1.8212002705882355,1.8212002705882355,1.8212002705882355
900,900,True,4,0.0109300120098041,0.0001194651625344,0.0109300120098041,9.54292485e-05,0.4848836136764705,0.4254271875,0.0,0.0,0.0,0.0,0.784313725490196,0.0,0.0,0.0,0.0,0.0,0.0,0.0,0.7952437375000001,0.0,0.0,0.0,0.0,0.0,0.0,0.0,0.0109300120098041,0.0,0.0,0.0,0.0,0.0,0.0,0.0,0.784313725490196,0.0,0.0,0.0,0.0,0.0,0.0,0.0,0.4919999962228291,0.0,0.0,0.0,4.318,4.261,4.164,4.23,3.428,4.329,3.995,4.294,4.318,4.261,4.164,4.23,3.564,4.329,3.995,4.294,3.281944e-07,6.840829e-07,1.559915e-06,1.345856e-06,8.894865e-05,9.442999e-07,8.939153e-07,7.24335e-07,94.11764705882352,95.4292485,1.3116014411764922,1.3116014411764922,1.3116014411764922
901,901,True,3,0.0087985661764707,7.741476676173582e-05,0.0087985661764707,9.5173475e-05,1.0973349828431374,0.40516875,0.0,0.0,0.0,0.784313725490196,0.0,0.0,0.0,0.0,0.0,0.0,0.0,0.7931122916666667,0.0,0.0,0.0,0.0,0.0,0.0,0.0,0.0087985661764707,0.0,0.0,0.0,0.0,0.0,0.0,0.0,0.784313725490196,0.0,0.0,0.0,0.0,0.0,0.0,0.0,0.3116293975700242,0.0,0.0,0.0,0.0,4.318,4.261,4.164,3.581,3.977,4.329,3.995,4.294,4.318,4.261,4.164,3.849,3.977,4.329,3.995,4.294,2.378372e-07,9.076658e-07,1.325682e-06,8.90827e-05,1.455637e-06,5.842305e-07,7.365758e-07,8.431467e-07,94.11764705882352,95.173475,1.0558279411764886,1.0558279411764886,1.0558279411764886
902,902,True,3,0.0139246258333334,0.0001938952045983,0.0139246258333334,2.56709551e-05,0.1487766775,0.40516875,0.0,0.0,0.0,0.0,0.1999999999999999,0.0,0.0,0.0,0.0,0.0,0.0,0.0,0.2139246258333333,0.0,0.0,0.0,0.0,0.0,0.0,0.0,0.0139246258333334,0.0,0.0,0.0,0.0,0.0,0.0,0.0,0.1999999999999999,0.0,0.0,0.0,0.0,0.0,0.0,0.0,0.1123282354284373,0.0,0.0,0.0,4.318,4.261,4.164,4.23,3.719,4.329,3.995,4.294,4.318,4.261,4.164,4.23,3.783,4.329,3.995,4.294,2.842903e-07,6.851226e-07,1.440235e-06,4.177321e-07,2.052858e-05,7.839736e-07,7.98172e-07,7.328495e-07,23.99999999999999,25.6709551,1.6709551000000111,1.6709551000000111,1.6709551000000111
903,903,True,2,0.0019438958333334,3.7787310108511834e-06,0.0019438958333334,2.4233267500000005e-05,0.3405325608333334,0.385875,0.0,0.0,0.0,0.1999999999999999,0.0,0.0,0.0,0.0,0.0,0.0,0.0,0.2019438958333333,0.0,0.0,0.0,0.0,0.0,0.0,0.0,0.0019438958333334,0.0,0.0,0.0,0.0,0.0,0.0,0.0,0.1999999999999999,0.0,0.0,0.0,0.0,0.0,0.0,0.0,0.0577922531270831,0.0,0.0,0.0,0.0,4.318,4.261,4.164,3.922,3.977,4.329,3.995,4.294,4.318,4.261,4.164,4.05,3.977,4.329,3.995,4.294,2.411633e-07,7.889937e-07,2.709172e-07,2.030009e-05,5.476591e-07,5.620395e-07,7.364162e-07,7.859885e-07,23.99999999999999,24.233267500000004,0.2332675000000144,0.2332675000000144,0.2332675000000144
904,904,True,4,0.0098299570588235,9.6628055778314e-05,0.0098299570588235,6.98854772e-05,0.3540424762254901,0.4254271875,0.0,0.0,0.0,0.0,0.5725490196078431,0.0,0.0,0.0,0.0,0.0,0.0,0.0,0.5823789766666666,0.0,0.0,0.0,0.0,0.0,0.0,0.0,0.0098299570588235,0.0,0.0,0.0,0.0,0.0,0.0,0.0,0.5725490196078431,0.0,0.0,0.0,0.0,0.0,0.0,0.0,0.3544356112404813,0.0,0.0,0.0,4.318,4.261,4.164,4.23,3.525,4.329,3.995,4.294,4.318,4.261,4.164,4.23,3.632,4.329,3.995,4.294,3.109919e-07,6.856847e-07,1.523272e-06,1.018336e-06,6.384382e-05,9.166232e-07,8.611524e-07,7.25597e-07,68.70588235294117,69.8854772,1.179594847058823,1.179594847058823,1.179594847058823
905,905,True,3,0.0003243904411764,1.0522915832667909e-07,0.0003243904411764,6.86669555e-05,0.8189289920588236,0.40516875,0.0,0.0,0.0,0.5725490196078431,0.0,0.0,0.0,0.0,0.0,0.0,0.0,0.5722246291666666,0.0,0.0,0.0,0.0,0.0,0.0,0.0,-0.0003243904411764,0.0,0.0,0.0,0.0,0.0,0.0,0.0,0.5725490196078431,0.0,0.0,0.0,0.0,0.0,0.0,0.0,0.2138013961680636,0.0,0.0,0.0,0.0,4.318,4.261,4.164,3.699,3.977,4.329,3.995,4.294,4.318,4.261,4.164,3.912,3.977,4.329,3.995,4.294,2.376102e-07,8.7196e-07,7.663397e-07,6.352211e-05,1.134806e-06,5.728957e-07,7.357136e-07,8.255203e-07,68.70588235294117,68.6669555,-0.0389268529411737,0.0389268529411737,0.0389268529411737
906,906,True,3,0.0081627107843136,6.662984734835006e-05,0.0081627107843136,6.639129e-05,0.7940349099509805,0.40516875,0.0,0.0,0.5450980392156863,0.0,0.0,0.0,0.0,0.0,0.0,0.0,0.55326075,0.0,0.0,0.0,0.0,0.0,0.0,0.0,0.0081627107843136,0.0,0.0,0.0,0.0,0.0,0.0,0.0,0.5450980392156863,0.0,0.0,0.0,0.0,0.0,0.0,0.0,0.1721799276110234,0.0,0.0,0.0,0.0,0.0,4.318,4.261,3.648,4.23,3.977,4.329,3.995,4.294,4.318,4.261,3.846,4.23,3.977,4.329,3.995,4.294,3.197312e-07,6.664929e-07,5.696334e-05,6.008399e-06,3.210005e-07,5.656487e-07,8.139324e-07,7.327453e-07,65.41176470588236,66.39129,0.9795252941176358,0.9795252941176358,0.9795252941176358
907,907,True,3,0.0182365557843134,0.0003325719668743,0.0182365557843134,6.760015139999999e-05,0.7598683124509804,0.40516875,0.0,0.5450980392156863,0.0,0.0,0.0,0.0,0.0,0.0,0.0,0.5633345949999998,0.0,0.0,0.0,0.0,0.0,0.0,0.0,0.0182365557843134,0.0,0.0,0.0,0.0,0.0,0.0,0.0,0.5450980392156863,0.0,0.0,0.0,0.0,0.0,0.0,0.0,0.1367310505963358,0.0,0.0,0.0,0.0,0.0,0.0,4.318,3.762,4.164,4.23,3.977,4.329,3.995,4.294,4.318,3.951,4.164,4.23,3.977,4.329,3.995,4.294,3.652672e-06,5.959866e-05,1.913608e-06,1.44586e-07,1.229714e-07,6.292674e-07,7.265901e-07,8.117965e-07,65.41176470588236,67.60015139999999,2.188386694117625,2.188386694117625,2.188386694117625
908,908,True,3,0.0061901362254902,3.8317786490126687e-05,0.0061901362254902,7.74486987e-05,0.8844919437254899,0.40516875,0.0,0.0,0.6392156862745098,0.0,0.0,0.0,0.0,0.0,0.0,0.0,0.6454058225,0.0,0.0,0.0,0.0,0.0,0.0,0.0,0.0061901362254902,0.0,0.0,0.0,0.0,0.0,0.0,0.0,0.6392156862745098,0.0,0.0,0.0,0.0,0.0,0.0,0.0,0.2126992938217096,0.0,0.0,0.0,0.0,0.0,4.318,4.261,3.605,4.23,3.977,4.329,3.995,4.294,4.318,4.261,3.82,4.23,3.977,4.329,3.995,4.294,3.207914e-07,6.5645e-07,6.727319e-05,6.741501e-06,3.445539e-07,5.647402e-07,8.176584e-07,7.298138e-07,76.70588235294117,77.44869870000001,0.7428163470588345,0.7428163470588345,0.7428163470588345
909,909,True,4,0.0025762470588236,6.637048908097477e-06,0.0025762470588236,7.7015032e-05,0.8221030837254903,0.4254271875,0.0,0.6392156862745098,0.0,0.0,0.0,0.0,0.0,0.0,0.0,0.6417919333333334,0.0,0.0,0.0,0.0,0.0,0.0,0.0,0.0025762470588236,0.0,0.0,0.0,0.0,0.0,0.0,0.0,0.6392156862745098,0.0,0.0,0.0,0.0,0.0,0.0,0.0,0.174978178168476,0.0,0.0,0.0,0.0,0.0,0.0,4.318,3.725,4.164,4.23,3.977,4.329,3.995,4.294,4.318,3.929,4.164,4.23,3.977,4.329,3.995,4.294,4.107871e-06,6.848016e-05,1.98213e-06,1.422277e-07,1.227548e-07,6.349727e-07,7.238061e-07,8.211097e-07,76.70588235294117,77.015032,0.3091496470588311,0.3091496470588311,0.3091496470588311
910,910,True,3,0.0132251403431374,0.0001749043370956,0.0132251403431374,9.57046639e-05,1.0196657420098043,0.40516875,0.0,0.0,0.784313725490196,0.0,0.0,0.0,0.0,0.0,0.0,0.0,0.7975388658333334,0.0,0.0,0.0,0.0,0.0,0.0,0.0,0.0132251403431374,0.0,0.0,0.0,0.0,0.0,0.0,0.0,0.784313725490196,0.0,0.0,0.0,0.0,0.0,0.0,0.0,0.2831416704488784,0.0,0.0,0.0,0.0,0.0,4.318,4.261,3.539,4.23,3.977,4.329,3.995,4.294,4.318,4.261,3.779,4.23,3.977,4.329,3.995,4.294,3.287741e-07,6.625062e-07,8.422983e-05,7.965785e-06,3.909579e-07,5.645444e-07,8.315291e-07,7.307372e-07,94.11764705882352,95.7046639,1.5870168411764922,1.5870168411764922,1.5870168411764922
911,911,True,4,0.0125493170098039,0.0001574853574125,0.0125493170098039,9.56235651e-05,0.9159179036764707,0.4254271875,0.0,0.784313725490196,0.0,0.0,0.0,0.0,0.0,0.0,0.0,0.7968630425,0.0,0.0,0.0,0.0,0.0,0.0,0.0,0.0125493170098039,0.0,0.0,0.0,0.0,0.0,0.0,0.0,0.784313725490196,0.0,0.0,0.0,0.0,0.0,0.0,0.0,0.2547198721668757,0.0,0.0,0.0,0.0,0.0,0.0,4.318,3.668,4.164,4.23,3.977,4.329,3.995,4.294,4.318,3.887,4.164,4.23,3.977,4.329,3.995,4.294,5.080632e-06,8.59905e-05,2.090244e-06,1.434595e-07,1.221966e-07,6.443773e-07,7.227724e-07,8.293833e-07,94.11764705882352,95.6235651,1.5059180411764856,1.5059180411764856,1.5059180411764856
912,912,True,3,0.0007461966666667,5.568094653446163e-07,0.0007461966666667,2.40895436e-05,0.4160387908333334,0.1929375,0.0,0.0,0.1999999999999999,0.0,0.0,0.0,0.0,0.0,0.0,0.0,0.2007461966666666,0.0,0.0,0.0,0.0,0.0,0.0,0.0,0.0007461966666667,0.0,0.0,0.0,0.0,0.0,0.0,0.0,0.1999999999999999,0.0,0.0,0.0,0.0,0.0,0.0,0.0,0.0654192820427081,0.0,0.0,0.0,0.0,0.0,4.318,4.261,3.828,4.23,3.977,4.329,3.995,4.294,4.318,4.261,3.972,4.23,3.977,4.329,3.995,4.294,2.935395e-07,6.63277e-07,1.80687e-05,2.775922e-06,2.083139e-07,5.688929e-07,7.802519e-07,7.306464e-07,23.99999999999999,24.0895436,0.0895436000000131,0.0895436000000131,0.0895436000000131
913,913,True,5,0.0109211441666665,0.0001192713899091,0.0109211441666665,2.26894627e-05,0.4947197358333333,0.1012921875,0.0,0.1999999999999999,0.0,0.0,0.0,0.0,0.0,0.0,0.0,0.1890788558333333,0.0,0.0,0.0,0.0,0.0,0.0,0.0,-0.0109211441666665,0.0,0.0,0.0,0.0,0.0,0.0,0.0,0.1999999999999999,0.0,0.0,0.0,0.0,0.0,0.0,0.0,0.0346342822355207,0.0,0.0,0.0,0.0,0.0,0.0,4.318,3.914,4.164,4.23,3.977,4.329,3.995,4.294,4.318,4.085,4.164,4.23,3.977,4.329,3.995,4.294,1.302373e-06,1.743921e-05,1.574532e-06,1.408665e-07,1.257906e-07,6.030285e-07,7.265571e-07,7.77105e-07,23.99999999999999,22.6894627,-1.3105372999999894,1.3105372999999894,1.3105372999999894
914,914,True,3,0.0031515762254902,9.932432705075224e-06,0.0031515762254902,6.90840715e-05,0.823956965392157,0.40516875,0.0,0.0,0.5725490196078431,0.0,0.0,0.0,0.0,0.0,0.0,0.0,0.5757005958333333,0.0,0.0,0.0,0.0,0.0,0.0,0.0,0.0031515762254902,0.0,0.0,0.0,0.0,0.0,0.0,0.0,0.5725490196078431,0.0,0.0,0.0,0.0,0.0,0.0,0.0,0.183642777360147,0.0,0.0,0.0,0.0,0.0,4.318,4.261,3.635,4.23,3.977,4.329,3.995,4.294,4.318,4.261,3.839,4.23,3.977,4.329,3.995,4.294,3.150649e-07,6.55761e-07,5.948739e-05,6.206721e-06,3.229608e-07,5.599903e-07,8.116361e-07,7.245474e-07,68.70588235294117,69.08407150000001,0.3781891470588334,0.3781891470588334,0.3781891470588334
915,915,True,2,0.0085668487745098,7.33908979253211e-05,0.0085668487745098,6.76778605e-05,1.2899842470588234,0.385875,0.0,0.5725490196078431,0.0,0.0,0.0,0.0,0.0,0.0,0.0,0.5639821708333332,0.0,0.0,0.0,0.0,0.0,0.0,0.0,-0.0085668487745098,0.0,0.0,0.0,0.0,0.0,0.0,0.0,0.5725490196078431,0.0,0.0,0.0,0.0,0.0,0.0,0.0,0.1355801141243872,0.0,0.0,0.0,0.0,0.0,0.0,4.318,3.751,4.164,4.23,3.977,4.329,3.995,4.294,4.318,3.951,4.164,4.23,3.977,4.329,3.995,4.294,3.645407e-06,5.970134e-05,1.91606e-06,1.419841e-07,1.218507e-07,6.232263e-07,7.211187e-07,8.068737e-07,68.70588235294117,67.6778605,-1.0280218529411798,1.0280218529411798,1.0280218529411798
916,916,True,4,0.0083624140686275,6.992996905518061e-05,0.0083624140686275,5.9827019100000005e-05,0.301620327401961,0.4254271875,0.0,0.0,0.0,0.0,0.4901960784313725,0.0,0.0,0.0,0.0,0.0,0.0,0.0,0.4985584925,0.0,0.0,0.0,0.0,0.0,0.0,0.0,0.0083624140686275,0.0,0.0,0.0,0.0,0.0,0.0,0.0,0.4901960784313725,0.0,0.0,0.0,0.0,0.0,0.0,0.0,0.3008429557124718,0.0,0.0,0.0,4.318,4.261,4.164,4.23,3.565,4.329,3.995,4.294,4.318,4.261,4.164,4.23,3.661,4.329,3.995,4.294,2.997255e-07,6.803772e-07,1.498186e-06,8.81211e-07,5.401257e-05,8.930571e-07,8.420081e-07,7.198842e-07,58.823529411764696,59.82701910000001,1.0034896882353124,1.0034896882353124,1.0034896882353124
917,917,True,2,0.0184500624019609,0.0003404048026362,0.0184500624019609,6.10375369e-05,0.706771828235294,0.385875,0.0,0.0,0.0,0.4901960784313725,0.0,0.0,0.0,0.0,0.0,0.0,0.0,0.5086461408333334,0.0,0.0,0.0,0.0,0.0,0.0,0.0,0.0184500624019609,0.0,0.0,0.0,0.0,0.0,0.0,0.0,0.4901960784313725,0.0,0.0,0.0,0.0,0.0,0.0,0.0,0.1881265758600489,0.0,0.0,0.0,0.0,4.318,4.261,4.164,3.745,3.977,4.329,3.995,4.294,4.318,4.261,4.164,3.932,3.977,4.329,3.995,4.294,2.348807e-07,8.498725e-07,6.364175e-07,5.617342e-05,1.033328e-06,5.630406e-07,7.322569e-07,8.143207e-07,58.823529411764696,61.0375369,2.214007488235304,2.214007488235304,2.214007488235304
918,918,True,4,0.010895818235294,0.0001187188550165,0.010895818235294,9.21310276e-05,0.4630256624019607,0.4254271875,0.0,0.0,0.0,0.0,0.7568627450980393,0.0,0.0,0.0,0.0,0.0,0.0,0.0,0.7677585633333334,0.0,0.0,0.0,0.0,0.0,0.0,0.0,0.010895818235294,0.0,0.0,0.0,0.0,0.0,0.0,0.0,0.7568627450980393,0.0,0.0,0.0,0.0,0.0,0.0,0.0,0.4755523090530921,0.0,0.0,0.0,4.318,4.261,4.164,4.23,3.441,4.329,3.995,4.294,4.318,4.261,4.164,4.23,3.572,4.329,3.995,4.294,3.1711e-07,6.835635e-07,1.534906e-06,1.312929e-06,8.572968e-05,9.54801e-07,8.819455e-07,7.160926e-07,90.82352941176472,92.1310276,1.307498188235286,1.307498188235286,1.307498188235286
919,919,True,3,0.0034471832352941,1.188307225769296e-05,0.0034471832352941,9.12371914e-05,1.0579314915686275,0.40516875,0.0,0.0,0.0,0.7568627450980393,0.0,0.0,0.0,0.0,0.0,0.0,0.0,0.7603099283333334,0.0,0.0,0.0,0.0,0.0,0.0,0.0,0.0034471832352941,0.0,0.0,0.0,0.0,0.0,0.0,0.0,0.7568627450980393,0.0,0.0,0.0,0.0,0.0,0.0,0.0,0.2981739040566301,0.0,0.0,0.0,0.0,4.318,4.261,4.164,3.597,3.977,4.329,3.995,4.294,4.318,4.261,4.164,3.858,3.977,4.329,3.995,4.294,2.353455e-07,8.917785e-07,1.242149e-06,8.534043e-05,1.389655e-06,5.729144e-07,7.334485e-07,8.314705e-07,90.82352941176472,91.2371914,0.4136619882352903,0.4136619882352903,0.4136619882352903
920,920,True,6,0.0063734849019608,4.062130979552328e-05,0.0063734849019608,5.95883476e-05,0.7358790207352942,0.2233492734375,0.0,0.0,0.4901960784313725,0.0,0.0,0.0,0.0,0.0,0.0,0.0,0.4965695633333333,0.0,0.0,0.0,0.0,0.0,0.0,0.0,0.0063734849019608,0.0,0.0,0.0,0.0,0.0,0.0,0.0,0.4901960784313725,0.0,0.0,0.0,0.0,0.0,0.0,0.0,0.1468879238688197,0.0,0.0,0.0,0.0,0.0,4.318,4.261,3.674,4.23,3.977,4.329,3.995,4.294,4.318,4.261,3.863,4.23,3.977,4.329,3.995,4.294,3.086054e-07,6.441209e-07,5.077148e-05,5.483518e-06,2.962295e-07,5.610645e-07,8.01372e-07,7.219573e-07,58.823529411764696,59.5883476,0.7648181882353029,0.7648181882353029,0.7648181882353029
921,921,True,3,0.0190212174019609,0.0003618067114526,0.0190212174019609,6.11060755e-05,0.7173942315686276,0.40516875,0.0,0.4901960784313725,0.0,0.0,0.0,0.0,0.0,0.0,0.0,0.5092172958333334,0.0,0.0,0.0,0.0,0.0,0.0,0.0,0.0190212174019609,0.0,0.0,0.0,0.0,0.0,0.0,0.0,0.4901960784313725,0.0,0.0,0.0,0.0,0.0,0.0,0.0,0.108792181752463,0.0,0.0,0.0,0.0,0.0,0.0,4.318,3.784,4.164,4.23,3.977,4.329,3.995,4.294,4.318,3.967,4.164,4.23,3.977,4.329,3.995,4.294,3.308048e-06,5.353047e-05,1.868199e-06,1.407434e-07,1.202971e-07,6.196401e-07,7.196914e-07,7.989865e-07,58.823529411764696,61.1060755,2.282546088235307,2.282546088235307,2.282546088235307
922,922,True,3,0.0174963382352939,0.0003061218516438,0.0174963382352939,9.292308999999998e-05,0.9938151540686276,0.40516875,0.0,0.0,0.7568627450980393,0.0,0.0,0.0,0.0,0.0,0.0,0.0,0.7743590833333333,0.0,0.0,0.0,0.0,0.0,0.0,0.0,0.0174963382352939,0.0,0.0,0.0,0.0,0.0,0.0,0.0,0.7568627450980393,0.0,0.0,0.0,0.0,0.0,0.0,0.0,0.2713424456025675,0.0,0.0,0.0,0.0,0.0,4.318,4.261,3.551,4.23,3.977,4.329,3.995,4.294,4.318,4.261,3.785,4.23,3.977,4.329,3.995,4.294,3.212419e-07,6.469041e-07,8.16907e-05,7.794118e-06,3.762192e-07,5.55241e-07,8.207768e-07,7.17889e-07,90.82352941176472,92.92309,2.0995605882352777,2.0995605882352777,2.0995605882352777
923,923,True,4,0.0120729199019606,0.0001457553949591,0.0120729199019606,9.22722798e-05,0.8928513082352941,0.4254271875,0.0,0.7568627450980393,0.0,0.0,0.0,0.0,0.0,0.0,0.0,0.768935665,0.0,0.0,0.0,0.0,0.0,0.0,0.0,0.0120729199019606,0.0,0.0,0.0,0.0,0.0,0.0,0.0,0.7568627450980393,0.0,0.0,0.0,0.0,0.0,0.0,0.0,0.239199770379019,0.0,0.0,0.0,0.0,0.0,0.0,4.318,3.679,4.164,4.23,3.977,4.329,3.995,4.294,4.318,3.894,4.164,4.23,3.977,4.329,3.995,4.294,4.892993e-06,8.28918e-05,2.066545e-06,1.399249e-07,1.182505e-07,6.313858e-07,7.160869e-07,8.152937e-07,90.82352941176472,92.2722798,1.4487503882352826,1.4487503882352826,1.4487503882352826
27,27,True,3,0.004498574656862653,2.0237173943366936e-05,0.004498574656862653,9.842218189999999e-05,1.1279290754901963,0.40516875,0.0,0.0,0.0,0.8156862745098039,0.0,0.0,0.0,0.0,0.0,0.0,0.0,0.8201848491666666,0.0,0.0,0.0,0.0,0.0,0.0,0.0,0.004498574656862653,0.0,0.0,0.0,0.0,0.0,0.0,0.0,0.8156862745098039,0.0,0.0,0.0,0.0,0.0,0.0,0.0,0.3249841149633088,0.0,0.0,0.0,0.0,4.318,4.261,4.164,3.563,3.977,4.329,3.995,4.294,4.318,4.261,4.164,3.841,3.977,4.329,3.995,4.294,2.336814e-07,9.118428e-07,1.417805e-06,9.222541e-05,1.481719e-06,5.803559e-07,7.350903e-07,8.362775e-07,97.88235294117646,98.42218189999998,0.5398289588235201,0.5398289588235201,0.5398289588235201
132,132,True,2,0.015574579117647203,0.00024256751469185233,0.015574579117647203,5.12807142e-05,0.6112391249509805,0.385875,0.0,0.0,0.0,0.4117647058823528,0.0,0.0,0.0,0.0,0.0,0.0,0.0,0.427339285,0.0,0.0,0.0,0.0,0.0,0.0,0.0,0.015574579117647203,0.0,0.0,0.0,0.0,0.0,0.0,0.0,0.4117647058823528,0.0,0.0,0.0,0.0,0.0,0.0,0.0,0.15281395266752426,0.0,0.0,0.0,0.0,4.318,4.261,4.164,3.789,3.977,4.329,3.995,4.294,4.318,4.261,4.164,3.959,3.977,4.329,3.995,4.294,2.345522e-07,8.384421e-07,4.855832e-07,4.671394e-05,9.054286e-07,5.631538e-07,7.341184e-07,8.054959e-07,49.411764705882334,51.2807142,1.8689494941176648,1.8689494941176648,1.8689494941176648
151,151,True,3,0.016951127843137292,0.00028734073515438433,0.016951127843137292,5.61517824e-05,0.6990955545098039,0.40516875,0.0,0.4509803921568627,0.0,0.0,0.0,0.0,0.0,0.0,0.0,0.46793152,0.0,0.0,0.0,0.0,0.0,0.0,0.0,0.016951127843137292,0.0,0.0,0.0,0.0,0.0,0.0,0.0,0.4509803921568627,0.0,0.0,0.0,0.0,0.0,0.0,0.0,0.08644585812898278,0.0,0.0,0.0,0.0,0.0,0.0,4.318,3.799,4.164,4.23,3.977,4.329,3.995,4.294,4.318,3.98,4.164,4.23,3.977,4.329,3.995,4.294,3.047515e-06,4.885429e-05,1.84058e-06,1.415197e-07,1.215353e-07,6.204036e-07,7.247447e-07,8.011941e-07,54.11764705882352,56.151782399999995,2.034135341176473,2.034135341176473,2.034135341176473
159,159,True,2,0.0047545302941176815,2.2605558317682767e-05,0.0047545302941176815,2.40999554e-05,0.3349166227941177,0.385875,0.0,0.0,0.0,0.196078431372549,0.0,0.0,0.0,0.0,0.0,0.0,0.0,0.20083296166666667,0.0,0.0,0.0,0.0,0.0,0.0,0.0,0.0047545302941176815,0.0,0.0,0.0,0.0,0.0,0.0,0.0,0.196078431372549,0.0,0.0,0.0,0.0,0.0,0.0,0.0,0.05662672549901955,0.0,0.0,0.0,0.0,4.318,4.261,4.164,3.925,3.977,4.329,3.995,4.294,4.318,4.261,4.164,4.051,3.977,4.329,3.995,4.294,2.393259e-07,7.832872e-07,2.722653e-07,2.018922e-05,5.388348e-07,5.598039e-07,7.353041e-07,7.819142e-07,23.529411764705877,24.0999554,0.570543635294122,0.570543635294122,0.570543635294122
224,224,False,7,0.36420386446078445,0.13264445488816945,0.36420386446078445,5.12338755e-05,0.36422176946078455,0.0057421875,0.0,0.0627450980392156,0.0,0.0,0.0,0.0,0.0,0.0,0.0,0.42694896250000003,0.0,0.0,0.0,0.0,0.0,0.0,0.0,0.36420386446078445,0.0,0.0,0.0,0.0,0.0,0.0,0.0,0.0627450980392156,0.0,0.0,0.0,0.0,0.0,0.0,0.0,0.0,0.0,0.0,0.0,0.0,0.0,0.0,4.318,3.993,4.164,4.23,3.977,4.329,3.995,4.294,4.318,4.261,4.164,4.23,3.977,4.329,3.995,4.294,2.7908e-06,4.423089e-05,1.805337e-06,1.421814e-07,1.2319e-07,6.169996e-07,7.253832e-07,7.990943e-07,7.5294117647058725,51.2338755,43.704463735294134,43.704463735294134,43.704463735294134
230,230,False,7,0.05637594122549017,0.0031782467490599218,0.05637594122549017,4.529004700000001e-06,0.29711436377450984,0.0057421875,0.0,0.0,0.0941176470588235,0.0,0.0,0.0,0.0,0.0,0.0,0.0,0.03774170583333333,0.0,0.0,0.0,0.0,0.0,0.0,0.0,-0.05637594122549017,0.0,0.0,0.0,0.0,0.0,0.0,0.0,0.0941176470588235,0.0,0.0,0.0,0.0,0.0,0.0,0.0,0.0,0.0,0.0,0.0,0.0,0.0,4.318,4.261,3.897,4.23,3.977,4.329,3.995,4.294,4.318,4.261,4.164,4.23,3.977,4.329,3.995,4.294,2.439653e-07,6.843365e-07,1.304204e-06,1.296334e-07,1.278003e-07,5.687318e-07,7.338716e-07,7.364618e-07,11.29411764705882,4.529004700000001,-6.76511294705882,6.76511294705882,6.76511294705882
254,254,True,7,0.012035552843137232,0.0001448545322399487,0.012035552843137232,4.04380866e-05,0.6130318921568627,0.11167463671875001,0.0,0.3490196078431372,0.0,0.0,0.0,0.0,0.0,0.0,0.0,0.33698405499999995,0.0,0.0,0.0,0.0,0.0,0.0,0.0,-0.012035552843137232,0.0,0.0,0.0,0.0,0.0,0.0,0.0,0.3490196078431372,0.0,0.0,0.0,0.0,0.0,0.0,0.0,0.04659420475444744,0.0,0.0,0.0,0.0,0.0,0.0,4.318,3.845,4.164,4.23,3.977,4.329,3.995,4.294,4.318,4.024,4.164,4.23,3.977,4.329,3.995,4.294,2.237427e-06,3.406384e-05,1.734123e-06,1.41999e-07,1.238324e-07,6.130935e-07,7.290967e-07,7.94675e-07,41.882352941176464,40.4380866,-1.4442663411764656,1.4442663411764656,1.4442663411764656
297,297,False,7,0.04452079784313718,0.001982101440589488,0.04452079784313718,4.539857199999999e-06,0.2388497313235295,0.0057421875,0.0,0.0,0.0823529411764705,0.0,0.0,0.0,0.0,0.0,0.0,0.0,0.037832143333333325,0.0,0.0,0.0,0.0,0.0,0.0,0.0,-0.04452079784313718,0.0,0.0,0.0,0.0,0.0,0.0,0.0,0.0823529411764705,0.0,0.0,0.0,0.0,0.0,0.0,0.0,0.0,0.0,0.0,0.0,0.0,0.0,4.318,4.261,3.922,4.23,3.977,4.329,3.995,4.294,4.318,4.261,4.164,4.23,3.977,4.329,3.995,4.294,2.43974e-07,6.864533e-07,1.305644e-06,1.302346e-07,1.287176e-07,5.703886e-07,7.356564e-07,7.387887e-07,9.88235294117646,4.539857199999999,-5.342495741176461,5.342495741176461,5.342495741176461
300,300,False,6,0.26456359936274515,0.06999389810777112,0.26456359936274515,4.21005731e-05,0.0484368723039215,0.00546875,0.0,0.0,0.0862745098039215,0.0,0.0,0.0,0.0,0.0,0.0,0.0,0.35083810916666663,0.0,0.0,0.0,0.0,0.0,0.0,0.0,0.26456359936274515,0.0,0.0,0.0,0.0,0.0,0.0,0.0,0.0862745098039215,0.0,0.0,0.0,0.0,0.0,0.0,0.0,0.0862745098039215,0.0,0.0,0.0,0.0,0.0,4.318,4.261,3.911,4.23,3.977,4.329,3.995,4.294,4.318,4.261,3.911,4.23,3.977,4.329,3.995,4.294,3.057944e-07,6.667819e-07,3.45409e-05,4.231621e-06,2.569114e-07,5.678118e-07,7.98733e-07,7.320196e-07,10.35294117647058,42.1005731,31.74763192352942,31.74763192352942,31.74763192352942
325,325,True,3,0.006538708382352806,4.2754707309450855e-05,0.006538708382352806,8.6271197e-06,0.21104450245098055,0.40516875,0.0,0.0,0.0784313725490195,0.0,0.0,0.0,0.0,0.0,0.0,0.0,0.07189266416666669,0.0,0.0,0.0,0.0,0.0,0.0,0.0,-0.006538708382352806,0.0,0.0,0.0,0.0,0.0,0.0,0.0,0.0784313725490195,0.0,0.0,0.0,0.0,0.0,0.0,0.0,0.03766126650873137,0.0,0.0,0.0,0.0,0.0,4.318,4.261,3.934,4.23,3.977,4.329,3.995,4.294,4.318,4.261,4.053,4.23,3.977,4.329,3.995,4.294,2.74877e-07,6.732508e-07,4.171138e-06,1.268907e-06,1.617933e-07,5.748187e-07,7.618742e-07,7.404607e-07,9.411764705882339,8.627119700000002,-0.7846450058823375,0.7846450058823375,0.7846450058823375
342,342,False,7,0.052275049264705845,0.002732680775627423,0.052275049264705845,4.5505235e-06,0.29283573740196084,0.0057421875,0.0,0.0,0.0901960784313725,0.0,0.0,0.0,0.0,0.0,0.0,0.0,0.03792102916666666,0.0,0.0,0.0,0.0,0.0,0.0,0.0,-0.052275049264705845,0.0,0.0,0.0,0.0,0.0,0.0,0.0,0.0901960784313725,0.0,0.0,0.0,0.0,0.0,0.0,0.0,0.0,0.0,0.0,0.0,0.0,0.0,4.318,4.261,3.9,4.23,3.977,4.329,3.995,4.294,4.318,4.261,4.164,4.23,3.977,4.329,3.995,4.294,2.424756e-07,6.892455e-07,1.307246e-06,1.314311e-07,1.28248e-07,5.734597e-07,7.365172e-07,7.419004e-07,10.823529411764701,4.5505235,-6.2730059117647015,6.2730059117647015,6.2730059117647015
360,360,False,7,0.02081274107843136,0.0004331701911978242,0.02081274107843136,4.5612946e-06,0.359959972254902,0.0057421875,0.0,0.0588235294117647,0.0,0.0,0.0,0.0,0.0,0.0,0.0,0.03801078833333334,0.0,0.0,0.0,0.0,0.0,0.0,0.0,-0.02081274107843136,0.0,0.0,0.0,0.0,0.0,0.0,0.0,0.0588235294117647,0.0,0.0,0.0,0.0,0.0,0.0,0.0,0.0,0.0,0.0,0.0,0.0,0.0,0.0,4.318,3.996,4.164,4.23,3.977,4.329,3.995,4.294,4.318,4.261,4.164,4.23,3.977,4.329,3.995,4.294,2.4687e-07,6.889335e-07,1.31093e-06,1.320993e-07,1.281556e-07,5.753449e-07,7.365474e-07,7.424139e-07,7.058823529411764,4.5612946,-2.4975289294117635,2.4975289294117635,2.4975289294117635
368,368,True,3,0.00029882328431379834,8.929535524808516e-08,0.00029882328431379834,2.54476235e-05,0.4304341549509802,0.40516875,0.0,0.0,0.2117647058823529,0.0,0.0,0.0,0.0,0.0,0.0,0.0,0.2120635291666667,0.0,0.0,0.0,0.0,0.0,0.0,0.0,0.00029882328431379834,0.0,0.0,0.0,0.0,0.0,0.0,0.0,0.2117647058823529,0.0,0.0,0.0,0.0,0.0,0.0,0.0,0.06707105929704044,0.0,0.0,0.0,0.0,0.0,4.318,4.261,3.821,4.23,3.977,4.329,3.995,4.294,4.318,4.261,3.967,4.23,3.977,4.329,3.995,4.294,2.934177e-07,6.620132e-07,1.929862e-05,2.886742e-06,2.126537e-07,5.727816e-07,7.850841e-07,7.363112e-07,25.411764705882348,25.447623500000002,0.03585879411765447,0.03585879411765447,0.03585879411765447
427,427,True,4,0.013528123088235477,0.0001830101142904498,0.013528123088235477,0.0001206821983,1.0415530705882352,0.4254271875,0.0,0.992156862745098,0.0,0.0,0.0,0.0,0.0,0.0,0.0,1.0056849858333334,0.0,0.0,0.0,0.0,0.0,0.0,0.0,0.013528123088235477,0.0,0.0,0.0,0.0,0.0,0.0,0.0,0.992156862745098,0.0,0.0,0.0,0.0,0.0,0.0,0.0,0.3714945316634537,0.0,0.0,0.0,0.0,0.0,0.0,4.318,3.585,4.164,4.23,3.977,4.329,3.995,4.294,4.318,3.835,4.164,4.23,3.977,4.329,3.995,4.294,6.323688e-06,0.000109628,2.24139e-06,1.405106e-07,1.218027e-07,6.566275e-07,7.256002e-07,8.445793e-07,119.05882352941175,120.68219830000001,1.6233747705882564,1.6233747705882564,1.6233747705882564
436,436,True,4,0.0033619513725492434,1.1302717031385741e-05,0.0033619513725492434,8.08740224e-05,0.8439972413725495,0.4254271875,0.0,0.6705882352941174,0.0,0.0,0.0,0.0,0.0,0.0,0.0,0.6739501866666666,0.0,0.0,0.0,0.0,0.0,0.0,0.0,0.0033619513725492434,0.0,0.0,0.0,0.0,0.0,0.0,0.0,0.6705882352941174,0.0,0.0,0.0,0.0,0.0,0.0,0.0,0.1896690895353011,0.0,0.0,0.0,0.0,0.0,0.0,4.318,3.713,4.164,4.23,3.977,4.329,3.995,4.294,4.318,3.92,4.164,4.23,3.977,4.329,3.995,4.294,4.324577e-06,7.210109e-05,2.001388e-06,1.435826e-07,1.220231e-07,6.35805e-07,7.263453e-07,8.192114e-07,80.47058823529409,80.8740224,0.40343416470591364,0.40343416470591364,0.40343416470591364
475,475,False,6,1.1442841090686282,1.3093861222669843,1.1442841090686282,0.00023613762250000004,0.7857635559313724,0.00546875,0.0,0.0,0.0,0.8235294117647057,0.0,0.0,0.0,0.0,0.0,0.0,0.0,1.9678135208333338,0.0,0.0,0.0,0.0,0.0,0.0,0.0,1.1442841090686282,0.0,0.0,0.0,0.0,0.0,0.0,0.0,0.8235294117647057,0.0,0.0,0.0,0.0,0.0,0.0,0.0,0.8235294117647057,0.0,0.0,0.0,0.0,4.318,4.261,4.164,3.559,3.977,4.329,3.995,4.294,4.318,4.261,4.164,3.559,3.977,4.329,3.995,4.294,2.370639e-07,1.078665e-06,5.681703e-06,0.0002238541,2.949685e-06,6.782945e-07,7.414916e-07,9.166195e-07,98.82352941176468,236.13762250000005,137.31409308823538,137.31409308823538,137.31409308823538
490,490,True,5,0.0065718584313725625,4.318932324200264e-05,0.0065718584313725625,1.8034906400000002e-05,0.3627227932352941,0.21271359375,0.0,0.0,0.1568627450980392,0.0,0.0,0.0,0.0,0.0,0.0,0.0,0.15029088666666665,0.0,0.0,0.0,0.0,0.0,0.0,0.0,-0.0065718584313725625,0.0,0.0,0.0,0.0,0.0,0.0,0.0,0.1568627450980392,0.0,0.0,0.0,0.0,0.0,0.0,0.0,0.05665227482416561,0.0,0.0,0.0,0.0,0.0,4.318,4.261,3.856,4.23,3.977,4.329,3.995,4.294,4.318,4.261,3.998,4.23,3.977,4.329,3.995,4.294,2.819063e-07,6.587755e-07,1.261149e-05,2.228129e-06,1.888256e-07,5.636045e-07,7.737743e-07,7.284012e-07,18.823529411764707,18.0349064,-0.788623011764706,0.788623011764706,0.788623011764706
514,514,True,4,0.013550774264705856,0.00018362348317301454,0.013550774264705856,0.0001188025635,1.026451627598039,0.4254271875,0.0,0.9764705882352942,0.0,0.0,0.0,0.0,0.0,0.0,0.0,0.9900213625000001,0.0,0.0,0.0,0.0,0.0,0.0,0.0,0.013550774264705856,0.0,0.0,0.0,0.0,0.0,0.0,0.0,0.9764705882352942,0.0,0.0,0.0,0.0,0.0,0.0,0.0,0.3637729045405853,0.0,0.0,0.0,0.0,0.0,0.0,4.318,3.592,4.164,4.23,3.977,4.329,3.995,4.294,4.318,3.838,4.164,4.23,3.977,4.329,3.995,4.294,6.220442e-06,0.0001078858,2.231154e-06,1.396075e-07,1.196459e-07,6.473084e-07,7.229579e-07,8.356478e-07,117.1764705882353,118.8025635,1.626092911764701,1.626092911764701,1.626092911764701
545,545,True,4,0.010699249558823481,0.00011447394112198446,0.010699249558823481,2.6010207699999997e-05,0.5248149862745098,0.09646875,0.0,0.2274509803921568,0.0,0.0,0.0,0.0,0.0,0.0,0.0,0.21675173083333332,0.0,0.0,0.0,0.0,0.0,0.0,0.0,-0.010699249558823481,0.0,0.0,0.0,0.0,0.0,0.0,0.0,0.2274509803921568,0.0,0.0,0.0,0.0,0.0,0.0,0.0,0.037088397891482786,0.0,0.0,0.0,0.0,0.0,0.0,4.318,3.899,4.164,4.23,3.977,4.329,3.995,4.294,4.318,4.072,4.164,4.23,3.977,4.329,3.995,4.294,1.480208e-06,2.055839e-05,1.604424e-06,1.397791e-07,1.243722e-07,5.986797e-07,7.27905e-07,7.764497e-07,27.294117647058815,26.0102077,-1.2839099470588167,1.2839099470588167,1.2839099470588167
