timestamp,scan_type,mzi_id,point_index,scan_axis,scan_value,input_channel,output_channel,target_power_w,voltage_v,p_primary,p_secondary,v_primary,v_secondary,bmzi,opm_channel,is_target_output,opm_median_uW,opm_mean_uW,opm_std_uW,opm_relative_std,opm_raw_uW
2026-06-09T16:30:15,delta_current_probe,5,1,probe_axis_power_w,-0.001000000000,2,2,0.030246094236,3.935471509230,,,,,,1,False,79.573490000000,79.599110000000,0.066786731217,0.000839038668,"[79.53319, 79.57348999999999, 79.69064999999999]"
2026-06-09T16:30:15,delta_current_probe,5,1,probe_axis_power_w,-0.001000000000,2,2,0.030246094236,3.935471509230,,,,,,2,True,79.537350000000,79.553236666667,0.028118256624,0.000353452076,"[79.59275000000001, 79.53735, 79.52961]"
2026-06-09T16:30:15,delta_current_probe,5,1,probe_axis_power_w,-0.001000000000,2,2,0.030246094236,3.935471509230,,,,,,3,False,11.095890000000,11.097426666667,0.003314436436,0.000298667118,"[11.09436, 11.095889999999999, 11.102030000000001]"
2026-06-09T16:30:15,delta_current_probe,5,1,probe_axis_power_w,-0.001000000000,2,2,0.030246094236,3.935471509230,,,,,,4,False,3.771783000000,3.771698333333,0.000687651721,0.000182318855,"[3.772495, 3.771783, 3.7708169999999996]"
2026-06-09T16:30:15,delta_current_probe,5,1,probe_axis_power_w,-0.001000000000,2,2,0.030246094236,3.935471509230,,,,,,5,False,0.473356700000,0.473527733333,0.001907866191,0.004029048473,"[0.47594519999999996, 0.4733567, 0.4712813]"
2026-06-09T16:30:15,delta_current_probe,5,1,probe_axis_power_w,-0.001000000000,2,2,0.030246094236,3.935471509230,,,,,,6,False,0.042135190000,0.042132176667,0.000053914565,0.001279652978,"[0.042196649999999995, 0.04213519, 0.04206469]"
2026-06-09T16:30:15,delta_current_probe,5,1,probe_axis_power_w,-0.001000000000,2,2,0.030246094236,3.935471509230,,,,,,7,False,0.003566612000,0.003566845000,0.000008395610,0.002353791613,"[0.003556681, 0.003577242, 0.0035666120000000003]"
2026-06-09T16:30:15,delta_current_probe,5,1,probe_axis_power_w,-0.001000000000,2,2,0.030246094236,3.935471509230,,,,,,8,False,0.147698900000,0.147570000000,0.000448271800,0.003037689232,"[0.14804309999999998, 0.14769890000000002, 0.146968]"
2026-06-09T16:30:28,delta_current_probe,5,2,probe_axis_power_w,-0.000500000000,2,2,0.030746094236,3.967866933250,,,,,,1,False,81.882350000000,81.828870000000,0.077763106934,0.000950313831,"[81.71891000000001, 81.88535, 81.88235]"
2026-06-09T16:30:28,delta_current_probe,5,2,probe_axis_power_w,-0.000500000000,2,2,0.030746094236,3.967866933250,,,,,,2,True,76.477370000000,76.552603333333,0.127460583275,0.001665006515,"[76.44836, 76.47737000000001, 76.73208]"
2026-06-09T16:30:28,delta_current_probe,5,2,probe_axis_power_w,-0.000500000000,2,2,0.030746094236,3.967866933250,,,,,,3,False,12.107960000000,12.107933333333,0.001404500702,0.000115998384,"[12.10796, 12.1062, 12.109639999999999]"
2026-06-09T16:30:28,delta_current_probe,5,2,probe_axis_power_w,-0.000500000000,2,2,0.030746094236,3.967866933250,,,,,,4,False,3.678869000000,3.676500666667,0.003416012718,0.000929147858,"[3.6788689999999997, 3.678963, 3.6716699999999998]"
2026-06-09T16:30:28,delta_current_probe,5,2,probe_axis_power_w,-0.000500000000,2,2,0.030746094236,3.967866933250,,,,,,5,False,0.395643900000,0.394623466667,0.001831834374,0.004641980341,"[0.39617539999999996, 0.3956439, 0.3920511]"
2026-06-09T16:30:28,delta_current_probe,5,2,probe_axis_power_w,-0.000500000000,2,2,0.030746094236,3.967866933250,,,,,,6,False,0.042943760000,0.042952253333,0.000022549604,0.000524992331,"[0.04298312, 0.04294376, 0.042929880000000004]"
2026-06-09T16:30:28,delta_current_probe,5,2,probe_axis_power_w,-0.000500000000,2,2,0.030746094236,3.967866933250,,,,,,7,False,0.003592233000,0.003590642000,0.000011665364,0.003248824067,"[0.003592233, 0.003604067, 0.003575626]"
2026-06-09T16:30:28,delta_current_probe,5,2,probe_axis_power_w,-0.000500000000,2,2,0.030746094236,3.967866933250,,,,,,8,False,0.146772300000,0.146760866667,0.000419553019,0.002858752665,"[0.1472689, 0.1467723, 0.1462414]"
2026-06-09T16:30:41,delta_current_probe,5,3,probe_axis_power_w,0.000000000000,2,2,0.031246094236,4.000000000000,,,,,,1,False,83.795780000000,83.819746666667,0.078049372978,0.000931157348,"[83.92504, 83.79578, 83.73842]"
2026-06-09T16:30:41,delta_current_probe,5,3,probe_axis_power_w,0.000000000000,2,2,0.031246094236,4.000000000000,,,,,,2,True,73.156290000000,73.163986666667,0.029199283477,0.000399093664,"[73.20297, 73.15629, 73.1327]"
2026-06-09T16:30:41,delta_current_probe,5,3,probe_axis_power_w,0.000000000000,2,2,0.031246094236,4.000000000000,,,,,,3,False,13.323600000000,13.322540000000,0.005343725292,0.000401104091,"[13.31553, 13.32849, 13.3236]"
2026-06-09T16:30:41,delta_current_probe,5,3,probe_axis_power_w,0.000000000000,2,2,0.031246094236,4.000000000000,,,,,,4,False,3.659773000000,3.660098666667,0.000546129614,0.000149211719,"[3.659773, 3.660868, 3.6596550000000003]"
2026-06-09T16:30:41,delta_current_probe,5,3,probe_axis_power_w,0.000000000000,2,2,0.031246094236,4.000000000000,,,,,,5,False,0.328648300000,0.328792633333,0.000343888474,0.001045912951,"[0.32846260000000005, 0.3286483, 0.32926700000000003]"
2026-06-09T16:30:41,delta_current_probe,5,3,probe_axis_power_w,0.000000000000,2,2,0.031246094236,4.000000000000,,,,,,6,False,0.045380670000,0.045370266667,0.000025470116,0.000561383437,"[0.0453352, 0.045380670000000005, 0.04539493]"
2026-06-09T16:30:41,delta_current_probe,5,3,probe_axis_power_w,0.000000000000,2,2,0.031246094236,4.000000000000,,,,,,7,False,0.003531486000,0.003535389000,0.000006175060,0.001746642277,"[0.003530575, 0.0035314860000000003, 0.003544106]"
2026-06-09T16:30:41,delta_current_probe,5,3,probe_axis_power_w,0.000000000000,2,2,0.031246094236,4.000000000000,,,,,,8,False,0.147564900000,0.147547300000,0.000079607412,0.000539538248,"[0.1474422, 0.1476348, 0.1475649]"
2026-06-09T16:30:54,delta_current_probe,5,4,probe_axis_power_w,0.000500000000,2,2,0.031746094236,4.031876982253,,,,,,1,False,85.504850000000,85.496986666667,0.042848689076,0.000501171921,"[85.44102, 85.54509, 85.50485]"
2026-06-09T16:30:54,delta_current_probe,5,4,probe_axis_power_w,0.000500000000,2,2,0.031746094236,4.031876982253,,,,,,2,True,69.619640000000,69.647240000000,0.052483831796,0.000753566571,"[69.60137, 69.72071, 69.61964]"
2026-06-09T16:30:54,delta_current_probe,5,4,probe_axis_power_w,0.000500000000,2,2,0.031746094236,4.031876982253,,,,,,3,False,14.768190000000,14.767426666667,0.004170630115,0.000282420913,"[14.761980000000001, 14.768189999999999, 14.77211]"
2026-06-09T16:30:54,delta_current_probe,5,4,probe_axis_power_w,0.000500000000,2,2,0.031746094236,4.031876982253,,,,,,4,False,3.719574000000,3.720843000000,0.002755244817,0.000740489404,"[3.7182869999999997, 3.724668, 3.719574]"
2026-06-09T16:30:54,delta_current_probe,5,4,probe_axis_power_w,0.000500000000,2,2,0.031746094236,4.031876982253,,,,,,5,False,0.268314800000,0.268216066667,0.000395596439,0.001474917008,"[0.2683148, 0.2676898, 0.2686436]"
2026-06-09T16:30:54,delta_current_probe,5,4,probe_axis_power_w,0.000500000000,2,2,0.031746094236,4.031876982253,,,,,,6,False,0.049032610000,0.049036620000,0.000051823101,0.001056824492,"[0.049102, 0.049032610000000004, 0.04897525]"
2026-06-09T16:30:54,delta_current_probe,5,4,probe_axis_power_w,0.000500000000,2,2,0.031746094236,4.031876982253,,,,,,7,False,0.003543489000,0.003545164333,0.000005941729,0.001676009504,"[0.0035388710000000003, 0.003553133, 0.003543489]"
2026-06-09T16:30:54,delta_current_probe,5,4,probe_axis_power_w,0.000500000000,2,2,0.031746094236,4.031876982253,,,,,,8,False,0.148767000000,0.148715166667,0.000193381356,0.001300347237,"[0.1484567, 0.148767, 0.1489218]"
2026-06-09T16:31:06,delta_current_probe,5,5,probe_axis_power_w,0.001000000000,2,2,0.032246094236,4.063503906733,,,,,,1,False,87.172760000000,87.153976666667,0.031865193481,0.000365619501,"[87.17276, 87.10911, 87.18006000000001]"
2026-06-09T16:31:06,delta_current_probe,5,5,probe_axis_power_w,0.001000000000,2,2,0.032246094236,4.063503906733,,,,,,2,True,65.872930000000,65.867733333333,0.036068610853,0.000547591499,"[65.87293000000001, 65.82119, 65.90908]"
2026-06-09T16:31:06,delta_current_probe,5,5,probe_axis_power_w,0.001000000000,2,2,0.032246094236,4.063503906733,,,,,,3,False,16.437920000000,16.442003333333,0.012380636315,0.000752988311,"[16.458789999999997, 16.429299999999998, 16.43792]"
2026-06-09T16:31:06,delta_current_probe,5,5,probe_axis_power_w,0.001000000000,2,2,0.032246094236,4.063503906733,,,,,,4,False,3.859285000000,3.860776333333,0.004397764382,0.001139088101,"[3.8667510000000003, 3.8592850000000003, 3.856293]"
2026-06-09T16:31:06,delta_current_probe,5,5,probe_axis_power_w,0.001000000000,2,2,0.032246094236,4.063503906733,,,,,,5,False,0.216024400000,0.215643700000,0.000833601995,0.003865645022,"[0.21641960000000002, 0.21448709999999999, 0.2160244]"
2026-06-09T16:31:06,delta_current_probe,5,5,probe_axis_power_w,0.001000000000,2,2,0.032246094236,4.063503906733,,,,,,6,False,0.054284470000,0.054299996667,0.000053900185,0.000992636988,"[0.05437239, 0.05424313, 0.05428447]"
2026-06-09T16:31:06,delta_current_probe,5,5,probe_axis_power_w,0.001000000000,2,2,0.032246094236,4.063503906733,,,,,,7,False,0.003543354000,0.003544595333,0.000002017640,0.000569215874,"[0.0035474409999999997, 0.003543354, 0.0035429909999999997]"
2026-06-09T16:31:06,delta_current_probe,5,5,probe_axis_power_w,0.001000000000,2,2,0.032246094236,4.063503906733,,,,,,8,False,0.150046800000,0.149950166667,0.000177885400,0.001186296781,"[0.1500468, 0.1497007, 0.15010300000000001]"
2026-06-09T16:31:20,delta_current_probe,6,1,probe_axis_power_w,-0.001000000000,4,4,0.033163089599,4.129206316224,,,,,,1,False,1.907875000000,1.906879666667,0.002739048537,0.001436403453,"[1.90314, 1.9096240000000002, 1.907875]"
2026-06-09T16:31:20,delta_current_probe,6,1,probe_axis_power_w,-0.001000000000,4,4,0.033163089599,4.129206316224,,,,,,2,False,22.803520000000,22.794216666667,0.014988863273,0.000657573081,"[22.803520000000002, 22.80606, 22.773069999999997]"
2026-06-09T16:31:20,delta_current_probe,6,1,probe_axis_power_w,-0.001000000000,4,4,0.033163089599,4.129206316224,,,,,,3,False,24.856530000000,24.858536666667,0.011745593027,0.000472497363,"[24.873820000000002, 24.84526, 24.85653]"
2026-06-09T16:31:20,delta_current_probe,6,1,probe_axis_power_w,-0.001000000000,4,4,0.033163089599,4.129206316224,,,,,,4,True,51.650910000000,51.644113333333,0.019451876231,0.000376652342,"[51.650909999999996, 51.663799999999995, 51.61763]"
2026-06-09T16:31:20,delta_current_probe,6,1,probe_axis_power_w,-0.001000000000,4,4,0.033163089599,4.129206316224,,,,,,5,False,36.870150000000,36.873440000000,0.027935486393,0.000757604563,"[36.90918, 36.84099, 36.87015]"
2026-06-09T16:31:20,delta_current_probe,6,1,probe_axis_power_w,-0.001000000000,4,4,0.033163089599,4.129206316224,,,,,,6,False,5.147783000000,5.148610333333,0.001715417410,0.000333180664,"[5.147783, 5.147049, 5.150999]"
2026-06-09T16:31:20,delta_current_probe,6,1,probe_axis_power_w,-0.001000000000,4,4,0.033163089599,4.129206316224,,,,,,7,False,0.046130100000,0.046279830000,0.000216170435,0.004670942714,"[0.046123870000000004, 0.0461301, 0.04658552]"
2026-06-09T16:31:20,delta_current_probe,6,1,probe_axis_power_w,-0.001000000000,4,4,0.033163089599,4.129206316224,,,,,,8,False,0.101256100000,0.101194400000,0.000294695855,0.002912175521,"[0.1012561, 0.1015205, 0.1008066]"
2026-06-09T16:31:33,delta_current_probe,6,2,probe_axis_power_w,-0.000500000000,4,4,0.033663089599,4.160217891045,,,,,,1,False,1.881220000000,1.880947000000,0.000774398261,0.000411706582,"[1.879892, 1.881729, 1.8812200000000001]"
2026-06-09T16:31:33,delta_current_probe,6,2,probe_axis_power_w,-0.000500000000,4,4,0.033663089599,4.160217891045,,,,,,2,False,22.840030000000,22.833883333333,0.014615157277,0.000640064463,"[22.8479, 22.84003, 22.81372]"
2026-06-09T16:31:33,delta_current_probe,6,2,probe_axis_power_w,-0.000500000000,4,4,0.033663089599,4.160217891045,,,,,,3,False,24.908050000000,24.904953333333,0.029056006073,0.001166675789,"[24.90805, 24.938889999999997, 24.86792]"
2026-06-09T16:31:33,delta_current_probe,6,2,probe_axis_power_w,-0.000500000000,4,4,0.033663089599,4.160217891045,,,,,,4,True,51.978700000000,51.964203333333,0.027865453323,0.000536243251,"[51.978699999999996, 51.925219999999996, 51.98869]"
2026-06-09T16:31:33,delta_current_probe,6,2,probe_axis_power_w,-0.000500000000,4,4,0.033663089599,4.160217891045,,,,,,5,False,37.298280000000,37.303390000000,0.017838723796,0.000478206506,"[37.29828, 37.28455, 37.32734]"
2026-06-09T16:31:33,delta_current_probe,6,2,probe_axis_power_w,-0.000500000000,4,4,0.033663089599,4.160217891045,,,,,,6,False,4.452572000000,4.453123333333,0.001474009799,0.000331005833,"[4.45514, 4.452572, 4.451658]"
2026-06-09T16:31:33,delta_current_probe,6,2,probe_axis_power_w,-0.000500000000,4,4,0.033663089599,4.160217891045,,,,,,7,False,0.055573100000,0.055549223333,0.000056257426,0.001012749108,"[0.0555731, 0.05560301, 0.05547156]"
2026-06-09T16:31:33,delta_current_probe,6,2,probe_axis_power_w,-0.000500000000,4,4,0.033663089599,4.160217891045,,,,,,8,False,0.091538120000,0.091614826667,0.000159934085,0.001745722729,"[0.09146891, 0.09153812, 0.09183745]"
2026-06-09T16:31:46,delta_current_probe,6,3,probe_axis_power_w,0.000000000000,4,4,0.034163089599,4.191000000000,,,,,,1,False,1.882023000000,1.881626000000,0.000598588896,0.000318123206,"[1.882023, 1.88078, 1.8820750000000002]"
2026-06-09T16:31:46,delta_current_probe,6,3,probe_axis_power_w,0.000000000000,4,4,0.034163089599,4.191000000000,,,,,,2,False,22.855990000000,22.853863333333,0.007420783127,0.000324705850,"[22.85599, 22.8617, 22.8439]"
2026-06-09T16:31:46,delta_current_probe,6,3,probe_axis_power_w,0.000000000000,4,4,0.034163089599,4.191000000000,,,,,,3,False,24.860430000000,24.861126666667,0.014856159964,0.000597565837,"[24.879659999999998, 24.860429999999997, 24.84329]"
2026-06-09T16:31:46,delta_current_probe,6,3,probe_axis_power_w,0.000000000000,4,4,0.034163089599,4.191000000000,,,,,,4,True,51.951250000000,51.935036666667,0.026499078391,0.000510235095,"[51.95125, 51.95619, 51.89767]"
2026-06-09T16:31:46,delta_current_probe,6,3,probe_axis_power_w,0.000000000000,4,4,0.034163089599,4.191000000000,,,,,,5,False,37.285170000000,37.286726666667,0.029524629643,0.000791826805,"[37.32364, 37.25137, 37.28517]"
2026-06-09T16:31:46,delta_current_probe,6,3,probe_axis_power_w,0.000000000000,4,4,0.034163089599,4.191000000000,,,,,,6,False,4.448292000000,4.449270000000,0.003510326481,0.000788966837,"[4.453974, 4.445544000000001, 4.448292]"
2026-06-09T16:31:46,delta_current_probe,6,3,probe_axis_power_w,0.000000000000,4,4,0.034163089599,4.191000000000,,,,,,7,False,0.055561050000,0.055633816667,0.000205035163,0.003685441257,"[0.05556105, 0.05591328, 0.05542712]"
2026-06-09T16:31:46,delta_current_probe,6,3,probe_axis_power_w,0.000000000000,4,4,0.034163089599,4.191000000000,,,,,,8,False,0.091668280000,0.091611230000,0.000198361262,0.002165250499,"[0.09182057, 0.09166827999999999, 0.09134484000000001]"
2026-06-09T16:31:58,delta_current_probe,6,4,probe_axis_power_w,0.000500000000,4,4,0.034663089599,4.221557662644,,,,,,1,False,1.822334000000,1.822496666667,0.000529486754,0.000290528243,"[1.822334, 1.8232110000000001, 1.8219450000000001]"
2026-06-09T16:31:58,delta_current_probe,6,4,probe_axis_power_w,0.000500000000,4,4,0.034663089599,4.221557662644,,,,,,2,False,22.770960000000,22.792920000000,0.037139588940,0.001629435322,"[22.76258, 22.77096, 22.84522]"
2026-06-09T16:31:58,delta_current_probe,6,4,probe_axis_power_w,0.000500000000,4,4,0.034663089599,4.221557662644,,,,,,3,False,24.798330000000,24.791456666667,0.018537891526,0.000747753219,"[24.76611, 24.79833, 24.80993]"
2026-06-09T16:31:58,delta_current_probe,6,4,probe_axis_power_w,0.000500000000,4,4,0.034663089599,4.221557662644,,,,,,4,True,52.301000000000,52.296760000000,0.030399404599,0.000581286577,"[52.25759, 52.33169, 52.301]"
2026-06-09T16:31:58,delta_current_probe,6,4,probe_axis_power_w,0.000500000000,4,4,0.034663089599,4.221557662644,,,,,,5,False,38.377070000000,38.369856666667,0.025604127705,0.000667297976,"[38.37707, 38.39698, 38.33552]"
2026-06-09T16:31:58,delta_current_probe,6,4,probe_axis_power_w,0.000500000000,4,4,0.034663089599,4.221557662644,,,,,,6,False,3.224836000000,3.225106666667,0.001345388750,0.000417161009,"[3.223611, 3.226873, 3.2248360000000003]"
2026-06-09T16:31:58,delta_current_probe,6,4,probe_axis_power_w,0.000500000000,4,4,0.034663089599,4.221557662644,,,,,,7,False,0.097053360000,0.097040926667,0.000089382565,0.000921081117,"[0.09705335999999999, 0.09692577000000001, 0.09714365]"
2026-06-09T16:31:58,delta_current_probe,6,4,probe_axis_power_w,0.000500000000,4,4,0.034663089599,4.221557662644,,,,,,8,False,0.072926530000,0.072787806667,0.000244807352,0.003363301675,"[0.07244374, 0.07299314999999999, 0.07292653]"
2026-06-09T16:32:12,delta_current_probe,6,5,probe_axis_power_w,0.001000000000,4,4,0.035163089599,4.251895718154,,,,,,1,False,1.789990000000,1.790563666667,0.000955461610,0.000533609404,"[1.789791, 1.7919100000000001, 1.78999]"
2026-06-09T16:32:12,delta_current_probe,6,5,probe_axis_power_w,0.001000000000,4,4,0.035163089599,4.251895718154,,,,,,2,False,22.710520000000,22.701200000000,0.019640475215,0.000865173436,"[22.71052, 22.7192, 22.673879999999997]"
2026-06-09T16:32:12,delta_current_probe,6,5,probe_axis_power_w,0.001000000000,4,4,0.035163089599,4.251895718154,,,,,,3,False,24.657290000000,24.660240000000,0.044739595438,0.001814240066,"[24.60698, 24.71645, 24.65729]"
2026-06-09T16:32:12,delta_current_probe,6,5,probe_axis_power_w,0.001000000000,4,4,0.035163089599,4.251895718154,,,,,,4,True,52.340510000000,52.349343333333,0.024070199187,0.000459799448,"[52.325289999999995, 52.38223, 52.34051]"
2026-06-09T16:32:12,delta_current_probe,6,5,probe_axis_power_w,0.001000000000,4,4,0.035163089599,4.251895718154,,,,,,5,False,39.031210000000,39.039136666667,0.027977001666,0.000716639866,"[39.03121, 39.07667, 39.009530000000005]"
2026-06-09T16:32:12,delta_current_probe,6,5,probe_axis_power_w,0.001000000000,4,4,0.035163089599,4.251895718154,,,,,,6,False,2.712480000000,2.714269000000,0.002732582783,0.001006747225,"[2.71813, 2.7124800000000002, 2.712197]"
2026-06-09T16:32:12,delta_current_probe,6,5,probe_axis_power_w,0.001000000000,4,4,0.035163089599,4.251895718154,,,,,,7,False,0.128583900000,0.128585033333,0.000083449799,0.000648985317,"[0.1284834, 0.12868780000000002, 0.1285839]"
2026-06-09T16:32:12,delta_current_probe,6,5,probe_axis_power_w,0.001000000000,4,4,0.035163089599,4.251895718154,,,,,,8,False,0.063733870000,0.063760720000,0.000056024042,0.000878660747,"[0.0638387, 0.06373387, 0.06370959]"
2026-06-09T16:32:26,delta_current_probe,7,1,probe_axis_power_w,-0.001000000000,6,6,0.030901135489,3.975191009245,,,,,,1,False,0.240064800000,0.239981300000,0.000303693607,0.001265488630,"[0.2400648, 0.24030439999999997, 0.23957470000000003]"
2026-06-09T16:32:26,delta_current_probe,7,1,probe_axis_power_w,-0.001000000000,6,6,0.030901135489,3.975191009245,,,,,,2,False,0.010891960000,0.010806533333,0.000123814656,0.011457388955,"[0.01089196, 0.01089619, 0.01063145]"
2026-06-09T16:32:26,delta_current_probe,7,1,probe_axis_power_w,-0.001000000000,6,6,0.030901135489,3.975191009245,,,,,,3,False,4.140913000000,4.141702000000,0.016240313072,0.003921168899,"[4.122218, 4.140913, 4.161975]"
2026-06-09T16:32:26,delta_current_probe,7,1,probe_axis_power_w,-0.001000000000,6,6,0.030901135489,3.975191009245,,,,,,4,False,18.710500000000,18.711206666667,0.003465499804,0.000185209851,"[18.71576, 18.70736, 18.7105]"
2026-06-09T16:32:26,delta_current_probe,7,1,probe_axis_power_w,-0.001000000000,6,6,0.030901135489,3.975191009245,,,,,,5,False,26.480220000000,26.479506666667,0.016582553751,0.000626241038,"[26.48022, 26.45885, 26.49945]"
2026-06-09T16:32:26,delta_current_probe,7,1,probe_axis_power_w,-0.001000000000,6,6,0.030901135489,3.975191009245,,,,,,6,True,76.889890000000,76.880713333333,0.017484691082,0.000227426234,"[76.85624, 76.88989, 76.89601]"
2026-06-09T16:32:26,delta_current_probe,7,1,probe_axis_power_w,-0.001000000000,6,6,0.030901135489,3.975191009245,,,,,,7,False,6.353262000000,6.351064333333,0.003628272714,0.000571285776,"[6.34595, 6.353262, 6.353981]"
2026-06-09T16:32:26,delta_current_probe,7,1,probe_axis_power_w,-0.001000000000,6,6,0.030901135489,3.975191009245,,,,,,8,False,0.584482800000,0.584750200000,0.000481542542,0.000823501287,"[0.5854263000000001, 0.5844828000000001, 0.5843415000000001]"
2026-06-09T16:32:39,delta_current_probe,7,2,probe_axis_power_w,-0.000500000000,6,6,0.031401135489,4.007222514410,,,,,,1,False,0.240617600000,0.240540100000,0.000169194740,0.000703395151,"[0.24069740000000003, 0.2403053, 0.24061760000000001]"
2026-06-09T16:32:39,delta_current_probe,7,2,probe_axis_power_w,-0.000500000000,6,6,0.031401135489,4.007222514410,,,,,,2,False,0.010341690000,0.010337143333,0.000007003263,0.000677485308,"[0.010327250000000001, 0.01034249, 0.010341689999999999]"
2026-06-09T16:32:39,delta_current_probe,7,2,probe_axis_power_w,-0.000500000000,6,6,0.031401135489,4.007222514410,,,,,,3,False,4.174096000000,4.172270333333,0.002613057001,0.000626291393,"[4.1741399999999995, 4.168575000000001, 4.1740960000000005]"
2026-06-09T16:32:39,delta_current_probe,7,2,probe_axis_power_w,-0.000500000000,6,6,0.031401135489,4.007222514410,,,,,,4,False,19.186440000000,19.185993333333,0.015157467540,0.000790027771,"[19.20433, 19.16721, 19.186439999999997]"
2026-06-09T16:32:39,delta_current_probe,7,2,probe_axis_power_w,-0.000500000000,6,6,0.031401135489,4.007222514410,,,,,,5,False,26.291480000000,26.292720000000,0.009885909164,0.000375994160,"[26.28128, 26.305400000000002, 26.29148]"
2026-06-09T16:32:39,delta_current_probe,7,2,probe_axis_power_w,-0.000500000000,6,6,0.031401135489,4.007222514410,,,,,,6,True,76.331150000000,76.327093333333,0.020487661870,0.000268419259,"[76.34991000000001, 76.30022, 76.33115]"
2026-06-09T16:32:39,delta_current_probe,7,2,probe_axis_power_w,-0.000500000000,6,6,0.031401135489,4.007222514410,,,,,,7,False,6.789534000000,6.787914000000,0.004018940491,0.000592072983,"[6.791822, 6.782386, 6.789534]"
2026-06-09T16:32:39,delta_current_probe,7,2,probe_axis_power_w,-0.000500000000,6,6,0.031401135489,4.007222514410,,,,,,8,False,0.593247100000,0.593021433333,0.000447236681,0.000754166133,"[0.5923969, 0.5934202999999999, 0.5932470999999999]"
2026-06-09T16:32:52,delta_current_probe,7,3,probe_axis_power_w,0.000000000000,6,6,0.031901135489,4.039000000000,,,,,,1,False,0.241155700000,0.240999566667,0.000343130319,0.001423779816,"[0.2413194, 0.24052360000000003, 0.2411557]"
2026-06-09T16:32:52,delta_current_probe,7,3,probe_axis_power_w,0.000000000000,6,6,0.031901135489,4.039000000000,,,,,,2,False,0.009415862000,0.009490288333,0.000111511388,0.011750052720,"[0.009647908, 0.009415862, 0.009407095]"
2026-06-09T16:32:52,delta_current_probe,7,3,probe_axis_power_w,0.000000000000,6,6,0.031901135489,4.039000000000,,,,,,3,False,4.212706000000,4.210727666667,0.003246075408,0.000770906044,"[4.206151, 4.212706, 4.213326]"
2026-06-09T16:32:52,delta_current_probe,7,3,probe_axis_power_w,0.000000000000,6,6,0.031901135489,4.039000000000,,,,,,4,False,19.589090000000,19.588170000000,0.015828912365,0.000808085307,"[19.60708, 19.589090000000002, 19.56834]"
2026-06-09T16:32:52,delta_current_probe,7,3,probe_axis_power_w,0.000000000000,6,6,0.031901135489,4.039000000000,,,,,,5,False,26.025590000000,26.037096666667,0.027084954413,0.001040244800,"[26.02559, 26.01121, 26.074489999999997]"
2026-06-09T16:32:52,delta_current_probe,7,3,probe_axis_power_w,0.000000000000,6,6,0.031901135489,4.039000000000,,,,,,6,True,75.333260000000,75.330503333333,0.023900907003,0.000317280596,"[75.29995, 75.3583, 75.33326]"
2026-06-09T16:32:52,delta_current_probe,7,3,probe_axis_power_w,0.000000000000,6,6,0.031901135489,4.039000000000,,,,,,7,False,7.514637000000,7.516357000000,0.002788324347,0.000370967524,"[7.514144, 7.52029, 7.5146370000000005]"
2026-06-09T16:32:52,delta_current_probe,7,3,probe_axis_power_w,0.000000000000,6,6,0.031901135489,4.039000000000,,,,,,8,False,0.721488800000,0.721065166667,0.000679183727,0.000941917262,"[0.7215999, 0.7201068, 0.7214888]"
2026-06-09T16:33:05,delta_current_probe,7,4,probe_axis_power_w,0.000500000000,6,6,0.032401135489,4.070529415200,,,,,,1,False,0.241212200000,0.241215066667,0.000295007179,0.001223004777,"[0.24157779999999998, 0.24085520000000002, 0.24121220000000002]"
2026-06-09T16:33:05,delta_current_probe,7,4,probe_axis_power_w,0.000500000000,6,6,0.032401135489,4.070529415200,,,,,,2,False,0.009021874000,0.009030772333,0.000052275349,0.005788580102,"[0.00909878, 0.009021874, 0.008971663]"
2026-06-09T16:33:05,delta_current_probe,7,4,probe_axis_power_w,0.000500000000,6,6,0.032401135489,4.070529415200,,,,,,3,False,4.222590000000,4.225829666667,0.005947749509,0.001407474976,"[4.220727, 4.234172, 4.22259]"
2026-06-09T16:33:05,delta_current_probe,7,4,probe_axis_power_w,0.000500000000,6,6,0.032401135489,4.070529415200,,,,,,4,False,19.892160000000,19.894736666667,0.027449911151,0.001379757451,"[19.929570000000002, 19.89216, 19.86248]"
2026-06-09T16:33:05,delta_current_probe,7,4,probe_axis_power_w,0.000500000000,6,6,0.032401135489,4.070529415200,,,,,,5,False,25.682040000000,25.684786666667,0.005383965907,0.000209616921,"[25.69231, 25.68001, 25.682039999999997]"
2026-06-09T16:33:05,delta_current_probe,7,4,probe_axis_power_w,0.000500000000,6,6,0.032401135489,4.070529415200,,,,,,6,True,74.022090000000,74.030100000000,0.019010009644,0.000256787572,"[74.05633, 74.02208999999999, 74.01188]"
2026-06-09T16:33:05,delta_current_probe,7,4,probe_axis_power_w,0.000500000000,6,6,0.032401135489,4.070529415200,,,,,,7,False,8.548526000000,8.549420000000,0.003243274374,0.000379356070,"[8.553763, 8.548526, 8.545971]"
2026-06-09T16:33:05,delta_current_probe,7,4,probe_axis_power_w,0.000500000000,6,6,0.032401135489,4.070529415200,,,,,,8,False,0.973130000000,0.972816233333,0.000518273714,0.000532756029,"[0.97313, 0.9720856999999999, 0.9732329999999999]"
2026-06-09T16:33:18,delta_current_probe,7,5,probe_axis_power_w,0.001000000000,6,6,0.032901135489,4.101816480538,,,,,,1,False,0.241393000000,0.241383300000,0.000201097638,0.000833105016,"[0.241393, 0.24162460000000002, 0.24113230000000002]"
2026-06-09T16:33:18,delta_current_probe,7,5,probe_axis_power_w,0.001000000000,6,6,0.032901135489,4.101816480538,,,,,,2,False,0.008428826000,0.008473714000,0.000071848705,0.008479009873,"[0.008428826, 0.008575102, 0.008417214000000001]"
2026-06-09T16:33:18,delta_current_probe,7,5,probe_axis_power_w,0.001000000000,6,6,0.032901135489,4.101816480538,,,,,,3,False,4.223108000000,4.223041333333,0.001182410626,0.000279990304,"[4.224455, 4.221561, 4.223108]"
2026-06-09T16:33:18,delta_current_probe,7,5,probe_axis_power_w,0.001000000000,6,6,0.032901135489,4.101816480538,,,,,,4,False,20.209070000000,20.189293333333,0.032362966833,0.001602976701,"[20.20907, 20.14366, 20.215149999999998]"
2026-06-09T16:33:18,delta_current_probe,7,5,probe_axis_power_w,0.001000000000,6,6,0.032901135489,4.101816480538,,,,,,5,False,25.319010000000,25.309723333333,0.022166739850,0.000875819129,"[25.27915, 25.33101, 25.31901]"
2026-06-09T16:33:18,delta_current_probe,7,5,probe_axis_power_w,0.001000000000,6,6,0.032901135489,4.101816480538,,,,,,6,True,72.501980000000,72.445986666667,0.095487019828,0.001318044301,"[72.50198, 72.52441, 72.31157]"
2026-06-09T16:33:18,delta_current_probe,7,5,probe_axis_power_w,0.001000000000,6,6,0.032901135489,4.101816480538,,,,,,7,False,9.837252000000,9.830787666667,0.009622472805,0.000978809952,"[9.817185, 9.837252, 9.837926000000001]"
2026-06-09T16:33:18,delta_current_probe,7,5,probe_axis_power_w,0.001000000000,6,6,0.032901135489,4.101816480538,,,,,,8,False,1.336059000000,1.335612000000,0.000715013753,0.000535345409,"[1.3360589999999999, 1.334603, 1.336174]"
2026-06-09T16:33:31,delta_current_probe,8,1,probe_axis_power_w,-0.001000000000,8,8,0.030120426485,3.935208790960,,,,,,1,False,0.359935100000,0.359985933333,0.000084344229,0.000234298679,"[0.3599351, 0.3601048, 0.3599179]"
2026-06-09T16:33:31,delta_current_probe,8,1,probe_axis_power_w,-0.001000000000,8,8,0.030120426485,3.935208790960,,,,,,2,False,0.021936960000,0.021932000000,0.000010815178,0.000493123181,"[0.021936960000000002, 0.02191699, 0.02194205]"
2026-06-09T16:33:31,delta_current_probe,8,1,probe_axis_power_w,-0.001000000000,8,8,0.030120426485,3.935208790960,,,,,,3,False,3.972910000000,3.970715666667,0.003250008239,0.000818494325,"[3.966121, 3.9731159999999996, 3.9729100000000006]"
2026-06-09T16:33:31,delta_current_probe,8,1,probe_axis_power_w,-0.001000000000,8,8,0.030120426485,3.935208790960,,,,,,4,False,17.428120000000,17.416770000000,0.017166228473,0.000985614926,"[17.39251, 17.42812, 17.429679999999998]"
2026-06-09T16:33:31,delta_current_probe,8,1,probe_axis_power_w,-0.001000000000,8,8,0.030120426485,3.935208790960,,,,,,5,False,23.935470000000,23.930500000000,0.017963041687,0.000750633781,"[23.94959, 23.90644, 23.93547]"
2026-06-09T16:33:31,delta_current_probe,8,1,probe_axis_power_w,-0.001000000000,8,8,0.030120426485,3.935208790960,,,,,,6,False,73.329440000000,73.335393333333,0.042186646650,0.000575256295,"[73.38978, 73.32944, 73.28696000000001]"
2026-06-09T16:33:31,delta_current_probe,8,1,probe_axis_power_w,-0.001000000000,8,8,0.030120426485,3.935208790960,,,,,,7,False,38.040730000000,38.047910000000,0.027900111111,0.000733288927,"[38.0851, 38.0179, 38.040729999999996]"
2026-06-09T16:33:31,delta_current_probe,8,1,probe_axis_power_w,-0.001000000000,8,8,0.030120426485,3.935208790960,,,,,,8,True,65.443800000000,65.471023333333,0.049945773484,0.000762868380,"[65.42819, 65.54108, 65.44380000000001]"
2026-06-09T16:33:44,delta_current_probe,8,2,probe_axis_power_w,-0.000500000000,8,8,0.030620426485,3.967736648799,,,,,,1,False,0.217099500000,0.217074766667,0.000076967713,0.000354567758,"[0.21697059999999999, 0.2171542, 0.2170995]"
2026-06-09T16:33:44,delta_current_probe,8,2,probe_axis_power_w,-0.000500000000,8,8,0.030620426485,3.967736648799,,,,,,2,False,0.035087670000,0.035063040000,0.000051574378,0.001470904348,"[0.03499127, 0.03511018, 0.035087669999999994]"
2026-06-09T16:33:44,delta_current_probe,8,2,probe_axis_power_w,-0.000500000000,8,8,0.030620426485,3.967736648799,,,,,,3,False,0.162644100000,0.162636500000,0.000013599265,0.000083617544,"[0.1626441, 0.162648, 0.1626174]"
2026-06-09T16:33:44,delta_current_probe,8,2,probe_axis_power_w,-0.000500000000,8,8,0.030620426485,3.967736648799,,,,,,4,False,0.049161440000,0.049146700000,0.000026050314,0.000530052153,"[0.049168569999999995, 0.04916144, 0.04911009]"
2026-06-09T16:33:44,delta_current_probe,8,2,probe_axis_power_w,-0.000500000000,8,8,0.030620426485,3.967736648799,,,,,,5,False,0.099371180000,0.099308686667,0.000092582187,0.000932266758,"[0.09937708, 0.09917780000000001, 0.09937118]"
2026-06-09T16:33:44,delta_current_probe,8,2,probe_axis_power_w,-0.000500000000,8,8,0.030620426485,3.967736648799,,,,,,6,False,0.210790400000,0.210582233333,0.000336606183,0.001598454805,"[0.2108489, 0.2107904, 0.2101074]"
2026-06-09T16:33:44,delta_current_probe,8,2,probe_axis_power_w,-0.000500000000,8,8,0.030620426485,3.967736648799,,,,,,7,False,22.822280000000,22.824073333333,0.014808487056,0.000648810002,"[22.843040000000002, 22.8069, 22.82228]"
2026-06-09T16:33:44,delta_current_probe,8,2,probe_axis_power_w,-0.000500000000,8,8,0.030620426485,3.967736648799,,,,,,8,True,78.016300000000,78.023023333333,0.017844450740,0.000228707502,"[78.0163, 78.04745, 78.00532000000001]"
2026-06-09T16:33:56,delta_current_probe,8,3,probe_axis_power_w,0.000000000000,8,8,0.031120426485,4.000000000000,,,,,,1,False,0.217037800000,0.217015266667,0.000189201169,0.000871833450,"[0.2172349, 0.2167731, 0.2170378]"
2026-06-09T16:33:56,delta_current_probe,8,3,probe_axis_power_w,0.000000000000,8,8,0.031120426485,4.000000000000,,,,,,2,False,0.035031270000,0.035036663333,0.000009689999,0.000276567416,"[0.03505027, 0.035028449999999996, 0.035031269999999996]"
2026-06-09T16:33:56,delta_current_probe,8,3,probe_axis_power_w,0.000000000000,8,8,0.031120426485,4.000000000000,,,,,,3,False,0.162726400000,0.162749500000,0.000082507010,0.000506957071,"[0.162662, 0.1628601, 0.1627264]"
2026-06-09T16:33:56,delta_current_probe,8,3,probe_axis_power_w,0.000000000000,8,8,0.031120426485,4.000000000000,,,,,,4,False,0.049599120000,0.049632730000,0.000053566632,0.001079260239,"[0.04959074, 0.049708329999999995, 0.04959912]"
2026-06-09T16:33:56,delta_current_probe,8,3,probe_axis_power_w,0.000000000000,8,8,0.031120426485,4.000000000000,,,,,,5,False,0.101030700000,0.101043566667,0.000020062790,0.000198555841,"[0.1010281, 0.1010719, 0.1010307]"
2026-06-09T16:33:56,delta_current_probe,8,3,probe_axis_power_w,0.000000000000,8,8,0.031120426485,4.000000000000,,,,,,6,False,0.227750000000,0.227579333333,0.000253403161,0.001113471763,"[0.22776690000000002, 0.22775, 0.2272211]"
2026-06-09T16:33:56,delta_current_probe,8,3,probe_axis_power_w,0.000000000000,8,8,0.031120426485,4.000000000000,,,,,,7,False,24.168240000000,24.156593333333,0.023349964073,0.000966608319,"[24.12401, 24.177529999999997, 24.16824]"
2026-06-09T16:33:56,delta_current_probe,8,3,probe_axis_power_w,0.000000000000,8,8,0.031120426485,4.000000000000,,,,,,8,True,80.415080000000,80.449413333333,0.056910016303,0.000707401259,"[80.52962000000001, 80.41508, 80.40354]"
2026-06-09T16:34:09,delta_current_probe,8,4,probe_axis_power_w,0.000500000000,8,8,0.031620426485,4.032005194165,,,,,,1,False,0.216973900000,0.216880300000,0.000164168044,0.000756952310,"[0.21664950000000002, 0.2170175, 0.2169739]"
2026-06-09T16:34:09,delta_current_probe,8,4,probe_axis_power_w,0.000500000000,8,8,0.031620426485,4.032005194165,,,,,,2,False,0.035049020000,0.035065970000,0.000039467623,0.001125524918,"[0.0351205, 0.03504902, 0.03502839]"
2026-06-09T16:34:09,delta_current_probe,8,4,probe_axis_power_w,0.000500000000,8,8,0.031620426485,4.032005194165,,,,,,3,False,0.162704500000,0.162743866667,0.000097427660,0.000598656415,"[0.1626492, 0.1627045, 0.1628779]"
2026-06-09T16:34:09,delta_current_probe,8,4,probe_axis_power_w,0.000500000000,8,8,0.031620426485,4.032005194165,,,,,,4,False,0.049791290000,0.049789700000,0.000040264899,0.000808699363,"[0.04979129, 0.049739610000000004, 0.0498382]"
2026-06-09T16:34:09,delta_current_probe,8,4,probe_axis_power_w,0.000500000000,8,8,0.031620426485,4.032005194165,,,,,,5,False,0.102433600000,0.102432666667,0.000030625734,0.000298984050,"[0.10239469999999999, 0.1024336, 0.1024697]"
2026-06-09T16:34:09,delta_current_probe,8,4,probe_axis_power_w,0.000500000000,8,8,0.031620426485,4.032005194165,,,,,,6,False,0.244773000000,0.244600000000,0.000335793339,0.001372826407,"[0.2448965, 0.24477300000000002, 0.24413050000000003]"
2026-06-09T16:34:09,delta_current_probe,8,4,probe_axis_power_w,0.000500000000,8,8,0.031620426485,4.032005194165,,,,,,7,False,25.412860000000,25.418183333333,0.036175292059,0.001423205254,"[25.46491, 25.41286, 25.37678]"
2026-06-09T16:34:09,delta_current_probe,8,4,probe_axis_power_w,0.000500000000,8,8,0.031620426485,4.032005194165,,,,,,8,True,82.619030000000,82.567666666667,0.077727692334,0.000941381723,"[82.61903000000001, 82.45782, 82.62615]"
2026-06-09T16:34:25,delta_current_probe,8,5,probe_axis_power_w,0.001000000000,8,8,0.032120426485,4.063758330850,,,,,,1,False,0.216230500000,0.216270866667,0.000252081552,0.001165582568,"[0.21623050000000002, 0.21598430000000002, 0.2165978]"
2026-06-09T16:34:25,delta_current_probe,8,5,probe_axis_power_w,0.001000000000,8,8,0.032120426485,4.063758330850,,,,,,2,False,0.035031540000,0.035038256667,0.000052580944,0.001500672366,"[0.035105750000000005, 0.03497748, 0.03503154]"
2026-06-09T16:34:25,delta_current_probe,8,5,probe_axis_power_w,0.001000000000,8,8,0.032120426485,4.063758330850,,,,,,3,False,0.162457300000,0.162483500000,0.000221393872,0.001362562182,"[0.16222640000000002, 0.16245730000000003, 0.16276680000000002]"
2026-06-09T16:34:25,delta_current_probe,8,5,probe_axis_power_w,0.001000000000,8,8,0.032120426485,4.063758330850,,,,,,4,False,0.050105490000,0.050107956667,0.000072044280,0.001437781240,"[0.050197399999999996, 0.05002098, 0.05010549]"
2026-06-09T16:34:25,delta_current_probe,8,5,probe_axis_power_w,0.001000000000,8,8,0.032120426485,4.063758330850,,,,,,5,False,0.103320900000,0.103335100000,0.000077647580,0.000751415346,"[0.1034365, 0.1033209, 0.10324789999999999]"
2026-06-09T16:34:25,delta_current_probe,8,5,probe_axis_power_w,0.001000000000,8,8,0.032120426485,4.063758330850,,,,,,6,False,0.261394700000,0.261523333333,0.000442238927,0.001691011359,"[0.2613947, 0.2610576, 0.2621177]"
2026-06-09T16:34:25,delta_current_probe,8,5,probe_axis_power_w,0.001000000000,8,8,0.032120426485,4.063758330850,,,,,,7,False,26.636360000000,26.637926666667,0.026290045433,0.000986940379,"[26.63636, 26.60654, 26.67088]"
2026-06-09T16:34:25,delta_current_probe,8,5,probe_axis_power_w,0.001000000000,8,8,0.032120426485,4.063758330850,,,,,,8,True,84.470330000000,84.493246666667,0.075924059574,0.000898581396,"[84.47033, 84.59555, 84.41386]"
2026-06-09T16:34:40,sigma_current_sync,5,1,dp,0.000000000000,1,1,,,0.031246094236,0.037886442962,4.000000000000,4.395000000000,0,1,True,96.208550000000,96.235930000000,0.083691205034,0.000869646140,"[96.34934000000001, 96.1499, 96.20855]"
2026-06-09T16:34:40,sigma_current_sync,5,1,dp,0.000000000000,1,1,,,0.031246094236,0.037886442962,4.000000000000,4.395000000000,0,2,False,5.993711000000,5.994630666667,0.010957510433,0.001827887495,"[5.981694, 5.993711, 6.008487]"
2026-06-09T16:34:40,sigma_current_sync,5,1,dp,0.000000000000,1,1,,,0.031246094236,0.037886442962,4.000000000000,4.395000000000,0,3,False,53.367510000000,53.380596666667,0.033152835307,0.000621065282,"[53.36751, 53.348150000000004, 53.42613]"
2026-06-09T16:34:40,sigma_current_sync,5,1,dp,0.000000000000,1,1,,,0.031246094236,0.037886442962,4.000000000000,4.395000000000,0,4,False,11.502220000000,11.501870000000,0.011225474006,0.000975969473,"[11.487950000000001, 11.50222, 11.51544]"
2026-06-09T16:34:40,sigma_current_sync,5,1,dp,0.000000000000,1,1,,,0.031246094236,0.037886442962,4.000000000000,4.395000000000,0,5,False,0.127001100000,0.126967933333,0.000811650723,0.006392564653,"[0.1259577, 0.1270011, 0.127945]"
2026-06-09T16:34:40,sigma_current_sync,5,1,dp,0.000000000000,1,1,,,0.031246094236,0.037886442962,4.000000000000,4.395000000000,0,6,False,0.160883500000,0.160915433333,0.000614502082,0.003818788971,"[0.1601793, 0.1608835, 0.16168349999999998]"
2026-06-09T16:34:40,sigma_current_sync,5,1,dp,0.000000000000,1,1,,,0.031246094236,0.037886442962,4.000000000000,4.395000000000,0,7,False,0.026680470000,0.026663426667,0.000111821407,0.004193812293,"[0.026791060000000002, 0.026680469999999998, 0.02651875]"
2026-06-09T16:34:40,sigma_current_sync,5,1,dp,0.000000000000,1,1,,,0.031246094236,0.037886442962,4.000000000000,4.395000000000,0,8,False,0.144512400000,0.144778033333,0.000923211967,0.006376740625,"[0.1460179, 0.1445124, 0.1438038]"
2026-06-09T16:34:55,sigma_current_sync,5,2,dp,1.570796327000,1,1,,,0.039979697056,0.046595600015,4.524617508100,4.874043685026,0,1,True,145.861400000000,145.857033333333,0.014738234479,0.000101045758,"[145.8372, 145.8614, 145.8725]"
2026-06-09T16:34:55,sigma_current_sync,5,2,dp,1.570796327000,1,1,,,0.039979697056,0.046595600015,4.524617508100,4.874043685026,0,2,False,26.278080000000,26.272850000000,0.016325650574,0.000621388642,"[26.28971, 26.27808, 26.25076]"
2026-06-09T16:34:55,sigma_current_sync,5,2,dp,1.570796327000,1,1,,,0.039979697056,0.046595600015,4.524617508100,4.874043685026,0,3,False,3.915082000000,3.911444000000,0.008200064187,0.002096428886,"[3.900089, 3.915082, 3.9191609999999995]"
2026-06-09T16:34:55,sigma_current_sync,5,2,dp,1.570796327000,1,1,,,0.039979697056,0.046595600015,4.524617508100,4.874043685026,0,4,False,0.626601900000,0.626755366667,0.000798673410,0.001274298478,"[0.6266018999999999, 0.6258630000000001, 0.6278012]"
2026-06-09T16:34:55,sigma_current_sync,5,2,dp,1.570796327000,1,1,,,0.039979697056,0.046595600015,4.524617508100,4.874043685026,0,5,False,0.125971700000,0.125991133333,0.000117118866,0.000929580228,"[0.12597170000000002, 0.12614329999999999, 0.1258584]"
2026-06-09T16:34:55,sigma_current_sync,5,2,dp,1.570796327000,1,1,,,0.039979697056,0.046595600015,4.524617508100,4.874043685026,0,6,False,0.114277500000,0.114354633333,0.000137734463,0.001204450215,"[0.1142383, 0.1142775, 0.1145481]"
2026-06-09T16:34:55,sigma_current_sync,5,2,dp,1.570796327000,1,1,,,0.039979697056,0.046595600015,4.524617508100,4.874043685026,0,7,False,0.019823940000,0.019807796667,0.000024829088,0.001253500763,"[0.01982673, 0.01982394, 0.01977272]"
2026-06-09T16:34:55,sigma_current_sync,5,2,dp,1.570796327000,1,1,,,0.039979697056,0.046595600015,4.524617508100,4.874043685026,0,8,False,0.136025000000,0.136034666667,0.000062347913,0.000458323707,"[0.1359636, 0.136025, 0.1361154]"
2026-06-09T16:35:08,sigma_current_sync,5,3,dp,3.141592654000,1,1,,,0.048713299876,0.020468128860,4.994429616003,3.230398011893,0,1,True,65.766800000000,65.764716666667,0.032819498608,0.000499044172,"[65.80382999999999, 65.72352000000001, 65.76679999999999]"
2026-06-09T16:35:08,sigma_current_sync,5,3,dp,3.141592654000,1,1,,,0.048713299876,0.020468128860,4.994429616003,3.230398011893,0,2,False,67.181010000000,67.187923333333,0.018466577617,0.000274849656,"[67.18100999999999, 67.21319, 67.16957000000001]"
2026-06-09T16:35:08,sigma_current_sync,5,3,dp,3.141592654000,1,1,,,0.048713299876,0.020468128860,4.994429616003,3.230398011893,0,3,False,34.557390000000,34.543593333333,0.031369903127,0.000908125070,"[34.55739, 34.50018, 34.573209999999996]"
2026-06-09T16:35:08,sigma_current_sync,5,3,dp,3.141592654000,1,1,,,0.048713299876,0.020468128860,4.994429616003,3.230398011893,0,4,False,7.039261000000,7.040512333333,0.003574022695,0.000507636735,"[7.039261, 7.036897, 7.0453790000000005]"
2026-06-09T16:35:08,sigma_current_sync,5,3,dp,3.141592654000,1,1,,,0.048713299876,0.020468128860,4.994429616003,3.230398011893,0,5,False,0.037358270000,0.037381243333,0.000036637676,0.000980108540,"[0.037358270000000006, 0.03735251, 0.03743295]"
2026-06-09T16:35:08,sigma_current_sync,5,3,dp,3.141592654000,1,1,,,0.048713299876,0.020468128860,4.994429616003,3.230398011893,0,6,False,0.072732970000,0.072745563333,0.000021034886,0.000289156959,"[0.07272851999999999, 0.0727752, 0.07273297000000001]"
2026-06-09T16:35:08,sigma_current_sync,5,3,dp,3.141592654000,1,1,,,0.048713299876,0.020468128860,4.994429616003,3.230398011893,0,7,False,0.016258160000,0.016298996667,0.000060164779,0.003691317981,"[0.01638406, 0.01625816, 0.016254769999999998]"
2026-06-09T16:35:08,sigma_current_sync,5,3,dp,3.141592654000,1,1,,,0.048713299876,0.020468128860,4.994429616003,3.230398011893,0,8,False,0.129966700000,0.129979300000,0.000038362829,0.000295145683,"[0.13003130000000002, 0.12996670000000002, 0.1299399]"
2026-06-09T16:35:20,sigma_current_sync,5,4,dp,4.712388980000,1,1,,,0.022512491415,0.029177285908,3.395266764907,3.856909145411,0,1,True,20.053850000000,20.051673333333,0.005616145376,0.000280083626,"[20.057199999999998, 20.05385, 20.04397]"
2026-06-09T16:35:20,sigma_current_sync,5,4,dp,4.712388980000,1,1,,,0.022512491415,0.029177285908,3.395266764907,3.856909145411,0,2,False,41.844150000000,41.845923333333,0.040599249035,0.000970207987,"[41.89651, 41.84415, 41.79711]"
2026-06-09T16:35:20,sigma_current_sync,5,4,dp,4.712388980000,1,1,,,0.022512491415,0.029177285908,3.395266764907,3.856909145411,0,3,False,90.343940000000,90.342510000000,0.083864377420,0.000928293640,"[90.23908999999999, 90.44449999999999, 90.34394]"
2026-06-09T16:35:20,sigma_current_sync,5,4,dp,4.712388980000,1,1,,,0.022512491415,0.029177285908,3.395266764907,3.856909145411,0,4,False,19.786470000000,19.795153333333,0.015488327505,0.000782430287,"[19.81691, 19.786469999999998, 19.78208]"
2026-06-09T16:35:20,sigma_current_sync,5,4,dp,4.712388980000,1,1,,,0.022512491415,0.029177285908,3.395266764907,3.856909145411,0,5,False,0.036166760000,0.036142440000,0.000040013825,0.001107114658,"[0.03608603, 0.03616676, 0.03617453]"
2026-06-09T16:35:20,sigma_current_sync,5,4,dp,4.712388980000,1,1,,,0.022512491415,0.029177285908,3.395266764907,3.856909145411,0,6,False,0.138301300000,0.138229633333,0.000134054922,0.000969798727,"[0.1380418, 0.1383013, 0.1383458]"
2026-06-09T16:35:20,sigma_current_sync,5,4,dp,4.712388980000,1,1,,,0.022512491415,0.029177285908,3.395266764907,3.856909145411,0,7,False,0.020824090000,0.020781893333,0.000069868017,0.003361965898,"[0.02082409, 0.02083817, 0.020683419999999998]"
2026-06-09T16:35:20,sigma_current_sync,5,4,dp,4.712388980000,1,1,,,0.022512491415,0.029177285908,3.395266764907,3.856909145411,0,8,False,0.130769200000,0.130711233333,0.000134544672,0.001029327542,"[0.1307692, 0.13052529999999998, 0.13083920000000002]"
2026-06-09T16:35:35,sigma_current_sync,5,5,dp,6.283185307000,1,1,,,0.031246094235,0.037886442961,3.999999999936,4.394999999942,0,1,True,95.976500000000,96.000646666667,0.080213781997,0.000835554601,"[96.10871, 95.91673, 95.9765]"
2026-06-09T16:35:35,sigma_current_sync,5,5,dp,6.283185307000,1,1,,,0.031246094235,0.037886442961,3.999999999936,4.394999999942,0,2,False,6.055104000000,6.056908000000,0.002743651703,0.000452978930,"[6.060785, 6.055104, 6.054835]"
2026-06-09T16:35:35,sigma_current_sync,5,5,dp,6.283185307000,1,1,,,0.031246094235,0.037886442961,3.999999999936,4.394999999942,0,3,False,53.570570000000,53.589980000000,0.046095785057,0.000860156788,"[53.54579, 53.570570000000004, 53.653580000000005]"
2026-06-09T16:35:35,sigma_current_sync,5,5,dp,6.283185307000,1,1,,,0.031246094235,0.037886442961,3.999999999936,4.394999999942,0,4,False,11.608040000000,11.605233333333,0.008617073491,0.000742516177,"[11.614099999999999, 11.593559999999998, 11.60804]"
2026-06-09T16:35:35,sigma_current_sync,5,5,dp,6.283185307000,1,1,,,0.031246094235,0.037886442961,3.999999999936,4.394999999942,0,5,False,0.130902600000,0.130896200000,0.000040263466,0.000307598430,"[0.1309026, 0.130942, 0.13084400000000002]"
2026-06-09T16:35:35,sigma_current_sync,5,5,dp,6.283185307000,1,1,,,0.031246094235,0.037886442961,3.999999999936,4.394999999942,0,6,False,0.165055300000,0.165128766667,0.000215540334,0.001305286403,"[0.16490929999999998, 0.1654217, 0.1650553]"
2026-06-09T16:35:35,sigma_current_sync,5,5,dp,6.283185307000,1,1,,,0.031246094235,0.037886442961,3.999999999936,4.394999999942,0,7,False,0.025940610000,0.025943276667,0.000058295700,0.002247044605,"[0.02594061, 0.02587325, 0.02601597]"
2026-06-09T16:35:35,sigma_current_sync,5,5,dp,6.283185307000,1,1,,,0.031246094235,0.037886442961,3.999999999936,4.394999999942,0,8,False,0.143043200000,0.143043966667,0.000002788468,0.000019493785,"[0.1430477, 0.143041, 0.1430432]"
2026-06-09T16:35:48,sigma_current_sync,6,1,dp,0.000000000000,3,1,,,0.034163089599,0.034455235106,4.191000000000,4.211000000000,5,1,True,80.561560000000,80.550173333333,0.025621426363,0.000318080338,"[80.56156, 80.51469, 80.57427]"
2026-06-09T16:35:48,sigma_current_sync,6,1,dp,0.000000000000,3,1,,,0.034163089599,0.034455235106,4.191000000000,4.211000000000,5,2,False,12.960890000000,12.966686666667,0.008339545684,0.000643151631,"[12.96089, 12.96069, 12.97848]"
2026-06-09T16:35:48,sigma_current_sync,6,1,dp,0.000000000000,3,1,,,0.034163089599,0.034455235106,4.191000000000,4.211000000000,5,3,False,6.240824000000,6.240094000000,0.002501689962,0.000400905814,"[6.240824, 6.236731, 6.242727]"
2026-06-09T16:35:48,sigma_current_sync,6,1,dp,0.000000000000,3,1,,,0.034163089599,0.034455235106,4.191000000000,4.211000000000,5,4,False,34.795510000000,34.796020000000,0.017129812219,0.000492292286,"[34.81725, 34.79551, 34.7753]"
2026-06-09T16:35:48,sigma_current_sync,6,1,dp,0.000000000000,3,1,,,0.034163089599,0.034455235106,4.191000000000,4.211000000000,5,5,False,17.714760000000,17.712353333333,0.027984139953,0.001579922183,"[17.67694, 17.71476, 17.745359999999998]"
2026-06-09T16:35:48,sigma_current_sync,6,1,dp,0.000000000000,3,1,,,0.034163089599,0.034455235106,4.191000000000,4.211000000000,5,6,False,1.407377000000,1.407241666667,0.000352885565,0.000250764011,"[1.4075900000000001, 1.406758, 1.407377]"
2026-06-09T16:35:48,sigma_current_sync,6,1,dp,0.000000000000,3,1,,,0.034163089599,0.034455235106,4.191000000000,4.211000000000,5,7,False,0.033621940000,0.033616556667,0.000022118234,0.000657956570,"[0.03362194, 0.03364055, 0.03358718]"
2026-06-09T16:35:48,sigma_current_sync,6,1,dp,0.000000000000,3,1,,,0.034163089599,0.034455235106,4.191000000000,4.211000000000,5,8,False,0.078962790000,0.078909603333,0.000081598743,0.001034078735,"[0.07897169999999999, 0.07896278999999999, 0.07879431999999999]"
2026-06-09T16:36:01,sigma_current_sync,6,2,dp,1.570796327000,3,1,,,0.042796798411,0.043085150536,4.690776398866,4.708921384159,5,1,True,113.829500000000,113.822066666667,0.024454083958,0.000214844842,"[113.82950000000001, 113.7891, 113.8476]"
2026-06-09T16:36:01,sigma_current_sync,6,2,dp,1.570796327000,3,1,,,0.042796798411,0.043085150536,4.690776398866,4.708921384159,5,2,False,6.189912000000,6.189346000000,0.001034996940,0.000167222343,"[6.190232, 6.1899120000000005, 6.187894]"
2026-06-09T16:36:01,sigma_current_sync,6,2,dp,1.570796327000,3,1,,,0.042796798411,0.043085150536,4.690776398866,4.708921384159,5,3,False,31.985770000000,31.990256666667,0.032683566037,0.001021672517,"[31.95266, 31.98577, 32.03234]"
2026-06-09T16:36:01,sigma_current_sync,6,2,dp,1.570796327000,3,1,,,0.042796798411,0.043085150536,4.690776398866,4.708921384159,5,4,False,0.243979100000,0.243887766667,0.000221192440,0.000906943563,"[0.2441012, 0.243583, 0.2439791]"
2026-06-09T16:36:01,sigma_current_sync,6,2,dp,1.570796327000,3,1,,,0.042796798411,0.043085150536,4.690776398866,4.708921384159,5,5,False,2.090596000000,2.090312000000,0.000608883131,0.000291288157,"[2.089466, 2.0905959999999997, 2.090874]"
2026-06-09T16:36:01,sigma_current_sync,6,2,dp,1.570796327000,3,1,,,0.042796798411,0.043085150536,4.690776398866,4.708921384159,5,6,False,0.507204200000,0.507291200000,0.000227539945,0.000448539114,"[0.507603, 0.5072042, 0.5070663999999999]"
2026-06-09T16:36:01,sigma_current_sync,6,2,dp,1.570796327000,3,1,,,0.042796798411,0.043085150536,4.690776398866,4.708921384159,5,7,False,0.020878920000,0.020873773333,0.000016141329,0.000773282738,"[0.02087892, 0.02085194, 0.020890460000000003]"
2026-06-09T16:36:01,sigma_current_sync,6,2,dp,1.570796327000,3,1,,,0.042796798411,0.043085150536,4.690776398866,4.708921384159,5,8,False,0.126624100000,0.126703566667,0.000139815243,0.001103483089,"[0.12658650000000002, 0.1266241, 0.1269001]"
2026-06-09T16:36:13,sigma_current_sync,6,3,dp,3.141592654000,3,1,,,0.051430507224,0.051715065967,5.142206282163,5.159007676325,5,1,True,40.034370000000,40.041240000000,0.010575528356,0.000264115905,"[40.03317, 40.03437, 40.056180000000005]"
2026-06-09T16:36:13,sigma_current_sync,6,3,dp,3.141592654000,3,1,,,0.051430507224,0.051715065967,5.142206282163,5.159007676325,5,2,False,1.159281000000,1.159278666667,0.001134523199,0.000978645801,"[1.157888, 1.1606670000000001, 1.159281]"
2026-06-09T16:36:13,sigma_current_sync,6,3,dp,3.141592654000,3,1,,,0.051430507224,0.051715065967,5.142206282163,5.159007676325,5,3,False,36.767220000000,36.774783333333,0.019396567279,0.000527442055,"[36.767219999999995, 36.75573, 36.8014]"
2026-06-09T16:36:13,sigma_current_sync,6,3,dp,3.141592654000,3,1,,,0.051430507224,0.051715065967,5.142206282163,5.159007676325,5,4,False,28.744310000000,28.763760000000,0.034255972715,0.001190942099,"[28.811909999999997, 28.74431, 28.73506]"
2026-06-09T16:36:13,sigma_current_sync,6,3,dp,3.141592654000,3,1,,,0.051430507224,0.051715065967,5.142206282163,5.159007676325,5,5,False,40.150300000000,40.133086666667,0.072472864500,0.001805813370,"[40.1503, 40.03698, 40.21198]"
2026-06-09T16:36:13,sigma_current_sync,6,3,dp,3.141592654000,3,1,,,0.051430507224,0.051715065967,5.142206282163,5.159007676325,5,6,False,4.095792000000,4.095244333333,0.001409230129,0.000344113810,"[4.09663, 4.095791999999999, 4.093311]"
2026-06-09T16:36:13,sigma_current_sync,6,3,dp,3.141592654000,3,1,,,0.051430507224,0.051715065967,5.142206282163,5.159007676325,5,7,False,0.063283460000,0.063290500000,0.000055012612,0.000869208047,"[0.06328346, 0.06322692, 0.06336112]"
2026-06-09T16:36:13,sigma_current_sync,6,3,dp,3.141592654000,3,1,,,0.051430507224,0.051715065967,5.142206282163,5.159007676325,5,8,False,0.078010930000,0.077973616667,0.000216337228,0.002774492666,"[0.07769198, 0.07801092999999999, 0.07821794]"
2026-06-09T16:36:26,sigma_current_sync,6,4,dp,4.712388980000,3,1,,,0.025529380785,0.025825319675,3.622924064252,3.645696284292,5,1,True,3.343659000000,3.344103666667,0.001727977109,0.000516723547,"[3.3464069999999997, 3.342245, 3.343659]"
2026-06-09T16:36:26,sigma_current_sync,6,4,dp,4.712388980000,3,1,,,0.025529380785,0.025825319675,3.622924064252,3.645696284292,5,2,False,8.047618000000,8.047164666667,0.001038663671,0.000129072004,"[8.047618, 8.045728, 8.048148]"
2026-06-09T16:36:26,sigma_current_sync,6,4,dp,4.712388980000,3,1,,,0.025529380785,0.025825319675,3.622924064252,3.645696284292,5,3,False,9.937266000000,9.941039000000,0.006423505741,0.000646160400,"[9.950082, 9.937266, 9.935768999999999]"
2026-06-09T16:36:26,sigma_current_sync,6,4,dp,4.712388980000,3,1,,,0.025529380785,0.025825319675,3.622924064252,3.645696284292,5,4,False,66.085620000000,66.106323333333,0.039183808164,0.000592739184,"[66.16119, 66.07216, 66.08562]"
2026-06-09T16:36:26,sigma_current_sync,6,4,dp,4.712388980000,3,1,,,0.025529380785,0.025825319675,3.622924064252,3.645696284292,5,5,False,59.036260000000,59.050900000000,0.041847841840,0.000708674073,"[59.03626, 59.00856, 59.10788]"
2026-06-09T16:36:26,sigma_current_sync,6,4,dp,4.712388980000,3,1,,,0.025529380785,0.025825319675,3.622924064252,3.645696284292,5,6,False,5.280532000000,5.280092000000,0.005188374762,0.000982629614,"[5.280532, 5.286214999999999, 5.273529]"
2026-06-09T16:36:26,sigma_current_sync,6,4,dp,4.712388980000,3,1,,,0.025529380785,0.025825319675,3.622924064252,3.645696284292,5,7,False,0.089974390000,0.090011073333,0.000052856877,0.000587226387,"[0.08997438999999999, 0.08997301, 0.09008582]"
2026-06-09T16:36:26,sigma_current_sync,6,4,dp,4.712388980000,3,1,,,0.025529380785,0.025825319675,3.622924064252,3.645696284292,5,8,False,0.028560890000,0.028543660000,0.000057006296,0.001997161406,"[0.02846684, 0.028603249999999997, 0.028560890000000002]"
2026-06-09T16:36:39,sigma_current_sync,6,5,dp,6.283185307000,3,1,,,0.034163089598,0.034455235105,4.190999999939,4.210999999940,5,1,True,80.584420000000,80.594920000000,0.020650221952,0.000256222377,"[80.58442000000001, 80.62377000000001, 80.57656999999999]"
2026-06-09T16:36:39,sigma_current_sync,6,5,dp,6.283185307000,3,1,,,0.034163089598,0.034455235105,4.190999999939,4.210999999940,5,2,False,13.004590000000,13.004740000000,0.006700194027,0.000515211686,"[13.013020000000001, 13.00459, 12.996609999999999]"
2026-06-09T16:36:39,sigma_current_sync,6,5,dp,6.283185307000,3,1,,,0.034163089598,0.034455235105,4.190999999939,4.210999999940,5,3,False,6.243186000000,6.245212333333,0.004510831581,0.000722286344,"[6.2409870000000005, 6.243186, 6.251464]"
2026-06-09T16:36:39,sigma_current_sync,6,5,dp,6.283185307000,3,1,,,0.034163089598,0.034455235105,4.190999999939,4.210999999940,5,4,False,34.803760000000,34.813780000000,0.021114132708,0.000606487796,"[34.794430000000006, 34.84315, 34.80376]"
2026-06-09T16:36:39,sigma_current_sync,6,5,dp,6.283185307000,3,1,,,0.034163089598,0.034455235105,4.190999999939,4.210999999940,5,5,False,17.760200000000,17.756166666667,0.008371795241,0.000471486633,"[17.76379, 17.74451, 17.7602]"
2026-06-09T16:36:39,sigma_current_sync,6,5,dp,6.283185307000,3,1,,,0.034163089598,0.034455235105,4.190999999939,4.210999999940,5,6,False,1.405182000000,1.404965666667,0.000616545393,0.000438833068,"[1.404126, 1.4051820000000002, 1.405589]"
2026-06-09T16:36:39,sigma_current_sync,6,5,dp,6.283185307000,3,1,,,0.034163089598,0.034455235105,4.190999999939,4.210999999940,5,7,False,0.033704990000,0.033708733333,0.000023156569,0.000686960521,"[0.03368243, 0.03370499, 0.033738779999999996]"
2026-06-09T16:36:39,sigma_current_sync,6,5,dp,6.283185307000,3,1,,,0.034163089598,0.034455235105,4.190999999939,4.210999999940,5,8,False,0.078821320000,0.078830846667,0.000026547700,0.000336767912,"[0.07880416, 0.07886705999999999, 0.07882132]"
2026-06-09T16:36:53,sigma_current_sync,7,1,dp,0.000000000000,5,1,,,0.031901135489,0.036905118519,4.039000000000,4.345000000000,6,1,True,7.907393000000,7.911076000000,0.007986285286,0.001009506834,"[7.907393000000001, 7.922164, 7.903670999999999]"
2026-06-09T16:36:53,sigma_current_sync,7,1,dp,0.000000000000,5,1,,,0.031901135489,0.036905118519,4.039000000000,4.345000000000,6,2,False,9.446645000000,9.446428333333,0.006399901267,0.000677494291,"[9.454156, 9.438484, 9.446645]"
2026-06-09T16:36:53,sigma_current_sync,7,1,dp,0.000000000000,5,1,,,0.031901135489,0.036905118519,4.039000000000,4.345000000000,6,3,False,66.550590000000,66.528086666667,0.054144610279,0.000813860927,"[66.55059, 66.45345, 66.58022000000001]"
2026-06-09T16:36:53,sigma_current_sync,7,1,dp,0.000000000000,5,1,,,0.031901135489,0.036905118519,4.039000000000,4.345000000000,6,4,False,29.950190000000,29.923333333333,0.040553287029,0.001355239624,"[29.86602, 29.95019, 29.95379]"
2026-06-09T16:36:53,sigma_current_sync,7,1,dp,0.000000000000,5,1,,,0.031901135489,0.036905118519,4.039000000000,4.345000000000,6,5,False,2.861938000000,2.862141666667,0.000683643344,0.000238857270,"[2.8630619999999998, 2.861938, 2.8614249999999997]"
2026-06-09T16:36:53,sigma_current_sync,7,1,dp,0.000000000000,5,1,,,0.031901135489,0.036905118519,4.039000000000,4.345000000000,6,6,False,19.032530000000,19.032270000000,0.004592392260,0.000241295035,"[19.03776, 19.026519999999998, 19.03253]"
2026-06-09T16:36:53,sigma_current_sync,7,1,dp,0.000000000000,5,1,,,0.031901135489,0.036905118519,4.039000000000,4.345000000000,6,7,False,8.368948000000,8.370140333333,0.004208221662,0.000502765963,"[8.375786, 8.368948, 8.365687]"
2026-06-09T16:36:53,sigma_current_sync,7,1,dp,0.000000000000,5,1,,,0.031901135489,0.036905118519,4.039000000000,4.345000000000,6,8,False,1.319383000000,1.319105000000,0.001183217083,0.000896984761,"[1.319383, 1.320395, 1.317537]"
2026-06-09T16:37:06,sigma_current_sync,7,2,dp,1.570796327000,5,1,,,0.040586501580,0.045661510427,4.555767913011,4.833053640469,6,1,True,10.452440000000,10.451276666667,0.015653456132,0.001497755407,"[10.43155, 10.45244, 10.46984]"
2026-06-09T16:37:06,sigma_current_sync,7,2,dp,1.570796327000,5,1,,,0.040586501580,0.045661510427,4.555767913011,4.833053640469,6,2,False,10.412660000000,10.411826666667,0.010272112192,0.000986581176,"[10.39885, 10.41266, 10.42397]"
2026-06-09T16:37:06,sigma_current_sync,7,2,dp,1.570796327000,5,1,,,0.040586501580,0.045661510427,4.555767913011,4.833053640469,6,3,False,78.952810000000,78.926823333333,0.042025739996,0.000532464607,"[78.86754, 78.96012, 78.95281]"
2026-06-09T16:37:06,sigma_current_sync,7,2,dp,1.570796327000,5,1,,,0.040586501580,0.045661510427,4.555767913011,4.833053640469,6,4,False,38.669550000000,38.665396666667,0.017581250114,0.000454702438,"[38.68455, 38.64209, 38.66955]"
2026-06-09T16:37:06,sigma_current_sync,7,2,dp,1.570796327000,5,1,,,0.040586501580,0.045661510427,4.555767913011,4.833053640469,6,5,False,0.458786600000,0.458607433333,0.000270816596,0.000590519422,"[0.4587866, 0.45881099999999997, 0.4582247]"
2026-06-09T16:37:06,sigma_current_sync,7,2,dp,1.570796327000,5,1,,,0.040586501580,0.045661510427,4.555767913011,4.833053640469,6,6,False,10.561880000000,10.561536666667,0.003140661643,0.000297367868,"[10.56188, 10.55753, 10.5652]"
2026-06-09T16:37:06,sigma_current_sync,7,2,dp,1.570796327000,5,1,,,0.040586501580,0.045661510427,4.555767913011,4.833053640469,6,7,False,0.335932200000,0.335849533333,0.000148506281,0.000442180996,"[0.3359322, 0.33564099999999997, 0.33597540000000004]"
2026-06-09T16:37:06,sigma_current_sync,7,2,dp,1.570796327000,5,1,,,0.040586501580,0.045661510427,4.555767913011,4.833053640469,6,8,False,0.008011468000,0.008044995667,0.000176321162,0.021916874755,"[0.008275747, 0.008011468, 0.007847772000000001]"
2026-06-09T16:37:19,sigma_current_sync,7,3,dp,3.141592654000,5,1,,,0.049271867671,0.054417902335,5.019613685778,5.276152952985,6,1,True,5.438676000000,5.440084333333,0.003561152279,0.000654613433,"[5.444976, 5.438676, 5.436601]"
2026-06-09T16:37:19,sigma_current_sync,7,3,dp,3.141592654000,5,1,,,0.049271867671,0.054417902335,5.019613685778,5.276152952985,6,2,False,5.335024000000,5.335148000000,0.000718984469,0.000134763735,"[5.336084, 5.334336, 5.335024000000001]"
2026-06-09T16:37:19,sigma_current_sync,7,3,dp,3.141592654000,5,1,,,0.049271867671,0.054417902335,5.019613685778,5.276152952985,6,3,False,36.676870000000,36.703310000000,0.052664948495,0.001434882807,"[36.77683, 36.67687, 36.65623]"
2026-06-09T16:37:19,sigma_current_sync,7,3,dp,3.141592654000,5,1,,,0.049271867671,0.054417902335,5.019613685778,5.276152952985,6,4,False,21.638050000000,21.641870000000,0.010155602723,0.000469257172,"[21.65577, 21.63805, 21.631790000000002]"
2026-06-09T16:37:19,sigma_current_sync,7,3,dp,3.141592654000,5,1,,,0.049271867671,0.054417902335,5.019613685778,5.276152952985,6,5,False,3.290374000000,3.289429333333,0.006452332722,0.001961535594,"[3.2968170000000003, 3.290374, 3.281097]"
2026-06-09T16:37:19,sigma_current_sync,7,3,dp,3.141592654000,5,1,,,0.049271867671,0.054417902335,5.019613685778,5.276152952985,6,6,False,60.127440000000,60.149550000000,0.048156725387,0.000800616553,"[60.216390000000004, 60.104820000000004, 60.12744]"
2026-06-09T16:37:19,sigma_current_sync,7,3,dp,3.141592654000,5,1,,,0.049271867671,0.054417902335,5.019613685778,5.276152952985,6,7,False,5.333291000000,5.333056666667,0.001240353265,0.000232578302,"[5.331434, 5.334445, 5.333291]"
2026-06-09T16:37:19,sigma_current_sync,7,3,dp,3.141592654000,5,1,,,0.049271867671,0.054417902335,5.019613685778,5.276152952985,6,8,False,2.673556000000,2.674550333333,0.001936979493,0.000724226225,"[2.672837, 2.673556, 2.6772579999999997]"
2026-06-09T16:37:32,sigma_current_sync,7,4,dp,4.712388980000,5,1,,,0.023215769397,0.028148726609,3.445579881858,3.794686088182,6,1,True,0.654263600000,0.654472733333,0.001178861689,0.001801238813,"[0.6531448999999999, 0.6560097, 0.6542636000000001]"
2026-06-09T16:37:32,sigma_current_sync,7,4,dp,4.712388980000,5,1,,,0.023215769397,0.028148726609,3.445579881858,3.794686088182,6,2,False,1.417824000000,1.417230333333,0.001185988289,0.000836835242,"[1.417824, 1.415575, 1.418292]"
2026-06-09T16:37:32,sigma_current_sync,7,4,dp,4.712388980000,5,1,,,0.023215769397,0.028148726609,3.445579881858,3.794686088182,6,3,False,6.481507000000,6.482108666667,0.002043160678,0.000315200004,"[6.481507, 6.484857, 6.479962]"
2026-06-09T16:37:32,sigma_current_sync,7,4,dp,4.712388980000,5,1,,,0.023215769397,0.028148726609,3.445579881858,3.794686088182,6,4,False,3.546937000000,3.546851000000,0.000682854792,0.000192524240,"[3.545975, 3.546937, 3.547641]"
2026-06-09T16:37:32,sigma_current_sync,7,4,dp,4.712388980000,5,1,,,0.023215769397,0.028148726609,3.445579881858,3.794686088182,6,5,False,6.157316000000,6.156891000000,0.000939737197,0.000152631774,"[6.157316, 6.157769, 6.155588]"
2026-06-09T16:37:32,sigma_current_sync,7,4,dp,4.712388980000,5,1,,,0.023215769397,0.028148726609,3.445579881858,3.794686088182,6,6,False,94.092120000000,94.106086666667,0.069640628627,0.000740022576,"[94.1975, 94.09212, 94.02864000000001]"
2026-06-09T16:37:32,sigma_current_sync,7,4,dp,4.712388980000,5,1,,,0.023215769397,0.028148726609,3.445579881858,3.794686088182,6,7,False,16.480040000000,16.488363333333,0.024244400499,0.001470394606,"[16.463720000000002, 16.480040000000002, 16.52133]"
2026-06-09T16:37:32,sigma_current_sync,7,4,dp,4.712388980000,5,1,,,0.023215769397,0.028148726609,3.445579881858,3.794686088182,6,8,False,2.622307000000,2.623206333333,0.001637417547,0.000624204633,"[2.625504, 2.6223069999999997, 2.6218079999999997]"
2026-06-09T16:37:45,sigma_current_sync,7,5,dp,6.283185307000,5,1,,,0.031901135488,0.036905118518,4.038999999937,4.344999999941,6,1,True,7.900114000000,7.897796666667,0.003589191769,0.000454454821,"[7.900114000000001, 7.900549000000001, 7.892727000000001]"
2026-06-09T16:37:45,sigma_current_sync,7,5,dp,6.283185307000,5,1,,,0.031901135488,0.036905118518,4.038999999937,4.344999999941,6,2,False,9.446388000000,9.452584666667,0.009543084663,0.001009574101,"[9.4453, 9.446388, 9.466066]"
2026-06-09T16:37:45,sigma_current_sync,7,5,dp,6.283185307000,5,1,,,0.031901135488,0.036905118518,4.038999999937,4.344999999941,6,3,False,66.347150000000,66.353620000000,0.043755020283,0.000659421751,"[66.34715, 66.41015, 66.30356]"
2026-06-09T16:37:45,sigma_current_sync,7,5,dp,6.283185307000,5,1,,,0.031901135488,0.036905118518,4.038999999937,4.344999999941,6,4,False,29.808210000000,29.831973333333,0.037460486145,0.001255715997,"[29.808210000000003, 29.80285, 29.88486]"
2026-06-09T16:37:45,sigma_current_sync,7,5,dp,6.283185307000,5,1,,,0.031901135488,0.036905118518,4.038999999937,4.344999999941,6,5,False,2.863398000000,2.862313000000,0.002505737549,0.000875424019,"[2.8646920000000002, 2.8588489999999998, 2.863398]"
2026-06-09T16:37:45,sigma_current_sync,7,5,dp,6.283185307000,5,1,,,0.031901135488,0.036905118518,4.038999999937,4.344999999941,6,6,False,19.053790000000,19.056166666667,0.012341988855,0.000647663776,"[19.072329999999997, 19.05379, 19.04238]"
2026-06-09T16:37:45,sigma_current_sync,7,5,dp,6.283185307000,5,1,,,0.031901135488,0.036905118518,4.038999999937,4.344999999941,6,7,False,8.375375000000,8.372262666667,0.005038056129,0.000601755622,"[8.365156, 8.375375, 8.376257]"
2026-06-09T16:37:45,sigma_current_sync,7,5,dp,6.283185307000,5,1,,,0.031901135488,0.036905118518,4.038999999937,4.344999999941,6,8,False,1.316379000000,1.317313000000,0.001454380968,0.001104051177,"[1.316193, 1.316379, 1.319367]"
2026-06-09T16:37:59,sigma_current_sync,8,1,dp,0.000000000000,7,1,,,0.031120426485,0.037625082991,4.000000000000,4.396000000000,7,1,True,3.944021000000,3.946965333333,0.006657281945,0.001686683663,"[3.9406930000000004, 3.9440209999999998, 3.956182]"
2026-06-09T16:37:59,sigma_current_sync,8,1,dp,0.000000000000,7,1,,,0.031120426485,0.037625082991,4.000000000000,4.396000000000,7,2,False,0.321689400000,0.321778233333,0.000293752303,0.000912902964,"[0.3214712, 0.32217409999999996, 0.3216894]"
2026-06-09T16:37:59,sigma_current_sync,8,1,dp,0.000000000000,7,1,,,0.031120426485,0.037625082991,4.000000000000,4.396000000000,7,3,False,12.989790000000,12.990366666667,0.011238310470,0.000865126502,"[12.976899999999999, 12.98979, 13.00441]"
2026-06-09T16:37:59,sigma_current_sync,8,1,dp,0.000000000000,7,1,,,0.031120426485,0.037625082991,4.000000000000,4.396000000000,7,4,False,2.012541000000,2.013053333333,0.001282291265,0.000636988223,"[2.0125409999999997, 2.014816, 2.011803]"
2026-06-09T16:37:59,sigma_current_sync,8,1,dp,0.000000000000,7,1,,,0.031120426485,0.037625082991,4.000000000000,4.396000000000,7,5,False,109.089400000000,109.140400000000,0.102110234551,0.000935586039,"[109.0894, 109.2829, 109.0489]"
2026-06-09T16:37:59,sigma_current_sync,8,1,dp,0.000000000000,7,1,,,0.031120426485,0.037625082991,4.000000000000,4.396000000000,7,6,False,5.537548000000,5.534601666667,0.005733815852,0.001035994313,"[5.526586, 5.539671, 5.537548]"
2026-06-09T16:37:59,sigma_current_sync,8,1,dp,0.000000000000,7,1,,,0.031120426485,0.037625082991,4.000000000000,4.396000000000,7,7,False,2.179933000000,2.180301666667,0.002630636467,0.001206547015,"[2.183692, 2.179933, 2.17728]"
2026-06-09T16:37:59,sigma_current_sync,8,1,dp,0.000000000000,7,1,,,0.031120426485,0.037625082991,4.000000000000,4.396000000000,7,8,False,3.397079000000,3.397716333333,0.002276537478,0.000670019876,"[3.4007680000000002, 3.397079, 3.395302]"
2026-06-09T16:38:14,sigma_current_sync,8,2,dp,1.570796327000,7,1,,,0.039778374038,0.046336227536,4.522314221043,4.878421116467,7,1,True,2.668588000000,2.669564666667,0.002979698904,0.001116174087,"[2.6685879999999997, 2.673603, 2.666503]"
2026-06-09T16:38:14,sigma_current_sync,8,2,dp,1.570796327000,7,1,,,0.039778374038,0.046336227536,4.522314221043,4.878421116467,7,2,False,0.077611980000,0.077669693333,0.000096692955,0.001244925151,"[0.07780591, 0.07759119, 0.07761198]"
2026-06-09T16:38:14,sigma_current_sync,8,2,dp,1.570796327000,7,1,,,0.039778374038,0.046336227536,4.522314221043,4.878421116467,7,3,False,8.807275000000,8.803657000000,0.022244451173,0.002526728514,"[8.774785, 8.828911, 8.807274999999999]"
2026-06-09T16:38:14,sigma_current_sync,8,2,dp,1.570796327000,7,1,,,0.039778374038,0.046336227536,4.522314221043,4.878421116467,7,4,False,1.364302000000,1.364218666667,0.000506401905,0.000371202885,"[1.3643020000000001, 1.3647930000000001, 1.363561]"
2026-06-09T16:38:14,sigma_current_sync,8,2,dp,1.570796327000,7,1,,,0.039778374038,0.046336227536,4.522314221043,4.878421116467,7,5,False,71.700530000000,71.681276666667,0.035361174880,0.000493311176,"[71.70053, 71.63168, 71.71162]"
2026-06-09T16:38:14,sigma_current_sync,8,2,dp,1.570796327000,7,1,,,0.039778374038,0.046336227536,4.522314221043,4.878421116467,7,6,False,2.990261000000,2.991251000000,0.001675225557,0.000560041788,"[2.99361, 2.990261, 2.9898819999999997]"
2026-06-09T16:38:14,sigma_current_sync,8,2,dp,1.570796327000,7,1,,,0.039778374038,0.046336227536,4.522314221043,4.878421116467,7,7,False,6.299563000000,6.298576666667,0.007439612550,0.001181157735,"[6.307155, 6.289012, 6.299563]"
2026-06-09T16:38:14,sigma_current_sync,8,2,dp,1.570796327000,7,1,,,0.039778374038,0.046336227536,4.522314221043,4.878421116467,7,8,False,32.608760000000,32.623770000000,0.042968710321,0.001317098248,"[32.58028, 32.608760000000004, 32.68227]"
2026-06-09T16:38:26,sigma_current_sync,8,3,dp,3.141592654000,7,1,,,0.048436321592,0.020202793903,4.990255687608,3.221251747869,7,1,True,0.201273300000,0.201098866667,0.000296816064,0.001475970842,"[0.200681, 0.20127330000000002, 0.2013423]"
2026-06-09T16:38:26,sigma_current_sync,8,3,dp,3.141592654000,7,1,,,0.048436321592,0.020202793903,4.990255687608,3.221251747869,7,2,False,0.181846400000,0.181924433333,0.000155496417,0.000854730801,"[0.1817854, 0.1818464, 0.1821415]"
2026-06-09T16:38:26,sigma_current_sync,8,3,dp,3.141592654000,7,1,,,0.048436321592,0.020202793903,4.990255687608,3.221251747869,7,3,False,0.552515600000,0.552499433333,0.000218344870,0.000395194740,"[0.5522243, 0.5525156, 0.5527584]"
2026-06-09T16:38:26,sigma_current_sync,8,3,dp,3.141592654000,7,1,,,0.048436321592,0.020202793903,4.990255687608,3.221251747869,7,4,False,0.089029090000,0.089094310000,0.000207063451,0.002324092876,"[0.08937415, 0.08902909, 0.08887969]"
2026-06-09T16:38:26,sigma_current_sync,8,3,dp,3.141592654000,7,1,,,0.048436321592,0.020202793903,4.990255687608,3.221251747869,7,5,False,4.707008000000,4.708018000000,0.004352136563,0.000924409500,"[4.703265, 4.707008, 4.713781]"
2026-06-09T16:38:26,sigma_current_sync,8,3,dp,3.141592654000,7,1,,,0.048436321592,0.020202793903,4.990255687608,3.221251747869,7,6,False,0.107888400000,0.107832000000,0.000085986859,0.000797415048,"[0.1078971, 0.1077105, 0.1078884]"
2026-06-09T16:38:26,sigma_current_sync,8,3,dp,3.141592654000,7,1,,,0.048436321592,0.020202793903,4.990255687608,3.221251747869,7,7,False,23.174000000000,23.178540000000,0.006441754419,0.000277918903,"[23.17397, 23.174, 23.18765]"
2026-06-09T16:38:26,sigma_current_sync,8,3,dp,3.141592654000,7,1,,,0.048436321592,0.020202793903,4.990255687608,3.221251747869,7,8,False,82.785630000000,82.770393333333,0.052303768082,0.000631913973,"[82.82545999999999, 82.78563, 82.70009]"
2026-06-09T16:38:41,sigma_current_sync,8,4,dp,4.712388980000,7,1,,,0.022462478930,0.028913938444,3.398334016197,3.853652736028,7,1,True,1.346140000000,1.345577666667,0.000982603458,0.000730246557,"[1.34614, 1.3441960000000002, 1.346397]"
2026-06-09T16:38:41,sigma_current_sync,8,4,dp,4.712388980000,7,1,,,0.022462478930,0.028913938444,3.398334016197,3.853652736028,7,2,False,0.453154000000,0.453341200000,0.000354826831,0.000782692663,"[0.45383799999999996, 0.453154, 0.45303160000000003]"
2026-06-09T16:38:41,sigma_current_sync,8,4,dp,4.712388980000,7,1,,,0.022462478930,0.028913938444,3.398334016197,3.853652736028,7,3,False,4.356472000000,4.358557666667,0.003744591151,0.000859135392,"[4.355385, 4.363816, 4.356472]"
2026-06-09T16:38:41,sigma_current_sync,8,4,dp,4.712388980000,7,1,,,0.022462478930,0.028913938444,3.398334016197,3.853652736028,7,4,False,0.750814900000,0.749800733333,0.001628167801,0.002171467336,"[0.7510839, 0.7475034, 0.7508149000000001]"
2026-06-09T16:38:41,sigma_current_sync,8,4,dp,4.712388980000,7,1,,,0.022462478930,0.028913938444,3.398334016197,3.853652736028,7,5,False,39.496430000000,39.498183333333,0.025537465723,0.000646547855,"[39.49643, 39.530300000000004, 39.46782]"
2026-06-09T16:38:41,sigma_current_sync,8,4,dp,4.712388980000,7,1,,,0.022462478930,0.028913938444,3.398334016197,3.853652736028,7,6,False,2.539114000000,2.539540333333,0.001709187006,0.000673030069,"[2.541814, 2.537693, 2.539114]"
2026-06-09T16:38:41,sigma_current_sync,8,4,dp,4.712388980000,7,1,,,0.022462478930,0.028913938444,3.398334016197,3.853652736028,7,7,False,20.490680000000,20.476760000000,0.020404197281,0.000996456338,"[20.491690000000002, 20.490679999999998, 20.44791]"
2026-06-09T16:38:41,sigma_current_sync,8,4,dp,4.712388980000,7,1,,,0.022462478930,0.028913938444,3.398334016197,3.853652736028,7,8,False,56.454980000000,56.453260000000,0.008909728765,0.000157824876,"[56.44159, 56.45498, 56.46321]"
2026-06-09T16:38:55,sigma_current_sync,8,5,dp,6.283185307000,7,1,,,0.031120426484,0.037625082990,3.999999999936,4.395999999942,7,1,True,4.008754000000,4.010535666667,0.004210468884,0.001049851998,"[4.008754, 4.006506, 4.0163470000000006]"
2026-06-09T16:38:55,sigma_current_sync,8,5,dp,6.283185307000,7,1,,,0.031120426484,0.037625082990,3.999999999936,4.395999999942,7,2,False,0.323168800000,0.323116100000,0.000094342603,0.000291977412,"[0.3231688, 0.3231959, 0.3229836]"
2026-06-09T16:38:55,sigma_current_sync,8,5,dp,6.283185307000,7,1,,,0.031120426484,0.037625082990,3.999999999936,4.395999999942,7,3,False,13.071530000000,13.068926666667,0.008581112334,0.000656604215,"[13.07789, 13.071530000000001, 13.057360000000001]"
2026-06-09T16:38:55,sigma_current_sync,8,5,dp,6.283185307000,7,1,,,0.031120426484,0.037625082990,3.999999999936,4.395999999942,7,4,False,2.008493000000,2.008524333333,0.000592374506,0.000294930211,"[2.009265, 2.008493, 2.007815]"
2026-06-09T16:38:55,sigma_current_sync,8,5,dp,6.283185307000,7,1,,,0.031120426484,0.037625082990,3.999999999936,4.395999999942,7,5,False,108.997400000000,108.976133333333,0.054298025338,0.000498256120,"[108.9974, 109.02940000000001, 108.90159999999999]"
2026-06-09T16:38:55,sigma_current_sync,8,5,dp,6.283185307000,7,1,,,0.031120426484,0.037625082990,3.999999999936,4.395999999942,7,6,False,5.557805000000,5.559052000000,0.002183516888,0.000392785836,"[5.557805, 5.557229, 5.562122]"
2026-06-09T16:38:55,sigma_current_sync,8,5,dp,6.283185307000,7,1,,,0.031120426484,0.037625082990,3.999999999936,4.395999999942,7,7,False,2.161467000000,2.161157000000,0.000749648362,0.000346873625,"[2.16188, 2.161467, 2.160124]"
2026-06-09T16:38:55,sigma_current_sync,8,5,dp,6.283185307000,7,1,,,0.031120426484,0.037625082990,3.999999999936,4.395999999942,7,8,False,3.380372000000,3.381728000000,0.002715065745,0.000802863431,"[3.380372, 3.3855169999999997, 3.379295]"
2026-06-09T16:39:24,delta_current_probe,5,1,probe_axis_power_w,-0.001000000000,2,2,0.029779160415,3.904975800177,,,,,,1,False,77.143770000000,77.158230000000,0.052101334596,0.000675253108,"[77.22803, 77.10289, 77.14377]"
2026-06-09T16:39:24,delta_current_probe,5,1,probe_axis_power_w,-0.001000000000,2,2,0.029779160415,3.904975800177,,,,,,2,True,83.812860000000,83.809726666667,0.061913766554,0.000738742017,"[83.88394, 83.81286, 83.73238]"
2026-06-09T16:39:24,delta_current_probe,5,1,probe_axis_power_w,-0.001000000000,2,2,0.029779160415,3.904975800177,,,,,,3,False,9.734838000000,9.731910333333,0.010274446435,0.001055748161,"[9.718121, 9.734838, 9.742771999999999]"
2026-06-09T16:39:24,delta_current_probe,5,1,probe_axis_power_w,-0.001000000000,2,2,0.029779160415,3.904975800177,,,,,,4,False,3.890674000000,3.890578666667,0.001036695176,0.000266462978,"[3.891798, 3.889264, 3.8906740000000006]"
2026-06-09T16:39:24,delta_current_probe,5,1,probe_axis_power_w,-0.001000000000,2,2,0.029779160415,3.904975800177,,,,,,5,False,0.549235900000,0.549332300000,0.000553065734,0.001006796313,"[0.5492359, 0.5487082999999999, 0.5500527]"
2026-06-09T16:39:24,delta_current_probe,5,1,probe_axis_power_w,-0.001000000000,2,2,0.029779160415,3.904975800177,,,,,,6,False,0.034606840000,0.034554153333,0.000098548605,0.002852004613,"[0.03441607, 0.03463955, 0.03460684]"
2026-06-09T16:39:24,delta_current_probe,5,1,probe_axis_power_w,-0.001000000000,2,2,0.029779160415,3.904975800177,,,,,,7,False,0.011769770000,0.011740396667,0.000075743068,0.006451491430,"[0.0116365, 0.01176977, 0.01181492]"
2026-06-09T16:39:24,delta_current_probe,5,1,probe_axis_power_w,-0.001000000000,2,2,0.029779160415,3.904975800177,,,,,,8,False,0.143975100000,0.143787400000,0.000414130149,0.002880156040,"[0.14321309999999998, 0.144174, 0.14397510000000002]"
2026-06-09T16:39:37,delta_current_probe,5,2,probe_axis_power_w,-0.000500000000,2,2,0.030279160415,3.937622125088,,,,,,1,False,79.376060000000,79.374636666667,0.018785988277,0.000236674951,"[79.37606, 79.3969, 79.35095]"
2026-06-09T16:39:37,delta_current_probe,5,2,probe_axis_power_w,-0.000500000000,2,2,0.030279160415,3.937622125088,,,,,,2,True,80.787040000000,80.782910000000,0.056678910246,0.000701620061,"[80.71152000000001, 80.85016999999999, 80.78704]"
2026-06-09T16:39:37,delta_current_probe,5,2,probe_axis_power_w,-0.000500000000,2,2,0.030279160415,3.937622125088,,,,,,3,False,10.450760000000,10.451366666667,0.006611224462,0.000632570330,"[10.45975, 10.44359, 10.45076]"
2026-06-09T16:39:37,delta_current_probe,5,2,probe_axis_power_w,-0.000500000000,2,2,0.030279160415,3.937622125088,,,,,,4,False,3.716705000000,3.715508333333,0.004485534776,0.001207246593,"[3.7167049999999997, 3.709515, 3.720305]"
2026-06-09T16:39:37,delta_current_probe,5,2,probe_axis_power_w,-0.000500000000,2,2,0.030279160415,3.937622125088,,,,,,5,False,0.472265200000,0.472436400000,0.000650195786,0.001376260986,"[0.4717396, 0.4733044, 0.4722652]"
2026-06-09T16:39:37,delta_current_probe,5,2,probe_axis_power_w,-0.000500000000,2,2,0.030279160415,3.937622125088,,,,,,6,False,0.035222810000,0.035219523333,0.000042170816,0.001197370425,"[0.03526945, 0.03522281, 0.03516631]"
2026-06-09T16:39:37,delta_current_probe,5,2,probe_axis_power_w,-0.000500000000,2,2,0.030279160415,3.937622125088,,,,,,7,False,0.012149190000,0.012131553333,0.000037154607,0.003062642185,"[0.012165599999999999, 0.012149189999999999, 0.01207987]"
2026-06-09T16:39:37,delta_current_probe,5,2,probe_axis_power_w,-0.000500000000,2,2,0.030279160415,3.937622125088,,,,,,8,False,0.144916600000,0.145041466667,0.000219482685,0.001513240936,"[0.1449166, 0.14534999999999998, 0.1448578]"
2026-06-09T16:39:50,delta_current_probe,5,3,probe_axis_power_w,0.000000000000,2,2,0.030779160415,3.970000000000,,,,,,1,False,81.418290000000,81.376850000000,0.088387375041,0.001086148887,"[81.254, 81.41829, 81.45826]"
2026-06-09T16:39:50,delta_current_probe,5,3,probe_axis_power_w,0.000000000000,2,2,0.030779160415,3.970000000000,,,,,,2,True,77.787030000000,77.773136666667,0.027211945090,0.000349888744,"[77.79727000000001, 77.73510999999999, 77.78703]"
2026-06-09T16:39:50,delta_current_probe,5,3,probe_axis_power_w,0.000000000000,2,2,0.030779160415,3.970000000000,,,,,,3,False,11.406320000000,11.405336666667,0.002921282063,0.000256132909,"[11.40832, 11.40632, 11.40137]"
2026-06-09T16:39:50,delta_current_probe,5,3,probe_axis_power_w,0.000000000000,2,2,0.030779160415,3.970000000000,,,,,,4,False,3.620743000000,3.621278000000,0.001808939100,0.000499530580,"[3.620743, 3.619379, 3.623712]"
2026-06-09T16:39:50,delta_current_probe,5,3,probe_axis_power_w,0.000000000000,2,2,0.030779160415,3.970000000000,,,,,,5,False,0.400838600000,0.401058833333,0.000485852079,0.001211423458,"[0.4017326, 0.4008386, 0.4006053]"
2026-06-09T16:39:50,delta_current_probe,5,3,probe_axis_power_w,0.000000000000,2,2,0.030779160415,3.970000000000,,,,,,6,False,0.037041390000,0.037044956667,0.000019822331,0.000535088530,"[0.03707082, 0.03702266, 0.03704139]"
2026-06-09T16:39:50,delta_current_probe,5,3,probe_axis_power_w,0.000000000000,2,2,0.030779160415,3.970000000000,,,,,,7,False,0.012474520000,0.012438210000,0.000052884797,0.004251801299,"[0.01236343, 0.01247452, 0.01247668]"
2026-06-09T16:39:50,delta_current_probe,5,3,probe_axis_power_w,0.000000000000,2,2,0.030779160415,3.970000000000,,,,,,8,False,0.145633900000,0.145719300000,0.000263634039,0.001809190953,"[0.1460763, 0.14544769999999999, 0.1456339]"
2026-06-09T16:40:04,delta_current_probe,5,4,probe_axis_power_w,0.000500000000,2,2,0.031279160415,4.002115940352,,,,,,1,False,83.338310000000,83.327166666667,0.088171077772,0.001058131235,"[83.42915, 83.21404, 83.33831]"
2026-06-09T16:40:04,delta_current_probe,5,4,probe_axis_power_w,0.000500000000,2,2,0.031279160415,4.002115940352,,,,,,2,True,74.471990000000,74.494506666667,0.044646219947,0.000599322312,"[74.45468, 74.47199, 74.55685]"
2026-06-09T16:40:04,delta_current_probe,5,4,probe_axis_power_w,0.000500000000,2,2,0.031279160415,4.002115940352,,,,,,3,False,12.580130000000,12.579790000000,0.006903583610,0.000548783693,"[12.58807, 12.57117, 12.58013]"
2026-06-09T16:40:04,delta_current_probe,5,4,probe_axis_power_w,0.000500000000,2,2,0.031279160415,4.002115940352,,,,,,4,False,3.595607000000,3.595344333333,0.003614506544,0.001005329729,"[3.590792, 3.5956069999999998, 3.599634]"
2026-06-09T16:40:04,delta_current_probe,5,4,probe_axis_power_w,0.000500000000,2,2,0.031279160415,4.002115940352,,,,,,5,False,0.336251700000,0.336501633333,0.000444859531,0.001322012991,"[0.3362517, 0.3371266, 0.3361266]"
2026-06-09T16:40:04,delta_current_probe,5,4,probe_axis_power_w,0.000500000000,2,2,0.031279160415,4.002115940352,,,,,,6,False,0.040080340000,0.040082046667,0.000037390529,0.000932849782,"[0.040128670000000005, 0.04003713, 0.04008034]"
2026-06-09T16:40:04,delta_current_probe,5,4,probe_axis_power_w,0.000500000000,2,2,0.031279160415,4.002115940352,,,,,,7,False,0.012795370000,0.012792996667,0.000017041468,0.001332093502,"[0.01279537, 0.01281258, 0.01277104]"
2026-06-09T16:40:04,delta_current_probe,5,4,probe_axis_power_w,0.000500000000,2,2,0.031279160415,4.002115940352,,,,,,8,False,0.146549300000,0.146550333333,0.000021037480,0.000143551224,"[0.1465493, 0.1465251, 0.1465766]"
2026-06-09T16:40:17,delta_current_probe,5,5,probe_axis_power_w,0.001000000000,2,2,0.031779160415,4.033976202215,,,,,,1,False,84.966570000000,84.969326666667,0.024153186585,0.000284257714,"[85.00019, 84.96657, 84.94122]"
2026-06-09T16:40:17,delta_current_probe,5,5,probe_axis_power_w,0.001000000000,2,2,0.031779160415,4.033976202215,,,,,,2,True,70.991890000000,70.971270000000,0.048537121876,0.000683898173,"[70.99189000000001, 70.90426000000001, 71.01766]"
2026-06-09T16:40:17,delta_current_probe,5,5,probe_axis_power_w,0.001000000000,2,2,0.031779160415,4.033976202215,,,,,,3,False,14.012900000000,14.013946666667,0.002263630319,0.000161526968,"[14.01709, 14.01185, 14.0129]"
2026-06-09T16:40:17,delta_current_probe,5,5,probe_axis_power_w,0.001000000000,2,2,0.031779160415,4.033976202215,,,,,,4,False,3.652786000000,3.653249000000,0.003831542509,0.001048804094,"[3.648805, 3.652786, 3.658156]"
2026-06-09T16:40:17,delta_current_probe,5,5,probe_axis_power_w,0.001000000000,2,2,0.031779160415,4.033976202215,,,,,,5,False,0.277315400000,0.277145766667,0.000253163851,0.000913468224,"[0.2767879, 0.277334, 0.2773154]"
2026-06-09T16:40:17,delta_current_probe,5,5,probe_axis_power_w,0.001000000000,2,2,0.031779160415,4.033976202215,,,,,,6,False,0.044596630000,0.044642183333,0.000067521414,0.001512502503,"[0.04459663, 0.044592280000000005, 0.044737639999999995]"
2026-06-09T16:40:17,delta_current_probe,5,5,probe_axis_power_w,0.001000000000,2,2,0.031779160415,4.033976202215,,,,,,7,False,0.012952200000,0.012949880000,0.000011176416,0.000863051677,"[0.012935180000000001, 0.0129522, 0.012962260000000001]"
2026-06-09T16:40:17,delta_current_probe,5,5,probe_axis_power_w,0.001000000000,2,2,0.031779160415,4.033976202215,,,,,,8,False,0.148170400000,0.148250066667,0.000144144218,0.000972304574,"[0.14812740000000002, 0.1484524, 0.1481704]"
2026-06-09T16:40:30,delta_current_probe,6,1,probe_axis_power_w,-0.001000000000,4,4,0.032627206303,4.095708461542,,,,,,1,False,2.093169000000,2.092072666667,0.002741420597,0.001310384979,"[2.088304, 2.093169, 2.0947449999999996]"
2026-06-09T16:40:30,delta_current_probe,6,1,probe_axis_power_w,-0.001000000000,4,4,0.032627206303,4.095708461542,,,,,,2,False,21.226600000000,21.212883333333,0.030337020655,0.001430122449,"[21.2266, 21.17082, 21.24123]"
2026-06-09T16:40:30,delta_current_probe,6,1,probe_axis_power_w,-0.001000000000,4,4,0.032627206303,4.095708461542,,,,,,3,False,25.146170000000,25.141050000000,0.008346052959,0.000331969148,"[25.14617, 25.129279999999998, 25.1477]"
2026-06-09T16:40:30,delta_current_probe,6,1,probe_axis_power_w,-0.001000000000,4,4,0.032627206303,4.095708461542,,,,,,4,True,52.025180000000,52.048103333333,0.045763461650,0.000879253205,"[52.025180000000006, 52.00715, 52.111979999999996]"
2026-06-09T16:40:30,delta_current_probe,6,1,probe_axis_power_w,-0.001000000000,4,4,0.032627206303,4.095708461542,,,,,,5,False,36.539390000000,36.534706666667,0.034862828661,0.000954238636,"[36.53939, 36.48986, 36.57487]"
2026-06-09T16:40:30,delta_current_probe,6,1,probe_axis_power_w,-0.001000000000,4,4,0.032627206303,4.095708461542,,,,,,6,False,5.760144000000,5.766947000000,0.011011627158,0.001909437898,"[5.758217, 5.7601439999999995, 5.7824800000000005]"
2026-06-09T16:40:30,delta_current_probe,6,1,probe_axis_power_w,-0.001000000000,4,4,0.032627206303,4.095708461542,,,,,,7,False,0.063008640000,0.062987696667,0.000199787033,0.003171842173,"[0.06273321, 0.06300863999999999, 0.06322124]"
2026-06-09T16:40:30,delta_current_probe,6,1,probe_axis_power_w,-0.001000000000,4,4,0.032627206303,4.095708461542,,,,,,8,False,0.104965600000,0.104935766667,0.000271855750,0.002590687225,"[0.1049656, 0.1052528, 0.10458890000000001]"
2026-06-09T16:40:43,delta_current_probe,6,2,probe_axis_power_w,-0.000500000000,4,4,0.033127206303,4.126971759168,,,,,,1,False,2.066188000000,2.065991000000,0.001156009516,0.000559542377,"[2.064487, 2.067298, 2.066188]"
2026-06-09T16:40:43,delta_current_probe,6,2,probe_axis_power_w,-0.000500000000,4,4,0.033127206303,4.126971759168,,,,,,2,False,21.355490000000,21.348740000000,0.013255009116,0.000620880160,"[21.33022, 21.35549, 21.36051]"
2026-06-09T16:40:43,delta_current_probe,6,2,probe_axis_power_w,-0.000500000000,4,4,0.033127206303,4.126971759168,,,,,,3,False,25.150310000000,25.149036666667,0.002709604317,0.000107741873,"[25.14527, 25.15031, 25.15153]"
2026-06-09T16:40:43,delta_current_probe,6,2,probe_axis_power_w,-0.000500000000,4,4,0.033127206303,4.126971759168,,,,,,4,True,52.343190000000,52.324750000000,0.047562349255,0.000908983784,"[52.25951, 52.34319, 52.37155]"
2026-06-09T16:40:43,delta_current_probe,6,2,probe_axis_power_w,-0.000500000000,4,4,0.033127206303,4.126971759168,,,,,,5,False,36.884000000000,36.886896666667,0.011086990374,0.000300567176,"[36.875, 36.884, 36.90169]"
2026-06-09T16:40:43,delta_current_probe,6,2,probe_axis_power_w,-0.000500000000,4,4,0.033127206303,4.126971759168,,,,,,6,False,5.031477000000,5.033973666667,0.003975825058,0.000789798541,"[5.0308589999999995, 5.039585, 5.031477]"
2026-06-09T16:40:43,delta_current_probe,6,2,probe_axis_power_w,-0.000500000000,4,4,0.033127206303,4.126971759168,,,,,,7,False,0.061920340000,0.061931906667,0.000268229542,0.004331039620,"[0.06160933, 0.061920340000000004, 0.06226605]"
2026-06-09T16:40:43,delta_current_probe,6,2,probe_axis_power_w,-0.000500000000,4,4,0.033127206303,4.126971759168,,,,,,8,False,0.098694550000,0.098732133333,0.000223886296,0.002267613275,"[0.09869454999999999, 0.09847866, 0.09902319]"
2026-06-09T16:40:56,delta_current_probe,6,3,probe_axis_power_w,0.000000000000,4,4,0.033627206303,4.158000000000,,,,,,1,False,2.039722000000,2.040240333333,0.000810601560,0.000397306899,"[2.041385, 2.039614, 2.039722]"
2026-06-09T16:40:56,delta_current_probe,6,3,probe_axis_power_w,0.000000000000,4,4,0.033627206303,4.158000000000,,,,,,2,False,21.416160000000,21.420390000000,0.012397308848,0.000578762051,"[21.40777, 21.41616, 21.437240000000003]"
2026-06-09T16:40:56,delta_current_probe,6,3,probe_axis_power_w,0.000000000000,4,4,0.033627206303,4.158000000000,,,,,,3,False,25.173110000000,25.171910000000,0.012635231168,0.000501957586,"[25.15587, 25.173109999999998, 25.18675]"
2026-06-09T16:40:56,delta_current_probe,6,3,probe_axis_power_w,0.000000000000,4,4,0.033627206303,4.158000000000,,,,,,4,True,52.655200000000,52.640416666667,0.037545150005,0.000713238086,"[52.677189999999996, 52.655199999999994, 52.58886]"
2026-06-09T16:40:56,delta_current_probe,6,3,probe_axis_power_w,0.000000000000,4,4,0.033627206303,4.158000000000,,,,,,5,False,37.337280000000,37.314583333333,0.049025260382,0.001313836468,"[37.246500000000005, 37.33728, 37.35997]"
2026-06-09T16:40:56,delta_current_probe,6,3,probe_axis_power_w,0.000000000000,4,4,0.033627206303,4.158000000000,,,,,,6,False,4.354454000000,4.353516666667,0.001975312015,0.000453727909,"[4.355327, 4.3544540000000005, 4.3507690000000006]"
2026-06-09T16:40:56,delta_current_probe,6,3,probe_axis_power_w,0.000000000000,4,4,0.033627206303,4.158000000000,,,,,,7,False,0.067803360000,0.067801823333,0.000083024401,0.001224515750,"[0.06780336, 0.06790273, 0.06769938]"
2026-06-09T16:40:56,delta_current_probe,6,3,probe_axis_power_w,0.000000000000,4,4,0.033627206303,4.158000000000,,,,,,8,False,0.092338680000,0.092118246667,0.000373281492,0.004052199276,"[0.09159262, 0.09233867999999999, 0.09242344]"
2026-06-09T16:41:09,delta_current_probe,6,4,probe_axis_power_w,0.000500000000,4,4,0.034127206303,4.188798407542,,,,,,1,False,2.008334000000,2.009384666667,0.002002866168,0.000996755973,"[2.012188, 2.007632, 2.008334]"
2026-06-09T16:41:09,delta_current_probe,6,4,probe_axis_power_w,0.000500000000,4,4,0.034127206303,4.188798407542,,,,,,2,False,21.446840000000,21.446000000000,0.025097969373,0.001170286738,"[21.47631, 21.41485, 21.446839999999998]"
2026-06-09T16:41:09,delta_current_probe,6,4,probe_axis_power_w,0.000500000000,4,4,0.034127206303,4.188798407542,,,,,,3,False,25.121220000000,25.122590000000,0.021703697074,0.000863911606,"[25.14983, 25.12122, 25.09672]"
2026-06-09T16:41:09,delta_current_probe,6,4,probe_axis_power_w,0.000500000000,4,4,0.034127206303,4.188798407542,,,,,,4,True,52.865970000000,52.873390000000,0.015759278748,0.000298056901,"[52.8953, 52.865970000000004, 52.858900000000006]"
2026-06-09T16:41:09,delta_current_probe,6,4,probe_axis_power_w,0.000500000000,4,4,0.034127206303,4.188798407542,,,,,,5,False,37.800600000000,37.754843333333,0.069349453414,0.001836835947,"[37.800599999999996, 37.807089999999995, 37.656839999999995]"
2026-06-09T16:41:09,delta_current_probe,6,4,probe_axis_power_w,0.000500000000,4,4,0.034127206303,4.188798407542,,,,,,6,False,3.718534000000,3.718507000000,0.001356743405,0.000364862404,"[3.718534, 3.7201549999999997, 3.716832]"
2026-06-09T16:41:09,delta_current_probe,6,4,probe_axis_power_w,0.000500000000,4,4,0.034127206303,4.188798407542,,,,,,7,False,0.081476100000,0.081340086667,0.000321364303,0.003950872392,"[0.08164763, 0.0814761, 0.08089653000000001]"
2026-06-09T16:41:09,delta_current_probe,6,4,probe_axis_power_w,0.000500000000,4,4,0.034127206303,4.188798407542,,,,,,8,False,0.084660800000,0.084709886667,0.000200480879,0.002366676280,"[0.0844926, 0.08497626, 0.0846608]"
2026-06-09T16:41:21,delta_current_probe,6,5,probe_axis_power_w,0.001000000000,4,4,0.034627206303,4.219372014655,,,,,,1,False,1.980975000000,1.980154000000,0.001591213583,0.000803580723,"[1.981558, 1.9779289999999998, 1.9809750000000002]"
2026-06-09T16:41:21,delta_current_probe,6,5,probe_axis_power_w,0.001000000000,4,4,0.034627206303,4.219372014655,,,,,,2,False,21.442750000000,21.443146666667,0.015520052262,0.000723776809,"[21.44275, 21.42434, 21.46235]"
2026-06-09T16:41:21,delta_current_probe,6,5,probe_axis_power_w,0.001000000000,4,4,0.034627206303,4.219372014655,,,,,,3,False,25.006480000000,25.002026666667,0.020185977531,0.000807373650,"[24.97538, 25.00648, 25.02422]"
2026-06-09T16:41:21,delta_current_probe,6,5,probe_axis_power_w,0.001000000000,4,4,0.034627206303,4.219372014655,,,,,,4,True,52.968200000000,52.982813333333,0.043197523334,0.000815311997,"[53.04149, 52.93875, 52.968199999999996]"
2026-06-09T16:41:21,delta_current_probe,6,5,probe_axis_power_w,0.001000000000,4,4,0.034627206303,4.219372014655,,,,,,5,False,38.307980000000,38.301670000000,0.016956086420,0.000442698358,"[38.27848, 38.30798, 38.31855]"
2026-06-09T16:41:21,delta_current_probe,6,5,probe_axis_power_w,0.001000000000,4,4,0.034627206303,4.219372014655,,,,,,6,False,3.170716000000,3.170573666667,0.001696809621,0.000535174325,"[3.170716, 3.168428, 3.172577]"
2026-06-09T16:41:21,delta_current_probe,6,5,probe_axis_power_w,0.001000000000,4,4,0.034627206303,4.219372014655,,,,,,7,False,0.103007400000,0.102936566667,0.000178512452,0.001734198622,"[0.1026913, 0.10311100000000001, 0.1030074]"
2026-06-09T16:41:21,delta_current_probe,6,5,probe_axis_power_w,0.001000000000,4,4,0.034627206303,4.219372014655,,,,,,8,False,0.077564690000,0.077956953333,0.000576280762,0.007392294554,"[0.07877175, 0.07756468999999999, 0.07753441999999999]"
2026-06-09T16:41:34,delta_current_probe,7,1,probe_axis_power_w,-0.001000000000,6,6,0.030476054164,3.947754622565,,,,,,1,False,0.234942100000,0.234719933333,0.000477184062,0.002032993343,"[0.2351607, 0.234057, 0.23494210000000001]"
2026-06-09T16:41:34,delta_current_probe,7,1,probe_axis_power_w,-0.001000000000,6,6,0.030476054164,3.947754622565,,,,,,2,False,0.007875678000,0.007902868000,0.000166404359,0.021056198681,"[0.008118901, 0.007875678, 0.007714025]"
2026-06-09T16:41:34,delta_current_probe,7,1,probe_axis_power_w,-0.001000000000,6,6,0.030476054164,3.947754622565,,,,,,3,False,4.006288000000,4.007363333333,0.004217725875,0.001052494003,"[4.00282, 4.012982, 4.006288]"
2026-06-09T16:41:34,delta_current_probe,7,1,probe_axis_power_w,-0.001000000000,6,6,0.030476054164,3.947754622565,,,,,,4,False,18.491850000000,18.489806666667,0.006502647324,0.000351688227,"[18.491850000000003, 18.48102, 18.496550000000003]"
2026-06-09T16:41:34,delta_current_probe,7,1,probe_axis_power_w,-0.001000000000,6,6,0.030476054164,3.947754622565,,,,,,5,False,26.191870000000,26.186970000000,0.016134796766,0.000616138361,"[26.165219999999998, 26.19187, 26.20382]"
2026-06-09T16:41:34,delta_current_probe,7,1,probe_axis_power_w,-0.001000000000,6,6,0.030476054164,3.947754622565,,,,,,6,True,77.111020000000,77.126396666667,0.034550047114,0.000447966567,"[77.09392, 77.11102, 77.17425]"
2026-06-09T16:41:34,delta_current_probe,7,1,probe_axis_power_w,-0.001000000000,6,6,0.030476054164,3.947754622565,,,,,,7,False,6.462450000000,6.461487333333,0.006352990967,0.000983208763,"[6.468742000000001, 6.45327, 6.4624500000000005]"
2026-06-09T16:41:34,delta_current_probe,7,1,probe_axis_power_w,-0.001000000000,6,6,0.030476054164,3.947754622565,,,,,,8,False,0.597559700000,0.597621200000,0.000194315019,0.000325147467,"[0.5974200000000001, 0.5978838999999999, 0.5975597]"
2026-06-09T16:41:47,delta_current_probe,7,2,probe_axis_power_w,-0.000500000000,6,6,0.030976054164,3.980006944717,,,,,,1,False,0.234773400000,0.234826933333,0.000236485621,0.001007063447,"[0.2347734, 0.2351396, 0.2345678]"
2026-06-09T16:41:47,delta_current_probe,7,2,probe_axis_power_w,-0.000500000000,6,6,0.030976054164,3.980006944717,,,,,,2,False,0.007216419000,0.007261026000,0.000077301406,0.010646072100,"[0.007216419, 0.007369764, 0.007196895]"
2026-06-09T16:41:47,delta_current_probe,7,2,probe_axis_power_w,-0.000500000000,6,6,0.030976054164,3.980006944717,,,,,,3,False,4.050651000000,4.050107666667,0.003466968737,0.000856018907,"[4.045616, 4.050651, 4.054056]"
2026-06-09T16:41:47,delta_current_probe,7,2,probe_axis_power_w,-0.000500000000,6,6,0.030976054164,3.980006944717,,,,,,4,False,18.964770000000,18.967600000000,0.005092275195,0.000268472300,"[18.96328, 18.96477, 18.97475]"
2026-06-09T16:41:47,delta_current_probe,7,2,probe_axis_power_w,-0.000500000000,6,6,0.030976054164,3.980006944717,,,,,,5,False,26.011280000000,26.012226666667,0.008688852373,0.000334029550,"[26.02331, 26.011280000000003, 26.00209]"
2026-06-09T16:41:47,delta_current_probe,7,2,probe_axis_power_w,-0.000500000000,6,6,0.030976054164,3.980006944717,,,,,,6,True,76.456540000000,76.466763333333,0.019647358318,0.000256939845,"[76.49425, 76.4495, 76.45654]"
2026-06-09T16:41:47,delta_current_probe,7,2,probe_axis_power_w,-0.000500000000,6,6,0.030976054164,3.980006944717,,,,,,7,False,6.949179000000,6.948027666667,0.001807162109,0.000260097138,"[6.945476, 6.949428, 6.949179]"
2026-06-09T16:41:47,delta_current_probe,7,2,probe_axis_power_w,-0.000500000000,6,6,0.030976054164,3.980006944717,,,,,,8,False,0.563017800000,0.563016666667,0.000377712168,0.000670872091,"[0.5634787, 0.5625535, 0.5630178]"
2026-06-09T16:42:01,delta_current_probe,7,3,probe_axis_power_w,0.000000000000,6,6,0.031476054164,4.012000000000,,,,,,1,False,0.235313500000,0.235129833333,0.000313231430,0.001332163706,"[0.2353135, 0.2346889, 0.23538710000000002]"
2026-06-09T16:42:01,delta_current_probe,7,3,probe_axis_power_w,0.000000000000,6,6,0.031476054164,4.012000000000,,,,,,2,False,0.006964677000,0.006925434333,0.000128372866,0.018536435428,"[0.006964677, 0.00705932, 0.006752306]"
2026-06-09T16:42:01,delta_current_probe,7,3,probe_axis_power_w,0.000000000000,6,6,0.031476054164,4.012000000000,,,,,,3,False,4.088831000000,4.086863333333,0.003972789980,0.000972087798,"[4.088831000000001, 4.081322, 4.0904370000000005]"
2026-06-09T16:42:01,delta_current_probe,7,3,probe_axis_power_w,0.000000000000,6,6,0.031476054164,4.012000000000,,,,,,4,False,19.418350000000,19.423146666667,0.012492174439,0.000643159147,"[19.440269999999998, 19.41835, 19.410819999999998]"
2026-06-09T16:42:01,delta_current_probe,7,3,probe_axis_power_w,0.000000000000,6,6,0.031476054164,4.012000000000,,,,,,5,False,25.751120000000,25.749850000000,0.019033319907,0.000739162360,"[25.725929999999998, 25.75112, 25.7725]"
2026-06-09T16:42:01,delta_current_probe,7,3,probe_axis_power_w,0.000000000000,6,6,0.031476054164,4.012000000000,,,,,,6,True,75.455770000000,75.440826666667,0.032155304729,0.000426232136,"[75.39616000000001, 75.45577, 75.47055]"
2026-06-09T16:42:01,delta_current_probe,7,3,probe_axis_power_w,0.000000000000,6,6,0.031476054164,4.012000000000,,,,,,7,False,7.721611000000,7.720807000000,0.003701013645,0.000479355804,"[7.724884000000001, 7.721611000000001, 7.715926]"
2026-06-09T16:42:01,delta_current_probe,7,3,probe_axis_power_w,0.000000000000,6,6,0.031476054164,4.012000000000,,,,,,8,False,0.646485800000,0.646882700000,0.000898016247,0.001388221152,"[0.6481259, 0.6464858, 0.6460364000000001]"
2026-06-09T16:42:13,delta_current_probe,7,4,probe_axis_power_w,0.000500000000,6,6,0.031976054164,4.043739942183,,,,,,1,False,0.235377000000,0.235443500000,0.000209907900,0.000891542559,"[0.235377, 0.2352262, 0.2357273]"
2026-06-09T16:42:13,delta_current_probe,7,4,probe_axis_power_w,0.000500000000,6,6,0.031976054164,4.043739942183,,,,,,2,False,0.006388372000,0.006429627333,0.000119700245,0.018616980255,"[0.006388372, 0.006592437, 0.006308073]"
2026-06-09T16:42:13,delta_current_probe,7,4,probe_axis_power_w,0.000500000000,6,6,0.031976054164,4.043739942183,,,,,,3,False,4.106224000000,4.103232666667,0.006147184577,0.001498132101,"[4.108806, 4.0946679999999995, 4.106224]"
2026-06-09T16:42:13,delta_current_probe,7,4,probe_axis_power_w,0.000500000000,6,6,0.031976054164,4.043739942183,,,,,,4,False,19.746590000000,19.754430000000,0.024716380533,0.001251181661,"[19.74659, 19.787850000000002, 19.72885]"
2026-06-09T16:42:13,delta_current_probe,7,4,probe_axis_power_w,0.000500000000,6,6,0.031976054164,4.043739942183,,,,,,5,False,25.394250000000,25.403936666667,0.032005184302,0.001259851366,"[25.39425, 25.37049, 25.44707]"
2026-06-09T16:42:13,delta_current_probe,7,4,probe_axis_power_w,0.000500000000,6,6,0.031976054164,4.043739942183,,,,,,6,True,74.289540000000,74.259866666667,0.051953723853,0.000699620484,"[74.30324, 74.28954, 74.18682]"
2026-06-09T16:42:13,delta_current_probe,7,4,probe_axis_power_w,0.000500000000,6,6,0.031976054164,4.043739942183,,,,,,7,False,8.784236000000,8.777823666667,0.010200921080,0.001162124174,"[8.763425999999999, 8.785808999999999, 8.784236]"
2026-06-09T16:42:13,delta_current_probe,7,4,probe_axis_power_w,0.000500000000,6,6,0.031976054164,4.043739942183,,,,,,8,False,0.852226400000,0.852442400000,0.000957679282,0.001123453364,"[0.8537083, 0.8522264, 0.8513925]"
2026-06-09T16:42:26,delta_current_probe,7,5,probe_axis_power_w,0.001000000000,6,6,0.032476054164,4.075232685383,,,,,,1,False,0.236504400000,0.236496500000,0.000078297424,0.000331072233,"[0.2365882, 0.2363969, 0.2365044]"
2026-06-09T16:42:26,delta_current_probe,7,5,probe_axis_power_w,0.001000000000,6,6,0.032476054164,4.075232685383,,,,,,2,False,0.005992419000,0.006032715667,0.000069394986,0.011503108941,"[0.0059924190000000006, 0.005975368, 0.00613036]"
2026-06-09T16:42:26,delta_current_probe,7,5,probe_axis_power_w,0.001000000000,6,6,0.032476054164,4.075232685383,,,,,,3,False,4.103978000000,4.105095666667,0.004709788837,0.001147303064,"[4.103978, 4.111341, 4.099968]"
2026-06-09T16:42:26,delta_current_probe,7,5,probe_axis_power_w,0.001000000000,6,6,0.032476054164,4.075232685383,,,,,,4,False,20.077580000000,20.086516666667,0.031771855820,0.001581750402,"[20.12912, 20.07758, 20.05285]"
2026-06-09T16:42:26,delta_current_probe,7,5,probe_axis_power_w,0.001000000000,6,6,0.032476054164,4.075232685383,,,,,,5,False,25.020630000000,25.015920000000,0.010623373601,0.000424664518,"[25.00121, 25.02592, 25.02063]"
2026-06-09T16:42:26,delta_current_probe,7,5,probe_axis_power_w,0.001000000000,6,6,0.032476054164,4.075232685383,,,,,,6,True,72.734590000000,72.730680000000,0.025839405308,0.000355275178,"[72.76019, 72.69726, 72.73459]"
2026-06-09T16:42:26,delta_current_probe,7,5,probe_axis_power_w,0.001000000000,6,6,0.032476054164,4.075232685383,,,,,,7,False,10.092390000000,10.090500000000,0.004245256176,0.000420718119,"[10.08462, 10.09449, 10.09239]"
2026-06-09T16:42:26,delta_current_probe,7,5,probe_axis_power_w,0.001000000000,6,6,0.032476054164,4.075232685383,,,,,,8,False,1.168360000000,1.168552333333,0.000412916726,0.000353357495,"[1.16836, 1.1681709999999998, 1.169126]"
2026-06-09T16:42:40,delta_current_probe,8,1,probe_axis_power_w,-0.001000000000,8,8,0.032127944901,4.064233904249,,,,,,1,False,0.214164900000,0.214218366667,0.000143073439,0.000667885957,"[0.21407610000000002, 0.2141649, 0.2144141]"
2026-06-09T16:42:40,delta_current_probe,8,1,probe_axis_power_w,-0.001000000000,8,8,0.032127944901,4.064233904249,,,,,,2,False,0.034003070000,0.034007210000,0.000026875678,0.000790293528,"[0.034042, 0.034003069999999996, 0.033976559999999996]"
2026-06-09T16:42:40,delta_current_probe,8,1,probe_axis_power_w,-0.001000000000,8,8,0.032127944901,4.064233904249,,,,,,3,False,0.160996900000,0.161035233333,0.000109155343,0.000677835159,"[0.1611839, 0.1609969, 0.1609249]"
2026-06-09T16:42:40,delta_current_probe,8,1,probe_axis_power_w,-0.001000000000,8,8,0.032127944901,4.064233904249,,,,,,4,False,0.050994900000,0.050989370000,0.000041739164,0.000818585597,"[0.0509949, 0.05093571, 0.0510375]"
2026-06-09T16:42:40,delta_current_probe,8,1,probe_axis_power_w,-0.001000000000,8,8,0.032127944901,4.064233904249,,,,,,5,False,0.098585280000,0.098539003333,0.000167966858,0.001704572324,"[0.09831408999999999, 0.09871764, 0.09858528]"
2026-06-09T16:42:40,delta_current_probe,8,1,probe_axis_power_w,-0.001000000000,8,8,0.032127944901,4.064233904249,,,,,,6,False,0.279649000000,0.279802833333,0.000316600425,0.001131512576,"[0.2802439, 0.27964900000000004, 0.2795156]"
2026-06-09T16:42:40,delta_current_probe,8,1,probe_axis_power_w,-0.001000000000,8,8,0.032127944901,4.064233904249,,,,,,7,False,27.042620000000,27.038086666667,0.025254382238,0.000934029932,"[27.04262, 27.066499999999998, 27.00514]"
2026-06-09T16:42:40,delta_current_probe,8,1,probe_axis_power_w,-0.001000000000,8,8,0.032127944901,4.064233904249,,,,,,8,True,83.219280000000,83.189583333333,0.052861840259,0.000635438214,"[83.23415, 83.21928, 83.11532]"
2026-06-09T16:42:53,delta_current_probe,8,2,probe_axis_power_w,-0.000500000000,8,8,0.032627944901,4.095737188129,,,,,,1,False,0.213932100000,0.213749566667,0.000313643984,0.001467343252,"[0.21393210000000001, 0.2140084, 0.2133082]"
2026-06-09T16:42:53,delta_current_probe,8,2,probe_axis_power_w,-0.000500000000,8,8,0.032627944901,4.095737188129,,,,,,2,False,0.033965340000,0.033967650000,0.000029541132,0.000869684296,"[0.03393268, 0.033965340000000004, 0.03400493]"
2026-06-09T16:42:53,delta_current_probe,8,2,probe_axis_power_w,-0.000500000000,8,8,0.032627944901,4.095737188129,,,,,,3,False,0.161722300000,0.161774666667,0.000086652960,0.000535639864,"[0.1617223, 0.1618968, 0.1617049]"
2026-06-09T16:42:53,delta_current_probe,8,2,probe_axis_power_w,-0.000500000000,8,8,0.032627944901,4.095737188129,,,,,,4,False,0.051478170000,0.051465170000,0.000029452594,0.000572282061,"[0.0514244, 0.051492939999999994, 0.051478170000000004]"
2026-06-09T16:42:53,delta_current_probe,8,2,probe_axis_power_w,-0.000500000000,8,8,0.032627944901,4.095737188129,,,,,,5,False,0.098585790000,0.098616873333,0.000096391505,0.000977434199,"[0.09851747000000001, 0.09858578999999999, 0.09874736]"
2026-06-09T16:42:53,delta_current_probe,8,2,probe_axis_power_w,-0.000500000000,8,8,0.032627944901,4.095737188129,,,,,,6,False,0.297542300000,0.297588133333,0.000167325279,0.000562271341,"[0.29781209999999997, 0.29741, 0.2975423]"
2026-06-09T16:42:53,delta_current_probe,8,2,probe_axis_power_w,-0.000500000000,8,8,0.032627944901,4.095737188129,,,,,,7,False,28.292550000000,28.313543333333,0.030370408112,0.001072645969,"[28.35649, 28.292550000000002, 28.291590000000003]"
2026-06-09T16:42:53,delta_current_probe,8,2,probe_axis_power_w,-0.000500000000,8,8,0.032627944901,4.095737188129,,,,,,8,True,84.928770000000,84.930100000000,0.021294595558,0.000250730843,"[84.95682, 84.92877, 84.90471]"
2026-06-09T16:43:06,delta_current_probe,8,3,probe_axis_power_w,0.000000000000,8,8,0.033127944901,4.127000000000,,,,,,1,False,0.213836100000,0.213814366667,0.000119142333,0.000557223235,"[0.21394819999999998, 0.2138361, 0.2136588]"
2026-06-09T16:43:06,delta_current_probe,8,3,probe_axis_power_w,0.000000000000,8,8,0.033127944901,4.127000000000,,,,,,2,False,0.033950400000,0.033950040000,0.000009507429,0.000280041752,"[0.033961500000000006, 0.0339504, 0.03393822]"
2026-06-09T16:43:06,delta_current_probe,8,3,probe_axis_power_w,0.000000000000,8,8,0.033127944901,4.127000000000,,,,,,3,False,0.161864700000,0.161834966667,0.000181098764,0.001119033590,"[0.1618647, 0.16159980000000002, 0.1620404]"
2026-06-09T16:43:06,delta_current_probe,8,3,probe_axis_power_w,0.000000000000,8,8,0.033127944901,4.127000000000,,,,,,4,False,0.051707180000,0.051653383333,0.000134721199,0.002608177634,"[0.05170718, 0.05178477, 0.0514682]"
2026-06-09T16:43:06,delta_current_probe,8,3,probe_axis_power_w,0.000000000000,8,8,0.033127944901,4.127000000000,,,,,,5,False,0.098870640000,0.098752686667,0.000174654297,0.001768602992,"[0.09850576999999999, 0.09887064000000001, 0.09888165]"
2026-06-09T16:43:06,delta_current_probe,8,3,probe_axis_power_w,0.000000000000,8,8,0.033127944901,4.127000000000,,,,,,6,False,0.315096000000,0.315288633333,0.000523720742,0.001661083485,"[0.3160043, 0.315096, 0.3147656]"
2026-06-09T16:43:06,delta_current_probe,8,3,probe_axis_power_w,0.000000000000,8,8,0.033127944901,4.127000000000,,,,,,7,False,29.465820000000,29.488743333333,0.032744296535,0.001110399862,"[29.46536, 29.535050000000002, 29.46582]"
2026-06-09T16:43:06,delta_current_probe,8,3,probe_axis_power_w,0.000000000000,8,8,0.033127944901,4.127000000000,,,,,,8,True,86.208110000000,86.183090000000,0.092862704390,0.001077504930,"[86.28223, 86.05893, 86.20811]"
2026-06-09T16:43:18,delta_current_probe,8,4,probe_axis_power_w,0.000500000000,8,8,0.033627944901,4.158027763950,,,,,,1,False,0.213404900000,0.213455200000,0.000150299457,0.000704126471,"[0.2134049, 0.2133015, 0.2136592]"
2026-06-09T16:43:18,delta_current_probe,8,4,probe_axis_power_w,0.000500000000,8,8,0.033627944901,4.158027763950,,,,,,2,False,0.034009130000,0.034013130000,0.000012371001,0.000363712514,"[0.034000380000000004, 0.03400913, 0.034029880000000005]"
2026-06-09T16:43:18,delta_current_probe,8,4,probe_axis_power_w,0.000500000000,8,8,0.033627944901,4.158027763950,,,,,,3,False,0.161840100000,0.161844000000,0.000108506620,0.000670439561,"[0.1619788, 0.1617131, 0.1618401]"
2026-06-09T16:43:18,delta_current_probe,8,4,probe_axis_power_w,0.000500000000,8,8,0.033627944901,4.158027763950,,,,,,4,False,0.051928400000,0.051966010000,0.000061359920,0.001180770279,"[0.051917090000000006, 0.0519284, 0.05205254]"
2026-06-09T16:43:18,delta_current_probe,8,4,probe_axis_power_w,0.000500000000,8,8,0.033627944901,4.158027763950,,,,,,5,False,0.098437710000,0.098452123333,0.000082388612,0.000836839359,"[0.0983592, 0.09855946, 0.09843771]"
2026-06-09T16:43:18,delta_current_probe,8,4,probe_axis_power_w,0.000500000000,8,8,0.033627944901,4.158027763950,,,,,,6,False,0.332311900000,0.332482500000,0.000242538739,0.000729478211,"[0.3328255, 0.3323119, 0.3323101]"
2026-06-09T16:43:18,delta_current_probe,8,4,probe_axis_power_w,0.000500000000,8,8,0.033627944901,4.158027763950,,,,,,7,False,30.559940000000,30.560950000000,0.009551170958,0.000312528601,"[30.573120000000003, 30.54979, 30.55994]"
2026-06-09T16:43:18,delta_current_probe,8,4,probe_axis_power_w,0.000500000000,8,8,0.033627944901,4.158027763950,,,,,,8,True,87.252230000000,87.218760000000,0.067020657015,0.000768420200,"[87.12523, 87.25223, 87.27882000000001]"
2026-06-09T16:43:31,delta_current_probe,8,5,probe_axis_power_w,0.001000000000,8,8,0.034127944901,4.188825703172,,,,,,1,False,0.213649400000,0.213572666667,0.000159502755,0.000746831313,"[0.21371800000000002, 0.2133506, 0.21364940000000002]"
2026-06-09T16:43:31,delta_current_probe,8,5,probe_axis_power_w,0.001000000000,8,8,0.034127944901,4.188825703172,,,,,,2,False,0.034057920000,0.034032573333,0.000042162129,0.001238875738,"[0.03397316, 0.03405792, 0.03406664]"
2026-06-09T16:43:31,delta_current_probe,8,5,probe_axis_power_w,0.001000000000,8,8,0.034127944901,4.188825703172,,,,,,3,False,0.162265900000,0.162161966667,0.000148613242,0.000916449428,"[0.16226590000000002, 0.1619518, 0.1622682]"
2026-06-09T16:43:31,delta_current_probe,8,5,probe_axis_power_w,0.001000000000,8,8,0.034127944901,4.188825703172,,,,,,4,False,0.052030490000,0.052060020000,0.000097725709,0.001877173866,"[0.05195786, 0.05203049, 0.05219171]"
2026-06-09T16:43:31,delta_current_probe,8,5,probe_axis_power_w,0.001000000000,8,8,0.034127944901,4.188825703172,,,,,,5,False,0.097800680000,0.097793490000,0.000089514130,0.000915338328,"[0.09780068, 0.09768044000000001, 0.09789935]"
2026-06-09T16:43:31,delta_current_probe,8,5,probe_axis_power_w,0.001000000000,8,8,0.034127944901,4.188825703172,,,,,,6,False,0.348753500000,0.348618266667,0.000632098939,0.001813154959,"[0.3477854, 0.3487535, 0.3493159]"
2026-06-09T16:43:31,delta_current_probe,8,5,probe_axis_power_w,0.001000000000,8,8,0.034127944901,4.188825703172,,,,,,7,False,31.529750000000,31.528630000000,0.025829765775,0.000819247959,"[31.55969, 31.496450000000003, 31.52975]"
2026-06-09T16:43:31,delta_current_probe,8,5,probe_axis_power_w,0.001000000000,8,8,0.034127944901,4.188825703172,,,,,,8,True,87.999400000000,87.990103333333,0.024224079389,0.000275304591,"[88.01401, 87.9569, 87.9994]"
2026-06-09T16:43:44,sigma_current_sync,5,1,dp,0.000000000000,1,1,,,0.031246094236,0.038093613829,4.000000000000,4.407000000000,0,1,True,0.119363600000,0.119528766667,0.000288692736,0.002415257378,"[0.11993469999999999, 0.119288, 0.11936359999999999]"
2026-06-09T16:43:44,sigma_current_sync,5,1,dp,0.000000000000,1,1,,,0.031246094236,0.038093613829,4.000000000000,4.407000000000,0,2,False,0.016803970000,0.016799500000,0.000008033169,0.000478179037,"[0.01680631, 0.01680397, 0.01678822]"
2026-06-09T16:43:44,sigma_current_sync,5,1,dp,0.000000000000,1,1,,,0.031246094236,0.038093613829,4.000000000000,4.407000000000,0,3,False,0.216506300000,0.216449866667,0.000156431249,0.000722713537,"[0.21650629999999998, 0.2162364, 0.21660690000000002]"
2026-06-09T16:43:44,sigma_current_sync,5,1,dp,0.000000000000,1,1,,,0.031246094236,0.038093613829,4.000000000000,4.407000000000,0,4,False,0.043357870000,0.043379786667,0.000067645504,0.001559378429,"[0.043310100000000004, 0.04335787, 0.04347139]"
2026-06-09T16:43:44,sigma_current_sync,5,1,dp,0.000000000000,1,1,,,0.031246094236,0.038093613829,4.000000000000,4.407000000000,0,5,False,0.062220490000,0.062202276667,0.000070041209,0.001126023246,"[0.06227749, 0.06210885, 0.06222049]"
2026-06-09T16:43:44,sigma_current_sync,5,1,dp,0.000000000000,1,1,,,0.031246094236,0.038093613829,4.000000000000,4.407000000000,0,6,False,0.060427800000,0.060429166667,0.000077328265,0.001279651354,"[0.060427800000000004, 0.060335150000000004, 0.06052455]"
2026-06-09T16:43:44,sigma_current_sync,5,1,dp,0.000000000000,1,1,,,0.031246094236,0.038093613829,4.000000000000,4.407000000000,0,7,False,0.010507290000,0.010508650000,0.000005530286,0.000526260396,"[0.010507289999999999, 0.010516, 0.01050266]"
2026-06-09T16:43:44,sigma_current_sync,5,1,dp,0.000000000000,1,1,,,0.031246094236,0.038093613829,4.000000000000,4.407000000000,0,8,False,0.103528500000,0.103512100000,0.000164362121,0.001587854179,"[0.1035285, 0.1033031, 0.1037047]"
2026-06-09T16:43:57,sigma_current_sync,5,2,dp,1.570796327000,1,1,,,0.039979697056,0.046802770882,4.524617508100,4.884867024141,0,1,True,144.777200000000,144.767800000000,0.129666829477,0.000895688333,"[144.7772, 144.9217, 144.6045]"
2026-06-09T16:43:57,sigma_current_sync,5,2,dp,1.570796327000,1,1,,,0.039979697056,0.046802770882,4.524617508100,4.884867024141,0,2,False,27.871000000000,27.900890000000,0.044689370101,0.001601718443,"[27.96406, 27.867610000000003, 27.871000000000002]"
2026-06-09T16:43:57,sigma_current_sync,5,2,dp,1.570796327000,1,1,,,0.039979697056,0.046802770882,4.524617508100,4.884867024141,0,3,False,3.824485000000,3.827620333333,0.007306730474,0.001908948599,"[3.820661, 3.824485, 3.8377149999999998]"
2026-06-09T16:43:57,sigma_current_sync,5,2,dp,1.570796327000,1,1,,,0.039979697056,0.046802770882,4.524617508100,4.884867024141,0,4,False,0.586477400000,0.586532600000,0.000978288683,0.001667918685,"[0.585363, 0.5864774, 0.5877574]"
2026-06-09T16:43:57,sigma_current_sync,5,2,dp,1.570796327000,1,1,,,0.039979697056,0.046802770882,4.524617508100,4.884867024141,0,5,False,0.144073600000,0.144072333333,0.000143297949,0.000994625032,"[0.1438962, 0.1442472, 0.1440736]"
2026-06-09T16:43:57,sigma_current_sync,5,2,dp,1.570796327000,1,1,,,0.039979697056,0.046802770882,4.524617508100,4.884867024141,0,6,False,0.111356900000,0.111330366667,0.000079486575,0.000713970295,"[0.1114117, 0.1112225, 0.11135690000000001]"
2026-06-09T16:43:57,sigma_current_sync,5,2,dp,1.570796327000,1,1,,,0.039979697056,0.046802770882,4.524617508100,4.884867024141,0,7,False,0.024605120000,0.024593686667,0.000024966454,0.001015157031,"[0.02455904, 0.02460512, 0.0246169]"
2026-06-09T16:43:57,sigma_current_sync,5,2,dp,1.570796327000,1,1,,,0.039979697056,0.046802770882,4.524617508100,4.884867024141,0,8,False,0.131499300000,0.131517866667,0.000043856610,0.000333465033,"[0.1314993, 0.13147589999999998, 0.1315784]"
2026-06-09T16:44:10,sigma_current_sync,5,3,dp,3.141592654000,1,1,,,0.048713299876,0.020675299727,4.994429616003,3.246705301570,0,1,True,64.223550000000,64.236906666667,0.067312411106,0.001047877530,"[64.16196, 64.32521000000001, 64.22355]"
2026-06-09T16:44:10,sigma_current_sync,5,3,dp,3.141592654000,1,1,,,0.048713299876,0.020675299727,4.994429616003,3.246705301570,0,2,False,68.284520000000,68.268956666667,0.031504994666,0.000461483465,"[68.28452, 68.22502, 68.29733]"
2026-06-09T16:44:10,sigma_current_sync,5,3,dp,3.141592654000,1,1,,,0.048713299876,0.020675299727,4.994429616003,3.246705301570,0,3,False,34.805440000000,34.799386666667,0.037436921467,0.001075792566,"[34.841910000000006, 34.75081, 34.80544]"
2026-06-09T16:44:10,sigma_current_sync,5,3,dp,3.141592654000,1,1,,,0.048713299876,0.020675299727,4.994429616003,3.246705301570,0,4,False,7.163622000000,7.160109333333,0.006917358327,0.000966096746,"[7.1504460000000005, 7.16626, 7.163621999999999]"
2026-06-09T16:44:10,sigma_current_sync,5,3,dp,3.141592654000,1,1,,,0.048713299876,0.020675299727,4.994429616003,3.246705301570,0,5,False,0.041268070000,0.041290540000,0.000035978622,0.000871352672,"[0.04126807, 0.04126224, 0.04134131]"
2026-06-09T16:44:10,sigma_current_sync,5,3,dp,3.141592654000,1,1,,,0.048713299876,0.020675299727,4.994429616003,3.246705301570,0,6,False,0.070298940000,0.070355840000,0.000099078419,0.001408247258,"[0.07029893999999999, 0.0702734, 0.07049518]"
2026-06-09T16:44:10,sigma_current_sync,5,3,dp,3.141592654000,1,1,,,0.048713299876,0.020675299727,4.994429616003,3.246705301570,0,7,False,0.023054770000,0.023024630000,0.000055227256,0.002398616436,"[0.02294716, 0.02307196, 0.02305477]"
2026-06-09T16:44:10,sigma_current_sync,5,3,dp,3.141592654000,1,1,,,0.048713299876,0.020675299727,4.994429616003,3.246705301570,0,8,False,0.124774000000,0.124739566667,0.000063441854,0.000508594475,"[0.1246506, 0.12479409999999999, 0.124774]"
2026-06-09T16:44:23,sigma_current_sync,5,4,dp,4.712388980000,1,1,,,0.022512491415,0.029384456775,3.395266764907,3.870577754800,0,1,True,20.728760000000,20.731320000000,0.013027028313,0.000628374282,"[20.7484, 20.716800000000003, 20.72876]"
2026-06-09T16:44:23,sigma_current_sync,5,4,dp,4.712388980000,1,1,,,0.022512491415,0.029384456775,3.395266764907,3.870577754800,0,2,False,40.701690000000,40.710293333333,0.031485448844,0.000773402652,"[40.752430000000004, 40.701690000000006, 40.67676]"
2026-06-09T16:44:23,sigma_current_sync,5,4,dp,4.712388980000,1,1,,,0.022512491415,0.029384456775,3.395266764907,3.870577754800,0,3,False,90.173710000000,90.199083333333,0.048586311744,0.000538656380,"[90.15647, 90.17371, 90.26707]"
2026-06-09T16:44:23,sigma_current_sync,5,4,dp,4.712388980000,1,1,,,0.022512491415,0.029384456775,3.395266764907,3.870577754800,0,4,False,19.910890000000,19.909193333333,0.018169957500,0.000912641572,"[19.930549999999997, 19.91089, 19.886139999999997]"
2026-06-09T16:44:23,sigma_current_sync,5,4,dp,4.712388980000,1,1,,,0.022512491415,0.029384456775,3.395266764907,3.870577754800,0,5,False,0.039267840000,0.039218583333,0.000079639126,0.002030647704,"[0.03910624, 0.039281670000000005, 0.03926784]"
2026-06-09T16:44:23,sigma_current_sync,5,4,dp,4.712388980000,1,1,,,0.022512491415,0.029384456775,3.395266764907,3.870577754800,0,6,False,0.143170700000,0.143152233333,0.000142587922,0.000996057965,"[0.14296910000000002, 0.1433169, 0.1431707]"
2026-06-09T16:44:23,sigma_current_sync,5,4,dp,4.712388980000,1,1,,,0.022512491415,0.029384456775,3.395266764907,3.870577754800,0,7,False,0.028491430000,0.028497496667,0.000045940859,0.001612101552,"[0.02844451, 0.02849143, 0.02855655]"
2026-06-09T16:44:23,sigma_current_sync,5,4,dp,4.712388980000,1,1,,,0.022512491415,0.029384456775,3.395266764907,3.870577754800,0,8,False,0.126184400000,0.126187400000,0.000012832251,0.000101692015,"[0.1262044, 0.1261844, 0.1261734]"
2026-06-09T16:44:36,sigma_current_sync,5,5,dp,6.283185307000,1,1,,,0.031246094235,0.038093613828,3.999999999936,4.406999999942,0,1,True,96.780400000000,96.762446666667,0.093958508692,0.000971022457,"[96.63945, 96.7804, 96.86749]"
2026-06-09T16:44:36,sigma_current_sync,5,5,dp,6.283185307000,1,1,,,0.031246094235,0.038093613828,3.999999999936,4.406999999942,0,2,False,5.579004000000,5.580405333333,0.005072635760,0.000909008478,"[5.579004, 5.575012999999999, 5.587199]"
2026-06-09T16:44:36,sigma_current_sync,5,5,dp,6.283185307000,1,1,,,0.031246094235,0.038093613828,3.999999999936,4.406999999942,0,3,False,53.335340000000,53.357580000000,0.052970216160,0.000992740228,"[53.30675, 53.33534, 53.43065]"
2026-06-09T16:44:36,sigma_current_sync,5,5,dp,6.283185307000,1,1,,,0.031246094235,0.038093613828,3.999999999936,4.406999999942,0,4,False,11.618730000000,11.624880000000,0.015299413932,0.001316092203,"[11.61873, 11.60999, 11.64592]"
2026-06-09T16:44:36,sigma_current_sync,5,5,dp,6.283185307000,1,1,,,0.031246094235,0.038093613828,3.999999999936,4.406999999942,0,5,False,0.145264100000,0.145297866667,0.000177446261,0.001221258544,"[0.14526409999999998, 0.1450994, 0.1455301]"
2026-06-09T16:44:36,sigma_current_sync,5,5,dp,6.283185307000,1,1,,,0.031246094235,0.038093613828,3.999999999936,4.406999999942,0,6,False,0.167417400000,0.167519400000,0.000220653816,0.001317183660,"[0.16731500000000002, 0.1678258, 0.1674174]"
2026-06-09T16:44:36,sigma_current_sync,5,5,dp,6.283185307000,1,1,,,0.031246094235,0.038093613828,3.999999999936,4.406999999942,0,7,False,0.032759430000,0.032763933333,0.000049537239,0.001511944193,"[0.03275943, 0.03270564, 0.03282673]"
2026-06-09T16:44:36,sigma_current_sync,5,5,dp,6.283185307000,1,1,,,0.031246094235,0.038093613828,3.999999999936,4.406999999942,0,8,False,0.137866900000,0.137892800000,0.000126542035,0.000917684137,"[0.1380591, 0.1377524, 0.13786690000000001]"
2026-06-09T16:44:48,sigma_current_sync,6,1,dp,0.000000000000,3,1,,,0.034163089599,0.034324444296,4.191000000000,4.203000000000,5,1,True,80.047700000000,79.992790000000,0.103599627734,0.001295112069,"[79.8477, 80.08297, 80.04769999999999]"
2026-06-09T16:44:48,sigma_current_sync,6,1,dp,0.000000000000,3,1,,,0.034163089599,0.034324444296,4.191000000000,4.203000000000,5,2,False,12.937400000000,12.941180000000,0.007528643083,0.000581758625,"[12.93445, 12.937399999999998, 12.95169]"
2026-06-09T16:44:48,sigma_current_sync,6,1,dp,0.000000000000,3,1,,,0.034163089599,0.034324444296,4.191000000000,4.203000000000,5,3,False,5.947786000000,5.947874666667,0.000835183147,0.000140417072,"[5.946899, 5.947786, 5.948939]"
2026-06-09T16:44:48,sigma_current_sync,6,1,dp,0.000000000000,3,1,,,0.034163089599,0.034324444296,4.191000000000,4.203000000000,5,4,False,35.816720000000,35.837856666667,0.038304717145,0.001068833929,"[35.80523, 35.816720000000004, 35.89162]"
2026-06-09T16:44:48,sigma_current_sync,6,1,dp,0.000000000000,3,1,,,0.034163089599,0.034324444296,4.191000000000,4.203000000000,5,5,False,17.378810000000,17.379866666667,0.001792099948,0.000103113561,"[17.3784, 17.37881, 17.38239]"
2026-06-09T16:44:48,sigma_current_sync,6,1,dp,0.000000000000,3,1,,,0.034163089599,0.034324444296,4.191000000000,4.203000000000,5,6,False,1.393949000000,1.392597000000,0.002317060350,0.001663841262,"[1.389336, 1.3939489999999999, 1.3945059999999998]"
2026-06-09T16:44:48,sigma_current_sync,6,1,dp,0.000000000000,3,1,,,0.034163089599,0.034324444296,4.191000000000,4.203000000000,5,7,False,0.058914410000,0.058893996667,0.000052428498,0.000890218028,"[0.05891441, 0.05882206, 0.05894552]"
2026-06-09T16:44:48,sigma_current_sync,6,1,dp,0.000000000000,3,1,,,0.034163089599,0.034324444296,4.191000000000,4.203000000000,5,8,False,0.071820190000,0.071751156667,0.000113112633,0.001576457281,"[0.07159167000000001, 0.07184161, 0.07182019]"
2026-06-09T16:45:01,sigma_current_sync,6,2,dp,1.570796327000,3,1,,,0.042796798411,0.042954359726,4.690776398866,4.701768667447,5,1,True,113.918800000000,113.909266666667,0.031431654250,0.000275935884,"[113.9421, 113.8669, 113.9188]"
2026-06-09T16:45:01,sigma_current_sync,6,2,dp,1.570796327000,3,1,,,0.042796798411,0.042954359726,4.690776398866,4.701768667447,5,2,False,6.246674000000,6.245950333333,0.002963086266,0.000474401189,"[6.249163, 6.2466740000000005, 6.242013999999999]"
2026-06-09T16:45:01,sigma_current_sync,6,2,dp,1.570796327000,3,1,,,0.042796798411,0.042954359726,4.690776398866,4.701768667447,5,3,False,31.533030000000,31.535096666667,0.027717784103,0.000878950345,"[31.50223, 31.57003, 31.53303]"
2026-06-09T16:45:01,sigma_current_sync,6,2,dp,1.570796327000,3,1,,,0.042796798411,0.042954359726,4.690776398866,4.701768667447,5,4,False,0.310792900000,0.310815166667,0.000147810359,0.000475557099,"[0.3110063, 0.31064630000000004, 0.3107929]"
2026-06-09T16:45:01,sigma_current_sync,6,2,dp,1.570796327000,3,1,,,0.042796798411,0.042954359726,4.690776398866,4.701768667447,5,5,False,2.130585000000,2.130486666667,0.001274408185,0.000598177029,"[2.131996, 2.128879, 2.1305850000000004]"
2026-06-09T16:45:01,sigma_current_sync,6,2,dp,1.570796327000,3,1,,,0.042796798411,0.042954359726,4.690776398866,4.701768667447,5,6,False,0.440295300000,0.440258366667,0.000164971317,0.000374714781,"[0.4400404, 0.4402953, 0.4404394]"
2026-06-09T16:45:01,sigma_current_sync,6,2,dp,1.570796327000,3,1,,,0.042796798411,0.042954359726,4.690776398866,4.701768667447,5,7,False,0.019221510000,0.019221526667,0.000009230501,0.000480216870,"[0.01923284, 0.01921023, 0.01922151]"
2026-06-09T16:45:01,sigma_current_sync,6,2,dp,1.570796327000,3,1,,,0.042796798411,0.042954359726,4.690776398866,4.701768667447,5,8,False,0.129594400000,0.129569733333,0.000035380063,0.000273058086,"[0.12951970000000002, 0.12959510000000002, 0.1295944]"
2026-06-09T16:45:14,sigma_current_sync,6,3,dp,3.141592654000,3,1,,,0.051430507224,0.051584275157,5.142206282163,5.152479811157,5,1,True,40.745770000000,40.750066666667,0.014109373559,0.000346241729,"[40.76909, 40.73534, 40.74576999999999]"
2026-06-09T16:45:14,sigma_current_sync,6,3,dp,3.141592654000,3,1,,,0.051430507224,0.051584275157,5.142206282163,5.152479811157,5,2,False,1.138707000000,1.138763000000,0.001690611724,0.001484603665,"[1.136721, 1.140861, 1.138707]"
2026-06-09T16:45:14,sigma_current_sync,6,3,dp,3.141592654000,3,1,,,0.051430507224,0.051584275157,5.142206282163,5.152479811157,5,3,False,37.045040000000,37.028950000000,0.028861061427,0.000779418845,"[37.05339, 37.04504, 36.98842]"
2026-06-09T16:45:14,sigma_current_sync,6,3,dp,3.141592654000,3,1,,,0.051430507224,0.051584275157,5.142206282163,5.152479811157,5,4,False,28.362470000000,28.347476666667,0.027186217505,0.000959034831,"[28.309320000000003, 28.370639999999998, 28.36247]"
2026-06-09T16:45:14,sigma_current_sync,6,3,dp,3.141592654000,3,1,,,0.051430507224,0.051584275157,5.142206282163,5.152479811157,5,5,False,39.874230000000,39.866090000000,0.032745127882,0.000821377965,"[39.822540000000004, 39.87423, 39.9015]"
2026-06-09T16:45:14,sigma_current_sync,6,3,dp,3.141592654000,3,1,,,0.051430507224,0.051584275157,5.142206282163,5.152479811157,5,6,False,3.862353000000,3.862768000000,0.001242344826,0.000321620358,"[3.862353, 3.864454, 3.8614970000000004]"
2026-06-09T16:45:14,sigma_current_sync,6,3,dp,3.141592654000,3,1,,,0.051430507224,0.051584275157,5.142206282163,5.152479811157,5,7,False,0.047751400000,0.047754623333,0.000028965216,0.000606542661,"[0.0477514, 0.047791600000000004, 0.04772087]"
2026-06-09T16:45:14,sigma_current_sync,6,3,dp,3.141592654000,3,1,,,0.051430507224,0.051584275157,5.142206282163,5.152479811157,5,8,False,0.086294040000,0.086253176667,0.000156024710,0.001808915522,"[0.08604496, 0.08629404, 0.08642053000000001]"
2026-06-09T16:45:27,sigma_current_sync,6,4,dp,4.712388980000,3,1,,,0.025529380785,0.025694528864,3.622924064252,3.636452859216,5,1,True,3.108029000000,3.107328666667,0.001600876912,0.000515193944,"[3.105114, 3.1080289999999997, 3.108843]"
2026-06-09T16:45:27,sigma_current_sync,6,4,dp,4.712388980000,3,1,,,0.025529380785,0.025694528864,3.622924064252,3.636452859216,5,2,False,7.982004000000,7.981030666667,0.005226187797,0.000654826177,"[7.986889, 7.974199, 7.982004]"
2026-06-09T16:45:27,sigma_current_sync,6,4,dp,4.712388980000,3,1,,,0.025529380785,0.025694528864,3.622924064252,3.636452859216,5,3,False,10.342060000000,10.345563333333,0.007457579291,0.000720848063,"[10.35593, 10.3387, 10.34206]"
2026-06-09T16:45:27,sigma_current_sync,6,4,dp,4.712388980000,3,1,,,0.025529380785,0.025694528864,3.622924064252,3.636452859216,5,4,False,66.918240000000,66.895670000000,0.069015210401,0.001031684269,"[66.91824, 66.80215, 66.96661999999999]"
2026-06-09T16:45:27,sigma_current_sync,6,4,dp,4.712388980000,3,1,,,0.025529380785,0.025694528864,3.622924064252,3.636452859216,5,5,False,58.420240000000,58.415243333333,0.017886692136,0.000306199052,"[58.42024, 58.434219999999996, 58.391270000000006]"
2026-06-09T16:45:27,sigma_current_sync,6,4,dp,4.712388980000,3,1,,,0.025529380785,0.025694528864,3.622924064252,3.636452859216,5,6,False,5.040412000000,5.037600666667,0.004867789391,0.000966291239,"[5.040412000000001, 5.030753, 5.041637]"
2026-06-09T16:45:27,sigma_current_sync,6,4,dp,4.712388980000,3,1,,,0.025529380785,0.025694528864,3.622924064252,3.636452859216,5,7,False,0.094099190000,0.094106910000,0.000027819980,0.000295621008,"[0.09409919, 0.09414418000000001, 0.09407736]"
2026-06-09T16:45:27,sigma_current_sync,6,4,dp,4.712388980000,3,1,,,0.025529380785,0.025694528864,3.622924064252,3.636452859216,5,8,False,0.028129960000,0.028129080000,0.000027114827,0.000963942917,"[0.02809544, 0.028129960000000002, 0.02816184]"
2026-06-09T16:45:40,sigma_current_sync,6,5,dp,6.283185307000,3,1,,,0.034163089598,0.034324444295,4.190999999939,4.202999999940,5,1,True,80.076720000000,80.018686666667,0.085925364642,0.001073816232,"[80.08213, 80.07672000000001, 79.89721]"
2026-06-09T16:45:40,sigma_current_sync,6,5,dp,6.283185307000,3,1,,,0.034163089598,0.034324444295,4.190999999939,4.202999999940,5,2,False,12.960420000000,12.963680000000,0.005384688168,0.000415367254,"[12.97127, 12.95935, 12.960420000000001]"
2026-06-09T16:45:40,sigma_current_sync,6,5,dp,6.283185307000,3,1,,,0.034163089598,0.034324444295,4.190999999939,4.202999999940,5,3,False,5.946887000000,5.948410333333,0.002900254280,0.000487567958,"[5.945874, 5.946887, 5.95247]"
2026-06-09T16:45:40,sigma_current_sync,6,5,dp,6.283185307000,3,1,,,0.034163089598,0.034324444295,4.190999999939,4.202999999940,5,4,False,35.860990000000,35.865433333333,0.015952459232,0.000444786463,"[35.86099, 35.8485, 35.88681]"
2026-06-09T16:45:40,sigma_current_sync,6,5,dp,6.283185307000,3,1,,,0.034163089598,0.034324444295,4.190999999939,4.202999999940,5,5,False,17.404830000000,17.396303333333,0.012207321118,0.000701719261,"[17.37904, 17.40504, 17.404829999999997]"
2026-06-09T16:45:40,sigma_current_sync,6,5,dp,6.283185307000,3,1,,,0.034163089598,0.034324444295,4.190999999939,4.202999999940,5,6,False,1.388482000000,1.388885666667,0.000588637032,0.000423819646,"[1.388457, 1.389718, 1.388482]"
2026-06-09T16:45:40,sigma_current_sync,6,5,dp,6.283185307000,3,1,,,0.034163089598,0.034324444295,4.190999999939,4.202999999940,5,7,False,0.058993750000,0.058993743333,0.000023588587,0.000399848956,"[0.05899375, 0.05896485, 0.05902263]"
2026-06-09T16:45:40,sigma_current_sync,6,5,dp,6.283185307000,3,1,,,0.034163089598,0.034324444295,4.190999999939,4.202999999940,5,8,False,0.071637830000,0.071652856667,0.000062570605,0.000873246483,"[0.07173589, 0.07158485, 0.07163783]"
2026-06-09T16:45:54,sigma_current_sync,7,1,dp,0.000000000000,5,1,,,0.031901135489,0.036464767673,4.039000000000,4.319000000000,6,1,True,7.805891000000,7.811584333333,0.008756601675,0.001120976399,"[7.823955, 7.804906999999999, 7.805891]"
2026-06-09T16:45:54,sigma_current_sync,7,1,dp,0.000000000000,5,1,,,0.031901135489,0.036464767673,4.039000000000,4.319000000000,6,2,False,9.515310000000,9.512769000000,0.004525114584,0.000475688476,"[9.51531, 9.516585000000001, 9.506412000000001]"
2026-06-09T16:45:54,sigma_current_sync,7,1,dp,0.000000000000,5,1,,,0.031901135489,0.036464767673,4.039000000000,4.319000000000,6,3,False,65.466370000000,65.477213333333,0.040163205660,0.000613392104,"[65.43435, 65.53092, 65.46637]"
2026-06-09T16:45:54,sigma_current_sync,7,1,dp,0.000000000000,5,1,,,0.031901135489,0.036464767673,4.039000000000,4.319000000000,6,4,False,29.306940000000,29.312070000000,0.009185129286,0.000313356555,"[29.3043, 29.32497, 29.30694]"
2026-06-09T16:45:54,sigma_current_sync,7,1,dp,0.000000000000,5,1,,,0.031901135489,0.036464767673,4.039000000000,4.319000000000,6,5,False,2.999643000000,2.999387666667,0.001906920962,0.000635770088,"[3.001585, 2.9996430000000003, 2.996935]"
2026-06-09T16:45:54,sigma_current_sync,7,1,dp,0.000000000000,5,1,,,0.031901135489,0.036464767673,4.039000000000,4.319000000000,6,6,False,21.077600000000,21.073683333333,0.009723080216,0.000461384945,"[21.0776, 21.06031, 21.08314]"
2026-06-09T16:45:54,sigma_current_sync,7,1,dp,0.000000000000,5,1,,,0.031901135489,0.036464767673,4.039000000000,4.319000000000,6,7,False,7.853307000000,7.854467000000,0.002947234749,0.000375230394,"[7.8585139999999996, 7.85158, 7.853307000000001]"
2026-06-09T16:45:54,sigma_current_sync,7,1,dp,0.000000000000,5,1,,,0.031901135489,0.036464767673,4.039000000000,4.319000000000,6,8,False,1.157881000000,1.157511333333,0.000529164331,0.000457156933,"[1.1578899999999999, 1.156763, 1.1578810000000002]"
2026-06-09T16:46:07,sigma_current_sync,7,2,dp,1.570796327000,5,1,,,0.040586501580,0.045221159581,4.555767913011,4.809692660830,6,1,True,10.536490000000,10.538913333333,0.005263296390,0.000499415473,"[10.53403, 10.54622, 10.53649]"
2026-06-09T16:46:07,sigma_current_sync,7,2,dp,1.570796327000,5,1,,,0.040586501580,0.045221159581,4.555767913011,4.809692660830,6,2,False,10.657780000000,10.661250000000,0.005902615240,0.000553651330,"[10.65641, 10.65778, 10.669559999999999]"
2026-06-09T16:46:07,sigma_current_sync,7,2,dp,1.570796327000,5,1,,,0.040586501580,0.045221159581,4.555767913011,4.809692660830,6,3,False,80.280810000000,80.260376666667,0.031774795392,0.000395896415,"[80.28482, 80.21549999999999, 80.28081]"
2026-06-09T16:46:07,sigma_current_sync,7,2,dp,1.570796327000,5,1,,,0.040586501580,0.045221159581,4.555767913011,4.809692660830,6,4,False,38.997000000000,38.983120000000,0.032518832492,0.000834177267,"[38.93821, 38.997, 39.01415]"
2026-06-09T16:46:07,sigma_current_sync,7,2,dp,1.570796327000,5,1,,,0.040586501580,0.045221159581,4.555767913011,4.809692660830,6,5,False,0.437341400000,0.437171200000,0.000648540042,0.001483492148,"[0.4363056, 0.43734140000000005, 0.4378666]"
2026-06-09T16:46:07,sigma_current_sync,7,2,dp,1.570796327000,5,1,,,0.040586501580,0.045221159581,4.555767913011,4.809692660830,6,6,False,8.842056000000,8.841420666667,0.004835793305,0.000546947542,"[8.847, 8.842056, 8.835206]"
2026-06-09T16:46:07,sigma_current_sync,7,2,dp,1.570796327000,5,1,,,0.040586501580,0.045221159581,4.555767913011,4.809692660830,6,7,False,0.303008800000,0.302581966667,0.000617829579,0.002041858561,"[0.30302880000000004, 0.3030088, 0.3017083]"
2026-06-09T16:46:07,sigma_current_sync,7,2,dp,1.570796327000,5,1,,,0.040586501580,0.045221159581,4.555767913011,4.809692660830,6,8,False,0.040017810000,0.040047020000,0.000363923498,0.009087405194,"[0.04050662, 0.04001781, 0.03961663]"
2026-06-09T16:46:20,sigma_current_sync,7,3,dp,3.141592654000,5,1,,,0.049271867671,0.053977551490,5.019613685778,5.254762219482,6,1,True,3.390107000000,3.389841666667,0.002494929569,0.000736001800,"[3.390107, 3.392756, 3.386662]"
2026-06-09T16:46:20,sigma_current_sync,7,3,dp,3.141592654000,5,1,,,0.049271867671,0.053977551490,5.019613685778,5.254762219482,6,2,False,2.952566000000,2.953223000000,0.004852276236,0.001643044306,"[2.959467, 2.952566, 2.947636]"
2026-06-09T16:46:20,sigma_current_sync,7,3,dp,3.141592654000,5,1,,,0.049271867671,0.053977551490,5.019613685778,5.254762219482,6,3,False,21.543080000000,21.557500000000,0.045230617948,0.002098138372,"[21.618679999999998, 21.54308, 21.51074]"
2026-06-09T16:46:20,sigma_current_sync,7,3,dp,3.141592654000,5,1,,,0.049271867671,0.053977551490,5.019613685778,5.254762219482,6,4,False,13.787970000000,13.786653333333,0.008165146797,0.000592250099,"[13.79593, 13.78797, 13.776060000000001]"
2026-06-09T16:46:20,sigma_current_sync,7,3,dp,3.141592654000,5,1,,,0.049271867671,0.053977551490,5.019613685778,5.254762219482,6,5,False,3.525835000000,3.525652333333,0.005193708138,0.001473119765,"[3.5258350000000003, 3.53192, 3.5192020000000004]"
2026-06-09T16:46:20,sigma_current_sync,7,3,dp,3.141592654000,5,1,,,0.049271867671,0.053977551490,5.019613685778,5.254762219482,6,6,False,79.202380000000,79.205353333333,0.058401032715,0.000737336938,"[79.13536, 79.20238, 79.27832000000001]"
2026-06-09T16:46:20,sigma_current_sync,7,3,dp,3.141592654000,5,1,,,0.049271867671,0.053977551490,5.019613685778,5.254762219482,6,7,False,9.908019000000,9.910217333333,0.004473507821,0.000451403604,"[9.908019, 9.906179, 9.916454]"
2026-06-09T16:46:20,sigma_current_sync,7,3,dp,3.141592654000,5,1,,,0.049271867671,0.053977551490,5.019613685778,5.254762219482,6,8,False,1.805404000000,1.804906666667,0.001519123724,0.000841663313,"[1.802848, 1.805404, 1.806468]"
2026-06-09T16:46:32,sigma_current_sync,7,4,dp,4.712388980000,5,1,,,0.023215769397,0.027708375764,3.445579881858,3.764887582364,6,1,True,0.582441400000,0.582036400000,0.000881306375,0.001514177421,"[0.5808131, 0.5824414, 0.5828547]"
2026-06-09T16:46:32,sigma_current_sync,7,4,dp,4.712388980000,5,1,,,0.023215769397,0.027708375764,3.445579881858,3.764887582364,6,2,False,1.365812000000,1.365318666667,0.000991733275,0.000726374948,"[1.3639350000000001, 1.366209, 1.365812]"
2026-06-09T16:46:32,sigma_current_sync,7,4,dp,4.712388980000,5,1,,,0.023215769397,0.027708375764,3.445579881858,3.764887582364,6,3,False,5.649817000000,5.650510000000,0.001919104479,0.000339633852,"[5.6498170000000005, 5.648584, 5.653129000000001]"
2026-06-09T16:46:32,sigma_current_sync,7,4,dp,4.712388980000,5,1,,,0.023215769397,0.027708375764,3.445579881858,3.764887582364,6,4,False,3.183999000000,3.183310333333,0.002017605897,0.000633807479,"[3.180568, 3.183999, 3.185364]"
2026-06-09T16:46:32,sigma_current_sync,7,4,dp,4.712388980000,5,1,,,0.023215769397,0.027708375764,3.445579881858,3.764887582364,6,5,False,6.001731000000,5.998031666667,0.005272712732,0.000879073840,"[6.001789, 6.001731, 5.990575]"
2026-06-09T16:46:32,sigma_current_sync,7,4,dp,4.712388980000,5,1,,,0.023215769397,0.027708375764,3.445579881858,3.764887582364,6,6,False,94.816420000000,94.813990000000,0.078480051393,0.000827726493,"[94.71668, 94.90887, 94.81642]"
2026-06-09T16:46:32,sigma_current_sync,7,4,dp,4.712388980000,5,1,,,0.023215769397,0.027708375764,3.445579881858,3.764887582364,6,7,False,16.912640000000,16.913046666667,0.001964422448,0.000116148349,"[16.91563, 16.91264, 16.91087]"
2026-06-09T16:46:32,sigma_current_sync,7,4,dp,4.712388980000,5,1,,,0.023215769397,0.027708375764,3.445579881858,3.764887582364,6,8,False,2.734741000000,2.736327333333,0.002716027778,0.000992581459,"[2.7340910000000003, 2.734741, 2.74015]"
2026-06-09T16:46:48,sigma_current_sync,7,5,dp,6.283185307000,5,1,,,0.031901135488,0.036464767672,4.038999999937,4.318999999941,6,1,True,7.792987000000,7.793108333333,0.006043500218,0.000775492905,"[7.792986999999999, 7.8005700000000004, 7.785768]"
2026-06-09T16:46:48,sigma_current_sync,7,5,dp,6.283185307000,5,1,,,0.031901135488,0.036464767672,4.038999999937,4.318999999941,6,2,False,9.512534000000,9.511956666667,0.006693851623,0.000703730248,"[9.512534, 9.519851, 9.503485]"
2026-06-09T16:46:48,sigma_current_sync,7,5,dp,6.283185307000,5,1,,,0.031901135488,0.036464767672,4.038999999937,4.318999999941,6,3,False,65.358660000000,65.351416666667,0.021033301109,0.000321849199,"[65.35866, 65.37277999999999, 65.32281]"
2026-06-09T16:46:48,sigma_current_sync,7,5,dp,6.283185307000,5,1,,,0.031901135488,0.036464767672,4.038999999937,4.318999999941,6,4,False,29.200090000000,29.217806666667,0.030371076518,0.001039471472,"[29.20009, 29.192780000000003, 29.26055]"
2026-06-09T16:46:48,sigma_current_sync,7,5,dp,6.283185307000,5,1,,,0.031901135488,0.036464767672,4.038999999937,4.318999999941,6,5,False,3.000533000000,3.000084000000,0.000729575676,0.000243185083,"[2.9990550000000002, 3.000664, 3.0005330000000003]"
2026-06-09T16:46:48,sigma_current_sync,7,5,dp,6.283185307000,5,1,,,0.031901135488,0.036464767672,4.038999999937,4.318999999941,6,6,False,21.069260000000,21.071776666667,0.013844239075,0.000657003882,"[21.056220000000003, 21.06926, 21.08985]"
2026-06-09T16:46:48,sigma_current_sync,7,5,dp,6.283185307000,5,1,,,0.031901135488,0.036464767672,4.038999999937,4.318999999941,6,7,False,7.854253000000,7.853094000000,0.002619760422,0.000333595959,"[7.854253, 7.849467, 7.855561999999999]"
2026-06-09T16:46:48,sigma_current_sync,7,5,dp,6.283185307000,5,1,,,0.031901135488,0.036464767672,4.038999999937,4.318999999941,6,8,False,1.154138000000,1.154514666667,0.001302882019,0.001128510583,"[1.1531410000000002, 1.154138, 1.1562649999999999]"
2026-06-09T16:47:03,sigma_current_sync,8,1,dp,0.000000000000,7,1,,,0.031120426485,0.037796456410,4.000000000000,4.406000000000,7,1,True,4.106192000000,4.109593000000,0.007164430240,0.001743343012,"[4.103028, 4.106192, 4.119559]"
2026-06-09T16:47:03,sigma_current_sync,8,1,dp,0.000000000000,7,1,,,0.031120426485,0.037796456410,4.000000000000,4.406000000000,7,2,False,0.317441800000,0.317153366667,0.000481020404,0.001516680743,"[0.3174418, 0.3164756, 0.3175427]"
2026-06-09T16:47:03,sigma_current_sync,8,1,dp,0.000000000000,7,1,,,0.031120426485,0.037796456410,4.000000000000,4.406000000000,7,3,False,13.012490000000,13.009260000000,0.009302927855,0.000715100463,"[12.9966, 13.018690000000001, 13.01249]"
2026-06-09T16:47:03,sigma_current_sync,8,1,dp,0.000000000000,7,1,,,0.031120426485,0.037796456410,4.000000000000,4.406000000000,7,4,False,2.009631000000,2.009825000000,0.000792533070,0.000394329392,"[2.008966, 2.009631, 2.010878]"
2026-06-09T16:47:03,sigma_current_sync,8,1,dp,0.000000000000,7,1,,,0.031120426485,0.037796456410,4.000000000000,4.406000000000,7,5,False,108.694200000000,108.704266666667,0.083993068497,0.000772674993,"[108.6942, 108.60679999999999, 108.8118]"
2026-06-09T16:47:03,sigma_current_sync,8,1,dp,0.000000000000,7,1,,,0.031120426485,0.037796456410,4.000000000000,4.406000000000,7,6,False,5.497859000000,5.498970333333,0.004829436981,0.000878243869,"[5.49369, 5.505362, 5.497859]"
2026-06-09T16:47:03,sigma_current_sync,8,1,dp,0.000000000000,7,1,,,0.031120426485,0.037796456410,4.000000000000,4.406000000000,7,7,False,2.093937000000,2.091431000000,0.003580851668,0.001712153864,"[2.093937, 2.093989, 2.086367]"
2026-06-09T16:47:03,sigma_current_sync,8,1,dp,0.000000000000,7,1,,,0.031120426485,0.037796456410,4.000000000000,4.406000000000,7,8,False,3.306730000000,3.306982666667,0.003677760309,0.001112119621,"[3.311608, 3.30673, 3.3026099999999996]"
2026-06-09T16:47:18,sigma_current_sync,8,2,dp,1.570796327000,7,1,,,0.039778374038,0.046507600956,4.522314221043,4.887434151945,7,1,True,2.716586000000,2.718604000000,0.004045305015,0.001488008189,"[2.716586, 2.7149769999999998, 2.724249]"
2026-06-09T16:47:18,sigma_current_sync,8,2,dp,1.570796327000,7,1,,,0.039778374038,0.046507600956,4.522314221043,4.887434151945,7,2,False,0.074389150000,0.074440950000,0.000079668699,0.001070226796,"[0.07455350000000001, 0.07438914999999999, 0.07438020000000001]"
2026-06-09T16:47:18,sigma_current_sync,8,2,dp,1.570796327000,7,1,,,0.039778374038,0.046507600956,4.522314221043,4.887434151945,7,3,False,8.768105000000,8.767844666667,0.003280544907,0.000374156367,"[8.763703, 8.768105, 8.771726000000001]"
2026-06-09T16:47:18,sigma_current_sync,8,2,dp,1.570796327000,7,1,,,0.039778374038,0.046507600956,4.522314221043,4.887434151945,7,4,False,1.409490000000,1.409499333333,0.000210759473,0.000149527898,"[1.409762, 1.409246, 1.40949]"
2026-06-09T16:47:18,sigma_current_sync,8,2,dp,1.570796327000,7,1,,,0.039778374038,0.046507600956,4.522314221043,4.887434151945,7,5,False,70.311110000000,70.299283333333,0.022354039655,0.000317983891,"[70.31111, 70.31876, 70.26798]"
2026-06-09T16:47:18,sigma_current_sync,8,2,dp,1.570796327000,7,1,,,0.039778374038,0.046507600956,4.522314221043,4.887434151945,7,6,False,2.919166000000,2.919029666667,0.000555079774,0.000190159004,"[2.9191659999999997, 2.9196310000000003, 2.9182919999999997]"
2026-06-09T16:47:18,sigma_current_sync,8,2,dp,1.570796327000,7,1,,,0.039778374038,0.046507600956,4.522314221043,4.887434151945,7,7,False,6.433021000000,6.430885333333,0.004811045232,0.000748115537,"[6.4354119999999995, 6.424223, 6.433021]"
2026-06-09T16:47:18,sigma_current_sync,8,2,dp,1.570796327000,7,1,,,0.039778374038,0.046507600956,4.522314221043,4.887434151945,7,8,False,33.080670000000,33.083156666667,0.018292578337,0.000552927235,"[33.08067, 33.1067, 33.0621]"
2026-06-09T16:47:31,sigma_current_sync,8,3,dp,3.141592654000,7,1,,,0.048436321592,0.020374167323,4.990255687608,3.234885287479,7,1,True,0.198863500000,0.198903133333,0.000235477420,0.001183879894,"[0.1992093, 0.19863660000000002, 0.19886350000000003]"
2026-06-09T16:47:31,sigma_current_sync,8,3,dp,3.141592654000,7,1,,,0.048436321592,0.020374167323,4.990255687608,3.234885287479,7,2,False,0.184621900000,0.184733966667,0.000183643882,0.000994099167,"[0.18499290000000002, 0.1845871, 0.1846219]"
2026-06-09T16:47:31,sigma_current_sync,8,3,dp,3.141592654000,7,1,,,0.048436321592,0.020374167323,4.990255687608,3.234885287479,7,3,False,0.539512500000,0.539617933333,0.000150947460,0.000279730250,"[0.5398314, 0.5395125000000001, 0.5395099]"
2026-06-09T16:47:31,sigma_current_sync,8,3,dp,3.141592654000,7,1,,,0.048436321592,0.020374167323,4.990255687608,3.234885287479,7,4,False,0.091722540000,0.091783050000,0.000199240057,0.002170771808,"[0.09205163000000001, 0.09172254, 0.09157498]"
2026-06-09T16:47:31,sigma_current_sync,8,3,dp,3.141592654000,7,1,,,0.048436321592,0.020374167323,4.990255687608,3.234885287479,7,5,False,4.451001000000,4.454279000000,0.004979783596,0.001117977477,"[4.45052, 4.451001, 4.461316]"
2026-06-09T16:47:31,sigma_current_sync,8,3,dp,3.141592654000,7,1,,,0.048436321592,0.020374167323,4.990255687608,3.234885287479,7,6,False,0.102132500000,0.102163666667,0.000049036336,0.000479978228,"[0.1021256, 0.1021325, 0.10223289999999999]"
2026-06-09T16:47:31,sigma_current_sync,8,3,dp,3.141592654000,7,1,,,0.048436321592,0.020374167323,4.990255687608,3.234885287479,7,7,False,23.150000000000,23.148963333333,0.002482610633,0.000107245003,"[23.14554, 23.15, 23.15135]"
2026-06-09T16:47:31,sigma_current_sync,8,3,dp,3.141592654000,7,1,,,0.048436321592,0.020374167323,4.990255687608,3.234885287479,7,8,False,82.568080000000,82.560056666667,0.040000378609,0.000484500377,"[82.50755, 82.60454, 82.56808000000001]"
2026-06-09T16:47:44,sigma_current_sync,8,4,dp,4.712388980000,7,1,,,0.022462478930,0.029085311863,3.398334016197,3.865056197508,7,1,True,1.438325000000,1.438088000000,0.001133910343,0.000788484671,"[1.4383249999999999, 1.439343, 1.436596]"
2026-06-09T16:47:44,sigma_current_sync,8,4,dp,4.712388980000,7,1,,,0.022462478930,0.029085311863,3.398334016197,3.865056197508,7,2,False,0.456086300000,0.455430933333,0.001166845463,0.002562068973,"[0.4537917, 0.4564148, 0.4560863]"
2026-06-09T16:47:44,sigma_current_sync,8,4,dp,4.712388980000,7,1,,,0.022462478930,0.029085311863,3.398334016197,3.865056197508,7,3,False,4.379583000000,4.378710333333,0.001777046488,0.000405837873,"[4.379582999999999, 4.376233, 4.3803149999999995]"
2026-06-09T16:47:44,sigma_current_sync,8,4,dp,4.712388980000,7,1,,,0.022462478930,0.029085311863,3.398334016197,3.865056197508,7,4,False,0.701212700000,0.701085433333,0.001139876161,0.001625873405,"[0.7024135, 0.6996300999999999, 0.7012126999999999]"
2026-06-09T16:47:44,sigma_current_sync,8,4,dp,4.712388980000,7,1,,,0.022462478930,0.029085311863,3.398334016197,3.865056197508,7,5,False,40.210370000000,40.210526666667,0.004243146107,0.000105523266,"[40.210370000000005, 40.2158, 40.20541]"
2026-06-09T16:47:44,sigma_current_sync,8,4,dp,4.712388980000,7,1,,,0.022462478930,0.029085311863,3.398334016197,3.865056197508,7,6,False,2.558370000000,2.556846666667,0.002725284613,0.001065877218,"[2.559151, 2.55837, 2.553019]"
2026-06-09T16:47:44,sigma_current_sync,8,4,dp,4.712388980000,7,1,,,0.022462478930,0.029085311863,3.398334016197,3.865056197508,7,7,False,20.268980000000,20.267300000000,0.011021590932,0.000543811506,"[20.279880000000002, 20.25304, 20.26898]"
2026-06-09T16:47:44,sigma_current_sync,8,4,dp,4.712388980000,7,1,,,0.022462478930,0.029085311863,3.398334016197,3.865056197508,7,8,False,55.812810000000,55.784813333333,0.058895524637,0.001055762691,"[55.70287999999999, 55.812810000000006, 55.838750000000005]"
2026-06-09T16:47:57,sigma_current_sync,8,5,dp,6.283185307000,7,1,,,0.031120426484,0.037796456409,3.999999999936,4.405999999942,7,1,True,4.176728000000,4.179776333333,0.004986033449,0.001192894799,"[4.176728, 4.175794, 4.186807]"
2026-06-09T16:47:57,sigma_current_sync,8,5,dp,6.283185307000,7,1,,,0.031120426484,0.037796456409,3.999999999936,4.405999999942,7,2,False,0.318378300000,0.318207766667,0.000318542957,0.001001053370,"[0.3183783, 0.31848360000000003, 0.3177614]"
2026-06-09T16:47:57,sigma_current_sync,8,5,dp,6.283185307000,7,1,,,0.031120426484,0.037796456409,3.999999999936,4.405999999942,7,3,False,13.077700000000,13.077363333333,0.002205180769,0.000168625793,"[13.0777, 13.07451, 13.079880000000001]"
2026-06-09T16:47:57,sigma_current_sync,8,5,dp,6.283185307000,7,1,,,0.031120426484,0.037796456409,3.999999999936,4.405999999942,7,4,False,1.998120000000,1.998003000000,0.001824705090,0.000913264440,"[1.9981200000000001, 2.000177, 1.9957120000000002]"
2026-06-09T16:47:57,sigma_current_sync,8,5,dp,6.283185307000,7,1,,,0.031120426484,0.037796456409,3.999999999936,4.405999999942,7,5,False,108.630900000000,108.622766666667,0.072244276974,0.000665093324,"[108.6309, 108.70689999999999, 108.5305]"
2026-06-09T16:47:57,sigma_current_sync,8,5,dp,6.283185307000,7,1,,,0.031120426484,0.037796456409,3.999999999936,4.405999999942,7,6,False,5.509375000000,5.507900000000,0.004630541293,0.000840709035,"[5.509375, 5.512688000000001, 5.5016370000000006]"
2026-06-09T16:47:57,sigma_current_sync,8,5,dp,6.283185307000,7,1,,,0.031120426484,0.037796456409,3.999999999936,4.405999999942,7,7,False,2.075274000000,2.075665000000,0.000957311165,0.000461206970,"[2.076983, 2.075274, 2.074738]"
2026-06-09T16:47:57,sigma_current_sync,8,5,dp,6.283185307000,7,1,,,0.031120426484,0.037796456409,3.999999999936,4.405999999942,7,8,False,3.295363000000,3.294634666667,0.002671474291,0.000810856001,"[3.297481, 3.295363, 3.29106]"
