local_sample_row,sample_index,input_channel,target_ratio,final_ratio,ratio_error,initial_coefficient,optimized_coefficient,initial_voltage,final_voltage,final_output_power,converged,final_loss_mae
0,0,1,0.0,0.0,0.0,0.0,0.0,4.318,4.318,6.391952e-06,True,0.0155780991666667
0,0,2,1.0,1.0155780991666667,0.0155780991666667,1.0,0.3838093768603802,3.582,3.829,0.0001108403,True,0.0155780991666667
0,0,3,0.0,0.0,0.0,0.0,0.0,4.164,4.164,2.173148e-06,True,0.0155780991666667
0,0,4,0.0,0.0,0.0,0.0,0.0,4.23,4.23,1.399349e-07,True,0.0155780991666667
0,0,5,0.0,0.0,0.0,0.0,0.0,3.977,3.977,1.206734e-07,True,0.0155780991666667
0,0,6,0.0,0.0,0.0,0.0,0.0,4.329,4.329,6.545799e-07,True,0.0155780991666667
0,0,7,0.0,0.0,0.0,0.0,0.0,3.995,3.995,7.099369e-07,True,0.0155780991666667
0,0,8,0.0,0.0,0.0,0.0,0.0,4.294,4.294,8.388468e-07,True,0.0155780991666667
1,1,1,0.0,0.0,0.0,0.0,0.0,4.318,4.318,3.37622e-07,True,0.0178652233333334
1,1,2,0.0,0.0,0.0,0.0,0.0,4.261,4.261,6.544554e-07,True,0.0178652233333334
1,1,3,1.0,1.0178652233333334,0.0178652233333334,1.0,0.39193664326875,3.438,3.722,0.0001090361,True,0.0178652233333334
1,1,4,0.0,0.0,0.0,0.0,0.0,4.23,4.23,9.550403e-06,True,0.0178652233333334
1,1,5,0.0,0.0,0.0,0.0,0.0,3.977,3.977,4.550322e-07,True,0.0178652233333334
1,1,6,0.0,0.0,0.0,0.0,0.0,4.329,4.329,5.58889e-07,True,0.0178652233333334
1,1,7,0.0,0.0,0.0,0.0,0.0,3.995,3.995,8.296324e-07,True,0.0178652233333334
1,1,8,0.0,0.0,0.0,0.0,0.0,4.294,4.294,7.216928e-07,True,0.0178652233333334
2,2,1,0.0,0.0,0.0,0.0,0.0,4.318,4.318,2.35105e-07,True,0.0089264325
2,2,2,0.0,0.0,0.0,0.0,0.0,4.261,4.261,9.417492e-07,True,0.0089264325
2,2,3,0.0,0.0,0.0,0.0,0.0,4.164,4.164,1.96862e-06,True,0.0089264325
2,2,4,1.0,1.0089264325,0.0089264325,1.0,0.409517599323125,3.451,3.79,0.0001139297,True,0.0089264325
2,2,5,0.0,0.0,0.0,0.0,0.0,3.977,3.977,1.833416e-06,True,0.0089264325
2,2,6,0.0,0.0,0.0,0.0,0.0,4.329,4.329,5.918802e-07,True,0.0089264325
2,2,7,0.0,0.0,0.0,0.0,0.0,3.995,3.995,7.232084e-07,True,0.0089264325
2,2,8,0.0,0.0,0.0,0.0,0.0,4.294,4.294,8.474931e-07,True,0.0089264325
3,3,1,0.0,0.0,0.0,0.0,0.0,4.318,4.318,3.339944e-07,True,0.0129860799999999
3,3,2,0.0,0.0,0.0,0.0,0.0,4.261,4.261,6.840998e-07,True,0.0129860799999999
3,3,3,0.0,0.0,0.0,0.0,0.0,4.164,4.164,1.558329e-06,True,0.0129860799999999
3,3,4,0.0,0.0,0.0,0.0,0.0,4.23,4.23,1.774675e-06,True,0.0129860799999999
3,3,5,1.0,1.01298608,0.0129860799999999,1.0,0.6312371853818127,3.327,3.498,0.0001145805,True,0.0129860799999999
3,3,6,0.0,0.0,0.0,0.0,0.0,4.329,4.329,1.00753e-06,True,0.0129860799999999
3,3,7,0.0,0.0,0.0,0.0,0.0,3.995,3.995,9.095201e-07,True,0.0129860799999999
3,3,8,0.0,0.0,0.0,0.0,0.0,4.294,4.294,7.096813e-07,True,0.0129860799999999
4,4,1,0.0,0.0,0.0,0.0,0.0,4.318,4.318,3.28295e-07,True,0.0120894573529413
4,4,2,0.0,0.0,0.0,0.0,0.0,4.261,4.261,6.863522e-07,True,0.0120894573529413
4,4,3,0.0,0.0,0.0,0.0,0.0,4.164,4.164,1.551017e-06,True,0.0120894573529413
4,4,4,0.0,0.0,0.0,0.0,0.0,4.23,4.23,1.725307e-06,True,0.0120894573529413
4,4,5,0.968627450980392,0.9807169083333334,0.0120894573529413,0.968627450980392,0.6124455756909811,3.342,3.507,0.0001107793,True,0.0120894573529413
4,4,6,0.0,0.0,0.0,0.0,0.0,4.329,4.329,1.003282e-06,True,0.0120894573529413
4,4,7,0.0,0.0,0.0,0.0,0.0,3.995,3.995,9.031543e-07,True,0.0120894573529413
4,4,8,0.0,0.0,0.0,0.0,0.0,4.294,4.294,7.093215e-07,True,0.0120894573529413
5,5,1,0.0,0.0,0.0,0.0,0.0,4.318,4.318,2.335573e-07,True,0.0100516048529414
5,5,2,0.0,0.0,0.0,0.0,0.0,4.261,4.261,9.292486e-07,True,0.0100516048529414
5,5,3,0.0,0.0,0.0,0.0,0.0,4.164,4.164,1.87307e-06,True,0.0100516048529414
5,5,4,0.968627450980392,0.9786790558333336,0.0100516048529414,0.968627450980392,0.3953697607964029,3.471,3.798,0.0001104794,True,0.0100516048529414
5,5,5,0.0,0.0,0.0,0.0,0.0,3.977,3.977,1.779592e-06,True,0.0100516048529414
5,5,6,0.0,0.0,0.0,0.0,0.0,4.329,4.329,5.853694e-07,True,0.0100516048529414
5,5,7,0.0,0.0,0.0,0.0,0.0,3.995,3.995,7.211386e-07,True,0.0100516048529414
5,5,8,0.0,0.0,0.0,0.0,0.0,4.294,4.294,8.401108e-07,True,0.0100516048529414
6,6,1,0.0,0.0,0.0,0.0,0.0,4.318,4.318,3.276323e-07,True,0.0127395030392157
6,6,2,0.0,0.0,0.0,0.0,0.0,4.261,4.261,6.793535e-07,True,0.0127395030392157
6,6,3,0.0,0.0,0.0,0.0,0.0,4.164,4.164,1.544041e-06,True,0.0127395030392157
6,6,4,0.0,0.0,0.0,0.0,0.0,4.23,4.23,1.668615e-06,True,0.0127395030392157
6,6,5,0.9372549019607842,0.949994405,0.0127395030392157,0.9372549019607842,0.5926636769239317,3.357,3.516,0.0001071674,True,0.0127395030392157
6,6,6,0.0,0.0,0.0,0.0,0.0,4.329,4.329,1.007492e-06,True,0.0127395030392157
6,6,7,0.0,0.0,0.0,0.0,0.0,3.995,3.995,8.96135e-07,True,0.0127395030392157
6,6,8,0.0,0.0,0.0,0.0,0.0,4.294,4.294,7.086598e-07,True,0.0127395030392157
7,7,1,0.0,0.0,0.0,0.0,0.0,4.318,4.318,2.328695e-07,True,0.0062160522058825
7,7,2,0.0,0.0,0.0,0.0,0.0,4.261,4.261,9.201282e-07,True,0.0062160522058825
7,7,3,0.0,0.0,0.0,0.0,0.0,4.164,4.164,1.768988e-06,True,0.0062160522058825
7,7,4,0.9372549019607842,0.9434709541666668,0.0062160522058825,0.9372549019607842,0.3817943302523893,3.491,3.807,0.0001064283,True,0.0062160522058825
7,7,5,0.0,0.0,0.0,0.0,0.0,3.977,3.977,1.727297e-06,True,0.0062160522058825
7,7,6,0.0,0.0,0.0,0.0,0.0,4.329,4.329,5.801585e-07,True,0.0062160522058825
7,7,7,0.0,0.0,0.0,0.0,0.0,3.995,3.995,7.216113e-07,True,0.0062160522058825
7,7,8,0.0,0.0,0.0,0.0,0.0,4.294,4.294,8.37162e-07,True,0.0062160522058825
8,8,1,0.0,0.0,0.0,0.0,0.0,4.318,4.318,3.249454e-07,True,0.0136831079411762
8,8,2,0.0,0.0,0.0,0.0,0.0,4.261,4.261,6.825591e-07,True,0.0136831079411762
8,8,3,0.0,0.0,0.0,0.0,0.0,4.164,4.164,1.543321e-06,True,0.0136831079411762
8,8,4,0.0,0.0,0.0,0.0,0.0,4.23,4.23,1.710082e-06,True,0.0136831079411762
8,8,5,0.9607843137254904,0.9744674216666668,0.0136831079411762,0.9607843137254904,0.6072798159393424,3.346,3.509,0.0001100625,True,0.0136831079411762
8,8,6,0.0,0.0,0.0,0.0,0.0,4.329,4.329,1.006191e-06,True,0.0136831079411762
8,8,7,0.0,0.0,0.0,0.0,0.0,3.995,3.995,8.998003e-07,True,0.0136831079411762
8,8,8,0.0,0.0,0.0,0.0,0.0,4.294,4.294,7.066918e-07,True,0.0136831079411762
9,9,1,0.0,0.0,0.0,0.0,0.0,4.318,4.318,2.32275e-07,True,0.0063381987745094
9,9,2,0.0,0.0,0.0,0.0,0.0,4.261,4.261,9.266835e-07,True,0.0063381987745094
9,9,3,0.0,0.0,0.0,0.0,0.0,4.164,4.164,1.85189e-06,True,0.0063381987745094
9,9,4,0.9607843137254904,0.9671225125,0.0063381987745094,0.9607843137254904,0.3919818962346449,3.476,3.8,0.0001091346,True,0.0063381987745094
9,9,5,0.0,0.0,0.0,0.0,0.0,3.977,3.977,1.769064e-06,True,0.0063381987745094
9,9,6,0.0,0.0,0.0,0.0,0.0,4.329,4.329,5.832053e-07,True,0.0063381987745094
9,9,7,0.0,0.0,0.0,0.0,0.0,3.995,3.995,7.167438e-07,True,0.0063381987745094
9,9,8,0.0,0.0,0.0,0.0,0.0,4.294,4.294,8.402399e-07,True,0.0063381987745094
10,10,1,0.0,0.0,0.0,0.0,0.0,4.318,4.318,3.262768e-07,True,0.01266594
10,10,2,0.0,0.0,0.0,0.0,0.0,4.261,4.261,6.79417e-07,True,0.01266594
10,10,3,0.0,0.0,0.0,0.0,0.0,4.164,4.164,1.535673e-06,True,0.01266594
10,10,4,0.0,0.0,0.0,0.0,0.0,4.23,4.23,1.658344e-06,True,0.01266594
10,10,5,0.9333333333333332,0.9459992733333332,0.01266594,0.9333333333333332,0.5901381475858748,3.359,3.517,0.0001067276,True,0.01266594
10,10,6,0.0,0.0,0.0,0.0,0.0,4.329,4.329,9.921877e-07,True,0.01266594
10,10,7,0.0,0.0,0.0,0.0,0.0,3.995,3.995,8.933185e-07,True,0.01266594
10,10,8,0.0,0.0,0.0,0.0,0.0,4.294,4.294,7.070958e-07,True,0.01266594
11,11,1,0.0,0.0,0.0,0.0,0.0,4.318,4.318,2.300329e-07,True,0.0025400516666669
11,11,2,0.0,0.0,0.0,0.0,0.0,4.261,4.261,9.227703e-07,True,0.0025400516666669
11,11,3,0.0,0.0,0.0,0.0,0.0,4.164,4.164,1.758402e-06,True,0.0025400516666669
11,11,4,0.9333333333333332,0.9358733850000002,0.0025400516666669,0.9333333333333332,0.3793825321321873,3.494,3.808,0.000105544,True,0.0025400516666669
11,11,5,0.0,0.0,0.0,0.0,0.0,3.977,3.977,1.719908e-06,True,0.0025400516666669
11,11,6,0.0,0.0,0.0,0.0,0.0,4.329,4.329,5.796515e-07,True,0.0025400516666669
11,11,7,0.0,0.0,0.0,0.0,0.0,3.995,3.995,7.190925e-07,True,0.0025400516666669
11,11,8,0.0,0.0,0.0,0.0,0.0,4.294,4.294,8.30949e-07,True,0.0025400516666669
12,12,1,0.0,0.0,0.0,0.0,0.0,4.318,4.318,3.27475e-07,True,0.0134440349019608
12,12,2,0.0,0.0,0.0,0.0,0.0,4.261,4.261,6.738402e-07,True,0.0134440349019608
12,12,3,0.0,0.0,0.0,0.0,0.0,4.164,4.164,1.538859e-06,True,0.0134440349019608
12,12,4,0.0,0.0,0.0,0.0,0.0,4.23,4.23,1.691147e-06,True,0.0134440349019608
12,12,5,0.9568627450980391,0.97030678,0.0134440349019608,0.9568627450980391,0.6056573688399095,3.348,3.51,0.0001096037,True,0.0134440349019608
12,12,6,0.0,0.0,0.0,0.0,0.0,4.329,4.329,1.003739e-06,True,0.0134440349019608
12,12,7,0.0,0.0,0.0,0.0,0.0,3.995,3.995,8.956493e-07,True,0.0134440349019608
12,12,8,0.0,0.0,0.0,0.0,0.0,4.294,4.294,7.024041e-07,True,0.0134440349019608
13,13,1,0.0,0.0,0.0,0.0,0.0,4.318,4.318,2.29502e-07,True,0.0086715599019608
13,13,2,0.0,0.0,0.0,0.0,0.0,4.261,4.261,9.182332e-07,True,0.0086715599019608
13,13,3,0.0,0.0,0.0,0.0,0.0,4.164,4.164,1.850458e-06,True,0.0086715599019608
13,13,4,0.9568627450980391,0.965534305,0.0086715599019608,0.9568627450980391,0.3901236698161089,3.479,3.801,0.0001089835,True,0.0086715599019608
13,13,5,0.0,0.0,0.0,0.0,0.0,3.977,3.977,1.752914e-06,True,0.0086715599019608
13,13,6,0.0,0.0,0.0,0.0,0.0,4.329,4.329,5.779037e-07,True,0.0086715599019608
13,13,7,0.0,0.0,0.0,0.0,0.0,3.995,3.995,7.184851e-07,True,0.0086715599019608
13,13,8,0.0,0.0,0.0,0.0,0.0,4.294,4.294,8.331206e-07,True,0.0086715599019608
14,14,1,0.0,0.0,0.0,0.0,0.0,4.318,4.318,3.139309e-07,True,0.0090756105882355
14,14,2,0.0,0.0,0.0,0.0,0.0,4.261,4.261,6.754874e-07,True,0.0090756105882355
14,14,3,0.0,0.0,0.0,0.0,0.0,4.164,4.164,1.512313e-06,True,0.0090756105882355
14,14,4,0.0,0.0,0.0,0.0,0.0,4.23,4.23,1.414419e-06,True,0.0090756105882355
14,14,5,0.7921568627450978,0.8012324733333334,0.0090756105882355,0.7921568627450978,0.5006414810003696,3.425,3.56,8.969253e-05,True,0.0090756105882355
14,14,6,0.0,0.0,0.0,0.0,0.0,4.329,4.329,9.682868e-07,True,0.0090756105882355
14,14,7,0.0,0.0,0.0,0.0,0.0,3.995,3.995,8.678434e-07,True,0.0090756105882355
14,14,8,0.0,0.0,0.0,0.0,0.0,4.294,4.294,7.030863e-07,True,0.0090756105882355
15,15,1,0.0,0.0,0.0,0.0,0.0,4.318,4.318,2.28448e-07,True,0.0036454747549021
15,15,2,0.0,0.0,0.0,0.0,0.0,4.261,4.261,8.927789e-07,True,0.0036454747549021
15,15,3,0.0,0.0,0.0,0.0,0.0,4.164,4.164,1.346928e-06,True,0.0036454747549021
15,15,4,0.7921568627450978,0.7958023375,0.0036454747549021,0.7921568627450978,0.3176818626375118,3.577,3.846,8.941138e-05,True,0.0036454747549021
15,15,5,0.0,0.0,0.0,0.0,0.0,3.977,3.977,1.511419e-06,True,0.0036454747549021
15,15,6,0.0,0.0,0.0,0.0,0.0,4.329,4.329,5.67585e-07,True,0.0036454747549021
15,15,7,0.0,0.0,0.0,0.0,0.0,3.995,3.995,7.160277e-07,True,0.0036454747549021
15,15,8,0.0,0.0,0.0,0.0,0.0,4.294,4.294,8.217139e-07,True,0.0036454747549021
16,16,1,0.0,0.0,0.0,0.0,0.0,4.318,4.318,3.071104e-07,True,0.0127342618627451
16,16,2,0.0,0.0,0.0,0.0,0.0,4.261,4.261,6.731988e-07,True,0.0127342618627451
16,16,3,0.0,0.0,0.0,0.0,0.0,4.164,4.164,1.492236e-06,True,0.0127342618627451
16,16,4,0.0,0.0,0.0,0.0,0.0,4.23,4.23,1.242381e-06,True,0.0127342618627451
16,16,5,0.6862745098039214,0.6990087716666665,0.0127342618627451,0.6862745098039214,0.4327114912705709,3.473,3.592,7.765733e-05,True,0.0127342618627451
16,16,6,0.0,0.0,0.0,0.0,0.0,4.329,4.329,9.499652e-07,True,0.0127342618627451
16,16,7,0.0,0.0,0.0,0.0,0.0,3.995,3.995,8.524176e-07,True,0.0127342618627451
16,16,8,0.0,0.0,0.0,0.0,0.0,4.294,4.294,7.064136e-07,True,0.0127342618627451
17,17,1,0.0,0.0,0.0,0.0,0.0,4.318,4.318,2.29709e-07,True,0.0050380635294119
17,17,2,0.0,0.0,0.0,0.0,0.0,4.261,4.261,8.7708e-07,True,0.0050380635294119
17,17,3,0.0,0.0,0.0,0.0,0.0,4.164,4.164,1.061351e-06,True,0.0050380635294119
17,17,4,0.6862745098039214,0.6913125733333333,0.0050380635294119,0.6862745098039214,0.2703126075026774,3.636,3.875,7.73405e-05,True,0.0050380635294119
17,17,5,0.0,0.0,0.0,0.0,0.0,3.977,3.977,1.352705e-06,True,0.0050380635294119
17,17,6,0.0,0.0,0.0,0.0,0.0,4.329,4.329,5.624234e-07,True,0.0050380635294119
17,17,7,0.0,0.0,0.0,0.0,0.0,3.995,3.995,7.161945e-07,True,0.0050380635294119
17,17,8,0.0,0.0,0.0,0.0,0.0,4.294,4.294,8.175459e-07,True,0.0050380635294119
18,18,1,0.0,0.0,0.0,0.0,0.0,4.318,4.318,3.100331e-07,True,0.0150282356862744
18,18,2,0.0,0.0,0.0,0.0,0.0,4.261,4.261,6.786303e-07,True,0.0150282356862744
18,18,3,0.0,0.0,0.0,0.0,0.0,4.164,4.164,1.503134e-06,True,0.0150282356862744
18,18,4,0.0,0.0,0.0,0.0,0.0,4.23,4.23,1.268828e-06,True,0.0150282356862744
18,18,5,0.7019607843137254,0.7169890199999999,0.0150282356862744,0.7019607843137254,0.4427732796272889,3.466,3.587,7.975688e-05,True,0.0150282356862744
18,18,6,0.0,0.0,0.0,0.0,0.0,4.329,4.329,9.578882e-07,True,0.0150282356862744
18,18,7,0.0,0.0,0.0,0.0,0.0,3.995,3.995,8.561425e-07,True,0.0150282356862744
18,18,8,0.0,0.0,0.0,0.0,0.0,4.294,4.294,7.071463e-07,True,0.0150282356862744
19,19,1,0.0,0.0,0.0,0.0,0.0,4.318,4.318,2.304133e-07,True,0.0029438198529411
19,19,2,0.0,0.0,0.0,0.0,0.0,4.261,4.261,8.857405e-07,True,0.0029438198529411
19,19,3,0.0,0.0,0.0,0.0,0.0,4.164,4.164,1.091023e-06,True,0.0029438198529411
19,19,4,0.7019607843137254,0.7049046041666666,0.0029438198529411,0.7019607843137254,0.2770762460701531,3.628,3.871,7.889519e-05,True,0.0029438198529411
19,19,5,0.0,0.0,0.0,0.0,0.0,3.977,3.977,1.385374e-06,True,0.0029438198529411
19,19,6,0.0,0.0,0.0,0.0,0.0,4.329,4.329,5.653912e-07,True,0.0029438198529411
19,19,7,0.0,0.0,0.0,0.0,0.0,3.995,3.995,7.181819e-07,True,0.0029438198529411
19,19,8,0.0,0.0,0.0,0.0,0.0,4.294,4.294,8.172386e-07,True,0.0029438198529411
20,20,1,0.0,0.0,0.0,0.0,0.0,4.318,4.318,3.090319e-07,True,0.0109579368137254
20,20,2,0.0,0.0,0.0,0.0,0.0,4.261,4.261,6.823676e-07,True,0.0109579368137254
20,20,3,0.0,0.0,0.0,0.0,0.0,4.164,4.164,1.503965e-06,True,0.0109579368137254
20,20,4,0.0,0.0,0.0,0.0,0.0,4.23,4.23,1.258233e-06,True,0.0109579368137254
20,20,5,0.6980392156862745,0.7089971525,0.0109579368137254,0.6980392156862745,0.4391343045748413,3.467,3.589,7.880213e-05,True,0.0109579368137254
20,20,6,0.0,0.0,0.0,0.0,0.0,4.329,4.329,9.570455e-07,True,0.0109579368137254
20,20,7,0.0,0.0,0.0,0.0,0.0,3.995,3.995,8.591729e-07,True,0.0109579368137254
20,20,8,0.0,0.0,0.0,0.0,0.0,4.294,4.294,7.077124e-07,True,0.0109579368137254
21,21,1,0.0,0.0,0.0,0.0,0.0,4.318,4.318,2.338762e-07,True,0.0075721634803921
21,21,2,0.0,0.0,0.0,0.0,0.0,4.261,4.261,8.861074e-07,True,0.0075721634803921
21,21,3,0.0,0.0,0.0,0.0,0.0,4.164,4.164,1.091911e-06,True,0.0075721634803921
21,21,4,0.6980392156862745,0.7056113791666666,0.0075721634803921,0.6980392156862745,0.2762693416635968,3.63,3.871,7.897329e-05,True,0.0075721634803921
21,21,5,0.0,0.0,0.0,0.0,0.0,3.977,3.977,1.380678e-06,True,0.0075721634803921
21,21,6,0.0,0.0,0.0,0.0,0.0,4.329,4.329,5.686103e-07,True,0.0075721634803921
21,21,7,0.0,0.0,0.0,0.0,0.0,3.995,3.995,7.195047e-07,True,0.0075721634803921
21,21,8,0.0,0.0,0.0,0.0,0.0,4.294,4.294,8.193879e-07,True,0.0075721634803921
22,22,1,0.0,0.0,0.0,0.0,0.0,4.318,4.318,3.123793e-07,True,0.0118476492647059
22,22,2,0.0,0.0,0.0,0.0,0.0,4.261,4.261,6.833853e-07,True,0.0118476492647059
22,22,3,0.0,0.0,0.0,0.0,0.0,4.164,4.164,1.510537e-06,True,0.0118476492647059
22,22,4,0.0,0.0,0.0,0.0,0.0,4.23,4.23,1.285668e-06,True,0.0118476492647059
22,22,5,0.7098039215686274,0.7216515708333333,0.0118476492647059,0.7098039215686274,0.4473351862325069,3.462,3.585,8.026459e-05,True,0.0118476492647059
22,22,6,0.0,0.0,0.0,0.0,0.0,4.329,4.329,9.701487e-07,True,0.0118476492647059
22,22,7,0.0,0.0,0.0,0.0,0.0,3.995,3.995,8.617536e-07,True,0.0118476492647059
22,22,8,0.0,0.0,0.0,0.0,0.0,4.294,4.294,7.097266e-07,True,0.0118476492647059
23,23,1,0.0,0.0,0.0,0.0,0.0,4.318,4.318,2.34222e-07,True,0.0070877459313725
23,23,2,0.0,0.0,0.0,0.0,0.0,4.261,4.261,8.994188e-07,True,0.0070877459313725
23,23,3,0.0,0.0,0.0,0.0,0.0,4.164,4.164,1.105206e-06,True,0.0070877459313725
23,23,4,0.7098039215686274,0.7168916674999999,0.0070877459313725,0.7098039215686274,0.2807086399067032,3.623,3.868,8.026086e-05,True,0.0070877459313725
23,23,5,0.0,0.0,0.0,0.0,0.0,3.977,3.977,1.4023e-06,True,0.0070877459313725
23,23,6,0.0,0.0,0.0,0.0,0.0,4.329,4.329,5.738725e-07,True,0.0070877459313725
23,23,7,0.0,0.0,0.0,0.0,0.0,3.995,3.995,7.209115e-07,True,0.0070877459313725
23,23,8,0.0,0.0,0.0,0.0,0.0,4.294,4.294,8.302093e-07,True,0.0070877459313725
24,24,1,0.0,0.0,0.0,0.0,0.0,4.318,4.318,3.313541e-07,True,0.0126480724509806
24,24,2,0.0,0.0,0.0,0.0,0.0,4.261,4.261,6.760203e-07,True,0.0126480724509806
24,24,3,0.0,0.0,0.0,0.0,0.0,4.164,4.164,1.561844e-06,True,0.0126480724509806
24,24,4,0.0,0.0,0.0,0.0,0.0,4.23,4.23,1.666541e-06,True,0.0126480724509806
24,24,5,0.945098039215686,0.9577461116666668,0.0126480724509806,0.945098039215686,0.5972479579406496,3.353,3.514,0.0001080902,True,0.0126480724509806
24,24,6,0.0,0.0,0.0,0.0,0.0,4.329,4.329,9.898558e-07,True,0.0126480724509806
24,24,7,0.0,0.0,0.0,0.0,0.0,3.995,3.995,9.01471e-07,True,0.0126480724509806
24,24,8,0.0,0.0,0.0,0.0,0.0,4.294,4.294,7.122472e-07,True,0.0126480724509806
25,25,1,0.0,0.0,0.0,0.0,0.0,4.318,4.318,2.342365e-07,True,0.0113116516176473
25,25,2,0.0,0.0,0.0,0.0,0.0,4.261,4.261,9.265627e-07,True,0.0113116516176473
25,25,3,0.0,0.0,0.0,0.0,0.0,4.164,4.164,1.801213e-06,True,0.0113116516176473
25,25,4,0.945098039215686,0.9564096908333334,0.0113116516176473,0.945098039215686,0.3854941629114395,3.486,3.804,0.0001079014,True,0.0113116516176473
25,25,5,0.0,0.0,0.0,0.0,0.0,3.977,3.977,1.75007e-06,True,0.0113116516176473
25,25,6,0.0,0.0,0.0,0.0,0.0,4.329,4.329,5.862469e-07,True,0.0113116516176473
25,25,7,0.0,0.0,0.0,0.0,0.0,3.995,3.995,7.237953e-07,True,0.0113116516176473
25,25,8,0.0,0.0,0.0,0.0,0.0,4.294,4.294,8.456385e-07,True,0.0113116516176473
26,26,1,0.0,0.0,0.0,0.0,0.0,4.318,4.318,3.179537e-07,True,0.0118176271568627
26,26,2,0.0,0.0,0.0,0.0,0.0,4.261,4.261,6.888945e-07,True,0.0118176271568627
26,26,3,0.0,0.0,0.0,0.0,0.0,4.164,4.164,1.532848e-06,True,0.0118176271568627
26,26,4,0.0,0.0,0.0,0.0,0.0,4.23,4.23,1.455302e-06,True,0.0118176271568627
26,26,5,0.8156862745098039,0.8275039016666667,0.0118176271568627,0.8156862745098039,0.5154307511104989,3.414,3.553,9.271585e-05,True,0.0118176271568627
26,26,6,0.0,0.0,0.0,0.0,0.0,4.329,4.329,9.929853e-07,True,0.0118176271568627
26,26,7,0.0,0.0,0.0,0.0,0.0,3.995,3.995,8.834573e-07,True,0.0118176271568627
26,26,8,0.0,0.0,0.0,0.0,0.0,4.294,4.294,7.131774e-07,True,0.0118176271568627
28,28,1,0.0,0.0,0.0,0.0,0.0,4.318,4.318,3.169907e-07,True,0.0120485504901961
28,28,2,0.0,0.0,0.0,0.0,0.0,4.261,4.261,6.810337e-07,True,0.0120485504901961
28,28,3,0.0,0.0,0.0,0.0,0.0,4.164,4.164,1.514545e-06,True,0.0120485504901961
28,28,4,0.0,0.0,0.0,0.0,0.0,4.23,4.23,1.241309e-06,True,0.0120485504901961
28,28,5,0.6823529411764705,0.6944014916666666,0.0120485504901961,0.6823529411764705,0.429156120005181,3.475,3.594,7.702331e-05,True,0.0120485504901961
28,28,6,0.0,0.0,0.0,0.0,0.0,4.329,4.329,9.728927e-07,True,0.0120485504901961
28,28,7,0.0,0.0,0.0,0.0,0.0,3.995,3.995,8.606088e-07,True,0.0120485504901961
28,28,8,0.0,0.0,0.0,0.0,0.0,4.294,4.294,7.174891e-07,True,0.0120485504901961
29,29,1,0.0,0.0,0.0,0.0,0.0,4.318,4.318,2.329349e-07,True,0.004941472990196
29,29,2,0.0,0.0,0.0,0.0,0.0,4.261,4.261,8.924827e-07,True,0.004941472990196
29,29,3,0.0,0.0,0.0,0.0,0.0,4.164,4.164,1.027643e-06,True,0.004941472990196
29,29,4,0.6823529411764705,0.6872944141666666,0.004941472990196,0.6823529411764705,0.2664650059210171,3.639,3.877,7.684222e-05,True,0.004941472990196
29,29,5,0.0,0.0,0.0,0.0,0.0,3.977,3.977,1.353863e-06,True,0.004941472990196
29,29,6,0.0,0.0,0.0,0.0,0.0,4.329,4.329,5.734008e-07,True,0.004941472990196
29,29,7,0.0,0.0,0.0,0.0,0.0,3.995,3.995,7.251197e-07,True,0.004941472990196
29,29,8,0.0,0.0,0.0,0.0,0.0,4.294,4.294,8.276656e-07,True,0.004941472990196
30,30,1,0.0,0.0,0.0,0.0,0.0,4.318,4.318,3.1212e-07,True,0.0085824049019607
30,30,2,0.0,0.0,0.0,0.0,0.0,4.261,4.261,6.84676e-07,True,0.0085824049019607
30,30,3,0.0,0.0,0.0,0.0,0.0,4.164,4.164,1.516179e-06,True,0.0085824049019607
30,30,4,0.0,0.0,0.0,0.0,0.0,4.23,4.23,1.24935e-06,True,0.0085824049019607
30,30,5,0.6901960784313725,0.6987784833333333,0.0085824049019607,0.6901960784313725,0.432994406447472,3.471,3.592,7.754793e-05,True,0.0085824049019607
30,30,6,0.0,0.0,0.0,0.0,0.0,4.329,4.329,9.619474e-07,True,0.0085824049019607
30,30,7,0.0,0.0,0.0,0.0,0.0,3.995,3.995,8.628948e-07,True,0.0085824049019607
30,30,8,0.0,0.0,0.0,0.0,0.0,4.294,4.294,7.183208e-07,True,0.0085824049019607
31,31,1,0.0,0.0,0.0,0.0,0.0,4.318,4.318,2.34799e-07,True,0.0028761965686274
31,31,2,0.0,0.0,0.0,0.0,0.0,4.261,4.261,8.922013e-07,True,0.0028761965686274
31,31,3,0.0,0.0,0.0,0.0,0.0,4.164,4.164,1.047246e-06,True,0.0028761965686274
31,31,4,0.6901960784313725,0.693072275,0.0028761965686274,0.6901960784313725,0.2704652268413174,3.634,3.875,7.750162e-05,True,0.0028761965686274
31,31,5,0.0,0.0,0.0,0.0,0.0,3.977,3.977,1.366777e-06,True,0.0028761965686274
31,31,6,0.0,0.0,0.0,0.0,0.0,4.329,4.329,5.748745e-07,True,0.0028761965686274
31,31,7,0.0,0.0,0.0,0.0,0.0,3.995,3.995,7.234927e-07,True,0.0028761965686274
31,31,8,0.0,0.0,0.0,0.0,0.0,4.294,4.294,8.276625e-07,True,0.0028761965686274
32,32,1,0.0,0.0,0.0,0.0,0.0,4.318,4.318,3.16422e-07,True,0.0143704135784313
32,32,2,0.0,0.0,0.0,0.0,0.0,4.261,4.261,6.897378e-07,True,0.0143704135784313
32,32,3,0.0,0.0,0.0,0.0,0.0,4.164,4.164,1.526478e-06,True,0.0143704135784313
32,32,4,0.0,0.0,0.0,0.0,0.0,4.23,4.23,1.33786e-06,True,0.0143704135784313
32,32,5,0.7411764705882352,0.7555468841666666,0.0143704135784313,0.7411764705882352,0.4676132419881348,3.448,3.575,8.422675e-05,True,0.0143704135784313
32,32,6,0.0,0.0,0.0,0.0,0.0,4.329,4.329,9.793353e-07,True,0.0143704135784313
32,32,7,0.0,0.0,0.0,0.0,0.0,3.995,3.995,8.715168e-07,True,0.0143704135784313
32,32,8,0.0,0.0,0.0,0.0,0.0,4.294,4.294,7.175262e-07,True,0.0143704135784313
33,33,1,0.0,0.0,0.0,0.0,0.0,4.318,4.318,2.351869e-07,True,0.0046658444117647
33,33,2,0.0,0.0,0.0,0.0,0.0,4.261,4.261,8.985297e-07,True,0.0046658444117647
33,33,3,0.0,0.0,0.0,0.0,0.0,4.164,4.164,1.185735e-06,True,0.0046658444117647
33,33,4,0.7411764705882352,0.745842315,0.0046658444117647,0.7411764705882352,0.2949199018743626,3.606,3.86,8.360074e-05,True,0.0046658444117647
33,33,5,0.0,0.0,0.0,0.0,0.0,3.977,3.977,1.447583e-06,True,0.0046658444117647
33,33,6,0.0,0.0,0.0,0.0,0.0,4.329,4.329,5.770865e-07,True,0.0046658444117647
33,33,7,0.0,0.0,0.0,0.0,0.0,3.995,3.995,7.245438e-07,True,0.0046658444117647
33,33,8,0.0,0.0,0.0,0.0,0.0,4.294,4.294,8.316729e-07,True,0.0046658444117647
34,34,1,0.0,0.0,0.0,0.0,0.0,4.318,4.318,3.348009e-07,True,0.0124226606372549
34,34,2,0.0,0.0,0.0,0.0,0.0,4.261,4.261,6.868125e-07,True,0.0124226606372549
34,34,3,0.0,0.0,0.0,0.0,0.0,4.164,4.164,1.563123e-06,True,0.0124226606372549
34,34,4,0.0,0.0,0.0,0.0,0.0,4.23,4.23,1.737875e-06,True,0.0124226606372549
34,34,5,0.980392156862745,0.9928148175,0.0124226606372549,0.980392156862745,0.617699589524397,3.337,3.504,0.0001121786,True,0.0124226606372549
34,34,6,0.0,0.0,0.0,0.0,0.0,4.329,4.329,1.009984e-06,True,0.0124226606372549
34,34,7,0.0,0.0,0.0,0.0,0.0,3.995,3.995,9.083553e-07,True,0.0124226606372549
34,34,8,0.0,0.0,0.0,0.0,0.0,4.294,4.294,7.182274e-07,True,0.0124226606372549
35,35,1,0.0,0.0,0.0,0.0,0.0,4.318,4.318,2.358432e-07,True,0.0027062948039217
35,35,2,0.0,0.0,0.0,0.0,0.0,4.261,4.261,9.422197e-07,True,0.0027062948039217
35,35,3,0.0,0.0,0.0,0.0,0.0,4.164,4.164,1.883676e-06,True,0.0027062948039217
35,35,4,0.980392156862745,0.9830984516666668,0.0027062948039217,0.980392156862745,0.3977886786998221,3.463,3.797,0.0001109498,True,0.0027062948039217
35,35,5,0.0,0.0,0.0,0.0,0.0,3.977,3.977,1.788719e-06,True,0.0027062948039217
35,35,6,0.0,0.0,0.0,0.0,0.0,4.329,4.329,5.937612e-07,True,0.0027062948039217
35,35,7,0.0,0.0,0.0,0.0,0.0,3.995,3.995,7.249355e-07,True,0.0027062948039217
35,35,8,0.0,0.0,0.0,0.0,0.0,4.294,4.294,8.528596e-07,True,0.0027062948039217
36,36,1,0.0,0.0,0.0,0.0,0.0,4.318,4.318,3.163171e-07,True,0.0127685726960784
36,36,2,0.0,0.0,0.0,0.0,0.0,4.261,4.261,6.899999e-07,True,0.0127685726960784
36,36,3,0.0,0.0,0.0,0.0,0.0,4.164,4.164,1.52559e-06,True,0.0127685726960784
36,36,4,0.0,0.0,0.0,0.0,0.0,4.23,4.23,1.356599e-06,True,0.0127685726960784
36,36,5,0.7529411764705882,0.7657097491666667,0.0127685726960784,0.7529411764705882,0.4754644419844722,3.442,3.572,8.541639e-05,True,0.0127685726960784
36,36,6,0.0,0.0,0.0,0.0,0.0,4.329,4.329,9.888395e-07,True,0.0127685726960784
36,36,7,0.0,0.0,0.0,0.0,0.0,3.995,3.995,8.744667e-07,True,0.0127685726960784
36,36,8,0.0,0.0,0.0,0.0,0.0,4.294,4.294,7.169677e-07,True,0.0127685726960784
37,37,1,0.0,0.0,0.0,0.0,0.0,4.318,4.318,2.372223e-07,True,0.0053565276960785
37,37,2,0.0,0.0,0.0,0.0,0.0,4.261,4.261,8.971963e-07,True,0.0053565276960785
37,37,3,0.0,0.0,0.0,0.0,0.0,4.164,4.164,1.219197e-06,True,0.0053565276960785
37,37,4,0.7529411764705882,0.7582977041666668,0.0053565276960785,0.7529411764705882,0.2997685959983028,3.6,3.857,8.505004e-05,True,0.0053565276960785
37,37,5,0.0,0.0,0.0,0.0,0.0,3.977,3.977,1.453853e-06,True,0.0053565276960785
37,37,6,0.0,0.0,0.0,0.0,0.0,4.329,4.329,5.781826e-07,True,0.0053565276960785
37,37,7,0.0,0.0,0.0,0.0,0.0,3.995,3.995,7.230211e-07,True,0.0053565276960785
37,37,8,0.0,0.0,0.0,0.0,0.0,4.294,4.294,8.370122e-07,True,0.0053565276960785
38,38,1,0.0,0.0,0.0,0.0,0.0,4.318,4.318,3.035524e-07,True,0.0071460692156862
38,38,2,0.0,0.0,0.0,0.0,0.0,4.261,4.261,6.809239e-07,True,0.0071460692156862
38,38,3,0.0,0.0,0.0,0.0,0.0,4.164,4.164,1.48905e-06,True,0.0071460692156862
38,38,4,0.0,0.0,0.0,0.0,0.0,4.23,4.23,9.584583e-07,True,0.0071460692156862
38,38,5,0.5215686274509804,0.5287146966666667,0.0071460692156862,0.5215686274509804,0.3232478642143291,3.55,3.649,5.754245e-05,True,0.0071460692156862
38,38,6,0.0,0.0,0.0,0.0,0.0,4.329,4.329,9.211224e-07,True,0.0071460692156862
38,38,7,0.0,0.0,0.0,0.0,0.0,3.995,3.995,8.337856e-07,True,0.0071460692156862
38,38,8,0.0,0.0,0.0,0.0,0.0,4.294,4.294,7.16421e-07,True,0.0071460692156862
39,39,1,0.0,0.0,0.0,0.0,0.0,4.318,4.318,3.337046e-07,True,0.0013083573529413
39,39,2,0.0,0.0,0.0,0.0,0.0,4.261,4.261,6.565473e-07,True,0.0013083573529413
39,39,3,0.968627450980392,0.9699358083333334,0.0013083573529413,0.968627450980392,0.3690932051225649,3.453,3.734,0.000103648,True,0.0013083573529413
39,39,4,0.0,0.0,0.0,0.0,0.0,4.23,4.23,9.215193e-06,True,0.0013083573529413
39,39,5,0.0,0.0,0.0,0.0,0.0,3.977,3.977,4.385346e-07,True,0.0013083573529413
39,39,6,0.0,0.0,0.0,0.0,0.0,4.329,4.329,5.560365e-07,True,0.0013083573529413
39,39,7,0.0,0.0,0.0,0.0,0.0,3.995,3.995,8.291217e-07,True,0.0013083573529413
39,39,8,0.0,0.0,0.0,0.0,0.0,4.294,4.294,7.151593e-07,True,0.0013083573529413
40,40,1,0.0,0.0,0.0,0.0,0.0,4.318,4.318,2.355265e-07,True,0.0013014025490195
40,40,2,0.0,0.0,0.0,0.0,0.0,4.261,4.261,8.575904e-07,True,0.0013014025490195
40,40,3,0.0,0.0,0.0,0.0,0.0,4.164,4.164,6.567105e-07,True,0.0013014025490195
40,40,4,0.5215686274509804,0.52287003,0.0013014025490195,0.5215686274509804,0.1952048644196017,3.728,3.926,5.779737e-05,True,0.0013014025490195
40,40,5,0.0,0.0,0.0,0.0,0.0,3.977,3.977,1.100644e-06,True,0.0013014025490195
40,40,6,0.0,0.0,0.0,0.0,0.0,4.329,4.329,5.625447e-07,True,0.0013014025490195
40,40,7,0.0,0.0,0.0,0.0,0.0,3.995,3.995,7.225331e-07,True,0.0013014025490195
40,40,8,0.0,0.0,0.0,0.0,0.0,4.294,4.294,8.114844e-07,True,0.0013014025490195
41,41,1,0.0,0.0,0.0,0.0,0.0,4.318,4.318,2.911739e-07,True,0.0112207720098039
41,41,2,0.0,0.0,0.0,0.0,0.0,4.261,4.261,6.790575e-07,True,0.0112207720098039
41,41,3,0.0,0.0,0.0,0.0,0.0,4.164,4.164,1.464516e-06,True,0.0112207720098039
41,41,4,0.0,0.0,0.0,0.0,0.0,4.23,4.23,7.308291e-07,True,0.0112207720098039
41,41,5,0.3843137254901961,0.3955344975,0.0112207720098039,0.3843137254901961,0.2285321223504439,3.617,3.699,4.189361e-05,True,0.0112207720098039
41,41,6,0.0,0.0,0.0,0.0,0.0,4.329,4.329,8.757492e-07,True,0.0112207720098039
41,41,7,0.0,0.0,0.0,0.0,0.0,3.995,3.995,8.127657e-07,True,0.0112207720098039
41,41,8,0.0,0.0,0.0,0.0,0.0,4.294,4.294,7.164383e-07,True,0.0112207720098039
42,42,1,0.0,0.0,0.0,0.0,0.0,4.318,4.318,6.212746e-06,True,0.0162958773529413
42,42,2,0.968627450980392,0.9849233283333334,0.0162958773529413,0.968627450980392,0.3656811427442217,3.595,3.837,0.0001073718,True,0.0162958773529413
42,42,3,0.0,0.0,0.0,0.0,0.0,4.164,4.164,2.16489e-06,True,0.0162958773529413
42,42,4,0.0,0.0,0.0,0.0,0.0,4.23,4.23,1.376872e-07,True,0.0162958773529413
42,42,5,0.0,0.0,0.0,0.0,0.0,3.977,3.977,1.195723e-07,True,0.0162958773529413
42,42,6,0.0,0.0,0.0,0.0,0.0,4.329,4.329,6.456111e-07,True,0.0162958773529413
42,42,7,0.0,0.0,0.0,0.0,0.0,3.995,3.995,7.093757e-07,True,0.0162958773529413
42,42,8,0.0,0.0,0.0,0.0,0.0,4.294,4.294,8.291171e-07,True,0.0162958773529413
43,43,1,0.0,0.0,0.0,0.0,0.0,4.318,4.318,3.336681e-07,True,0.018721641372549
43,43,2,0.0,0.0,0.0,0.0,0.0,4.261,4.261,6.486544e-07,True,0.018721641372549
43,43,3,0.9372549019607842,0.9559765433333332,0.018721641372549,0.9372549019607842,0.3623705586590562,3.468,3.737,0.0001021161,True,0.018721641372549
43,43,4,0.0,0.0,0.0,0.0,0.0,4.23,4.23,9.08214e-06,True,0.018721641372549
43,43,5,0.0,0.0,0.0,0.0,0.0,3.977,3.977,4.349972e-07,True,0.018721641372549
43,43,6,0.0,0.0,0.0,0.0,0.0,4.329,4.329,5.55114e-07,True,0.018721641372549
43,43,7,0.0,0.0,0.0,0.0,0.0,3.995,3.995,8.267388e-07,True,0.018721641372549
43,43,8,0.0,0.0,0.0,0.0,0.0,4.294,4.294,7.197727e-07,True,0.018721641372549
44,44,1,0.0,0.0,0.0,0.0,0.0,4.318,4.318,2.357169e-07,True,0.0189156886764705
44,44,2,0.0,0.0,0.0,0.0,0.0,4.261,4.261,8.283473e-07,True,0.0189156886764705
44,44,3,0.0,0.0,0.0,0.0,0.0,4.164,4.164,4.366415e-07,True,0.0189156886764705
44,44,4,0.3843137254901961,0.4032294141666666,0.0189156886764705,0.3843137254901961,0.142839054831495,3.805,3.966,4.389703e-05,True,0.0189156886764705
44,44,5,0.0,0.0,0.0,0.0,0.0,3.977,3.977,9.127428e-07,True,0.0189156886764705
44,44,6,0.0,0.0,0.0,0.0,0.0,4.329,4.329,5.568837e-07,True,0.0189156886764705
44,44,7,0.0,0.0,0.0,0.0,0.0,3.995,3.995,7.187178e-07,True,0.0189156886764705
44,44,8,0.0,0.0,0.0,0.0,0.0,4.294,4.294,8.014497e-07,True,0.0189156886764705
45,45,1,0.0,0.0,0.0,0.0,0.0,4.318,4.318,2.898685e-07,True,0.0156828397058824
45,45,2,0.0,0.0,0.0,0.0,0.0,4.261,4.261,6.755204e-07,True,0.0156828397058824
45,45,3,0.0,0.0,0.0,0.0,0.0,4.164,4.164,1.448475e-06,True,0.0156828397058824
45,45,4,0.0,0.0,0.0,0.0,0.0,4.23,4.23,6.657864e-07,True,0.0156828397058824
45,45,5,0.3372549019607843,0.3529377416666667,0.0156828397058824,0.3372549019607843,0.2040867015420771,3.641,3.716,3.688527e-05,True,0.0156828397058824
45,45,6,0.0,0.0,0.0,0.0,0.0,4.329,4.329,8.676579e-07,True,0.0156828397058824
45,45,7,0.0,0.0,0.0,0.0,0.0,3.995,3.995,8.010337e-07,True,0.0156828397058824
45,45,8,0.0,0.0,0.0,0.0,0.0,4.294,4.294,7.189171e-07,True,0.0156828397058824
46,46,1,0.0,0.0,0.0,0.0,0.0,4.318,4.318,5.974541e-06,True,0.0120195455392159
46,46,2,0.9372549019607842,0.9492744475,0.0120195455392159,0.9372549019607842,0.3472579881703276,3.608,3.846,0.0001033752,True,0.0120195455392159
46,46,3,0.0,0.0,0.0,0.0,0.0,4.164,4.164,2.131259e-06,True,0.0120195455392159
46,46,4,0.0,0.0,0.0,0.0,0.0,4.23,4.23,1.377045e-07,True,0.0120195455392159
46,46,5,0.0,0.0,0.0,0.0,0.0,3.977,3.977,1.188118e-07,True,0.0120195455392159
46,46,6,0.0,0.0,0.0,0.0,0.0,4.329,4.329,6.437066e-07,True,0.0120195455392159
46,46,7,0.0,0.0,0.0,0.0,0.0,3.995,3.995,7.064949e-07,True,0.0120195455392159
46,46,8,0.0,0.0,0.0,0.0,0.0,4.294,4.294,8.252159e-07,True,0.0120195455392159
47,47,1,0.0,0.0,0.0,0.0,0.0,4.318,4.318,2.337386e-07,True,0.0030594063725491
47,47,2,0.0,0.0,0.0,0.0,0.0,4.261,4.261,8.145899e-07,True,0.0030594063725491
47,47,3,0.0,0.0,0.0,0.0,0.0,4.164,4.164,3.528895e-07,True,0.0030594063725491
47,47,4,0.3372549019607843,0.3403143083333334,0.0030594063725491,0.3372549019607843,0.1137780192524938,3.834,3.989,3.657229e-05,True,0.0030594063725491
47,47,5,0.0,0.0,0.0,0.0,0.0,3.977,3.977,8.041515e-07,True,0.0030594063725491
47,47,6,0.0,0.0,0.0,0.0,0.0,4.329,4.329,5.549214e-07,True,0.0030594063725491
47,47,7,0.0,0.0,0.0,0.0,0.0,3.995,3.995,7.158853e-07,True,0.0030594063725491
47,47,8,0.0,0.0,0.0,0.0,0.0,4.294,4.294,7.892508e-07,True,0.0030594063725491
48,48,1,0.0,0.0,0.0,0.0,0.0,4.318,4.318,2.841585e-07,True,0.0151006283823528
48,48,2,0.0,0.0,0.0,0.0,0.0,4.261,4.261,6.741067e-07,True,0.0151006283823528
48,48,3,0.0,0.0,0.0,0.0,0.0,4.164,4.164,1.437019e-06,True,0.0151006283823528
48,48,4,0.0,0.0,0.0,0.0,0.0,4.23,4.23,6.368146e-07,True,0.0151006283823528
48,48,5,0.3215686274509804,0.3366692558333333,0.0151006283823528,0.3215686274509804,0.1944404775433517,3.65,3.723,3.501445e-05,True,0.0151006283823528
48,48,6,0.0,0.0,0.0,0.0,0.0,4.329,4.329,8.467022e-07,True,0.0151006283823528
48,48,7,0.0,0.0,0.0,0.0,0.0,3.995,3.995,7.970098e-07,True,0.0151006283823528
48,48,8,0.0,0.0,0.0,0.0,0.0,4.294,4.294,7.100499e-07,True,0.0151006283823528
49,49,1,0.0,0.0,0.0,0.0,0.0,4.318,4.318,3.288547e-07,True,0.0163748162745096
49,49,2,0.0,0.0,0.0,0.0,0.0,4.261,4.261,6.473579e-07,True,0.0163748162745096
49,49,3,0.9607843137254904,0.97715913,0.0163748162745096,0.9607843137254904,0.3730291545027702,3.457,3.732,0.0001045126,True,0.0163748162745096
49,49,4,0.0,0.0,0.0,0.0,0.0,4.23,4.23,9.25424e-06,True,0.0163748162745096
49,49,5,0.0,0.0,0.0,0.0,0.0,3.977,3.977,4.385473e-07,True,0.0163748162745096
49,49,6,0.0,0.0,0.0,0.0,0.0,4.329,4.329,5.493147e-07,True,0.0163748162745096
49,49,7,0.0,0.0,0.0,0.0,0.0,3.995,3.995,8.209216e-07,True,0.0163748162745096
49,49,8,0.0,0.0,0.0,0.0,0.0,4.294,4.294,7.072594e-07,True,0.0163748162745096
50,50,1,0.0,0.0,0.0,0.0,0.0,4.318,4.318,2.31492e-07,True,0.0114305325490196
50,50,2,0.0,0.0,0.0,0.0,0.0,4.261,4.261,8.063118e-07,True,0.0114305325490196
50,50,3,0.0,0.0,0.0,0.0,0.0,4.164,4.164,3.459948e-07,True,0.0114305325490196
50,50,4,0.3215686274509804,0.33299916,0.0114305325490196,0.3215686274509804,0.1098303362042095,3.843,3.992,3.573547e-05,True,0.0114305325490196
50,50,5,0.0,0.0,0.0,0.0,0.0,3.977,3.977,7.924521e-07,True,0.0114305325490196
50,50,6,0.0,0.0,0.0,0.0,0.0,4.329,4.329,5.489005e-07,True,0.0114305325490196
50,50,7,0.0,0.0,0.0,0.0,0.0,3.995,3.995,7.146801e-07,True,0.0114305325490196
50,50,8,0.0,0.0,0.0,0.0,0.0,4.294,4.294,7.845979e-07,True,0.0114305325490196
51,51,1,0.0,0.0,0.0,0.0,0.0,4.318,4.318,2.910741e-07,True,0.0087296778431372
51,51,2,0.0,0.0,0.0,0.0,0.0,4.261,4.261,6.722434e-07,True,0.0087296778431372
51,51,3,0.0,0.0,0.0,0.0,0.0,4.164,4.164,1.457638e-06,True,0.0087296778431372
51,51,4,0.0,0.0,0.0,0.0,0.0,4.23,4.23,8.353297e-07,True,0.0087296778431372
51,51,5,0.4509803921568627,0.4597100699999999,0.0087296778431372,0.4509803921568627,0.2759661357464959,3.583,3.674,4.949209e-05,True,0.0087296778431372
51,51,6,0.0,0.0,0.0,0.0,0.0,4.329,4.329,8.890898e-07,True,0.0087296778431372
51,51,7,0.0,0.0,0.0,0.0,0.0,3.995,3.995,8.163472e-07,True,0.0087296778431372
51,51,8,0.0,0.0,0.0,0.0,0.0,4.294,4.294,7.113962e-07,True,0.0087296778431372
52,52,1,0.0,0.0,0.0,0.0,0.0,4.318,4.318,6.169764e-06,True,0.0150058912745095
52,52,2,0.9607843137254904,0.975790205,0.0150058912745095,0.9607843137254904,0.3620259077557849,3.598,3.839,0.0001063435,True,0.0150058912745095
52,52,3,0.0,0.0,0.0,0.0,0.0,4.164,4.164,2.16328e-06,True,0.0150058912745095
52,52,4,0.0,0.0,0.0,0.0,0.0,4.23,4.23,1.342856e-07,True,0.0150058912745095
52,52,5,0.0,0.0,0.0,0.0,0.0,3.977,3.977,1.152482e-07,True,0.0150058912745095
52,52,6,0.0,0.0,0.0,0.0,0.0,4.329,4.329,6.409948e-07,True,0.0150058912745095
52,52,7,0.0,0.0,0.0,0.0,0.0,3.995,3.995,7.050123e-07,True,0.0150058912745095
52,52,8,0.0,0.0,0.0,0.0,0.0,4.294,4.294,8.227397e-07,True,0.0150058912745095
53,53,1,0.0,0.0,0.0,0.0,0.0,4.318,4.318,2.334369e-07,True,0.0125382320098039
53,53,2,0.0,0.0,0.0,0.0,0.0,4.261,4.261,8.366473e-07,True,0.0125382320098039
53,53,3,0.0,0.0,0.0,0.0,0.0,4.164,4.164,5.446206e-07,True,0.0125382320098039
53,53,4,0.4509803921568627,0.4635186241666666,0.0125382320098039,0.4509803921568627,0.171291737575245,3.767,3.945,5.09307e-05,True,0.0125382320098039
53,53,5,0.0,0.0,0.0,0.0,0.0,3.977,3.977,1.005445e-06,True,0.0125382320098039
53,53,6,0.0,0.0,0.0,0.0,0.0,4.329,4.329,5.5446e-07,True,0.0125382320098039
53,53,7,0.0,0.0,0.0,0.0,0.0,3.995,3.995,7.1697e-07,True,0.0125382320098039
53,53,8,0.0,0.0,0.0,0.0,0.0,4.294,4.294,7.999551e-07,True,0.0125382320098039
54,54,1,0.0,0.0,0.0,0.0,0.0,4.318,4.318,3.168571e-07,True,0.0143993832843138
54,54,2,0.0,0.0,0.0,0.0,0.0,4.261,4.261,6.80161e-07,True,0.0143993832843138
54,54,3,0.0,0.0,0.0,0.0,0.0,4.164,4.164,1.521503e-06,True,0.0143993832843138
54,54,4,0.0,0.0,0.0,0.0,0.0,4.23,4.23,1.455516e-06,True,0.0143993832843138
54,54,5,0.8117647058823529,0.8261640891666668,0.0143993832843138,0.8117647058823529,0.5135748856777907,3.416,3.553,9.259347e-05,True,0.0143993832843138
54,54,6,0.0,0.0,0.0,0.0,0.0,4.329,4.329,9.897039e-07,True,0.0143993832843138
54,54,7,0.0,0.0,0.0,0.0,0.0,3.995,3.995,8.749798e-07,True,0.0143993832843138
54,54,8,0.0,0.0,0.0,0.0,0.0,4.294,4.294,7.074999e-07,True,0.0143993832843138
55,55,1,0.0,0.0,0.0,0.0,0.0,4.318,4.318,2.304138e-07,True,0.0019541549509803
55,55,2,0.0,0.0,0.0,0.0,0.0,4.261,4.261,9.024995e-07,True,0.0019541549509803
55,55,3,0.0,0.0,0.0,0.0,0.0,4.164,4.164,1.393475e-06,True,0.0019541549509803
55,55,4,0.8117647058823529,0.8137188608333333,0.0019541549509803,0.8117647058823529,0.325530504638315,3.565,3.841,9.146254e-05,True,0.0019541549509803
55,55,5,0.0,0.0,0.0,0.0,0.0,3.977,3.977,1.539966e-06,True,0.0019541549509803
55,55,6,0.0,0.0,0.0,0.0,0.0,4.329,4.329,5.71342e-07,True,0.0019541549509803
55,55,7,0.0,0.0,0.0,0.0,0.0,3.995,3.995,7.188615e-07,True,0.0019541549509803
55,55,8,0.0,0.0,0.0,0.0,0.0,4.294,4.294,8.271655e-07,True,0.0019541549509803
56,56,1,0.0,0.0,0.0,0.0,0.0,4.318,4.318,3.139179e-07,True,0.0127128421568627
56,56,2,0.0,0.0,0.0,0.0,0.0,4.261,4.261,6.795999e-07,True,0.0127128421568627
56,56,3,0.0,0.0,0.0,0.0,0.0,4.164,4.164,1.512056e-06,True,0.0127128421568627
56,56,4,0.0,0.0,0.0,0.0,0.0,4.23,4.23,1.348077e-06,True,0.0127128421568627
56,56,5,0.7490196078431371,0.7617324499999999,0.0127128421568627,0.7490196078431371,0.4734279886624568,3.444,3.573,8.500959e-05,True,0.0127128421568627
56,56,6,0.0,0.0,0.0,0.0,0.0,4.329,4.329,9.702732e-07,True,0.0127128421568627
56,56,7,0.0,0.0,0.0,0.0,0.0,3.995,3.995,8.675125e-07,True,0.0127128421568627
56,56,8,0.0,0.0,0.0,0.0,0.0,4.294,4.294,7.068675e-07,True,0.0127128421568627
57,57,1,0.0,0.0,0.0,0.0,0.0,4.318,4.318,2.325024e-07,True,0.0069885570098038
57,57,2,0.0,0.0,0.0,0.0,0.0,4.261,4.261,8.918558e-07,True,0.0069885570098038
57,57,3,0.0,0.0,0.0,0.0,0.0,4.164,4.164,1.192316e-06,True,0.0069885570098038
57,57,4,0.7490196078431371,0.7420310508333333,-0.0069885570098038,0.7490196078431371,0.2923185632686214,3.602,3.861,8.317814e-05,True,0.0069885570098038
57,57,5,0.0,0.0,0.0,0.0,0.0,3.977,3.977,1.433823e-06,True,0.0069885570098038
57,57,6,0.0,0.0,0.0,0.0,0.0,4.329,4.329,5.697416e-07,True,0.0069885570098038
57,57,7,0.0,0.0,0.0,0.0,0.0,3.995,3.995,7.21381e-07,True,0.0069885570098038
57,57,8,0.0,0.0,0.0,0.0,0.0,4.294,4.294,8.239663e-07,True,0.0069885570098038
58,58,1,0.0,0.0,0.0,0.0,0.0,4.318,4.318,3.249235e-07,True,0.0114695290686274
58,58,2,0.0,0.0,0.0,0.0,0.0,4.261,4.261,6.835622e-07,True,0.0114695290686274
58,58,3,0.0,0.0,0.0,0.0,0.0,4.164,4.164,1.53573e-06,True,0.0114695290686274
58,58,4,0.0,0.0,0.0,0.0,0.0,4.23,4.23,1.58138e-06,True,0.0114695290686274
58,58,5,0.8901960784313725,0.9016656075,0.0114695290686274,0.8901960784313725,0.5614616782015449,3.379,3.531,0.0001014816,True,0.0114695290686274
58,58,6,0.0,0.0,0.0,0.0,0.0,4.329,4.329,9.91904e-07,True,0.0114695290686274
58,58,7,0.0,0.0,0.0,0.0,0.0,3.995,3.995,8.920431e-07,True,0.0114695290686274
58,58,8,0.0,0.0,0.0,0.0,0.0,4.294,4.294,7.087301e-07,True,0.0114695290686274
59,59,1,0.0,0.0,0.0,0.0,0.0,4.318,4.318,2.34157e-07,True,0.0025050824019607
59,59,2,0.0,0.0,0.0,0.0,0.0,4.261,4.261,9.18035e-07,True,0.0025050824019607
59,59,3,0.0,0.0,0.0,0.0,0.0,4.164,4.164,1.613094e-06,True,0.0025050824019607
59,59,4,0.8901960784313725,0.8927011608333333,0.0025050824019607,0.8901960784313725,0.3588436852436091,3.52,3.821,0.0001005684,True,0.0025050824019607
59,59,5,0.0,0.0,0.0,0.0,0.0,3.977,3.977,1.647202e-06,True,0.0025050824019607
59,59,6,0.0,0.0,0.0,0.0,0.0,4.329,4.329,5.836505e-07,True,0.0025050824019607
59,59,7,0.0,0.0,0.0,0.0,0.0,3.995,3.995,7.20889e-07,True,0.0025050824019607
59,59,8,0.0,0.0,0.0,0.0,0.0,4.294,4.294,8.387118e-07,True,0.0025050824019607
60,60,1,0.0,0.0,0.0,0.0,0.0,4.318,4.318,3.117414e-07,True,0.0129549753921568
60,60,2,0.0,0.0,0.0,0.0,0.0,4.261,4.261,6.882108e-07,True,0.0129549753921568
60,60,3,0.0,0.0,0.0,0.0,0.0,4.164,4.164,1.513063e-06,True,0.0129549753921568
60,60,4,0.0,0.0,0.0,0.0,0.0,4.23,4.23,1.281225e-06,True,0.0129549753921568
60,60,5,0.7058823529411764,0.7188373283333332,0.0129549753921568,0.7058823529411764,0.4445869083594447,3.464,3.586,7.990966e-05,True,0.0129549753921568
60,60,6,0.0,0.0,0.0,0.0,0.0,4.329,4.329,9.736077e-07,True,0.0129549753921568
60,60,7,0.0,0.0,0.0,0.0,0.0,3.995,3.995,8.6516e-07,True,0.0129549753921568
60,60,8,0.0,0.0,0.0,0.0,0.0,4.294,4.294,7.178115e-07,True,0.0129549753921568
61,61,1,0.0,0.0,0.0,0.0,0.0,4.318,4.318,2.359952e-07,True,0.0045821628921569
61,61,2,0.0,0.0,0.0,0.0,0.0,4.261,4.261,8.878524e-07,True,0.0045821628921569
61,61,3,0.0,0.0,0.0,0.0,0.0,4.164,4.164,1.09714e-06,True,0.0045821628921569
61,61,4,0.7058823529411764,0.7104645158333334,0.0045821628921569,0.7058823529411764,0.2776472051794177,3.626,3.87,7.951877e-05,True,0.0045821628921569
61,61,5,0.0,0.0,0.0,0.0,0.0,3.977,3.977,1.389017e-06,True,0.0045821628921569
61,61,6,0.0,0.0,0.0,0.0,0.0,4.329,4.329,5.722364e-07,True,0.0045821628921569
61,61,7,0.0,0.0,0.0,0.0,0.0,3.995,3.995,7.251359e-07,True,0.0045821628921569
61,61,8,0.0,0.0,0.0,0.0,0.0,4.294,4.294,8.29595e-07,True,0.0045821628921569
62,62,1,0.0,0.0,0.0,0.0,0.0,4.318,4.318,3.280688e-07,True,0.0191269416666666
62,62,2,0.0,0.0,0.0,0.0,0.0,4.261,4.261,6.783264e-07,True,0.0191269416666666
62,62,3,0.0,0.0,0.0,0.0,0.0,4.164,4.164,1.551397e-06,True,0.0191269416666666
62,62,4,0.0,0.0,0.0,0.0,0.0,4.23,4.23,1.534144e-06,True,0.0191269416666666
62,62,5,0.8666666666666667,0.8857936083333333,0.0191269416666666,0.8666666666666667,0.5496300482764973,3.39,3.536,9.962578e-05,True,0.0191269416666666
62,62,6,0.0,0.0,0.0,0.0,0.0,4.329,4.329,9.723204e-07,True,0.0191269416666666
62,62,7,0.0,0.0,0.0,0.0,0.0,3.995,3.995,8.918023e-07,True,0.0191269416666666
62,62,8,0.0,0.0,0.0,0.0,0.0,4.294,4.294,7.133941e-07,True,0.0191269416666666
63,63,1,0.0,0.0,0.0,0.0,0.0,4.318,4.318,2.325737e-07,True,0.0050299724999999
63,63,2,0.0,0.0,0.0,0.0,0.0,4.261,4.261,9.219248e-07,True,0.0050299724999999
63,63,3,0.0,0.0,0.0,0.0,0.0,4.164,4.164,1.539199e-06,True,0.0050299724999999
63,63,4,0.8666666666666667,0.8716966391666666,0.0050299724999999,0.8666666666666667,0.3493473604129167,3.533,3.826,9.812506e-05,True,0.0050299724999999
63,63,5,0.0,0.0,0.0,0.0,0.0,3.977,3.977,1.637139e-06,True,0.0050299724999999
63,63,6,0.0,0.0,0.0,0.0,0.0,4.329,4.329,5.820337e-07,True,0.0050299724999999
63,63,7,0.0,0.0,0.0,0.0,0.0,3.995,3.995,7.270972e-07,True,0.0050299724999999
63,63,8,0.0,0.0,0.0,0.0,0.0,4.294,4.294,8.385693e-07,True,0.0050299724999999
64,64,1,0.0,0.0,0.0,0.0,0.0,4.318,4.318,3.136485e-07,True,0.0120632321568626
64,64,2,0.0,0.0,0.0,0.0,0.0,4.261,4.261,6.789426e-07,True,0.0120632321568626
64,64,3,0.0,0.0,0.0,0.0,0.0,4.164,4.164,1.516989e-06,True,0.0120632321568626
64,64,4,0.0,0.0,0.0,0.0,0.0,4.23,4.23,1.109968e-06,True,0.0120632321568626
64,64,5,0.615686274509804,0.6277495066666666,0.0120632321568626,0.615686274509804,0.3845682793854729,3.505,3.616,6.920908e-05,True,0.0120632321568626
64,64,6,0.0,0.0,0.0,0.0,0.0,4.329,4.329,9.310984e-07,True,0.0120632321568626
64,64,7,0.0,0.0,0.0,0.0,0.0,3.995,3.995,8.527791e-07,True,0.0120632321568626
64,64,8,0.0,0.0,0.0,0.0,0.0,4.294,4.294,7.174352e-07,True,0.0120632321568626
65,65,1,0.0,0.0,0.0,0.0,0.0,4.318,4.318,2.368539e-07,True,0.0033268328431373
65,65,2,0.0,0.0,0.0,0.0,0.0,4.261,4.261,8.71725e-07,True,0.0033268328431373
65,65,3,0.0,0.0,0.0,0.0,0.0,4.164,4.164,8.499365e-07,True,0.0033268328431373
65,65,4,0.615686274509804,0.6123594416666666,-0.0033268328431373,0.615686274509804,0.2315388659208427,3.675,3.899,6.817918e-05,True,0.0033268328431373
65,65,5,0.0,0.0,0.0,0.0,0.0,3.977,3.977,1.234754e-06,True,0.0033268328431373
65,65,6,0.0,0.0,0.0,0.0,0.0,4.329,4.329,5.66749e-07,True,0.0033268328431373
65,65,7,0.0,0.0,0.0,0.0,0.0,3.995,3.995,7.248903e-07,True,0.0033268328431373
65,65,8,0.0,0.0,0.0,0.0,0.0,4.294,4.294,8.190443e-07,True,0.0033268328431373
66,66,1,0.0,0.0,0.0,0.0,0.0,4.318,4.318,2.937636e-07,True,0.0101391722058823
66,66,2,0.0,0.0,0.0,0.0,0.0,4.261,4.261,6.766253e-07,True,0.0101391722058823
66,66,3,0.0,0.0,0.0,0.0,0.0,4.164,4.164,1.463706e-06,True,0.0101391722058823
66,66,4,0.0,0.0,0.0,0.0,0.0,4.23,4.23,7.64435e-07,True,0.0101391722058823
66,66,5,0.403921568627451,0.4140607408333334,0.0101391722058823,0.403921568627451,0.2420740675448747,3.606,3.692,4.407765e-05,True,0.0101391722058823
66,66,6,0.0,0.0,0.0,0.0,0.0,4.329,4.329,8.764491e-07,True,0.0101391722058823
66,66,7,0.0,0.0,0.0,0.0,0.0,3.995,3.995,8.167292e-07,True,0.0101391722058823
66,66,8,0.0,0.0,0.0,0.0,0.0,4.294,4.294,7.179307e-07,True,0.0101391722058823
67,67,1,0.0,0.0,0.0,0.0,0.0,4.318,4.318,2.33486e-07,True,0.017681981372549
67,67,2,0.0,0.0,0.0,0.0,0.0,4.261,4.261,8.322941e-07,True,0.017681981372549
67,67,3,0.0,0.0,0.0,0.0,0.0,4.164,4.164,4.696781e-07,True,0.017681981372549
67,67,4,0.403921568627451,0.42160355,0.017681981372549,0.403921568627451,0.1513371303947303,3.794,3.96,4.604571e-05,True,0.017681981372549
67,67,5,0.0,0.0,0.0,0.0,0.0,3.977,3.977,9.329597e-07,True,0.017681981372549
67,67,6,0.0,0.0,0.0,0.0,0.0,4.329,4.329,5.571288e-07,True,0.017681981372549
67,67,7,0.0,0.0,0.0,0.0,0.0,3.995,3.995,7.208114e-07,True,0.017681981372549
67,67,8,0.0,0.0,0.0,0.0,0.0,4.294,4.294,8.003579e-07,True,0.017681981372549
68,68,1,0.0,0.0,0.0,0.0,0.0,4.318,4.318,2.80921e-07,True,0.0132025843627451
68,68,2,0.0,0.0,0.0,0.0,0.0,4.261,4.261,6.733746e-07,True,0.0132025843627451
68,68,3,0.0,0.0,0.0,0.0,0.0,4.164,4.164,1.438269e-06,True,0.0132025843627451
68,68,4,0.0,0.0,0.0,0.0,0.0,4.23,4.23,5.701929e-07,True,0.0132025843627451
68,68,5,0.2862745098039215,0.2994770941666666,0.0132025843627451,0.2862745098039215,0.1713298435027818,3.668,3.74,3.063291e-05,True,0.0132025843627451
68,68,6,0.0,0.0,0.0,0.0,0.0,4.329,4.329,8.299158e-07,True,0.0132025843627451
68,68,7,0.0,0.0,0.0,0.0,0.0,3.995,3.995,7.950742e-07,True,0.0132025843627451
68,68,8,0.0,0.0,0.0,0.0,0.0,4.294,4.294,7.165938e-07,True,0.0132025843627451
69,69,1,0.0,0.0,0.0,0.0,0.0,4.318,4.318,3.298781e-07,True,0.0196674341666667
69,69,2,0.0,0.0,0.0,0.0,0.0,4.261,4.261,6.485452e-07,True,0.0196674341666667
69,69,3,0.9333333333333332,0.9530007675,0.0196674341666667,0.9333333333333332,0.3583150453254162,3.47,3.739,0.0001017636,True,0.0196674341666667
69,69,4,0.0,0.0,0.0,0.0,0.0,4.23,4.23,9.094616e-06,True,0.0196674341666667
69,69,5,0.0,0.0,0.0,0.0,0.0,3.977,3.977,4.304207e-07,True,0.0196674341666667
69,69,6,0.0,0.0,0.0,0.0,0.0,4.329,4.329,5.523035e-07,True,0.0196674341666667
69,69,7,0.0,0.0,0.0,0.0,0.0,3.995,3.995,8.230637e-07,True,0.0196674341666667
69,69,8,0.0,0.0,0.0,0.0,0.0,4.294,4.294,7.176649e-07,True,0.0196674341666667
70,70,1,0.0,0.0,0.0,0.0,0.0,4.318,4.318,2.333118e-07,True,0.0017023364705881
70,70,2,0.0,0.0,0.0,0.0,0.0,4.261,4.261,7.970988e-07,True,0.0017023364705881
70,70,3,0.0,0.0,0.0,0.0,0.0,4.164,4.164,2.97427e-07,True,0.0017023364705881
70,70,4,0.2862745098039215,0.2845721733333333,-0.0017023364705881,0.2862745098039215,0.0892135362687192,3.865,4.012,3.006243e-05,True,0.0017023364705881
70,70,5,0.0,0.0,0.0,0.0,0.0,3.977,3.977,7.022304e-07,True,0.0017023364705881
70,70,6,0.0,0.0,0.0,0.0,0.0,4.329,4.329,5.524471e-07,True,0.0017023364705881
70,70,7,0.0,0.0,0.0,0.0,0.0,3.995,3.995,7.169123e-07,True,0.0017023364705881
70,70,8,0.0,0.0,0.0,0.0,0.0,4.294,4.294,7.868034e-07,True,0.0017023364705881
71,71,1,0.0,0.0,0.0,0.0,0.0,4.318,4.318,2.771717e-07,True,0.0119624045588235
71,71,2,0.0,0.0,0.0,0.0,0.0,4.261,4.261,6.725562e-07,True,0.0119624045588235
71,71,3,0.0,0.0,0.0,0.0,0.0,4.164,4.164,1.422525e-06,True,0.0119624045588235
71,71,4,0.0,0.0,0.0,0.0,0.0,4.23,4.23,4.900148e-07,True,0.0119624045588235
71,71,5,0.2392156862745098,0.2511780908333333,0.0119624045588235,0.2392156862745098,0.1399321547993137,3.693,3.763,2.497477e-05,True,0.0119624045588235
71,71,6,0.0,0.0,0.0,0.0,0.0,4.329,4.329,8.032504e-07,True,0.0119624045588235
71,71,7,0.0,0.0,0.0,0.0,0.0,3.995,3.995,7.834874e-07,True,0.0119624045588235
71,71,8,0.0,0.0,0.0,0.0,0.0,4.294,4.294,7.175954e-07,True,0.0119624045588235
72,72,1,0.0,0.0,0.0,0.0,0.0,4.318,4.318,6.011509e-06,True,0.0126548791666667
72,72,2,0.9333333333333332,0.9459882125,0.0126548791666667,0.9333333333333332,0.3414258748039996,3.609,3.848,0.0001029504,True,0.0126548791666667
72,72,3,0.0,0.0,0.0,0.0,0.0,4.164,4.164,2.143197e-06,True,0.0126548791666667
72,72,4,0.0,0.0,0.0,0.0,0.0,4.23,4.23,1.368626e-07,True,0.0126548791666667
72,72,5,0.0,0.0,0.0,0.0,0.0,3.977,3.977,1.163459e-07,True,0.0126548791666667
72,72,6,0.0,0.0,0.0,0.0,0.0,4.329,4.329,6.361777e-07,True,0.0126548791666667
72,72,7,0.0,0.0,0.0,0.0,0.0,3.995,3.995,7.055053e-07,True,0.0126548791666667
72,72,8,0.0,0.0,0.0,0.0,0.0,4.294,4.294,8.18588e-07,True,0.0126548791666667
73,73,1,0.0,0.0,0.0,0.0,0.0,4.318,4.318,2.312964e-07,True,0.0020702221078431
73,73,2,0.0,0.0,0.0,0.0,0.0,4.261,4.261,7.822271e-07,True,0.0020702221078431
73,73,3,0.0,0.0,0.0,0.0,0.0,4.164,4.164,2.723478e-07,True,0.0020702221078431
73,73,4,0.2392156862745098,0.2371454641666666,-0.0020702221078431,0.2392156862745098,0.0722225479243872,3.894,4.033,2.451576e-05,True,0.0020702221078431
73,73,5,0.0,0.0,0.0,0.0,0.0,3.977,3.977,6.17888e-07,True,0.0020702221078431
73,73,6,0.0,0.0,0.0,0.0,0.0,4.329,4.329,5.461033e-07,True,0.0020702221078431
73,73,7,0.0,0.0,0.0,0.0,0.0,3.995,3.995,7.176988e-07,True,0.0020702221078431
73,73,8,0.0,0.0,0.0,0.0,0.0,4.294,4.294,7.741343e-07,True,0.0020702221078431
74,74,1,0.0,0.0,0.0,0.0,0.0,4.318,4.318,3.281971e-07,True,0.0172196424019607
74,74,2,0.0,0.0,0.0,0.0,0.0,4.261,4.261,6.482852e-07,True,0.0172196424019607
74,74,3,0.9568627450980391,0.9740823875,0.0172196424019607,0.9568627450980391,0.3684332467684006,3.459,3.734,0.0001041444,True,0.0172196424019607
74,74,4,0.0,0.0,0.0,0.0,0.0,4.23,4.23,9.25222e-06,True,0.0172196424019607
74,74,5,0.0,0.0,0.0,0.0,0.0,3.977,3.977,4.322278e-07,True,0.0172196424019607
74,74,6,0.0,0.0,0.0,0.0,0.0,4.329,4.329,5.485241e-07,True,0.0172196424019607
74,74,7,0.0,0.0,0.0,0.0,0.0,3.995,3.995,8.216825e-07,True,0.0172196424019607
74,74,8,0.0,0.0,0.0,0.0,0.0,4.294,4.294,7.143498e-07,True,0.0172196424019607
75,75,1,0.0,0.0,0.0,0.0,0.0,4.318,4.318,2.792627e-07,True,0.0137864763235295
75,75,2,0.0,0.0,0.0,0.0,0.0,4.261,4.261,6.705363e-07,True,0.0137864763235295
75,75,3,0.0,0.0,0.0,0.0,0.0,4.164,4.164,1.429793e-06,True,0.0137864763235295
75,75,4,0.0,0.0,0.0,0.0,0.0,4.23,4.23,5.623982e-07,True,0.0137864763235295
75,75,5,0.2823529411764705,0.2961394175,0.0137864763235295,0.2823529411764705,0.1680033196220585,3.67,3.742,3.026313e-05,True,0.0137864763235295
75,75,6,0.0,0.0,0.0,0.0,0.0,4.329,4.329,8.21949e-07,True,0.0137864763235295
75,75,7,0.0,0.0,0.0,0.0,0.0,3.995,3.995,7.93697e-07,True,0.0137864763235295
75,75,8,0.0,0.0,0.0,0.0,0.0,4.294,4.294,7.159639e-07,True,0.0137864763235295
76,76,1,0.0,0.0,0.0,0.0,0.0,4.318,4.318,6.14327e-06,True,0.0114935790686275
76,76,2,0.9568627450980391,0.9683563241666668,0.0114935790686275,0.9568627450980391,0.3537481179933054,3.6,3.843,0.0001054853,True,0.0114935790686275
76,76,3,0.0,0.0,0.0,0.0,0.0,4.164,4.164,2.153384e-06,True,0.0114935790686275
76,76,4,0.0,0.0,0.0,0.0,0.0,4.23,4.23,1.366291e-07,True,0.0114935790686275
76,76,5,0.0,0.0,0.0,0.0,0.0,3.977,3.977,1.158602e-07,True,0.0114935790686275
76,76,6,0.0,0.0,0.0,0.0,0.0,4.329,4.329,6.387714e-07,True,0.0114935790686275
76,76,7,0.0,0.0,0.0,0.0,0.0,3.995,3.995,7.04038e-07,True,0.0114935790686275
76,76,8,0.0,0.0,0.0,0.0,0.0,4.294,4.294,8.255062e-07,True,0.0114935790686275
77,77,1,0.0,0.0,0.0,0.0,0.0,4.318,4.318,2.291475e-07,True,0.0080789821568628
77,77,2,0.0,0.0,0.0,0.0,0.0,4.261,4.261,7.964154e-07,True,0.0080789821568628
77,77,3,0.0,0.0,0.0,0.0,0.0,4.164,4.164,3.084798e-07,True,0.0080789821568628
77,77,4,0.2823529411764705,0.2904319233333333,0.0080789821568628,0.2823529411764705,0.0906258438921026,3.867,4.01,3.076479e-05,True,0.0080789821568628
77,77,5,0.0,0.0,0.0,0.0,0.0,3.977,3.977,7.084453e-07,True,0.0080789821568628
77,77,6,0.0,0.0,0.0,0.0,0.0,4.329,4.329,5.472472e-07,True,0.0080789821568628
77,77,7,0.0,0.0,0.0,0.0,0.0,3.995,3.995,7.186222e-07,True,0.0080789821568628
77,77,8,0.0,0.0,0.0,0.0,0.0,4.294,4.294,7.786834e-07,True,0.0080789821568628
78,78,1,0.0,0.0,0.0,0.0,0.0,4.318,4.318,2.861598e-07,True,0.009970987254902
78,78,2,0.0,0.0,0.0,0.0,0.0,4.261,4.261,6.696271e-07,True,0.009970987254902
78,78,3,0.0,0.0,0.0,0.0,0.0,4.164,4.164,1.457777e-06,True,0.009970987254902
78,78,4,0.0,0.0,0.0,0.0,0.0,4.23,4.23,7.344174e-07,True,0.009970987254902
78,78,5,0.3921568627450979,0.4021278499999999,0.009970987254902,0.3921568627450979,0.2319441202880107,3.612,3.697,4.27335e-05,True,0.009970987254902
78,78,6,0.0,0.0,0.0,0.0,0.0,4.329,4.329,8.55179e-07,True,0.009970987254902
78,78,7,0.0,0.0,0.0,0.0,0.0,3.995,3.995,8.087414e-07,True,0.009970987254902
78,78,8,0.0,0.0,0.0,0.0,0.0,4.294,4.294,7.099403e-07,True,0.009970987254902
79,79,1,0.0,0.0,0.0,0.0,0.0,4.318,4.318,2.293303e-07,True,0.0153679214215686
79,79,2,0.0,0.0,0.0,0.0,0.0,4.261,4.261,8.210138e-07,True,0.0153679214215686
79,79,3,0.0,0.0,0.0,0.0,0.0,4.164,4.164,4.596954e-07,True,0.0153679214215686
79,79,4,0.3921568627450979,0.4075247841666666,0.0153679214215686,0.3921568627450979,0.1438325452363808,3.8,3.966,4.443915e-05,True,0.0153679214215686
79,79,5,0.0,0.0,0.0,0.0,0.0,3.977,3.977,8.955713e-07,True,0.0153679214215686
79,79,6,0.0,0.0,0.0,0.0,0.0,4.329,4.329,5.478733e-07,True,0.0153679214215686
79,79,7,0.0,0.0,0.0,0.0,0.0,3.995,3.995,7.17019e-07,True,0.0153679214215686
79,79,8,0.0,0.0,0.0,0.0,0.0,4.294,4.294,7.93321e-07,True,0.0153679214215686
80,80,1,0.0,0.0,0.0,0.0,0.0,4.318,4.318,3.02114e-07,True,0.0100720499999999
80,80,2,0.0,0.0,0.0,0.0,0.0,4.261,4.261,6.689144e-07,True,0.0100720499999999
80,80,3,0.0,0.0,0.0,0.0,0.0,4.164,4.164,1.497351e-06,True,0.0100720499999999
80,80,4,0.0,0.0,0.0,0.0,0.0,4.23,4.23,1.071688e-06,True,0.0100720499999999
80,80,5,0.6,0.61007205,0.0100720499999999,0.6,0.3721136891246198,3.512,3.623,6.719698e-05,True,0.0100720499999999
80,80,6,0.0,0.0,0.0,0.0,0.0,4.329,4.329,9.156209e-07,True,0.0100720499999999
80,80,7,0.0,0.0,0.0,0.0,0.0,3.995,3.995,8.433123e-07,True,0.0100720499999999
80,80,8,0.0,0.0,0.0,0.0,0.0,4.294,4.294,7.126654e-07,True,0.0100720499999999
81,81,1,0.0,0.0,0.0,0.0,0.0,4.318,4.318,2.291245e-07,True,0.0047108474999999
81,81,2,0.0,0.0,0.0,0.0,0.0,4.261,4.261,8.591121e-07,True,0.0047108474999999
81,81,3,0.0,0.0,0.0,0.0,0.0,4.164,4.164,8.611523e-07,True,0.0047108474999999
81,81,4,0.6,0.6047108474999999,0.0047108474999999,0.6,0.2255730577589582,3.684,3.903,6.733731e-05,True,0.0047108474999999
81,81,5,0.0,0.0,0.0,0.0,0.0,3.977,3.977,1.187932e-06,True,0.0047108474999999
81,81,6,0.0,0.0,0.0,0.0,0.0,4.329,4.329,5.563379e-07,True,0.0047108474999999
81,81,7,0.0,0.0,0.0,0.0,0.0,3.995,3.995,7.192556e-07,True,0.0047108474999999
81,81,8,0.0,0.0,0.0,0.0,0.0,4.294,4.294,8.150773e-07,True,0.0047108474999999
82,82,1,0.0,0.0,0.0,0.0,0.0,4.318,4.318,3.211615e-07,True,0.0147984882843137
82,82,2,0.0,0.0,0.0,0.0,0.0,4.261,4.261,6.705997e-07,True,0.0147984882843137
82,82,3,0.0,0.0,0.0,0.0,0.0,4.164,4.164,1.544049e-06,True,0.0147984882843137
82,82,4,0.0,0.0,0.0,0.0,0.0,4.23,4.23,1.530648e-06,True,0.0147984882843137
82,82,5,0.8784313725490196,0.8932298608333333,0.0147984882843137,0.8784313725490196,0.549543257613369,3.385,3.536,0.0001005653,True,0.0147984882843137
82,82,6,0.0,0.0,0.0,0.0,0.0,4.329,4.329,9.614631e-07,True,0.0147984882843137
82,82,7,0.0,0.0,0.0,0.0,0.0,3.995,3.995,8.858932e-07,True,0.0147984882843137
82,82,8,0.0,0.0,0.0,0.0,0.0,4.294,4.294,7.084688e-07,True,0.0147984882843137
83,83,1,0.0,0.0,0.0,0.0,0.0,4.318,4.318,2.269914e-07,True,0.0058697899509805
83,83,2,0.0,0.0,0.0,0.0,0.0,4.261,4.261,9.0288e-07,True,0.0058697899509805
83,83,3,0.0,0.0,0.0,0.0,0.0,4.164,4.164,1.622708e-06,True,0.0058697899509805
83,83,4,0.8784313725490196,0.8843011625000001,0.0058697899509805,0.8784313725490196,0.3493622594642525,3.527,3.826,9.965418e-05,True,0.0058697899509805
83,83,5,0.0,0.0,0.0,0.0,0.0,3.977,3.977,1.586577e-06,True,0.0058697899509805
83,83,6,0.0,0.0,0.0,0.0,0.0,4.329,4.329,5.708777e-07,True,0.0058697899509805
83,83,7,0.0,0.0,0.0,0.0,0.0,3.995,3.995,7.196364e-07,True,0.0058697899509805
83,83,8,0.0,0.0,0.0,0.0,0.0,4.294,4.294,8.32289e-07,True,0.0058697899509805
84,84,1,0.0,0.0,0.0,0.0,0.0,4.318,4.318,3.21555e-07,True,0.0119931193627454
84,84,2,0.0,0.0,0.0,0.0,0.0,4.261,4.261,6.701578e-07,True,0.0119931193627454
84,84,3,0.0,0.0,0.0,0.0,0.0,4.164,4.164,1.545086e-06,True,0.0119931193627454
84,84,4,0.0,0.0,0.0,0.0,0.0,4.23,4.23,1.650646e-06,True,0.0119931193627454
84,84,5,0.952941176470588,0.9649342958333336,0.0119931193627454,0.952941176470588,0.5953119408037528,3.35,3.515,0.0001090308,True,0.0119931193627454
84,84,6,0.0,0.0,0.0,0.0,0.0,4.329,4.329,9.732396e-07,True,0.0119931193627454
84,84,7,0.0,0.0,0.0,0.0,0.0,3.995,3.995,8.963876e-07,True,0.0119931193627454
84,84,8,0.0,0.0,0.0,0.0,0.0,4.294,4.294,7.042435e-07,True,0.0119931193627454
85,85,1,0.0,0.0,0.0,0.0,0.0,4.318,4.318,3.178505e-07,True,0.0100990555882355
85,85,2,0.0,0.0,0.0,0.0,0.0,4.261,4.261,6.367018e-07,True,0.0100990555882355
85,85,3,0.7921568627450978,0.8022559183333333,0.0100990555882355,0.7921568627450978,0.284017883518345,3.535,3.779,8.488628e-05,True,0.0100990555882355
85,85,4,0.0,0.0,0.0,0.0,0.0,4.23,4.23,7.98156e-06,True,0.0100990555882355
85,85,5,0.0,0.0,0.0,0.0,0.0,3.977,3.977,3.763536e-07,True,0.0100990555882355
85,85,6,0.0,0.0,0.0,0.0,0.0,4.329,4.329,5.474485e-07,True,0.0100990555882355
85,85,7,0.0,0.0,0.0,0.0,0.0,3.995,3.995,8.118242e-07,True,0.0100990555882355
85,85,8,0.0,0.0,0.0,0.0,0.0,4.294,4.294,7.126916e-07,True,0.0100990555882355
86,86,1,0.0,0.0,0.0,0.0,0.0,4.318,4.318,2.261745e-07,True,0.0028114426960786
86,86,2,0.0,0.0,0.0,0.0,0.0,4.261,4.261,9.132979e-07,True,0.0028114426960786
86,86,3,0.0,0.0,0.0,0.0,0.0,4.164,4.164,1.838918e-06,True,0.0028114426960786
86,86,4,0.952941176470588,0.9557526191666668,0.0028114426960786,0.952941176470588,0.3801584381210104,3.481,3.808,0.0001078895,True,0.0028114426960786
86,86,5,0.0,0.0,0.0,0.0,0.0,3.977,3.977,1.688545e-06,True,0.0028114426960786
86,86,6,0.0,0.0,0.0,0.0,0.0,4.329,4.329,5.742235e-07,True,0.0028114426960786
86,86,7,0.0,0.0,0.0,0.0,0.0,3.995,3.995,7.204799e-07,True,0.0028114426960786
86,86,8,0.0,0.0,0.0,0.0,0.0,4.294,4.294,8.391755e-07,True,0.0028114426960786
87,87,1,0.0,0.0,0.0,0.0,0.0,4.318,4.318,2.753847e-07,True,0.0122322641666667
87,87,2,0.0,0.0,0.0,0.0,0.0,4.261,4.261,6.719749e-07,True,0.0122322641666667
87,87,3,0.0,0.0,0.0,0.0,0.0,4.164,4.164,1.434078e-06,True,0.0122322641666667
87,87,4,0.0,0.0,0.0,0.0,0.0,4.23,4.23,5.287917e-07,True,0.0122322641666667
87,87,5,0.2666666666666666,0.2788989308333333,0.0122322641666667,0.2666666666666666,0.1564332023955207,3.679,3.751,2.824386e-05,True,0.0122322641666667
87,87,6,0.0,0.0,0.0,0.0,0.0,4.329,4.329,8.086377e-07,True,0.0122322641666667
87,87,7,0.0,0.0,0.0,0.0,0.0,3.995,3.995,7.917966e-07,True,0.0122322641666667
87,87,8,0.0,0.0,0.0,0.0,0.0,4.294,4.294,7.133481e-07,True,0.0122322641666667
88,88,1,0.0,0.0,0.0,0.0,0.0,4.318,4.318,5.179252e-06,True,0.0139286197549021
88,88,2,0.7921568627450978,0.8060854824999999,0.0139286197549021,0.7921568627450978,0.254416155508026,3.665,3.887,8.706962e-05,True,0.0139286197549021
88,88,3,0.0,0.0,0.0,0.0,0.0,4.164,4.164,2.076103e-06,True,0.0139286197549021
88,88,4,0.0,0.0,0.0,0.0,0.0,4.23,4.23,1.380763e-07,True,0.0139286197549021
88,88,5,0.0,0.0,0.0,0.0,0.0,3.977,3.977,1.167584e-07,True,0.0139286197549021
88,88,6,0.0,0.0,0.0,0.0,0.0,4.329,4.329,6.255279e-07,True,0.0139286197549021
88,88,7,0.0,0.0,0.0,0.0,0.0,3.995,3.995,7.087822e-07,True,0.0139286197549021
88,88,8,0.0,0.0,0.0,0.0,0.0,4.294,4.294,8.161381e-07,True,0.0139286197549021
89,89,1,0.0,0.0,0.0,0.0,0.0,4.318,4.318,3.157625e-07,True,0.0081376968627452
89,89,2,0.0,0.0,0.0,0.0,0.0,4.261,4.261,6.39807e-07,True,0.0081376968627452
89,89,3,0.6862745098039214,0.6944122066666666,0.0081376968627452,0.6862745098039214,0.2315716293643439,3.583,3.808,7.281082e-05,True,0.0081376968627452
89,89,4,0.0,0.0,0.0,0.0,0.0,4.23,4.23,7.141493e-06,True,0.0081376968627452
89,89,5,0.0,0.0,0.0,0.0,0.0,3.977,3.977,3.463624e-07,True,0.0081376968627452
89,89,6,0.0,0.0,0.0,0.0,0.0,4.329,4.329,5.485157e-07,True,0.0081376968627452
89,89,7,0.0,0.0,0.0,0.0,0.0,3.995,3.995,8.077381e-07,True,0.0081376968627452
89,89,8,0.0,0.0,0.0,0.0,0.0,4.294,4.294,7.189661e-07,True,0.0081376968627452
90,90,1,0.0,0.0,0.0,0.0,0.0,4.318,4.318,2.324576e-07,True,0.0055993516666666
90,90,2,0.0,0.0,0.0,0.0,0.0,4.261,4.261,7.940549e-07,True,0.0055993516666666
90,90,3,0.0,0.0,0.0,0.0,0.0,4.164,4.164,2.978687e-07,True,0.0055993516666666
90,90,4,0.2666666666666666,0.2722660183333333,0.0055993516666666,0.2666666666666666,0.0838259238499999,3.877,4.019,2.862569e-05,True,0.0055993516666666
90,90,5,0.0,0.0,0.0,0.0,0.0,3.977,3.977,6.708546e-07,True,0.0055993516666666
90,90,6,0.0,0.0,0.0,0.0,0.0,4.329,4.329,5.461118e-07,True,0.0055993516666666
90,90,7,0.0,0.0,0.0,0.0,0.0,3.995,3.995,7.22093e-07,True,0.0055993516666666
90,90,8,0.0,0.0,0.0,0.0,0.0,4.294,4.294,7.827916e-07,True,0.0055993516666666
91,91,1,0.0,0.0,0.0,0.0,0.0,4.318,4.318,2.53537e-07,True,0.016483683627451
91,91,2,0.0,0.0,0.0,0.0,0.0,4.261,4.261,6.748832e-07,True,0.016483683627451
91,91,3,0.0,0.0,0.0,0.0,0.0,4.164,4.164,1.357735e-06,True,0.016483683627451
91,91,4,0.0,0.0,0.0,0.0,0.0,4.23,4.23,2.032377e-07,True,0.016483683627451
91,91,5,0.0627450980392156,0.0792287816666666,0.016483683627451,0.0627450980392156,0.0263449414656861,3.832,3.878,4.870458e-06,True,0.016483683627451
91,91,6,0.0,0.0,0.0,0.0,0.0,4.329,4.329,6.765868e-07,True,0.016483683627451
91,91,7,0.0,0.0,0.0,0.0,0.0,3.995,3.995,7.470607e-07,True,0.016483683627451
91,91,8,0.0,0.0,0.0,0.0,0.0,4.294,4.294,7.239554e-07,True,0.016483683627451
92,92,1,0.0,0.0,0.0,0.0,0.0,4.318,4.318,4.466653e-06,True,0.0037573785294119
92,92,2,0.6862745098039214,0.6900318883333333,0.0037573785294119,0.6862745098039214,0.1933067790244615,3.707,3.918,7.393645e-05,True,0.0037573785294119
92,92,3,0.0,0.0,0.0,0.0,0.0,4.164,4.164,1.998243e-06,True,0.0037573785294119
92,92,4,0.0,0.0,0.0,0.0,0.0,4.23,4.23,1.383145e-07,True,0.0037573785294119
92,92,5,0.0,0.0,0.0,0.0,0.0,3.977,3.977,1.168217e-07,True,0.0037573785294119
92,92,6,0.0,0.0,0.0,0.0,0.0,4.329,4.329,6.212857e-07,True,0.0037573785294119
92,92,7,0.0,0.0,0.0,0.0,0.0,3.995,3.995,7.117825e-07,True,0.0037573785294119
92,92,8,0.0,0.0,0.0,0.0,0.0,4.294,4.294,8.142762e-07,True,0.0037573785294119
93,93,1,0.0,0.0,0.0,0.0,0.0,4.318,4.318,3.181862e-07,True,0.0104168931862745
93,93,2,0.0,0.0,0.0,0.0,0.0,4.261,4.261,6.393855e-07,True,0.0104168931862745
93,93,3,0.7019607843137254,0.7123776775,0.0104168931862745,0.7019607843137254,0.2373864523623407,3.576,3.804,7.4812e-05,True,0.0104168931862745
93,93,4,0.0,0.0,0.0,0.0,0.0,4.23,4.23,7.27766e-06,True,0.0104168931862745
93,93,5,0.0,0.0,0.0,0.0,0.0,3.977,3.977,3.520921e-07,True,0.0104168931862745
93,93,6,0.0,0.0,0.0,0.0,0.0,4.329,4.329,5.50799e-07,True,0.0104168931862745
93,93,7,0.0,0.0,0.0,0.0,0.0,3.995,3.995,8.108037e-07,True,0.0104168931862745
93,93,8,0.0,0.0,0.0,0.0,0.0,4.294,4.294,7.243948e-07,True,0.0104168931862745
94,94,1,0.0,0.0,0.0,0.0,0.0,4.318,4.318,2.357368e-07,True,0.0113741263725489
94,94,2,0.0,0.0,0.0,0.0,0.0,4.261,4.261,7.138391e-07,True,0.0113741263725489
94,94,3,0.0,0.0,0.0,0.0,0.0,4.164,4.164,6.813654e-07,True,0.0113741263725489
94,94,4,0.0627450980392156,0.0513709716666666,-0.0113741263725489,0.0627450980392156,0.008491398727941,4.044,4.163,2.279836e-06,True,0.0113741263725489
94,94,5,0.0,0.0,0.0,0.0,0.0,3.977,3.977,2.290269e-07,True,0.0113741263725489
94,94,6,0.0,0.0,0.0,0.0,0.0,4.329,4.329,5.522936e-07,True,0.0113741263725489
94,94,7,0.0,0.0,0.0,0.0,0.0,3.995,3.995,7.213283e-07,True,0.0113741263725489
94,94,8,0.0,0.0,0.0,0.0,0.0,4.294,4.294,7.510905e-07,True,0.0113741263725489
95,95,1,0.0,0.0,0.0,0.0,0.0,4.318,4.318,2.606429e-07,True,0.0148804584803922
95,95,2,0.0,0.0,0.0,0.0,0.0,4.261,4.261,6.757414e-07,True,0.0148804584803922
95,95,3,0.0,0.0,0.0,0.0,0.0,4.164,4.164,1.380549e-06,True,0.0148804584803922
95,95,4,0.0,0.0,0.0,0.0,0.0,4.23,4.23,2.594651e-07,True,0.0148804584803922
95,95,5,0.0980392156862744,0.1129196741666666,0.0148804584803922,0.0980392156862744,0.0498877887140929,3.793,3.848,8.776828e-06,True,0.0148804584803922
95,95,6,0.0,0.0,0.0,0.0,0.0,4.329,4.329,7.114011e-07,True,0.0148804584803922
95,95,7,0.0,0.0,0.0,0.0,0.0,3.995,3.995,7.600979e-07,True,0.0148804584803922
95,95,8,0.0,0.0,0.0,0.0,0.0,4.294,4.294,7.256355e-07,True,0.0148804584803922
96,96,1,0.0,0.0,0.0,0.0,0.0,4.318,4.318,4.569063e-06,True,0.0051842815196078
96,96,2,0.7019607843137254,0.7071450658333333,0.0051842815196078,0.7019607843137254,0.2006171089194241,3.7,3.914,7.586283e-05,True,0.0051842815196078
96,96,3,0.0,0.0,0.0,0.0,0.0,4.164,4.164,2.012251e-06,True,0.0051842815196078
96,96,4,0.0,0.0,0.0,0.0,0.0,4.23,4.23,1.392528e-07,True,0.0051842815196078
96,96,5,0.0,0.0,0.0,0.0,0.0,3.977,3.977,1.176801e-07,True,0.0051842815196078
96,96,6,0.0,0.0,0.0,0.0,0.0,4.329,4.329,6.236799e-07,True,0.0051842815196078
96,96,7,0.0,0.0,0.0,0.0,0.0,3.995,3.995,7.135105e-07,True,0.0051842815196078
96,96,8,0.0,0.0,0.0,0.0,0.0,4.294,4.294,8.191406e-07,True,0.0051842815196078
97,97,1,0.0,0.0,0.0,0.0,0.0,4.318,4.318,2.350149e-07,True,0.0129285784803922
97,97,2,0.0,0.0,0.0,0.0,0.0,4.261,4.261,7.492233e-07,True,0.0129285784803922
97,97,3,0.0,0.0,0.0,0.0,0.0,4.164,4.164,3.762773e-07,True,0.0129285784803922
97,97,4,0.0980392156862744,0.1109677941666666,0.0129285784803922,0.0980392156862744,0.0157199029931983,4.001,4.105,9.540861e-06,True,0.0129285784803922
97,97,5,0.0,0.0,0.0,0.0,0.0,3.977,3.977,3.742408e-07,True,0.0129285784803922
97,97,6,0.0,0.0,0.0,0.0,0.0,4.329,4.329,5.510747e-07,True,0.0129285784803922
97,97,7,0.0,0.0,0.0,0.0,0.0,3.995,3.995,7.237834e-07,True,0.0129285784803922
97,97,8,0.0,0.0,0.0,0.0,0.0,4.294,4.294,7.656599e-07,True,0.0129285784803922
98,98,1,0.0,0.0,0.0,0.0,0.0,4.318,4.318,3.184355e-07,True,0.0083785826470588
98,98,2,0.0,0.0,0.0,0.0,0.0,4.261,4.261,6.492321e-07,True,0.0083785826470588
98,98,3,0.6980392156862745,0.7064177983333333,0.0083785826470588,0.6980392156862745,0.2345751941139092,3.578,3.806,7.412682e-05,True,0.0083785826470588
98,98,4,0.0,0.0,0.0,0.0,0.0,4.23,4.23,7.229997e-06,True,0.0083785826470588
98,98,5,0.0,0.0,0.0,0.0,0.0,3.977,3.977,3.520446e-07,True,0.0083785826470588
98,98,6,0.0,0.0,0.0,0.0,0.0,4.329,4.329,5.533558e-07,True,0.0083785826470588
98,98,7,0.0,0.0,0.0,0.0,0.0,3.995,3.995,8.134786e-07,True,0.0083785826470588
98,98,8,0.0,0.0,0.0,0.0,0.0,4.294,4.294,7.267722e-07,True,0.0083785826470588
99,99,1,0.0,0.0,0.0,0.0,0.0,4.318,4.318,2.616948e-07,True,0.0142501846078431
99,99,2,0.0,0.0,0.0,0.0,0.0,4.261,4.261,6.797341e-07,True,0.0142501846078431
99,99,3,0.0,0.0,0.0,0.0,0.0,4.164,4.164,1.381658e-06,True,0.0142501846078431
99,99,4,0.0,0.0,0.0,0.0,0.0,4.23,4.23,2.513601e-07,True,0.0142501846078431
99,99,5,0.0941176470588235,0.1083678316666666,0.0142501846078431,0.0941176470588235,0.0467390999818627,3.796,3.852,8.230305e-06,True,0.0142501846078431
99,99,6,0.0,0.0,0.0,0.0,0.0,4.329,4.329,7.090915e-07,True,0.0142501846078431
99,99,7,0.0,0.0,0.0,0.0,0.0,3.995,3.995,7.601785e-07,True,0.0142501846078431
99,99,8,0.0,0.0,0.0,0.0,0.0,4.294,4.294,7.301178e-07,True,0.0142501846078431
100,100,1,0.0,0.0,0.0,0.0,0.0,4.318,4.318,4.529405e-06,True,0.0027091284803922
100,100,2,0.6980392156862745,0.7007483441666668,0.0027091284803922,0.6980392156862745,0.1971813131176537,3.702,3.916,7.513443e-05,True,0.0027091284803922
100,100,3,0.0,0.0,0.0,0.0,0.0,4.164,4.164,2.009608e-06,True,0.0027091284803922
100,100,4,0.0,0.0,0.0,0.0,0.0,4.23,4.23,1.381982e-07,True,0.0027091284803922
100,100,5,0.0,0.0,0.0,0.0,0.0,3.977,3.977,1.1693e-07,True,0.0027091284803922
100,100,6,0.0,0.0,0.0,0.0,0.0,4.329,4.329,6.26523e-07,True,0.0027091284803922
100,100,7,0.0,0.0,0.0,0.0,0.0,3.995,3.995,7.15082e-07,True,0.0027091284803922
100,100,8,0.0,0.0,0.0,0.0,0.0,4.294,4.294,8.196251e-07,True,0.0027091284803922
101,101,1,0.0,0.0,0.0,0.0,0.0,4.318,4.318,3.190287e-07,True,0.0099175309313727
101,101,2,0.0,0.0,0.0,0.0,0.0,4.261,4.261,6.455019e-07,True,0.0099175309313727
101,101,3,0.7098039215686274,0.7197214525000001,0.0099175309313727,0.7098039215686274,0.2388125260112865,3.573,3.803,7.55966e-05,True,0.0099175309313727
101,101,4,0.0,0.0,0.0,0.0,0.0,4.23,4.23,7.357283e-06,True,0.0099175309313727
101,101,5,0.0,0.0,0.0,0.0,0.0,3.977,3.977,3.541457e-07,True,0.0099175309313727
101,101,6,0.0,0.0,0.0,0.0,0.0,4.329,4.329,5.533349e-07,True,0.0099175309313727
101,101,7,0.0,0.0,0.0,0.0,0.0,3.995,3.995,8.138694e-07,True,0.0099175309313727
101,101,8,0.0,0.0,0.0,0.0,0.0,4.294,4.294,7.268107e-07,True,0.0099175309313727
102,102,1,0.0,0.0,0.0,0.0,0.0,4.318,4.318,2.360849e-07,True,0.0017132754411764
102,102,2,0.0,0.0,0.0,0.0,0.0,4.261,4.261,7.450382e-07,True,0.0017132754411764
102,102,3,0.0,0.0,0.0,0.0,0.0,4.164,4.164,4.222234e-07,True,0.0017132754411764
102,102,4,0.0941176470588235,0.0958309224999999,0.0017132754411764,0.0941176470588235,0.0142843563837622,4.006,4.117,7.712594e-06,True,0.0017132754411764
102,102,5,0.0,0.0,0.0,0.0,0.0,3.977,3.977,3.41064e-07,True,0.0017132754411764
102,102,6,0.0,0.0,0.0,0.0,0.0,4.329,4.329,5.524669e-07,True,0.0017132754411764
102,102,7,0.0,0.0,0.0,0.0,0.0,3.995,3.995,7.243444e-07,True,0.0017132754411764
102,102,8,0.0,0.0,0.0,0.0,0.0,4.294,4.294,7.658949e-07,True,0.0017132754411764
103,103,1,0.0,0.0,0.0,0.0,0.0,4.318,4.318,2.558552e-07,True,0.0160135275
103,103,2,0.0,0.0,0.0,0.0,0.0,4.261,4.261,6.806555e-07,True,0.0160135275
103,103,3,0.0,0.0,0.0,0.0,0.0,4.164,4.164,1.364367e-06,True,0.0160135275
103,103,4,0.0,0.0,0.0,0.0,0.0,4.23,4.23,2.093512e-07,True,0.0160135275
103,103,5,0.0666666666666666,0.0826801941666666,0.0160135275,0.0666666666666666,0.0288296691583332,3.828,3.875,5.242377e-06,True,0.0160135275
103,103,6,0.0,0.0,0.0,0.0,0.0,4.329,4.329,6.827933e-07,True,0.0160135275
103,103,7,0.0,0.0,0.0,0.0,0.0,3.995,3.995,7.53922e-07,True,0.0160135275
103,103,8,0.0,0.0,0.0,0.0,0.0,4.294,4.294,7.323021e-07,True,0.0160135275
104,104,1,0.0,0.0,0.0,0.0,0.0,4.318,4.318,4.641191e-06,True,0.0063142025980391
104,104,2,0.7098039215686274,0.7161181241666665,0.0063142025980391,0.7098039215686274,0.2035407743941111,3.697,3.912,7.68511e-05,True,0.0063142025980391
104,104,3,0.0,0.0,0.0,0.0,0.0,4.164,4.164,2.024612e-06,True,0.0063142025980391
104,104,4,0.0,0.0,0.0,0.0,0.0,4.23,4.23,1.403047e-07,True,0.0063142025980391
104,104,5,0.0,0.0,0.0,0.0,0.0,3.977,3.977,1.165469e-07,True,0.0063142025980391
104,104,6,0.0,0.0,0.0,0.0,0.0,4.329,4.329,6.261446e-07,True,0.0063142025980391
104,104,7,0.0,0.0,0.0,0.0,0.0,3.995,3.995,7.1454e-07,True,0.0063142025980391
104,104,8,0.0,0.0,0.0,0.0,0.0,4.294,4.294,8.197357e-07,True,0.0063142025980391
105,105,1,0.0,0.0,0.0,0.0,0.0,4.318,4.318,3.289877e-07,True,0.0144122357843138
105,105,2,0.0,0.0,0.0,0.0,0.0,4.261,4.261,6.498143e-07,True,0.0144122357843138
105,105,3,0.945098039215686,0.959510275,0.0144122357843138,0.945098039215686,0.3511028882008145,3.464,3.743,0.0001024008,True,0.0144122357843138
105,105,4,0.0,0.0,0.0,0.0,0.0,4.23,4.23,9.237033e-06,True,0.0144122357843138
105,105,5,0.0,0.0,0.0,0.0,0.0,3.977,3.977,4.20302e-07,True,0.0144122357843138
105,105,6,0.0,0.0,0.0,0.0,0.0,4.329,4.329,5.500237e-07,True,0.0144122357843138
105,105,7,0.0,0.0,0.0,0.0,0.0,3.995,3.995,8.300633e-07,True,0.0144122357843138
105,105,8,0.0,0.0,0.0,0.0,0.0,4.294,4.294,7.24209e-07,True,0.0144122357843138
106,106,1,0.0,0.0,0.0,0.0,0.0,4.318,4.318,2.366992e-07,True,0.0092676149999999
106,106,2,0.0,0.0,0.0,0.0,0.0,4.261,4.261,7.229366e-07,True,0.0092676149999999
106,106,3,0.0,0.0,0.0,0.0,0.0,4.164,4.164,6.290597e-07,True,0.0092676149999999
106,106,4,0.0666666666666666,0.0573990516666666,-0.0092676149999999,0.0666666666666666,0.0094487573749999,4.039,4.155,3.014879e-06,True,0.0092676149999999
106,106,5,0.0,0.0,0.0,0.0,0.0,3.977,3.977,2.474492e-07,True,0.0092676149999999
106,106,6,0.0,0.0,0.0,0.0,0.0,4.329,4.329,5.55319e-07,True,0.0092676149999999
106,106,7,0.0,0.0,0.0,0.0,0.0,3.995,3.995,7.238054e-07,True,0.0092676149999999
106,106,8,0.0,0.0,0.0,0.0,0.0,4.294,4.294,7.577381e-07,True,0.0092676149999999
107,107,1,0.0,0.0,0.0,0.0,0.0,4.318,4.318,3.055e-07,True,0.0097878869117646
107,107,2,0.0,0.0,0.0,0.0,0.0,4.261,4.261,6.78474e-07,True,0.0097878869117646
107,107,3,0.0,0.0,0.0,0.0,0.0,4.164,4.164,1.521711e-06,True,0.0097878869117646
107,107,4,0.0,0.0,0.0,0.0,0.0,4.23,4.23,1.070578e-06,True,0.0097878869117646
107,107,5,0.6078431372549019,0.6176310241666666,0.0097878869117646,0.6078431372549019,0.3702173736531503,3.509,3.624,6.805017e-05,True,0.0097878869117646
107,107,6,0.0,0.0,0.0,0.0,0.0,4.329,4.329,9.144928e-07,True,0.0097878869117646
107,107,7,0.0,0.0,0.0,0.0,0.0,3.995,3.995,8.571053e-07,True,0.0097878869117646
107,107,8,0.0,0.0,0.0,0.0,0.0,4.294,4.294,7.176918e-07,True,0.0097878869117646
108,108,1,0.0,0.0,0.0,0.0,0.0,4.318,4.318,6.13347e-06,True,0.0144122991176472
108,108,2,0.945098039215686,0.9595103383333332,0.0144122991176472,0.945098039215686,0.33432856200091,3.605,3.851,0.000104371,True,0.0144122991176472
108,108,3,0.0,0.0,0.0,0.0,0.0,4.164,4.164,2.193398e-06,True,0.0144122991176472
108,108,4,0.0,0.0,0.0,0.0,0.0,4.23,4.23,1.386711e-07,True,0.0144122991176472
108,108,5,0.0,0.0,0.0,0.0,0.0,3.977,3.977,1.157468e-07,True,0.0144122991176472
108,108,6,0.0,0.0,0.0,0.0,0.0,4.329,4.329,6.401306e-07,True,0.0144122991176472
108,108,7,0.0,0.0,0.0,0.0,0.0,3.995,3.995,7.150712e-07,True,0.0144122991176472
108,108,8,0.0,0.0,0.0,0.0,0.0,4.294,4.294,8.337529e-07,True,0.0144122991176472
109,109,1,0.0,0.0,0.0,0.0,0.0,4.318,4.318,2.305005e-07,True,0.0002285319117647
109,109,2,0.0,0.0,0.0,0.0,0.0,4.261,4.261,8.649983e-07,True,0.0002285319117647
109,109,3,0.0,0.0,0.0,0.0,0.0,4.164,4.164,8.662426e-07,True,0.0002285319117647
109,109,4,0.6078431372549019,0.6080716691666667,0.0002285319117647,0.6078431372549019,0.2226132630146752,3.68,3.905,6.770837e-05,True,0.0002285319117647
109,109,5,0.0,0.0,0.0,0.0,0.0,3.977,3.977,1.190466e-06,True,0.0002285319117647
109,109,6,0.0,0.0,0.0,0.0,0.0,4.329,4.329,5.596711e-07,True,0.0002285319117647
109,109,7,0.0,0.0,0.0,0.0,0.0,3.995,3.995,7.277791e-07,True,0.0002285319117647
109,109,8,0.0,0.0,0.0,0.0,0.0,4.294,4.294,8.205727e-07,True,0.0002285319117647
110,110,1,0.0,0.0,0.0,0.0,0.0,4.318,4.318,3.298591e-07,True,0.0124334328431372
110,110,2,0.0,0.0,0.0,0.0,0.0,4.261,4.261,6.76397e-07,True,0.0124334328431372
110,110,3,0.0,0.0,0.0,0.0,0.0,4.164,4.164,1.57759e-06,True,0.0124334328431372
110,110,4,0.0,0.0,0.0,0.0,0.0,4.23,4.23,1.687984e-06,True,0.0124334328431372
110,110,5,0.984313725490196,0.9967471583333332,0.0124334328431372,0.984313725490196,0.6047408104140165,3.335,3.51,0.0001127399,True,0.0124334328431372
110,110,6,0.0,0.0,0.0,0.0,0.0,4.329,4.329,9.759729e-07,True,0.0124334328431372
110,110,7,0.0,0.0,0.0,0.0,0.0,3.995,3.995,9.111393e-07,True,0.0124334328431372
110,110,8,0.0,0.0,0.0,0.0,0.0,4.294,4.294,7.108167e-07,True,0.0124334328431372
111,111,1,0.0,0.0,0.0,0.0,0.0,4.318,4.318,3.2037e-07,True,0.0106225238235294
111,111,2,0.0,0.0,0.0,0.0,0.0,4.261,4.261,6.42574e-07,True,0.0106225238235294
111,111,3,0.8156862745098039,0.8263087983333334,0.0106225238235294,0.8156862745098039,0.2893267464756004,3.525,3.776,8.750444e-05,True,0.0106225238235294
111,111,4,0.0,0.0,0.0,0.0,0.0,4.23,4.23,8.213872e-06,True,0.0106225238235294
111,111,5,0.0,0.0,0.0,0.0,0.0,3.977,3.977,3.830782e-07,True,0.0106225238235294
111,111,6,0.0,0.0,0.0,0.0,0.0,4.329,4.329,5.496771e-07,True,0.0106225238235294
111,111,7,0.0,0.0,0.0,0.0,0.0,3.995,3.995,8.2219e-07,True,0.0106225238235294
111,111,8,0.0,0.0,0.0,0.0,0.0,4.294,4.294,7.208545e-07,True,0.0106225238235294
112,112,1,0.0,0.0,0.0,0.0,0.0,4.318,4.318,2.285403e-07,True,0.001688155490196
112,112,2,0.0,0.0,0.0,0.0,0.0,4.261,4.261,9.223745e-07,True,0.001688155490196
112,112,3,0.0,0.0,0.0,0.0,0.0,4.164,4.164,1.926858e-06,True,0.001688155490196
112,112,4,0.984313725490196,0.98262557,-0.001688155490196,0.984313725490196,0.3866714083963788,3.461,3.804,0.0001109615,True,0.001688155490196
112,112,5,0.0,0.0,0.0,0.0,0.0,3.977,3.977,1.723611e-06,True,0.001688155490196
112,112,6,0.0,0.0,0.0,0.0,0.0,4.329,4.329,5.766535e-07,True,0.001688155490196
112,112,7,0.0,0.0,0.0,0.0,0.0,3.995,3.995,7.283923e-07,True,0.001688155490196
112,112,8,0.0,0.0,0.0,0.0,0.0,4.294,4.294,8.471388e-07,True,0.001688155490196
113,113,1,0.0,0.0,0.0,0.0,0.0,4.318,4.318,5.347053e-06,True,0.0118537971568629
113,113,2,0.8156862745098039,0.8275400716666669,0.0118537971568629,0.8156862745098039,0.2601341354788945,3.656,3.884,8.94271e-05,True,0.0118537971568629
113,113,3,0.0,0.0,0.0,0.0,0.0,4.164,4.164,2.108853e-06,True,0.0118537971568629
113,113,4,0.0,0.0,0.0,0.0,0.0,4.23,4.23,1.401092e-07,True,0.0118537971568629
113,113,5,0.0,0.0,0.0,0.0,0.0,3.977,3.977,1.165464e-07,True,0.0118537971568629
113,113,6,0.0,0.0,0.0,0.0,0.0,4.329,4.329,6.274738e-07,True,0.0118537971568629
113,113,7,0.0,0.0,0.0,0.0,0.0,3.995,3.995,7.139662e-07,True,0.0118537971568629
113,113,8,0.0,0.0,0.0,0.0,0.0,4.294,4.294,8.23707e-07,True,0.0118537971568629
114,114,1,0.0,0.0,0.0,0.0,0.0,4.318,4.318,3.148817e-07,True,0.0059088838235293
114,114,2,0.0,0.0,0.0,0.0,0.0,4.261,4.261,6.433571e-07,True,0.0059088838235293
114,114,3,0.6823529411764705,0.6882618249999999,0.0059088838235293,0.6823529411764705,0.2251017414464337,3.585,3.812,7.209142e-05,True,0.0059088838235293
114,114,4,0.0,0.0,0.0,0.0,0.0,4.23,4.23,7.114164e-06,True,0.0059088838235293
114,114,5,0.0,0.0,0.0,0.0,0.0,3.977,3.977,3.439998e-07,True,0.0059088838235293
114,114,6,0.0,0.0,0.0,0.0,0.0,4.329,4.329,5.484585e-07,True,0.0059088838235293
114,114,7,0.0,0.0,0.0,0.0,0.0,3.995,3.995,8.123554e-07,True,0.0059088838235293
114,114,8,0.0,0.0,0.0,0.0,0.0,4.294,4.294,7.227825e-07,True,0.0059088838235293
115,115,1,0.0,0.0,0.0,0.0,0.0,4.318,4.318,2.527382e-07,True,0.0175047500490196
115,115,2,0.0,0.0,0.0,0.0,0.0,4.261,4.261,6.780782e-07,True,0.0175047500490196
115,115,3,0.0,0.0,0.0,0.0,0.0,4.164,4.164,1.362615e-06,True,0.0175047500490196
115,115,4,0.0,0.0,0.0,0.0,0.0,4.23,4.23,1.918209e-07,True,0.0175047500490196
115,115,5,0.0549019607843137,0.0724067108333333,0.0175047500490196,0.0549019607843137,0.0198442157220587,3.842,3.886,4.059776e-06,True,0.0175047500490196
115,115,6,0.0,0.0,0.0,0.0,0.0,4.329,4.329,6.654287e-07,True,0.0175047500490196
115,115,7,0.0,0.0,0.0,0.0,0.0,3.995,3.995,7.504997e-07,True,0.0175047500490196
115,115,8,0.0,0.0,0.0,0.0,0.0,4.294,4.294,7.278486e-07,True,0.0175047500490196
116,116,1,0.0,0.0,0.0,0.0,0.0,4.318,4.318,4.462062e-06,True,0.0046786463235294
116,116,2,0.6823529411764705,0.6870315874999999,0.0046786463235294,0.6823529411764705,0.1881082645176756,3.708,3.921,7.356168e-05,True,0.0046786463235294
116,116,3,0.0,0.0,0.0,0.0,0.0,4.164,4.164,2.010931e-06,True,0.0046786463235294
116,116,4,0.0,0.0,0.0,0.0,0.0,4.23,4.23,1.394534e-07,True,0.0046786463235294
116,116,5,0.0,0.0,0.0,0.0,0.0,3.977,3.977,1.180182e-07,True,0.0046786463235294
116,116,6,0.0,0.0,0.0,0.0,0.0,4.329,4.329,6.191627e-07,True,0.0046786463235294
116,116,7,0.0,0.0,0.0,0.0,0.0,3.995,3.995,7.17351e-07,True,0.0046786463235294
116,116,8,0.0,0.0,0.0,0.0,0.0,4.294,4.294,8.151322e-07,True,0.0046786463235294
117,117,1,0.0,0.0,0.0,0.0,0.0,4.318,4.318,2.357296e-07,True,0.0178915907843136
117,117,2,0.0,0.0,0.0,0.0,0.0,4.261,4.261,6.951468e-07,True,0.0178915907843136
117,117,3,0.0,0.0,0.0,0.0,0.0,4.164,4.164,9.5116e-07,True,0.0178915907843136
117,117,4,0.0549019607843137,0.03701037,-0.0178915907843136,0.0549019607843137,0.0043429802671568,4.054,4.196,3.67316e-07,True,0.0178915907843136
117,117,5,0.0,0.0,0.0,0.0,0.0,3.977,3.977,1.687428e-07,True,0.0178915907843136
117,117,6,0.0,0.0,0.0,0.0,0.0,4.329,4.329,5.537901e-07,True,0.0178915907843136
117,117,7,0.0,0.0,0.0,0.0,0.0,3.995,3.995,7.237849e-07,True,0.0178915907843136
117,117,8,0.0,0.0,0.0,0.0,0.0,4.294,4.294,7.455742e-07,True,0.0178915907843136
118,118,1,0.0,0.0,0.0,0.0,0.0,4.318,4.318,3.171191e-07,True,0.0069711599019606
118,118,2,0.0,0.0,0.0,0.0,0.0,4.261,4.261,6.396833e-07,True,0.0069711599019606
118,118,3,0.6901960784313725,0.6971672383333332,0.0069711599019606,0.6901960784313725,0.2277492944519424,3.581,3.81,7.307684e-05,True,0.0069711599019606
118,118,4,0.0,0.0,0.0,0.0,0.0,4.23,4.23,7.191087e-06,True,0.0069711599019606
118,118,5,0.0,0.0,0.0,0.0,0.0,3.977,3.977,3.46413e-07,True,0.0069711599019606
118,118,6,0.0,0.0,0.0,0.0,0.0,4.329,4.329,5.489857e-07,True,0.0069711599019606
118,118,7,0.0,0.0,0.0,0.0,0.0,3.995,3.995,8.141326e-07,True,0.0069711599019606
118,118,8,0.0,0.0,0.0,0.0,0.0,4.294,4.294,7.258079e-07,True,0.0069711599019606
119,119,1,0.0,0.0,0.0,0.0,0.0,4.318,4.318,2.531528e-07,True,0.0179568486764706
119,119,2,0.0,0.0,0.0,0.0,0.0,4.261,4.261,6.780496e-07,True,0.0179568486764706
119,119,3,0.0,0.0,0.0,0.0,0.0,4.164,4.164,1.358632e-06,True,0.0179568486764706
119,119,4,0.0,0.0,0.0,0.0,0.0,4.23,4.23,1.855688e-07,True,0.0179568486764706
119,119,5,0.0509803921568627,0.0689372408333333,0.0179568486764706,0.0509803921568627,0.016775733500245,3.847,3.89,3.657312e-06,True,0.0179568486764706
119,119,6,0.0,0.0,0.0,0.0,0.0,4.329,4.329,6.603349e-07,True,0.0179568486764706
119,119,7,0.0,0.0,0.0,0.0,0.0,3.995,3.995,7.494883e-07,True,0.0179568486764706
119,119,8,0.0,0.0,0.0,0.0,0.0,4.294,4.294,7.299305e-07,True,0.0179568486764706
120,120,1,0.0,0.0,0.0,0.0,0.0,4.318,4.318,4.477019e-06,True,0.000403800735294
120,120,2,0.6901960784313725,0.6905998791666665,0.000403800735294,0.6901960784313725,0.1911042115396597,3.705,3.92,7.397019e-05,True,0.000403800735294
120,120,3,0.0,0.0,0.0,0.0,0.0,4.164,4.164,2.013906e-06,True,0.000403800735294
120,120,4,0.0,0.0,0.0,0.0,0.0,4.23,4.23,1.378329e-07,True,0.000403800735294
120,120,5,0.0,0.0,0.0,0.0,0.0,3.977,3.977,1.173134e-07,True,0.000403800735294
120,120,6,0.0,0.0,0.0,0.0,0.0,4.329,4.329,6.207525e-07,True,0.000403800735294
120,120,7,0.0,0.0,0.0,0.0,0.0,3.995,3.995,7.154392e-07,True,0.000403800735294
120,120,8,0.0,0.0,0.0,0.0,0.0,4.294,4.294,8.195325e-07,True,0.000403800735294
121,121,1,0.0,0.0,0.0,0.0,0.0,4.318,4.318,3.201802e-07,True,0.0141348160784313
121,121,2,0.0,0.0,0.0,0.0,0.0,4.261,4.261,6.428468e-07,True,0.0141348160784313
121,121,3,0.7411764705882352,0.7553112866666666,0.0141348160784313,0.7411764705882352,0.2534830917904044,3.558,3.795,7.958042e-05,True,0.0141348160784313
121,121,4,0.0,0.0,0.0,0.0,0.0,4.23,4.23,7.638514e-06,True,0.0141348160784313
121,121,5,0.0,0.0,0.0,0.0,0.0,3.977,3.977,3.622133e-07,True,0.0141348160784313
121,121,6,0.0,0.0,0.0,0.0,0.0,4.329,4.329,5.479783e-07,True,0.0141348160784313
121,121,7,0.0,0.0,0.0,0.0,0.0,3.995,3.995,8.188689e-07,True,0.0141348160784313
121,121,8,0.0,0.0,0.0,0.0,0.0,4.294,4.294,7.263329e-07,True,0.0141348160784313
122,122,1,0.0,0.0,0.0,0.0,0.0,4.318,4.318,2.362248e-07,True,0.0157213125318627
122,122,2,0.0,0.0,0.0,0.0,0.0,4.261,4.261,6.842719e-07,True,0.0157213125318627
122,122,3,0.0,0.0,0.0,0.0,0.0,4.164,4.164,1.144604e-06,True,0.0157213125318627
122,122,4,0.0509803921568627,0.0352590796249999,-0.0157213125318627,0.0509803921568627,0.0017434478700979,4.058,4.216,4.286855e-09,True,0.0157213125318627
122,122,5,0.0,0.0,0.0,0.0,0.0,3.977,3.977,1.385662e-07,True,0.0157213125318627
122,122,6,0.0,0.0,0.0,0.0,0.0,4.329,4.329,5.559569e-07,True,0.0157213125318627
122,122,7,0.0,0.0,0.0,0.0,0.0,3.995,3.995,7.235758e-07,True,0.0157213125318627
122,122,8,0.0,0.0,0.0,0.0,0.0,4.294,4.294,7.436031e-07,True,0.0157213125318627
123,123,1,0.0,0.0,0.0,0.0,0.0,4.318,4.318,2.878928e-07,True,0.0147796529901961
123,123,2,0.0,0.0,0.0,0.0,0.0,4.261,4.261,6.743143e-07,True,0.0147796529901961
123,123,3,0.0,0.0,0.0,0.0,0.0,4.164,4.164,1.471929e-06,True,0.0147796529901961
123,123,4,0.0,0.0,0.0,0.0,0.0,4.23,4.23,6.646681e-07,True,0.0147796529901961
123,123,5,0.3490196078431372,0.3637992608333333,0.0147796529901961,0.3490196078431372,0.2049418220274753,3.635,3.716,3.817859e-05,True,0.0147796529901961
123,123,6,0.0,0.0,0.0,0.0,0.0,4.329,4.329,8.404701e-07,True,0.0147796529901961
123,123,7,0.0,0.0,0.0,0.0,0.0,3.995,3.995,8.15422e-07,True,0.0147796529901961
123,123,8,0.0,0.0,0.0,0.0,0.0,4.294,4.294,7.22625e-07,True,0.0147796529901961
124,124,1,0.0,0.0,0.0,0.0,0.0,4.318,4.318,4.866851e-06,True,0.0102086327450979
124,124,2,0.7411764705882352,0.7513851033333332,0.0102086327450979,0.7411764705882352,0.2172831403680879,3.685,3.904,8.082476e-05,True,0.0102086327450979
124,124,3,0.0,0.0,0.0,0.0,0.0,4.164,4.164,2.056504e-06,True,0.0102086327450979
124,124,4,0.0,0.0,0.0,0.0,0.0,4.23,4.23,1.383099e-07,True,0.0102086327450979
124,124,5,0.0,0.0,0.0,0.0,0.0,3.977,3.977,1.161807e-07,True,0.0102086327450979
124,124,6,0.0,0.0,0.0,0.0,0.0,4.329,4.329,6.242582e-07,True,0.0102086327450979
124,124,7,0.0,0.0,0.0,0.0,0.0,3.995,3.995,7.163844e-07,True,0.0102086327450979
124,124,8,0.0,0.0,0.0,0.0,0.0,4.294,4.294,8.229642e-07,True,0.0102086327450979
125,125,1,0.0,0.0,0.0,0.0,0.0,4.318,4.318,3.292977e-07,True,0.0117292298039217
125,125,2,0.0,0.0,0.0,0.0,0.0,4.261,4.261,6.447694e-07,True,0.0117292298039217
125,125,3,0.980392156862745,0.9921213866666668,0.0117292298039217,0.980392156862745,0.3653503256628429,3.448,3.736,0.0001060604,True,0.0117292298039217
125,125,4,0.0,0.0,0.0,0.0,0.0,4.23,4.23,9.485457e-06,True,0.0117292298039217
125,125,5,0.0,0.0,0.0,0.0,0.0,3.977,3.977,4.291626e-07,True,0.0117292298039217
125,125,6,0.0,0.0,0.0,0.0,0.0,4.329,4.329,5.462783e-07,True,0.0117292298039217
125,125,7,0.0,0.0,0.0,0.0,0.0,3.995,3.995,8.342214e-07,True,0.0117292298039217
125,125,8,0.0,0.0,0.0,0.0,0.0,4.294,4.294,7.2498e-07,True,0.0117292298039217
126,126,1,0.0,0.0,0.0,0.0,0.0,4.318,4.318,2.338202e-07,True,0.0177088288235294
126,126,2,0.0,0.0,0.0,0.0,0.0,4.261,4.261,8.186502e-07,True,0.0177088288235294
126,126,3,0.0,0.0,0.0,0.0,0.0,4.164,4.164,4.00664e-07,True,0.0177088288235294
126,126,4,0.3490196078431372,0.3667284366666666,0.0177088288235294,0.3490196078431372,0.1199468352705881,3.827,3.984,3.965871e-05,True,0.0177088288235294
126,126,5,0.0,0.0,0.0,0.0,0.0,3.977,3.977,8.177934e-07,True,0.0177088288235294
126,126,6,0.0,0.0,0.0,0.0,0.0,4.329,4.329,5.484299e-07,True,0.0177088288235294
126,126,7,0.0,0.0,0.0,0.0,0.0,3.995,3.995,7.294027e-07,True,0.0177088288235294
126,126,8,0.0,0.0,0.0,0.0,0.0,4.294,4.294,7.99942e-07,True,0.0177088288235294
127,127,1,0.0,0.0,0.0,0.0,0.0,4.318,4.318,3.316536e-07,True,0.0111467558823533
127,127,2,0.0,0.0,0.0,0.0,0.0,4.261,4.261,6.745412e-07,True,0.0111467558823533
127,127,3,0.0,0.0,0.0,0.0,0.0,4.164,4.164,1.57966e-06,True,0.0111467558823533
127,127,4,0.0,0.0,0.0,0.0,0.0,4.23,4.23,1.69242e-06,True,0.0111467558823533
127,127,5,0.9882352941176468,0.99938205,0.0111467558823533,0.9882352941176468,0.6053336677270265,3.333,3.51,0.0001130443,True,0.0111467558823533
127,127,6,0.0,0.0,0.0,0.0,0.0,4.329,4.329,9.746534e-07,True,0.0111467558823533
127,127,7,0.0,0.0,0.0,0.0,0.0,3.995,3.995,9.104965e-07,True,0.0111467558823533
127,127,8,0.0,0.0,0.0,0.0,0.0,4.294,4.294,7.181213e-07,True,0.0111467558823533
128,128,1,0.0,0.0,0.0,0.0,0.0,4.318,4.318,6.330708e-06,True,0.0120164406372551
128,128,2,0.980392156862745,0.9924085975,0.0120164406372551,0.980392156862745,0.3496616955982929,3.59,3.844,0.0001080934,True,0.0120164406372551
128,128,3,0.0,0.0,0.0,0.0,0.0,4.164,4.164,2.222585e-06,True,0.0120164406372551
128,128,4,0.0,0.0,0.0,0.0,0.0,4.23,4.23,1.381651e-07,True,0.0120164406372551
128,128,5,0.0,0.0,0.0,0.0,0.0,3.977,3.977,1.153609e-07,True,0.0120164406372551
128,128,6,0.0,0.0,0.0,0.0,0.0,4.329,4.329,6.363796e-07,True,0.0120164406372551
128,128,7,0.0,0.0,0.0,0.0,0.0,3.995,3.995,7.144771e-07,True,0.0120164406372551
128,128,8,0.0,0.0,0.0,0.0,0.0,4.294,4.294,8.37956e-07,True,0.0120164406372551
129,129,1,0.0,0.0,0.0,0.0,0.0,4.318,4.318,2.294102e-07,True,0.0012437842156867
129,129,2,0.0,0.0,0.0,0.0,0.0,4.261,4.261,9.220526e-07,True,0.0012437842156867
129,129,3,0.0,0.0,0.0,0.0,0.0,4.164,4.164,1.936362e-06,True,0.0012437842156867
129,129,4,0.9882352941176468,0.9894790783333336,0.0012437842156867,0.9882352941176468,0.3862313070144968,3.458,3.804,0.0001117682,True,0.0012437842156867
129,129,5,0.0,0.0,0.0,0.0,0.0,3.977,3.977,1.723183e-06,True,0.0012437842156867
129,129,6,0.0,0.0,0.0,0.0,0.0,4.329,4.329,5.76086e-07,True,0.0012437842156867
129,129,7,0.0,0.0,0.0,0.0,0.0,3.995,3.995,7.28259e-07,True,0.0012437842156867
129,129,8,0.0,0.0,0.0,0.0,0.0,4.294,4.294,8.539366e-07,True,0.0012437842156867
130,130,1,0.0,0.0,0.0,0.0,0.0,4.318,4.318,2.902389e-07,True,0.0094852366176472
130,130,2,0.0,0.0,0.0,0.0,0.0,4.261,4.261,6.768106e-07,True,0.0094852366176472
130,130,3,0.0,0.0,0.0,0.0,0.0,4.164,4.164,1.482603e-06,True,0.0094852366176472
130,130,4,0.0,0.0,0.0,0.0,0.0,4.23,4.23,7.596543e-07,True,0.0094852366176472
130,130,5,0.4117647058823528,0.4212499425,0.0094852366176472,0.4117647058823528,0.239899505593384,3.602,3.693,4.492979e-05,True,0.0094852366176472
130,130,6,0.0,0.0,0.0,0.0,0.0,4.329,4.329,8.642279e-07,True,0.0094852366176472
130,130,7,0.0,0.0,0.0,0.0,0.0,3.995,3.995,8.258607e-07,True,0.0094852366176472
130,130,8,0.0,0.0,0.0,0.0,0.0,4.294,4.294,7.208077e-07,True,0.0094852366176472
131,131,1,0.0,0.0,0.0,0.0,0.0,4.318,4.318,3.196051e-07,True,0.0093569310294118
131,131,2,0.0,0.0,0.0,0.0,0.0,4.261,4.261,6.447096e-07,True,0.0093569310294118
131,131,3,0.7529411764705882,0.7622981075,0.0093569310294118,0.7529411764705882,0.2570219176015318,3.553,3.793,8.033962e-05,True,0.0093569310294118
131,131,4,0.0,0.0,0.0,0.0,0.0,4.23,4.23,7.712772e-06,True,0.0093569310294118
131,131,5,0.0,0.0,0.0,0.0,0.0,3.977,3.977,3.638966e-07,True,0.0093569310294118
131,131,6,0.0,0.0,0.0,0.0,0.0,4.329,4.329,5.482908e-07,True,0.0093569310294118
131,131,7,0.0,0.0,0.0,0.0,0.0,3.995,3.995,8.203057e-07,True,0.0093569310294118
131,131,8,0.0,0.0,0.0,0.0,0.0,4.294,4.294,7.265731e-07,True,0.0093569310294118
133,133,1,0.0,0.0,0.0,0.0,0.0,4.318,4.318,2.767272e-07,True,0.0114042415686274
133,133,2,0.0,0.0,0.0,0.0,0.0,4.261,4.261,6.762321e-07,True,0.0114042415686274
133,133,3,0.0,0.0,0.0,0.0,0.0,4.164,4.164,1.435324e-06,True,0.0114042415686274
133,133,4,0.0,0.0,0.0,0.0,0.0,4.23,4.23,4.567821e-07,True,0.0114042415686274
133,133,5,0.2235294117647059,0.2349336533333333,0.0114042415686274,0.2235294117647059,0.1250928078743382,3.702,3.774,2.30453e-05,True,0.0114042415686274
133,133,6,0.0,0.0,0.0,0.0,0.0,4.329,4.329,7.862126e-07,True,0.0114042415686274
133,133,7,0.0,0.0,0.0,0.0,0.0,3.995,3.995,7.910747e-07,True,0.0114042415686274
133,133,8,0.0,0.0,0.0,0.0,0.0,4.294,4.294,7.243857e-07,True,0.0114042415686274
134,134,1,0.0,0.0,0.0,0.0,0.0,4.318,4.318,4.958828e-06,True,0.0138683510294119
134,134,2,0.7529411764705882,0.7668095275000002,0.0138683510294119,0.7529411764705882,0.2245280942855763,3.68,3.9,8.257151e-05,True,0.0138683510294119
134,134,3,0.0,0.0,0.0,0.0,0.0,4.164,4.164,2.065853e-06,True,0.0138683510294119
134,134,4,0.0,0.0,0.0,0.0,0.0,4.23,4.23,1.390934e-07,True,0.0138683510294119
134,134,5,0.0,0.0,0.0,0.0,0.0,3.977,3.977,1.16804e-07,True,0.0138683510294119
134,134,6,0.0,0.0,0.0,0.0,0.0,4.329,4.329,6.24329e-07,True,0.0138683510294119
134,134,7,0.0,0.0,0.0,0.0,0.0,3.995,3.995,7.174795e-07,True,0.0138683510294119
134,134,8,0.0,0.0,0.0,0.0,0.0,4.294,4.294,8.232464e-07,True,0.0138683510294119
135,135,1,0.0,0.0,0.0,0.0,0.0,4.318,4.318,3.086554e-07,True,0.0066726900490194
135,135,2,0.0,0.0,0.0,0.0,0.0,4.261,4.261,6.435398e-07,True,0.0066726900490194
135,135,3,0.5215686274509804,0.5282413174999999,0.0066726900490194,0.5215686274509804,0.1561769823225359,3.659,3.857,5.428093e-05,True,0.0066726900490194
135,135,4,0.0,0.0,0.0,0.0,0.0,4.23,4.23,5.776572e-06,True,0.0066726900490194
135,135,5,0.0,0.0,0.0,0.0,0.0,3.977,3.977,2.973893e-07,True,0.0066726900490194
135,135,6,0.0,0.0,0.0,0.0,0.0,4.329,4.329,5.510595e-07,True,0.0066726900490194
135,135,7,0.0,0.0,0.0,0.0,0.0,3.995,3.995,8.02224e-07,True,0.0066726900490194
135,135,8,0.0,0.0,0.0,0.0,0.0,4.294,4.294,7.285881e-07,True,0.0066726900490194
136,136,1,0.0,0.0,0.0,0.0,0.0,4.318,4.318,2.342832e-07,True,0.0010755084313725
136,136,2,0.0,0.0,0.0,0.0,0.0,4.261,4.261,7.847374e-07,True,0.0010755084313725
136,136,3,0.0,0.0,0.0,0.0,0.0,4.164,4.164,2.779746e-07,True,0.0010755084313725
136,136,4,0.2235294117647059,0.2224539033333333,-0.0010755084313725,0.2235294117647059,0.0639560063517157,3.904,4.043,2.275599e-05,True,0.0010755084313725
136,136,5,0.0,0.0,0.0,0.0,0.0,3.977,3.977,5.81301e-07,True,0.0010755084313725
136,136,6,0.0,0.0,0.0,0.0,0.0,4.329,4.329,5.455994e-07,True,0.0010755084313725
136,136,7,0.0,0.0,0.0,0.0,0.0,3.995,3.995,7.283932e-07,True,0.0010755084313725
136,136,8,0.0,0.0,0.0,0.0,0.0,4.294,4.294,7.861896e-07,True,0.0010755084313725
137,137,1,0.0,0.0,0.0,0.0,0.0,4.318,4.318,2.750037e-07,True,0.0134706619117646
137,137,2,0.0,0.0,0.0,0.0,0.0,4.261,4.261,6.784539e-07,True,0.0134706619117646
137,137,3,0.0,0.0,0.0,0.0,0.0,4.164,4.164,1.430767e-06,True,0.0134706619117646
137,137,4,0.0,0.0,0.0,0.0,0.0,4.23,4.23,4.359893e-07,True,0.0134706619117646
137,137,5,0.207843137254902,0.2213137991666666,0.0134706619117646,0.207843137254902,0.1150107358296753,3.713,3.781,2.144233e-05,True,0.0134706619117646
137,137,6,0.0,0.0,0.0,0.0,0.0,4.329,4.329,7.799235e-07,True,0.0134706619117646
137,137,7,0.0,0.0,0.0,0.0,0.0,3.995,3.995,7.881395e-07,True,0.0134706619117646
137,137,8,0.0,0.0,0.0,0.0,0.0,4.294,4.294,7.27049e-07,True,0.0134706619117646
138,138,1,0.0,0.0,0.0,0.0,0.0,4.318,4.318,3.521665e-06,True,0.0149278208823528
138,138,2,0.5215686274509804,0.5364964483333333,0.0149278208823528,0.5215686274509804,0.1162413968682476,3.772,3.963,5.657132e-05,True,0.0149278208823528
138,138,3,0.0,0.0,0.0,0.0,0.0,4.164,4.164,1.893596e-06,True,0.0149278208823528
138,138,4,0.0,0.0,0.0,0.0,0.0,4.23,4.23,1.387684e-07,True,0.0149278208823528
138,138,5,0.0,0.0,0.0,0.0,0.0,3.977,3.977,1.17696e-07,True,0.0149278208823528
138,138,6,0.0,0.0,0.0,0.0,0.0,4.329,4.329,6.103771e-07,True,0.0149278208823528
138,138,7,0.0,0.0,0.0,0.0,0.0,3.995,3.995,7.188451e-07,True,0.0149278208823528
138,138,8,0.0,0.0,0.0,0.0,0.0,4.294,4.294,8.073062e-07,True,0.0149278208823528
139,139,1,0.0,0.0,0.0,0.0,0.0,4.318,4.318,3.013669e-07,True,0.0063540820098039
139,139,2,0.0,0.0,0.0,0.0,0.0,4.261,4.261,6.470666e-07,True,0.0063540820098039
139,139,3,0.3843137254901961,0.3906678075000001,0.0063540820098039,0.3843137254901961,0.0898318698179412,3.726,3.9,3.900904e-05,True,0.0063540820098039
139,139,4,0.0,0.0,0.0,0.0,0.0,4.23,4.23,4.594767e-06,True,0.0063540820098039
139,139,5,0.0,0.0,0.0,0.0,0.0,3.977,3.977,2.574276e-07,True,0.0063540820098039
139,139,6,0.0,0.0,0.0,0.0,0.0,4.329,4.329,5.517431e-07,True,0.0063540820098039
139,139,7,0.0,0.0,0.0,0.0,0.0,3.995,3.995,7.899855e-07,True,0.0063540820098039
139,139,8,0.0,0.0,0.0,0.0,0.0,4.294,4.294,7.287402e-07,True,0.0063540820098039
140,140,1,0.0,0.0,0.0,0.0,0.0,4.318,4.318,2.343323e-07,True,0.0012646794117646
140,140,2,0.0,0.0,0.0,0.0,0.0,4.261,4.261,7.812218e-07,True,0.0012646794117646
140,140,3,0.0,0.0,0.0,0.0,0.0,4.164,4.164,2.773555e-07,True,0.0012646794117646
140,140,4,0.207843137254902,0.2091078166666666,0.0012646794117646,0.207843137254902,0.0587057290644608,3.916,4.049,2.118721e-05,True,0.0012646794117646
140,140,5,0.0,0.0,0.0,0.0,0.0,3.977,3.977,5.574792e-07,True,0.0012646794117646
140,140,6,0.0,0.0,0.0,0.0,0.0,4.329,4.329,5.449436e-07,True,0.0012646794117646
140,140,7,0.0,0.0,0.0,0.0,0.0,3.995,3.995,7.272482e-07,True,0.0012646794117646
140,140,8,0.0,0.0,0.0,0.0,0.0,4.294,4.294,7.831474e-07,True,0.0012646794117646
141,141,1,0.0,0.0,0.0,0.0,0.0,4.318,4.318,2.769245e-07,True,0.0112389259803921
141,141,2,0.0,0.0,0.0,0.0,0.0,4.261,4.261,6.772019e-07,True,0.0112389259803921
141,141,3,0.0,0.0,0.0,0.0,0.0,4.164,4.164,1.436416e-06,True,0.0112389259803921
141,141,4,0.0,0.0,0.0,0.0,0.0,4.23,4.23,4.694271e-07,True,0.0112389259803921
141,141,5,0.2313725490196078,0.242611475,0.0112389259803921,0.2313725490196078,0.13064932446068,3.697,3.77,2.394388e-05,True,0.0112389259803921
141,141,6,0.0,0.0,0.0,0.0,0.0,4.329,4.329,7.901374e-07,True,0.0112389259803921
141,141,7,0.0,0.0,0.0,0.0,0.0,3.995,3.995,7.93589e-07,True,0.0112389259803921
141,141,8,0.0,0.0,0.0,0.0,0.0,4.294,4.294,7.258011e-07,True,0.0112389259803921
142,142,1,0.0,0.0,0.0,0.0,0.0,4.318,4.318,2.465057e-06,True,0.016848442990196
142,142,2,0.3843137254901961,0.3674652825,-0.016848442990196,0.3843137254901961,0.0481423453334043,3.829,4.016,3.751066e-05,True,0.016848442990196
142,142,3,0.0,0.0,0.0,0.0,0.0,4.164,4.164,1.751424e-06,True,0.016848442990196
142,142,4,0.0,0.0,0.0,0.0,0.0,4.23,4.23,1.3848e-07,True,0.016848442990196
142,142,5,0.0,0.0,0.0,0.0,0.0,3.977,3.977,1.189824e-07,True,0.016848442990196
142,142,6,0.0,0.0,0.0,0.0,0.0,4.329,4.329,5.997645e-07,True,0.016848442990196
142,142,7,0.0,0.0,0.0,0.0,0.0,3.995,3.995,7.178959e-07,True,0.016848442990196
142,142,8,0.0,0.0,0.0,0.0,0.0,4.294,4.294,7.935701e-07,True,0.016848442990196
143,143,1,0.0,0.0,0.0,0.0,0.0,4.318,4.318,2.968677e-07,True,0.0133420172058824
143,143,2,0.0,0.0,0.0,0.0,0.0,4.261,4.261,6.442976e-07,True,0.0133420172058824
143,143,3,0.3372549019607843,0.3505969191666667,0.0133420172058824,0.3372549019607843,0.0853337356794974,3.75,3.914,3.460162e-05,True,0.0133420172058824
143,143,4,0.0,0.0,0.0,0.0,0.0,4.23,4.23,4.218649e-06,True,0.0133420172058824
143,143,5,0.0,0.0,0.0,0.0,0.0,3.977,3.977,2.449997e-07,True,0.0133420172058824
143,143,6,0.0,0.0,0.0,0.0,0.0,4.329,4.329,5.519945e-07,True,0.0133420172058824
143,143,7,0.0,0.0,0.0,0.0,0.0,3.995,3.995,7.852578e-07,True,0.0133420172058824
143,143,8,0.0,0.0,0.0,0.0,0.0,4.294,4.294,7.27944e-07,True,0.0133420172058824
144,144,1,0.0,0.0,0.0,0.0,0.0,4.318,4.318,2.341716e-07,True,0.0032300023529411
144,144,2,0.0,0.0,0.0,0.0,0.0,4.261,4.261,7.864163e-07,True,0.0032300023529411
144,144,3,0.0,0.0,0.0,0.0,0.0,4.164,4.164,2.789533e-07,True,0.0032300023529411
144,144,4,0.2313725490196078,0.2281425466666667,-0.0032300023529411,0.2313725490196078,0.066423236939093,3.899,4.04,2.343207e-05,True,0.0032300023529411
144,144,5,0.0,0.0,0.0,0.0,0.0,3.977,3.977,5.915572e-07,True,0.0032300023529411
144,144,6,0.0,0.0,0.0,0.0,0.0,4.329,4.329,5.440098e-07,True,0.0032300023529411
144,144,7,0.0,0.0,0.0,0.0,0.0,3.995,3.995,7.258279e-07,True,0.0032300023529411
144,144,8,0.0,0.0,0.0,0.0,0.0,4.294,4.294,7.840995e-07,True,0.0032300023529411
145,145,1,0.0,0.0,0.0,0.0,0.0,4.318,4.318,2.791699e-07,True,0.0122669898039216
145,145,2,0.0,0.0,0.0,0.0,0.0,4.261,4.261,6.762367e-07,True,0.0122669898039216
145,145,3,0.0,0.0,0.0,0.0,0.0,4.164,4.164,1.440803e-06,True,0.0122669898039216
145,145,4,0.0,0.0,0.0,0.0,0.0,4.23,4.23,4.950086e-07,True,0.0122669898039216
145,145,5,0.2470588235294117,0.2593258133333333,0.0122669898039216,0.2470588235294117,0.1417237805057597,3.689,3.762,2.591402e-05,True,0.0122669898039216
145,145,6,0.0,0.0,0.0,0.0,0.0,4.329,4.329,7.95767e-07,True,0.0122669898039216
145,145,7,0.0,0.0,0.0,0.0,0.0,3.995,3.995,7.950511e-07,True,0.0122669898039216
145,145,8,0.0,0.0,0.0,0.0,0.0,4.294,4.294,7.230413e-07,True,0.0122669898039216
146,146,1,0.0,0.0,0.0,0.0,0.0,4.318,4.318,2.371683e-06,True,0.0165302172058823
146,146,2,0.3372549019607843,0.3537851191666666,0.0165302172058823,0.3372549019607843,0.0471376586537024,3.85,4.021,3.59848e-05,True,0.0165302172058823
146,146,3,0.0,0.0,0.0,0.0,0.0,4.164,4.164,1.73417e-06,True,0.0165302172058823
146,146,4,0.0,0.0,0.0,0.0,0.0,4.23,4.23,1.381668e-07,True,0.0165302172058823
146,146,5,0.0,0.0,0.0,0.0,0.0,3.977,3.977,1.186171e-07,True,0.0165302172058823
146,146,6,0.0,0.0,0.0,0.0,0.0,4.329,4.329,5.971771e-07,True,0.0165302172058823
146,146,7,0.0,0.0,0.0,0.0,0.0,3.995,3.995,7.182039e-07,True,0.0165302172058823
146,146,8,0.0,0.0,0.0,0.0,0.0,4.294,4.294,7.913964e-07,True,0.0165302172058823
147,147,1,0.0,0.0,0.0,0.0,0.0,4.318,4.318,2.935882e-07,True,0.0044126932843137
147,147,2,0.0,0.0,0.0,0.0,0.0,4.261,4.261,6.440557e-07,True,0.0044126932843137
147,147,3,0.3215686274509804,0.3171559341666666,-0.0044126932843137,0.3215686274509804,0.0810126657100542,3.759,3.926,3.093005e-05,True,0.0044126932843137
147,147,4,0.0,0.0,0.0,0.0,0.0,4.23,4.23,3.894928e-06,True,0.0044126932843137
147,147,5,0.0,0.0,0.0,0.0,0.0,3.977,3.977,2.346997e-07,True,0.0044126932843137
147,147,6,0.0,0.0,0.0,0.0,0.0,4.329,4.329,5.504325e-07,True,0.0044126932843137
147,147,7,0.0,0.0,0.0,0.0,0.0,3.995,3.995,7.828578e-07,True,0.0044126932843137
147,147,8,0.0,0.0,0.0,0.0,0.0,4.294,4.294,7.281002e-07,True,0.0044126932843137
148,148,1,0.0,0.0,0.0,0.0,0.0,4.318,4.318,2.352041e-07,True,0.0035817576960783
148,148,2,0.0,0.0,0.0,0.0,0.0,4.261,4.261,7.906746e-07,True,0.0035817576960783
148,148,3,0.0,0.0,0.0,0.0,0.0,4.164,4.164,2.839523e-07,True,0.0035817576960783
148,148,4,0.2470588235294117,0.2434770658333333,-0.0035817576960783,0.2470588235294117,0.0718201631034312,3.889,4.033,2.523501e-05,True,0.0035817576960783
148,148,5,0.0,0.0,0.0,0.0,0.0,3.977,3.977,6.158441e-07,True,0.0035817576960783
148,148,6,0.0,0.0,0.0,0.0,0.0,4.329,4.329,5.435922e-07,True,0.0035817576960783
148,148,7,0.0,0.0,0.0,0.0,0.0,3.995,3.995,7.27029e-07,True,0.0035817576960783
148,148,8,0.0,0.0,0.0,0.0,0.0,4.294,4.294,7.859416e-07,True,0.0035817576960783
149,149,1,0.0,0.0,0.0,0.0,0.0,4.318,4.318,2.249814e-06,True,0.0126491550490195
149,149,2,0.3215686274509804,0.3342177825,0.0126491550490195,0.3215686274509804,0.0458104852094859,3.857,4.028,3.37786e-05,True,0.0126491550490195
149,149,3,0.0,0.0,0.0,0.0,0.0,4.164,4.164,1.717403e-06,True,0.0126491550490195
149,149,4,0.0,0.0,0.0,0.0,0.0,4.23,4.23,1.376674e-07,True,0.0126491550490195
149,149,5,0.0,0.0,0.0,0.0,0.0,3.977,3.977,1.192692e-07,True,0.0126491550490195
149,149,6,0.0,0.0,0.0,0.0,0.0,4.329,4.329,5.965962e-07,True,0.0126491550490195
149,149,7,0.0,0.0,0.0,0.0,0.0,3.995,3.995,7.178059e-07,True,0.0126491550490195
149,149,8,0.0,0.0,0.0,0.0,0.0,4.294,4.294,7.889782e-07,True,0.0126491550490195
150,150,1,0.0,0.0,0.0,0.0,0.0,4.318,4.318,3.035275e-07,True,0.0033327836764707
150,150,2,0.0,0.0,0.0,0.0,0.0,4.261,4.261,6.413894e-07,True,0.0033327836764707
150,150,3,0.4509803921568627,0.4543131758333334,0.0033327836764707,0.4509803921568627,0.1226419589986702,3.692,3.879,4.607356e-05,True,0.0033327836764707
150,150,4,0.0,0.0,0.0,0.0,0.0,4.23,4.23,5.154287e-06,True,0.0033327836764707
150,150,5,0.0,0.0,0.0,0.0,0.0,3.977,3.977,2.745683e-07,True,0.0033327836764707
150,150,6,0.0,0.0,0.0,0.0,0.0,4.329,4.329,5.498085e-07,True,0.0033327836764707
150,150,7,0.0,0.0,0.0,0.0,0.0,3.995,3.995,7.945021e-07,True,0.0033327836764707
150,150,8,0.0,0.0,0.0,0.0,0.0,4.294,4.294,7.259383e-07,True,0.0033327836764707
152,152,1,0.0,0.0,0.0,0.0,0.0,4.318,4.318,3.206163e-07,True,0.0107724649509803
152,152,2,0.0,0.0,0.0,0.0,0.0,4.261,4.261,6.386508e-07,True,0.0107724649509803
152,152,3,0.8117647058823529,0.8225371708333333,0.0107724649509803,0.8117647058823529,0.2873621953821688,3.527,3.777,8.708737e-05,True,0.0107724649509803
152,152,4,0.0,0.0,0.0,0.0,0.0,4.23,4.23,8.192714e-06,True,0.0107724649509803
152,152,5,0.0,0.0,0.0,0.0,0.0,3.977,3.977,3.800142e-07,True,0.0107724649509803
152,152,6,0.0,0.0,0.0,0.0,0.0,4.329,4.329,5.44286e-07,True,0.0107724649509803
152,152,7,0.0,0.0,0.0,0.0,0.0,3.995,3.995,8.194768e-07,True,0.0107724649509803
152,152,8,0.0,0.0,0.0,0.0,0.0,4.294,4.294,7.213324e-07,True,0.0107724649509803
153,153,1,0.0,0.0,0.0,0.0,0.0,4.318,4.318,3.065398e-07,True,0.0103847109313723
153,153,2,0.0,0.0,0.0,0.0,0.0,4.261,4.261,6.710026e-07,True,0.0103847109313723
153,153,3,0.0,0.0,0.0,0.0,0.0,4.164,4.164,1.520714e-06,True,0.0103847109313723
153,153,4,0.0,0.0,0.0,0.0,0.0,4.23,4.23,1.128137e-06,True,0.0103847109313723
153,153,5,0.6431372549019608,0.6535219658333332,0.0103847109313723,0.6431372549019608,0.3933147777910021,3.492,3.612,7.231256e-05,True,0.0103847109313723
153,153,6,0.0,0.0,0.0,0.0,0.0,4.329,4.329,9.13869e-07,True,0.0103847109313723
153,153,7,0.0,0.0,0.0,0.0,0.0,3.995,3.995,8.549778e-07,True,0.0103847109313723
153,153,8,0.0,0.0,0.0,0.0,0.0,4.294,4.294,7.148357e-07,True,0.0103847109313723
154,154,1,0.0,0.0,0.0,0.0,0.0,4.318,4.318,5.309238e-06,True,0.0112986574509804
154,154,2,0.8117647058823529,0.8230633633333334,0.0112986574509804,0.8117647058823529,0.2585916504537439,3.657,3.885,8.894734e-05,True,0.0112986574509804
154,154,3,0.0,0.0,0.0,0.0,0.0,4.164,4.164,2.102899e-06,True,0.0112986574509804
154,154,4,0.0,0.0,0.0,0.0,0.0,4.23,4.23,1.38844e-07,True,0.0112986574509804
154,154,5,0.0,0.0,0.0,0.0,0.0,3.977,3.977,1.154584e-07,True,0.0112986574509804
154,154,6,0.0,0.0,0.0,0.0,0.0,4.329,4.329,6.213177e-07,True,0.0112986574509804
154,154,7,0.0,0.0,0.0,0.0,0.0,3.995,3.995,7.111208e-07,True,0.0112986574509804
154,154,8,0.0,0.0,0.0,0.0,0.0,4.294,4.294,8.213857e-07,True,0.0112986574509804
155,155,1,0.0,0.0,0.0,0.0,0.0,4.318,4.318,3.162614e-07,True,0.0098484738235296
155,155,2,0.0,0.0,0.0,0.0,0.0,4.261,4.261,6.385259e-07,True,0.0098484738235296
155,155,3,0.7490196078431371,0.7588680816666667,0.0098484738235296,0.7490196078431371,0.2574090605315379,3.555,3.793,7.998104e-05,True,0.0098484738235296
155,155,4,0.0,0.0,0.0,0.0,0.0,4.23,4.23,7.693564e-06,True,0.0098484738235296
155,155,5,0.0,0.0,0.0,0.0,0.0,3.977,3.977,3.591627e-07,True,0.0098484738235296
155,155,6,0.0,0.0,0.0,0.0,0.0,4.329,4.329,5.429476e-07,True,0.0098484738235296
155,155,7,0.0,0.0,0.0,0.0,0.0,3.995,3.995,8.157572e-07,True,0.0098484738235296
155,155,8,0.0,0.0,0.0,0.0,0.0,4.294,4.294,7.16911e-07,True,0.0098484738235296
156,156,1,0.0,0.0,0.0,0.0,0.0,4.318,4.318,2.271549e-07,True,0.0049892284313723
156,156,2,0.0,0.0,0.0,0.0,0.0,4.261,4.261,8.642228e-07,True,0.0049892284313723
156,156,3,0.0,0.0,0.0,0.0,0.0,4.164,4.164,9.76288e-07,True,0.0049892284313723
156,156,4,0.6431372549019608,0.6481264833333332,0.0049892284313723,0.6431372549019608,0.2406931170593077,3.66,3.893,7.237627e-05,True,0.0049892284313723
156,156,5,0.0,0.0,0.0,0.0,0.0,3.977,3.977,1.238754e-06,True,0.0049892284313723
156,156,6,0.0,0.0,0.0,0.0,0.0,4.329,4.329,5.514138e-07,True,0.0049892284313723
156,156,7,0.0,0.0,0.0,0.0,0.0,3.995,3.995,7.240609e-07,True,0.0049892284313723
156,156,8,0.0,0.0,0.0,0.0,0.0,4.294,4.294,8.170136e-07,True,0.0049892284313723
157,157,1,0.0,0.0,0.0,0.0,0.0,4.318,4.318,2.699448e-07,True,0.014443513627451
157,157,2,0.0,0.0,0.0,0.0,0.0,4.261,4.261,6.704183e-07,True,0.014443513627451
157,157,3,0.0,0.0,0.0,0.0,0.0,4.164,4.164,1.420282e-06,True,0.014443513627451
157,157,4,0.0,0.0,0.0,0.0,0.0,4.23,4.23,4.163904e-07,True,0.014443513627451
157,157,5,0.196078431372549,0.210521945,0.014443513627451,0.196078431372549,0.1076660929707351,3.722,3.786,2.022545e-05,True,0.014443513627451
157,157,6,0.0,0.0,0.0,0.0,0.0,4.329,4.329,7.630318e-07,True,0.014443513627451
157,157,7,0.0,0.0,0.0,0.0,0.0,3.995,3.995,7.810775e-07,True,0.014443513627451
157,157,8,0.0,0.0,0.0,0.0,0.0,4.294,4.294,7.160386e-07,True,0.014443513627451
158,158,1,0.0,0.0,0.0,0.0,0.0,4.318,4.318,4.938588e-06,True,0.0111088696568626
158,158,2,0.7490196078431371,0.7601284774999998,0.0111088696568626,0.7490196078431371,0.2234235723552695,3.682,3.901,8.182624e-05,True,0.0111088696568626
158,158,3,0.0,0.0,0.0,0.0,0.0,4.164,4.164,2.055448e-06,True,0.0111088696568626
158,158,4,0.0,0.0,0.0,0.0,0.0,4.23,4.23,1.390566e-07,True,0.0111088696568626
158,158,5,0.0,0.0,0.0,0.0,0.0,3.977,3.977,1.156355e-07,True,0.0111088696568626
158,158,6,0.0,0.0,0.0,0.0,0.0,4.329,4.329,6.148409e-07,True,0.0111088696568626
158,158,7,0.0,0.0,0.0,0.0,0.0,3.995,3.995,7.129424e-07,True,0.0111088696568626
158,158,8,0.0,0.0,0.0,0.0,0.0,4.294,4.294,8.126659e-07,True,0.0111088696568626
160,160,1,0.0,0.0,0.0,0.0,0.0,4.318,4.318,2.832134e-07,True,0.0159550165686274
160,160,2,0.0,0.0,0.0,0.0,0.0,4.261,4.261,6.673505e-07,True,0.0159550165686274
160,160,3,0.0,0.0,0.0,0.0,0.0,4.164,4.164,1.460231e-06,True,0.0159550165686274
160,160,4,0.0,0.0,0.0,0.0,0.0,4.23,4.23,6.555169e-07,True,0.0159550165686274
160,160,5,0.3764705882352941,0.3605155716666666,-0.0159550165686274,0.3764705882352941,0.2038938116977882,3.621,3.716,3.78503e-05,True,0.0159550165686274
160,160,6,0.0,0.0,0.0,0.0,0.0,4.329,4.329,8.261495e-07,True,0.0159550165686274
160,160,7,0.0,0.0,0.0,0.0,0.0,3.995,3.995,8.095161e-07,True,0.0159550165686274
160,160,8,0.0,0.0,0.0,0.0,0.0,4.294,4.294,7.095912e-07,True,0.0159550165686274
161,161,1,0.0,0.0,0.0,0.0,0.0,4.318,4.318,2.28432e-07,True,0.0148259042647059
161,161,2,0.0,0.0,0.0,0.0,0.0,4.261,4.261,8.146567e-07,True,0.0148259042647059
161,161,3,0.0,0.0,0.0,0.0,0.0,4.164,4.164,4.419379e-07,True,0.0148259042647059
161,161,4,0.3764705882352941,0.3912964925,0.0148259042647059,0.3764705882352941,0.1330931311003676,3.81,3.974,4.256818e-05,True,0.0148259042647059
161,161,5,0.0,0.0,0.0,0.0,0.0,3.977,3.977,8.5126e-07,True,0.0148259042647059
161,161,6,0.0,0.0,0.0,0.0,0.0,4.329,4.329,5.382984e-07,True,0.0148259042647059
161,161,7,0.0,0.0,0.0,0.0,0.0,3.995,3.995,7.224554e-07,True,0.0148259042647059
161,161,8,0.0,0.0,0.0,0.0,0.0,4.294,4.294,7.903587e-07,True,0.0148259042647059
162,162,1,0.0,0.0,0.0,0.0,0.0,4.318,4.318,3.104689e-07,True,0.0171946126960784
162,162,2,0.0,0.0,0.0,0.0,0.0,4.261,4.261,6.668371e-07,True,0.0171946126960784
162,162,3,0.0,0.0,0.0,0.0,0.0,4.164,4.164,1.537001e-06,True,0.0171946126960784
162,162,4,0.0,0.0,0.0,0.0,0.0,4.23,4.23,1.29966e-06,True,0.0171946126960784
162,162,5,0.7803921568627451,0.7631975441666666,-0.0171946126960784,0.7803921568627451,0.46418604406759,3.43,3.577,8.526871e-05,True,0.0171946126960784
162,162,6,0.0,0.0,0.0,0.0,0.0,4.329,4.329,9.257222e-07,True,0.0171946126960784
162,162,7,0.0,0.0,0.0,0.0,0.0,3.995,3.995,8.690171e-07,True,0.0171946126960784
162,162,8,0.0,0.0,0.0,0.0,0.0,4.294,4.294,7.06289e-07,True,0.0171946126960784
163,163,1,0.0,0.0,0.0,0.0,0.0,4.318,4.318,2.266061e-07,True,0.005399023137255
163,163,2,0.0,0.0,0.0,0.0,0.0,4.261,4.261,8.807319e-07,True,0.005399023137255
163,163,3,0.0,0.0,0.0,0.0,0.0,4.164,4.164,1.338934e-06,True,0.005399023137255
163,163,4,0.7803921568627451,0.7857911800000001,0.005399023137255,0.7803921568627451,0.3018089547652389,3.584,3.855,8.832535e-05,True,0.005399023137255
163,163,5,0.0,0.0,0.0,0.0,0.0,3.977,3.977,1.424688e-06,True,0.005399023137255
163,163,6,0.0,0.0,0.0,0.0,0.0,4.329,4.329,5.515667e-07,True,0.005399023137255
163,163,7,0.0,0.0,0.0,0.0,0.0,3.995,3.995,7.208112e-07,True,0.005399023137255
163,163,8,0.0,0.0,0.0,0.0,0.0,4.294,4.294,8.262537e-07,True,0.005399023137255
164,164,1,0.0,0.0,0.0,0.0,0.0,4.318,4.318,2.540176e-07,True,0.0149075596568628
164,164,2,0.0,0.0,0.0,0.0,0.0,4.261,4.261,6.659168e-07,True,0.0149075596568628
164,164,3,0.0,0.0,0.0,0.0,0.0,4.164,4.164,1.364227e-06,True,0.0149075596568628
164,164,4,0.0,0.0,0.0,0.0,0.0,4.23,4.23,2.320173e-07,True,0.0149075596568628
164,164,5,0.0823529411764705,0.0972605008333333,0.0149075596568628,0.0823529411764705,0.0394723647560047,3.808,3.861,7.006682e-06,True,0.0149075596568628
164,164,6,0.0,0.0,0.0,0.0,0.0,4.329,4.329,6.801931e-07,True,0.0149075596568628
164,164,7,0.0,0.0,0.0,0.0,0.0,3.995,3.995,7.506648e-07,True,0.0149075596568628
164,164,8,0.0,0.0,0.0,0.0,0.0,4.294,4.294,7.175415e-07,True,0.0149075596568628
165,165,1,0.0,0.0,0.0,0.0,0.0,4.318,4.318,2.31825e-07,True,0.0129155046568628
165,165,2,0.0,0.0,0.0,0.0,0.0,4.261,4.261,7.300977e-07,True,0.0129155046568628
165,165,3,0.0,0.0,0.0,0.0,0.0,4.164,4.164,4.192139e-07,True,0.0129155046568628
165,165,4,0.0823529411764705,0.0952684458333333,0.0129155046568628,0.0823529411764705,0.0142545815285844,4.02,4.117,7.710271e-06,True,0.0129155046568628
165,165,5,0.0,0.0,0.0,0.0,0.0,3.977,3.977,3.363369e-07,True,0.0129155046568628
165,165,6,0.0,0.0,0.0,0.0,0.0,4.329,4.329,5.349442e-07,True,0.0129155046568628
165,165,7,0.0,0.0,0.0,0.0,0.0,3.995,3.995,7.15885e-07,True,0.0129155046568628
165,165,8,0.0,0.0,0.0,0.0,0.0,4.294,4.294,7.536398e-07,True,0.0129155046568628
166,166,1,0.0,0.0,0.0,0.0,0.0,4.318,4.318,2.542247e-07,True,0.0143401743627451
166,166,2,0.0,0.0,0.0,0.0,0.0,4.261,4.261,6.670214e-07,True,0.0143401743627451
166,166,3,0.0,0.0,0.0,0.0,0.0,4.164,4.164,1.361728e-06,True,0.0143401743627451
166,166,4,0.0,0.0,0.0,0.0,0.0,4.23,4.23,2.366949e-07,True,0.0143401743627451
166,166,5,0.0862745098039215,0.1006146841666666,0.0143401743627451,0.0862745098039215,0.0419168164757351,3.803,3.858,7.405568e-06,True,0.0143401743627451
166,166,6,0.0,0.0,0.0,0.0,0.0,4.329,4.329,6.808876e-07,True,0.0143401743627451
166,166,7,0.0,0.0,0.0,0.0,0.0,3.995,3.995,7.498111e-07,True,0.0143401743627451
166,166,8,0.0,0.0,0.0,0.0,0.0,4.294,4.294,7.178264e-07,True,0.0143401743627451
167,167,1,0.0,0.0,0.0,0.0,0.0,4.318,4.318,2.315167e-07,True,0.0125759748039215
167,167,2,0.0,0.0,0.0,0.0,0.0,4.261,4.261,7.197684e-07,True,0.0125759748039215
167,167,3,0.0,0.0,0.0,0.0,0.0,4.164,4.164,5.071607e-07,True,0.0125759748039215
167,167,4,0.0862745098039215,0.073698535,-0.0125759748039215,0.0862745098039215,0.0118889820200979,4.016,4.136,5.098415e-06,True,0.0125759748039215
167,167,5,0.0,0.0,0.0,0.0,0.0,3.977,3.977,2.858167e-07,True,0.0125759748039215
167,167,6,0.0,0.0,0.0,0.0,0.0,4.329,4.329,5.361677e-07,True,0.0125759748039215
167,167,7,0.0,0.0,0.0,0.0,0.0,3.995,3.995,7.15822e-07,True,0.0125759748039215
167,167,8,0.0,0.0,0.0,0.0,0.0,4.294,4.294,7.49157e-07,True,0.0125759748039215
168,168,1,0.0,0.0,0.0,0.0,0.0,4.318,4.318,2.857455e-07,True,0.0066882312254902
168,168,2,0.0,0.0,0.0,0.0,0.0,4.261,4.261,6.652966e-07,True,0.0066882312254902
168,168,3,0.0,0.0,0.0,0.0,0.0,4.164,4.164,1.45835e-06,True,0.0066882312254902
168,168,4,0.0,0.0,0.0,0.0,0.0,4.23,4.23,6.802912e-07,True,0.0066882312254902
168,168,5,0.3725490196078431,0.3792372508333333,0.0066882312254902,0.3725490196078431,0.2154420318238719,3.623,3.708,4.007664e-05,True,0.0066882312254902
168,168,6,0.0,0.0,0.0,0.0,0.0,4.329,4.329,8.258587e-07,True,0.0066882312254902
168,168,7,0.0,0.0,0.0,0.0,0.0,3.995,3.995,8.085986e-07,True,0.0066882312254902
168,168,8,0.0,0.0,0.0,0.0,0.0,4.294,4.294,7.076895e-07,True,0.0066882312254902
169,169,1,0.0,0.0,0.0,0.0,0.0,4.318,4.318,2.302551e-07,True,0.0179024420588235
169,169,2,0.0,0.0,0.0,0.0,0.0,4.261,4.261,8.105499e-07,True,0.0179024420588235
169,169,3,0.0,0.0,0.0,0.0,0.0,4.164,4.164,4.41534e-07,True,0.0179024420588235
169,169,4,0.3725490196078431,0.3904514616666666,0.0179024420588235,0.3725490196078431,0.1332681593702205,3.812,3.974,4.248228e-05,True,0.0179024420588235
169,169,5,0.0,0.0,0.0,0.0,0.0,3.977,3.977,8.479928e-07,True,0.0179024420588235
169,169,6,0.0,0.0,0.0,0.0,0.0,4.329,4.329,5.353564e-07,True,0.0179024420588235
169,169,7,0.0,0.0,0.0,0.0,0.0,3.995,3.995,7.20181e-07,True,0.0179024420588235
169,169,8,0.0,0.0,0.0,0.0,0.0,4.294,4.294,7.860262e-07,True,0.0179024420588235
170,170,1,0.0,0.0,0.0,0.0,0.0,4.318,4.318,3.210502e-07,True,0.0093624982352942
170,170,2,0.0,0.0,0.0,0.0,0.0,4.261,4.261,6.351024e-07,True,0.0093624982352942
170,170,3,0.8901960784313725,0.8995585766666667,0.0093624982352942,0.8901960784313725,0.3275947400693379,3.491,3.756,9.574014e-05,True,0.0093624982352942
170,170,4,0.0,0.0,0.0,0.0,0.0,4.23,4.23,8.789433e-06,True,0.0093624982352942
170,170,5,0.0,0.0,0.0,0.0,0.0,3.977,3.977,3.961506e-07,True,0.0093624982352942
170,170,6,0.0,0.0,0.0,0.0,0.0,4.329,4.329,5.327931e-07,True,0.0093624982352942
170,170,7,0.0,0.0,0.0,0.0,0.0,3.995,3.995,8.19755e-07,True,0.0093624982352942
170,170,8,0.0,0.0,0.0,0.0,0.0,4.294,4.294,7.126049e-07,True,0.0093624982352942
171,171,1,0.0,0.0,0.0,0.0,0.0,4.318,4.318,2.945556e-07,True,0.01072550122549
171,171,2,0.0,0.0,0.0,0.0,0.0,4.261,4.261,6.634152e-07,True,0.01072550122549
171,171,3,0.0,0.0,0.0,0.0,0.0,4.164,4.164,1.482301e-06,True,0.01072550122549
171,171,4,0.0,0.0,0.0,0.0,0.0,4.23,4.23,9.007568e-07,True,0.01072550122549
171,171,5,0.5058823529411764,0.5166078541666665,0.01072550122549,0.5058823529411764,0.3075159924692729,3.557,3.657,5.624246e-05,True,0.01072550122549
171,171,6,0.0,0.0,0.0,0.0,0.0,4.329,4.329,8.707387e-07,True,0.01072550122549
171,171,7,0.0,0.0,0.0,0.0,0.0,3.995,3.995,8.303333e-07,True,0.01072550122549
171,171,8,0.0,0.0,0.0,0.0,0.0,4.294,4.294,7.083819e-07,True,0.01072550122549
172,172,1,0.0,0.0,0.0,0.0,0.0,4.318,4.318,5.800247e-06,True,0.0110038890686273
172,172,2,0.8901960784313725,0.9011999675,0.0110038890686273,0.8901960784313725,0.3054922815579929,3.626,3.864,9.781031e-05,True,0.0110038890686273
172,172,3,0.0,0.0,0.0,0.0,0.0,4.164,4.164,2.14263e-06,True,0.0110038890686273
172,172,4,0.0,0.0,0.0,0.0,0.0,4.23,4.23,1.366982e-07,True,0.0110038890686273
172,172,5,0.0,0.0,0.0,0.0,0.0,3.977,3.977,1.124203e-07,True,0.0110038890686273
172,172,6,0.0,0.0,0.0,0.0,0.0,4.329,4.329,6.161612e-07,True,0.0110038890686273
172,172,7,0.0,0.0,0.0,0.0,0.0,3.995,3.995,7.066287e-07,True,0.0110038890686273
172,172,8,0.0,0.0,0.0,0.0,0.0,4.294,4.294,8.189007e-07,True,0.0110038890686273
173,173,1,0.0,0.0,0.0,0.0,0.0,4.318,4.318,2.275976e-07,True,0.0156441220588235
173,173,2,0.0,0.0,0.0,0.0,0.0,4.261,4.261,8.343286e-07,True,0.0156441220588235
173,173,3,0.0,0.0,0.0,0.0,0.0,4.164,4.164,6.870517e-07,True,0.0156441220588235
173,173,4,0.5058823529411764,0.521526475,0.0156441220588235,0.5058823529411764,0.1896292089410539,3.736,3.93,5.773071e-05,True,0.0156441220588235
173,173,5,0.0,0.0,0.0,0.0,0.0,3.977,3.977,1.044241e-06,True,0.0156441220588235
173,173,6,0.0,0.0,0.0,0.0,0.0,4.329,4.329,5.38585e-07,True,0.0156441220588235
173,173,7,0.0,0.0,0.0,0.0,0.0,3.995,3.995,7.184261e-07,True,0.0156441220588235
173,173,8,0.0,0.0,0.0,0.0,0.0,4.294,4.294,8.02237e-07,True,0.0156441220588235
174,174,1,0.0,0.0,0.0,0.0,0.0,4.318,4.318,2.525006e-07,True,0.0153138922058824
174,174,2,0.0,0.0,0.0,0.0,0.0,4.261,4.261,6.649432e-07,True,0.0153138922058824
174,174,3,0.0,0.0,0.0,0.0,0.0,4.164,4.164,1.348383e-06,True,0.0153138922058824
174,174,4,0.0,0.0,0.0,0.0,0.0,4.23,4.23,2.123139e-07,True,0.0153138922058824
174,174,5,0.0705882352941176,0.0859021275,0.0153138922058824,0.0705882352941176,0.0320733832259803,3.823,3.871,5.699577e-06,True,0.0153138922058824
174,174,6,0.0,0.0,0.0,0.0,0.0,4.329,4.329,6.656634e-07,True,0.0153138922058824
174,174,7,0.0,0.0,0.0,0.0,0.0,3.995,3.995,7.450417e-07,True,0.0153138922058824
174,174,8,0.0,0.0,0.0,0.0,0.0,4.294,4.294,7.198325e-07,True,0.0153138922058824
175,175,1,0.0,0.0,0.0,0.0,0.0,4.318,4.318,3.116237e-07,True,0.0126685553921568
175,175,2,0.0,0.0,0.0,0.0,0.0,4.261,4.261,6.300314e-07,True,0.0126685553921568
175,175,3,0.7058823529411764,0.7185509083333332,0.0126685553921568,0.7058823529411764,0.240232951585772,3.574,3.802,7.555063e-05,True,0.0126685553921568
175,175,4,0.0,0.0,0.0,0.0,0.0,4.23,4.23,7.338245e-06,True,0.0126685553921568
175,175,5,0.0,0.0,0.0,0.0,0.0,3.977,3.977,3.446758e-07,True,0.0126685553921568
175,175,6,0.0,0.0,0.0,0.0,0.0,4.329,4.329,5.329013e-07,True,0.0126685553921568
175,175,7,0.0,0.0,0.0,0.0,0.0,3.995,3.995,8.057967e-07,True,0.0126685553921568
175,175,8,0.0,0.0,0.0,0.0,0.0,4.294,4.294,7.122051e-07,True,0.0126685553921568
176,176,1,0.0,0.0,0.0,0.0,0.0,4.318,4.318,2.304214e-07,True,0.0089660422058824
176,176,2,0.0,0.0,0.0,0.0,0.0,4.261,4.261,7.201614e-07,True,0.0089660422058824
176,176,3,0.0,0.0,0.0,0.0,0.0,4.164,4.164,4.731204e-07,True,0.0089660422058824
176,176,4,0.0705882352941176,0.0795542775,0.0089660422058824,0.0705882352941176,0.0126602105220587,4.035,4.13,5.826585e-06,True,0.0089660422058824
176,176,5,0.0,0.0,0.0,0.0,0.0,3.977,3.977,2.989432e-07,True,0.0089660422058824
176,176,6,0.0,0.0,0.0,0.0,0.0,4.329,4.329,5.327043e-07,True,0.0089660422058824
176,176,7,0.0,0.0,0.0,0.0,0.0,3.995,3.995,7.151408e-07,True,0.0089660422058824
176,176,8,0.0,0.0,0.0,0.0,0.0,4.294,4.294,7.494368e-07,True,0.0089660422058824
177,177,1,0.0,0.0,0.0,0.0,0.0,4.318,4.318,2.700113e-07,True,0.0128507922058824
177,177,2,0.0,0.0,0.0,0.0,0.0,4.261,4.261,6.633258e-07,True,0.0128507922058824
177,177,3,0.0,0.0,0.0,0.0,0.0,4.164,4.164,1.406023e-06,True,0.0128507922058824
177,177,4,0.0,0.0,0.0,0.0,0.0,4.23,4.23,4.222174e-07,True,0.0128507922058824
177,177,5,0.2039215686274509,0.2167723608333333,0.0128507922058824,0.2039215686274509,0.1142271872541604,3.716,3.782,2.100254e-05,True,0.0128507922058824
177,177,6,0.0,0.0,0.0,0.0,0.0,4.329,4.329,7.610652e-07,True,0.0128507922058824
177,177,7,0.0,0.0,0.0,0.0,0.0,3.995,3.995,7.757976e-07,True,0.0128507922058824
177,177,8,0.0,0.0,0.0,0.0,0.0,4.294,4.294,7.11703e-07,True,0.0128507922058824
178,178,1,0.0,0.0,0.0,0.0,0.0,4.318,4.318,4.609426e-06,True,0.0038446787254903
178,178,2,0.7058823529411764,0.7097270316666667,0.0038446787254903,0.7058823529411764,0.2026937315558666,3.699,3.913,7.61902e-05,True,0.0038446787254903
178,178,3,0.0,0.0,0.0,0.0,0.0,4.164,4.164,2.005258e-06,True,0.0038446787254903
178,178,4,0.0,0.0,0.0,0.0,0.0,4.23,4.23,1.35885e-07,True,0.0038446787254903
178,178,5,0.0,0.0,0.0,0.0,0.0,3.977,3.977,1.131167e-07,True,0.0038446787254903
178,178,6,0.0,0.0,0.0,0.0,0.0,4.329,4.329,6.034315e-07,True,0.0038446787254903
178,178,7,0.0,0.0,0.0,0.0,0.0,3.995,3.995,7.063825e-07,True,0.0038446787254903
178,178,8,0.0,0.0,0.0,0.0,0.0,4.294,4.294,8.035441e-07,True,0.0038446787254903
179,179,1,0.0,0.0,0.0,0.0,0.0,4.318,4.318,2.293031e-07,True,0.000379471372549
179,179,2,0.0,0.0,0.0,0.0,0.0,4.261,4.261,7.631138e-07,True,0.000379471372549
179,179,3,0.0,0.0,0.0,0.0,0.0,4.164,4.164,2.74871e-07,True,0.000379471372549
179,179,4,0.2039215686274509,0.20430104,0.000379471372549,0.2039215686274509,0.0579823612051468,3.919,4.05,2.069282e-05,True,0.000379471372549
179,179,5,0.0,0.0,0.0,0.0,0.0,3.977,3.977,5.425008e-07,True,0.000379471372549
179,179,6,0.0,0.0,0.0,0.0,0.0,4.329,4.329,5.30695e-07,True,0.000379471372549
179,179,7,0.0,0.0,0.0,0.0,0.0,3.995,3.995,7.143875e-07,True,0.000379471372549
179,179,8,0.0,0.0,0.0,0.0,0.0,4.294,4.294,7.684336e-07,True,0.000379471372549
180,180,1,0.0,0.0,0.0,0.0,0.0,4.318,4.318,3.215911e-07,True,0.009324980392157
180,180,2,0.0,0.0,0.0,0.0,0.0,4.261,4.261,6.614167e-07,True,0.009324980392157
180,180,3,0.0,0.0,0.0,0.0,0.0,4.164,4.164,1.546339e-06,True,0.009324980392157
180,180,4,0.0,0.0,0.0,0.0,0.0,4.23,4.23,1.542249e-06,True,0.009324980392157
180,180,5,0.9058823529411764,0.9152073333333334,0.009324980392157,0.9058823529411764,0.5636014792883873,3.372,3.53,0.0001032171,True,0.009324980392157
180,180,6,0.0,0.0,0.0,0.0,0.0,4.329,4.329,9.425623e-07,True,0.009324980392157
180,180,7,0.0,0.0,0.0,0.0,0.0,3.995,3.995,8.886518e-07,True,0.009324980392157
180,180,8,0.0,0.0,0.0,0.0,0.0,4.294,4.294,7.049701e-07,True,0.009324980392157
181,181,1,0.0,0.0,0.0,0.0,0.0,4.318,4.318,2.256214e-07,True,0.0036232212254904
181,181,2,0.0,0.0,0.0,0.0,0.0,4.261,4.261,8.954552e-07,True,0.0036232212254904
181,181,3,0.0,0.0,0.0,0.0,0.0,4.164,4.164,1.714043e-06,True,0.0036232212254904
181,181,4,0.9058823529411764,0.9095055741666668,0.0036232212254904,0.9058823529411764,0.3576277214161885,3.511,3.821,0.0001026103,True,0.0036232212254904
181,181,5,0.0,0.0,0.0,0.0,0.0,3.977,3.977,1.590269e-06,True,0.0036232212254904
181,181,6,0.0,0.0,0.0,0.0,0.0,4.329,4.329,5.55196e-07,True,0.0036232212254904
181,181,7,0.0,0.0,0.0,0.0,0.0,3.995,3.995,7.188115e-07,True,0.0036232212254904
181,181,8,0.0,0.0,0.0,0.0,0.0,4.294,4.294,8.309728e-07,True,0.0036232212254904
182,182,1,0.0,0.0,0.0,0.0,0.0,4.318,4.318,3.224667e-07,True,0.0127761842647057
182,182,2,0.0,0.0,0.0,0.0,0.0,4.261,4.261,6.607693e-07,True,0.0127761842647057
182,182,3,0.0,0.0,0.0,0.0,0.0,4.164,4.164,1.548454e-06,True,0.0127761842647057
182,182,4,0.0,0.0,0.0,0.0,0.0,4.23,4.23,1.55499e-06,True,0.0127761842647057
182,182,5,0.9098039215686275,0.9225801058333332,0.0127761842647057,0.9098039215686275,0.5668406510765439,3.37,3.528,0.0001040876,True,0.0127761842647057
182,182,6,0.0,0.0,0.0,0.0,0.0,4.329,4.329,9.428422e-07,True,0.0127761842647057
182,182,7,0.0,0.0,0.0,0.0,0.0,3.995,3.995,8.89755e-07,True,0.0127761842647057
182,182,8,0.0,0.0,0.0,0.0,0.0,4.294,4.294,7.027355e-07,True,0.0127761842647057
183,183,1,0.0,0.0,0.0,0.0,0.0,4.318,4.318,2.269173e-07,True,0.0043672134313723
183,183,2,0.0,0.0,0.0,0.0,0.0,4.261,4.261,8.95047e-07,True,0.0043672134313723
183,183,3,0.0,0.0,0.0,0.0,0.0,4.164,4.164,1.725358e-06,True,0.0043672134313723
183,183,4,0.9098039215686275,0.914171135,0.0043672134313723,0.9098039215686275,0.3597115479399328,3.508,3.82,0.000103151,True,0.0043672134313723
183,183,5,0.0,0.0,0.0,0.0,0.0,3.977,3.977,1.59735e-06,True,0.0043672134313723
183,183,6,0.0,0.0,0.0,0.0,0.0,4.329,4.329,5.547955e-07,True,0.0043672134313723
183,183,7,0.0,0.0,0.0,0.0,0.0,3.995,3.995,7.182489e-07,True,0.0043672134313723
183,183,8,0.0,0.0,0.0,0.0,0.0,4.294,4.294,8.318195e-07,True,0.0043672134313723
184,184,1,0.0,0.0,0.0,0.0,0.0,4.318,4.318,3.195053e-07,True,0.0094043133333333
184,184,2,0.0,0.0,0.0,0.0,0.0,4.261,4.261,6.328222e-07,True,0.0094043133333333
184,184,3,0.8666666666666667,0.87607098,0.0094043133333333,0.8666666666666667,0.317877634408125,3.502,3.761,9.312452e-05,True,0.0094043133333333
184,184,4,0.0,0.0,0.0,0.0,0.0,4.23,4.23,8.603361e-06,True,0.0094043133333333
184,184,5,0.0,0.0,0.0,0.0,0.0,3.977,3.977,3.902273e-07,True,0.0094043133333333
184,184,6,0.0,0.0,0.0,0.0,0.0,4.329,4.329,5.310559e-07,True,0.0094043133333333
184,184,7,0.0,0.0,0.0,0.0,0.0,3.995,3.995,8.169256e-07,True,0.0094043133333333
184,184,8,0.0,0.0,0.0,0.0,0.0,4.294,4.294,7.101003e-07,True,0.0094043133333333
185,185,1,0.0,0.0,0.0,0.0,0.0,4.318,4.318,2.68353e-07,True,0.015522722009804
185,185,2,0.0,0.0,0.0,0.0,0.0,4.261,4.261,6.625284e-07,True,0.015522722009804
185,185,3,0.0,0.0,0.0,0.0,0.0,4.164,4.164,1.400235e-06,True,0.015522722009804
185,185,4,0.0,0.0,0.0,0.0,0.0,4.23,4.23,3.965146e-07,True,0.015522722009804
185,185,5,0.184313725490196,0.1998364475,0.015522722009804,0.184313725490196,0.100506270686691,3.731,3.791,1.902009e-05,True,0.015522722009804
185,185,6,0.0,0.0,0.0,0.0,0.0,4.329,4.329,7.481181e-07,True,0.015522722009804
185,185,7,0.0,0.0,0.0,0.0,0.0,3.995,3.995,7.722668e-07,True,0.015522722009804
185,185,8,0.0,0.0,0.0,0.0,0.0,4.294,4.294,7.122678e-07,True,0.015522722009804
186,186,1,0.0,0.0,0.0,0.0,0.0,4.318,4.318,5.660926e-06,True,0.0119418374999999
186,186,2,0.8666666666666667,0.8786085041666667,0.0119418374999999,0.8666666666666667,0.2953842566546146,3.636,3.869,9.526405e-05,True,0.0119418374999999
186,186,3,0.0,0.0,0.0,0.0,0.0,4.164,4.164,2.125273e-06,True,0.0119418374999999
186,186,4,0.0,0.0,0.0,0.0,0.0,4.23,4.23,1.373e-07,True,0.0119418374999999
186,186,5,0.0,0.0,0.0,0.0,0.0,3.977,3.977,1.131467e-07,True,0.0119418374999999
186,186,6,0.0,0.0,0.0,0.0,0.0,4.329,4.329,6.12469e-07,True,0.0119418374999999
186,186,7,0.0,0.0,0.0,0.0,0.0,3.995,3.995,7.043228e-07,True,0.0119418374999999
186,186,8,0.0,0.0,0.0,0.0,0.0,4.294,4.294,8.15533e-07,True,0.0119418374999999
187,187,1,0.0,0.0,0.0,0.0,0.0,4.318,4.318,3.063847e-07,True,0.0016770138235293
187,187,2,0.0,0.0,0.0,0.0,0.0,4.261,4.261,6.289532e-07,True,0.0016770138235293
187,187,3,0.615686274509804,0.6173632883333333,0.0016770138235293,0.615686274509804,0.1994793733153923,3.615,3.829,6.426858e-05,True,0.0016770138235293
187,187,4,0.0,0.0,0.0,0.0,0.0,4.23,4.23,6.517476e-06,True,0.0016770138235293
187,187,5,0.0,0.0,0.0,0.0,0.0,3.977,3.977,3.184635e-07,True,0.0016770138235293
187,187,6,0.0,0.0,0.0,0.0,0.0,4.329,4.329,5.339112e-07,True,0.0016770138235293
187,187,7,0.0,0.0,0.0,0.0,0.0,3.995,3.995,7.98671e-07,True,0.0016770138235293
187,187,8,0.0,0.0,0.0,0.0,0.0,4.294,4.294,7.11155e-07,True,0.0016770138235293
188,188,1,0.0,0.0,0.0,0.0,0.0,4.318,4.318,2.305319e-07,True,0.0041231686764706
188,188,2,0.0,0.0,0.0,0.0,0.0,4.261,4.261,7.601702e-07,True,0.0041231686764706
188,188,3,0.0,0.0,0.0,0.0,0.0,4.164,4.164,2.778267e-07,True,0.0041231686764706
188,188,4,0.184313725490196,0.1884368941666666,0.0041231686764706,0.184313725490196,0.0514216221794116,3.934,4.058,1.881895e-05,True,0.0041231686764706
188,188,5,0.0,0.0,0.0,0.0,0.0,3.977,3.977,5.15742e-07,True,0.0041231686764706
188,188,6,0.0,0.0,0.0,0.0,0.0,4.329,4.329,5.306069e-07,True,0.0041231686764706
188,188,7,0.0,0.0,0.0,0.0,0.0,3.995,3.995,7.153151e-07,True,0.0041231686764706
188,188,8,0.0,0.0,0.0,0.0,0.0,4.294,4.294,7.632845e-07,True,0.0041231686764706
189,189,1,0.0,0.0,0.0,0.0,0.0,4.318,4.318,2.528496e-07,True,0.0152612619117647
189,189,2,0.0,0.0,0.0,0.0,0.0,4.261,4.261,6.628485e-07,True,0.0152612619117647
189,189,3,0.0,0.0,0.0,0.0,0.0,4.164,4.164,1.347202e-06,True,0.0152612619117647
189,189,4,0.0,0.0,0.0,0.0,0.0,4.23,4.23,2.185994e-07,True,0.0152612619117647
189,189,5,0.0745098039215686,0.0897710658333333,0.0152612619117647,0.0745098039215686,0.0351191161769607,3.818,3.867,6.164604e-06,True,0.0152612619117647
189,189,6,0.0,0.0,0.0,0.0,0.0,4.329,4.329,6.663047e-07,True,0.0152612619117647
189,189,7,0.0,0.0,0.0,0.0,0.0,3.995,3.995,7.455888e-07,True,0.0152612619117647
189,189,8,0.0,0.0,0.0,0.0,0.0,4.294,4.294,7.145309e-07,True,0.0152612619117647
190,190,1,0.0,0.0,0.0,0.0,0.0,4.318,4.318,4.100944e-06,True,0.010959070490196
190,190,2,0.615686274509804,0.626645345,0.010959070490196,0.615686274509804,0.1640086583001045,3.734,3.935,6.681122e-05,True,0.010959070490196
190,190,3,0.0,0.0,0.0,0.0,0.0,4.164,4.164,1.935357e-06,True,0.010959070490196
190,190,4,0.0,0.0,0.0,0.0,0.0,4.23,4.23,1.371537e-07,True,0.010959070490196
190,190,5,0.0,0.0,0.0,0.0,0.0,3.977,3.977,1.141878e-07,True,0.010959070490196
190,190,6,0.0,0.0,0.0,0.0,0.0,4.329,4.329,5.987293e-07,True,0.010959070490196
190,190,7,0.0,0.0,0.0,0.0,0.0,3.995,3.995,7.047175e-07,True,0.010959070490196
190,190,8,0.0,0.0,0.0,0.0,0.0,4.294,4.294,7.951321e-07,True,0.010959070490196
191,191,1,0.0,0.0,0.0,0.0,0.0,4.318,4.318,2.948564e-07,True,0.008103271372549
191,191,2,0.0,0.0,0.0,0.0,0.0,4.261,4.261,6.288905e-07,True,0.008103271372549
191,191,3,0.403921568627451,0.41202484,0.008103271372549,0.403921568627451,0.1036485045399938,3.715,3.891,4.147944e-05,True,0.008103271372549
191,191,4,0.0,0.0,0.0,0.0,0.0,4.23,4.23,4.757084e-06,True,0.008103271372549
191,191,5,0.0,0.0,0.0,0.0,0.0,3.977,3.977,2.578247e-07,True,0.008103271372549
191,191,6,0.0,0.0,0.0,0.0,0.0,4.329,4.329,5.343437e-07,True,0.008103271372549
191,191,7,0.0,0.0,0.0,0.0,0.0,3.995,3.995,7.796896e-07,True,0.008103271372549
191,191,8,0.0,0.0,0.0,0.0,0.0,4.294,4.294,7.108519e-07,True,0.008103271372549
192,192,1,0.0,0.0,0.0,0.0,0.0,4.318,4.318,2.304971e-07,True,0.0115694780882352
192,192,2,0.0,0.0,0.0,0.0,0.0,4.261,4.261,7.071135e-07,True,0.0115694780882352
192,192,3,0.0,0.0,0.0,0.0,0.0,4.164,4.164,5.638799e-07,True,0.0115694780882352
192,192,4,0.0745098039215686,0.0629403258333333,-0.0115694780882352,0.0745098039215686,0.0105313641928308,4.03,4.147,3.806927e-06,True,0.0115694780882352
192,192,5,0.0,0.0,0.0,0.0,0.0,3.977,3.977,2.588837e-07,True,0.0115694780882352
192,192,6,0.0,0.0,0.0,0.0,0.0,4.329,4.329,5.323341e-07,True,0.0115694780882352
192,192,7,0.0,0.0,0.0,0.0,0.0,3.995,3.995,7.111964e-07,True,0.0115694780882352
192,192,8,0.0,0.0,0.0,0.0,0.0,4.294,4.294,7.420074e-07,True,0.0115694780882352
193,193,1,0.0,0.0,0.0,0.0,0.0,4.318,4.318,2.822485e-06,True,0.018404908872549
193,193,2,0.403921568627451,0.4223264775,0.018404908872549,0.403921568627451,0.0586809906805146,3.82,3.996,4.376707e-05,True,0.018404908872549
193,193,3,0.0,0.0,0.0,0.0,0.0,4.164,4.164,1.769203e-06,True,0.018404908872549
193,193,4,0.0,0.0,0.0,0.0,0.0,4.23,4.23,1.347265e-07,True,0.018404908872549
193,193,5,0.0,0.0,0.0,0.0,0.0,3.977,3.977,1.151813e-07,True,0.018404908872549
193,193,6,0.0,0.0,0.0,0.0,0.0,4.329,4.329,5.857404e-07,True,0.018404908872549
193,193,7,0.0,0.0,0.0,0.0,0.0,3.995,3.995,7.05009e-07,True,0.018404908872549
193,193,8,0.0,0.0,0.0,0.0,0.0,4.294,4.294,7.797621e-07,True,0.018404908872549
194,194,1,0.0,0.0,0.0,0.0,0.0,4.318,4.318,2.863568e-07,True,0.0101716956372548
194,194,2,0.0,0.0,0.0,0.0,0.0,4.261,4.261,6.296012e-07,True,0.0101716956372548
194,194,3,0.2862745098039215,0.2761028141666666,-0.0101716956372548,0.2862745098039215,0.0762798481917462,3.777,3.94,2.648473e-05,True,0.0101716956372548
194,194,4,0.0,0.0,0.0,0.0,0.0,4.23,4.23,3.498843e-06,True,0.0101716956372548
194,194,5,0.0,0.0,0.0,0.0,0.0,3.977,3.977,2.18431e-07,True,0.0101716956372548
194,194,6,0.0,0.0,0.0,0.0,0.0,4.329,4.329,5.36442e-07,True,0.0101716956372548
194,194,7,0.0,0.0,0.0,0.0,0.0,3.995,3.995,7.646076e-07,True,0.0101716956372548
194,194,8,0.0,0.0,0.0,0.0,0.0,4.294,4.294,7.133261e-07,True,0.0101716956372548
195,195,1,0.0,0.0,0.0,0.0,0.0,4.318,4.318,2.528097e-07,True,0.0143229257843138
195,195,2,0.0,0.0,0.0,0.0,0.0,4.261,4.261,6.603022e-07,True,0.0143229257843138
195,195,3,0.0,0.0,0.0,0.0,0.0,4.164,4.164,1.34514e-06,True,0.0143229257843138
195,195,4,0.0,0.0,0.0,0.0,0.0,4.23,4.23,2.237046e-07,True,0.0143229257843138
195,195,5,0.0784313725490195,0.0927542983333333,0.0143229257843138,0.0784313725490195,0.0374315974946076,3.813,3.864,6.524145e-06,True,0.0143229257843138
195,195,6,0.0,0.0,0.0,0.0,0.0,4.329,4.329,6.697673e-07,True,0.0143229257843138
195,195,7,0.0,0.0,0.0,0.0,0.0,3.995,3.995,7.431615e-07,True,0.0143229257843138
195,195,8,0.0,0.0,0.0,0.0,0.0,4.294,4.294,7.114855e-07,True,0.0143229257843138
196,196,1,0.0,0.0,0.0,0.0,0.0,4.318,4.318,2.035932e-06,True,0.0131061868627452
196,196,2,0.2862745098039215,0.2993806966666667,0.0131061868627452,0.2862745098039215,0.0435715597339423,3.873,4.039,2.993237e-05,True,0.0131061868627452
196,196,3,0.0,0.0,0.0,0.0,0.0,4.164,4.164,1.655533e-06,True,0.0131061868627452
196,196,4,0.0,0.0,0.0,0.0,0.0,4.23,4.23,1.33737e-07,True,0.0131061868627452
196,196,5,0.0,0.0,0.0,0.0,0.0,3.977,3.977,1.156782e-07,True,0.0131061868627452
196,196,6,0.0,0.0,0.0,0.0,0.0,4.329,4.329,5.780786e-07,True,0.0131061868627452
196,196,7,0.0,0.0,0.0,0.0,0.0,3.995,3.995,7.054895e-07,True,0.0131061868627452
196,196,8,0.0,0.0,0.0,0.0,0.0,4.294,4.294,7.688653e-07,True,0.0131061868627452
197,197,1,0.0,0.0,0.0,0.0,0.0,4.318,4.318,2.853649e-07,True,0.0194954062254901
197,197,2,0.0,0.0,0.0,0.0,0.0,4.261,4.261,6.299117e-07,True,0.0194954062254901
197,197,3,0.2392156862745098,0.2587110924999999,0.0194954062254901,0.2392156862745098,0.0740430508872548,3.803,3.947,2.457033e-05,True,0.0194954062254901
197,197,4,0.0,0.0,0.0,0.0,0.0,4.23,4.23,3.334719e-06,True,0.0194954062254901
197,197,5,0.0,0.0,0.0,0.0,0.0,3.977,3.977,2.129772e-07,True,0.0194954062254901
197,197,6,0.0,0.0,0.0,0.0,0.0,4.329,4.329,5.36693e-07,True,0.0194954062254901
197,197,7,0.0,0.0,0.0,0.0,0.0,3.995,3.995,7.625351e-07,True,0.0194954062254901
197,197,8,0.0,0.0,0.0,0.0,0.0,4.294,4.294,7.128002e-07,True,0.0194954062254901
198,198,1,0.0,0.0,0.0,0.0,0.0,4.318,4.318,2.310743e-07,True,0.0183597558823528
198,198,2,0.0,0.0,0.0,0.0,0.0,4.261,4.261,7.031164e-07,True,0.0183597558823528
198,198,3,0.0,0.0,0.0,0.0,0.0,4.164,4.164,5.836472e-07,True,0.0183597558823528
198,198,4,0.0784313725490195,0.0600716166666666,-0.0183597558823528,0.0784313725490195,0.0100436283397669,4.025,4.15,3.456874e-06,True,0.0183597558823528
198,198,5,0.0,0.0,0.0,0.0,0.0,3.977,3.977,2.507976e-07,True,0.0183597558823528
198,198,6,0.0,0.0,0.0,0.0,0.0,4.329,4.329,5.323155e-07,True,0.0183597558823528
198,198,7,0.0,0.0,0.0,0.0,0.0,3.995,3.995,7.10807e-07,True,0.0183597558823528
198,198,8,0.0,0.0,0.0,0.0,0.0,4.294,4.294,7.39962e-07,True,0.0183597558823528
199,199,1,0.0,0.0,0.0,0.0,0.0,4.318,4.318,1.672011e-06,True,0.0048026678921568
199,199,2,0.2392156862745098,0.2440183541666666,0.0048026678921568,0.2392156862745098,0.0392153596548536,3.894,4.061,2.371477e-05,True,0.0048026678921568
199,199,3,0.0,0.0,0.0,0.0,0.0,4.164,4.164,1.604224e-06,True,0.0048026678921568
199,199,4,0.0,0.0,0.0,0.0,0.0,4.23,4.23,1.332064e-07,True,0.0048026678921568
199,199,5,0.0,0.0,0.0,0.0,0.0,3.977,3.977,1.161416e-07,True,0.0048026678921568
199,199,6,0.0,0.0,0.0,0.0,0.0,4.329,4.329,5.735429e-07,True,0.0048026678921568
199,199,7,0.0,0.0,0.0,0.0,0.0,3.995,3.995,7.059265e-07,True,0.0048026678921568
199,199,8,0.0,0.0,0.0,0.0,0.0,4.294,4.294,7.623801e-07,True,0.0048026678921568
200,200,1,0.0,0.0,0.0,0.0,0.0,4.318,4.318,2.863274e-07,True,0.0053966188235295
200,200,2,0.0,0.0,0.0,0.0,0.0,4.261,4.261,6.283983e-07,True,0.0053966188235295
200,200,3,0.2823529411764705,0.28774956,0.0053966188235295,0.2823529411764705,0.078178249856495,3.779,3.935,2.777288e-05,True,0.0053966188235295
200,200,4,0.0,0.0,0.0,0.0,0.0,4.23,4.23,3.606394e-06,True,0.0053966188235295
200,200,5,0.0,0.0,0.0,0.0,0.0,3.977,3.977,2.204645e-07,True,0.0053966188235295
200,200,6,0.0,0.0,0.0,0.0,0.0,4.329,4.329,5.370409e-07,True,0.0053966188235295
200,200,7,0.0,0.0,0.0,0.0,0.0,3.995,3.995,7.671455e-07,True,0.0053966188235295
200,200,8,0.0,0.0,0.0,0.0,0.0,4.294,4.294,7.112966e-07,True,0.0053966188235295
201,201,1,0.0,0.0,0.0,0.0,0.0,4.318,4.318,2.014513e-06,True,0.0144821221568628
201,201,2,0.2823529411764705,0.2968350633333333,0.0144821221568628,0.2823529411764705,0.0433438769508318,3.874,4.04,2.965129e-05,True,0.0144821221568628
201,201,3,0.0,0.0,0.0,0.0,0.0,4.164,4.164,1.655829e-06,True,0.0144821221568628
201,201,4,0.0,0.0,0.0,0.0,0.0,4.23,4.23,1.34022e-07,True,0.0144821221568628
201,201,5,0.0,0.0,0.0,0.0,0.0,3.977,3.977,1.148559e-07,True,0.0144821221568628
201,201,6,0.0,0.0,0.0,0.0,0.0,4.329,4.329,5.749835e-07,True,0.0144821221568628
201,201,7,0.0,0.0,0.0,0.0,0.0,3.995,3.995,7.056375e-07,True,0.0144821221568628
201,201,8,0.0,0.0,0.0,0.0,0.0,4.294,4.294,7.690767e-07,True,0.0144821221568628
202,202,1,0.0,0.0,0.0,0.0,0.0,4.318,4.318,2.943455e-07,True,0.008767457254902
202,202,2,0.0,0.0,0.0,0.0,0.0,4.261,4.261,6.278195e-07,True,0.008767457254902
202,202,3,0.3921568627450979,0.4009243199999999,0.008767457254902,0.3921568627450979,0.0990682005500121,3.722,3.894,4.025887e-05,True,0.008767457254902
202,202,4,0.0,0.0,0.0,0.0,0.0,4.23,4.23,4.656768e-06,True,0.008767457254902
202,202,5,0.0,0.0,0.0,0.0,0.0,3.977,3.977,2.547752e-07,True,0.008767457254902
202,202,6,0.0,0.0,0.0,0.0,0.0,4.329,4.329,5.321159e-07,True,0.008767457254902
202,202,7,0.0,0.0,0.0,0.0,0.0,3.995,3.995,7.766632e-07,True,0.008767457254902
202,202,8,0.0,0.0,0.0,0.0,0.0,4.294,4.294,7.095611e-07,True,0.008767457254902
203,203,1,0.0,0.0,0.0,0.0,0.0,4.318,4.318,2.658411e-06,True,0.0052907030882353
203,203,2,0.3921568627450979,0.3974475658333333,0.0052907030882353,0.3921568627450979,0.0505740189520052,3.826,4.004,4.097872e-05,True,0.0052907030882353
203,203,3,0.0,0.0,0.0,0.0,0.0,4.164,4.164,1.744056e-06,True,0.0052907030882353
203,203,4,0.0,0.0,0.0,0.0,0.0,4.23,4.23,1.348356e-07,True,0.0052907030882353
203,203,5,0.0,0.0,0.0,0.0,0.0,3.977,3.977,1.154004e-07,True,0.0052907030882353
203,203,6,0.0,0.0,0.0,0.0,0.0,4.329,4.329,5.821791e-07,True,0.0052907030882353
203,203,7,0.0,0.0,0.0,0.0,0.0,3.995,3.995,7.037677e-07,True,0.0052907030882353
203,203,8,0.0,0.0,0.0,0.0,0.0,4.294,4.294,7.763381e-07,True,0.0052907030882353
204,204,1,0.0,0.0,0.0,0.0,0.0,4.318,4.318,3.04674e-07,True,0.0042173266666666
204,204,2,0.0,0.0,0.0,0.0,0.0,4.261,4.261,6.261312e-07,True,0.0042173266666666
204,204,3,0.6,0.6042173266666666,0.0042173266666666,0.6,0.1941808309073957,3.623,3.832,6.283345e-05,True,0.0042173266666666
204,204,4,0.0,0.0,0.0,0.0,0.0,4.23,4.23,6.397634e-06,True,0.0042173266666666
204,204,5,0.0,0.0,0.0,0.0,0.0,3.977,3.977,3.125895e-07,True,0.0042173266666666
204,204,6,0.0,0.0,0.0,0.0,0.0,4.329,4.329,5.308577e-07,True,0.0042173266666666
204,204,7,0.0,0.0,0.0,0.0,0.0,3.995,3.995,7.934169e-07,True,0.0042173266666666
204,204,8,0.0,0.0,0.0,0.0,0.0,4.294,4.294,7.073259e-07,True,0.0042173266666666
205,205,1,0.0,0.0,0.0,0.0,0.0,4.318,4.318,4.043331e-06,True,0.0177095458333333
205,205,2,0.6,0.6177095458333334,0.0177095458333333,0.6,0.1612709803870832,3.741,3.937,6.58236e-05,True,0.0177095458333333
205,205,3,0.0,0.0,0.0,0.0,0.0,4.164,4.164,1.918202e-06,True,0.0177095458333333
205,205,4,0.0,0.0,0.0,0.0,0.0,4.23,4.23,1.352142e-07,True,0.0177095458333333
205,205,5,0.0,0.0,0.0,0.0,0.0,3.977,3.977,1.139351e-07,True,0.0177095458333333
205,205,6,0.0,0.0,0.0,0.0,0.0,4.329,4.329,5.951791e-07,True,0.0177095458333333
205,205,7,0.0,0.0,0.0,0.0,0.0,3.995,3.995,7.023343e-07,True,0.0177095458333333
205,205,8,0.0,0.0,0.0,0.0,0.0,4.294,4.294,7.933498e-07,True,0.0177095458333333
206,206,1,0.0,0.0,0.0,0.0,0.0,4.318,4.318,3.169554e-07,True,0.0133941066176472
206,206,2,0.0,0.0,0.0,0.0,0.0,4.261,4.261,6.268501e-07,True,0.0133941066176472
206,206,3,0.8784313725490196,0.8918254791666669,0.0133941066176472,0.8784313725490196,0.3261970202371691,3.496,3.756,9.49599e-05,True,0.0133941066176472
206,206,4,0.0,0.0,0.0,0.0,0.0,4.23,4.23,8.678237e-06,True,0.0133941066176472
206,206,5,0.0,0.0,0.0,0.0,0.0,3.977,3.977,3.926864e-07,True,0.0133941066176472
206,206,6,0.0,0.0,0.0,0.0,0.0,4.329,4.329,5.275062e-07,True,0.0133941066176472
206,206,7,0.0,0.0,0.0,0.0,0.0,3.995,3.995,8.102992e-07,True,0.0133941066176472
206,206,8,0.0,0.0,0.0,0.0,0.0,4.294,4.294,7.066232e-07,True,0.0133941066176472
207,207,1,0.0,0.0,0.0,0.0,0.0,4.318,4.318,2.673731e-07,True,0.0151051780882353
207,207,2,0.0,0.0,0.0,0.0,0.0,4.261,4.261,6.570208e-07,True,0.0151051780882353
207,207,3,0.0,0.0,0.0,0.0,0.0,4.164,4.164,1.388159e-06,True,0.0151051780882353
207,207,4,0.0,0.0,0.0,0.0,0.0,4.23,4.23,4.060081e-07,True,0.0151051780882353
207,207,5,0.192156862745098,0.2072620408333333,0.0151051780882353,0.192156862745098,0.1073829049070955,3.725,3.786,1.99298e-05,True,0.0151051780882353
207,207,6,0.0,0.0,0.0,0.0,0.0,4.329,4.329,7.466991e-07,True,0.0151051780882353
207,207,7,0.0,0.0,0.0,0.0,0.0,3.995,3.995,7.694451e-07,True,0.0151051780882353
207,207,8,0.0,0.0,0.0,0.0,0.0,4.294,4.294,7.069397e-07,True,0.0151051780882353
208,208,1,0.0,0.0,0.0,0.0,0.0,4.318,4.318,5.749195e-06,True,0.0139292882843137
208,208,2,0.8784313725490196,0.8923606608333333,0.0139292882843137,0.8784313725490196,0.3052812240012907,3.631,3.864,9.685342e-05,True,0.0139292882843137
208,208,3,0.0,0.0,0.0,0.0,0.0,4.164,4.164,2.122746e-06,True,0.0139292882843137
208,208,4,0.0,0.0,0.0,0.0,0.0,4.23,4.23,1.342493e-07,True,0.0139292882843137
208,208,5,0.0,0.0,0.0,0.0,0.0,3.977,3.977,1.107774e-07,True,0.0139292882843137
208,208,6,0.0,0.0,0.0,0.0,0.0,4.329,4.329,6.067901e-07,True,0.0139292882843137
208,208,7,0.0,0.0,0.0,0.0,0.0,3.995,3.995,6.98035e-07,True,0.0139292882843137
208,208,8,0.0,0.0,0.0,0.0,0.0,4.294,4.294,8.080665e-07,True,0.0139292882843137
209,209,1,0.0,0.0,0.0,0.0,0.0,4.318,4.318,2.272138e-07,True,0.0034488755882353
209,209,2,0.0,0.0,0.0,0.0,0.0,4.261,4.261,7.544779e-07,True,0.0034488755882353
209,209,3,0.0,0.0,0.0,0.0,0.0,4.164,4.164,2.746501e-07,True,0.0034488755882353
209,209,4,0.192156862745098,0.1956057383333333,0.0034488755882353,0.192156862745098,0.0542811894813725,3.928,4.054,1.970353e-05,True,0.0034488755882353
209,209,5,0.0,0.0,0.0,0.0,0.0,3.977,3.977,5.222798e-07,True,0.0034488755882353
209,209,6,0.0,0.0,0.0,0.0,0.0,4.329,4.329,5.251165e-07,True,0.0034488755882353
209,209,7,0.0,0.0,0.0,0.0,0.0,3.995,3.995,7.079857e-07,True,0.0034488755882353
209,209,8,0.0,0.0,0.0,0.0,0.0,4.294,4.294,7.574348e-07,True,0.0034488755882353
210,210,1,0.0,0.0,0.0,0.0,0.0,4.318,4.318,2.981713e-07,True,0.0066282713725489
210,210,2,0.0,0.0,0.0,0.0,0.0,4.261,4.261,6.553994e-07,True,0.0066282713725489
210,210,3,0.0,0.0,0.0,0.0,0.0,4.164,4.164,1.479858e-06,True,0.0066282713725489
210,210,4,0.0,0.0,0.0,0.0,0.0,4.23,4.23,1.047071e-06,True,0.0066282713725489
210,210,5,0.6039215686274509,0.6105498399999999,0.0066282713725489,0.6039215686274509,0.3745682035226507,3.511,3.622,6.737449e-05,True,0.0066282713725489
210,210,6,0.0,0.0,0.0,0.0,0.0,4.329,4.329,8.789332e-07,True,0.0066282713725489
210,210,7,0.0,0.0,0.0,0.0,0.0,3.995,3.995,8.368494e-07,True,0.0066282713725489
210,210,8,0.0,0.0,0.0,0.0,0.0,4.294,4.294,6.952085e-07,True,0.0066282713725489
211,211,1,0.0,0.0,0.0,0.0,0.0,4.318,4.318,2.225069e-07,True,0.007519276372549
211,211,2,0.0,0.0,0.0,0.0,0.0,4.261,4.261,8.394472e-07,True,0.007519276372549
211,211,3,0.0,0.0,0.0,0.0,0.0,4.164,4.164,9.054727e-07,True,0.007519276372549
211,211,4,0.6039215686274509,0.611440845,0.007519276372549,0.6039215686274509,0.2275756549541606,3.682,3.901,6.819826e-05,True,0.007519276372549
211,211,5,0.0,0.0,0.0,0.0,0.0,3.977,3.977,1.166917e-06,True,0.007519276372549
211,211,6,0.0,0.0,0.0,0.0,0.0,4.329,4.329,5.332682e-07,True,0.007519276372549
211,211,7,0.0,0.0,0.0,0.0,0.0,3.995,3.995,7.101873e-07,True,0.007519276372549
211,211,8,0.0,0.0,0.0,0.0,0.0,4.294,4.294,7.968421e-07,True,0.007519276372549
212,212,1,0.0,0.0,0.0,0.0,0.0,4.318,4.318,3.211007e-07,True,0.013225398627451
212,212,2,0.0,0.0,0.0,0.0,0.0,4.261,4.261,6.531331e-07,True,0.013225398627451
212,212,3,0.0,0.0,0.0,0.0,0.0,4.164,4.164,1.532774e-06,True,0.013225398627451
212,212,4,0.0,0.0,0.0,0.0,0.0,4.23,4.23,1.688751e-06,True,0.013225398627451
212,212,5,0.996078431372549,1.00930383,0.013225398627451,0.996078431372549,0.6249186218584378,3.329,3.501,0.0001143957,True,0.013225398627451
212,212,6,0.0,0.0,0.0,0.0,0.0,4.329,4.329,9.425122e-07,True,0.013225398627451
212,212,7,0.0,0.0,0.0,0.0,0.0,3.995,3.995,8.916559e-07,True,0.013225398627451
212,212,8,0.0,0.0,0.0,0.0,0.0,4.294,4.294,6.908327e-07,True,0.013225398627451
213,213,1,0.0,0.0,0.0,0.0,0.0,4.318,4.318,2.217134e-07,True,0.0086458827941175
213,213,2,0.0,0.0,0.0,0.0,0.0,4.261,4.261,8.96787e-07,True,0.0086458827941175
213,213,3,0.0,0.0,0.0,0.0,0.0,4.164,4.164,2.038427e-06,True,0.0086458827941175
213,213,4,0.996078431372549,1.0047243141666666,0.0086458827941175,0.996078431372549,0.4005482857789646,3.453,3.795,0.000113623,True,0.0086458827941175
213,213,5,0.0,0.0,0.0,0.0,0.0,3.977,3.977,1.701308e-06,True,0.0086458827941175
213,213,6,0.0,0.0,0.0,0.0,0.0,4.329,4.329,5.517585e-07,True,0.0086458827941175
213,213,7,0.0,0.0,0.0,0.0,0.0,3.995,3.995,7.089134e-07,True,0.0086458827941175
213,213,8,0.0,0.0,0.0,0.0,0.0,4.294,4.294,8.250104e-07,True,0.0086458827941175
214,214,1,0.0,0.0,0.0,0.0,0.0,4.318,4.318,3.138127e-07,True,0.0128305393627454
214,214,2,0.0,0.0,0.0,0.0,0.0,4.261,4.261,6.204968e-07,True,0.0128305393627454
214,214,3,0.952941176470588,0.9657717158333334,0.0128305393627454,0.952941176470588,0.363518935724448,3.461,3.737,0.0001032473,True,0.0128305393627454
214,214,4,0.0,0.0,0.0,0.0,0.0,4.23,4.23,9.277037e-06,True,0.0128305393627454
214,214,5,0.0,0.0,0.0,0.0,0.0,3.977,3.977,4.045303e-07,True,0.0128305393627454
214,214,6,0.0,0.0,0.0,0.0,0.0,4.329,4.329,5.215937e-07,True,0.0128305393627454
214,214,7,0.0,0.0,0.0,0.0,0.0,3.995,3.995,8.122406e-07,True,0.0128305393627454
214,214,8,0.0,0.0,0.0,0.0,0.0,4.294,4.294,6.955948e-07,True,0.0128305393627454
215,215,1,0.0,0.0,0.0,0.0,0.0,4.318,4.318,3.071349e-07,True,0.0132521763725488
215,215,2,0.0,0.0,0.0,0.0,0.0,4.261,4.261,6.499927e-07,True,0.0132521763725488
215,215,3,0.0,0.0,0.0,0.0,0.0,4.164,4.164,1.50391e-06,True,0.0132521763725488
215,215,4,0.0,0.0,0.0,0.0,0.0,4.23,4.23,1.376757e-06,True,0.0132521763725488
215,215,5,0.8039215686274511,0.817173745,0.0132521763725488,0.8039215686274511,0.5056627043880051,3.419,3.557,9.176242e-05,True,0.0132521763725488
215,215,6,0.0,0.0,0.0,0.0,0.0,4.329,4.329,9.11461e-07,True,0.0132521763725488
215,215,7,0.0,0.0,0.0,0.0,0.0,3.995,3.995,8.619878e-07,True,0.0132521763725488
215,215,8,0.0,0.0,0.0,0.0,0.0,4.294,4.294,6.87186e-07,True,0.0132521763725488
216,216,1,0.0,0.0,0.0,0.0,0.0,4.318,4.318,6.183166e-06,True,0.0125973751960787
216,216,2,0.952941176470588,0.9655385516666668,0.0125973751960787,0.952941176470588,0.3492434037491594,3.602,3.845,0.0001051741,True,0.0125973751960787
216,216,3,0.0,0.0,0.0,0.0,0.0,4.164,4.164,2.16723e-06,True,0.0125973751960787
216,216,4,0.0,0.0,0.0,0.0,0.0,4.23,4.23,1.33811e-07,True,0.0125973751960787
216,216,5,0.0,0.0,0.0,0.0,0.0,3.977,3.977,1.066528e-07,True,0.0125973751960787
216,216,6,0.0,0.0,0.0,0.0,0.0,4.329,4.329,6.054692e-07,True,0.0125973751960787
216,216,7,0.0,0.0,0.0,0.0,0.0,3.995,3.995,6.926747e-07,True,0.0125973751960787
216,216,8,0.0,0.0,0.0,0.0,0.0,4.294,4.294,8.015225e-07,True,0.0125973751960787
217,217,1,0.0,0.0,0.0,0.0,0.0,4.318,4.318,2.7753e-07,True,0.0117397175
217,217,2,0.0,0.0,0.0,0.0,0.0,4.261,4.261,6.186987e-07,True,0.0117397175
217,217,3,0.2666666666666666,0.2784063841666666,0.0117397175,0.2666666666666666,0.0771545855636978,3.788,3.938,2.680467e-05,True,0.0117397175
217,217,4,0.0,0.0,0.0,0.0,0.0,4.23,4.23,3.519042e-06,True,0.0117397175
217,217,5,0.0,0.0,0.0,0.0,0.0,3.977,3.977,2.09893e-07,True,0.0117397175
217,217,6,0.0,0.0,0.0,0.0,0.0,4.329,4.329,5.261299e-07,True,0.0117397175
217,217,7,0.0,0.0,0.0,0.0,0.0,3.995,3.995,7.563788e-07,True,0.0117397175
217,217,8,0.0,0.0,0.0,0.0,0.0,4.294,4.294,6.964237e-07,True,0.0117397175
218,218,1,0.0,0.0,0.0,0.0,0.0,4.318,4.318,2.198202e-07,True,0.0031823847058822
218,218,2,0.0,0.0,0.0,0.0,0.0,4.261,4.261,8.654915e-07,True,0.0031823847058822
218,218,3,0.0,0.0,0.0,0.0,0.0,4.164,4.164,1.433094e-06,True,0.0031823847058822
218,218,4,0.8039215686274511,0.8071039533333334,0.0031823847058822,0.8039215686274511,0.3176193997954108,3.57,3.846,9.085077e-05,True,0.0031823847058822
218,218,5,0.0,0.0,0.0,0.0,0.0,3.977,3.977,1.435498e-06,True,0.0031823847058822
218,218,6,0.0,0.0,0.0,0.0,0.0,4.329,4.329,5.379192e-07,True,0.0031823847058822
218,218,7,0.0,0.0,0.0,0.0,0.0,3.995,3.995,7.075119e-07,True,0.0031823847058822
218,218,8,0.0,0.0,0.0,0.0,0.0,4.294,4.294,8.023696e-07,True,0.0031823847058822
219,219,1,0.0,0.0,0.0,0.0,0.0,4.318,4.318,2.543957e-07,True,0.017594693627451
219,219,2,0.0,0.0,0.0,0.0,0.0,4.261,4.261,6.507291e-07,True,0.017594693627451
219,219,3,0.0,0.0,0.0,0.0,0.0,4.164,4.164,1.351247e-06,True,0.017594693627451
219,219,4,0.0,0.0,0.0,0.0,0.0,4.23,4.23,3.090761e-07,True,0.017594693627451
219,219,5,0.1294117647058823,0.1470064583333333,0.017594693627451,0.1294117647058823,0.0708526585281862,3.77,3.822,1.293452e-05,True,0.017594693627451
219,219,6,0.0,0.0,0.0,0.0,0.0,4.329,4.329,6.993438e-07,True,0.017594693627451
219,219,7,0.0,0.0,0.0,0.0,0.0,3.995,3.995,7.47617e-07,True,0.017594693627451
219,219,8,0.0,0.0,0.0,0.0,0.0,4.294,4.294,6.938463e-07,True,0.017594693627451
220,220,1,0.0,0.0,0.0,0.0,0.0,4.318,4.318,1.740757e-06,True,0.0127570383333332
220,220,2,0.2666666666666666,0.2539096283333333,-0.0127570383333332,0.2666666666666666,0.0401805491895832,3.881,4.056,2.488041e-05,True,0.0127570383333332
220,220,3,0.0,0.0,0.0,0.0,0.0,4.164,4.164,1.600665e-06,True,0.0127570383333332
220,220,4,0.0,0.0,0.0,0.0,0.0,4.23,4.23,1.312106e-07,True,0.0127570383333332
220,220,5,0.0,0.0,0.0,0.0,0.0,3.977,3.977,1.091798e-07,True,0.0127570383333332
220,220,6,0.0,0.0,0.0,0.0,0.0,4.329,4.329,5.630093e-07,True,0.0127570383333332
220,220,7,0.0,0.0,0.0,0.0,0.0,3.995,3.995,6.951726e-07,True,0.0127570383333332
220,220,8,0.0,0.0,0.0,0.0,0.0,4.294,4.294,7.487511e-07,True,0.0127570383333332
221,221,1,0.0,0.0,0.0,0.0,0.0,4.318,4.318,2.501436e-07,True,0.0107672872058822
221,221,2,0.0,0.0,0.0,0.0,0.0,4.261,4.261,6.282103e-07,True,0.0107672872058822
221,221,3,0.0627450980392156,0.0519778108333333,-0.0107672872058822,0.0627450980392156,0.0311283243531861,3.98,4.073,2.327598e-06,True,0.0107672872058822
221,221,4,0.0,0.0,0.0,0.0,0.0,4.23,4.23,9.526528e-07,True,0.0107672872058822
221,221,5,0.0,0.0,0.0,0.0,0.0,3.977,3.977,1.330161e-07,True,0.0107672872058822
221,221,6,0.0,0.0,0.0,0.0,0.0,4.329,4.329,5.275666e-07,True,0.0107672872058822
221,221,7,0.0,0.0,0.0,0.0,0.0,3.995,3.995,7.170486e-07,True,0.0107672872058822
221,221,8,0.0,0.0,0.0,0.0,0.0,4.294,4.294,7.011013e-07,True,0.0107672872058822
222,222,1,0.0,0.0,0.0,0.0,0.0,4.318,4.318,2.233503e-07,True,0.0091000777941176
222,222,2,0.0,0.0,0.0,0.0,0.0,4.261,4.261,7.273044e-07,True,0.0091000777941176
222,222,3,0.0,0.0,0.0,0.0,0.0,4.164,4.164,3.106095e-07,True,0.0091000777941176
222,222,4,0.1294117647058823,0.1385118424999999,0.0091000777941176,0.1294117647058823,0.0291048422344361,3.977,4.085,1.299357e-05,True,0.0091000777941176
222,222,5,0.0,0.0,0.0,0.0,0.0,3.977,3.977,4.117349e-07,True,0.0091000777941176
222,222,6,0.0,0.0,0.0,0.0,0.0,4.329,4.329,5.173985e-07,True,0.0091000777941176
222,222,7,0.0,0.0,0.0,0.0,0.0,3.995,3.995,6.989648e-07,True,0.0091000777941176
222,222,8,0.0,0.0,0.0,0.0,0.0,4.294,4.294,7.384887e-07,True,0.0091000777941176
223,223,1,0.0,0.0,0.0,0.0,0.0,4.318,4.318,2.473836e-07,True,0.0135409740686274
223,223,2,0.0,0.0,0.0,0.0,0.0,4.261,4.261,6.470636e-07,True,0.0135409740686274
223,223,3,0.0,0.0,0.0,0.0,0.0,4.164,4.164,1.325853e-06,True,0.0135409740686274
223,223,4,0.0,0.0,0.0,0.0,0.0,4.23,4.23,2.386282e-07,True,0.0135409740686274
223,223,5,0.0901960784313725,0.1037370524999999,0.0135409740686274,0.0901960784313725,0.0453505640058822,3.799,3.854,7.898407e-06,True,0.0135409740686274
223,223,6,0.0,0.0,0.0,0.0,0.0,4.329,4.329,6.639347e-07,True,0.0135409740686274
223,223,7,0.0,0.0,0.0,0.0,0.0,3.995,3.995,7.318267e-07,True,0.0135409740686274
223,223,8,0.0,0.0,0.0,0.0,0.0,4.294,4.294,6.953495e-07,True,0.0135409740686274
225,225,1,0.0,0.0,0.0,0.0,0.0,4.318,4.318,2.591851e-07,True,0.0045679693137256
225,225,2,0.0,0.0,0.0,0.0,0.0,4.261,4.261,6.208114e-07,True,0.0045679693137256
225,225,3,0.0980392156862744,0.102607185,0.0045679693137256,0.0980392156862744,0.0467474904079594,3.895,4.027,7.676519e-06,True,0.0045679693137256
225,225,4,0.0,0.0,0.0,0.0,0.0,4.23,4.23,1.653618e-06,True,0.0045679693137256
225,225,5,0.0,0.0,0.0,0.0,0.0,3.977,3.977,1.502512e-07,True,0.0045679693137256
225,225,6,0.0,0.0,0.0,0.0,0.0,4.329,4.329,5.248877e-07,True,0.0045679693137256
225,225,7,0.0,0.0,0.0,0.0,0.0,3.995,3.995,7.283473e-07,True,0.0045679693137256
225,225,8,0.0,0.0,0.0,0.0,0.0,4.294,4.294,6.992425e-07,True,0.0045679693137256
226,226,1,0.0,0.0,0.0,0.0,0.0,4.318,4.318,2.245561e-07,True,0.0017937417647058
226,226,2,0.0,0.0,0.0,0.0,0.0,4.261,4.261,7.045177e-07,True,0.0017937417647058
226,226,3,0.0,0.0,0.0,0.0,0.0,4.164,4.164,4.223901e-07,True,0.0017937417647058
226,226,4,0.0901960784313725,0.0884023366666666,-0.0017937417647058,0.0901960784313725,0.0137565626714912,4.011,4.121,6.999435e-06,True,0.0017937417647058
226,226,5,0.0,0.0,0.0,0.0,0.0,3.977,3.977,3.074767e-07,True,0.0017937417647058
226,226,6,0.0,0.0,0.0,0.0,0.0,4.329,4.329,5.195225e-07,True,0.0017937417647058
226,226,7,0.0,0.0,0.0,0.0,0.0,3.995,3.995,6.971533e-07,True,0.0017937417647058
226,226,8,0.0,0.0,0.0,0.0,0.0,4.294,4.294,7.33229e-07,True,0.0017937417647058
227,227,1,0.0,0.0,0.0,0.0,0.0,4.318,4.318,2.514239e-07,True,0.0154558684313726
227,227,2,0.0,0.0,0.0,0.0,0.0,4.261,4.261,6.45772e-07,True,0.0154558684313726
227,227,3,0.0,0.0,0.0,0.0,0.0,4.164,4.164,1.336268e-06,True,0.0154558684313726
227,227,4,0.0,0.0,0.0,0.0,0.0,4.23,4.23,2.712047e-07,True,0.0154558684313726
227,227,5,0.1098039215686274,0.12525979,0.0154558684313726,0.1098039215686274,0.0588475801795342,3.785,3.837,1.040982e-05,True,0.0154558684313726
227,227,6,0.0,0.0,0.0,0.0,0.0,4.329,4.329,6.818707e-07,True,0.0154558684313726
227,227,7,0.0,0.0,0.0,0.0,0.0,3.995,3.995,7.38085e-07,True,0.0154558684313726
227,227,8,0.0,0.0,0.0,0.0,0.0,4.294,4.294,6.967305e-07,True,0.0154558684313726
228,228,1,0.0,0.0,0.0,0.0,0.0,4.318,4.318,6.522942e-07,True,0.0085986965196077
228,228,2,0.0980392156862744,0.0894405191666666,-0.0085986965196077,0.0980392156862744,0.0229591551334558,3.973,4.144,6.476661e-06,True,0.0085986965196077
228,228,3,0.0,0.0,0.0,0.0,0.0,4.164,4.164,1.398345e-06,True,0.0085986965196077
228,228,4,0.0,0.0,0.0,0.0,0.0,4.23,4.23,1.258944e-07,True,0.0085986965196077
228,228,5,0.0,0.0,0.0,0.0,0.0,3.977,3.977,1.08738e-07,True,0.0085986965196077
228,228,6,0.0,0.0,0.0,0.0,0.0,4.329,4.329,5.460113e-07,True,0.0085986965196077
228,228,7,0.0,0.0,0.0,0.0,0.0,3.995,3.995,6.949802e-07,True,0.0085986965196077
228,228,8,0.0,0.0,0.0,0.0,0.0,4.294,4.294,7.299382e-07,True,0.0085986965196077
229,229,1,0.0,0.0,0.0,0.0,0.0,4.318,4.318,2.238918e-07,True,0.0098944659313726
229,229,2,0.0,0.0,0.0,0.0,0.0,4.261,4.261,7.186293e-07,True,0.0098944659313726
229,229,3,0.0,0.0,0.0,0.0,0.0,4.164,4.164,3.384825e-07,True,0.0098944659313726
229,229,4,0.1098039215686274,0.1196983875,0.0098944659313726,0.1098039215686274,0.0187978794482842,3.992,4.097,1.075517e-05,True,0.0098944659313726
229,229,5,0.0,0.0,0.0,0.0,0.0,3.977,3.977,3.742291e-07,True,0.0098944659313726
229,229,6,0.0,0.0,0.0,0.0,0.0,4.329,4.329,5.180283e-07,True,0.0098944659313726
229,229,7,0.0,0.0,0.0,0.0,0.0,3.995,3.995,6.978694e-07,True,0.0098944659313726
229,229,8,0.0,0.0,0.0,0.0,0.0,4.294,4.294,7.375061e-07,True,0.0098944659313726
231,231,1,0.0,0.0,0.0,0.0,0.0,4.318,4.318,5.864683e-07,True,0.0145855303921568
231,231,2,0.0941176470588235,0.0795321166666666,-0.0145855303921568,0.0941176470588235,0.0215009514691176,3.975,4.152,5.365345e-06,True,0.0145855303921568
231,231,3,0.0,0.0,0.0,0.0,0.0,4.164,4.164,1.386315e-06,True,0.0145855303921568
231,231,4,0.0,0.0,0.0,0.0,0.0,4.23,4.23,1.258563e-07,True,0.0145855303921568
231,231,5,0.0,0.0,0.0,0.0,0.0,3.977,3.977,1.090793e-07,True,0.0145855303921568
231,231,6,0.0,0.0,0.0,0.0,0.0,4.329,4.329,5.457053e-07,True,0.0145855303921568
231,231,7,0.0,0.0,0.0,0.0,0.0,3.995,3.995,6.953513e-07,True,0.0145855303921568
231,231,8,0.0,0.0,0.0,0.0,0.0,4.294,4.294,7.297335e-07,True,0.0145855303921568
232,232,1,0.0,0.0,0.0,0.0,0.0,4.318,4.318,2.485274e-07,True,0.0157331049999999
232,232,2,0.0,0.0,0.0,0.0,0.0,4.261,4.261,6.267877e-07,True,0.0157331049999999
232,232,3,0.0666666666666666,0.0509335616666666,-0.0157331049999999,0.0666666666666666,0.0306634661874998,3.968,4.074,2.221479e-06,True,0.0157331049999999
232,232,4,0.0,0.0,0.0,0.0,0.0,4.23,4.23,9.359539e-07,True,0.0157331049999999
232,232,5,0.0,0.0,0.0,0.0,0.0,3.977,3.977,1.314242e-07,True,0.0157331049999999
232,232,6,0.0,0.0,0.0,0.0,0.0,4.329,4.329,5.2738e-07,True,0.0157331049999999
232,232,7,0.0,0.0,0.0,0.0,0.0,3.995,3.995,7.171707e-07,True,0.0157331049999999
232,232,8,0.0,0.0,0.0,0.0,0.0,4.294,4.294,7.033045e-07,True,0.0157331049999999
233,233,1,0.0,0.0,0.0,0.0,0.0,4.318,4.318,6.359921e-07,True,0.0199633966666667
233,233,2,0.0666666666666666,0.0866300633333333,0.0199633966666667,0.0666666666666666,0.0225807620740624,3.991,4.146,6.152351e-06,True,0.0199633966666667
233,233,3,0.0,0.0,0.0,0.0,0.0,4.164,4.164,1.398701e-06,True,0.0199633966666667
233,233,4,0.0,0.0,0.0,0.0,0.0,4.23,4.23,1.264029e-07,True,0.0199633966666667
233,233,5,0.0,0.0,0.0,0.0,0.0,3.977,3.977,1.091703e-07,True,0.0199633966666667
233,233,6,0.0,0.0,0.0,0.0,0.0,4.329,4.329,5.472567e-07,True,0.0199633966666667
233,233,7,0.0,0.0,0.0,0.0,0.0,3.995,3.995,6.948549e-07,True,0.0199633966666667
233,233,8,0.0,0.0,0.0,0.0,0.0,4.294,4.294,7.308787e-07,True,0.0199633966666667
234,234,1,0.0,0.0,0.0,0.0,0.0,4.318,4.318,2.978202e-07,True,0.0038401477450981
234,234,2,0.0,0.0,0.0,0.0,0.0,4.261,4.261,6.115133e-07,True,0.0038401477450981
234,234,3,0.6078431372549019,0.611683285,0.0038401477450981,0.6078431372549019,0.2011294804591544,3.619,3.828,6.375031e-05,True,0.0038401477450981
234,234,4,0.0,0.0,0.0,0.0,0.0,4.23,4.23,6.453898e-06,True,0.0038401477450981
234,234,5,0.0,0.0,0.0,0.0,0.0,3.977,3.977,2.994376e-07,True,0.0038401477450981
234,234,6,0.0,0.0,0.0,0.0,0.0,4.329,4.329,5.193954e-07,True,0.0038401477450981
234,234,7,0.0,0.0,0.0,0.0,0.0,3.995,3.995,7.785577e-07,True,0.0038401477450981
234,234,8,0.0,0.0,0.0,0.0,0.0,4.294,4.294,6.91062e-07,True,0.0038401477450981
235,235,1,0.0,0.0,0.0,0.0,0.0,4.318,4.318,4.129223e-06,True,0.0199854477450981
235,235,2,0.6078431372549019,0.627828585,0.0199854477450981,0.6078431372549019,0.1694993622344667,3.737,3.932,6.69972e-05,True,0.0199854477450981
235,235,3,0.0,0.0,0.0,0.0,0.0,4.164,4.164,1.919963e-06,True,0.0199854477450981
235,235,4,0.0,0.0,0.0,0.0,0.0,4.23,4.23,1.331882e-07,True,0.0199854477450981
235,235,5,0.0,0.0,0.0,0.0,0.0,3.977,3.977,1.057389e-07,True,0.0199854477450981
235,235,6,0.0,0.0,0.0,0.0,0.0,4.329,4.329,5.839735e-07,True,0.0199854477450981
235,235,7,0.0,0.0,0.0,0.0,0.0,3.995,3.995,6.92594e-07,True,0.0199854477450981
235,235,8,0.0,0.0,0.0,0.0,0.0,4.294,4.294,7.775496e-07,True,0.0199854477450981
236,236,1,0.0,0.0,0.0,0.0,0.0,4.318,4.318,3.164958e-07,True,0.0149845196568627
236,236,2,0.0,0.0,0.0,0.0,0.0,4.261,4.261,6.458401e-07,True,0.0149845196568627
236,236,3,0.0,0.0,0.0,0.0,0.0,4.164,4.164,1.5241e-06,True,0.0149845196568627
236,236,4,0.0,0.0,0.0,0.0,0.0,4.23,4.23,1.592285e-06,True,0.0149845196568627
236,236,5,0.9490196078431372,0.9640041275,0.0149845196568627,0.9490196078431372,0.6002264108315923,3.352,3.512,0.0001091107,True,0.0149845196568627
236,236,6,0.0,0.0,0.0,0.0,0.0,4.329,4.329,9.255263e-07,True,0.0149845196568627
236,236,7,0.0,0.0,0.0,0.0,0.0,3.995,3.995,8.820236e-07,True,0.0149845196568627
236,236,8,0.0,0.0,0.0,0.0,0.0,4.294,4.294,6.835245e-07,True,0.0149845196568627
237,237,1,0.0,0.0,0.0,0.0,0.0,4.318,4.318,2.22272e-07,True,0.0037881221568627
237,237,2,0.0,0.0,0.0,0.0,0.0,4.261,4.261,8.838548e-07,True,0.0037881221568627
237,237,3,0.0,0.0,0.0,0.0,0.0,4.164,4.164,1.885862e-06,True,0.0037881221568627
237,237,4,0.9490196078431372,0.95280773,0.0037881221568627,0.9490196078431372,0.382718963048517,3.484,3.806,0.0001076457,True,0.0037881221568627
237,237,5,0.0,0.0,0.0,0.0,0.0,3.977,3.977,1.627667e-06,True,0.0037881221568627
237,237,6,0.0,0.0,0.0,0.0,0.0,4.329,4.329,5.48009e-07,True,0.0037881221568627
237,237,7,0.0,0.0,0.0,0.0,0.0,3.995,3.995,7.066545e-07,True,0.0037881221568627
237,237,8,0.0,0.0,0.0,0.0,0.0,4.294,4.294,8.169083e-07,True,0.0037881221568627
238,238,1,0.0,0.0,0.0,0.0,0.0,4.318,4.318,3.16489e-07,True,0.0149358011764706
238,238,2,0.0,0.0,0.0,0.0,0.0,4.261,4.261,6.212966e-07,True,0.0149358011764706
238,238,3,0.984313725490196,0.9992495266666668,0.0149358011764706,0.984313725490196,0.3826793554203372,3.446,3.727,0.0001070101,True,0.0149358011764706
238,238,4,0.0,0.0,0.0,0.0,0.0,4.23,4.23,9.535334e-06,True,0.0149358011764706
238,238,5,0.0,0.0,0.0,0.0,0.0,3.977,3.977,4.065652e-07,True,0.0149358011764706
238,238,6,0.0,0.0,0.0,0.0,0.0,4.329,4.329,5.171613e-07,True,0.0149358011764706
238,238,7,0.0,0.0,0.0,0.0,0.0,3.995,3.995,8.110313e-07,True,0.0149358011764706
238,238,8,0.0,0.0,0.0,0.0,0.0,4.294,4.294,6.919658e-07,True,0.0149358011764706
239,239,1,0.0,0.0,0.0,0.0,0.0,4.318,4.318,3.093401e-07,True,0.0174264182843134
239,239,2,0.0,0.0,0.0,0.0,0.0,4.261,4.261,6.461405e-07,True,0.0174264182843134
239,239,3,0.0,0.0,0.0,0.0,0.0,4.164,4.164,1.50603e-06,True,0.0174264182843134
239,239,4,0.0,0.0,0.0,0.0,0.0,4.23,4.23,1.390632e-06,True,0.0174264182843134
239,239,5,0.8549019607843135,0.8374755425,-0.0174264182843134,0.8549019607843135,0.5226253457924116,3.396,3.549,9.418806e-05,True,0.0174264182843134
239,239,6,0.0,0.0,0.0,0.0,0.0,4.329,4.329,9.107886e-07,True,0.0174264182843134
239,239,7,0.0,0.0,0.0,0.0,0.0,3.995,3.995,8.636931e-07,True,0.0174264182843134
239,239,8,0.0,0.0,0.0,0.0,0.0,4.294,4.294,6.823808e-07,True,0.0174264182843134
240,240,1,0.0,0.0,0.0,0.0,0.0,4.318,4.318,6.4134e-06,True,0.0159072970098038
240,240,2,0.984313725490196,1.0002210225,0.0159072970098038,0.984313725490196,0.3700995088548709,3.589,3.835,0.0001090847,True,0.0159072970098038
240,240,3,0.0,0.0,0.0,0.0,0.0,4.164,4.164,2.183987e-06,True,0.0159072970098038
240,240,4,0.0,0.0,0.0,0.0,0.0,4.23,4.23,1.333663e-07,True,0.0159072970098038
240,240,5,0.0,0.0,0.0,0.0,0.0,3.977,3.977,1.040562e-07,True,0.0159072970098038
240,240,6,0.0,0.0,0.0,0.0,0.0,4.329,4.329,6.075637e-07,True,0.0159072970098038
240,240,7,0.0,0.0,0.0,0.0,0.0,3.995,3.995,6.926686e-07,True,0.0159072970098038
240,240,8,0.0,0.0,0.0,0.0,0.0,4.294,4.294,8.067809e-07,True,0.0159072970098038
241,241,1,0.0,0.0,0.0,0.0,0.0,4.318,4.318,2.20128e-07,True,0.0014922292156864
241,241,2,0.0,0.0,0.0,0.0,0.0,4.261,4.261,8.70413e-07,True,0.0014922292156864
241,241,3,0.0,0.0,0.0,0.0,0.0,4.164,4.164,1.581007e-06,True,0.0014922292156864
241,241,4,0.8549019607843135,0.8563941899999999,0.0014922292156864,0.8549019607843135,0.3416035854902262,3.54,3.831,9.654251e-05,True,0.0014922292156864
241,241,5,0.0,0.0,0.0,0.0,0.0,3.977,3.977,1.498099e-06,True,0.0014922292156864
241,241,6,0.0,0.0,0.0,0.0,0.0,4.329,4.329,5.40404e-07,True,0.0014922292156864
241,241,7,0.0,0.0,0.0,0.0,0.0,3.995,3.995,7.070516e-07,True,0.0014922292156864
241,241,8,0.0,0.0,0.0,0.0,0.0,4.294,4.294,8.076902e-07,True,0.0014922292156864
242,242,1,0.0,0.0,0.0,0.0,0.0,4.318,4.318,2.625669e-07,True,0.0147519540196078
242,242,2,0.0,0.0,0.0,0.0,0.0,4.261,4.261,6.511562e-07,True,0.0147519540196078
242,242,3,0.0,0.0,0.0,0.0,0.0,4.164,4.164,1.368181e-06,True,0.0147519540196078
242,242,4,0.0,0.0,0.0,0.0,0.0,4.23,4.23,3.639566e-07,True,0.0147519540196078
242,242,5,0.1686274509803921,0.1833794049999999,0.0147519540196078,0.1686274509803921,0.0906562524264031,3.742,3.799,1.717483e-05,True,0.0147519540196078
242,242,6,0.0,0.0,0.0,0.0,0.0,4.329,4.329,7.257332e-07,True,0.0147519540196078
242,242,7,0.0,0.0,0.0,0.0,0.0,3.995,3.995,7.576342e-07,True,0.0147519540196078
242,242,8,0.0,0.0,0.0,0.0,0.0,4.294,4.294,7.014705e-07,True,0.0147519540196078
243,243,1,0.0,0.0,0.0,0.0,0.0,4.318,4.318,2.496892e-07,True,0.0146507549509803
243,243,2,0.0,0.0,0.0,0.0,0.0,4.261,4.261,6.372652e-07,True,0.0146507549509803
243,243,3,0.0549019607843137,0.0402512058333333,-0.0146507549509803,0.0549019607843137,0.0250661541838234,4.003,4.09,1.11084e-06,True,0.0146507549509803
243,243,4,0.0,0.0,0.0,0.0,0.0,4.23,4.23,7.356551e-07,True,0.0146507549509803
243,243,5,0.0,0.0,0.0,0.0,0.0,3.977,3.977,1.290297e-07,True,0.0146507549509803
243,243,6,0.0,0.0,0.0,0.0,0.0,4.329,4.329,5.333837e-07,True,0.0146507549509803
243,243,7,0.0,0.0,0.0,0.0,0.0,3.995,3.995,7.195444e-07,True,0.0146507549509803
243,243,8,0.0,0.0,0.0,0.0,0.0,4.294,4.294,7.147374e-07,True,0.0146507549509803
244,244,1,0.0,0.0,0.0,0.0,0.0,4.318,4.318,2.28694e-07,True,0.0074887548529412
244,244,2,0.0,0.0,0.0,0.0,0.0,4.261,4.261,7.439485e-07,True,0.0074887548529412
244,244,3,0.0,0.0,0.0,0.0,0.0,4.164,4.164,2.76267e-07,True,0.0074887548529412
244,244,4,0.1686274509803921,0.1761162058333333,0.0074887548529412,0.1686274509803921,0.0467963789900734,3.947,4.063,1.741996e-05,True,0.0074887548529412
244,244,5,0.0,0.0,0.0,0.0,0.0,3.977,3.977,4.823337e-07,True,0.0074887548529412
244,244,6,0.0,0.0,0.0,0.0,0.0,4.329,4.329,5.236919e-07,True,0.0074887548529412
244,244,7,0.0,0.0,0.0,0.0,0.0,3.995,3.995,7.041971e-07,True,0.0074887548529412
244,244,8,0.0,0.0,0.0,0.0,0.0,4.294,4.294,7.548525e-07,True,0.0074887548529412
245,245,1,0.0,0.0,0.0,0.0,0.0,4.318,4.318,2.316828e-07,True,0.0188937674509803
245,245,2,0.0549019607843137,0.0360081933333333,-0.0188937674509803,0.0549019607843137,0.0,3.998,4.261,6.517788e-07,True,0.0188937674509803
245,245,3,0.0,0.0,0.0,0.0,0.0,4.164,4.164,1.249422e-06,True,0.0188937674509803
245,245,4,0.0,0.0,0.0,0.0,0.0,4.23,4.23,1.19359e-07,True,0.0188937674509803
245,245,5,0.0,0.0,0.0,0.0,0.0,3.977,3.977,1.149491e-07,True,0.0188937674509803
245,245,6,0.0,0.0,0.0,0.0,0.0,4.329,4.329,5.336768e-07,True,0.0188937674509803
245,245,7,0.0,0.0,0.0,0.0,0.0,3.995,3.995,7.020639e-07,True,0.0188937674509803
245,245,8,0.0,0.0,0.0,0.0,0.0,4.294,4.294,7.180508e-07,True,0.0188937674509803
246,246,1,0.0,0.0,0.0,0.0,0.0,4.318,4.318,2.559537e-07,True,0.0152935181862745
246,246,2,0.0,0.0,0.0,0.0,0.0,4.261,4.261,6.528811e-07,True,0.0152935181862745
246,246,3,0.0,0.0,0.0,0.0,0.0,4.164,4.164,1.33841e-06,True,0.0152935181862745
246,246,4,0.0,0.0,0.0,0.0,0.0,4.23,4.23,2.597087e-07,True,0.0152935181862745
246,246,5,0.1019607843137254,0.1172543024999999,0.0152935181862745,0.1019607843137254,0.05400427590674,3.79,3.843,9.431544e-06,True,0.0152935181862745
246,246,6,0.0,0.0,0.0,0.0,0.0,4.329,4.329,6.844968e-07,True,0.0152935181862745
246,246,7,0.0,0.0,0.0,0.0,0.0,3.995,3.995,7.421634e-07,True,0.0152935181862745
246,246,8,0.0,0.0,0.0,0.0,0.0,4.294,4.294,7.053586e-07,True,0.0152935181862745
247,247,1,0.0,0.0,0.0,0.0,0.0,4.318,4.318,2.494759e-07,True,0.009086662990196
247,247,2,0.0,0.0,0.0,0.0,0.0,4.261,4.261,6.368173e-07,True,0.009086662990196
247,247,3,0.0509803921568627,0.0418937291666666,-0.009086662990196,0.0509803921568627,0.0260918185367646,4.014,4.087,1.277218e-06,True,0.009086662990196
247,247,4,0.0,0.0,0.0,0.0,0.0,4.23,4.23,7.688482e-07,True,0.009086662990196
247,247,5,0.0,0.0,0.0,0.0,0.0,3.977,3.977,1.306156e-07,True,0.009086662990196
247,247,6,0.0,0.0,0.0,0.0,0.0,4.329,4.329,5.323691e-07,True,0.009086662990196
247,247,7,0.0,0.0,0.0,0.0,0.0,3.995,3.995,7.197434e-07,True,0.009086662990196
247,247,8,0.0,0.0,0.0,0.0,0.0,4.294,4.294,7.1216e-07,True,0.009086662990196
248,248,1,0.0,0.0,0.0,0.0,0.0,4.318,4.318,2.287035e-07,True,0.0088222726470587
248,248,2,0.0,0.0,0.0,0.0,0.0,4.261,4.261,7.131964e-07,True,0.0088222726470587
248,248,3,0.0,0.0,0.0,0.0,0.0,4.164,4.164,4.05782e-07,True,0.0088222726470587
248,248,4,0.1019607843137254,0.0931385116666666,-0.0088222726470587,0.1019607843137254,0.0142447896338233,3.998,4.117,7.53517e-06,True,0.0088222726470587
248,248,5,0.0,0.0,0.0,0.0,0.0,3.977,3.977,3.217472e-07,True,0.0088222726470587
248,248,6,0.0,0.0,0.0,0.0,0.0,4.329,4.329,5.254084e-07,True,0.0088222726470587
248,248,7,0.0,0.0,0.0,0.0,0.0,3.995,3.995,7.034599e-07,True,0.0088222726470587
248,248,8,0.0,0.0,0.0,0.0,0.0,4.294,4.294,7.43154e-07,True,0.0088222726470587
249,249,1,0.0,0.0,0.0,0.0,0.0,4.318,4.318,2.492027e-07,True,0.0171890264215686
249,249,2,0.0,0.0,0.0,0.0,0.0,4.261,4.261,6.510788e-07,True,0.0171890264215686
249,249,3,0.0,0.0,0.0,0.0,0.0,4.164,4.164,1.315674e-06,True,0.0171890264215686
249,249,4,0.0,0.0,0.0,0.0,0.0,4.23,4.23,1.93181e-07,True,0.0171890264215686
249,249,5,0.0588235294117647,0.0760125558333333,0.0171890264215686,0.0588235294117647,0.0242151272334558,3.837,3.88,4.62737e-06,True,0.0171890264215686
249,249,6,0.0,0.0,0.0,0.0,0.0,4.329,4.329,6.448622e-07,True,0.0171890264215686
249,249,7,0.0,0.0,0.0,0.0,0.0,3.995,3.995,7.30053e-07,True,0.0171890264215686
249,249,8,0.0,0.0,0.0,0.0,0.0,4.294,4.294,7.10085e-07,True,0.0171890264215686
250,250,1,0.0,0.0,0.0,0.0,0.0,4.318,4.318,2.311695e-07,True,0.0150464021568627
250,250,2,0.0509803921568627,0.03593399,-0.0150464021568627,0.0509803921568627,0.0,4.001,4.261,6.502809e-07,True,0.0150464021568627
250,250,3,0.0,0.0,0.0,0.0,0.0,4.164,4.164,1.24864e-06,True,0.0150464021568627
250,250,4,0.0,0.0,0.0,0.0,0.0,4.23,4.23,1.196562e-07,True,0.0150464021568627
250,250,5,0.0,0.0,0.0,0.0,0.0,3.977,3.977,1.155644e-07,True,0.0150464021568627
250,250,6,0.0,0.0,0.0,0.0,0.0,4.329,4.329,5.324397e-07,True,0.0150464021568627
250,250,7,0.0,0.0,0.0,0.0,0.0,3.995,3.995,7.011338e-07,True,0.0150464021568627
250,250,8,0.0,0.0,0.0,0.0,0.0,4.294,4.294,7.131943e-07,True,0.0150464021568627
251,251,1,0.0,0.0,0.0,0.0,0.0,4.318,4.318,2.901493e-07,True,0.0069353604901961
251,251,2,0.0,0.0,0.0,0.0,0.0,4.261,4.261,6.207291e-07,True,0.0069353604901961
251,251,3,0.3490196078431372,0.3559549683333333,0.0069353604901961,0.3490196078431372,0.0872189518570525,3.744,3.908,3.533059e-05,True,0.0069353604901961
251,251,4,0.0,0.0,0.0,0.0,0.0,4.23,4.23,4.243374e-06,True,0.0069353604901961
251,251,5,0.0,0.0,0.0,0.0,0.0,3.977,3.977,2.319777e-07,True,0.0069353604901961
251,251,6,0.0,0.0,0.0,0.0,0.0,4.329,4.329,5.29796e-07,True,0.0069353604901961
251,251,7,0.0,0.0,0.0,0.0,0.0,3.995,3.995,7.6428e-07,True,0.0069353604901961
251,251,8,0.0,0.0,0.0,0.0,0.0,4.294,4.294,7.037001e-07,True,0.0069353604901961
252,252,1,0.0,0.0,0.0,0.0,0.0,4.318,4.318,2.297472e-07,True,0.009571820245098
252,252,2,0.0,0.0,0.0,0.0,0.0,4.261,4.261,6.855541e-07,True,0.009571820245098
252,252,3,0.0,0.0,0.0,0.0,0.0,4.164,4.164,6.633076e-07,True,0.009571820245098
252,252,4,0.0588235294117647,0.0492517091666666,-0.009571820245098,0.0588235294117647,0.008390109747549,4.049,4.164,2.161863e-06,True,0.009571820245098
252,252,5,0.0,0.0,0.0,0.0,0.0,3.977,3.977,2.126507e-07,True,0.009571820245098
252,252,6,0.0,0.0,0.0,0.0,0.0,4.329,4.329,5.265562e-07,True,0.009571820245098
252,252,7,0.0,0.0,0.0,0.0,0.0,3.995,3.995,7.015358e-07,True,0.009571820245098
252,252,8,0.0,0.0,0.0,0.0,0.0,4.294,4.294,7.289905e-07,True,0.009571820245098
253,253,1,0.0,0.0,0.0,0.0,0.0,4.318,4.318,2.940785e-07,True,0.0096499892647059
253,253,2,0.0,0.0,0.0,0.0,0.0,4.261,4.261,6.505601e-07,True,0.0096499892647059
253,253,3,0.0,0.0,0.0,0.0,0.0,4.164,4.164,1.469176e-06,True,0.0096499892647059
253,253,4,0.0,0.0,0.0,0.0,0.0,4.23,4.23,9.977994e-07,True,0.0096499892647059
253,253,5,0.576470588235294,0.5861205774999999,0.0096499892647059,0.576470588235294,0.3605838092016108,3.524,3.629,6.453625e-05,True,0.0096499892647059
253,253,6,0.0,0.0,0.0,0.0,0.0,4.329,4.329,8.674628e-07,True,0.0096499892647059
253,253,7,0.0,0.0,0.0,0.0,0.0,3.995,3.995,8.300393e-07,True,0.0096499892647059
253,253,8,0.0,0.0,0.0,0.0,0.0,4.294,4.294,6.891032e-07,True,0.0096499892647059
255,255,1,0.0,0.0,0.0,0.0,0.0,4.318,4.318,3.149211e-07,True,0.00160232254902
255,255,2,0.0,0.0,0.0,0.0,0.0,4.261,4.261,6.227659e-07,True,0.00160232254902
255,255,3,0.9882352941176468,0.9898376166666668,0.00160232254902,0.9882352941176468,0.3775267384981774,3.444,3.729,0.0001059452,True,0.00160232254902
255,255,4,0.0,0.0,0.0,0.0,0.0,4.23,4.23,9.467978e-06,True,0.00160232254902
255,255,5,0.0,0.0,0.0,0.0,0.0,3.977,3.977,4.046181e-07,True,0.00160232254902
255,255,6,0.0,0.0,0.0,0.0,0.0,4.329,4.329,5.188992e-07,True,0.00160232254902
255,255,7,0.0,0.0,0.0,0.0,0.0,3.995,3.995,8.101781e-07,True,0.00160232254902
255,255,8,0.0,0.0,0.0,0.0,0.0,4.294,4.294,6.959536e-07,True,0.00160232254902
256,256,1,0.0,0.0,0.0,0.0,0.0,4.318,4.318,2.222046e-07,True,0.0001318734313726
256,256,2,0.0,0.0,0.0,0.0,0.0,4.261,4.261,8.259339e-07,True,0.0001318734313726
256,256,3,0.0,0.0,0.0,0.0,0.0,4.164,4.164,8.305492e-07,True,0.0001318734313726
256,256,4,0.576470588235294,0.5766024616666666,0.0001318734313726,0.576470588235294,0.2160722710735782,3.697,3.91,6.41916e-05,True,0.0001318734313726
256,256,5,0.0,0.0,0.0,0.0,0.0,3.977,3.977,1.101935e-06,True,0.0001318734313726
256,256,6,0.0,0.0,0.0,0.0,0.0,4.329,4.329,5.283314e-07,True,0.0001318734313726
256,256,7,0.0,0.0,0.0,0.0,0.0,3.995,3.995,7.048868e-07,True,0.0001318734313726
256,256,8,0.0,0.0,0.0,0.0,0.0,4.294,4.294,7.868545e-07,True,0.0001318734313726
257,257,1,0.0,0.0,0.0,0.0,0.0,4.318,4.318,6.439971e-06,True,0.0124689275490198
257,257,2,0.9882352941176468,1.0007042216666666,0.0124689275490198,0.9882352941176468,0.3727553617599897,3.587,3.834,0.0001091278,True,0.0124689275490198
257,257,3,0.0,0.0,0.0,0.0,0.0,4.164,4.164,2.1803e-06,True,0.0124689275490198
257,257,4,0.0,0.0,0.0,0.0,0.0,4.23,4.23,1.33076e-07,True,0.0124689275490198
257,257,5,0.0,0.0,0.0,0.0,0.0,3.977,3.977,1.037244e-07,True,0.0124689275490198
257,257,6,0.0,0.0,0.0,0.0,0.0,4.329,4.329,6.054017e-07,True,0.0124689275490198
257,257,7,0.0,0.0,0.0,0.0,0.0,3.995,3.995,6.907237e-07,True,0.0124689275490198
257,257,8,0.0,0.0,0.0,0.0,0.0,4.294,4.294,8.035098e-07,True,0.0124689275490198
258,258,1,0.0,0.0,0.0,0.0,0.0,4.318,4.318,2.678056e-07,True,0.0133440283823529
258,258,2,0.0,0.0,0.0,0.0,0.0,4.261,4.261,6.489336e-07,True,0.0133440283823529
258,258,3,0.0,0.0,0.0,0.0,0.0,4.164,4.164,1.387189e-06,True,0.0133440283823529
258,258,4,0.0,0.0,0.0,0.0,0.0,4.23,4.23,4.992647e-07,True,0.0133440283823529
258,258,5,0.2549019607843137,0.2682459891666667,0.0133440283823529,0.2549019607843137,0.1520621074580391,3.685,3.754,2.715505e-05,True,0.0133440283823529
258,258,6,0.0,0.0,0.0,0.0,0.0,4.329,4.329,7.667409e-07,True,0.0133440283823529
258,258,7,0.0,0.0,0.0,0.0,0.0,3.995,3.995,7.717103e-07,True,0.0133440283823529
258,258,8,0.0,0.0,0.0,0.0,0.0,4.294,4.294,6.928246e-07,True,0.0133440283823529
259,259,1,0.0,0.0,0.0,0.0,0.0,4.318,4.318,2.861502e-07,True,0.0078089541176472
259,259,2,0.0,0.0,0.0,0.0,0.0,4.261,4.261,6.15715e-07,True,0.0078089541176472
259,259,3,0.4117647058823528,0.41957366,0.0078089541176472,0.4117647058823528,0.111034561411752,3.711,3.886,4.239101e-05,True,0.0078089541176472
259,259,4,0.0,0.0,0.0,0.0,0.0,4.23,4.23,4.824968e-06,True,0.0078089541176472
259,259,5,0.0,0.0,0.0,0.0,0.0,3.977,3.977,2.464323e-07,True,0.0078089541176472
259,259,6,0.0,0.0,0.0,0.0,0.0,4.329,4.329,5.244825e-07,True,0.0078089541176472
259,259,7,0.0,0.0,0.0,0.0,0.0,3.995,3.995,7.658359e-07,True,0.0078089541176472
259,259,8,0.0,0.0,0.0,0.0,0.0,4.294,4.294,6.942453e-07,True,0.0078089541176472
260,260,1,0.0,0.0,0.0,0.0,0.0,4.318,4.318,2.23683e-07,True,0.0059144158823529
260,260,2,0.0,0.0,0.0,0.0,0.0,4.261,4.261,7.628557e-07,True,0.0059144158823529
260,260,3,0.0,0.0,0.0,0.0,0.0,4.164,4.164,2.95882e-07,True,0.0059144158823529
260,260,4,0.2549019607843137,0.2608163766666666,0.0059144158823529,0.2549019607843137,0.0812418563137254,3.884,4.022,2.741091e-05,True,0.0059144158823529
260,260,5,0.0,0.0,0.0,0.0,0.0,3.977,3.977,6.237105e-07,True,0.0059144158823529
260,260,6,0.0,0.0,0.0,0.0,0.0,4.329,4.329,5.21141e-07,True,0.0059144158823529
260,260,7,0.0,0.0,0.0,0.0,0.0,3.995,3.995,7.027568e-07,True,0.0059144158823529
260,260,8,0.0,0.0,0.0,0.0,0.0,4.294,4.294,7.570262e-07,True,0.0059144158823529
261,261,1,0.0,0.0,0.0,0.0,0.0,4.318,4.318,2.619801e-07,True,0.0141034224509804
261,261,2,0.0,0.0,0.0,0.0,0.0,4.261,4.261,6.475109e-07,True,0.0141034224509804
261,261,3,0.0,0.0,0.0,0.0,0.0,4.164,4.164,1.37529e-06,True,0.0141034224509804
261,261,4,0.0,0.0,0.0,0.0,0.0,4.23,4.23,4.313309e-07,True,0.0141034224509804
261,261,5,0.2117647058823529,0.2258681283333333,0.0141034224509804,0.2117647058823529,0.1226854016903982,3.711,3.775,2.218832e-05,True,0.0141034224509804
261,261,6,0.0,0.0,0.0,0.0,0.0,4.329,4.329,7.457295e-07,True,0.0141034224509804
261,261,7,0.0,0.0,0.0,0.0,0.0,3.995,3.995,7.624976e-07,True,0.0141034224509804
261,261,8,0.0,0.0,0.0,0.0,0.0,4.294,4.294,6.915164e-07,True,0.0141034224509804
262,262,1,0.0,0.0,0.0,0.0,0.0,4.318,4.318,2.87552e-06,True,0.0189697374509805
262,262,2,0.4117647058823528,0.4307344433333334,0.0189697374509805,0.4117647058823528,0.0673519466200855,3.817,3.991,4.479048e-05,True,0.0189697374509805
262,262,3,0.0,0.0,0.0,0.0,0.0,4.164,4.164,1.748008e-06,True,0.0189697374509805
262,262,4,0.0,0.0,0.0,0.0,0.0,4.23,4.23,1.323377e-07,True,0.0189697374509805
262,262,5,0.0,0.0,0.0,0.0,0.0,3.977,3.977,1.062975e-07,True,0.0189697374509805
262,262,6,0.0,0.0,0.0,0.0,0.0,4.329,4.329,5.755467e-07,True,0.0189697374509805
262,262,7,0.0,0.0,0.0,0.0,0.0,3.995,3.995,6.936659e-07,True,0.0189697374509805
262,262,8,0.0,0.0,0.0,0.0,0.0,4.294,4.294,7.662774e-07,True,0.0189697374509805
263,263,1,0.0,0.0,0.0,0.0,0.0,4.318,4.318,2.73152e-07,True,0.0015811267647058
263,263,2,0.0,0.0,0.0,0.0,0.0,4.261,4.261,6.183936e-07,True,0.0015811267647058
263,263,3,0.2235294117647059,0.221948285,-0.0015811267647058,0.2235294117647059,0.0692747351740196,3.813,3.961,2.061023e-05,True,0.0015811267647058
263,263,4,0.0,0.0,0.0,0.0,0.0,4.23,4.23,2.967955e-06,True,0.0015811267647058
263,263,5,0.0,0.0,0.0,0.0,0.0,3.977,3.977,1.89465e-07,True,0.0015811267647058
263,263,6,0.0,0.0,0.0,0.0,0.0,4.329,4.329,5.272656e-07,True,0.0015811267647058
263,263,7,0.0,0.0,0.0,0.0,0.0,3.995,3.995,7.473702e-07,True,0.0015811267647058
263,263,8,0.0,0.0,0.0,0.0,0.0,4.294,4.294,6.999628e-07,True,0.0015811267647058
264,264,1,0.0,0.0,0.0,0.0,0.0,4.318,4.318,2.210575e-07,True,0.0013688057843137
264,264,2,0.0,0.0,0.0,0.0,0.0,4.261,4.261,7.496918e-07,True,0.0013688057843137
264,264,3,0.0,0.0,0.0,0.0,0.0,4.164,4.164,2.750802e-07,True,0.0013688057843137
264,264,4,0.2117647058823529,0.2131335116666666,0.0013688057843137,0.2117647058823529,0.0630868075654411,3.913,4.044,2.18208e-05,True,0.0013688057843137
264,264,5,0.0,0.0,0.0,0.0,0.0,3.977,3.977,5.418479e-07,True,0.0013688057843137
264,264,6,0.0,0.0,0.0,0.0,0.0,4.329,4.329,5.18408e-07,True,0.0013688057843137
264,264,7,0.0,0.0,0.0,0.0,0.0,3.995,3.995,6.989926e-07,True,0.0013688057843137
264,264,8,0.0,0.0,0.0,0.0,0.0,4.294,4.294,7.501434e-07,True,0.0013688057843137
265,265,1,0.0,0.0,0.0,0.0,0.0,4.318,4.318,2.676064e-07,True,0.0147769138725491
265,265,2,0.0,0.0,0.0,0.0,0.0,4.261,4.261,6.466424e-07,True,0.0147769138725491
265,265,3,0.0,0.0,0.0,0.0,0.0,4.164,4.164,1.391148e-06,True,0.0147769138725491
265,265,4,0.0,0.0,0.0,0.0,0.0,4.23,4.23,5.240877e-07,True,0.0147769138725491
265,265,5,0.2705882352941175,0.2853651491666666,0.0147769138725491,0.2705882352941175,0.162585491265931,3.677,3.746,2.918006e-05,True,0.0147769138725491
265,265,6,0.0,0.0,0.0,0.0,0.0,4.329,4.329,7.694952e-07,True,0.0147769138725491
265,265,7,0.0,0.0,0.0,0.0,0.0,3.995,3.995,7.742659e-07,True,0.0147769138725491
265,265,8,0.0,0.0,0.0,0.0,0.0,4.294,4.294,6.905123e-07,True,0.0147769138725491
266,266,1,0.0,0.0,0.0,0.0,0.0,4.318,4.318,1.50118e-06,True,0.0060019434313725
266,266,2,0.2235294117647059,0.2175274683333333,-0.0060019434313725,0.2235294117647059,0.0372735042444852,3.901,4.071,2.081927e-05,True,0.0060019434313725
266,266,3,0.0,0.0,0.0,0.0,0.0,4.164,4.164,1.542452e-06,True,0.0060019434313725
266,266,4,0.0,0.0,0.0,0.0,0.0,4.23,4.23,1.293424e-07,True,0.0060019434313725
266,266,5,0.0,0.0,0.0,0.0,0.0,3.977,3.977,1.088349e-07,True,0.0060019434313725
266,266,6,0.0,0.0,0.0,0.0,0.0,4.329,4.329,5.601631e-07,True,0.0060019434313725
266,266,7,0.0,0.0,0.0,0.0,0.0,3.995,3.995,6.94557e-07,True,0.0060019434313725
266,266,8,0.0,0.0,0.0,0.0,0.0,4.294,4.294,7.474968e-07,True,0.0060019434313725
267,267,1,0.0,0.0,0.0,0.0,0.0,4.318,4.318,2.71161e-07,True,0.0038605069117646
267,267,2,0.0,0.0,0.0,0.0,0.0,4.261,4.261,6.152816e-07,True,0.0038605069117646
267,267,3,0.207843137254902,0.2117036441666666,0.0038605069117646,0.207843137254902,0.0674816663772059,3.823,3.966,1.950773e-05,True,0.0038605069117646
267,267,4,0.0,0.0,0.0,0.0,0.0,4.23,4.23,2.850866e-06,True,0.0038605069117646
267,267,5,0.0,0.0,0.0,0.0,0.0,3.977,3.977,1.85898e-07,True,0.0038605069117646
267,267,6,0.0,0.0,0.0,0.0,0.0,4.329,4.329,5.260389e-07,True,0.0038605069117646
267,267,7,0.0,0.0,0.0,0.0,0.0,3.995,3.995,7.472681e-07,True,0.0038605069117646
267,267,8,0.0,0.0,0.0,0.0,0.0,4.294,4.294,7.001937e-07,True,0.0038605069117646
268,268,1,0.0,0.0,0.0,0.0,0.0,4.318,4.318,2.213406e-07,True,0.0130101697058824
268,268,2,0.0,0.0,0.0,0.0,0.0,4.261,4.261,7.661454e-07,True,0.0130101697058824
268,268,3,0.0,0.0,0.0,0.0,0.0,4.164,4.164,3.149915e-07,True,0.0130101697058824
268,268,4,0.2705882352941175,0.283598405,0.0130101697058824,0.2705882352941175,0.0896145758259802,3.875,4.012,3.008552e-05,True,0.0130101697058824
268,268,5,0.0,0.0,0.0,0.0,0.0,3.977,3.977,6.625158e-07,True,0.0130101697058824
268,268,6,0.0,0.0,0.0,0.0,0.0,4.329,4.329,5.189086e-07,True,0.0130101697058824
268,268,7,0.0,0.0,0.0,0.0,0.0,3.995,3.995,7.017028e-07,True,0.0130101697058824
268,268,8,0.0,0.0,0.0,0.0,0.0,4.294,4.294,7.606839e-07,True,0.0130101697058824
269,269,1,0.0,0.0,0.0,0.0,0.0,4.318,4.318,2.688547e-07,True,0.0128868026470588
269,269,2,0.0,0.0,0.0,0.0,0.0,4.261,4.261,6.452482e-07,True,0.0128868026470588
269,269,3,0.0,0.0,0.0,0.0,0.0,4.164,4.164,1.404033e-06,True,0.0128868026470588
269,269,4,0.0,0.0,0.0,0.0,0.0,4.23,4.23,5.680573e-07,True,0.0128868026470588
269,269,5,0.2980392156862745,0.3109260183333334,0.0128868026470588,0.2980392156862745,0.1797886901910967,3.662,3.734,3.217316e-05,True,0.0128868026470588
269,269,6,0.0,0.0,0.0,0.0,0.0,4.329,4.329,7.853707e-07,True,0.0128868026470588
269,269,7,0.0,0.0,0.0,0.0,0.0,3.995,3.995,7.789436e-07,True,0.0128868026470588
269,269,8,0.0,0.0,0.0,0.0,0.0,4.294,4.294,6.874547e-07,True,0.0128868026470588
270,270,1,0.0,0.0,0.0,0.0,0.0,4.318,4.318,1.426915e-06,True,0.001365059754902
270,270,2,0.207843137254902,0.2064780774999999,-0.001365059754902,0.207843137254902,0.0363978785867035,3.91,4.076,1.956249e-05,True,0.001365059754902
270,270,3,0.0,0.0,0.0,0.0,0.0,4.164,4.164,1.54897e-06,True,0.001365059754902
270,270,4,0.0,0.0,0.0,0.0,0.0,4.23,4.23,1.306571e-07,True,0.001365059754902
270,270,5,0.0,0.0,0.0,0.0,0.0,3.977,3.977,1.084271e-07,True,0.001365059754902
270,270,6,0.0,0.0,0.0,0.0,0.0,4.329,4.329,5.604696e-07,True,0.001365059754902
270,270,7,0.0,0.0,0.0,0.0,0.0,3.995,3.995,6.966994e-07,True,0.001365059754902
270,270,8,0.0,0.0,0.0,0.0,0.0,4.294,4.294,7.427411e-07,True,0.001365059754902
271,271,1,0.0,0.0,0.0,0.0,0.0,4.318,4.318,2.743029e-07,True,0.0067401315196077
271,271,2,0.0,0.0,0.0,0.0,0.0,4.261,4.261,6.190394e-07,True,0.0067401315196077
271,271,3,0.2313725490196078,0.2246324175,-0.0067401315196077,0.2313725490196078,0.0695329423775735,3.808,3.96,2.090822e-05,True,0.0067401315196077
271,271,4,0.0,0.0,0.0,0.0,0.0,4.23,4.23,2.984283e-06,True,0.0067401315196077
271,271,5,0.0,0.0,0.0,0.0,0.0,3.977,3.977,1.91372e-07,True,0.0067401315196077
271,271,6,0.0,0.0,0.0,0.0,0.0,4.329,4.329,5.286502e-07,True,0.0067401315196077
271,271,7,0.0,0.0,0.0,0.0,0.0,3.995,3.995,7.502873e-07,True,0.0067401315196077
271,271,8,0.0,0.0,0.0,0.0,0.0,4.294,4.294,6.997353e-07,True,0.0067401315196077
272,272,1,0.0,0.0,0.0,0.0,0.0,4.318,4.318,2.235846e-07,True,0.0007245718137254
272,272,2,0.0,0.0,0.0,0.0,0.0,4.261,4.261,7.738548e-07,True,0.0007245718137254
272,272,3,0.0,0.0,0.0,0.0,0.0,4.164,4.164,3.264789e-07,True,0.0007245718137254
272,272,4,0.2980392156862745,0.2987637875,0.0007245718137254,0.2980392156862745,0.0943643548850551,3.858,4.006,3.184225e-05,True,0.0007245718137254
272,272,5,0.0,0.0,0.0,0.0,0.0,3.977,3.977,6.921592e-07,True,0.0007245718137254
272,272,6,0.0,0.0,0.0,0.0,0.0,4.329,4.329,5.227677e-07,True,0.0007245718137254
272,272,7,0.0,0.0,0.0,0.0,0.0,3.995,3.995,7.047275e-07,True,0.0007245718137254
272,272,8,0.0,0.0,0.0,0.0,0.0,4.294,4.294,7.658318e-07,True,0.0007245718137254
273,273,1,0.0,0.0,0.0,0.0,0.0,4.318,4.318,2.72985e-07,True,0.0139260178921569
273,273,2,0.0,0.0,0.0,0.0,0.0,4.261,4.261,6.496263e-07,True,0.0139260178921569
273,273,3,0.0,0.0,0.0,0.0,0.0,4.164,4.164,1.411431e-06,True,0.0139260178921569
273,273,4,0.0,0.0,0.0,0.0,0.0,4.23,4.23,5.849791e-07,True,0.0139260178921569
273,273,5,0.3058823529411764,0.3198083708333333,0.0139260178921569,0.3058823529411764,0.1852833453048344,3.658,3.73,3.318251e-05,True,0.0139260178921569
273,273,6,0.0,0.0,0.0,0.0,0.0,4.329,4.329,8.002669e-07,True,0.0139260178921569
273,273,7,0.0,0.0,0.0,0.0,0.0,3.995,3.995,7.820183e-07,True,0.0139260178921569
273,273,8,0.0,0.0,0.0,0.0,0.0,4.294,4.294,6.931879e-07,True,0.0139260178921569
274,274,1,0.0,0.0,0.0,0.0,0.0,4.318,4.318,1.603162e-06,True,0.0016075809803922
274,274,2,0.2313725490196078,0.23298013,0.0016075809803922,0.2313725490196078,0.0387325450667416,3.897,4.064,2.251931e-05,True,0.0016075809803922
274,274,3,0.0,0.0,0.0,0.0,0.0,4.164,4.164,1.574443e-06,True,0.0016075809803922
274,274,4,0.0,0.0,0.0,0.0,0.0,4.23,4.23,1.327078e-07,True,0.0016075809803922
274,274,5,0.0,0.0,0.0,0.0,0.0,3.977,3.977,1.106019e-07,True,0.0016075809803922
274,274,6,0.0,0.0,0.0,0.0,0.0,4.329,4.329,5.685644e-07,True,0.0016075809803922
274,274,7,0.0,0.0,0.0,0.0,0.0,3.995,3.995,6.979763e-07,True,0.0016075809803922
274,274,8,0.0,0.0,0.0,0.0,0.0,4.294,4.294,7.508502e-07,True,0.0016075809803922
275,275,1,0.0,0.0,0.0,0.0,0.0,4.318,4.318,2.783544e-07,True,0.0199421285294117
275,275,2,0.0,0.0,0.0,0.0,0.0,4.261,4.261,6.2737e-07,True,0.0199421285294117
275,275,3,0.2470588235294117,0.2271166949999999,-0.0199421285294117,0.2470588235294117,0.0697169231465685,3.798,3.959,2.115009e-05,True,0.0199421285294117
275,275,4,0.0,0.0,0.0,0.0,0.0,4.23,4.23,3.009636e-06,True,0.0199421285294117
275,275,5,0.0,0.0,0.0,0.0,0.0,3.977,3.977,1.957002e-07,True,0.0199421285294117
275,275,6,0.0,0.0,0.0,0.0,0.0,4.329,4.329,5.352219e-07,True,0.0199421285294117
275,275,7,0.0,0.0,0.0,0.0,0.0,3.995,3.995,7.518251e-07,True,0.0199421285294117
275,275,8,0.0,0.0,0.0,0.0,0.0,4.294,4.294,7.058058e-07,True,0.0199421285294117
276,276,1,0.0,0.0,0.0,0.0,0.0,4.318,4.318,2.281612e-07,True,0.0045398020588235
276,276,2,0.0,0.0,0.0,0.0,0.0,4.261,4.261,7.819746e-07,True,0.0045398020588235
276,276,3,0.0,0.0,0.0,0.0,0.0,4.164,4.164,3.338197e-07,True,0.0045398020588235
276,276,4,0.3058823529411764,0.310422155,0.0045398020588235,0.3058823529411764,0.0981079013366052,3.853,4.001,3.3189e-05,True,0.0045398020588235
276,276,5,0.0,0.0,0.0,0.0,0.0,3.977,3.977,7.120466e-07,True,0.0045398020588235
276,276,6,0.0,0.0,0.0,0.0,0.0,4.329,4.329,5.274384e-07,True,0.0045398020588235
276,276,7,0.0,0.0,0.0,0.0,0.0,3.995,3.995,7.073002e-07,True,0.0045398020588235
276,276,8,0.0,0.0,0.0,0.0,0.0,4.294,4.294,7.709179e-07,True,0.0045398020588235
277,277,1,0.0,0.0,0.0,0.0,0.0,4.318,4.318,2.795103e-07,True,0.0154577667647058
277,277,2,0.0,0.0,0.0,0.0,0.0,4.261,4.261,6.547985e-07,True,0.0154577667647058
277,277,3,0.0,0.0,0.0,0.0,0.0,4.164,4.164,1.419013e-06,True,0.0154577667647058
277,277,4,0.0,0.0,0.0,0.0,0.0,4.23,4.23,5.907976e-07,True,0.0154577667647058
277,277,5,0.3098039215686274,0.3252616883333333,0.0154577667647058,0.3098039215686274,0.1876479699109741,3.656,3.728,3.379815e-05,True,0.0154577667647058
277,277,6,0.0,0.0,0.0,0.0,0.0,4.329,4.329,7.993506e-07,True,0.0154577667647058
277,277,7,0.0,0.0,0.0,0.0,0.0,3.995,3.995,7.901917e-07,True,0.0154577667647058
277,277,8,0.0,0.0,0.0,0.0,0.0,4.294,4.294,6.995909e-07,True,0.0154577667647058
278,278,1,0.0,0.0,0.0,0.0,0.0,4.318,4.318,1.698816e-06,True,0.0006579248039216
278,278,2,0.2470588235294117,0.2477167483333333,0.0006579248039216,0.2470588235294117,0.0398126625215777,3.89,4.058,2.414994e-05,True,0.0006579248039216
278,278,3,0.0,0.0,0.0,0.0,0.0,4.164,4.164,1.602206e-06,True,0.0006579248039216
278,278,4,0.0,0.0,0.0,0.0,0.0,4.23,4.23,1.331042e-07,True,0.0006579248039216
278,278,5,0.0,0.0,0.0,0.0,0.0,3.977,3.977,1.116819e-07,True,0.0006579248039216
278,278,6,0.0,0.0,0.0,0.0,0.0,4.329,4.329,5.712078e-07,True,0.0006579248039216
278,278,7,0.0,0.0,0.0,0.0,0.0,3.995,3.995,7.013759e-07,True,0.0006579248039216
278,278,8,0.0,0.0,0.0,0.0,0.0,4.294,4.294,7.57678e-07,True,0.0006579248039216
279,279,1,0.0,0.0,0.0,0.0,0.0,4.318,4.318,2.255371e-07,True,0.0079627817647059
279,279,2,0.0,0.0,0.0,0.0,0.0,4.261,4.261,7.844313e-07,True,0.0079627817647059
279,279,3,0.0,0.0,0.0,0.0,0.0,4.164,4.164,3.42227e-07,True,0.0079627817647059
279,279,4,0.3098039215686274,0.3177667033333333,0.0079627817647059,0.3098039215686274,0.1022502993995017,3.851,3.998,3.404585e-05,True,0.0079627817647059
279,279,5,0.0,0.0,0.0,0.0,0.0,3.977,3.977,7.287861e-07,True,0.0079627817647059
279,279,6,0.0,0.0,0.0,0.0,0.0,4.329,4.329,5.259714e-07,True,0.0079627817647059
279,279,7,0.0,0.0,0.0,0.0,0.0,3.995,3.995,7.083232e-07,True,0.0079627817647059
279,279,8,0.0,0.0,0.0,0.0,0.0,4.294,4.294,7.708783e-07,True,0.0079627817647059
280,280,1,0.0,0.0,0.0,0.0,0.0,4.318,4.318,3.025752e-07,True,0.0100405623039214
280,280,2,0.0,0.0,0.0,0.0,0.0,4.261,4.261,6.545451e-07,True,0.0100405623039214
280,280,3,0.0,0.0,0.0,0.0,0.0,4.164,4.164,1.48635e-06,True,0.0100405623039214
280,280,4,0.0,0.0,0.0,0.0,0.0,4.23,4.23,1.123649e-06,True,0.0100405623039214
280,280,5,0.6470588235294118,0.6570993858333333,0.0100405623039214,0.6470588235294118,0.4065719565575954,3.491,3.605,7.285474e-05,True,0.0100405623039214
280,280,6,0.0,0.0,0.0,0.0,0.0,4.329,4.329,8.952215e-07,True,0.0100405623039214
280,280,7,0.0,0.0,0.0,0.0,0.0,3.995,3.995,8.409964e-07,True,0.0100405623039214
280,280,8,0.0,0.0,0.0,0.0,0.0,4.294,4.294,6.938491e-07,True,0.0100405623039214
281,281,1,0.0,0.0,0.0,0.0,0.0,4.318,4.318,3.070406e-07,True,0.0065634567647057
281,281,2,0.0,0.0,0.0,0.0,0.0,4.261,4.261,6.316453e-07,True,0.0065634567647057
281,281,3,0.6431372549019608,0.6497007116666665,0.0065634567647057,0.6431372549019608,0.2179081820674327,3.603,3.817,6.789455e-05,True,0.0065634567647057
281,281,4,0.0,0.0,0.0,0.0,0.0,4.23,4.23,6.778508e-06,True,0.0065634567647057
281,281,5,0.0,0.0,0.0,0.0,0.0,3.977,3.977,3.203398e-07,True,0.0065634567647057
281,281,6,0.0,0.0,0.0,0.0,0.0,4.329,4.329,5.33117e-07,True,0.0065634567647057
281,281,7,0.0,0.0,0.0,0.0,0.0,3.995,3.995,7.923426e-07,True,0.0065634567647057
281,281,8,0.0,0.0,0.0,0.0,0.0,4.294,4.294,7.065421e-07,True,0.0065634567647057
282,282,1,0.0,0.0,0.0,0.0,0.0,4.318,4.318,2.257448e-07,True,0.0096744956372548
282,282,2,0.0,0.0,0.0,0.0,0.0,4.261,4.261,8.52318e-07,True,0.0096744956372548
282,282,3,0.0,0.0,0.0,0.0,0.0,4.164,4.164,1.005552e-06,True,0.0096744956372548
282,282,4,0.6470588235294118,0.6567333191666667,0.0096744956372548,0.6470588235294118,0.2511565676461765,3.658,3.886,7.342917e-05,True,0.0096744956372548
282,282,5,0.0,0.0,0.0,0.0,0.0,3.977,3.977,1.23957e-06,True,0.0096744956372548
282,282,6,0.0,0.0,0.0,0.0,0.0,4.329,4.329,5.421696e-07,True,0.0096744956372548
282,282,7,0.0,0.0,0.0,0.0,0.0,3.995,3.995,7.100378e-07,True,0.0096744956372548
282,282,8,0.0,0.0,0.0,0.0,0.0,4.294,4.294,8.034361e-07,True,0.0096744956372548
283,283,1,0.0,0.0,0.0,0.0,0.0,4.318,4.318,2.949702e-07,True,0.0150005650980392
283,283,2,0.0,0.0,0.0,0.0,0.0,4.261,4.261,6.581874e-07,True,0.0150005650980392
283,283,3,0.0,0.0,0.0,0.0,0.0,4.164,4.164,1.458575e-06,True,0.0150005650980392
283,283,4,0.0,0.0,0.0,0.0,0.0,4.23,4.23,9.546091e-07,True,0.0150005650980392
283,283,5,0.5568627450980391,0.5418621799999999,-0.0150005650980392,0.5568627450980391,0.3329694270547427,3.533,3.644,5.925528e-05,True,0.0150005650980392
283,283,6,0.0,0.0,0.0,0.0,0.0,4.329,4.329,8.772536e-07,True,0.0150005650980392
283,283,7,0.0,0.0,0.0,0.0,0.0,3.995,3.995,8.240418e-07,True,0.0150005650980392
283,283,8,0.0,0.0,0.0,0.0,0.0,4.294,4.294,7.005445e-07,True,0.0150005650980392
284,284,1,0.0,0.0,0.0,0.0,0.0,4.318,4.318,4.222525e-06,True,0.0055425534313724
284,284,2,0.6431372549019608,0.6486798083333333,0.0055425534313724,0.6431372549019608,0.1795690938760177,3.724,3.926,6.933939e-05,True,0.0055425534313724
284,284,3,0.0,0.0,0.0,0.0,0.0,4.164,4.164,1.934015e-06,True,0.0055425534313724
284,284,4,0.0,0.0,0.0,0.0,0.0,4.23,4.23,1.363108e-07,True,0.0055425534313724
284,284,5,0.0,0.0,0.0,0.0,0.0,3.977,3.977,1.112918e-07,True,0.0055425534313724
284,284,6,0.0,0.0,0.0,0.0,0.0,4.329,4.329,6.0044e-07,True,0.0055425534313724
284,284,7,0.0,0.0,0.0,0.0,0.0,3.995,3.995,7.011694e-07,True,0.0055425534313724
284,284,8,0.0,0.0,0.0,0.0,0.0,4.294,4.294,7.96435e-07,True,0.0055425534313724
285,285,1,0.0,0.0,0.0,0.0,0.0,4.318,4.318,2.808244e-07,True,0.0009517677941177
285,285,2,0.0,0.0,0.0,0.0,0.0,4.261,4.261,6.363376e-07,True,0.0009517677941177
285,285,3,0.196078431372549,0.1970301991666667,0.0009517677941177,0.196078431372549,0.0649395653374386,3.831,3.973,1.781885e-05,True,0.0009517677941177
285,285,4,0.0,0.0,0.0,0.0,0.0,4.23,4.23,2.712539e-06,True,0.0009517677941177
285,285,5,0.0,0.0,0.0,0.0,0.0,3.977,3.977,1.911246e-07,True,0.0009517677941177
285,285,6,0.0,0.0,0.0,0.0,0.0,4.329,4.329,5.383521e-07,True,0.0009517677941177
285,285,7,0.0,0.0,0.0,0.0,0.0,3.995,3.995,7.556768e-07,True,0.0009517677941177
285,285,8,0.0,0.0,0.0,0.0,0.0,4.294,4.294,7.099194e-07,True,0.0009517677941177
286,286,1,0.0,0.0,0.0,0.0,0.0,4.318,4.318,2.277857e-07,True,0.0159726982352942
286,286,2,0.0,0.0,0.0,0.0,0.0,4.261,4.261,8.402279e-07,True,0.0159726982352942
286,286,3,0.0,0.0,0.0,0.0,0.0,4.164,4.164,7.988045e-07,True,0.0159726982352942
286,286,4,0.5568627450980391,0.5728354433333334,0.0159726982352942,0.5568627450980391,0.2145169974160997,3.708,3.911,6.370287e-05,True,0.0159726982352942
286,286,5,0.0,0.0,0.0,0.0,0.0,3.977,3.977,1.122743e-06,True,0.0159726982352942
286,286,6,0.0,0.0,0.0,0.0,0.0,4.329,4.329,5.379529e-07,True,0.0159726982352942
286,286,7,0.0,0.0,0.0,0.0,0.0,3.995,3.995,7.109814e-07,True,0.0159726982352942
286,286,8,0.0,0.0,0.0,0.0,0.0,4.294,4.294,7.988878e-07,True,0.0159726982352942
287,287,1,0.0,0.0,0.0,0.0,0.0,4.318,4.318,2.720556e-07,True,0.0124281181862745
287,287,2,0.0,0.0,0.0,0.0,0.0,4.261,4.261,6.580247e-07,True,0.0124281181862745
287,287,3,0.0,0.0,0.0,0.0,0.0,4.164,4.164,1.406036e-06,True,0.0124281181862745
287,287,4,0.0,0.0,0.0,0.0,0.0,4.23,4.23,4.782768e-07,True,0.0124281181862745
287,287,5,0.2352941176470588,0.2477222358333333,0.0124281181862745,0.2352941176470588,0.1382840316803614,3.695,3.764,2.465307e-05,True,0.0124281181862745
287,287,6,0.0,0.0,0.0,0.0,0.0,4.329,4.329,7.788424e-07,True,0.0124281181862745
287,287,7,0.0,0.0,0.0,0.0,0.0,3.995,3.995,7.776097e-07,True,0.0124281181862745
287,287,8,0.0,0.0,0.0,0.0,0.0,4.294,4.294,7.027531e-07,True,0.0124281181862745
288,288,1,0.0,0.0,0.0,0.0,0.0,4.318,4.318,1.312001e-06,True,0.0078415338725489
288,288,2,0.196078431372549,0.1882368975,-0.0078415338725489,0.196078431372549,0.0345318260470342,3.917,4.085,1.745521e-05,True,0.0078415338725489
288,288,3,0.0,0.0,0.0,0.0,0.0,4.164,4.164,1.53375e-06,True,0.0078415338725489
288,288,4,0.0,0.0,0.0,0.0,0.0,4.23,4.23,1.351292e-07,True,0.0078415338725489
288,288,5,0.0,0.0,0.0,0.0,0.0,3.977,3.977,1.150915e-07,True,0.0078415338725489
288,288,6,0.0,0.0,0.0,0.0,0.0,4.329,4.329,5.739935e-07,True,0.0078415338725489
288,288,7,0.0,0.0,0.0,0.0,0.0,3.995,3.995,7.062324e-07,True,0.0078415338725489
288,288,8,0.0,0.0,0.0,0.0,0.0,4.294,4.294,7.570201e-07,True,0.0078415338725489
289,289,1,0.0,0.0,0.0,0.0,0.0,4.318,4.318,2.960458e-07,True,0.0092509725980392
289,289,2,0.0,0.0,0.0,0.0,0.0,4.261,4.261,6.403574e-07,True,0.0092509725980392
289,289,3,0.3764705882352941,0.3857215608333333,0.0092509725980392,0.3764705882352941,0.0929387788598283,3.73,3.898,3.855104e-05,True,0.0092509725980392
289,289,4,0.0,0.0,0.0,0.0,0.0,4.23,4.23,4.5273e-06,True,0.0092509725980392
289,289,5,0.0,0.0,0.0,0.0,0.0,3.977,3.977,2.482837e-07,True,0.0092509725980392
289,289,6,0.0,0.0,0.0,0.0,0.0,4.329,4.329,5.372325e-07,True,0.0092509725980392
289,289,7,0.0,0.0,0.0,0.0,0.0,3.995,3.995,7.764156e-07,True,0.0092509725980392
289,289,8,0.0,0.0,0.0,0.0,0.0,4.294,4.294,7.099123e-07,True,0.0092509725980392
290,290,1,0.0,0.0,0.0,0.0,0.0,4.318,4.318,2.31371e-07,True,0.0031226918137254
290,290,2,0.0,0.0,0.0,0.0,0.0,4.261,4.261,7.736484e-07,True,0.0031226918137254
290,290,3,0.0,0.0,0.0,0.0,0.0,4.164,4.164,2.742018e-07,True,0.0031226918137254
290,290,4,0.2352941176470588,0.2321714258333333,-0.0031226918137254,0.2352941176470588,0.0703368772713234,3.896,4.035,2.397542e-05,True,0.0031226918137254
290,290,5,0.0,0.0,0.0,0.0,0.0,3.977,3.977,5.913944e-07,True,0.0031226918137254
290,290,6,0.0,0.0,0.0,0.0,0.0,4.329,4.329,5.334537e-07,True,0.0031226918137254
290,290,7,0.0,0.0,0.0,0.0,0.0,3.995,3.995,7.14222e-07,True,0.0031226918137254
290,290,8,0.0,0.0,0.0,0.0,0.0,4.294,4.294,7.668598e-07,True,0.0031226918137254
291,291,1,0.0,0.0,0.0,0.0,0.0,4.318,4.318,2.616613e-06,True,0.0164025692647059
291,291,2,0.3764705882352941,0.3928731575,0.0164025692647059,0.3764705882352941,0.0504341098030865,3.833,4.004,4.047213e-05,True,0.0164025692647059
291,291,3,0.0,0.0,0.0,0.0,0.0,4.164,4.164,1.734722e-06,True,0.0164025692647059
291,291,4,0.0,0.0,0.0,0.0,0.0,4.23,4.23,1.370642e-07,True,0.0164025692647059
291,291,5,0.0,0.0,0.0,0.0,0.0,3.977,3.977,1.122466e-07,True,0.0164025692647059
291,291,6,0.0,0.0,0.0,0.0,0.0,4.329,4.329,5.882558e-07,True,0.0164025692647059
291,291,7,0.0,0.0,0.0,0.0,0.0,3.995,3.995,7.068057e-07,True,0.0164025692647059
291,291,8,0.0,0.0,0.0,0.0,0.0,4.294,4.294,7.769416e-07,True,0.0164025692647059
292,292,1,0.0,0.0,0.0,0.0,0.0,4.318,4.318,3.168475e-07,True,0.0130000464705882
292,292,2,0.0,0.0,0.0,0.0,0.0,4.261,4.261,6.449949e-07,True,0.0130000464705882
292,292,3,0.7803921568627451,0.7933922033333334,0.0130000464705882,0.7803921568627451,0.2830021713349264,3.541,3.779,8.387349e-05,True,0.0130000464705882
292,292,4,0.0,0.0,0.0,0.0,0.0,4.23,4.23,7.959015e-06,True,0.0130000464705882
292,292,5,0.0,0.0,0.0,0.0,0.0,3.977,3.977,3.634033e-07,True,0.0130000464705882
292,292,6,0.0,0.0,0.0,0.0,0.0,4.329,4.329,5.349947e-07,True,0.0130000464705882
292,292,7,0.0,0.0,0.0,0.0,0.0,3.995,3.995,8.076468e-07,True,0.0130000464705882
292,292,8,0.0,0.0,0.0,0.0,0.0,4.294,4.294,7.066722e-07,True,0.0130000464705882
293,293,1,0.0,0.0,0.0,0.0,0.0,4.318,4.318,5.0976e-06,True,0.0078747448039215
293,293,2,0.7803921568627451,0.7882669016666667,0.0078747448039215,0.7803921568627451,0.2506345243641783,3.669,3.889,8.508562e-05,True,0.0078747448039215
293,293,3,0.0,0.0,0.0,0.0,0.0,4.164,4.164,2.038141e-06,True,0.0078747448039215
293,293,4,0.0,0.0,0.0,0.0,0.0,4.23,4.23,1.390101e-07,True,0.0078747448039215
293,293,5,0.0,0.0,0.0,0.0,0.0,3.977,3.977,1.108403e-07,True,0.0078747448039215
293,293,6,0.0,0.0,0.0,0.0,0.0,4.329,4.329,6.121732e-07,True,0.0078747448039215
293,293,7,0.0,0.0,0.0,0.0,0.0,3.995,3.995,7.041921e-07,True,0.0078747448039215
293,293,8,0.0,0.0,0.0,0.0,0.0,4.294,4.294,8.044515e-07,True,0.0078747448039215
294,294,1,0.0,0.0,0.0,0.0,0.0,4.318,4.318,3.034132e-07,True,0.0117500261274511
294,294,2,0.0,0.0,0.0,0.0,0.0,4.261,4.261,6.632836e-07,True,0.0117500261274511
294,294,3,0.0,0.0,0.0,0.0,0.0,4.164,4.164,1.492194e-06,True,0.0117500261274511
294,294,4,0.0,0.0,0.0,0.0,0.0,4.23,4.23,1.173494e-06,True,0.0117500261274511
294,294,5,0.6627450980392156,0.6744951241666667,0.0117500261274511,0.6627450980392156,0.4145191526902865,3.483,3.601,7.484641e-05,True,0.0117500261274511
294,294,6,0.0,0.0,0.0,0.0,0.0,4.329,4.329,9.114228e-07,True,0.0117500261274511
294,294,7,0.0,0.0,0.0,0.0,0.0,3.995,3.995,8.484087e-07,True,0.0117500261274511
294,294,8,0.0,0.0,0.0,0.0,0.0,4.294,4.294,7.007886e-07,True,0.0117500261274511
295,295,1,0.0,0.0,0.0,0.0,0.0,4.318,4.318,2.304005e-07,True,0.0048873336274509
295,295,2,0.0,0.0,0.0,0.0,0.0,4.261,4.261,8.619701e-07,True,0.0048873336274509
295,295,3,0.0,0.0,0.0,0.0,0.0,4.164,4.164,1.028113e-06,True,0.0048873336274509
295,295,4,0.6627450980392156,0.6676324316666665,0.0048873336274509,0.6627450980392156,0.2552858320936516,3.649,3.884,7.465715e-05,True,0.0048873336274509
295,295,5,0.0,0.0,0.0,0.0,0.0,3.977,3.977,1.262261e-06,True,0.0048873336274509
295,295,6,0.0,0.0,0.0,0.0,0.0,4.329,4.329,5.462612e-07,True,0.0048873336274509
295,295,7,0.0,0.0,0.0,0.0,0.0,3.995,3.995,7.170913e-07,True,0.0048873336274509
295,295,8,0.0,0.0,0.0,0.0,0.0,4.294,4.294,8.126447e-07,True,0.0048873336274509
296,296,1,0.0,0.0,0.0,0.0,0.0,4.318,4.318,2.959501e-07,True,0.0093410669117647
296,296,2,0.0,0.0,0.0,0.0,0.0,4.261,4.261,6.638979e-07,True,0.0093410669117647
296,296,3,0.0,0.0,0.0,0.0,0.0,4.164,4.164,1.473879e-06,True,0.0093410669117647
296,296,4,0.0,0.0,0.0,0.0,0.0,4.23,4.23,8.48903e-07,True,0.0093410669117647
296,296,5,0.4745098039215686,0.4838508708333334,0.0093410669117647,0.4745098039215686,0.2913946821106817,3.572,3.666,5.238822e-05,True,0.0093410669117647
296,296,6,0.0,0.0,0.0,0.0,0.0,4.329,4.329,8.600515e-07,True,0.0093410669117647
296,296,7,0.0,0.0,0.0,0.0,0.0,3.995,3.995,8.243919e-07,True,0.0093410669117647
296,296,8,0.0,0.0,0.0,0.0,0.0,4.294,4.294,7.068111e-07,True,0.0093410669117647
298,298,1,0.0,0.0,0.0,0.0,0.0,4.318,4.318,2.313201e-07,True,0.010653097745098
298,298,2,0.0,0.0,0.0,0.0,0.0,4.261,4.261,8.306486e-07,True,0.010653097745098
298,298,3,0.0,0.0,0.0,0.0,0.0,4.164,4.164,6.070327e-07,True,0.010653097745098
298,298,4,0.4745098039215686,0.4851629016666666,0.010653097745098,0.4745098039215686,0.1776008341186274,3.754,3.94,5.350603e-05,True,0.010653097745098
298,298,5,0.0,0.0,0.0,0.0,0.0,3.977,3.977,9.90885e-07,True,0.010653097745098
298,298,6,0.0,0.0,0.0,0.0,0.0,4.329,4.329,5.401174e-07,True,0.010653097745098
298,298,7,0.0,0.0,0.0,0.0,0.0,3.995,3.995,7.1804e-07,True,0.010653097745098
298,298,8,0.0,0.0,0.0,0.0,0.0,4.294,4.294,7.954744e-07,True,0.010653097745098
299,299,1,0.0,0.0,0.0,0.0,0.0,4.318,4.318,6.069469e-07,True,6.674509803822337e-06
299,299,2,0.0823529411764705,0.0823462666666666,-6.674509803822337e-06,0.0823529411764705,0.0217583757582444,3.982,4.15,5.593032e-06,True,6.674509803822337e-06
299,299,3,0.0,0.0,0.0,0.0,0.0,4.164,4.164,1.411651e-06,True,6.674509803822337e-06
299,299,4,0.0,0.0,0.0,0.0,0.0,4.23,4.23,1.323069e-07,True,6.674509803822337e-06
299,299,5,0.0,0.0,0.0,0.0,0.0,3.977,3.977,1.160101e-07,True,6.674509803822337e-06
299,299,6,0.0,0.0,0.0,0.0,0.0,4.329,4.329,5.649297e-07,True,6.674509803822337e-06
299,299,7,0.0,0.0,0.0,0.0,0.0,3.995,3.995,7.106896e-07,True,6.674509803822337e-06
299,299,8,0.0,0.0,0.0,0.0,0.0,4.294,4.294,7.459858e-07,True,6.674509803822337e-06
301,301,1,0.0,0.0,0.0,0.0,0.0,4.318,4.318,2.640918e-07,True,0.0147902912254902
301,301,2,0.0,0.0,0.0,0.0,0.0,4.261,4.261,6.691336e-07,True,0.0147902912254902
301,301,3,0.0,0.0,0.0,0.0,0.0,4.164,4.164,1.37151e-06,True,0.0147902912254902
301,301,4,0.0,0.0,0.0,0.0,0.0,4.23,4.23,2.707547e-07,True,0.0147902912254902
301,301,5,0.1058823529411764,0.1206726441666666,0.0147902912254902,0.1058823529411764,0.0556933323535538,3.788,3.841,9.728375e-06,True,0.0147902912254902
301,301,6,0.0,0.0,0.0,0.0,0.0,4.329,4.329,7.04958e-07,True,0.0147902912254902
301,301,7,0.0,0.0,0.0,0.0,0.0,3.995,3.995,7.568956e-07,True,0.0147902912254902
301,301,8,0.0,0.0,0.0,0.0,0.0,4.294,4.294,7.149986e-07,True,0.0147902912254902
302,302,1,0.0,0.0,0.0,0.0,0.0,4.318,4.318,6.381959e-07,True,0.0015628635294118
302,302,2,0.0862745098039215,0.0878373733333333,0.0015628635294118,0.0862745098039215,0.022630824965579,3.98,4.146,6.178193e-06,True,0.0015628635294118
302,302,3,0.0,0.0,0.0,0.0,0.0,4.164,4.164,1.433415e-06,True,0.0015628635294118
302,302,4,0.0,0.0,0.0,0.0,0.0,4.23,4.23,1.333473e-07,True,0.0015628635294118
302,302,5,0.0,0.0,0.0,0.0,0.0,3.977,3.977,1.168151e-07,True,0.0015628635294118
302,302,6,0.0,0.0,0.0,0.0,0.0,4.329,4.329,5.699957e-07,True,0.0015628635294118
302,302,7,0.0,0.0,0.0,0.0,0.0,3.995,3.995,7.139888e-07,True,0.0015628635294118
302,302,8,0.0,0.0,0.0,0.0,0.0,4.294,4.294,7.56534e-07,True,0.0015628635294118
303,303,1,0.0,0.0,0.0,0.0,0.0,4.318,4.318,2.368971e-07,True,0.0108208562254902
303,303,2,0.0,0.0,0.0,0.0,0.0,4.261,4.261,7.420132e-07,True,0.0108208562254902
303,303,3,0.0,0.0,0.0,0.0,0.0,4.164,4.164,3.54192e-07,True,0.0108208562254902
303,303,4,0.1058823529411764,0.1167032091666666,0.0108208562254902,0.1058823529411764,0.0165491184743871,3.995,4.1,1.027511e-05,True,0.0108208562254902
303,303,5,0.0,0.0,0.0,0.0,0.0,3.977,3.977,3.789319e-07,True,0.0108208562254902
303,303,6,0.0,0.0,0.0,0.0,0.0,4.329,4.329,5.399476e-07,True,0.0108208562254902
303,303,7,0.0,0.0,0.0,0.0,0.0,3.995,3.995,7.191475e-07,True,0.0108208562254902
303,303,8,0.0,0.0,0.0,0.0,0.0,4.294,4.294,7.581458e-07,True,0.0108208562254902
304,304,1,0.0,0.0,0.0,0.0,0.0,4.318,4.318,2.98745e-07,True,0.0053573378921569
304,304,2,0.0,0.0,0.0,0.0,0.0,4.261,4.261,6.41882e-07,True,0.0053573378921569
304,304,3,0.3725490196078431,0.3779063575,0.0053573378921569,0.3725490196078431,0.0892146738732719,3.732,3.902,3.765763e-05,True,0.0053573378921569
304,304,4,0.0,0.0,0.0,0.0,0.0,4.23,4.23,4.454607e-06,True,0.0053573378921569
304,304,5,0.0,0.0,0.0,0.0,0.0,3.977,3.977,2.486117e-07,True,0.0053573378921569
304,304,6,0.0,0.0,0.0,0.0,0.0,4.329,4.329,5.457087e-07,True,0.0053573378921569
304,304,7,0.0,0.0,0.0,0.0,0.0,3.995,3.995,7.817065e-07,True,0.0053573378921569
304,304,8,0.0,0.0,0.0,0.0,0.0,4.294,4.294,7.19872e-07,True,0.0053573378921569
305,305,1,0.0,0.0,0.0,0.0,0.0,4.318,4.318,2.579273e-06,True,0.0154497320588234
305,305,2,0.3725490196078431,0.3879987516666666,0.0154497320588234,0.3725490196078431,0.0499583301294938,3.834,4.007,3.988232e-05,True,0.0154497320588234
305,305,3,0.0,0.0,0.0,0.0,0.0,4.164,4.164,1.742352e-06,True,0.0154497320588234
305,305,4,0.0,0.0,0.0,0.0,0.0,4.23,4.23,1.384336e-07,True,0.0154497320588234
305,305,5,0.0,0.0,0.0,0.0,0.0,3.977,3.977,1.158493e-07,True,0.0154497320588234
305,305,6,0.0,0.0,0.0,0.0,0.0,4.329,4.329,5.96901e-07,True,0.0154497320588234
305,305,7,0.0,0.0,0.0,0.0,0.0,3.995,3.995,7.138221e-07,True,0.0154497320588234
305,305,8,0.0,0.0,0.0,0.0,0.0,4.294,4.294,7.908992e-07,True,0.0154497320588234
306,306,1,0.0,0.0,0.0,0.0,0.0,4.318,4.318,3.068951e-07,True,0.0049037678921569
306,306,2,0.0,0.0,0.0,0.0,0.0,4.261,4.261,6.44964e-07,True,0.0049037678921569
306,306,3,0.5058823529411764,0.5107861208333334,0.0049037678921569,0.5058823529411764,0.1525990359655638,3.666,3.859,5.235475e-05,True,0.0049037678921569
306,306,4,0.0,0.0,0.0,0.0,0.0,4.23,4.23,5.632543e-06,True,0.0049037678921569
306,306,5,0.0,0.0,0.0,0.0,0.0,3.977,3.977,2.903355e-07,True,0.0049037678921569
306,306,6,0.0,0.0,0.0,0.0,0.0,4.329,4.329,5.453787e-07,True,0.0049037678921569
306,306,7,0.0,0.0,0.0,0.0,0.0,3.995,3.995,7.952272e-07,True,0.0049037678921569
306,306,8,0.0,0.0,0.0,0.0,0.0,4.294,4.294,7.24241e-07,True,0.0049037678921569
307,307,1,0.0,0.0,0.0,0.0,0.0,4.318,4.318,3.438955e-06,True,0.0182210620588235
307,307,2,0.5058823529411764,0.524103415,0.0182210620588235,0.5058823529411764,0.1132328967907722,3.778,3.964,5.521054e-05,True,0.0182210620588235
307,307,3,0.0,0.0,0.0,0.0,0.0,4.164,4.164,1.864805e-06,True,0.0182210620588235
307,307,4,0.0,0.0,0.0,0.0,0.0,4.23,4.23,1.394017e-07,True,0.0182210620588235
307,307,5,0.0,0.0,0.0,0.0,0.0,3.977,3.977,1.150855e-07,True,0.0182210620588235
307,307,6,0.0,0.0,0.0,0.0,0.0,4.329,4.329,6.057434e-07,True,0.0182210620588235
307,307,7,0.0,0.0,0.0,0.0,0.0,3.995,3.995,7.142269e-07,True,0.0182210620588235
307,307,8,0.0,0.0,0.0,0.0,0.0,4.294,4.294,8.036523e-07,True,0.0182210620588235
308,308,1,0.0,0.0,0.0,0.0,0.0,4.318,4.318,2.65012e-07,True,0.0002324197058824
308,308,2,0.0,0.0,0.0,0.0,0.0,4.261,4.261,6.57092e-07,True,0.0002324197058824
308,308,3,0.0705882352941176,0.070820655,0.0002324197058824,0.0705882352941176,0.0373485222615562,3.957,4.054,4.144952e-06,True,0.0002324197058824
308,308,4,0.0,0.0,0.0,0.0,0.0,4.23,4.23,1.25367e-06,True,0.0002324197058824
308,308,5,0.0,0.0,0.0,0.0,0.0,3.977,3.977,1.496499e-07,True,0.0002324197058824
308,308,6,0.0,0.0,0.0,0.0,0.0,4.329,4.329,5.522469e-07,True,0.0002324197058824
308,308,7,0.0,0.0,0.0,0.0,0.0,3.995,3.995,7.479051e-07,True,0.0002324197058824
308,308,8,0.0,0.0,0.0,0.0,0.0,4.294,4.294,7.279507e-07,True,0.0002324197058824
309,309,1,0.0,0.0,0.0,0.0,0.0,4.318,4.318,4.830323e-07,True,0.0056104611274509
309,309,2,0.0705882352941176,0.0649777741666666,-0.0056104611274509,0.0705882352941176,0.018372706718641,3.989,4.167,3.596917e-06,True,0.0056104611274509
309,309,3,0.0,0.0,0.0,0.0,0.0,4.164,4.164,1.418505e-06,True,0.0056104611274509
309,309,4,0.0,0.0,0.0,0.0,0.0,4.23,4.23,1.348935e-07,True,0.0056104611274509
309,309,5,0.0,0.0,0.0,0.0,0.0,3.977,3.977,1.188434e-07,True,0.0056104611274509
309,309,6,0.0,0.0,0.0,0.0,0.0,4.329,4.329,5.702852e-07,True,0.0056104611274509
309,309,7,0.0,0.0,0.0,0.0,0.0,3.995,3.995,7.220507e-07,True,0.0056104611274509
309,309,8,0.0,0.0,0.0,0.0,0.0,4.294,4.294,7.528058e-07,True,0.0056104611274509
310,310,1,0.0,0.0,0.0,0.0,0.0,4.318,4.318,2.875983e-07,True,0.003040788872549
310,310,2,0.0,0.0,0.0,0.0,0.0,4.261,4.261,6.537375e-07,True,0.003040788872549
310,310,3,0.2039215686274509,0.2069623574999999,0.003040788872549,0.2039215686274509,0.0660329496396444,3.826,3.97,1.880235e-05,True,0.003040788872549
310,310,4,0.0,0.0,0.0,0.0,0.0,4.23,4.23,2.834616e-06,True,0.003040788872549
310,310,5,0.0,0.0,0.0,0.0,0.0,3.977,3.977,1.989038e-07,True,0.003040788872549
310,310,6,0.0,0.0,0.0,0.0,0.0,4.329,4.329,5.560262e-07,True,0.003040788872549
310,310,7,0.0,0.0,0.0,0.0,0.0,3.995,3.995,7.730335e-07,True,0.003040788872549
310,310,8,0.0,0.0,0.0,0.0,0.0,4.294,4.294,7.292176e-07,True,0.003040788872549
311,311,1,0.0,0.0,0.0,0.0,0.0,4.318,4.318,2.96098e-07,True,0.0174217842156863
311,311,2,0.0,0.0,0.0,0.0,0.0,4.261,4.261,6.789232e-07,True,0.0174217842156863
311,311,3,0.0,0.0,0.0,0.0,0.0,4.164,4.164,1.486258e-06,True,0.0174217842156863
311,311,4,0.0,0.0,0.0,0.0,0.0,4.23,4.23,7.331974e-07,True,0.0174217842156863
311,311,5,0.388235294117647,0.4056570783333333,0.0174217842156863,0.388235294117647,0.2326332593185781,3.614,3.697,4.307371e-05,True,0.0174217842156863
311,311,6,0.0,0.0,0.0,0.0,0.0,4.329,4.329,8.596334e-07,True,0.0174217842156863
311,311,7,0.0,0.0,0.0,0.0,0.0,3.995,3.995,8.243987e-07,True,0.0174217842156863
311,311,8,0.0,0.0,0.0,0.0,0.0,4.294,4.294,7.266307e-07,True,0.0174217842156863
312,312,1,0.0,0.0,0.0,0.0,0.0,4.318,4.318,1.328449e-06,True,0.0117089194607842
312,312,2,0.2039215686274509,0.1922126491666666,-0.0117089194607842,0.2039215686274509,0.0345581284011426,3.912,4.085,1.780247e-05,True,0.0117089194607842
312,312,3,0.0,0.0,0.0,0.0,0.0,4.164,4.164,1.5824e-06,True,0.0117089194607842
312,312,4,0.0,0.0,0.0,0.0,0.0,4.23,4.23,1.382935e-07,True,0.0117089194607842
312,312,5,0.0,0.0,0.0,0.0,0.0,3.977,3.977,1.181618e-07,True,0.0117089194607842
312,312,6,0.0,0.0,0.0,0.0,0.0,4.329,4.329,5.922554e-07,True,0.0117089194607842
312,312,7,0.0,0.0,0.0,0.0,0.0,3.995,3.995,7.215679e-07,True,0.0117089194607842
312,312,8,0.0,0.0,0.0,0.0,0.0,4.294,4.294,7.819203e-07,True,0.0117089194607842
313,313,1,0.0,0.0,0.0,0.0,0.0,4.318,4.318,3.333361e-07,True,0.0180792253921568
313,313,2,0.0,0.0,0.0,0.0,0.0,4.261,4.261,6.622951e-07,True,0.0180792253921568
313,313,3,0.9058823529411764,0.9239615783333333,0.0180792253921568,0.9058823529411764,0.3376515717005365,3.483,3.75,9.836741e-05,True,0.0180792253921568
313,313,4,0.0,0.0,0.0,0.0,0.0,4.23,4.23,8.977955e-06,True,0.0180792253921568
313,313,5,0.0,0.0,0.0,0.0,0.0,3.977,3.977,4.147375e-07,True,0.0180792253921568
313,313,6,0.0,0.0,0.0,0.0,0.0,4.329,4.329,5.522755e-07,True,0.0180792253921568
313,313,7,0.0,0.0,0.0,0.0,0.0,3.995,3.995,8.356588e-07,True,0.0180792253921568
313,313,8,0.0,0.0,0.0,0.0,0.0,4.294,4.294,7.317214e-07,True,0.0180792253921568
314,314,1,0.0,0.0,0.0,0.0,0.0,4.318,4.318,2.392831e-07,True,0.0185596500490196
314,314,2,0.0,0.0,0.0,0.0,0.0,4.261,4.261,8.370124e-07,True,0.0185596500490196
314,314,3,0.0,0.0,0.0,0.0,0.0,4.164,4.164,4.468954e-07,True,0.0185596500490196
314,314,4,0.388235294117647,0.4067949441666666,0.0185596500490196,0.388235294117647,0.1405897267845587,3.803,3.968,4.430302e-05,True,0.0185596500490196
314,314,5,0.0,0.0,0.0,0.0,0.0,3.977,3.977,8.884878e-07,True,0.0185596500490196
314,314,6,0.0,0.0,0.0,0.0,0.0,4.329,4.329,5.550087e-07,True,0.0185596500490196
314,314,7,0.0,0.0,0.0,0.0,0.0,3.995,3.995,7.342643e-07,True,0.0185596500490196
314,314,8,0.0,0.0,0.0,0.0,0.0,4.294,4.294,8.114216e-07,True,0.0185596500490196
315,315,1,0.0,0.0,0.0,0.0,0.0,4.318,4.318,5.847779e-06,True,0.0127495828921571
315,315,2,0.9058823529411764,0.9186319358333336,0.0127495828921571,0.9058823529411764,0.3140921075792153,3.62,3.86,9.976057e-05,True,0.0127495828921571
315,315,3,0.0,0.0,0.0,0.0,0.0,4.164,4.164,2.168176e-06,True,0.0127495828921571
315,315,4,0.0,0.0,0.0,0.0,0.0,4.23,4.23,1.432778e-07,True,0.0127495828921571
315,315,5,0.0,0.0,0.0,0.0,0.0,3.977,3.977,1.171323e-07,True,0.0127495828921571
315,315,6,0.0,0.0,0.0,0.0,0.0,4.329,4.329,6.369715e-07,True,0.0127495828921571
315,315,7,0.0,0.0,0.0,0.0,0.0,3.995,3.995,7.214059e-07,True,0.0127495828921571
315,315,8,0.0,0.0,0.0,0.0,0.0,4.294,4.294,8.405198e-07,True,0.0127495828921571
316,316,1,0.0,0.0,0.0,0.0,0.0,4.318,4.318,3.315506e-07,True,0.0147867692647057
316,316,2,0.0,0.0,0.0,0.0,0.0,4.261,4.261,6.57147e-07,True,0.0147867692647057
316,316,3,0.9098039215686275,0.9245906908333332,0.0147867692647057,0.9098039215686275,0.3380995580663909,3.481,3.75,9.845912e-05,True,0.0147867692647057
316,316,4,0.0,0.0,0.0,0.0,0.0,4.23,4.23,8.967685e-06,True,0.0147867692647057
316,316,5,0.0,0.0,0.0,0.0,0.0,3.977,3.977,4.150592e-07,True,0.0147867692647057
316,316,6,0.0,0.0,0.0,0.0,0.0,4.329,4.329,5.526953e-07,True,0.0147867692647057
316,316,7,0.0,0.0,0.0,0.0,0.0,3.995,3.995,8.363376e-07,True,0.0147867692647057
316,316,8,0.0,0.0,0.0,0.0,0.0,4.294,4.294,7.312882e-07,True,0.0147867692647057
317,317,1,0.0,0.0,0.0,0.0,0.0,4.318,4.318,5.885744e-06,True,0.014164647598039
317,317,2,0.9098039215686275,0.9239685691666666,0.014164647598039,0.9098039215686275,0.3160117517889395,3.619,3.859,0.00010036,True,0.014164647598039
317,317,3,0.0,0.0,0.0,0.0,0.0,4.164,4.164,2.1706e-06,True,0.014164647598039
317,317,4,0.0,0.0,0.0,0.0,0.0,4.23,4.23,1.420216e-07,True,0.014164647598039
317,317,5,0.0,0.0,0.0,0.0,0.0,3.977,3.977,1.1634e-07,True,0.014164647598039
317,317,6,0.0,0.0,0.0,0.0,0.0,4.329,4.329,6.396587e-07,True,0.014164647598039
317,317,7,0.0,0.0,0.0,0.0,0.0,3.995,3.995,7.234034e-07,True,0.014164647598039
317,317,8,0.0,0.0,0.0,0.0,0.0,4.294,4.294,8.384606e-07,True,0.014164647598039
318,318,1,0.0,0.0,0.0,0.0,0.0,4.318,4.318,2.885955e-07,True,0.0112818596568627
318,318,2,0.0,0.0,0.0,0.0,0.0,4.261,4.261,6.656527e-07,True,0.0112818596568627
318,318,3,0.184313725490196,0.1730318658333333,-0.0112818596568627,0.184313725490196,0.0602106454705881,3.838,3.987,1.505915e-05,True,0.0112818596568627
318,318,4,0.0,0.0,0.0,0.0,0.0,4.23,4.23,2.484433e-06,True,0.0112818596568627
318,318,5,0.0,0.0,0.0,0.0,0.0,3.977,3.977,1.903798e-07,True,0.0112818596568627
318,318,6,0.0,0.0,0.0,0.0,0.0,4.329,4.329,5.621138e-07,True,0.0112818596568627
318,318,7,0.0,0.0,0.0,0.0,0.0,3.995,3.995,7.74841e-07,True,0.0112818596568627
318,318,8,0.0,0.0,0.0,0.0,0.0,4.294,4.294,7.386581e-07,True,0.0112818596568627
319,319,1,0.0,0.0,0.0,0.0,0.0,4.318,4.318,1.268576e-06,True,0.001958165490196
319,319,2,0.184313725490196,0.18235556,-0.001958165490196,0.184313725490196,0.0335606230111503,3.923,4.09,1.665845e-05,True,0.001958165490196
319,319,3,0.0,0.0,0.0,0.0,0.0,4.164,4.164,1.583048e-06,True,0.001958165490196
319,319,4,0.0,0.0,0.0,0.0,0.0,4.23,4.23,1.413985e-07,True,0.001958165490196
319,319,5,0.0,0.0,0.0,0.0,0.0,3.977,3.977,1.219596e-07,True,0.001958165490196
319,319,6,0.0,0.0,0.0,0.0,0.0,4.329,4.329,5.945987e-07,True,0.001958165490196
319,319,7,0.0,0.0,0.0,0.0,0.0,3.995,3.995,7.307736e-07,True,0.001958165490196
319,319,8,0.0,0.0,0.0,0.0,0.0,4.294,4.294,7.838628e-07,True,0.001958165490196
320,320,1,0.0,0.0,0.0,0.0,0.0,4.318,4.318,2.7034e-07,True,0.0037978547549019
320,320,2,0.0,0.0,0.0,0.0,0.0,4.261,4.261,6.680933e-07,True,0.0037978547549019
320,320,3,0.0745098039215686,0.0707119491666666,-0.0037978547549019,0.0745098039215686,0.0371391511186335,3.945,4.055,4.075251e-06,True,0.0037978547549019
320,320,4,0.0,0.0,0.0,0.0,0.0,4.23,4.23,1.255368e-06,True,0.0037978547549019
320,320,5,0.0,0.0,0.0,0.0,0.0,3.977,3.977,1.530272e-07,True,0.0037978547549019
320,320,6,0.0,0.0,0.0,0.0,0.0,4.329,4.329,5.623962e-07,True,0.0037978547549019
320,320,7,0.0,0.0,0.0,0.0,0.0,3.995,3.995,7.60774e-07,True,0.0037978547549019
320,320,8,0.0,0.0,0.0,0.0,0.0,4.294,4.294,7.401842e-07,True,0.0037978547549019
321,321,1,0.0,0.0,0.0,0.0,0.0,4.318,4.318,2.70569e-07,True,0.0141942473039215
321,321,2,0.0,0.0,0.0,0.0,0.0,4.261,4.261,6.860866e-07,True,0.0141942473039215
321,321,3,0.0,0.0,0.0,0.0,0.0,4.164,4.164,1.417478e-06,True,0.0141942473039215
321,321,4,0.0,0.0,0.0,0.0,0.0,4.23,4.23,2.876965e-07,True,0.0141942473039215
321,321,5,0.1137254901960784,0.1279197375,0.0141942473039215,0.1137254901960784,0.0594148976075979,3.782,3.837,1.044847e-05,True,0.0141942473039215
321,321,6,0.0,0.0,0.0,0.0,0.0,4.329,4.329,7.308775e-07,True,0.0141942473039215
321,321,7,0.0,0.0,0.0,0.0,0.0,3.995,3.995,7.750978e-07,True,0.0141942473039215
321,321,8,0.0,0.0,0.0,0.0,0.0,4.294,4.294,7.340931e-07,True,0.0141942473039215
322,322,1,0.0,0.0,0.0,0.0,0.0,4.318,4.318,5.204695e-07,True,0.0048428739215686
322,322,2,0.0745098039215686,0.0696669299999999,-0.0048428739215686,0.0745098039215686,0.0191587947899816,3.987,4.163,4.059414e-06,True,0.0048428739215686
322,322,3,0.0,0.0,0.0,0.0,0.0,4.164,4.164,1.439146e-06,True,0.0048428739215686
322,322,4,0.0,0.0,0.0,0.0,0.0,4.23,4.23,1.371997e-07,True,0.0048428739215686
322,322,5,0.0,0.0,0.0,0.0,0.0,3.977,3.977,1.230755e-07,True,0.0048428739215686
322,322,6,0.0,0.0,0.0,0.0,0.0,4.329,4.329,5.813488e-07,True,0.0048428739215686
322,322,7,0.0,0.0,0.0,0.0,0.0,3.995,3.995,7.326538e-07,True,0.0048428739215686
322,322,8,0.0,0.0,0.0,0.0,0.0,4.294,4.294,7.667243e-07,True,0.0048428739215686
323,323,1,0.0,0.0,0.0,0.0,0.0,4.318,4.318,2.402972e-07,True,0.0092102148039216
323,323,2,0.0,0.0,0.0,0.0,0.0,4.261,4.261,7.654301e-07,True,0.0092102148039216
323,323,3,0.0,0.0,0.0,0.0,0.0,4.164,4.164,3.559626e-07,True,0.0092102148039216
323,323,4,0.1137254901960784,0.122935705,0.0092102148039216,0.1137254901960784,0.0192736105242646,3.989,4.097,1.09245e-05,True,0.0092102148039216
323,323,5,0.0,0.0,0.0,0.0,0.0,3.977,3.977,4.00864e-07,True,0.0092102148039216
323,323,6,0.0,0.0,0.0,0.0,0.0,4.329,4.329,5.535946e-07,True,0.0092102148039216
323,323,7,0.0,0.0,0.0,0.0,0.0,3.995,3.995,7.360937e-07,True,0.0092102148039216
323,323,8,0.0,0.0,0.0,0.0,0.0,4.294,4.294,7.755424e-07,True,0.0092102148039216
324,324,1,0.0,0.0,0.0,0.0,0.0,4.318,4.318,2.720583e-07,True,0.0146033603431372
324,324,2,0.0,0.0,0.0,0.0,0.0,4.261,4.261,6.884827e-07,True,0.0146033603431372
324,324,3,0.0,0.0,0.0,0.0,0.0,4.164,4.164,1.414843e-06,True,0.0146033603431372
324,324,4,0.0,0.0,0.0,0.0,0.0,4.23,4.23,2.935406e-07,True,0.0146033603431372
324,324,5,0.1176470588235294,0.1322504191666667,0.0146033603431372,0.1176470588235294,0.0616915324648284,3.779,3.834,1.095753e-05,True,0.0146033603431372
324,324,6,0.0,0.0,0.0,0.0,0.0,4.329,4.329,7.33049e-07,True,0.0146033603431372
324,324,7,0.0,0.0,0.0,0.0,0.0,3.995,3.995,7.767592e-07,True,0.0146033603431372
324,324,8,0.0,0.0,0.0,0.0,0.0,4.294,4.294,7.337875e-07,True,0.0146033603431372
326,326,1,0.0,0.0,0.0,0.0,0.0,4.318,4.318,2.40266e-07,True,0.0099161828431372
326,326,2,0.0,0.0,0.0,0.0,0.0,4.261,4.261,7.691231e-07,True,0.0099161828431372
326,326,3,0.0,0.0,0.0,0.0,0.0,4.164,4.164,3.485333e-07,True,0.0099161828431372
326,326,4,0.1176470588235294,0.1275632416666666,0.0099161828431372,0.1176470588235294,0.0211961673710784,3.986,4.094,1.146439e-05,True,0.0099161828431372
326,326,5,0.0,0.0,0.0,0.0,0.0,3.977,3.977,4.11196e-07,True,0.0099161828431372
326,326,6,0.0,0.0,0.0,0.0,0.0,4.329,4.329,5.548669e-07,True,0.0099161828431372
326,326,7,0.0,0.0,0.0,0.0,0.0,3.995,3.995,7.382208e-07,True,0.0099161828431372
326,326,8,0.0,0.0,0.0,0.0,0.0,4.294,4.294,7.809929e-07,True,0.0099161828431372
327,327,1,0.0,0.0,0.0,0.0,0.0,4.318,4.318,5.580341e-07,True,0.0028247867156861
327,327,2,0.0784313725490195,0.0756065858333333,-0.0028247867156861,0.0784313725490195,0.0202255599821598,3.984,4.158,4.70333e-06,True,0.0028247867156861
327,327,3,0.0,0.0,0.0,0.0,0.0,4.164,4.164,1.458175e-06,True,0.0028247867156861
327,327,4,0.0,0.0,0.0,0.0,0.0,4.23,4.23,1.388328e-07,True,0.0028247867156861
327,327,5,0.0,0.0,0.0,0.0,0.0,3.977,3.977,1.227245e-07,True,0.0028247867156861
327,327,6,0.0,0.0,0.0,0.0,0.0,4.329,4.329,5.868465e-07,True,0.0028247867156861
327,327,7,0.0,0.0,0.0,0.0,0.0,3.995,3.995,7.344856e-07,True,0.0028247867156861
327,327,8,0.0,0.0,0.0,0.0,0.0,4.294,4.294,7.703618e-07,True,0.0028247867156861
328,328,1,0.0,0.0,0.0,0.0,0.0,4.318,4.318,2.91547e-07,True,0.0057416135784313
328,328,2,0.0,0.0,0.0,0.0,0.0,4.261,4.261,6.686105e-07,True,0.0057416135784313
328,328,3,0.192156862745098,0.1864152491666666,-0.0057416135784313,0.192156862745098,0.0624564629092524,3.833,3.981,1.648594e-05,True,0.0057416135784313
328,328,4,0.0,0.0,0.0,0.0,0.0,4.23,4.23,2.631441e-06,True,0.0057416135784313
328,328,5,0.0,0.0,0.0,0.0,0.0,3.977,3.977,1.980002e-07,True,0.0057416135784313
328,328,6,0.0,0.0,0.0,0.0,0.0,4.329,4.329,5.679634e-07,True,0.0057416135784313
328,328,7,0.0,0.0,0.0,0.0,0.0,3.995,3.995,7.831117e-07,True,0.0057416135784313
328,328,8,0.0,0.0,0.0,0.0,0.0,4.294,4.294,7.432161e-07,True,0.0057416135784313
329,329,1,0.0,0.0,0.0,0.0,0.0,4.318,4.318,1.288312e-06,True,0.0065197569117646
329,329,2,0.192156862745098,0.1856371058333333,-0.0065197569117646,0.192156862745098,0.0337336639676318,3.919,4.089,1.70037e-05,True,0.0065197569117646
329,329,3,0.0,0.0,0.0,0.0,0.0,4.164,4.164,1.594567e-06,True,0.0065197569117646
329,329,4,0.0,0.0,0.0,0.0,0.0,4.23,4.23,1.417461e-07,True,0.0065197569117646
329,329,5,0.0,0.0,0.0,0.0,0.0,3.977,3.977,1.217057e-07,True,0.0065197569117646
329,329,6,0.0,0.0,0.0,0.0,0.0,4.329,4.329,6.013221e-07,True,0.0065197569117646
329,329,7,0.0,0.0,0.0,0.0,0.0,3.995,3.995,7.335381e-07,True,0.0065197569117646
329,329,8,0.0,0.0,0.0,0.0,0.0,4.294,4.294,7.915617e-07,True,0.0065197569117646
330,330,1,0.0,0.0,0.0,0.0,0.0,4.318,4.318,3.205133e-07,True,0.0065432722058822
330,330,2,0.0,0.0,0.0,0.0,0.0,4.261,4.261,6.633974e-07,True,0.0065432722058822
330,330,3,0.6039215686274509,0.6104648408333332,0.0065432722058822,0.6039215686274509,0.1922963588158272,3.621,3.833,6.333682e-05,True,0.0065432722058822
330,330,4,0.0,0.0,0.0,0.0,0.0,4.23,4.23,6.479045e-06,True,0.0065432722058822
330,330,5,0.0,0.0,0.0,0.0,0.0,3.977,3.977,3.281737e-07,True,0.0065432722058822
330,330,6,0.0,0.0,0.0,0.0,0.0,4.329,4.329,5.645493e-07,True,0.0065432722058822
330,330,7,0.0,0.0,0.0,0.0,0.0,3.995,3.995,8.210153e-07,True,0.0065432722058822
330,330,8,0.0,0.0,0.0,0.0,0.0,4.294,4.294,7.422669e-07,True,0.0065432722058822
331,331,1,0.0,0.0,0.0,0.0,0.0,4.318,4.318,4.031515e-06,True,0.0172105230392157
331,331,2,0.6039215686274509,0.6211320916666667,0.0172105230392157,0.6039215686274509,0.1578744982483271,3.739,3.939,6.607662e-05,True,0.0172105230392157
331,331,3,0.0,0.0,0.0,0.0,0.0,4.164,4.164,1.96982e-06,True,0.0172105230392157
331,331,4,0.0,0.0,0.0,0.0,0.0,4.23,4.23,1.451528e-07,True,0.0172105230392157
331,331,5,0.0,0.0,0.0,0.0,0.0,3.977,3.977,1.202224e-07,True,0.0172105230392157
331,331,6,0.0,0.0,0.0,0.0,0.0,4.329,4.329,6.31019e-07,True,0.0172105230392157
331,331,7,0.0,0.0,0.0,0.0,0.0,3.995,3.995,7.296704e-07,True,0.0172105230392157
331,331,8,0.0,0.0,0.0,0.0,0.0,4.294,4.294,8.318314e-07,True,0.0172105230392157
332,332,1,0.0,0.0,0.0,0.0,0.0,4.318,4.318,3.415056e-07,True,0.014642991127451
332,332,2,0.0,0.0,0.0,0.0,0.0,4.261,4.261,6.734878e-07,True,0.014642991127451
332,332,3,0.996078431372549,1.0107214225,0.014642991127451,0.996078431372549,0.374144413430527,3.44,3.731,0.0001080305,True,0.014642991127451
332,332,4,0.0,0.0,0.0,0.0,0.0,4.23,4.23,9.652558e-06,True,0.014642991127451
332,332,5,0.0,0.0,0.0,0.0,0.0,3.977,3.977,4.423156e-07,True,0.014642991127451
332,332,6,0.0,0.0,0.0,0.0,0.0,4.329,4.329,5.596074e-07,True,0.014642991127451
332,332,7,0.0,0.0,0.0,0.0,0.0,3.995,3.995,8.486862e-07,True,0.014642991127451
332,332,8,0.0,0.0,0.0,0.0,0.0,4.294,4.294,7.379101e-07,True,0.014642991127451
333,333,1,0.0,0.0,0.0,0.0,0.0,4.318,4.318,3.104708e-07,True,0.0177740131862745
333,333,2,0.0,0.0,0.0,0.0,0.0,4.261,4.261,6.924795e-07,True,0.0177740131862745
333,333,3,0.0,0.0,0.0,0.0,0.0,4.164,4.164,1.537318e-06,True,0.0177740131862745
333,333,4,0.0,0.0,0.0,0.0,0.0,4.23,4.23,9.229061e-07,True,0.0177740131862745
333,333,5,0.5019607843137254,0.5197347975,0.0177740131862745,0.5019607843137254,0.3075122105673149,3.559,3.657,5.639656e-05,True,0.0177740131862745
333,333,6,0.0,0.0,0.0,0.0,0.0,4.329,4.329,9.12445e-07,True,0.0177740131862745
333,333,7,0.0,0.0,0.0,0.0,0.0,3.995,3.995,8.555194e-07,True,0.0177740131862745
333,333,8,0.0,0.0,0.0,0.0,0.0,4.294,4.294,7.404769e-07,True,0.0177740131862745
334,334,1,0.0,0.0,0.0,0.0,0.0,4.318,4.318,6.294593e-06,True,0.0039606055392157
334,334,2,0.996078431372549,0.9921178258333332,-0.0039606055392157,0.996078431372549,0.3516401902473242,3.584,3.844,0.0001080261,True,0.0039606055392157
334,334,3,0.0,0.0,0.0,0.0,0.0,4.164,4.164,2.234992e-06,True,0.0039606055392157
334,334,4,0.0,0.0,0.0,0.0,0.0,4.23,4.23,1.411519e-07,True,0.0039606055392157
334,334,5,0.0,0.0,0.0,0.0,0.0,3.977,3.977,1.176639e-07,True,0.0039606055392157
334,334,6,0.0,0.0,0.0,0.0,0.0,4.329,4.329,6.529251e-07,True,0.0039606055392157
334,334,7,0.0,0.0,0.0,0.0,0.0,3.995,3.995,7.294316e-07,True,0.0039606055392157
334,334,8,0.0,0.0,0.0,0.0,0.0,4.294,4.294,8.572816e-07,True,0.0039606055392157
335,335,1,0.0,0.0,0.0,0.0,0.0,4.318,4.318,2.412587e-07,True,0.0120421431862746
335,335,2,0.0,0.0,0.0,0.0,0.0,4.261,4.261,8.69549e-07,True,0.0120421431862746
335,335,3,0.0,0.0,0.0,0.0,0.0,4.164,4.164,6.386045e-07,True,0.0120421431862746
335,335,4,0.5019607843137254,0.5140029275,0.0120421431862746,0.5019607843137254,0.1853313043379901,3.739,3.934,5.673052e-05,True,0.0120421431862746
335,335,5,0.0,0.0,0.0,0.0,0.0,3.977,3.977,1.055435e-06,True,0.0120421431862746
335,335,6,0.0,0.0,0.0,0.0,0.0,4.329,4.329,5.686928e-07,True,0.0120421431862746
335,335,7,0.0,0.0,0.0,0.0,0.0,3.995,3.995,7.412831e-07,True,0.0120421431862746
335,335,8,0.0,0.0,0.0,0.0,0.0,4.294,4.294,8.350082e-07,True,0.0120421431862746
336,336,1,0.0,0.0,0.0,0.0,0.0,4.318,4.318,3.379665e-07,True,0.0148109497549019
336,336,2,0.0,0.0,0.0,0.0,0.0,4.261,4.261,6.97926e-07,True,0.0148109497549019
336,336,3,0.0,0.0,0.0,0.0,0.0,4.164,4.164,1.603819e-06,True,0.0148109497549019
336,336,4,0.0,0.0,0.0,0.0,0.0,4.23,4.23,1.725283e-06,True,0.0148109497549019
336,336,5,0.992156862745098,1.0069678125,0.0148109497549019,0.992156862745098,0.6106624464461253,3.331,3.507,0.0001137995,True,0.0148109497549019
336,336,6,0.0,0.0,0.0,0.0,0.0,4.329,4.329,1.00652e-06,True,0.0148109497549019
336,336,7,0.0,0.0,0.0,0.0,0.0,3.995,3.995,9.310253e-07,True,0.0148109497549019
336,336,8,0.0,0.0,0.0,0.0,0.0,4.294,4.294,7.340977e-07,True,0.0148109497549019
337,337,1,0.0,0.0,0.0,0.0,0.0,4.318,4.318,2.403745e-07,True,0.0042591414215686
337,337,2,0.0,0.0,0.0,0.0,0.0,4.261,4.261,9.477212e-07,True,0.0042591414215686
337,337,3,0.0,0.0,0.0,0.0,0.0,4.164,4.164,1.924388e-06,True,0.0042591414215686
337,337,4,0.992156862745098,0.9964160041666666,0.0042591414215686,0.992156862745098,0.3892211369764707,3.456,3.802,0.0001125034,True,0.0042591414215686
337,337,5,0.0,0.0,0.0,0.0,0.0,3.977,3.977,1.747183e-06,True,0.0042591414215686
337,337,6,0.0,0.0,0.0,0.0,0.0,4.329,4.329,5.916953e-07,True,0.0042591414215686
337,337,7,0.0,0.0,0.0,0.0,0.0,3.995,3.995,7.427262e-07,True,0.0042591414215686
337,337,8,0.0,0.0,0.0,0.0,0.0,4.294,4.294,8.724323e-07,True,0.0042591414215686
338,338,1,0.0,0.0,0.0,0.0,0.0,4.318,4.318,3.342303e-07,True,0.0117046955392156
338,338,2,0.0,0.0,0.0,0.0,0.0,4.261,4.261,6.672238e-07,True,0.0117046955392156
338,338,3,0.8039215686274511,0.8156262641666667,0.0117046955392156,0.8039215686274511,0.2836892203705151,3.53,3.779,8.620373e-05,True,0.0117046955392156
338,338,4,0.0,0.0,0.0,0.0,0.0,4.23,4.23,8.135354e-06,True,0.0117046955392156
338,338,5,0.0,0.0,0.0,0.0,0.0,3.977,3.977,3.891113e-07,True,0.0117046955392156
338,338,6,0.0,0.0,0.0,0.0,0.0,4.329,4.329,5.645117e-07,True,0.0117046955392156
338,338,7,0.0,0.0,0.0,0.0,0.0,3.995,3.995,8.363833e-07,True,0.0117046955392156
338,338,8,0.0,0.0,0.0,0.0,0.0,4.294,4.294,7.446073e-07,True,0.0117046955392156
339,339,1,0.0,0.0,0.0,0.0,0.0,4.318,4.318,5.234971e-06,True,0.010500532205882
339,339,2,0.8039215686274511,0.8144221008333332,0.010500532205882,0.8039215686274511,0.2515457830030105,3.66,3.888,8.788844e-05,True,0.010500532205882
339,339,3,0.0,0.0,0.0,0.0,0.0,4.164,4.164,2.12001e-06,True,0.010500532205882
339,339,4,0.0,0.0,0.0,0.0,0.0,4.23,4.23,1.448379e-07,True,0.010500532205882
339,339,5,0.0,0.0,0.0,0.0,0.0,3.977,3.977,1.212218e-07,True,0.010500532205882
339,339,6,0.0,0.0,0.0,0.0,0.0,4.329,4.329,6.43187e-07,True,0.010500532205882
339,339,7,0.0,0.0,0.0,0.0,0.0,3.995,3.995,7.305828e-07,True,0.010500532205882
339,339,8,0.0,0.0,0.0,0.0,0.0,4.294,4.294,8.474016e-07,True,0.010500532205882
340,340,1,0.0,0.0,0.0,0.0,0.0,4.318,4.318,2.893192e-07,True,0.0033201330392156
340,340,2,0.0,0.0,0.0,0.0,0.0,4.261,4.261,6.792548e-07,True,0.0033201330392156
340,340,3,0.1294117647058823,0.1260916316666666,-0.0033201330392156,0.1294117647058823,0.0509652298197667,3.874,4.014,9.907834e-06,True,0.0033201330392156
340,340,4,0.0,0.0,0.0,0.0,0.0,4.23,4.23,1.974142e-06,True,0.0033201330392156
340,340,5,0.0,0.0,0.0,0.0,0.0,3.977,3.977,1.807491e-07,True,0.0033201330392156
340,340,6,0.0,0.0,0.0,0.0,0.0,4.329,4.329,5.722997e-07,True,0.0033201330392156
340,340,7,0.0,0.0,0.0,0.0,0.0,3.995,3.995,7.785007e-07,True,0.0033201330392156
340,340,8,0.0,0.0,0.0,0.0,0.0,4.294,4.294,7.488963e-07,True,0.0033201330392156
341,341,1,0.0,0.0,0.0,0.0,0.0,4.318,4.318,7.997909e-07,True,0.0184303130392156
341,341,2,0.1294117647058823,0.1109814516666666,-0.0184303130392156,0.1294117647058823,0.0255840848646685,3.955,4.131,8.616991e-06,True,0.0184303130392156
341,341,3,0.0,0.0,0.0,0.0,0.0,4.164,4.164,1.518105e-06,True,0.0184303130392156
341,341,4,0.0,0.0,0.0,0.0,0.0,4.23,4.23,1.413309e-07,True,0.0184303130392156
341,341,5,0.0,0.0,0.0,0.0,0.0,3.977,3.977,1.251831e-07,True,0.0184303130392156
341,341,6,0.0,0.0,0.0,0.0,0.0,4.329,4.329,5.937407e-07,True,0.0184303130392156
341,341,7,0.0,0.0,0.0,0.0,0.0,3.995,3.995,7.400263e-07,True,0.0184303130392156
341,341,8,0.0,0.0,0.0,0.0,0.0,4.294,4.294,7.826063e-07,True,0.0184303130392156
343,343,1,0.0,0.0,0.0,0.0,0.0,4.318,4.318,5.908984e-07,True,0.0099331125980391
343,343,2,0.0901960784313725,0.0802629658333333,-0.0099331125980391,0.0901960784313725,0.0210576188097058,3.978,4.154,5.185496e-06,True,0.0099331125980391
343,343,3,0.0,0.0,0.0,0.0,0.0,4.164,4.164,1.481039e-06,True,0.0099331125980391
343,343,4,0.0,0.0,0.0,0.0,0.0,4.23,4.23,1.397692e-07,True,0.0099331125980391
343,343,5,0.0,0.0,0.0,0.0,0.0,3.977,3.977,1.250897e-07,True,0.0099331125980391
343,343,6,0.0,0.0,0.0,0.0,0.0,4.329,4.329,5.920419e-07,True,0.0099331125980391
343,343,7,0.0,0.0,0.0,0.0,0.0,3.995,3.995,7.390328e-07,True,0.0099331125980391
343,343,8,0.0,0.0,0.0,0.0,0.0,4.294,4.294,7.781889e-07,True,0.0099331125980391
344,344,1,0.0,0.0,0.0,0.0,0.0,4.318,4.318,2.874611e-07,True,0.0117140842647059
344,344,2,0.0,0.0,0.0,0.0,0.0,4.261,4.261,6.772983e-07,True,0.0117140842647059
344,344,3,0.1098039215686274,0.1215180058333333,0.0117140842647059,0.1098039215686274,0.0500050173041686,3.887,4.017,9.421455e-06,True,0.0117140842647059
344,344,4,0.0,0.0,0.0,0.0,0.0,4.23,4.23,1.916552e-06,True,0.0117140842647059
344,344,5,0.0,0.0,0.0,0.0,0.0,3.977,3.977,1.79197e-07,True,0.0117140842647059
344,344,6,0.0,0.0,0.0,0.0,0.0,4.329,4.329,5.713748e-07,True,0.0117140842647059
344,344,7,0.0,0.0,0.0,0.0,0.0,3.995,3.995,7.78211e-07,True,0.0117140842647059
344,344,8,0.0,0.0,0.0,0.0,0.0,4.294,4.294,7.506115e-07,True,0.0117140842647059
345,345,1,0.0,0.0,0.0,0.0,0.0,4.318,4.318,8.405633e-07,True,0.0072960650980392
345,345,2,0.1098039215686274,0.1170999866666666,0.0072960650980392,0.1098039215686274,0.0262551778202205,3.966,4.127,9.296776e-06,True,0.0072960650980392
345,345,3,0.0,0.0,0.0,0.0,0.0,4.164,4.164,1.527074e-06,True,0.0072960650980392
345,345,4,0.0,0.0,0.0,0.0,0.0,4.23,4.23,1.407403e-07,True,0.0072960650980392
345,345,5,0.0,0.0,0.0,0.0,0.0,3.977,3.977,1.258931e-07,True,0.0072960650980392
345,345,6,0.0,0.0,0.0,0.0,0.0,4.329,4.329,5.961105e-07,True,0.0072960650980392
345,345,7,0.0,0.0,0.0,0.0,0.0,3.995,3.995,7.395602e-07,True,0.0072960650980392
345,345,8,0.0,0.0,0.0,0.0,0.0,4.294,4.294,7.85281e-07,True,0.0072960650980392
346,346,1,0.0,0.0,0.0,0.0,0.0,4.318,4.318,3.407228e-07,True,0.0132295771568627
346,346,2,0.0,0.0,0.0,0.0,0.0,4.261,4.261,6.724001e-07,True,0.0132295771568627
346,346,3,0.9490196078431372,0.962249185,0.0132295771568627,0.9490196078431372,0.3520971447483086,3.463,3.743,0.000102573,True,0.0132295771568627
346,346,4,0.0,0.0,0.0,0.0,0.0,4.23,4.23,9.299145e-06,True,0.0132295771568627
346,346,5,0.0,0.0,0.0,0.0,0.0,3.977,3.977,4.314878e-07,True,0.0132295771568627
346,346,6,0.0,0.0,0.0,0.0,0.0,4.329,4.329,5.612304e-07,True,0.0132295771568627
346,346,7,0.0,0.0,0.0,0.0,0.0,3.995,3.995,8.497813e-07,True,0.0132295771568627
346,346,8,0.0,0.0,0.0,0.0,0.0,4.294,4.294,7.421348e-07,True,0.0132295771568627
347,347,1,0.0,0.0,0.0,0.0,0.0,4.318,4.318,3.210301e-07,True,0.0124386775
347,347,2,0.0,0.0,0.0,0.0,0.0,4.261,4.261,6.946465e-07,True,0.0124386775
347,347,3,0.0,0.0,0.0,0.0,0.0,4.164,4.164,1.568413e-06,True,0.0124386775
347,347,4,0.0,0.0,0.0,0.0,0.0,4.23,4.23,1.177142e-06,True,0.0124386775
347,347,5,0.6666666666666666,0.6791053441666667,0.0124386775,0.6666666666666666,0.4072373080578643,3.482,3.604,7.516635e-05,True,0.0124386775
347,347,6,0.0,0.0,0.0,0.0,0.0,4.329,4.329,9.420193e-07,True,0.0124386775
347,347,7,0.0,0.0,0.0,0.0,0.0,3.995,3.995,8.84497e-07,True,0.0124386775
347,347,8,0.0,0.0,0.0,0.0,0.0,4.294,4.294,7.385434e-07,True,0.0124386775
348,348,1,0.0,0.0,0.0,0.0,0.0,4.318,4.318,6.093187e-06,True,0.0093715988235294
348,348,2,0.9490196078431372,0.9583912066666668,0.0093715988235294,0.9490196078431372,0.3334870884441392,3.603,3.852,0.0001041954,True,0.0093715988235294
348,348,3,0.0,0.0,0.0,0.0,0.0,4.164,4.164,2.217433e-06,True,0.0093715988235294
348,348,4,0.0,0.0,0.0,0.0,0.0,4.23,4.23,1.451348e-07,True,0.0093715988235294
348,348,5,0.0,0.0,0.0,0.0,0.0,3.977,3.977,1.206861e-07,True,0.0093715988235294
348,348,6,0.0,0.0,0.0,0.0,0.0,4.329,4.329,6.497048e-07,True,0.0093715988235294
348,348,7,0.0,0.0,0.0,0.0,0.0,3.995,3.995,7.320677e-07,True,0.0093715988235294
348,348,8,0.0,0.0,0.0,0.0,0.0,4.294,4.294,8.533314e-07,True,0.0093715988235294
349,349,1,0.0,0.0,0.0,0.0,0.0,4.318,4.318,2.41602e-07,True,0.0064034124999999
349,349,2,0.0,0.0,0.0,0.0,0.0,4.261,4.261,8.967118e-07,True,0.0064034124999999
349,349,3,0.0,0.0,0.0,0.0,0.0,4.164,4.164,9.990177e-07,True,0.0064034124999999
349,349,4,0.6666666666666666,0.6730700791666666,0.0064034124999999,0.6666666666666666,0.2499705734383333,3.647,3.887,7.517065e-05,True,0.0064034124999999
349,349,5,0.0,0.0,0.0,0.0,0.0,3.977,3.977,1.294043e-06,True,0.0064034124999999
349,349,6,0.0,0.0,0.0,0.0,0.0,4.329,4.329,5.738885e-07,True,0.0064034124999999
349,349,7,0.0,0.0,0.0,0.0,0.0,3.995,3.995,7.449069e-07,True,0.0064034124999999
349,349,8,0.0,0.0,0.0,0.0,0.0,4.294,4.294,8.475896e-07,True,0.0064034124999999
350,350,1,0.0,0.0,0.0,0.0,0.0,4.318,4.318,3.358525e-07,True,0.0127732667156866
350,350,2,0.0,0.0,0.0,0.0,0.0,4.261,4.261,6.692435e-07,True,0.0127732667156866
350,350,3,0.8549019607843135,0.8676752275000001,0.0127732667156866,0.8549019607843135,0.3071544200336637,3.507,3.766,9.198127e-05,True,0.0127732667156866
350,350,4,0.0,0.0,0.0,0.0,0.0,4.23,4.23,8.579896e-06,True,0.0127732667156866
350,350,5,0.0,0.0,0.0,0.0,0.0,3.977,3.977,4.058115e-07,True,0.0127732667156866
350,350,6,0.0,0.0,0.0,0.0,0.0,4.329,4.329,5.64059e-07,True,0.0127732667156866
350,350,7,0.0,0.0,0.0,0.0,0.0,3.995,3.995,8.410725e-07,True,0.0127732667156866
350,350,8,0.0,0.0,0.0,0.0,0.0,4.294,4.294,7.438223e-07,True,0.0127732667156866
351,351,1,0.0,0.0,0.0,0.0,0.0,4.318,4.318,3.192079e-07,True,0.0114066405392159
351,351,2,0.0,0.0,0.0,0.0,0.0,4.261,4.261,6.99119e-07,True,0.0114066405392159
351,351,3,0.0,0.0,0.0,0.0,0.0,4.164,4.164,1.562712e-06,True,0.0114066405392159
351,351,4,0.0,0.0,0.0,0.0,0.0,4.23,4.23,1.194629e-06,True,0.0114066405392159
351,351,5,0.6705882352941174,0.6819948758333333,0.0114066405392159,0.6705882352941174,0.4107057436088583,3.48,3.603,7.548961e-05,True,0.0114066405392159
351,351,6,0.0,0.0,0.0,0.0,0.0,4.329,4.329,9.53826e-07,True,0.0114066405392159
351,351,7,0.0,0.0,0.0,0.0,0.0,3.995,3.995,8.817855e-07,True,0.0114066405392159
351,351,8,0.0,0.0,0.0,0.0,0.0,4.294,4.294,7.384957e-07,True,0.0114066405392159
352,352,1,0.0,0.0,0.0,0.0,0.0,4.318,4.318,5.526378e-06,True,0.0110778842156865
352,352,2,0.8549019607843135,0.865979845,0.0110778842156865,0.8549019607843135,0.2820493054181616,3.64,3.875,9.374425e-05,True,0.0110778842156865
352,352,3,0.0,0.0,0.0,0.0,0.0,4.164,4.164,2.15431e-06,True,0.0110778842156865
352,352,4,0.0,0.0,0.0,0.0,0.0,4.23,4.23,1.450711e-07,True,0.0110778842156865
352,352,5,0.0,0.0,0.0,0.0,0.0,3.977,3.977,1.208145e-07,True,0.0110778842156865
352,352,6,0.0,0.0,0.0,0.0,0.0,4.329,4.329,6.485887e-07,True,0.0110778842156865
352,352,7,0.0,0.0,0.0,0.0,0.0,3.995,3.995,7.316437e-07,True,0.0110778842156865
352,352,8,0.0,0.0,0.0,0.0,0.0,4.294,4.294,8.465254e-07,True,0.0110778842156865
353,353,1,0.0,0.0,0.0,0.0,0.0,4.318,4.318,2.903016e-07,True,0.0168817001470587
353,353,2,0.0,0.0,0.0,0.0,0.0,4.261,4.261,6.782061e-07,True,0.0168817001470587
353,353,3,0.1686274509803921,0.1517457508333333,-0.0168817001470587,0.1686274509803921,0.0560550127140195,3.849,3.999,1.268724e-05,True,0.0168817001470587
353,353,4,0.0,0.0,0.0,0.0,0.0,4.23,4.23,2.262512e-06,True,0.0168817001470587
353,353,5,0.0,0.0,0.0,0.0,0.0,3.977,3.977,1.89328e-07,True,0.0168817001470587
353,353,6,0.0,0.0,0.0,0.0,0.0,4.329,4.329,5.728323e-07,True,0.0168817001470587
353,353,7,0.0,0.0,0.0,0.0,0.0,3.995,3.995,7.824888e-07,True,0.0168817001470587
353,353,8,0.0,0.0,0.0,0.0,0.0,4.294,4.294,7.465813e-07,True,0.0168817001470587
354,354,1,0.0,0.0,0.0,0.0,0.0,4.318,4.318,2.415299e-07,True,0.0049563497058826
354,354,2,0.0,0.0,0.0,0.0,0.0,4.261,4.261,8.983868e-07,True,0.0049563497058826
354,354,3,0.0,0.0,0.0,0.0,0.0,4.164,4.164,1.00459e-06,True,0.0049563497058826
354,354,4,0.6705882352941174,0.675544585,0.0049563497058826,0.6705882352941174,0.2520493298569725,3.645,3.886,7.545849e-05,True,0.0049563497058826
354,354,5,0.0,0.0,0.0,0.0,0.0,3.977,3.977,1.296481e-06,True,0.0049563497058826
354,354,6,0.0,0.0,0.0,0.0,0.0,4.329,4.329,5.775634e-07,True,0.0049563497058826
354,354,7,0.0,0.0,0.0,0.0,0.0,3.995,3.995,7.43278e-07,True,0.0049563497058826
354,354,8,0.0,0.0,0.0,0.0,0.0,4.294,4.294,8.450311e-07,True,0.0049563497058826
355,355,1,0.0,0.0,0.0,0.0,0.0,4.318,4.318,1.272973e-06,True,0.0047483013137254
355,355,2,0.1686274509803921,0.1638791496666666,-0.0047483013137254,0.1686274509803921,0.0319657553469524,3.932,4.098,1.331557e-05,True,0.0047483013137254
355,355,3,0.0,0.0,0.0,0.0,0.0,4.164,4.164,1.650791e-06,True,0.0047483013137254
355,355,4,0.0,0.0,0.0,0.0,0.0,4.23,4.23,1.158686e-06,True,0.0047483013137254
355,355,5,0.0,0.0,0.0,0.0,0.0,3.977,3.977,7.551336e-08,True,0.0047483013137254
355,355,6,0.0,0.0,0.0,0.0,0.0,4.329,4.329,6.291036e-07,True,0.0047483013137254
355,355,7,0.0,0.0,0.0,0.0,0.0,3.995,3.995,7.34247e-07,True,0.0047483013137254
355,355,8,0.0,0.0,0.0,0.0,0.0,4.294,4.294,8.28614e-07,True,0.0047483013137254
356,356,1,0.0,0.0,0.0,0.0,0.0,4.318,4.318,2.85362e-07,True,0.0072124131862745
356,356,2,0.0,0.0,0.0,0.0,0.0,4.261,4.261,6.802863e-07,True,0.0072124131862745
356,356,3,0.1019607843137254,0.1091731974999999,0.0072124131862745,0.1019607843137254,0.0474277204201653,3.892,4.025,8.105129e-06,True,0.0072124131862745
356,356,4,0.0,0.0,0.0,0.0,0.0,4.23,4.23,1.761551e-06,True,0.0072124131862745
356,356,5,0.0,0.0,0.0,0.0,0.0,3.977,3.977,1.743513e-07,True,0.0072124131862745
356,356,6,0.0,0.0,0.0,0.0,0.0,4.329,4.329,5.712972e-07,True,0.0072124131862745
356,356,7,0.0,0.0,0.0,0.0,0.0,3.995,3.995,7.761184e-07,True,0.0072124131862745
356,356,8,0.0,0.0,0.0,0.0,0.0,4.294,4.294,7.466885e-07,True,0.0072124131862745
357,357,1,0.0,0.0,0.0,0.0,0.0,4.318,4.318,6.938595e-07,True,0.006961353480392
357,357,2,0.1019607843137254,0.0949994308333333,-0.006961353480392,0.1019607843137254,0.023388552041544,3.971,4.142,6.840526e-06,True,0.006961353480392
357,357,3,0.0,0.0,0.0,0.0,0.0,4.164,4.164,1.490572e-06,True,0.006961353480392
357,357,4,0.0,0.0,0.0,0.0,0.0,4.23,4.23,1.391873e-07,True,0.006961353480392
357,357,5,0.0,0.0,0.0,0.0,0.0,3.977,3.977,1.26239e-07,True,0.006961353480392
357,357,6,0.0,0.0,0.0,0.0,0.0,4.329,4.329,5.93715e-07,True,0.006961353480392
357,357,7,0.0,0.0,0.0,0.0,0.0,3.995,3.995,7.374384e-07,True,0.006961353480392
357,357,8,0.0,0.0,0.0,0.0,0.0,4.294,4.294,7.783945e-07,True,0.006961353480392
358,358,1,0.0,0.0,0.0,0.0,0.0,4.318,4.318,2.712678e-07,True,0.0087120785784313
358,358,2,0.0,0.0,0.0,0.0,0.0,4.261,4.261,6.817575e-07,True,0.0087120785784313
358,358,3,0.0588235294117647,0.0501114508333333,-0.0087120785784313,0.0588235294117647,0.0293929003438725,3.991,4.078,1.901038e-06,True,0.0087120785784313
358,358,4,0.0,0.0,0.0,0.0,0.0,4.23,4.23,9.263343e-07,True,0.0087120785784313
358,358,5,0.0,0.0,0.0,0.0,0.0,3.977,3.977,1.496425e-07,True,0.0087120785784313
358,358,6,0.0,0.0,0.0,0.0,0.0,4.329,4.329,5.73174e-07,True,0.0087120785784313
358,358,7,0.0,0.0,0.0,0.0,0.0,3.995,3.995,7.602787e-07,True,0.0087120785784313
358,358,8,0.0,0.0,0.0,0.0,0.0,4.294,4.294,7.498813e-07,True,0.0087120785784313
359,359,1,0.0,0.0,0.0,0.0,0.0,4.318,4.318,2.776628e-07,True,0.0145855489215687
359,359,2,0.0,0.0,0.0,0.0,0.0,4.261,4.261,6.959787e-07,True,0.0145855489215687
359,359,3,0.0,0.0,0.0,0.0,0.0,4.164,4.164,1.432976e-06,True,0.0145855489215687
359,359,4,0.0,0.0,0.0,0.0,0.0,4.23,4.23,3.040017e-07,True,0.0145855489215687
359,359,5,0.1254901960784313,0.140075745,0.0145855489215687,0.1254901960784313,0.0656048602617908,3.773,3.829,1.182578e-05,True,0.0145855489215687
359,359,6,0.0,0.0,0.0,0.0,0.0,4.329,4.329,7.448784e-07,True,0.0145855489215687
359,359,7,0.0,0.0,0.0,0.0,0.0,3.995,3.995,7.850067e-07,True,0.0145855489215687
359,359,8,0.0,0.0,0.0,0.0,0.0,4.294,4.294,7.428051e-07,True,0.0145855489215687
361,361,1,0.0,0.0,0.0,0.0,0.0,4.318,4.318,3.224657e-07,True,0.0049642759313727
361,361,2,0.0,0.0,0.0,0.0,0.0,4.261,4.261,6.649602e-07,True,0.0049642759313727
361,361,3,0.576470588235294,0.5814348641666667,0.0049642759313727,0.576470588235294,0.1798163154759739,3.634,3.841,6.009938e-05,True,0.0049642759313727
361,361,4,0.0,0.0,0.0,0.0,0.0,4.23,4.23,6.234702e-06,True,0.0049642759313727
361,361,5,0.0,0.0,0.0,0.0,0.0,3.977,3.977,3.22361e-07,True,0.0049642759313727
361,361,6,0.0,0.0,0.0,0.0,0.0,4.329,4.329,5.650703e-07,True,0.0049642759313727
361,361,7,0.0,0.0,0.0,0.0,0.0,3.995,3.995,8.218102e-07,True,0.0049642759313727
361,361,8,0.0,0.0,0.0,0.0,0.0,4.294,4.294,7.414343e-07,True,0.0049642759313727
362,362,1,0.0,0.0,0.0,0.0,0.0,4.318,4.318,2.451533e-07,True,0.0086207014215687
362,362,2,0.0,0.0,0.0,0.0,0.0,4.261,4.261,7.788704e-07,True,0.0086207014215687
362,362,3,0.0,0.0,0.0,0.0,0.0,4.164,4.164,3.381055e-07,True,0.0086207014215687
362,362,4,0.1254901960784313,0.1341108975,0.0086207014215687,0.1254901960784313,0.0245342958126223,3.98,4.09,1.221235e-05,True,0.0086207014215687
362,362,5,0.0,0.0,0.0,0.0,0.0,3.977,3.977,4.268796e-07,True,0.0086207014215687
362,362,6,0.0,0.0,0.0,0.0,0.0,4.329,4.329,5.620979e-07,True,0.0086207014215687
362,362,7,0.0,0.0,0.0,0.0,0.0,3.995,3.995,7.427901e-07,True,0.0086207014215687
362,362,8,0.0,0.0,0.0,0.0,0.0,4.294,4.294,7.870609e-07,True,0.0086207014215687
363,363,1,0.0,0.0,0.0,0.0,0.0,4.318,4.318,3.293661e-07,True,0.0119873150490195
363,363,2,0.0,0.0,0.0,0.0,0.0,4.261,4.261,6.94539e-07,True,0.0119873150490195
363,363,3,0.0,0.0,0.0,0.0,0.0,4.164,4.164,1.585819e-06,True,0.0119873150490195
363,363,4,0.0,0.0,0.0,0.0,0.0,4.23,4.23,1.376499e-06,True,0.0119873150490195
363,363,5,0.788235294117647,0.8002226091666665,0.0119873150490195,0.788235294117647,0.4864454975082352,3.426,3.566,8.944695e-05,True,0.0119873150490195
363,363,6,0.0,0.0,0.0,0.0,0.0,4.329,4.329,9.57764e-07,True,0.0119873150490195
363,363,7,0.0,0.0,0.0,0.0,0.0,3.995,3.995,9.042595e-07,True,0.0119873150490195
363,363,8,0.0,0.0,0.0,0.0,0.0,4.294,4.294,7.315165e-07,True,0.0119873150490195
364,364,1,0.0,0.0,0.0,0.0,0.0,4.318,4.318,3.865682e-06,True,0.0178362425980392
364,364,2,0.576470588235294,0.5943068308333332,0.0178362425980392,0.576470588235294,0.1448961498583698,3.75,3.946,6.303975e-05,True,0.0178362425980392
364,364,3,0.0,0.0,0.0,0.0,0.0,4.164,4.164,1.960035e-06,True,0.0178362425980392
364,364,4,0.0,0.0,0.0,0.0,0.0,4.23,4.23,1.409463e-07,True,0.0178362425980392
364,364,5,0.0,0.0,0.0,0.0,0.0,3.977,3.977,1.208858e-07,True,0.0178362425980392
364,364,6,0.0,0.0,0.0,0.0,0.0,4.329,4.329,6.316554e-07,True,0.0178362425980392
364,364,7,0.0,0.0,0.0,0.0,0.0,3.995,3.995,7.305702e-07,True,0.0178362425980392
364,364,8,0.0,0.0,0.0,0.0,0.0,4.294,4.294,8.27295e-07,True,0.0178362425980392
365,365,1,0.0,0.0,0.0,0.0,0.0,4.318,4.318,2.405394e-07,True,0.0032319783823531
365,365,2,0.0,0.0,0.0,0.0,0.0,4.261,4.261,9.159602e-07,True,0.0032319783823531
365,365,3,0.0,0.0,0.0,0.0,0.0,4.164,4.164,1.31049e-06,True,0.0032319783823531
365,365,4,0.788235294117647,0.7914672725000002,0.0032319783823531,0.788235294117647,0.3043788862072057,3.579,3.854,8.886448e-05,True,0.0032319783823531
365,365,5,0.0,0.0,0.0,0.0,0.0,3.977,3.977,1.468209e-06,True,0.0032319783823531
365,365,6,0.0,0.0,0.0,0.0,0.0,4.329,4.329,5.803024e-07,True,0.0032319783823531
365,365,7,0.0,0.0,0.0,0.0,0.0,3.995,3.995,7.428055e-07,True,0.0032319783823531
365,365,8,0.0,0.0,0.0,0.0,0.0,4.294,4.294,8.532862e-07,True,0.0032319783823531
366,366,1,0.0,0.0,0.0,0.0,0.0,4.318,4.318,3.014355e-07,True,0.0173162832843137
366,366,2,0.0,0.0,0.0,0.0,0.0,4.261,4.261,6.764928e-07,True,0.0173162832843137
366,366,3,0.2549019607843137,0.2375856774999999,-0.0173162832843137,0.2549019607843137,0.0704929477560661,3.794,3.957,2.204694e-05,True,0.0173162832843137
366,366,4,0.0,0.0,0.0,0.0,0.0,4.23,4.23,3.164009e-06,True,0.0173162832843137
366,366,5,0.0,0.0,0.0,0.0,0.0,3.977,3.977,2.184472e-07,True,0.0173162832843137
366,366,6,0.0,0.0,0.0,0.0,0.0,4.329,4.329,5.694105e-07,True,0.0173162832843137
366,366,7,0.0,0.0,0.0,0.0,0.0,3.995,3.995,7.911448e-07,True,0.0173162832843137
366,366,8,0.0,0.0,0.0,0.0,0.0,4.294,4.294,7.424015e-07,True,0.0173162832843137
367,367,1,0.0,0.0,0.0,0.0,0.0,4.318,4.318,1.736012e-06,True,0.0007647583823529
367,367,2,0.2549019607843137,0.2556667191666666,0.0007647583823529,0.2549019607843137,0.0398279863635247,3.887,4.058,2.485626e-05,True,0.0007647583823529
367,367,3,0.0,0.0,0.0,0.0,0.0,4.164,4.164,1.676254e-06,True,0.0007647583823529
367,367,4,0.0,0.0,0.0,0.0,0.0,4.23,4.23,1.441751e-07,True,0.0007647583823529
367,367,5,0.0,0.0,0.0,0.0,0.0,3.977,3.977,1.246274e-07,True,0.0007647583823529
367,367,6,0.0,0.0,0.0,0.0,0.0,4.329,4.329,6.082886e-07,True,0.0007647583823529
367,367,7,0.0,0.0,0.0,0.0,0.0,3.995,3.995,7.343712e-07,True,0.0007647583823529
367,367,8,0.0,0.0,0.0,0.0,0.0,4.294,4.294,8.00018e-07,True,0.0007647583823529
369,369,1,0.0,0.0,0.0,0.0,0.0,4.318,4.318,1.417741e-06,True,0.0057793200490195
369,369,2,0.2117647058823529,0.2059853858333333,-0.0057793200490195,0.2117647058823529,0.0357736627550551,3.908,4.079,1.928113e-05,True,0.0057793200490195
369,369,3,0.0,0.0,0.0,0.0,0.0,4.164,4.164,1.619001e-06,True,0.0057793200490195
369,369,4,0.0,0.0,0.0,0.0,0.0,4.23,4.23,1.434107e-07,True,0.0057793200490195
369,369,5,0.0,0.0,0.0,0.0,0.0,3.977,3.977,1.249253e-07,True,0.0057793200490195
369,369,6,0.0,0.0,0.0,0.0,0.0,4.329,4.329,6.051364e-07,True,0.0057793200490195
369,369,7,0.0,0.0,0.0,0.0,0.0,3.995,3.995,7.359237e-07,True,0.0057793200490195
369,369,8,0.0,0.0,0.0,0.0,0.0,4.294,4.294,7.909782e-07,True,0.0057793200490195
370,370,1,0.0,0.0,0.0,0.0,0.0,4.318,4.318,3.037695e-07,True,0.0158379022058825
370,370,2,0.0,0.0,0.0,0.0,0.0,4.261,4.261,6.733656e-07,True,0.0158379022058825
370,370,3,0.2705882352941175,0.2864261375,0.0158379022058825,0.2705882352941175,0.0773375402442032,3.786,3.937,2.741592e-05,True,0.0158379022058825
370,370,4,0.0,0.0,0.0,0.0,0.0,4.23,4.23,3.637384e-06,True,0.0158379022058825
370,370,5,0.0,0.0,0.0,0.0,0.0,3.977,3.977,2.336076e-07,True,0.0158379022058825
370,370,6,0.0,0.0,0.0,0.0,0.0,4.329,4.329,5.694106e-07,True,0.0158379022058825
370,370,7,0.0,0.0,0.0,0.0,0.0,3.995,3.995,7.953702e-07,True,0.0158379022058825
370,370,8,0.0,0.0,0.0,0.0,0.0,4.294,4.294,7.42309e-07,True,0.0158379022058825
371,371,1,0.0,0.0,0.0,0.0,0.0,4.318,4.318,2.956969e-07,True,0.0147265764705883
371,371,2,0.0,0.0,0.0,0.0,0.0,4.261,4.261,6.961188e-07,True,0.0147265764705883
371,371,3,0.0,0.0,0.0,0.0,0.0,4.164,4.164,1.493603e-06,True,0.0147265764705883
371,371,4,0.0,0.0,0.0,0.0,0.0,4.23,4.23,6.073777e-07,True,0.0147265764705883
371,371,5,0.3137254901960783,0.3284520666666667,0.0147265764705883,0.3137254901960783,0.1848343578718012,3.654,3.73,3.3915e-05,True,0.0147265764705883
371,371,6,0.0,0.0,0.0,0.0,0.0,4.329,4.329,8.444217e-07,True,0.0147265764705883
371,371,7,0.0,0.0,0.0,0.0,0.0,3.995,3.995,8.2578e-07,True,0.0147265764705883
371,371,8,0.0,0.0,0.0,0.0,0.0,4.294,4.294,7.362499e-07,True,0.0147265764705883
372,372,1,0.0,0.0,0.0,0.0,0.0,4.318,4.318,1.873498e-06,True,0.0054372330392158
372,372,2,0.2705882352941175,0.2760254683333333,0.0054372330392158,0.2705882352941175,0.0416906700973405,3.88,4.049,2.715633e-05,True,0.0054372330392158
372,372,3,0.0,0.0,0.0,0.0,0.0,4.164,4.164,1.676773e-06,True,0.0054372330392158
372,372,4,0.0,0.0,0.0,0.0,0.0,4.23,4.23,1.439338e-07,True,0.0054372330392158
372,372,5,0.0,0.0,0.0,0.0,0.0,3.977,3.977,1.25072e-07,True,0.0054372330392158
372,372,6,0.0,0.0,0.0,0.0,0.0,4.329,4.329,6.134185e-07,True,0.0054372330392158
372,372,7,0.0,0.0,0.0,0.0,0.0,3.995,3.995,7.33836e-07,True,0.0054372330392158
372,372,8,0.0,0.0,0.0,0.0,0.0,4.294,4.294,8.001949e-07,True,0.0054372330392158
373,373,1,0.0,0.0,0.0,0.0,0.0,4.318,4.318,3.080322e-07,True,0.0171218168137254
373,373,2,0.0,0.0,0.0,0.0,0.0,4.261,4.261,6.770354e-07,True,0.0171218168137254
373,373,3,0.2980392156862745,0.3151610324999999,0.0171218168137254,0.2980392156862745,0.0810008009418053,3.771,3.926,3.05653e-05,True,0.0171218168137254
373,373,4,0.0,0.0,0.0,0.0,0.0,4.23,4.23,3.913887e-06,True,0.0171218168137254
373,373,5,0.0,0.0,0.0,0.0,0.0,3.977,3.977,2.425505e-07,True,0.0171218168137254
373,373,6,0.0,0.0,0.0,0.0,0.0,4.329,4.329,5.718803e-07,True,0.0171218168137254
373,373,7,0.0,0.0,0.0,0.0,0.0,3.995,3.995,7.985806e-07,True,0.0171218168137254
373,373,8,0.0,0.0,0.0,0.0,0.0,4.294,4.294,7.420579e-07,True,0.0171218168137254
374,374,1,0.0,0.0,0.0,0.0,0.0,4.318,4.318,2.431151e-07,True,0.0033133731372549
374,374,2,0.0,0.0,0.0,0.0,0.0,4.261,4.261,8.275155e-07,True,0.0033133731372549
374,374,3,0.0,0.0,0.0,0.0,0.0,4.164,4.164,3.299045e-07,True,0.0033133731372549
374,374,4,0.3137254901960783,0.3170388633333333,0.0033133731372549,0.3137254901960783,0.097552349281072,3.848,4.002,3.377934e-05,True,0.0033133731372549
374,374,5,0.0,0.0,0.0,0.0,0.0,3.977,3.977,7.519147e-07,True,0.0033133731372549
374,374,6,0.0,0.0,0.0,0.0,0.0,4.329,4.329,5.641064e-07,True,0.0033133731372549
374,374,7,0.0,0.0,0.0,0.0,0.0,3.995,3.995,7.401231e-07,True,0.0033133731372549
374,374,8,0.0,0.0,0.0,0.0,0.0,4.294,4.294,8.086443e-07,True,0.0033133731372549
375,375,1,0.0,0.0,0.0,0.0,0.0,4.318,4.318,3.000261e-07,True,0.0151083694607843
375,375,2,0.0,0.0,0.0,0.0,0.0,4.261,4.261,6.954111e-07,True,0.0151083694607843
375,375,3,0.0,0.0,0.0,0.0,0.0,4.164,4.164,1.498168e-06,True,0.0151083694607843
375,375,4,0.0,0.0,0.0,0.0,0.0,4.23,4.23,6.331424e-07,True,0.0151083694607843
375,375,5,0.3294117647058823,0.3445201341666666,0.0151083694607843,0.3294117647058823,0.1951301135578185,3.646,3.723,3.58022e-05,True,0.0151083694607843
375,375,6,0.0,0.0,0.0,0.0,0.0,4.329,4.329,8.478874e-07,True,0.0151083694607843
375,375,7,0.0,0.0,0.0,0.0,0.0,3.995,3.995,8.280534e-07,True,0.0151083694607843
375,375,8,0.0,0.0,0.0,0.0,0.0,4.294,4.294,7.375277e-07,True,0.0151083694607843
376,376,1,0.0,0.0,0.0,0.0,0.0,4.318,4.318,1.927866e-06,True,0.0110723398529412
376,376,2,0.2980392156862745,0.2869668758333333,-0.0110723398529412,0.2980392156862745,0.0424243158070281,3.867,4.045,2.838688e-05,True,0.0110723398529412
376,376,3,0.0,0.0,0.0,0.0,0.0,4.164,4.164,1.700881e-06,True,0.0110723398529412
376,376,4,0.0,0.0,0.0,0.0,0.0,4.23,4.23,1.442329e-07,True,0.0110723398529412
376,376,5,0.0,0.0,0.0,0.0,0.0,3.977,3.977,1.234715e-07,True,0.0110723398529412
376,376,6,0.0,0.0,0.0,0.0,0.0,4.329,4.329,6.163661e-07,True,0.0110723398529412
376,376,7,0.0,0.0,0.0,0.0,0.0,3.995,3.995,7.339522e-07,True,0.0110723398529412
376,376,8,0.0,0.0,0.0,0.0,0.0,4.294,4.294,8.023754e-07,True,0.0110723398529412
377,377,1,0.0,0.0,0.0,0.0,0.0,4.318,4.318,3.069395e-07,True,0.0173943970588236
377,377,2,0.0,0.0,0.0,0.0,0.0,4.261,4.261,6.705675e-07,True,0.0173943970588236
377,377,3,0.3058823529411764,0.32327675,0.0173943970588236,0.3058823529411764,0.0819762346769028,3.767,3.923,3.14796e-05,True,0.0173943970588236
377,377,4,0.0,0.0,0.0,0.0,0.0,4.23,4.23,3.975166e-06,True,0.0173943970588236
377,377,5,0.0,0.0,0.0,0.0,0.0,3.977,3.977,2.458275e-07,True,0.0173943970588236
377,377,6,0.0,0.0,0.0,0.0,0.0,4.329,4.329,5.733958e-07,True,0.0173943970588236
377,377,7,0.0,0.0,0.0,0.0,0.0,3.995,3.995,7.971054e-07,True,0.0173943970588236
377,377,8,0.0,0.0,0.0,0.0,0.0,4.294,4.294,7.446083e-07,True,0.0173943970588236
378,378,1,0.0,0.0,0.0,0.0,0.0,4.318,4.318,2.422425e-07,True,0.0022005644607843
378,378,2,0.0,0.0,0.0,0.0,0.0,4.261,4.261,8.339302e-07,True,0.0022005644607843
378,378,3,0.0,0.0,0.0,0.0,0.0,4.164,4.164,3.443847e-07,True,0.0022005644607843
378,378,4,0.3294117647058823,0.3316123291666666,0.0022005644607843,0.3294117647058823,0.105011057522506,3.839,3.996,3.547739e-05,True,0.0022005644607843
378,378,5,0.0,0.0,0.0,0.0,0.0,3.977,3.977,7.762265e-07,True,0.0022005644607843
378,378,6,0.0,0.0,0.0,0.0,0.0,4.329,4.329,5.670473e-07,True,0.0022005644607843
378,378,7,0.0,0.0,0.0,0.0,0.0,3.995,3.995,7.410855e-07,True,0.0022005644607843
378,378,8,0.0,0.0,0.0,0.0,0.0,4.294,4.294,8.111728e-07,True,0.0022005644607843
379,379,1,0.0,0.0,0.0,0.0,0.0,4.318,4.318,2.978748e-07,True,0.0151242082843137
379,379,2,0.0,0.0,0.0,0.0,0.0,4.261,4.261,6.946328e-07,True,0.0151242082843137
379,379,3,0.0,0.0,0.0,0.0,0.0,4.164,4.164,1.501623e-06,True,0.0151242082843137
379,379,4,0.0,0.0,0.0,0.0,0.0,4.23,4.23,6.677807e-07,True,0.0151242082843137
379,379,5,0.3450980392156862,0.3602222475,0.0151242082843137,0.3450980392156862,0.2045555560551898,3.637,3.716,3.763159e-05,True,0.0151242082843137
379,379,6,0.0,0.0,0.0,0.0,0.0,4.329,4.329,8.648067e-07,True,0.0151242082843137
379,379,7,0.0,0.0,0.0,0.0,0.0,3.995,3.995,8.284417e-07,True,0.0151242082843137
379,379,8,0.0,0.0,0.0,0.0,0.0,4.294,4.294,7.3992e-07,True,0.0151242082843137
380,380,1,0.0,0.0,0.0,0.0,0.0,4.318,4.318,2.124699e-06,True,0.0130905912254902
380,380,2,0.3058823529411764,0.3189729441666666,0.0130905912254902,0.3058823529411764,0.0447438261488479,3.864,4.033,3.199897e-05,True,0.0130905912254902
380,380,3,0.0,0.0,0.0,0.0,0.0,4.164,4.164,1.728415e-06,True,0.0130905912254902
380,380,4,0.0,0.0,0.0,0.0,0.0,4.23,4.23,1.429415e-07,True,0.0130905912254902
380,380,5,0.0,0.0,0.0,0.0,0.0,3.977,3.977,1.242436e-07,True,0.0130905912254902
380,380,6,0.0,0.0,0.0,0.0,0.0,4.329,4.329,6.183847e-07,True,0.0130905912254902
380,380,7,0.0,0.0,0.0,0.0,0.0,3.995,3.995,7.329967e-07,True,0.0130905912254902
380,380,8,0.0,0.0,0.0,0.0,0.0,4.294,4.294,8.061028e-07,True,0.0130905912254902
381,381,1,0.0,0.0,0.0,0.0,0.0,4.318,4.318,3.072296e-07,True,0.0158808092647059
381,381,2,0.0,0.0,0.0,0.0,0.0,4.261,4.261,6.696785e-07,True,0.0158808092647059
381,381,3,0.3098039215686274,0.3256847308333334,0.0158808092647059,0.3098039215686274,0.082306649365781,3.765,3.922,3.176081e-05,True,0.0158808092647059
381,381,4,0.0,0.0,0.0,0.0,0.0,4.23,4.23,3.986986e-06,True,0.0158808092647059
381,381,5,0.0,0.0,0.0,0.0,0.0,3.977,3.977,2.463491e-07,True,0.0158808092647059
381,381,6,0.0,0.0,0.0,0.0,0.0,4.329,4.329,5.724386e-07,True,0.0158808092647059
381,381,7,0.0,0.0,0.0,0.0,0.0,3.995,3.995,7.980119e-07,True,0.0158808092647059
381,381,8,0.0,0.0,0.0,0.0,0.0,4.294,4.294,7.40664e-07,True,0.0158808092647059
382,382,1,0.0,0.0,0.0,0.0,0.0,4.318,4.318,2.409977e-07,True,0.0174064757843137
382,382,2,0.0,0.0,0.0,0.0,0.0,4.261,4.261,8.39472e-07,True,0.0174064757843137
382,382,3,0.0,0.0,0.0,0.0,0.0,4.164,4.164,3.825581e-07,True,0.0174064757843137
382,382,4,0.3450980392156862,0.3625045149999999,0.0174064757843137,0.3450980392156862,0.1206351620925244,3.829,3.984,3.909309e-05,True,0.0174064757843137
382,382,5,0.0,0.0,0.0,0.0,0.0,3.977,3.977,8.260802e-07,True,0.0174064757843137
382,382,6,0.0,0.0,0.0,0.0,0.0,4.329,4.329,5.668247e-07,True,0.0174064757843137
382,382,7,0.0,0.0,0.0,0.0,0.0,3.995,3.995,7.388444e-07,True,0.0174064757843137
382,382,8,0.0,0.0,0.0,0.0,0.0,4.294,4.294,8.126747e-07,True,0.0174064757843137
383,383,1,0.0,0.0,0.0,0.0,0.0,4.318,4.318,2.158823e-06,True,0.0123618834313725
383,383,2,0.3098039215686274,0.3221658049999999,0.0123618834313725,0.3098039215686274,0.045133821106512,3.862,4.031,3.236993e-05,True,0.0123618834313725
383,383,3,0.0,0.0,0.0,0.0,0.0,4.164,4.164,1.722649e-06,True,0.0123618834313725
383,383,4,0.0,0.0,0.0,0.0,0.0,4.23,4.23,1.434105e-07,True,0.0123618834313725
383,383,5,0.0,0.0,0.0,0.0,0.0,3.977,3.977,1.227163e-07,True,0.0123618834313725
383,383,6,0.0,0.0,0.0,0.0,0.0,4.329,4.329,6.124308e-07,True,0.0123618834313725
383,383,7,0.0,0.0,0.0,0.0,0.0,3.995,3.995,7.306541e-07,True,0.0123618834313725
383,383,8,0.0,0.0,0.0,0.0,0.0,4.294,4.294,7.992829e-07,True,0.0123618834313725
384,384,1,0.0,0.0,0.0,0.0,0.0,4.318,4.318,2.951755e-07,True,0.0172510109803922
384,384,2,0.0,0.0,0.0,0.0,0.0,4.261,4.261,6.929907e-07,True,0.0172510109803922
384,384,3,0.0,0.0,0.0,0.0,0.0,4.164,4.164,1.495281e-06,True,0.0172510109803922
384,384,4,0.0,0.0,0.0,0.0,0.0,4.23,4.23,7.007247e-07,True,0.0172510109803922
384,384,5,0.3647058823529411,0.3819568933333333,0.0172510109803922,0.3647058823529411,0.2163640922430752,3.627,3.707,4.022806e-05,True,0.0172510109803922
384,384,6,0.0,0.0,0.0,0.0,0.0,4.329,4.329,8.624906e-07,True,0.0172510109803922
384,384,7,0.0,0.0,0.0,0.0,0.0,3.995,3.995,8.291552e-07,True,0.0172510109803922
384,384,8,0.0,0.0,0.0,0.0,0.0,4.294,4.294,7.309495e-07,True,0.0172510109803922
385,385,1,0.0,0.0,0.0,0.0,0.0,4.318,4.318,3.23154e-07,True,0.0018407106372548
385,385,2,0.0,0.0,0.0,0.0,0.0,4.261,4.261,6.65316e-07,True,0.0018407106372548
385,385,3,0.6470588235294118,0.6488995341666667,0.0018407106372548,0.6470588235294118,0.2116098966332598,3.601,3.821,6.766547e-05,True,0.0018407106372548
385,385,4,0.0,0.0,0.0,0.0,0.0,4.23,4.23,6.75399e-06,True,0.0018407106372548
385,385,5,0.0,0.0,0.0,0.0,0.0,3.977,3.977,3.403242e-07,True,0.0018407106372548
385,385,6,0.0,0.0,0.0,0.0,0.0,4.329,4.329,5.634864e-07,True,0.0018407106372548
385,385,7,0.0,0.0,0.0,0.0,0.0,3.995,3.995,8.229015e-07,True,0.0018407106372548
385,385,8,0.0,0.0,0.0,0.0,0.0,4.294,4.294,7.33302e-07,True,0.0018407106372548
386,386,1,0.0,0.0,0.0,0.0,0.0,4.318,4.318,2.405295e-07,True,0.0166623009803922
386,386,2,0.0,0.0,0.0,0.0,0.0,4.261,4.261,8.404298e-07,True,0.0166623009803922
386,386,3,0.0,0.0,0.0,0.0,0.0,4.164,4.164,4.096365e-07,True,0.0166623009803922
386,386,4,0.3647058823529411,0.3813681833333333,0.0166623009803922,0.3647058823529411,0.1292718197474263,3.817,3.977,4.130439e-05,True,0.0166623009803922
386,386,5,0.0,0.0,0.0,0.0,0.0,3.977,3.977,8.550122e-07,True,0.0166623009803922
386,386,6,0.0,0.0,0.0,0.0,0.0,4.329,4.329,5.633652e-07,True,0.0166623009803922
386,386,7,0.0,0.0,0.0,0.0,0.0,3.995,3.995,7.38758e-07,True,0.0166623009803922
386,386,8,0.0,0.0,0.0,0.0,0.0,4.294,4.294,8.120608e-07,True,0.0166623009803922
387,387,1,0.0,0.0,0.0,0.0,0.0,4.318,4.318,3.239643e-07,True,0.0109497591176469
387,387,2,0.0,0.0,0.0,0.0,0.0,4.261,4.261,6.927905e-07,True,0.0109497591176469
387,387,3,0.0,0.0,0.0,0.0,0.0,4.164,4.164,1.559633e-06,True,0.0109497591176469
387,387,4,0.0,0.0,0.0,0.0,0.0,4.23,4.23,1.312849e-06,True,0.0109497591176469
387,387,5,0.7450980392156864,0.7560477983333334,0.0109497591176469,0.7450980392156864,0.4623295345478639,3.446,3.578,8.42489e-05,True,0.0109497591176469
387,387,6,0.0,0.0,0.0,0.0,0.0,4.329,4.329,9.724666e-07,True,0.0109497591176469
387,387,7,0.0,0.0,0.0,0.0,0.0,3.995,3.995,8.892068e-07,True,0.0109497591176469
387,387,8,0.0,0.0,0.0,0.0,0.0,4.294,4.294,7.259256e-07,True,0.0109497591176469
388,388,1,0.0,0.0,0.0,0.0,0.0,4.318,4.318,4.177828e-06,True,0.0005916626960785
388,388,2,0.6470588235294118,0.6464671608333332,-0.0005916626960785,0.6470588235294118,0.1736091212509809,3.722,3.93,6.896439e-05,True,0.0005916626960785
388,388,3,0.0,0.0,0.0,0.0,0.0,4.164,4.164,1.988277e-06,True,0.0005916626960785
388,388,4,0.0,0.0,0.0,0.0,0.0,4.23,4.23,1.432972e-07,True,0.0005916626960785
388,388,5,0.0,0.0,0.0,0.0,0.0,3.977,3.977,1.208969e-07,True,0.0005916626960785
388,388,6,0.0,0.0,0.0,0.0,0.0,4.329,4.329,6.310256e-07,True,0.0005916626960785
388,388,7,0.0,0.0,0.0,0.0,0.0,3.995,3.995,7.265568e-07,True,0.0005916626960785
388,388,8,0.0,0.0,0.0,0.0,0.0,4.294,4.294,8.237878e-07,True,0.0005916626960785
389,389,1,0.0,0.0,0.0,0.0,0.0,4.318,4.318,3.216238e-07,True,0.0058208374019609
389,389,2,0.0,0.0,0.0,0.0,0.0,4.261,4.261,6.712592e-07,True,0.0058208374019609
389,389,3,0.5568627450980391,0.5626835825000001,0.0058208374019609,0.5568627450980391,0.173603080984338,3.643,3.845,5.80012e-05,True,0.0058208374019609
389,389,4,0.0,0.0,0.0,0.0,0.0,4.23,4.23,6.100596e-06,True,0.0058208374019609
389,389,5,0.0,0.0,0.0,0.0,0.0,3.977,3.977,3.151153e-07,True,0.0058208374019609
389,389,6,0.0,0.0,0.0,0.0,0.0,4.329,4.329,5.644724e-07,True,0.0058208374019609
389,389,7,0.0,0.0,0.0,0.0,0.0,3.995,3.995,8.134851e-07,True,0.0058208374019609
389,389,8,0.0,0.0,0.0,0.0,0.0,4.294,4.294,7.342781e-07,True,0.0058208374019609
390,390,1,0.0,0.0,0.0,0.0,0.0,4.318,4.318,2.36662e-07,True,0.0064985257843136
390,390,2,0.0,0.0,0.0,0.0,0.0,4.261,4.261,9.091108e-07,True,0.0064985257843136
390,390,3,0.0,0.0,0.0,0.0,0.0,4.164,4.164,1.210223e-06,True,0.0064985257843136
390,390,4,0.7450980392156864,0.751596565,0.0064985257843136,0.7450980392156864,0.2888147266965444,3.604,3.863,8.426821e-05,True,0.0064985257843136
390,390,5,0.0,0.0,0.0,0.0,0.0,3.977,3.977,1.410939e-06,True,0.0064985257843136
390,390,6,0.0,0.0,0.0,0.0,0.0,4.329,4.329,5.775601e-07,True,0.0064985257843136
390,390,7,0.0,0.0,0.0,0.0,0.0,3.995,3.995,7.377417e-07,True,0.0064985257843136
390,390,8,0.0,0.0,0.0,0.0,0.0,4.294,4.294,8.411412e-07,True,0.0064985257843136
391,391,1,0.0,0.0,0.0,0.0,0.0,4.318,4.318,3.027241e-07,True,0.0112861984313727
391,391,2,0.0,0.0,0.0,0.0,0.0,4.261,4.261,6.894907e-07,True,0.0112861984313727
391,391,3,0.0,0.0,0.0,0.0,0.0,4.164,4.164,1.513088e-06,True,0.0112861984313727
391,391,4,0.0,0.0,0.0,0.0,0.0,4.23,4.23,8.107465e-07,True,0.0112861984313727
391,391,5,0.4431372549019607,0.4544234533333334,0.0112861984313727,0.4431372549019607,0.2658605952802151,3.587,3.679,4.8767e-05,True,0.0112861984313727
391,391,6,0.0,0.0,0.0,0.0,0.0,4.329,4.329,8.789703e-07,True,0.0112861984313727
391,391,7,0.0,0.0,0.0,0.0,0.0,3.995,3.995,8.395504e-07,True,0.0112861984313727
391,391,8,0.0,0.0,0.0,0.0,0.0,4.294,4.294,7.292444e-07,True,0.0112861984313727
392,392,1,0.0,0.0,0.0,0.0,0.0,4.318,4.318,3.731488e-06,True,0.0188868740686275
392,392,2,0.5568627450980391,0.5757496191666667,0.0188868740686275,0.5568627450980391,0.1384288793846505,3.758,3.95,6.098639e-05,True,0.0188868740686275
392,392,3,0.0,0.0,0.0,0.0,0.0,4.164,4.164,1.936146e-06,True,0.0188868740686275
392,392,4,0.0,0.0,0.0,0.0,0.0,4.23,4.23,1.429986e-07,True,0.0188868740686275
392,392,5,0.0,0.0,0.0,0.0,0.0,3.977,3.977,1.212343e-07,True,0.0188868740686275
392,392,6,0.0,0.0,0.0,0.0,0.0,4.329,4.329,6.274611e-07,True,0.0188868740686275
392,392,7,0.0,0.0,0.0,0.0,0.0,3.995,3.995,7.271374e-07,True,0.0188868740686275
392,392,8,0.0,0.0,0.0,0.0,0.0,4.294,4.294,8.170989e-07,True,0.0188868740686275
393,393,1,0.0,0.0,0.0,0.0,0.0,4.318,4.318,2.972234e-07,True,0.0010800148529412
393,393,2,0.0,0.0,0.0,0.0,0.0,4.261,4.261,6.684387e-07,True,0.0010800148529412
393,393,3,0.2352941176470588,0.2363741325,0.0010800148529412,0.2352941176470588,0.0704284289485293,3.805,3.957,2.196275e-05,True,0.0010800148529412
393,393,4,0.0,0.0,0.0,0.0,0.0,4.23,4.23,3.131224e-06,True,0.0010800148529412
393,393,5,0.0,0.0,0.0,0.0,0.0,3.977,3.977,2.150284e-07,True,0.0010800148529412
393,393,6,0.0,0.0,0.0,0.0,0.0,4.329,4.329,5.685332e-07,True,0.0010800148529412
393,393,7,0.0,0.0,0.0,0.0,0.0,3.995,3.995,7.846252e-07,True,0.0010800148529412
393,393,8,0.0,0.0,0.0,0.0,0.0,4.294,4.294,7.37073e-07,True,0.0010800148529412
394,394,1,0.0,0.0,0.0,0.0,0.0,4.318,4.318,2.3894e-07,True,0.0165212175980393
394,394,2,0.0,0.0,0.0,0.0,0.0,4.261,4.261,8.55926e-07,True,0.0165212175980393
394,394,3,0.0,0.0,0.0,0.0,0.0,4.164,4.164,5.374135e-07,True,0.0165212175980393
394,394,4,0.4431372549019607,0.4596584725,0.0165212175980393,0.4431372549019607,0.1636303344232841,3.772,3.95,5.043168e-05,True,0.0165212175980393
394,394,5,0.0,0.0,0.0,0.0,0.0,3.977,3.977,9.746924e-07,True,0.0165212175980393
394,394,6,0.0,0.0,0.0,0.0,0.0,4.329,4.329,5.64417e-07,True,0.0165212175980393
394,394,7,0.0,0.0,0.0,0.0,0.0,3.995,3.995,7.389866e-07,True,0.0165212175980393
394,394,8,0.0,0.0,0.0,0.0,0.0,4.294,4.294,8.169612e-07,True,0.0165212175980393
395,395,1,0.0,0.0,0.0,0.0,0.0,4.318,4.318,2.890181e-07,True,0.0134170957352941
395,395,2,0.0,0.0,0.0,0.0,0.0,4.261,4.261,6.907429e-07,True,0.0134170957352941
395,395,3,0.0,0.0,0.0,0.0,0.0,4.164,4.164,1.473557e-06,True,0.0134170957352941
395,395,4,0.0,0.0,0.0,0.0,0.0,4.23,4.23,5.689503e-07,True,0.0134170957352941
395,395,5,0.2901960784313725,0.3036131741666666,0.0134170957352941,0.2901960784313725,0.1707393409696506,3.666,3.74,3.10346e-05,True,0.0134170957352941
395,395,6,0.0,0.0,0.0,0.0,0.0,4.329,4.329,8.353414e-07,True,0.0134170957352941
395,395,7,0.0,0.0,0.0,0.0,0.0,3.995,3.995,8.111228e-07,True,0.0134170957352941
395,395,8,0.0,0.0,0.0,0.0,0.0,4.294,4.294,7.302484e-07,True,0.0134170957352941
396,396,1,0.0,0.0,0.0,0.0,0.0,4.318,4.318,1.500348e-06,True,0.0152955259803921
396,396,2,0.2352941176470588,0.2199985916666667,-0.0152955259803921,0.2352941176470588,0.037035209450582,3.895,4.072,2.088135e-05,True,0.0152955259803921
396,396,3,0.0,0.0,0.0,0.0,0.0,4.164,4.164,1.630356e-06,True,0.0152955259803921
396,396,4,0.0,0.0,0.0,0.0,0.0,4.23,4.23,1.42312e-07,True,0.0152955259803921
396,396,5,0.0,0.0,0.0,0.0,0.0,3.977,3.977,1.23148e-07,True,0.0152955259803921
396,396,6,0.0,0.0,0.0,0.0,0.0,4.329,4.329,6.042501e-07,True,0.0152955259803921
396,396,7,0.0,0.0,0.0,0.0,0.0,3.995,3.995,7.287215e-07,True,0.0152955259803921
396,396,8,0.0,0.0,0.0,0.0,0.0,4.294,4.294,7.893454e-07,True,0.0152955259803921
397,397,1,0.0,0.0,0.0,0.0,0.0,4.318,4.318,2.376476e-07,True,0.0188985040686274
397,397,2,0.0,0.0,0.0,0.0,0.0,4.261,4.261,8.230316e-07,True,0.0188985040686274
397,397,3,0.0,0.0,0.0,0.0,0.0,4.164,4.164,3.234004e-07,True,0.0188985040686274
397,397,4,0.2901960784313725,0.3090945825,0.0188985040686274,0.2901960784313725,0.0957981595037989,3.863,4.004,3.28692e-05,True,0.0188985040686274
397,397,5,0.0,0.0,0.0,0.0,0.0,3.977,3.977,7.384186e-07,True,0.0188985040686274
397,397,6,0.0,0.0,0.0,0.0,0.0,4.329,4.329,5.601686e-07,True,0.0188985040686274
397,397,7,0.0,0.0,0.0,0.0,0.0,3.995,3.995,7.374965e-07,True,0.0188985040686274
397,397,8,0.0,0.0,0.0,0.0,0.0,4.294,4.294,8.019866e-07,True,0.0188985040686274
398,398,1,0.0,0.0,0.0,0.0,0.0,4.318,4.318,2.904027e-07,True,0.0129846771078433
398,398,2,0.0,0.0,0.0,0.0,0.0,4.261,4.261,6.910406e-07,True,0.0129846771078433
398,398,3,0.0,0.0,0.0,0.0,0.0,4.164,4.164,1.473899e-06,True,0.0129846771078433
398,398,4,0.0,0.0,0.0,0.0,0.0,4.23,4.23,5.826174e-07,True,0.0129846771078433
398,398,5,0.2941176470588234,0.3071023241666667,0.0129846771078433,0.2941176470588234,0.1734652644391234,3.664,3.738,3.14334e-05,True,0.0129846771078433
398,398,6,0.0,0.0,0.0,0.0,0.0,4.329,4.329,8.36292e-07,True,0.0129846771078433
398,398,7,0.0,0.0,0.0,0.0,0.0,3.995,3.995,8.131523e-07,True,0.0129846771078433
398,398,8,0.0,0.0,0.0,0.0,0.0,4.294,4.294,7.314749e-07,True,0.0129846771078433
399,399,1,0.0,0.0,0.0,0.0,0.0,4.318,4.318,2.387097e-07,True,0.0054829112254901
399,399,2,0.0,0.0,0.0,0.0,0.0,4.261,4.261,8.195099e-07,True,0.0054829112254901
399,399,3,0.0,0.0,0.0,0.0,0.0,4.164,4.164,3.059204e-07,True,0.0054829112254901
399,399,4,0.2941176470588234,0.2886347358333332,-0.0054829112254901,0.2941176470588234,0.0895716457527693,3.86,4.012,3.047238e-05,True,0.0054829112254901
399,399,5,0.0,0.0,0.0,0.0,0.0,3.977,3.977,7.044869e-07,True,0.0054829112254901
399,399,6,0.0,0.0,0.0,0.0,0.0,4.329,4.329,5.59241e-07,True,0.0054829112254901
399,399,7,0.0,0.0,0.0,0.0,0.0,3.995,3.995,7.359314e-07,True,0.0054829112254901
399,399,8,0.0,0.0,0.0,0.0,0.0,4.294,4.294,7.99989e-07,True,0.0054829112254901
400,400,1,0.0,0.0,0.0,0.0,0.0,4.318,4.318,3.250346e-07,True,0.0019169952941177
400,400,2,0.0,0.0,0.0,0.0,0.0,4.261,4.261,6.64172e-07,True,0.0019169952941177
400,400,3,0.6627450980392156,0.6646620933333333,0.0019169952941177,0.6627450980392156,0.2194611889787558,3.594,3.816,6.9397e-05,True,0.0019169952941177
400,400,4,0.0,0.0,0.0,0.0,0.0,4.23,4.23,6.90809e-06,True,0.0019169952941177
400,400,5,0.0,0.0,0.0,0.0,0.0,3.977,3.977,3.468414e-07,True,0.0019169952941177
400,400,6,0.0,0.0,0.0,0.0,0.0,4.329,4.329,5.63458e-07,True,0.0019169952941177
400,400,7,0.0,0.0,0.0,0.0,0.0,3.995,3.995,8.21204e-07,True,0.0019169952941177
400,400,8,0.0,0.0,0.0,0.0,0.0,4.294,4.294,7.336512e-07,True,0.0019169952941177
401,401,1,0.0,0.0,0.0,0.0,0.0,4.318,4.318,4.352421e-06,True,0.0149240644607844
401,401,2,0.6627450980392156,0.6776691625,0.0149240644607844,0.6627450980392156,0.1878502251588483,3.716,3.921,7.251419e-05,True,0.0149240644607844
401,401,3,0.0,0.0,0.0,0.0,0.0,4.164,4.164,2.0117e-06,True,0.0149240644607844
401,401,4,0.0,0.0,0.0,0.0,0.0,4.23,4.23,1.397022e-07,True,0.0149240644607844
401,401,5,0.0,0.0,0.0,0.0,0.0,3.977,3.977,1.204611e-07,True,0.0149240644607844
401,401,6,0.0,0.0,0.0,0.0,0.0,4.329,4.329,6.348002e-07,True,0.0149240644607844
401,401,7,0.0,0.0,0.0,0.0,0.0,3.995,3.995,7.244847e-07,True,0.0149240644607844
401,401,8,0.0,0.0,0.0,0.0,0.0,4.294,4.294,8.225403e-07,True,0.0149240644607844
402,402,1,0.0,0.0,0.0,0.0,0.0,4.318,4.318,3.350735e-07,True,0.0137072343137254
402,402,2,0.0,0.0,0.0,0.0,0.0,4.261,4.261,6.980852e-07,True,0.0137072343137254
402,402,3,0.0,0.0,0.0,0.0,0.0,4.164,4.164,1.583006e-06,True,0.0137072343137254
402,402,4,0.0,0.0,0.0,0.0,0.0,4.23,4.23,1.674814e-06,True,0.0137072343137254
402,402,5,0.9647058823529412,0.9784131166666666,0.0137072343137254,0.9647058823529412,0.6005180440276277,3.344,3.512,0.0001104815,True,0.0137072343137254
402,402,6,0.0,0.0,0.0,0.0,0.0,4.329,4.329,9.928524e-07,True,0.0137072343137254
402,402,7,0.0,0.0,0.0,0.0,0.0,3.995,3.995,9.230811e-07,True,0.0137072343137254
402,402,8,0.0,0.0,0.0,0.0,0.0,4.294,4.294,7.211618e-07,True,0.0137072343137254
403,403,1,0.0,0.0,0.0,0.0,0.0,4.318,4.318,3.135794e-07,True,0.0044636335784313
403,403,2,0.0,0.0,0.0,0.0,0.0,4.261,4.261,6.609961e-07,True,0.0044636335784313
403,403,3,0.4745098039215686,0.4789734374999999,0.0044636335784313,0.4745098039215686,0.1363847072773835,3.681,3.87,4.87504e-05,True,0.0044636335784313
403,403,4,0.0,0.0,0.0,0.0,0.0,4.23,4.23,5.350762e-06,True,0.0044636335784313
403,403,5,0.0,0.0,0.0,0.0,0.0,3.977,3.977,2.918869e-07,True,0.0044636335784313
403,403,6,0.0,0.0,0.0,0.0,0.0,4.329,4.329,5.675428e-07,True,0.0044636335784313
403,403,7,0.0,0.0,0.0,0.0,0.0,3.995,3.995,8.059081e-07,True,0.0044636335784313
403,403,8,0.0,0.0,0.0,0.0,0.0,4.294,4.294,7.357372e-07,True,0.0044636335784313
404,404,1,0.0,0.0,0.0,0.0,0.0,4.318,4.318,2.377116e-07,True,0.0028895459803922
404,404,2,0.0,0.0,0.0,0.0,0.0,4.261,4.261,9.529871e-07,True,0.0028895459803922
404,404,3,0.0,0.0,0.0,0.0,0.0,4.164,4.164,1.842017e-06,True,0.0028895459803922
404,404,4,0.9647058823529412,0.9675954283333336,0.0028895459803922,0.9647058823529412,0.3846974075484927,3.474,3.805,0.0001091605,True,0.0028895459803922
404,404,5,0.0,0.0,0.0,0.0,0.0,3.977,3.977,1.725301e-06,True,0.0028895459803922
404,404,6,0.0,0.0,0.0,0.0,0.0,4.329,4.329,5.949736e-07,True,0.0028895459803922
404,404,7,0.0,0.0,0.0,0.0,0.0,3.995,3.995,7.398954e-07,True,0.0028895459803922
404,404,8,0.0,0.0,0.0,0.0,0.0,4.294,4.294,8.580657e-07,True,0.0028895459803922
405,405,1,0.0,0.0,0.0,0.0,0.0,4.318,4.318,3.215999e-06,True,0.0184450335784314
405,405,2,0.4745098039215686,0.4929548375,0.0184450335784314,0.4745098039215686,0.096090674125196,3.79,3.974,5.162939e-05,True,0.0184450335784314
405,405,3,0.0,0.0,0.0,0.0,0.0,4.164,4.164,1.873313e-06,True,0.0184450335784314
405,405,4,0.0,0.0,0.0,0.0,0.0,4.23,4.23,1.429137e-07,True,0.0184450335784314
405,405,5,0.0,0.0,0.0,0.0,0.0,3.977,3.977,1.229199e-07,True,0.0184450335784314
405,405,6,0.0,0.0,0.0,0.0,0.0,4.329,4.329,6.274926e-07,True,0.0184450335784314
405,405,7,0.0,0.0,0.0,0.0,0.0,3.995,3.995,7.266937e-07,True,0.0184450335784314
405,405,8,0.0,0.0,0.0,0.0,0.0,4.294,4.294,8.158586e-07,True,0.0184450335784314
406,406,1,0.0,0.0,0.0,0.0,0.0,4.318,4.318,2.844481e-07,True,0.0125696512254902
406,406,2,0.0,0.0,0.0,0.0,0.0,4.261,4.261,6.736365e-07,True,0.0125696512254902
406,406,3,0.1058823529411764,0.1184520041666666,0.0125696512254902,0.1058823529411764,0.0497590145739337,3.89,4.018,9.117843e-06,True,0.0125696512254902
406,406,4,0.0,0.0,0.0,0.0,0.0,4.23,4.23,1.871955e-06,True,0.0125696512254902
406,406,5,0.0,0.0,0.0,0.0,0.0,3.977,3.977,1.782362e-07,True,0.0125696512254902
406,406,6,0.0,0.0,0.0,0.0,0.0,4.329,4.329,5.742566e-07,True,0.0125696512254902
406,406,7,0.0,0.0,0.0,0.0,0.0,3.995,3.995,7.699746e-07,True,0.0125696512254902
406,406,8,0.0,0.0,0.0,0.0,0.0,4.294,4.294,7.438905e-07,True,0.0125696512254902
407,407,1,0.0,0.0,0.0,0.0,0.0,4.318,4.318,7.53657e-07,True,0.000614832107843
407,407,2,0.1058823529411764,0.1052675208333333,-0.000614832107843,0.1058823529411764,0.0249109576496323,3.969,4.134,8.011322e-06,True,0.000614832107843
407,407,3,0.0,0.0,0.0,0.0,0.0,4.164,4.164,1.497555e-06,True,0.000614832107843
407,407,4,0.0,0.0,0.0,0.0,0.0,4.23,4.23,1.405152e-07,True,0.000614832107843
407,407,5,0.0,0.0,0.0,0.0,0.0,3.977,3.977,1.255305e-07,True,0.000614832107843
407,407,6,0.0,0.0,0.0,0.0,0.0,4.329,4.329,5.96256e-07,True,0.000614832107843
407,407,7,0.0,0.0,0.0,0.0,0.0,3.995,3.995,7.321512e-07,True,0.000614832107843
407,407,8,0.0,0.0,0.0,0.0,0.0,4.294,4.294,7.751156e-07,True,0.000614832107843
408,408,1,0.0,0.0,0.0,0.0,0.0,4.318,4.318,3.304886e-07,True,0.0134054859313726
408,408,2,0.0,0.0,0.0,0.0,0.0,4.261,4.261,6.924533e-07,True,0.0134054859313726
408,408,3,0.0,0.0,0.0,0.0,0.0,4.164,4.164,1.574753e-06,True,0.0134054859313726
408,408,4,0.0,0.0,0.0,0.0,0.0,4.23,4.23,1.466867e-06,True,0.0134054859313726
408,408,5,0.8431372549019607,0.8565427408333334,0.0134054859313726,0.8431372549019607,0.5275477589991682,3.402,3.547,9.612089e-05,True,0.0134054859313726
408,408,6,0.0,0.0,0.0,0.0,0.0,4.329,4.329,9.668021e-07,True,0.0134054859313726
408,408,7,0.0,0.0,0.0,0.0,0.0,3.995,3.995,9.029696e-07,True,0.0134054859313726
408,408,8,0.0,0.0,0.0,0.0,0.0,4.294,4.294,7.299053e-07,True,0.0134054859313726
409,409,1,0.0,0.0,0.0,0.0,0.0,4.318,4.318,2.379105e-07,True,0.0156975850980394
409,409,2,0.0,0.0,0.0,0.0,0.0,4.261,4.261,9.28393e-07,True,0.0156975850980394
409,409,3,0.0,0.0,0.0,0.0,0.0,4.164,4.164,1.502989e-06,True,0.0156975850980394
409,409,4,0.8431372549019607,0.8588348400000001,0.0156975850980394,0.8431372549019607,0.3386107996707516,3.547,3.833,9.664073e-05,True,0.0156975850980394
409,409,5,0.0,0.0,0.0,0.0,0.0,3.977,3.977,1.57107e-06,True,0.0156975850980394
409,409,6,0.0,0.0,0.0,0.0,0.0,4.329,4.329,5.869163e-07,True,0.0156975850980394
409,409,7,0.0,0.0,0.0,0.0,0.0,3.995,3.995,7.375484e-07,True,0.0156975850980394
409,409,8,0.0,0.0,0.0,0.0,0.0,4.294,4.294,8.546236e-07,True,0.0156975850980394
410,410,1,0.0,0.0,0.0,0.0,0.0,4.318,4.318,3.305812e-07,True,0.0113410454901962
410,410,2,0.0,0.0,0.0,0.0,0.0,4.261,4.261,6.911324e-07,True,0.0113410454901962
410,410,3,0.0,0.0,0.0,0.0,0.0,4.164,4.164,1.576274e-06,True,0.0113410454901962
410,410,4,0.0,0.0,0.0,0.0,0.0,4.23,4.23,1.531559e-06,True,0.0113410454901962
410,410,5,0.8823529411764706,0.8936939866666668,0.0113410454901962,0.8823529411764706,0.5511135011100089,3.383,3.536,0.000100507,True,0.0113410454901962
410,410,6,0.0,0.0,0.0,0.0,0.0,4.329,4.329,9.746265e-07,True,0.0113410454901962
410,410,7,0.0,0.0,0.0,0.0,0.0,3.995,3.995,9.060655e-07,True,0.0113410454901962
410,410,8,0.0,0.0,0.0,0.0,0.0,4.294,4.294,7.260398e-07,True,0.0113410454901962
411,411,1,0.0,0.0,0.0,0.0,0.0,4.318,4.318,2.38943e-07,True,0.0035247454901962
411,411,2,0.0,0.0,0.0,0.0,0.0,4.261,4.261,9.273575e-07,True,0.0035247454901962
411,411,3,0.0,0.0,0.0,0.0,0.0,4.164,4.164,1.599242e-06,True,0.0035247454901962
411,411,4,0.8823529411764706,0.8858776866666668,0.0035247454901962,0.8823529411764706,0.3492323501156001,3.524,3.826,9.977019e-05,True,0.0035247454901962
411,411,5,0.0,0.0,0.0,0.0,0.0,3.977,3.977,1.598603e-06,True,0.0035247454901962
411,411,6,0.0,0.0,0.0,0.0,0.0,4.329,4.329,5.864755e-07,True,0.0035247454901962
411,411,7,0.0,0.0,0.0,0.0,0.0,3.995,3.995,7.364605e-07,True,0.0035247454901962
411,411,8,0.0,0.0,0.0,0.0,0.0,4.294,4.294,8.480509e-07,True,0.0035247454901962
412,412,1,0.0,0.0,0.0,0.0,0.0,4.318,4.318,2.78847e-07,True,0.009001660735294
412,412,2,0.0,0.0,0.0,0.0,0.0,4.261,4.261,6.907989e-07,True,0.009001660735294
412,412,3,0.0,0.0,0.0,0.0,0.0,4.164,4.164,1.428573e-06,True,0.009001660735294
412,412,4,0.0,0.0,0.0,0.0,0.0,4.23,4.23,3.436559e-07,True,0.009001660735294
412,412,5,0.1568627450980392,0.1658644058333333,0.009001660735294,0.1568627450980392,0.0798399805455882,3.751,3.811,1.487915e-05,True,0.009001660735294
412,412,6,0.0,0.0,0.0,0.0,0.0,4.329,4.329,7.612724e-07,True,0.009001660735294
412,412,7,0.0,0.0,0.0,0.0,0.0,3.995,3.995,7.853163e-07,True,0.009001660735294
412,412,8,0.0,0.0,0.0,0.0,0.0,4.294,4.294,7.361152e-07,True,0.009001660735294
413,413,1,0.0,0.0,0.0,0.0,0.0,4.318,4.318,2.422977e-07,True,0.0094315557352941
413,413,2,0.0,0.0,0.0,0.0,0.0,4.261,4.261,7.814937e-07,True,0.0094315557352941
413,413,3,0.0,0.0,0.0,0.0,0.0,4.164,4.164,2.91007e-07,True,0.0094315557352941
413,413,4,0.1568627450980392,0.1662943008333333,0.0094315557352941,0.1568627450980392,0.0408885065871323,3.956,4.07,1.607642e-05,True,0.0094315557352941
413,413,5,0.0,0.0,0.0,0.0,0.0,3.977,3.977,4.864581e-07,True,0.0094315557352941
413,413,6,0.0,0.0,0.0,0.0,0.0,4.329,4.329,5.608154e-07,True,0.0094315557352941
413,413,7,0.0,0.0,0.0,0.0,0.0,3.995,3.995,7.341516e-07,True,0.0094315557352941
413,413,8,0.0,0.0,0.0,0.0,0.0,4.294,4.294,7.826726e-07,True,0.0094315557352941
414,414,1,0.0,0.0,0.0,0.0,0.0,4.318,4.318,3.087412e-07,True,0.0057717917156863
414,414,2,0.0,0.0,0.0,0.0,0.0,4.261,4.261,6.606381e-07,True,0.0057717917156863
414,414,3,0.388235294117647,0.3940070858333334,0.0057717917156863,0.388235294117647,0.0952232175735599,3.724,3.897,3.933186e-05,True,0.0057717917156863
414,414,4,0.0,0.0,0.0,0.0,0.0,4.23,4.23,4.615871e-06,True,0.0057717917156863
414,414,5,0.0,0.0,0.0,0.0,0.0,3.977,3.977,2.661739e-07,True,0.0057717917156863
414,414,6,0.0,0.0,0.0,0.0,0.0,4.329,4.329,5.665008e-07,True,0.0057717917156863
414,414,7,0.0,0.0,0.0,0.0,0.0,3.995,3.995,7.967151e-07,True,0.0057717917156863
414,414,8,0.0,0.0,0.0,0.0,0.0,4.294,4.294,7.343502e-07,True,0.0057717917156863
415,415,1,0.0,0.0,0.0,0.0,0.0,4.318,4.318,3.15004e-07,True,0.009780121617647
415,415,2,0.0,0.0,0.0,0.0,0.0,4.261,4.261,6.884344e-07,True,0.009780121617647
415,415,3,0.0,0.0,0.0,0.0,0.0,4.164,4.164,1.532413e-06,True,0.009780121617647
415,415,4,0.0,0.0,0.0,0.0,0.0,4.23,4.23,1.086051e-06,True,0.009780121617647
415,415,5,0.6117647058823529,0.6215448275,0.009780121617647,0.6117647058823529,0.3780240059800459,3.507,3.62,6.845035e-05,True,0.009780121617647
415,415,6,0.0,0.0,0.0,0.0,0.0,4.329,4.329,9.250138e-07,True,0.009780121617647
415,415,7,0.0,0.0,0.0,0.0,0.0,3.995,3.995,8.640728e-07,True,0.009780121617647
415,415,8,0.0,0.0,0.0,0.0,0.0,4.294,4.294,7.240403e-07,True,0.009780121617647
416,416,1,0.0,0.0,0.0,0.0,0.0,4.318,4.318,2.58859e-06,True,0.0040379617156862
416,416,2,0.388235294117647,0.3922732558333333,0.0040379617156862,0.388235294117647,0.0501773600006433,3.827,4.006,4.029836e-05,True,0.0040379617156862
416,416,3,0.0,0.0,0.0,0.0,0.0,4.164,4.164,1.779202e-06,True,0.0040379617156862
416,416,4,0.0,0.0,0.0,0.0,0.0,4.23,4.23,1.430419e-07,True,0.0040379617156862
416,416,5,0.0,0.0,0.0,0.0,0.0,3.977,3.977,1.219419e-07,True,0.0040379617156862
416,416,6,0.0,0.0,0.0,0.0,0.0,4.329,4.329,6.166259e-07,True,0.0040379617156862
416,416,7,0.0,0.0,0.0,0.0,0.0,3.995,3.995,7.252224e-07,True,0.0040379617156862
416,416,8,0.0,0.0,0.0,0.0,0.0,4.294,4.294,7.998066e-07,True,0.0040379617156862
417,417,1,0.0,0.0,0.0,0.0,0.0,4.318,4.318,2.384113e-07,True,0.005326224117647
417,417,2,0.0,0.0,0.0,0.0,0.0,4.261,4.261,8.789971e-07,True,0.005326224117647
417,417,3,0.0,0.0,0.0,0.0,0.0,4.164,4.164,8.733824e-07,True,0.005326224117647
417,417,4,0.6117647058823529,0.6170909299999999,0.005326224117647,0.6117647058823529,0.2296057418927939,3.677,3.9,6.87121e-05,True,0.005326224117647
417,417,5,0.0,0.0,0.0,0.0,0.0,3.977,3.977,1.214533e-06,True,0.005326224117647
417,417,6,0.0,0.0,0.0,0.0,0.0,4.329,4.329,5.6996e-07,True,0.005326224117647
417,417,7,0.0,0.0,0.0,0.0,0.0,3.995,3.995,7.356512e-07,True,0.005326224117647
417,417,8,0.0,0.0,0.0,0.0,0.0,4.294,4.294,8.278766e-07,True,0.005326224117647
418,418,1,0.0,0.0,0.0,0.0,0.0,4.318,4.318,2.802969e-07,True,0.0164202917647058
418,418,2,0.0,0.0,0.0,0.0,0.0,4.261,4.261,6.895402e-07,True,0.0164202917647058
418,418,3,0.0,0.0,0.0,0.0,0.0,4.164,4.164,1.435579e-06,True,0.0164202917647058
418,418,4,0.0,0.0,0.0,0.0,0.0,4.23,4.23,3.883162e-07,True,0.0164202917647058
418,418,5,0.1764705882352941,0.19289088,0.0164202917647058,0.1764705882352941,0.0952961758243075,3.736,3.795,1.806091e-05,True,0.0164202917647058
418,418,6,0.0,0.0,0.0,0.0,0.0,4.329,4.329,7.740629e-07,True,0.0164202917647058
418,418,7,0.0,0.0,0.0,0.0,0.0,3.995,3.995,7.891479e-07,True,0.0164202917647058
418,418,8,0.0,0.0,0.0,0.0,0.0,4.294,4.294,7.290525e-07,True,0.0164202917647058
419,419,1,0.0,0.0,0.0,0.0,0.0,4.318,4.318,2.394353e-07,True,0.0058095950980392
419,419,2,0.0,0.0,0.0,0.0,0.0,4.261,4.261,7.843161e-07,True,0.0058095950980392
419,419,3,0.0,0.0,0.0,0.0,0.0,4.164,4.164,2.804733e-07,True,0.0058095950980392
419,419,4,0.1764705882352941,0.1822801833333333,0.0058095950980392,0.1764705882352941,0.0484167341045343,3.941,4.061,1.798301e-05,True,0.0058095950980392
419,419,5,0.0,0.0,0.0,0.0,0.0,3.977,3.977,5.157963e-07,True,0.0058095950980392
419,419,6,0.0,0.0,0.0,0.0,0.0,4.329,4.329,5.553274e-07,True,0.0058095950980392
419,419,7,0.0,0.0,0.0,0.0,0.0,3.995,3.995,7.344245e-07,True,0.0058095950980392
419,419,8,0.0,0.0,0.0,0.0,0.0,4.294,4.294,7.808391e-07,True,0.0058095950980392
420,420,1,0.0,0.0,0.0,0.0,0.0,4.318,4.318,2.778698e-07,True,0.018872989362745
420,420,2,0.0,0.0,0.0,0.0,0.0,4.261,4.261,6.702711e-07,True,0.018872989362745
420,420,3,0.1137254901960784,0.0948525008333333,-0.018872989362745,0.1137254901960784,0.0441739849407722,3.884,4.034,6.625258e-06,True,0.018872989362745
420,420,4,0.0,0.0,0.0,0.0,0.0,4.23,4.23,1.577955e-06,True,0.018872989362745
420,420,5,0.0,0.0,0.0,0.0,0.0,3.977,3.977,1.675203e-07,True,0.018872989362745
420,420,6,0.0,0.0,0.0,0.0,0.0,4.329,4.329,5.661341e-07,True,0.018872989362745
420,420,7,0.0,0.0,0.0,0.0,0.0,3.995,3.995,7.616614e-07,True,0.018872989362745
420,420,8,0.0,0.0,0.0,0.0,0.0,4.294,4.294,7.356304e-07,True,0.018872989362745
421,421,1,0.0,0.0,0.0,0.0,0.0,4.318,4.318,9.062807e-07,True,0.0145574748039215
421,421,2,0.1137254901960784,0.128282965,0.0145574748039215,0.1137254901960784,0.0279082612220588,3.964,4.119,1.061118e-05,True,0.0145574748039215
421,421,3,0.0,0.0,0.0,0.0,0.0,4.164,4.164,1.522533e-06,True,0.0145574748039215
421,421,4,0.0,0.0,0.0,0.0,0.0,4.23,4.23,1.383889e-07,True,0.0145574748039215
421,421,5,0.0,0.0,0.0,0.0,0.0,3.977,3.977,1.235107e-07,True,0.0145574748039215
421,421,6,0.0,0.0,0.0,0.0,0.0,4.329,4.329,5.922769e-07,True,0.0145574748039215
421,421,7,0.0,0.0,0.0,0.0,0.0,3.995,3.995,7.253779e-07,True,0.0145574748039215
421,421,8,0.0,0.0,0.0,0.0,0.0,4.294,4.294,7.744077e-07,True,0.0145574748039215
422,422,1,0.0,0.0,0.0,0.0,0.0,4.318,4.318,2.806885e-07,True,0.0002580228431372
422,422,2,0.0,0.0,0.0,0.0,0.0,4.261,4.261,6.670226e-07,True,0.0002580228431372
422,422,3,0.1176470588235294,0.1179050816666666,0.0002580228431372,0.1176470588235294,0.0496424747810867,3.882,4.018,9.09238e-06,True,0.0002580228431372
422,422,4,0.0,0.0,0.0,0.0,0.0,4.23,4.23,1.862864e-06,True,0.0002580228431372
422,422,5,0.0,0.0,0.0,0.0,0.0,3.977,3.977,1.771305e-07,True,0.0002580228431372
422,422,6,0.0,0.0,0.0,0.0,0.0,4.329,4.329,5.663926e-07,True,0.0002580228431372
422,422,7,0.0,0.0,0.0,0.0,0.0,3.995,3.995,7.670191e-07,True,0.0002580228431372
422,422,8,0.0,0.0,0.0,0.0,0.0,4.294,4.294,7.351125e-07,True,0.0002580228431372
423,423,1,0.0,0.0,0.0,0.0,0.0,4.318,4.318,7.638614e-07,True,0.0112990746568627
423,423,2,0.1176470588235294,0.1063479841666666,-0.0112990746568627,0.1176470588235294,0.025056001643943,3.962,4.133,8.159936e-06,True,0.0112990746568627
423,423,3,0.0,0.0,0.0,0.0,0.0,4.164,4.164,1.490106e-06,True,0.0112990746568627
423,423,4,0.0,0.0,0.0,0.0,0.0,4.23,4.23,1.386073e-07,True,0.0112990746568627
423,423,5,0.0,0.0,0.0,0.0,0.0,3.977,3.977,1.247533e-07,True,0.0112990746568627
423,423,6,0.0,0.0,0.0,0.0,0.0,4.329,4.329,5.885913e-07,True,0.0112990746568627
423,423,7,0.0,0.0,0.0,0.0,0.0,3.995,3.995,7.280122e-07,True,0.0112990746568627
423,423,8,0.0,0.0,0.0,0.0,0.0,4.294,4.294,7.678906e-07,True,0.0112990746568627
424,424,1,0.0,0.0,0.0,0.0,0.0,4.318,4.318,3.122166e-07,True,0.004935789019608
424,424,2,0.0,0.0,0.0,0.0,0.0,4.261,4.261,6.590886e-07,True,0.004935789019608
424,424,3,0.5019607843137254,0.5068965733333334,0.004935789019608,0.5019607843137254,0.1500052852623404,3.668,3.861,5.186549e-05,True,0.004935789019608
424,424,4,0.0,0.0,0.0,0.0,0.0,4.23,4.23,5.595151e-06,True,0.004935789019608
424,424,5,0.0,0.0,0.0,0.0,0.0,3.977,3.977,2.986035e-07,True,0.004935789019608
424,424,6,0.0,0.0,0.0,0.0,0.0,4.329,4.329,5.612595e-07,True,0.004935789019608
424,424,7,0.0,0.0,0.0,0.0,0.0,3.995,3.995,8.046713e-07,True,0.004935789019608
424,424,8,0.0,0.0,0.0,0.0,0.0,4.294,4.294,7.311083e-07,True,0.004935789019608
425,425,1,0.0,0.0,0.0,0.0,0.0,4.318,4.318,3.365329e-06,True,0.0168603940196079
425,425,2,0.5019607843137254,0.5188211783333333,0.0168603940196079,0.5019607843137254,0.1106836825165071,3.779,3.966,5.459209e-05,True,0.0168603940196079
425,425,3,0.0,0.0,0.0,0.0,0.0,4.164,4.164,1.880647e-06,True,0.0168603940196079
425,425,4,0.0,0.0,0.0,0.0,0.0,4.23,4.23,1.420914e-07,True,0.0168603940196079
425,425,5,0.0,0.0,0.0,0.0,0.0,3.977,3.977,1.216083e-07,True,0.0168603940196079
425,425,6,0.0,0.0,0.0,0.0,0.0,4.329,4.329,6.214502e-07,True,0.0168603940196079
425,425,7,0.0,0.0,0.0,0.0,0.0,3.995,3.995,7.230632e-07,True,0.0168603940196079
425,425,8,0.0,0.0,0.0,0.0,0.0,4.294,4.294,8.122623e-07,True,0.0168603940196079
426,426,1,0.0,0.0,0.0,0.0,0.0,4.318,4.318,3.371375e-07,True,0.0175187680882352
426,426,2,0.0,0.0,0.0,0.0,0.0,4.261,4.261,6.679832e-07,True,0.0175187680882352
426,426,3,0.992156862745098,1.0096756308333332,0.0175187680882352,0.992156862745098,0.3798272883040748,3.442,3.728,0.0001079706,True,0.0175187680882352
426,426,4,0.0,0.0,0.0,0.0,0.0,4.23,4.23,9.616485e-06,True,0.0175187680882352
426,426,5,0.0,0.0,0.0,0.0,0.0,3.977,3.977,4.438886e-07,True,0.0175187680882352
426,426,6,0.0,0.0,0.0,0.0,0.0,4.329,4.329,5.552594e-07,True,0.0175187680882352
426,426,7,0.0,0.0,0.0,0.0,0.0,3.995,3.995,8.415356e-07,True,0.0175187680882352
426,426,8,0.0,0.0,0.0,0.0,0.0,4.294,4.294,7.281864e-07,True,0.0175187680882352
428,428,1,0.0,0.0,0.0,0.0,0.0,4.318,4.318,2.970302e-07,True,0.0110925602941177
428,428,2,0.0,0.0,0.0,0.0,0.0,4.261,4.261,6.907158e-07,True,0.0110925602941177
428,428,3,0.0,0.0,0.0,0.0,0.0,4.164,4.164,1.488728e-06,True,0.0110925602941177
428,428,4,0.0,0.0,0.0,0.0,0.0,4.23,4.23,7.439129e-07,True,0.0110925602941177
428,428,5,0.3960784313725489,0.4071709916666666,0.0110925602941177,0.3960784313725489,0.2339192230573957,3.61,3.696,4.320072e-05,True,0.0110925602941177
428,428,6,0.0,0.0,0.0,0.0,0.0,4.329,4.329,8.809332e-07,True,0.0110925602941177
428,428,7,0.0,0.0,0.0,0.0,0.0,3.995,3.995,8.279158e-07,True,0.0110925602941177
428,428,8,0.0,0.0,0.0,0.0,0.0,4.294,4.294,7.305631e-07,True,0.0110925602941177
429,429,1,0.0,0.0,0.0,0.0,0.0,4.318,4.318,2.411267e-07,True,0.0171116352941177
429,429,2,0.0,0.0,0.0,0.0,0.0,4.261,4.261,8.448102e-07,True,0.0171116352941177
429,429,3,0.0,0.0,0.0,0.0,0.0,4.164,4.164,4.546285e-07,True,0.0171116352941177
429,429,4,0.3960784313725489,0.4131900666666666,0.0171116352941177,0.3960784313725489,0.1442466660552694,3.798,3.965,4.502812e-05,True,0.0171116352941177
429,429,5,0.0,0.0,0.0,0.0,0.0,3.977,3.977,9.019748e-07,True,0.0171116352941177
429,429,6,0.0,0.0,0.0,0.0,0.0,4.329,4.329,5.650942e-07,True,0.0171116352941177
429,429,7,0.0,0.0,0.0,0.0,0.0,3.995,3.995,7.331059e-07,True,0.0171116352941177
429,429,8,0.0,0.0,0.0,0.0,0.0,4.294,4.294,8.139477e-07,True,0.0171116352941177
430,430,1,0.0,0.0,0.0,0.0,0.0,4.318,4.318,3.275809e-07,True,0.0064390016666666
430,430,2,0.0,0.0,0.0,0.0,0.0,4.261,4.261,6.73313e-07,True,0.0064390016666666
430,430,3,0.6666666666666666,0.6731056683333333,0.0064390016666666,0.6666666666666666,0.2228402291651041,3.592,3.813,7.027695e-05,True,0.0064390016666666
430,430,4,0.0,0.0,0.0,0.0,0.0,4.23,4.23,7.01862e-06,True,0.0064390016666666
430,430,5,0.0,0.0,0.0,0.0,0.0,3.977,3.977,3.519933e-07,True,0.0064390016666666
430,430,6,0.0,0.0,0.0,0.0,0.0,4.329,4.329,5.666241e-07,True,0.0064390016666666
430,430,7,0.0,0.0,0.0,0.0,0.0,3.995,3.995,8.206763e-07,True,0.0064390016666666
430,430,8,0.0,0.0,0.0,0.0,0.0,4.294,4.294,7.369226e-07,True,0.0064390016666666
431,431,1,0.0,0.0,0.0,0.0,0.0,4.318,4.318,4.318458e-06,True,0.0033599833333333
431,431,2,0.6666666666666666,0.67002665,0.0033599833333333,0.6666666666666666,0.1864977129512395,3.714,3.922,7.163372e-05,True,0.0033599833333333
431,431,3,0.0,0.0,0.0,0.0,0.0,4.164,4.164,2.002597e-06,True,0.0033599833333333
431,431,4,0.0,0.0,0.0,0.0,0.0,4.23,4.23,1.436326e-07,True,0.0033599833333333
431,431,5,0.0,0.0,0.0,0.0,0.0,3.977,3.977,1.216505e-07,True,0.0033599833333333
431,431,6,0.0,0.0,0.0,0.0,0.0,4.329,4.329,6.369355e-07,True,0.0033599833333333
431,431,7,0.0,0.0,0.0,0.0,0.0,3.995,3.995,7.232217e-07,True,0.0033599833333333
431,431,8,0.0,0.0,0.0,0.0,0.0,4.294,4.294,8.229827e-07,True,0.0033599833333333
432,432,1,0.0,0.0,0.0,0.0,0.0,4.318,4.318,3.395974e-07,True,0.0104351992647059
432,432,2,0.0,0.0,0.0,0.0,0.0,4.261,4.261,6.932009e-07,True,0.0104351992647059
432,432,3,0.0,0.0,0.0,0.0,0.0,4.164,4.164,1.591893e-06,True,0.0104351992647059
432,432,4,0.0,0.0,0.0,0.0,0.0,4.23,4.23,1.685713e-06,True,0.0104351992647059
432,432,5,0.9764705882352942,0.9869057875,0.0104351992647059,0.9764705882352942,0.6094987877878354,3.339,3.508,0.0001114784,True,0.0104351992647059
432,432,6,0.0,0.0,0.0,0.0,0.0,4.329,4.329,9.922271e-07,True,0.0104351992647059
432,432,7,0.0,0.0,0.0,0.0,0.0,3.995,3.995,9.208127e-07,True,0.0104351992647059
432,432,8,0.0,0.0,0.0,0.0,0.0,4.294,4.294,7.268504e-07,True,0.0104351992647059
433,433,1,0.0,0.0,0.0,0.0,0.0,4.318,4.318,2.371372e-07,True,0.0054145384313724
433,433,2,0.0,0.0,0.0,0.0,0.0,4.261,4.261,9.429735e-07,True,0.0054145384313724
433,433,3,0.0,0.0,0.0,0.0,0.0,4.164,4.164,1.880185e-06,True,0.0054145384313724
433,433,4,0.9764705882352942,0.9818851266666666,0.0054145384313724,0.9764705882352942,0.3914030535137869,3.466,3.801,0.0001108437,True,0.0054145384313724
433,433,5,0.0,0.0,0.0,0.0,0.0,3.977,3.977,1.727327e-06,True,0.0054145384313724
433,433,6,0.0,0.0,0.0,0.0,0.0,4.329,4.329,5.936021e-07,True,0.0054145384313724
433,433,7,0.0,0.0,0.0,0.0,0.0,3.995,3.995,7.375203e-07,True,0.0054145384313724
433,433,8,0.0,0.0,0.0,0.0,0.0,4.294,4.294,8.637701e-07,True,0.0054145384313724
434,434,1,0.0,0.0,0.0,0.0,0.0,4.318,4.318,3.246781e-07,True,0.0056074238725493
434,434,2,0.0,0.0,0.0,0.0,0.0,4.261,4.261,6.633706e-07,True,0.0056074238725493
434,434,3,0.6705882352941174,0.6761956591666667,0.0056074238725493,0.6705882352941174,0.2252545742885349,3.59,3.812,7.070799e-05,True,0.0056074238725493
434,434,4,0.0,0.0,0.0,0.0,0.0,4.23,4.23,6.96946e-06,True,0.0056074238725493
434,434,5,0.0,0.0,0.0,0.0,0.0,3.977,3.977,3.541117e-07,True,0.0056074238725493
434,434,6,0.0,0.0,0.0,0.0,0.0,4.329,4.329,5.662343e-07,True,0.0056074238725493
434,434,7,0.0,0.0,0.0,0.0,0.0,3.995,3.995,8.209021e-07,True,0.0056074238725493
434,434,8,0.0,0.0,0.0,0.0,0.0,4.294,4.294,7.367323e-07,True,0.0056074238725493
435,435,1,0.0,0.0,0.0,0.0,0.0,4.318,4.318,3.020791e-07,True,0.0110370780882354
435,435,2,0.0,0.0,0.0,0.0,0.0,4.261,4.261,6.936111e-07,True,0.0110370780882354
435,435,3,0.0,0.0,0.0,0.0,0.0,4.164,4.164,1.502204e-06,True,0.0110370780882354
435,435,4,0.0,0.0,0.0,0.0,0.0,4.23,4.23,8.441049e-07,True,0.0110370780882354
435,435,5,0.4588235294117646,0.4698606075,0.0110370780882354,0.4588235294117646,0.2791935164254064,3.579,3.672,5.056813e-05,True,0.0110370780882354
435,435,6,0.0,0.0,0.0,0.0,0.0,4.329,4.329,9.037468e-07,True,0.0110370780882354
435,435,7,0.0,0.0,0.0,0.0,0.0,3.995,3.995,8.394923e-07,True,0.0110370780882354
435,435,8,0.0,0.0,0.0,0.0,0.0,4.294,4.294,7.299047e-07,True,0.0110370780882354
437,437,1,0.0,0.0,0.0,0.0,0.0,4.318,4.318,2.390034e-07,True,0.0149214380882353
437,437,2,0.0,0.0,0.0,0.0,0.0,4.261,4.261,8.551128e-07,True,0.0149214380882353
437,437,3,0.0,0.0,0.0,0.0,0.0,4.164,4.164,5.607953e-07,True,0.0149214380882353
437,437,4,0.4588235294117646,0.4737449674999999,0.0149214380882353,0.4588235294117646,0.1716703767626222,3.763,3.944,5.20711e-05,True,0.0149214380882353
437,437,5,0.0,0.0,0.0,0.0,0.0,3.977,3.977,9.988518e-07,True,0.0149214380882353
437,437,6,0.0,0.0,0.0,0.0,0.0,4.329,4.329,5.669723e-07,True,0.0149214380882353
437,437,7,0.0,0.0,0.0,0.0,0.0,3.995,3.995,7.37068e-07,True,0.0149214380882353
437,437,8,0.0,0.0,0.0,0.0,0.0,4.294,4.294,8.204925e-07,True,0.0149214380882353
438,438,1,0.0,0.0,0.0,0.0,0.0,4.318,4.318,2.877002e-07,True,0.019055372254902
438,438,2,0.0,0.0,0.0,0.0,0.0,4.261,4.261,6.666797e-07,True,0.019055372254902
438,438,3,0.1254901960784313,0.1445455683333333,0.019055372254902,0.1254901960784313,0.0553293300036579,3.877,4.002,1.195759e-05,True,0.019055372254902
438,438,4,0.0,0.0,0.0,0.0,0.0,4.23,4.23,2.163362e-06,True,0.019055372254902
438,438,5,0.0,0.0,0.0,0.0,0.0,3.977,3.977,1.879203e-07,True,0.019055372254902
438,438,6,0.0,0.0,0.0,0.0,0.0,4.329,4.329,5.699492e-07,True,0.019055372254902
438,438,7,0.0,0.0,0.0,0.0,0.0,3.995,3.995,7.727896e-07,True,0.019055372254902
438,438,8,0.0,0.0,0.0,0.0,0.0,4.294,4.294,7.394772e-07,True,0.019055372254902
439,439,1,0.0,0.0,0.0,0.0,0.0,4.318,4.318,9.930054e-07,True,0.015586717254902
439,439,2,0.1254901960784313,0.1410769133333333,0.015586717254902,0.1254901960784313,0.0295353987843197,3.957,4.111,1.203039e-05,True,0.015586717254902
439,439,3,0.0,0.0,0.0,0.0,0.0,4.164,4.164,1.535415e-06,True,0.015586717254902
439,439,4,0.0,0.0,0.0,0.0,0.0,4.23,4.23,1.400525e-07,True,0.015586717254902
439,439,5,0.0,0.0,0.0,0.0,0.0,3.977,3.977,1.262506e-07,True,0.015586717254902
439,439,6,0.0,0.0,0.0,0.0,0.0,4.329,4.329,5.96989e-07,True,0.015586717254902
439,439,7,0.0,0.0,0.0,0.0,0.0,3.995,3.995,7.282877e-07,True,0.015586717254902
439,439,8,0.0,0.0,0.0,0.0,0.0,4.294,4.294,7.788394e-07,True,0.015586717254902
440,440,1,0.0,0.0,0.0,0.0,0.0,4.318,4.318,3.31137e-07,True,0.0159425475490196
440,440,2,0.0,0.0,0.0,0.0,0.0,4.261,4.261,6.617933e-07,True,0.0159425475490196
440,440,3,0.788235294117647,0.8041778416666667,0.0159425475490196,0.788235294117647,0.2841727371963724,3.537,3.778,8.497686e-05,True,0.0159425475490196
440,440,4,0.0,0.0,0.0,0.0,0.0,4.23,4.23,8.019009e-06,True,0.0159425475490196
440,440,5,0.0,0.0,0.0,0.0,0.0,3.977,3.977,3.895419e-07,True,0.0159425475490196
440,440,6,0.0,0.0,0.0,0.0,0.0,4.329,4.329,5.609288e-07,True,0.0159425475490196
440,440,7,0.0,0.0,0.0,0.0,0.0,3.995,3.995,8.292975e-07,True,0.0159425475490196
440,440,8,0.0,0.0,0.0,0.0,0.0,4.294,4.294,7.327735e-07,True,0.0159425475490196
441,441,1,0.0,0.0,0.0,0.0,0.0,4.318,4.318,4.93788e-06,True,0.0143185174509803
441,441,2,0.788235294117647,0.7739167766666667,-0.0143185174509803,0.788235294117647,0.2395473360282576,3.666,3.894,8.341359e-05,True,0.0143185174509803
441,441,3,0.0,0.0,0.0,0.0,0.0,4.164,4.164,2.068196e-06,True,0.0143185174509803
441,441,4,0.0,0.0,0.0,0.0,0.0,4.23,4.23,1.414364e-07,True,0.0143185174509803
441,441,5,0.0,0.0,0.0,0.0,0.0,3.977,3.977,1.19913e-07,True,0.0143185174509803
441,441,6,0.0,0.0,0.0,0.0,0.0,4.329,4.329,6.391672e-07,True,0.0143185174509803
441,441,7,0.0,0.0,0.0,0.0,0.0,3.995,3.995,7.203009e-07,True,0.0143185174509803
441,441,8,0.0,0.0,0.0,0.0,0.0,4.294,4.294,8.295297e-07,True,0.0143185174509803
442,442,1,0.0,0.0,0.0,0.0,0.0,4.318,4.318,3.307039e-07,True,0.0101187955392156
442,442,2,0.0,0.0,0.0,0.0,0.0,4.261,4.261,6.911339e-07,True,0.0101187955392156
442,442,3,0.0,0.0,0.0,0.0,0.0,4.164,4.164,1.575645e-06,True,0.0101187955392156
442,442,4,0.0,0.0,0.0,0.0,0.0,4.23,4.23,1.572468e-06,True,0.0101187955392156
442,442,5,0.9294117647058824,0.9192929691666668,-0.0101187955392156,0.9294117647058824,0.569246950215673,3.361,3.527,0.0001035318,True,0.0101187955392156
442,442,6,0.0,0.0,0.0,0.0,0.0,4.329,4.329,9.849687e-07,True,0.0101187955392156
442,442,7,0.0,0.0,0.0,0.0,0.0,3.995,3.995,9.080291e-07,True,0.0101187955392156
442,442,8,0.0,0.0,0.0,0.0,0.0,4.294,4.294,7.204077e-07,True,0.0101187955392156
443,443,1,0.0,0.0,0.0,0.0,0.0,4.318,4.318,2.366636e-07,True,8.924387254904964e-05
443,443,2,0.0,0.0,0.0,0.0,0.0,4.261,4.261,9.305831e-07,True,8.924387254904964e-05
443,443,3,0.0,0.0,0.0,0.0,0.0,4.164,4.164,1.72099e-06,True,8.924387254904964e-05
443,443,4,0.9294117647058824,0.9293225208333332,-8.924387254904964e-05,0.9294117647058824,0.3702096220144852,3.496,3.814,0.0001047906,True,8.924387254904964e-05
443,443,5,0.0,0.0,0.0,0.0,0.0,3.977,3.977,1.660668e-06,True,8.924387254904964e-05
443,443,6,0.0,0.0,0.0,0.0,0.0,4.329,4.329,5.89051e-07,True,8.924387254904964e-05
443,443,7,0.0,0.0,0.0,0.0,0.0,3.995,3.995,7.359095e-07,True,8.924387254904964e-05
443,443,8,0.0,0.0,0.0,0.0,0.0,4.294,4.294,8.542373e-07,True,8.924387254904964e-05
444,444,1,0.0,0.0,0.0,0.0,0.0,4.318,4.318,2.920748e-07,True,0.015172914509804
444,444,2,0.0,0.0,0.0,0.0,0.0,4.261,4.261,6.85592e-07,True,0.015172914509804
444,444,3,0.0,0.0,0.0,0.0,0.0,4.164,4.164,1.469853e-06,True,0.015172914509804
444,444,4,0.0,0.0,0.0,0.0,0.0,4.23,4.23,6.174718e-07,True,0.015172914509804
444,444,5,0.3176470588235293,0.3328199733333333,0.015172914509804,0.3176470588235293,0.19010457497617,3.652,3.726,3.448917e-05,True,0.015172914509804
444,444,6,0.0,0.0,0.0,0.0,0.0,4.329,4.329,8.426967e-07,True,0.015172914509804
444,444,7,0.0,0.0,0.0,0.0,0.0,3.995,3.995,8.145721e-07,True,0.015172914509804
444,444,8,0.0,0.0,0.0,0.0,0.0,4.294,4.294,7.269664e-07,True,0.015172914509804
445,445,1,0.0,0.0,0.0,0.0,0.0,4.318,4.318,2.373499e-07,True,0.0037693878431373
445,445,2,0.0,0.0,0.0,0.0,0.0,4.261,4.261,8.194859e-07,True,0.0037693878431373
445,445,3,0.0,0.0,0.0,0.0,0.0,4.164,4.164,3.355718e-07,True,0.0037693878431373
445,445,4,0.3176470588235293,0.3214164466666666,0.0037693878431373,0.3176470588235293,0.1019698637253367,3.846,3.998,3.433305e-05,True,0.0037693878431373
445,445,5,0.0,0.0,0.0,0.0,0.0,3.977,3.977,7.536024e-07,True,0.0037693878431373
445,445,6,0.0,0.0,0.0,0.0,0.0,4.329,4.329,5.591384e-07,True,0.0037693878431373
445,445,7,0.0,0.0,0.0,0.0,0.0,3.995,3.995,7.314604e-07,True,0.0037693878431373
445,445,8,0.0,0.0,0.0,0.0,0.0,4.294,4.294,8.003148e-07,True,0.0037693878431373
446,446,1,0.0,0.0,0.0,0.0,0.0,4.318,4.318,2.879132e-07,True,0.0123060956862745
446,446,2,0.0,0.0,0.0,0.0,0.0,4.261,4.261,6.853053e-07,True,0.0123060956862745
446,446,3,0.0,0.0,0.0,0.0,0.0,4.164,4.164,1.461453e-06,True,0.0123060956862745
446,446,4,0.0,0.0,0.0,0.0,0.0,4.23,4.23,5.873293e-07,True,0.0123060956862745
446,446,5,0.3019607843137254,0.3142668799999999,0.0123060956862745,0.3019607843137254,0.1799819425587989,3.66,3.734,3.232318e-05,True,0.0123060956862745
446,446,6,0.0,0.0,0.0,0.0,0.0,4.329,4.329,8.332783e-07,True,0.0123060956862745
446,446,7,0.0,0.0,0.0,0.0,0.0,3.995,3.995,8.092051e-07,True,0.0123060956862745
446,446,8,0.0,0.0,0.0,0.0,0.0,4.294,4.294,7.243614e-07,True,0.0123060956862745
447,447,1,0.0,0.0,0.0,0.0,0.0,4.318,4.318,2.382802e-07,True,0.0001501615196079
447,447,2,0.0,0.0,0.0,0.0,0.0,4.261,4.261,8.167955e-07,True,0.0001501615196079
447,447,3,0.0,0.0,0.0,0.0,0.0,4.164,4.164,3.149873e-07,True,0.0001501615196079
447,447,4,0.3019607843137254,0.3021109458333333,0.0001501615196079,0.3019607843137254,0.0943089581972364,3.855,4.006,3.206702e-05,True,0.0001501615196079
447,447,5,0.0,0.0,0.0,0.0,0.0,3.977,3.977,7.215228e-07,True,0.0001501615196079
447,447,6,0.0,0.0,0.0,0.0,0.0,4.329,4.329,5.616096e-07,True,0.0001501615196079
447,447,7,0.0,0.0,0.0,0.0,0.0,3.995,3.995,7.326694e-07,True,0.0001501615196079
447,447,8,0.0,0.0,0.0,0.0,0.0,4.294,4.294,8.004287e-07,True,0.0001501615196079
448,448,1,0.0,0.0,0.0,0.0,0.0,4.318,4.318,2.995655e-07,True,0.0158847768627449
448,448,2,0.0,0.0,0.0,0.0,0.0,4.261,4.261,6.573862e-07,True,0.0158847768627449
448,448,3,0.3137254901960783,0.2978407133333333,-0.0158847768627449,0.3137254901960783,0.0793586929418543,3.763,3.931,2.874883e-05,True,0.0158847768627449
448,448,4,0.0,0.0,0.0,0.0,0.0,4.23,4.23,3.71665e-06,True,0.0158847768627449
448,448,5,0.0,0.0,0.0,0.0,0.0,3.977,3.977,2.350934e-07,True,0.0158847768627449
448,448,6,0.0,0.0,0.0,0.0,0.0,4.329,4.329,5.667013e-07,True,0.0158847768627449
448,448,7,0.0,0.0,0.0,0.0,0.0,3.995,3.995,7.863465e-07,True,0.0158847768627449
448,448,8,0.0,0.0,0.0,0.0,0.0,4.294,4.294,7.303127e-07,True,0.0158847768627449
449,449,1,0.0,0.0,0.0,0.0,0.0,4.318,4.318,1.980561e-06,True,0.0179050235294117
449,449,2,0.3137254901960783,0.2958204666666666,-0.0179050235294117,0.3137254901960783,0.0434470135857077,3.86,4.04,2.944084e-05,True,0.0179050235294117
449,449,3,0.0,0.0,0.0,0.0,0.0,4.164,4.164,1.690233e-06,True,0.0179050235294117
449,449,4,0.0,0.0,0.0,0.0,0.0,4.23,4.23,1.410791e-07,True,0.0179050235294117
449,449,5,0.0,0.0,0.0,0.0,0.0,3.977,3.977,1.23027e-07,True,0.0179050235294117
449,449,6,0.0,0.0,0.0,0.0,0.0,4.329,4.329,6.076822e-07,True,0.0179050235294117
449,449,7,0.0,0.0,0.0,0.0,0.0,3.995,3.995,7.251231e-07,True,0.0179050235294117
449,449,8,0.0,0.0,0.0,0.0,0.0,4.294,4.294,7.899106e-07,True,0.0179050235294117
450,450,1,0.0,0.0,0.0,0.0,0.0,4.318,4.318,3.013029e-07,True,0.0128852947058823
450,450,2,0.0,0.0,0.0,0.0,0.0,4.261,4.261,6.583692e-07,True,0.0128852947058823
450,450,3,0.3294117647058823,0.3165264699999999,-0.0128852947058823,0.3294117647058823,0.0819110875573529,3.755,3.924,3.079627e-05,True,0.0128852947058823
450,450,4,0.0,0.0,0.0,0.0,0.0,4.23,4.23,3.902659e-06,True,0.0128852947058823
450,450,5,0.0,0.0,0.0,0.0,0.0,3.977,3.977,2.418881e-07,True,0.0128852947058823
450,450,6,0.0,0.0,0.0,0.0,0.0,4.329,4.329,5.648024e-07,True,0.0128852947058823
450,450,7,0.0,0.0,0.0,0.0,0.0,3.995,3.995,7.882466e-07,True,0.0128852947058823
450,450,8,0.0,0.0,0.0,0.0,0.0,4.294,4.294,7.296382e-07,True,0.0128852947058823
451,451,1,0.0,0.0,0.0,0.0,0.0,4.318,4.318,3.013237e-07,True,0.0128861855392156
451,451,2,0.3294117647058823,0.3165255791666666,-0.0128861855392156,0.3294117647058823,0.3294117647058823,3.853,3.853,6.577807e-07,True,0.0128861855392156
451,451,3,0.0,0.0,0.0,0.0,0.0,4.164,4.164,3.07885e-05,True,0.0128861855392156
451,451,4,0.0,0.0,0.0,0.0,0.0,4.23,4.23,3.91154e-06,True,0.0128861855392156
451,451,5,0.0,0.0,0.0,0.0,0.0,3.977,3.977,2.414279e-07,True,0.0128861855392156
451,451,6,0.0,0.0,0.0,0.0,0.0,4.329,4.329,5.634475e-07,True,0.0128861855392156
451,451,7,0.0,0.0,0.0,0.0,0.0,3.995,3.995,7.900378e-07,True,0.0128861855392156
451,451,8,0.0,0.0,0.0,0.0,0.0,4.294,4.294,7.290119e-07,True,0.0128861855392156
452,452,1,0.0,0.0,0.0,0.0,0.0,4.318,4.318,3.001808e-07,True,0.0180481775490195
452,452,2,0.0,0.0,0.0,0.0,0.0,4.261,4.261,6.561903e-07,True,0.0180481775490195
452,452,3,0.3450980392156862,0.3270498616666666,-0.0180481775490195,0.3450980392156862,0.0830484371617217,3.746,3.92,3.198844e-05,True,0.0180481775490195
452,452,4,0.0,0.0,0.0,0.0,0.0,4.23,4.23,3.977068e-06,True,0.0180481775490195
452,452,5,0.0,0.0,0.0,0.0,0.0,3.977,3.977,2.43842e-07,True,0.0180481775490195
452,452,6,0.0,0.0,0.0,0.0,0.0,4.329,4.329,5.64485e-07,True,0.0180481775490195
452,452,7,0.0,0.0,0.0,0.0,0.0,3.995,3.995,7.866282e-07,True,0.0180481775490195
452,452,8,0.0,0.0,0.0,0.0,0.0,4.294,4.294,7.291491e-07,True,0.0180481775490195
453,453,1,0.0,0.0,0.0,0.0,0.0,4.318,4.318,2.958461e-07,True,0.011473375
453,453,2,0.0,0.0,0.0,0.0,0.0,4.261,4.261,6.845031e-07,True,0.011473375
453,453,3,0.0,0.0,0.0,0.0,0.0,4.164,4.164,1.486482e-06,True,0.011473375
453,453,4,0.0,0.0,0.0,0.0,0.0,4.23,4.23,7.391982e-07,True,0.011473375
453,453,5,0.4,0.4114733750000001,0.011473375,0.4,0.2376262612307889,3.608,3.694,4.375898e-05,True,0.011473375
453,453,6,0.0,0.0,0.0,0.0,0.0,4.329,4.329,8.61521e-07,True,0.011473375
453,453,7,0.0,0.0,0.0,0.0,0.0,3.995,3.995,8.27555e-07,True,0.011473375
453,453,8,0.0,0.0,0.0,0.0,0.0,4.294,4.294,7.227196e-07,True,0.011473375
454,454,1,0.0,0.0,0.0,0.0,0.0,4.318,4.318,2.258818e-06,True,0.0040448858823528
454,454,2,0.3450980392156862,0.3410531533333333,-0.0040448858823528,0.3450980392156862,0.0467003925070449,3.846,4.023,3.454418e-05,True,0.0040448858823528
454,454,3,0.0,0.0,0.0,0.0,0.0,4.164,4.164,1.73274e-06,True,0.0040448858823528
454,454,4,0.0,0.0,0.0,0.0,0.0,4.23,4.23,1.412147e-07,True,0.0040448858823528
454,454,5,0.0,0.0,0.0,0.0,0.0,3.977,3.977,1.220133e-07,True,0.0040448858823528
454,454,6,0.0,0.0,0.0,0.0,0.0,4.329,4.329,6.121727e-07,True,0.0040448858823528
454,454,7,0.0,0.0,0.0,0.0,0.0,3.995,3.995,7.226609e-07,True,0.0040448858823528
454,454,8,0.0,0.0,0.0,0.0,0.0,4.294,4.294,7.925788e-07,True,0.0040448858823528
455,455,1,0.0,0.0,0.0,0.0,0.0,4.318,4.318,2.381005e-07,True,0.0164477916666667
455,455,2,0.0,0.0,0.0,0.0,0.0,4.261,4.261,8.404069e-07,True,0.0164477916666667
455,455,3,0.0,0.0,0.0,0.0,0.0,4.164,4.164,4.65219e-07,True,0.0164477916666667
455,455,4,0.4,0.4164477916666667,0.0164477916666667,0.4,0.1473965902,3.796,3.963,4.542207e-05,True,0.0164477916666667
455,455,5,0.0,0.0,0.0,0.0,0.0,3.977,3.977,9.034626e-07,True,0.0164477916666667
455,455,6,0.0,0.0,0.0,0.0,0.0,4.329,4.329,5.629403e-07,True,0.0164477916666667
455,455,7,0.0,0.0,0.0,0.0,0.0,3.995,3.995,7.340088e-07,True,0.0164477916666667
455,455,8,0.0,0.0,0.0,0.0,0.0,4.294,4.294,8.075269e-07,True,0.0164477916666667
456,456,1,0.0,0.0,0.0,0.0,0.0,4.318,4.318,3.067921e-07,True,0.0146155151470588
456,456,2,0.0,0.0,0.0,0.0,0.0,4.261,4.261,6.600829e-07,True,0.0146155151470588
456,456,3,0.3647058823529411,0.3793213975,0.0146155151470588,0.3647058823529411,0.0895829692133933,3.736,3.901,3.772429e-05,True,0.0146155151470588
456,456,4,0.0,0.0,0.0,0.0,0.0,4.23,4.23,4.476095e-06,True,0.0146155151470588
456,456,5,0.0,0.0,0.0,0.0,0.0,3.977,3.977,2.619192e-07,True,0.0146155151470588
456,456,6,0.0,0.0,0.0,0.0,0.0,4.329,4.329,5.642504e-07,True,0.0146155151470588
456,456,7,0.0,0.0,0.0,0.0,0.0,3.995,3.995,7.954507e-07,True,0.0146155151470588
456,456,8,0.0,0.0,0.0,0.0,0.0,4.294,4.294,7.296874e-07,True,0.0146155151470588
457,457,1,0.0,0.0,0.0,0.0,0.0,4.318,4.318,2.330223e-06,True,0.0129942065196077
457,457,2,0.3647058823529411,0.3517116758333333,-0.0129942065196077,0.3647058823529411,0.0475379179398368,3.838,4.019,3.574252e-05,True,0.0129942065196077
457,457,3,0.0,0.0,0.0,0.0,0.0,4.164,4.164,1.737779e-06,True,0.0129942065196077
457,457,4,0.0,0.0,0.0,0.0,0.0,4.23,4.23,1.430073e-07,True,0.0129942065196077
457,457,5,0.0,0.0,0.0,0.0,0.0,3.977,3.977,1.230321e-07,True,0.0129942065196077
457,457,6,0.0,0.0,0.0,0.0,0.0,4.329,4.329,6.112454e-07,True,0.0129942065196077
457,457,7,0.0,0.0,0.0,0.0,0.0,3.995,3.995,7.241438e-07,True,0.0129942065196077
457,457,8,0.0,0.0,0.0,0.0,0.0,4.294,4.294,7.934505e-07,True,0.0129942065196077
458,458,1,0.0,0.0,0.0,0.0,0.0,4.318,4.318,3.274115e-07,True,0.0110270332843136
458,458,2,0.0,0.0,0.0,0.0,0.0,4.261,4.261,6.568377e-07,True,0.0110270332843136
458,458,3,0.7450980392156864,0.7561250725,0.0110270332843136,0.7450980392156864,0.2624354422061276,3.557,3.79,7.964972e-05,True,0.0110270332843136
458,458,4,0.0,0.0,0.0,0.0,0.0,4.23,4.23,7.62112e-06,True,0.0110270332843136
458,458,5,0.0,0.0,0.0,0.0,0.0,3.977,3.977,3.715932e-07,True,0.0110270332843136
458,458,6,0.0,0.0,0.0,0.0,0.0,4.329,4.329,5.602503e-07,True,0.0110270332843136
458,458,7,0.0,0.0,0.0,0.0,0.0,3.995,3.995,8.222066e-07,True,0.0110270332843136
458,458,8,0.0,0.0,0.0,0.0,0.0,4.294,4.294,7.258694e-07,True,0.0110270332843136
459,459,1,0.0,0.0,0.0,0.0,0.0,4.318,4.318,3.221053e-07,True,0.0103026304411765
459,459,2,0.0,0.0,0.0,0.0,0.0,4.261,4.261,6.846058e-07,True,0.0103026304411765
459,459,3,0.0,0.0,0.0,0.0,0.0,4.164,4.164,1.544786e-06,True,0.0103026304411765
459,459,4,0.0,0.0,0.0,0.0,0.0,4.23,4.23,1.329328e-06,True,0.0103026304411765
459,459,5,0.76078431372549,0.7710869441666666,0.0103026304411765,0.76078431372549,0.4775443650745705,3.439,3.571,8.609821e-05,True,0.0103026304411765
459,459,6,0.0,0.0,0.0,0.0,0.0,4.329,4.329,9.516983e-07,True,0.0103026304411765
459,459,7,0.0,0.0,0.0,0.0,0.0,3.995,3.995,8.822608e-07,True,0.0103026304411765
459,459,8,0.0,0.0,0.0,0.0,0.0,4.294,4.294,7.174391e-07,True,0.0103026304411765
460,460,1,0.0,0.0,0.0,0.0,0.0,4.318,4.318,4.854302e-06,True,0.013334926617647
460,460,2,0.7450980392156864,0.7584329658333334,0.013334926617647,0.7450980392156864,0.2299424324167492,3.683,3.898,8.16668e-05,True,0.013334926617647
460,460,3,0.0,0.0,0.0,0.0,0.0,4.164,4.164,2.047491e-06,True,0.013334926617647
460,460,4,0.0,0.0,0.0,0.0,0.0,4.23,4.23,1.433107e-07,True,0.013334926617647
460,460,5,0.0,0.0,0.0,0.0,0.0,3.977,3.977,1.206082e-07,True,0.013334926617647
460,460,6,0.0,0.0,0.0,0.0,0.0,4.329,4.329,6.358596e-07,True,0.013334926617647
460,460,7,0.0,0.0,0.0,0.0,0.0,3.995,3.995,7.209577e-07,True,0.013334926617647
460,460,8,0.0,0.0,0.0,0.0,0.0,4.294,4.294,8.226267e-07,True,0.013334926617647
461,461,1,0.0,0.0,0.0,0.0,0.0,4.318,4.318,3.090336e-07,True,0.0059454700980393
461,461,2,0.0,0.0,0.0,0.0,0.0,4.261,4.261,6.559686e-07,True,0.0059454700980393
461,461,3,0.4431372549019607,0.449082725,0.0059454700980393,0.4431372549019607,0.12351251663962,3.695,3.878,4.544795e-05,True,0.0059454700980393
461,461,4,0.0,0.0,0.0,0.0,0.0,4.23,4.23,5.102574e-06,True,0.0059454700980393
461,461,5,0.0,0.0,0.0,0.0,0.0,3.977,3.977,2.824564e-07,True,0.0059454700980393
461,461,6,0.0,0.0,0.0,0.0,0.0,4.329,4.329,5.637448e-07,True,0.0059454700980393
461,461,7,0.0,0.0,0.0,0.0,0.0,3.995,3.995,7.997896e-07,True,0.0059454700980393
461,461,8,0.0,0.0,0.0,0.0,0.0,4.294,4.294,7.2841e-07,True,0.0059454700980393
462,462,1,0.0,0.0,0.0,0.0,0.0,4.318,4.318,2.361906e-07,True,0.0037715954411764
462,462,2,0.0,0.0,0.0,0.0,0.0,4.261,4.261,8.992336e-07,True,0.0037715954411764
462,462,3,0.0,0.0,0.0,0.0,0.0,4.164,4.164,1.25668e-06,True,0.0037715954411764
462,462,4,0.76078431372549,0.7645559091666665,0.0037715954411764,0.76078431372549,0.2991763094477696,3.595,3.857,8.579702e-05,True,0.0037715954411764
462,462,5,0.0,0.0,0.0,0.0,0.0,3.977,3.977,1.415205e-06,True,0.0037715954411764
462,462,6,0.0,0.0,0.0,0.0,0.0,4.329,4.329,5.751359e-07,True,0.0037715954411764
462,462,7,0.0,0.0,0.0,0.0,0.0,3.995,3.995,7.319825e-07,True,0.0037715954411764
462,462,8,0.0,0.0,0.0,0.0,0.0,4.294,4.294,8.352615e-07,True,0.0037715954411764
463,463,1,0.0,0.0,0.0,0.0,0.0,4.318,4.318,3.011152e-06,True,0.0157256750980393
463,463,2,0.4431372549019607,0.45886293,0.0157256750980393,0.4431372549019607,0.0813456356793074,3.803,3.983,4.781918e-05,True,0.0157256750980393
463,463,3,0.0,0.0,0.0,0.0,0.0,4.164,4.164,1.826283e-06,True,0.0157256750980393
463,463,4,0.0,0.0,0.0,0.0,0.0,4.23,4.23,1.431708e-07,True,0.0157256750980393
463,463,5,0.0,0.0,0.0,0.0,0.0,3.977,3.977,1.222457e-07,True,0.0157256750980393
463,463,6,0.0,0.0,0.0,0.0,0.0,4.329,4.329,6.180687e-07,True,0.0157256750980393
463,463,7,0.0,0.0,0.0,0.0,0.0,3.995,3.995,7.23252e-07,True,0.0157256750980393
463,463,8,0.0,0.0,0.0,0.0,0.0,4.294,4.294,8.001994e-07,True,0.0157256750980393
464,464,1,0.0,0.0,0.0,0.0,0.0,4.318,4.318,2.99581e-07,True,0.0122815407352941
464,464,2,0.0,0.0,0.0,0.0,0.0,4.261,4.261,6.605386e-07,True,0.0122815407352941
464,464,3,0.2901960784313725,0.3024776191666667,0.0122815407352941,0.2901960784313725,0.0800787931247124,3.775,3.929,2.92423e-05,True,0.0122815407352941
464,464,4,0.0,0.0,0.0,0.0,0.0,4.23,4.23,3.781842e-06,True,0.0122815407352941
464,464,5,0.0,0.0,0.0,0.0,0.0,3.977,3.977,2.379896e-07,True,0.0122815407352941
464,464,6,0.0,0.0,0.0,0.0,0.0,4.329,4.329,5.632176e-07,True,0.0122815407352941
464,464,7,0.0,0.0,0.0,0.0,0.0,3.995,3.995,7.842497e-07,True,0.0122815407352941
464,464,8,0.0,0.0,0.0,0.0,0.0,4.294,4.294,7.275958e-07,True,0.0122815407352941
465,465,1,0.0,0.0,0.0,0.0,0.0,4.318,4.318,1.998071e-06,True,0.0080067199019608
465,465,2,0.2901960784313725,0.2982027983333333,0.0080067199019608,0.2901960784313725,0.0435445038585492,3.871,4.039,2.971652e-05,True,0.0080067199019608
465,465,3,0.0,0.0,0.0,0.0,0.0,4.164,4.164,1.689904e-06,True,0.0080067199019608
465,465,4,0.0,0.0,0.0,0.0,0.0,4.23,4.23,1.418402e-07,True,0.0080067199019608
465,465,5,0.0,0.0,0.0,0.0,0.0,3.977,3.977,1.223521e-07,True,0.0080067199019608
465,465,6,0.0,0.0,0.0,0.0,0.0,4.329,4.329,6.053434e-07,True,0.0080067199019608
465,465,7,0.0,0.0,0.0,0.0,0.0,3.995,3.995,7.224402e-07,True,0.0080067199019608
465,465,8,0.0,0.0,0.0,0.0,0.0,4.294,4.294,7.878649e-07,True,0.0080067199019608
466,466,1,0.0,0.0,0.0,0.0,0.0,4.318,4.318,2.989615e-07,True,0.0133476712745099
466,466,2,0.0,0.0,0.0,0.0,0.0,4.261,4.261,6.542487e-07,True,0.0133476712745099
466,466,3,0.2941176470588234,0.3074653183333333,0.0133476712745099,0.2941176470588234,0.0806603798386204,3.773,3.927,2.980151e-05,True,0.0133476712745099
466,466,4,0.0,0.0,0.0,0.0,0.0,4.23,4.23,3.823818e-06,True,0.0133476712745099
466,466,5,0.0,0.0,0.0,0.0,0.0,3.977,3.977,2.393629e-07,True,0.0133476712745099
466,466,6,0.0,0.0,0.0,0.0,0.0,4.329,4.329,5.631513e-07,True,0.0133476712745099
466,466,7,0.0,0.0,0.0,0.0,0.0,3.995,3.995,7.859181e-07,True,0.0133476712745099
466,466,8,0.0,0.0,0.0,0.0,0.0,4.294,4.294,7.288677e-07,True,0.0133476712745099
467,467,1,0.0,0.0,0.0,0.0,0.0,4.318,4.318,1.915095e-06,True,0.0091411937254899
467,467,2,0.2941176470588234,0.2849764533333334,-0.0091411937254899,0.2941176470588234,0.0426124233872477,3.869,4.044,2.822747e-05,True,0.0091411937254899
467,467,3,0.0,0.0,0.0,0.0,0.0,4.164,4.164,1.679775e-06,True,0.0091411937254899
467,467,4,0.0,0.0,0.0,0.0,0.0,4.23,4.23,1.403337e-07,True,0.0091411937254899
467,467,5,0.0,0.0,0.0,0.0,0.0,3.977,3.977,1.221289e-07,True,0.0091411937254899
467,467,6,0.0,0.0,0.0,0.0,0.0,4.329,4.329,6.038136e-07,True,0.0091411937254899
467,467,7,0.0,0.0,0.0,0.0,0.0,3.995,3.995,7.228524e-07,True,0.0091411937254899
467,467,8,0.0,0.0,0.0,0.0,0.0,4.294,4.294,7.857058e-07,True,0.0091411937254899
468,468,1,0.0,0.0,0.0,0.0,0.0,4.318,4.318,2.840654e-07,True,0.0129148937745098
468,468,2,0.0,0.0,0.0,0.0,0.0,4.261,4.261,6.838969e-07,True,0.0129148937745098
468,468,3,0.0,0.0,0.0,0.0,0.0,4.164,4.164,1.442923e-06,True,0.0129148937745098
468,468,4,0.0,0.0,0.0,0.0,0.0,4.23,4.23,4.601579e-07,True,0.0129148937745098
468,468,5,0.2274509803921568,0.2403658741666667,0.0129148937745098,0.2274509803921568,0.1313839657671444,3.699,3.769,2.365696e-05,True,0.0129148937745098
468,468,6,0.0,0.0,0.0,0.0,0.0,4.329,4.329,7.930672e-07,True,0.0129148937745098
468,468,7,0.0,0.0,0.0,0.0,0.0,3.995,3.995,7.981677e-07,True,0.0129148937745098
468,468,8,0.0,0.0,0.0,0.0,0.0,4.294,4.294,7.246668e-07,True,0.0129148937745098
469,469,1,0.0,0.0,0.0,0.0,0.0,4.318,4.318,2.419708e-07,True,0.0013783195588234
469,469,2,0.0,0.0,0.0,0.0,0.0,4.261,4.261,7.955917e-07,True,0.0013783195588234
469,469,3,0.0,0.0,0.0,0.0,0.0,4.164,4.164,2.722339e-07,True,0.0013783195588234
469,469,4,0.2274509803921568,0.2260726608333333,-0.0013783195588234,0.2274509803921568,0.0670951111506125,3.901,4.039,2.316152e-05,True,0.0013783195588234
469,469,5,0.0,0.0,0.0,0.0,0.0,3.977,3.977,5.897204e-07,True,0.0013783195588234
469,469,6,0.0,0.0,0.0,0.0,0.0,4.329,4.329,5.558476e-07,True,0.0013783195588234
469,469,7,0.0,0.0,0.0,0.0,0.0,3.995,3.995,7.291118e-07,True,0.0013783195588234
469,469,8,0.0,0.0,0.0,0.0,0.0,4.294,4.294,7.827231e-07,True,0.0013783195588234
470,470,1,0.0,0.0,0.0,0.0,0.0,4.318,4.318,2.857383e-07,True,0.013608551617647
470,470,2,0.0,0.0,0.0,0.0,0.0,4.261,4.261,6.811799e-07,True,0.013608551617647
470,470,3,0.0,0.0,0.0,0.0,0.0,4.164,4.164,1.458648e-06,True,0.013608551617647
470,470,4,0.0,0.0,0.0,0.0,0.0,4.23,4.23,5.451255e-07,True,0.013608551617647
470,470,5,0.2784313725490196,0.2920399241666666,0.013608551617647,0.2784313725490196,0.1655802749977942,3.672,3.744,2.972898e-05,True,0.013608551617647
470,470,6,0.0,0.0,0.0,0.0,0.0,4.329,4.329,8.155466e-07,True,0.013608551617647
470,470,7,0.0,0.0,0.0,0.0,0.0,3.995,3.995,8.066846e-07,True,0.013608551617647
470,470,8,0.0,0.0,0.0,0.0,0.0,4.294,4.294,7.22888e-07,True,0.013608551617647
471,471,1,0.0,0.0,0.0,0.0,0.0,4.318,4.318,2.376328e-07,True,0.0155471524509803
471,471,2,0.0,0.0,0.0,0.0,0.0,4.261,4.261,8.083098e-07,True,0.0155471524509803
471,471,3,0.0,0.0,0.0,0.0,0.0,4.164,4.164,3.085208e-07,True,0.0155471524509803
471,471,4,0.2784313725490196,0.293978525,0.0155471524509803,0.2784313725490196,0.0918259821821078,3.87,4.009,3.11377e-05,True,0.0155471524509803
471,471,5,0.0,0.0,0.0,0.0,0.0,3.977,3.977,7.058487e-07,True,0.0155471524509803
471,471,6,0.0,0.0,0.0,0.0,0.0,4.329,4.329,5.559455e-07,True,0.0155471524509803
471,471,7,0.0,0.0,0.0,0.0,0.0,3.995,3.995,7.313728e-07,True,0.0155471524509803
471,471,8,0.0,0.0,0.0,0.0,0.0,4.294,4.294,7.920926e-07,True,0.0155471524509803
472,472,1,0.0,0.0,0.0,0.0,0.0,4.318,4.318,3.315914e-07,True,0.005820359019608
472,472,2,0.0,0.0,0.0,0.0,0.0,4.261,4.261,6.517697e-07,True,0.005820359019608
472,472,3,0.9647058823529412,0.9588855233333332,-0.005820359019608,0.9647058823529412,0.3599196238097956,3.455,3.739,0.0001023558,True,0.005820359019608
472,472,4,0.0,0.0,0.0,0.0,0.0,4.23,4.23,9.180867e-06,True,0.005820359019608
472,472,5,0.0,0.0,0.0,0.0,0.0,3.977,3.977,4.31123e-07,True,0.005820359019608
472,472,6,0.0,0.0,0.0,0.0,0.0,4.329,4.329,5.548457e-07,True,0.005820359019608
472,472,7,0.0,0.0,0.0,0.0,0.0,3.995,3.995,8.351367e-07,True,0.005820359019608
472,472,8,0.0,0.0,0.0,0.0,0.0,4.294,4.294,7.251293e-07,True,0.005820359019608
473,473,1,0.0,0.0,0.0,0.0,0.0,4.318,4.318,3.254187e-07,True,0.0110902515686277
473,473,2,0.0,0.0,0.0,0.0,0.0,4.261,4.261,6.826469e-07,True,0.0110902515686277
473,473,3,0.0,0.0,0.0,0.0,0.0,4.164,4.164,1.557032e-06,True,0.0110902515686277
473,473,4,0.0,0.0,0.0,0.0,0.0,4.23,4.23,1.422601e-06,True,0.0110902515686277
473,473,5,0.8235294117647057,0.8346196633333335,0.0110902515686277,0.8235294117647057,0.5171572282041019,3.41,3.552,9.35956e-05,True,0.0110902515686277
473,473,6,0.0,0.0,0.0,0.0,0.0,4.329,4.329,9.60095e-07,True,0.0110902515686277
473,473,7,0.0,0.0,0.0,0.0,0.0,3.995,3.995,8.933461e-07,True,0.0110902515686277
473,473,8,0.0,0.0,0.0,0.0,0.0,4.294,4.294,7.176199e-07,True,0.0110902515686277
474,474,1,0.0,0.0,0.0,0.0,0.0,4.318,4.318,6.016977e-06,True,0.0186418331862744
474,474,2,0.9647058823529412,0.9460640491666668,-0.0186418331862744,0.9647058823529412,0.3366449430107508,3.597,3.85,0.0001028768,True,0.0186418331862744
474,474,3,0.0,0.0,0.0,0.0,0.0,4.164,4.164,2.176653e-06,True,0.0186418331862744
474,474,4,0.0,0.0,0.0,0.0,0.0,4.23,4.23,1.439701e-07,True,0.0186418331862744
474,474,5,0.0,0.0,0.0,0.0,0.0,3.977,3.977,1.205709e-07,True,0.0186418331862744
474,474,6,0.0,0.0,0.0,0.0,0.0,4.329,4.329,6.414483e-07,True,0.0186418331862744
474,474,7,0.0,0.0,0.0,0.0,0.0,3.995,3.995,7.194791e-07,True,0.0186418331862744
474,474,8,0.0,0.0,0.0,0.0,0.0,4.294,4.294,8.317875e-07,True,0.0186418331862744
476,476,1,0.0,0.0,0.0,0.0,0.0,4.318,4.318,2.69741e-07,True,0.0061075766176471
476,476,2,0.0,0.0,0.0,0.0,0.0,4.261,4.261,6.827632e-07,True,0.0061075766176471
476,476,3,0.0,0.0,0.0,0.0,0.0,4.164,4.164,1.41009e-06,True,0.0061075766176471
476,476,4,0.0,0.0,0.0,0.0,0.0,4.23,4.23,3.210958e-07,True,0.0061075766176471
476,476,5,0.1450980392156862,0.1512056158333333,0.0061075766176471,0.1450980392156862,0.0729538091084189,3.759,3.82,1.320663e-05,True,0.0061075766176471
476,476,6,0.0,0.0,0.0,0.0,0.0,4.329,4.329,7.477369e-07,True,0.0061075766176471
476,476,7,0.0,0.0,0.0,0.0,0.0,3.995,3.995,7.77715e-07,True,0.0061075766176471
476,476,8,0.0,0.0,0.0,0.0,0.0,4.294,4.294,7.28902e-07,True,0.0061075766176471
477,477,1,0.0,0.0,0.0,0.0,0.0,4.318,4.318,2.381878e-07,True,0.0092813841176471
477,477,2,0.0,0.0,0.0,0.0,0.0,4.261,4.261,7.703338e-07,True,0.0092813841176471
477,477,3,0.0,0.0,0.0,0.0,0.0,4.164,4.164,3.006112e-07,True,0.0092813841176471
477,477,4,0.1450980392156862,0.1543794233333333,0.0092813841176471,0.1450980392156862,0.0358865251112743,3.965,4.076,1.469055e-05,True,0.0092813841176471
477,477,5,0.0,0.0,0.0,0.0,0.0,3.977,3.977,4.622109e-07,True,0.0092813841176471
477,477,6,0.0,0.0,0.0,0.0,0.0,4.329,4.329,5.569652e-07,True,0.0092813841176471
477,477,7,0.0,0.0,0.0,0.0,0.0,3.995,3.995,7.279888e-07,True,0.0092813841176471
477,477,8,0.0,0.0,0.0,0.0,0.0,4.294,4.294,7.786831e-07,True,0.0092813841176471
478,478,1,0.0,0.0,0.0,0.0,0.0,4.318,4.318,3.030628e-07,True,0.009481908480392
478,478,2,0.0,0.0,0.0,0.0,0.0,4.261,4.261,6.826172e-07,True,0.009481908480392
478,478,3,0.0,0.0,0.0,0.0,0.0,4.164,4.164,1.507134e-06,True,0.009481908480392
478,478,4,0.0,0.0,0.0,0.0,0.0,4.23,4.23,8.880208e-07,True,0.009481908480392
478,478,5,0.4980392156862745,0.5075211241666666,0.009481908480392,0.4980392156862745,0.3064638237474403,3.561,3.658,5.506303e-05,True,0.009481908480392
478,478,6,0.0,0.0,0.0,0.0,0.0,4.329,4.329,8.942529e-07,True,0.009481908480392
478,478,7,0.0,0.0,0.0,0.0,0.0,3.995,3.995,8.415331e-07,True,0.009481908480392
478,478,8,0.0,0.0,0.0,0.0,0.0,4.294,4.294,7.228841e-07,True,0.009481908480392
479,479,1,0.0,0.0,0.0,0.0,0.0,4.318,4.318,2.354962e-07,True,0.0185476276470588
479,479,2,0.0,0.0,0.0,0.0,0.0,4.261,4.261,8.553591e-07,True,0.0185476276470588
479,479,3,0.0,0.0,0.0,0.0,0.0,4.164,4.164,6.512575e-07,True,0.0185476276470588
479,479,4,0.4980392156862745,0.5165868433333334,0.0185476276470588,0.4980392156862745,0.1895649348245098,3.741,3.93,5.707972e-05,True,0.0185476276470588
479,479,5,0.0,0.0,0.0,0.0,0.0,3.977,3.977,1.055312e-06,True,0.0185476276470588
479,479,6,0.0,0.0,0.0,0.0,0.0,4.329,4.329,5.644987e-07,True,0.0185476276470588
479,479,7,0.0,0.0,0.0,0.0,0.0,3.995,3.995,7.306508e-07,True,0.0185476276470588
479,479,8,0.0,0.0,0.0,0.0,0.0,4.294,4.294,8.181269e-07,True,0.0185476276470588
480,480,1,0.0,0.0,0.0,0.0,0.0,4.318,4.318,3.011741e-07,True,0.0103522201960783
480,480,2,0.0,0.0,0.0,0.0,0.0,4.261,4.261,6.82087e-07,True,0.0103522201960783
480,480,3,0.0,0.0,0.0,0.0,0.0,4.164,4.164,1.500669e-06,True,0.0103522201960783
480,480,4,0.0,0.0,0.0,0.0,0.0,4.23,4.23,8.774564e-07,True,0.0103522201960783
480,480,5,0.4862745098039216,0.4966267299999999,0.0103522201960783,0.4862745098039216,0.29787661226266,3.566,3.662,5.377955e-05,True,0.0103522201960783
480,480,6,0.0,0.0,0.0,0.0,0.0,4.329,4.329,8.893074e-07,True,0.0103522201960783
480,480,7,0.0,0.0,0.0,0.0,0.0,3.995,3.995,8.423687e-07,True,0.0103522201960783
480,480,8,0.0,0.0,0.0,0.0,0.0,4.294,4.294,7.22595e-07,True,0.0103522201960783
481,481,1,0.0,0.0,0.0,0.0,0.0,4.318,4.318,2.349625e-07,True,0.0167924726960784
481,481,2,0.0,0.0,0.0,0.0,0.0,4.261,4.261,8.527593e-07,True,0.0167924726960784
481,481,3,0.0,0.0,0.0,0.0,0.0,4.164,4.164,6.271892e-07,True,0.0167924726960784
481,481,4,0.4862745098039216,0.5030669825,0.0167924726960784,0.4862745098039216,0.1847201083069854,3.747,3.934,5.551019e-05,True,0.0167924726960784
481,481,5,0.0,0.0,0.0,0.0,0.0,3.977,3.977,1.035384e-06,True,0.0167924726960784
481,481,6,0.0,0.0,0.0,0.0,0.0,4.329,4.329,5.621973e-07,True,0.0167924726960784
481,481,7,0.0,0.0,0.0,0.0,0.0,3.995,3.995,7.314179e-07,True,0.0167924726960784
481,481,8,0.0,0.0,0.0,0.0,0.0,4.294,4.294,8.139377e-07,True,0.0167924726960784
482,482,1,0.0,0.0,0.0,0.0,0.0,4.318,4.318,2.995186e-07,True,0.010128838872549
482,482,2,0.0,0.0,0.0,0.0,0.0,4.261,4.261,6.864654e-07,True,0.010128838872549
482,482,3,0.0,0.0,0.0,0.0,0.0,4.164,4.164,1.498452e-06,True,0.010128838872549
482,482,4,0.0,0.0,0.0,0.0,0.0,4.23,4.23,8.534453e-07,True,0.010128838872549
482,482,5,0.4705882352941177,0.4807170741666667,0.010128838872549,0.4705882352941177,0.2871820411157341,3.574,3.668,5.18991e-05,True,0.010128838872549
482,482,6,0.0,0.0,0.0,0.0,0.0,4.329,4.329,8.878814e-07,True,0.010128838872549
482,482,7,0.0,0.0,0.0,0.0,0.0,3.995,3.995,8.392577e-07,True,0.010128838872549
482,482,8,0.0,0.0,0.0,0.0,0.0,4.294,4.294,7.219285e-07,True,0.010128838872549
483,483,1,0.0,0.0,0.0,0.0,0.0,4.318,4.318,2.374611e-07,True,0.011026828872549
483,483,2,0.0,0.0,0.0,0.0,0.0,4.261,4.261,8.522197e-07,True,0.011026828872549
483,483,3,0.0,0.0,0.0,0.0,0.0,4.164,4.164,5.825224e-07,True,0.011026828872549
483,483,4,0.4705882352941177,0.4816150641666668,0.011026828872549,0.4705882352941177,0.1761962546384805,3.756,3.941,5.300543e-05,True,0.011026828872549
483,483,5,0.0,0.0,0.0,0.0,0.0,3.977,3.977,1.004047e-06,True,0.011026828872549
483,483,6,0.0,0.0,0.0,0.0,0.0,4.329,4.329,5.630797e-07,True,0.011026828872549
483,483,7,0.0,0.0,0.0,0.0,0.0,3.995,3.995,7.353665e-07,True,0.011026828872549
483,483,8,0.0,0.0,0.0,0.0,0.0,4.294,4.294,8.136813e-07,True,0.011026828872549
484,484,1,0.0,0.0,0.0,0.0,0.0,4.318,4.318,3.076672e-07,True,0.0080778243627451
484,484,2,0.0,0.0,0.0,0.0,0.0,4.261,4.261,6.852903e-07,True,0.0080778243627451
484,484,3,0.0,0.0,0.0,0.0,0.0,4.164,4.164,1.515448e-06,True,0.0080778243627451
484,484,4,0.0,0.0,0.0,0.0,0.0,4.23,4.23,9.83241e-07,True,0.0080778243627451
484,484,5,0.5529411764705882,0.5610190008333333,0.0080778243627451,0.5529411764705882,0.3422650300666648,3.535,3.639,6.134954e-05,True,0.0080778243627451
484,484,6,0.0,0.0,0.0,0.0,0.0,4.329,4.329,9.06094e-07,True,0.0080778243627451
484,484,7,0.0,0.0,0.0,0.0,0.0,3.995,3.995,8.543986e-07,True,0.0080778243627451
484,484,8,0.0,0.0,0.0,0.0,0.0,4.294,4.294,7.20601e-07,True,0.0080778243627451
485,485,1,0.0,0.0,0.0,0.0,0.0,4.318,4.318,3.274999e-07,True,0.0139873875980394
485,485,2,0.0,0.0,0.0,0.0,0.0,4.261,4.261,6.521161e-07,True,0.0139873875980394
485,485,3,0.8431372549019607,0.8571246425000001,0.0139873875980394,0.8431372549019607,0.3112832436576408,3.512,3.764,9.095579e-05,True,0.0139873875980394
485,485,4,0.0,0.0,0.0,0.0,0.0,4.23,4.23,8.405334e-06,True,0.0139873875980394
485,485,5,0.0,0.0,0.0,0.0,0.0,3.977,3.977,4.010005e-07,True,0.0139873875980394
485,485,6,0.0,0.0,0.0,0.0,0.0,4.329,4.329,5.57648e-07,True,0.0139873875980394
485,485,7,0.0,0.0,0.0,0.0,0.0,3.995,3.995,8.307137e-07,True,0.0139873875980394
485,485,8,0.0,0.0,0.0,0.0,0.0,4.294,4.294,7.248549e-07,True,0.0139873875980394
486,486,1,0.0,0.0,0.0,0.0,0.0,4.318,4.318,2.396853e-07,True,0.002125309362745
486,486,2,0.0,0.0,0.0,0.0,0.0,4.261,4.261,8.664045e-07,True,0.002125309362745
486,486,3,0.0,0.0,0.0,0.0,0.0,4.164,4.164,7.316006e-07,True,0.002125309362745
486,486,4,0.5529411764705882,0.5550664858333332,0.002125309362745,0.5529411764705882,0.2054233901062192,3.71,3.918,6.154262e-05,True,0.002125309362745
486,486,5,0.0,0.0,0.0,0.0,0.0,3.977,3.977,1.109358e-06,True,0.002125309362745
486,486,6,0.0,0.0,0.0,0.0,0.0,4.329,4.329,5.673077e-07,True,0.002125309362745
486,486,7,0.0,0.0,0.0,0.0,0.0,3.995,3.995,7.330859e-07,True,0.002125309362745
486,486,8,0.0,0.0,0.0,0.0,0.0,4.294,4.294,8.179163e-07,True,0.002125309362745
487,487,1,0.0,0.0,0.0,0.0,0.0,4.318,4.318,5.448502e-06,True,0.0116466667647061
487,487,2,0.8431372549019607,0.8547839216666668,0.0116466667647061,0.8431372549019607,0.2867128279191996,3.645,3.873,9.254849e-05,True,0.0116466667647061
487,487,3,0.0,0.0,0.0,0.0,0.0,4.164,4.164,2.125141e-06,True,0.0116466667647061
487,487,4,0.0,0.0,0.0,0.0,0.0,4.23,4.23,1.411504e-07,True,0.0116466667647061
487,487,5,0.0,0.0,0.0,0.0,0.0,3.977,3.977,1.197597e-07,True,0.0116466667647061
487,487,6,0.0,0.0,0.0,0.0,0.0,4.329,4.329,6.400608e-07,True,0.0116466667647061
487,487,7,0.0,0.0,0.0,0.0,0.0,3.995,3.995,7.204168e-07,True,0.0116466667647061
487,487,8,0.0,0.0,0.0,0.0,0.0,4.294,4.294,8.305499e-07,True,0.0116466667647061
488,488,1,0.0,0.0,0.0,0.0,0.0,4.318,4.318,3.306404e-07,True,0.0154163721568629
488,488,2,0.0,0.0,0.0,0.0,0.0,4.261,4.261,6.614575e-07,True,0.0154163721568629
488,488,3,0.8823529411764706,0.8977693133333335,0.0154163721568629,0.8823529411764706,0.3300380911148712,3.494,3.754,9.543686e-05,True,0.0154163721568629
488,488,4,0.0,0.0,0.0,0.0,0.0,4.23,4.23,8.776515e-06,True,0.0154163721568629
488,488,5,0.0,0.0,0.0,0.0,0.0,3.977,3.977,4.133608e-07,True,0.0154163721568629
488,488,6,0.0,0.0,0.0,0.0,0.0,4.329,4.329,5.556975e-07,True,0.0154163721568629
488,488,7,0.0,0.0,0.0,0.0,0.0,3.995,3.995,8.33369e-07,True,0.0154163721568629
488,488,8,0.0,0.0,0.0,0.0,0.0,4.294,4.294,7.244174e-07,True,0.0154163721568629
489,489,1,0.0,0.0,0.0,0.0,0.0,4.318,4.318,5.731313e-06,True,0.0168763529901961
489,489,2,0.8823529411764706,0.8992292941666667,0.0168763529901961,0.8823529411764706,0.3101473612437072,3.629,3.862,9.757096e-05,True,0.0168763529901961
489,489,3,0.0,0.0,0.0,0.0,0.0,4.164,4.164,2.150782e-06,True,0.0168763529901961
489,489,4,0.0,0.0,0.0,0.0,0.0,4.23,4.23,1.432121e-07,True,0.0168763529901961
489,489,5,0.0,0.0,0.0,0.0,0.0,3.977,3.977,1.203158e-07,True,0.0168763529901961
489,489,6,0.0,0.0,0.0,0.0,0.0,4.329,4.329,6.382805e-07,True,0.0168763529901961
489,489,7,0.0,0.0,0.0,0.0,0.0,3.995,3.995,7.196938e-07,True,0.0168763529901961
489,489,8,0.0,0.0,0.0,0.0,0.0,4.294,4.294,8.329581e-07,True,0.0168763529901961
491,491,1,0.0,0.0,0.0,0.0,0.0,4.318,4.318,1.056027e-06,True,0.0058174534313725
491,491,2,0.1568627450980392,0.1510452916666666,-0.0058174534313725,0.1568627450980392,0.0306693597093265,3.939,4.105,1.319442e-05,True,0.0058174534313725
491,491,3,0.0,0.0,0.0,0.0,0.0,4.164,4.164,1.534523e-06,True,0.0058174534313725
491,491,4,0.0,0.0,0.0,0.0,0.0,4.23,4.23,1.38498e-07,True,0.0058174534313725
491,491,5,0.0,0.0,0.0,0.0,0.0,3.977,3.977,1.216842e-07,True,0.0058174534313725
491,491,6,0.0,0.0,0.0,0.0,0.0,4.329,4.329,5.90131e-07,True,0.0058174534313725
491,491,7,0.0,0.0,0.0,0.0,0.0,3.995,3.995,7.231641e-07,True,0.0058174534313725
491,491,8,0.0,0.0,0.0,0.0,0.0,4.294,4.294,7.669877e-07,True,0.0058174534313725
492,492,1,0.0,0.0,0.0,0.0,0.0,4.318,4.318,2.700712e-07,True,0.0068401619117648
492,492,2,0.0,0.0,0.0,0.0,0.0,4.261,4.261,6.814192e-07,True,0.0068401619117648
492,492,3,0.0,0.0,0.0,0.0,0.0,4.164,4.164,1.398729e-06,True,0.0068401619117648
492,492,4,0.0,0.0,0.0,0.0,0.0,4.23,4.23,3.159501e-07,True,0.0068401619117648
492,492,5,0.1411764705882352,0.1480166325,0.0068401619117648,0.1411764705882352,0.07098848145905,3.762,3.822,1.286184e-05,True,0.0068401619117648
492,492,6,0.0,0.0,0.0,0.0,0.0,4.329,4.329,7.401288e-07,True,0.0068401619117648
492,492,7,0.0,0.0,0.0,0.0,0.0,3.995,3.995,7.733664e-07,True,0.0068401619117648
492,492,8,0.0,0.0,0.0,0.0,0.0,4.294,4.294,7.204912e-07,True,0.0068401619117648
493,493,1,0.0,0.0,0.0,0.0,0.0,4.318,4.318,3.1403e-07,True,0.0021461791176471
493,493,2,0.0,0.0,0.0,0.0,0.0,4.261,4.261,6.481271e-07,True,0.0021461791176471
493,493,3,0.6117647058823529,0.613910885,0.0021461791176471,0.6117647058823529,0.1992787676518566,3.617,3.829,6.382151e-05,True,0.0021461791176471
493,493,4,0.0,0.0,0.0,0.0,0.0,4.23,4.23,6.47181e-06,True,0.0021461791176471
493,493,5,0.0,0.0,0.0,0.0,0.0,3.977,3.977,3.275283e-07,True,0.0021461791176471
493,493,6,0.0,0.0,0.0,0.0,0.0,4.329,4.329,5.542466e-07,True,0.0021461791176471
493,493,7,0.0,0.0,0.0,0.0,0.0,3.995,3.995,8.103909e-07,True,0.0021461791176471
493,493,8,0.0,0.0,0.0,0.0,0.0,4.294,4.294,7.216633e-07,True,0.0021461791176471
494,494,1,0.0,0.0,0.0,0.0,0.0,4.318,4.318,2.357185e-07,True,0.0098656660784314
494,494,2,0.0,0.0,0.0,0.0,0.0,4.261,4.261,7.669498e-07,True,0.0098656660784314
494,494,3,0.0,0.0,0.0,0.0,0.0,4.164,4.164,3.054515e-07,True,0.0098656660784314
494,494,4,0.1411764705882352,0.1510421366666666,0.0098656660784314,0.1411764705882352,0.0343073044394606,3.968,4.078,1.431206e-05,True,0.0098656660784314
494,494,5,0.0,0.0,0.0,0.0,0.0,3.977,3.977,4.547409e-07,True,0.0098656660784314
494,494,6,0.0,0.0,0.0,0.0,0.0,4.329,4.329,5.522801e-07,True,0.0098656660784314
494,494,7,0.0,0.0,0.0,0.0,0.0,3.995,3.995,7.288378e-07,True,0.0098656660784314
494,494,8,0.0,0.0,0.0,0.0,0.0,4.294,4.294,7.690178e-07,True,0.0098656660784314
495,495,1,0.0,0.0,0.0,0.0,0.0,4.318,4.318,3.986958e-06,True,0.0027800224509805
495,495,2,0.6117647058823529,0.6145447283333334,0.0027800224509805,0.6117647058823529,0.1601790988400823,3.736,3.937,6.539854e-05,True,0.0027800224509805
495,495,3,0.0,0.0,0.0,0.0,0.0,4.164,4.164,1.940848e-06,True,0.0027800224509805
495,495,4,0.0,0.0,0.0,0.0,0.0,4.23,4.23,1.422965e-07,True,0.0027800224509805
495,495,5,0.0,0.0,0.0,0.0,0.0,3.977,3.977,1.205475e-07,True,0.0027800224509805
495,495,6,0.0,0.0,0.0,0.0,0.0,4.329,4.329,6.249057e-07,True,0.0027800224509805
495,495,7,0.0,0.0,0.0,0.0,0.0,3.995,3.995,7.197881e-07,True,0.0027800224509805
495,495,8,0.0,0.0,0.0,0.0,0.0,4.294,4.294,8.114836e-07,True,0.0027800224509805
496,496,1,0.0,0.0,0.0,0.0,0.0,4.318,4.318,2.822106e-07,True,0.0183249249019608
496,496,2,0.0,0.0,0.0,0.0,0.0,4.261,4.261,6.55513e-07,True,0.0183249249019608
496,496,3,0.1764705882352941,0.1581456633333333,-0.0183249249019608,0.1764705882352941,0.0577714833895772,3.844,3.994,1.347684e-05,True,0.0183249249019608
496,496,4,0.0,0.0,0.0,0.0,0.0,4.23,4.23,2.316685e-06,True,0.0183249249019608
496,496,5,0.0,0.0,0.0,0.0,0.0,3.977,3.977,1.877158e-07,True,0.0183249249019608
496,496,6,0.0,0.0,0.0,0.0,0.0,4.329,4.329,5.626102e-07,True,0.0183249249019608
496,496,7,0.0,0.0,0.0,0.0,0.0,3.995,3.995,7.680766e-07,True,0.0183249249019608
496,496,8,0.0,0.0,0.0,0.0,0.0,4.294,4.294,7.278284e-07,True,0.0183249249019608
497,497,1,0.0,0.0,0.0,0.0,0.0,4.318,4.318,1.204825e-06,True,0.0025215415686274
497,497,2,0.1764705882352941,0.1739490466666666,-0.0025215415686274,0.1764705882352941,0.032997995059934,3.928,4.093,1.575254e-05,True,0.0025215415686274
497,497,3,0.0,0.0,0.0,0.0,0.0,4.164,4.164,1.564983e-06,True,0.0025215415686274
497,497,4,0.0,0.0,0.0,0.0,0.0,4.23,4.23,1.391222e-07,True,0.0025215415686274
497,497,5,0.0,0.0,0.0,0.0,0.0,3.977,3.977,1.214794e-07,True,0.0025215415686274
497,497,6,0.0,0.0,0.0,0.0,0.0,4.329,4.329,5.949343e-07,True,0.0025215415686274
497,497,7,0.0,0.0,0.0,0.0,0.0,3.995,3.995,7.235963e-07,True,0.0025215415686274
497,497,8,0.0,0.0,0.0,0.0,0.0,4.294,4.294,7.724054e-07,True,0.0025215415686274
498,498,1,0.0,0.0,0.0,0.0,0.0,4.318,4.318,1.200237e-06,True,0.0055395435294118
498,498,2,0.0,0.0,0.0,0.0,0.0,4.261,4.261,1.586342e-05,True,0.0055395435294118
498,498,3,0.0,0.0,0.0,0.0,0.0,4.164,4.164,1.564978e-06,True,0.0055395435294118
498,498,4,0.0,0.0,0.0,0.0,0.0,4.23,4.23,1.396194e-07,True,0.0055395435294118
498,498,5,0.1803921568627451,0.1748526133333333,-0.0055395435294118,0.1803921568627451,0.1803921568627451,3.733,3.733,1.211708e-07,True,0.0055395435294118
498,498,6,0.0,0.0,0.0,0.0,0.0,4.329,4.329,5.961007e-07,True,0.0055395435294118
498,498,7,0.0,0.0,0.0,0.0,0.0,3.995,3.995,7.231783e-07,True,0.0055395435294118
498,498,8,0.0,0.0,0.0,0.0,0.0,4.294,4.294,7.736094e-07,True,0.0055395435294118
499,499,1,0.0,0.0,0.0,0.0,0.0,4.318,4.318,2.387947e-07,True,0.0057349818627451
499,499,2,0.0,0.0,0.0,0.0,0.0,4.261,4.261,7.780229e-07,True,0.0057349818627451
499,499,3,0.0,0.0,0.0,0.0,0.0,4.164,4.164,2.834756e-07,True,0.0057349818627451
499,499,4,0.1803921568627451,0.1746571749999999,-0.0057349818627451,0.1803921568627451,0.0451949010766473,3.938,4.065,1.709825e-05,True,0.0057349818627451
499,499,5,0.0,0.0,0.0,0.0,0.0,3.977,3.977,4.975451e-07,True,0.0057349818627451
499,499,6,0.0,0.0,0.0,0.0,0.0,4.329,4.329,5.551187e-07,True,0.0057349818627451
499,499,7,0.0,0.0,0.0,0.0,0.0,3.995,3.995,7.311461e-07,True,0.0057349818627451
499,499,8,0.0,0.0,0.0,0.0,0.0,4.294,4.294,7.765079e-07,True,0.0057349818627451
500,500,1,0.0,0.0,0.0,0.0,0.0,4.318,4.318,2.982528e-07,True,0.0117950119117647
500,500,2,0.0,0.0,0.0,0.0,0.0,4.261,4.261,6.831031e-07,True,0.0117950119117647
500,500,3,0.0,0.0,0.0,0.0,0.0,4.164,4.164,1.489115e-06,True,0.0117950119117647
500,500,4,0.0,0.0,0.0,0.0,0.0,4.23,4.23,7.509729e-07,True,0.0117950119117647
500,500,5,0.4078431372549019,0.4196381491666667,0.0117950119117647,0.4078431372549019,0.2429620048915669,3.604,3.691,4.471539e-05,True,0.0117950119117647
500,500,6,0.0,0.0,0.0,0.0,0.0,4.329,4.329,8.695381e-07,True,0.0117950119117647
500,500,7,0.0,0.0,0.0,0.0,0.0,3.995,3.995,8.274428e-07,True,0.0117950119117647
500,500,8,0.0,0.0,0.0,0.0,0.0,4.294,4.294,7.227632e-07,True,0.0117950119117647
501,501,1,0.0,0.0,0.0,0.0,0.0,4.318,4.318,2.372617e-07,True,0.017791432745098
501,501,2,0.0,0.0,0.0,0.0,0.0,4.261,4.261,8.381352e-07,True,0.017791432745098
501,501,3,0.0,0.0,0.0,0.0,0.0,4.164,4.164,4.866131e-07,True,0.017791432745098
501,501,4,0.4078431372549019,0.42563457,0.017791432745098,0.4078431372549019,0.1505467322998774,3.791,3.96,4.650726e-05,True,0.017791432745098
501,501,5,0.0,0.0,0.0,0.0,0.0,3.977,3.977,9.120575e-07,True,0.017791432745098
501,501,6,0.0,0.0,0.0,0.0,0.0,4.329,4.329,5.609228e-07,True,0.017791432745098
501,501,7,0.0,0.0,0.0,0.0,0.0,3.995,3.995,7.300296e-07,True,0.017791432745098
501,501,8,0.0,0.0,0.0,0.0,0.0,4.294,4.294,8.038685e-07,True,0.017791432745098
502,502,1,0.0,0.0,0.0,0.0,0.0,4.318,4.318,2.899732e-07,True,0.0149573414215686
502,502,2,0.0,0.0,0.0,0.0,0.0,4.261,4.261,6.830346e-07,True,0.0149573414215686
502,502,3,0.0,0.0,0.0,0.0,0.0,4.164,4.164,1.471555e-06,True,0.0149573414215686
502,502,4,0.0,0.0,0.0,0.0,0.0,4.23,4.23,6.226314e-07,True,0.0149573414215686
502,502,5,0.3254901960784313,0.3404475374999999,0.0149573414215686,0.3254901960784313,0.1950252682953247,3.648,3.723,3.540528e-05,True,0.0149573414215686
502,502,6,0.0,0.0,0.0,0.0,0.0,4.329,4.329,8.390724e-07,True,0.0149573414215686
502,502,7,0.0,0.0,0.0,0.0,0.0,3.995,3.995,8.164155e-07,True,0.0149573414215686
502,502,8,0.0,0.0,0.0,0.0,0.0,4.294,4.294,7.257424e-07,True,0.0149573414215686
503,503,1,0.0,0.0,0.0,0.0,0.0,4.318,4.318,2.389939e-07,True,0.0050000864215686
503,503,2,0.0,0.0,0.0,0.0,0.0,4.261,4.261,8.196055e-07,True,0.0050000864215686
503,503,3,0.0,0.0,0.0,0.0,0.0,4.164,4.164,3.469757e-07,True,0.0050000864215686
503,503,4,0.3254901960784313,0.3304902825,0.0050000864215686,0.3254901960784313,0.1052038201198038,3.841,3.995,3.540123e-05,True,0.0050000864215686
503,503,5,0.0,0.0,0.0,0.0,0.0,3.977,3.977,7.642049e-07,True,0.0050000864215686
503,503,6,0.0,0.0,0.0,0.0,0.0,4.329,4.329,5.580262e-07,True,0.0050000864215686
503,503,7,0.0,0.0,0.0,0.0,0.0,3.995,3.995,7.312735e-07,True,0.0050000864215686
503,503,8,0.0,0.0,0.0,0.0,0.0,4.294,4.294,7.985242e-07,True,0.0050000864215686
504,504,1,0.0,0.0,0.0,0.0,0.0,4.318,4.318,2.755664e-07,True,0.0195988475
504,504,2,0.0,0.0,0.0,0.0,0.0,4.261,4.261,6.841451e-07,True,0.0195988475
504,504,3,0.0,0.0,0.0,0.0,0.0,4.164,4.164,1.416405e-06,True,0.0195988475
504,504,4,0.0,0.0,0.0,0.0,0.0,4.23,4.23,3.199036e-07,True,0.0195988475
504,504,5,0.1333333333333333,0.1529321808333333,0.0195988475,0.1333333333333333,0.0738792320854166,3.768,3.819,1.340068e-05,True,0.0195988475
504,504,6,0.0,0.0,0.0,0.0,0.0,4.329,4.329,7.456628e-07,True,0.0195988475
504,504,7,0.0,0.0,0.0,0.0,0.0,3.995,3.995,7.78352e-07,True,0.0195988475
504,504,8,0.0,0.0,0.0,0.0,0.0,4.294,4.294,7.311468e-07,True,0.0195988475
505,505,1,0.0,0.0,0.0,0.0,0.0,4.318,4.318,2.414852e-07,True,0.0152528975
505,505,2,0.0,0.0,0.0,0.0,0.0,4.261,4.261,7.677934e-07,True,0.0152528975
505,505,3,0.0,0.0,0.0,0.0,0.0,4.164,4.164,3.076257e-07,True,0.0152528975
505,505,4,0.1333333333333333,0.1485862308333333,0.0152528975,0.1333333333333333,0.0330317889698436,3.974,4.08,1.400037e-05,True,0.0152528975
505,505,5,0.0,0.0,0.0,0.0,0.0,3.977,3.977,4.50607e-07,True,0.0152528975
505,505,6,0.0,0.0,0.0,0.0,0.0,4.329,4.329,5.569424e-07,True,0.0152528975
505,505,7,0.0,0.0,0.0,0.0,0.0,3.995,3.995,7.294512e-07,True,0.0152528975
505,505,8,0.0,0.0,0.0,0.0,0.0,4.294,4.294,7.760728e-07,True,0.0152528975
506,506,1,0.0,0.0,0.0,0.0,0.0,4.318,4.318,3.29192e-07,True,0.0118049236764707
506,506,2,0.0,0.0,0.0,0.0,0.0,4.261,4.261,6.83754e-07,True,0.0118049236764707
506,506,3,0.0,0.0,0.0,0.0,0.0,4.164,4.164,1.566303e-06,True,0.0118049236764707
506,506,4,0.0,0.0,0.0,0.0,0.0,4.23,4.23,1.578347e-06,True,0.0118049236764707
506,506,5,0.9176470588235291,0.9294519825,0.0118049236764707,0.9176470588235291,0.5733117957501516,3.366,3.525,0.0001047741,True,0.0118049236764707
506,506,6,0.0,0.0,0.0,0.0,0.0,4.329,4.329,9.782888e-07,True,0.0118049236764707
506,506,7,0.0,0.0,0.0,0.0,0.0,3.995,3.995,9.072988e-07,True,0.0118049236764707
506,506,8,0.0,0.0,0.0,0.0,0.0,4.294,4.294,7.169543e-07,True,0.0118049236764707
507,507,1,0.0,0.0,0.0,0.0,0.0,4.318,4.318,3.060402e-07,True,0.0081428702941177
507,507,2,0.0,0.0,0.0,0.0,0.0,4.261,4.261,6.569947e-07,True,0.0081428702941177
507,507,3,0.3960784313725489,0.4042213016666666,0.0081428702941177,0.3960784313725489,0.100814130783235,3.719,3.893,4.047992e-05,True,0.0081428702941177
507,507,4,0.0,0.0,0.0,0.0,0.0,4.23,4.23,4.71414e-06,True,0.0081428702941177
507,507,5,0.0,0.0,0.0,0.0,0.0,3.977,3.977,2.670134e-07,True,0.0081428702941177
507,507,6,0.0,0.0,0.0,0.0,0.0,4.329,4.329,5.613687e-07,True,0.0081428702941177
507,507,7,0.0,0.0,0.0,0.0,0.0,3.995,3.995,7.9552e-07,True,0.0081428702941177
507,507,8,0.0,0.0,0.0,0.0,0.0,4.294,4.294,7.255592e-07,True,0.0081428702941177
508,508,1,0.0,0.0,0.0,0.0,0.0,4.318,4.318,2.349301e-07,True,0.0028660728431374
508,508,2,0.0,0.0,0.0,0.0,0.0,4.261,4.261,9.209813e-07,True,0.0028660728431374
508,508,3,0.0,0.0,0.0,0.0,0.0,4.164,4.164,1.714754e-06,True,0.0028660728431374
508,508,4,0.9176470588235291,0.9205131316666666,0.0028660728431374,0.9176470588235291,0.3644613760672114,3.504,3.817,0.0001038158,True,0.0028660728431374
508,508,5,0.0,0.0,0.0,0.0,0.0,3.977,3.977,1.617615e-06,True,0.0028660728431374
508,508,6,0.0,0.0,0.0,0.0,0.0,4.329,4.329,5.816942e-07,True,0.0028660728431374
508,508,7,0.0,0.0,0.0,0.0,0.0,3.995,3.995,7.319861e-07,True,0.0028660728431374
508,508,8,0.0,0.0,0.0,0.0,0.0,4.294,4.294,8.438151e-07,True,0.0028660728431374
509,509,1,0.0,0.0,0.0,0.0,0.0,4.318,4.318,2.784743e-07,True,0.0131701551960784
509,509,2,0.0,0.0,0.0,0.0,0.0,4.261,4.261,6.823594e-07,True,0.0131701551960784
509,509,3,0.0,0.0,0.0,0.0,0.0,4.164,4.164,1.43189e-06,True,0.0131701551960784
509,509,4,0.0,0.0,0.0,0.0,0.0,4.23,4.23,4.572025e-07,True,0.0131701551960784
509,509,5,0.2196078431372549,0.2327779983333333,0.0131701551960784,0.2196078431372549,0.1253408388571568,3.705,3.773,2.277311e-05,True,0.0131701551960784
509,509,6,0.0,0.0,0.0,0.0,0.0,4.329,4.329,7.939819e-07,True,0.0131701551960784
509,509,7,0.0,0.0,0.0,0.0,0.0,3.995,3.995,7.937126e-07,True,0.0131701551960784
509,509,8,0.0,0.0,0.0,0.0,0.0,4.294,4.294,7.226291e-07,True,0.0131701551960784
510,510,1,0.0,0.0,0.0,0.0,0.0,4.318,4.318,2.71242e-06,True,0.0158955344607844
510,510,2,0.3960784313725489,0.4119739658333333,0.0158955344607844,0.3960784313725489,0.0528276080088024,3.824,3.999,4.253637e-05,True,0.0158955344607844
510,510,3,0.0,0.0,0.0,0.0,0.0,4.164,4.164,1.794064e-06,True,0.0158955344607844
510,510,4,0.0,0.0,0.0,0.0,0.0,4.23,4.23,1.397025e-07,True,0.0158955344607844
510,510,5,0.0,0.0,0.0,0.0,0.0,3.977,3.977,1.206371e-07,True,0.0158955344607844
510,510,6,0.0,0.0,0.0,0.0,0.0,4.329,4.329,6.13914e-07,True,0.0158955344607844
510,510,7,0.0,0.0,0.0,0.0,0.0,3.995,3.995,7.216279e-07,True,0.0158955344607844
510,510,8,0.0,0.0,0.0,0.0,0.0,4.294,4.294,7.981404e-07,True,0.0158955344607844
511,511,1,0.0,0.0,0.0,0.0,0.0,4.318,4.318,2.407963e-07,True,0.0004632451960784
511,511,2,0.0,0.0,0.0,0.0,0.0,4.261,4.261,7.914041e-07,True,0.0004632451960784
511,511,3,0.0,0.0,0.0,0.0,0.0,4.164,4.164,2.713777e-07,True,0.0004632451960784
511,511,4,0.2196078431372549,0.2200710883333333,0.0004632451960784,0.2196078431372549,0.0640735875465687,3.907,4.042,2.245597e-05,True,0.0004632451960784
511,511,5,0.0,0.0,0.0,0.0,0.0,3.977,3.977,5.747972e-07,True,0.0004632451960784
511,511,6,0.0,0.0,0.0,0.0,0.0,4.329,4.329,5.586219e-07,True,0.0004632451960784
511,511,7,0.0,0.0,0.0,0.0,0.0,3.995,3.995,7.302244e-07,True,0.0004632451960784
511,511,8,0.0,0.0,0.0,0.0,0.0,4.294,4.294,7.85339e-07,True,0.0004632451960784
512,512,1,0.0,0.0,0.0,0.0,0.0,4.318,4.318,3.30635e-07,True,0.0183831684313724
512,512,2,0.0,0.0,0.0,0.0,0.0,4.261,4.261,6.552195e-07,True,0.0183831684313724
512,512,3,0.9764705882352942,0.9948537566666666,0.0183831684313724,0.9764705882352942,0.3735614505956619,3.449,3.731,0.0001063338,True,0.0183831684313724
512,512,4,0.0,0.0,0.0,0.0,0.0,4.23,4.23,9.515623e-06,True,0.0183831684313724
512,512,5,0.0,0.0,0.0,0.0,0.0,3.977,3.977,4.369246e-07,True,0.0183831684313724
512,512,6,0.0,0.0,0.0,0.0,0.0,4.329,4.329,5.508751e-07,True,0.0183831684313724
512,512,7,0.0,0.0,0.0,0.0,0.0,3.995,3.995,8.406105e-07,True,0.0183831684313724
512,512,8,0.0,0.0,0.0,0.0,0.0,4.294,4.294,7.187631e-07,True,0.0183831684313724
513,513,1,0.0,0.0,0.0,0.0,0.0,4.318,4.318,3.187406e-07,True,0.0093414486274508
513,513,2,0.0,0.0,0.0,0.0,0.0,4.261,4.261,6.83919e-07,True,0.0093414486274508
513,513,3,0.0,0.0,0.0,0.0,0.0,4.164,4.164,1.542115e-06,True,0.0093414486274508
513,513,4,0.0,0.0,0.0,0.0,0.0,4.23,4.23,1.268692e-06,True,0.0093414486274508
513,513,5,0.7294117647058823,0.7387532133333332,0.0093414486274508,0.7294117647058823,0.4540396695965107,3.453,3.582,8.229809e-05,True,0.0093414486274508
513,513,6,0.0,0.0,0.0,0.0,0.0,4.329,4.329,9.413541e-07,True,0.0093414486274508
513,513,7,0.0,0.0,0.0,0.0,0.0,3.995,3.995,8.795244e-07,True,0.0093414486274508
513,513,8,0.0,0.0,0.0,0.0,0.0,4.294,4.294,7.179505e-07,True,0.0093414486274508
515,515,1,0.0,0.0,0.0,0.0,0.0,4.318,4.318,2.368619e-07,True,0.0030838469607843
515,515,2,0.0,0.0,0.0,0.0,0.0,4.261,4.261,8.91932e-07,True,0.0030838469607843
515,515,3,0.0,0.0,0.0,0.0,0.0,4.164,4.164,1.173849e-06,True,0.0030838469607843
515,515,4,0.7294117647058823,0.7324956116666667,0.0030838469607843,0.7294117647058823,0.2831476810252144,3.613,3.867,8.209733e-05,True,0.0030838469607843
515,515,5,0.0,0.0,0.0,0.0,0.0,3.977,3.977,1.360028e-06,True,0.0030838469607843
515,515,6,0.0,0.0,0.0,0.0,0.0,4.329,4.329,5.719373e-07,True,0.0030838469607843
515,515,7,0.0,0.0,0.0,0.0,0.0,3.995,3.995,7.345079e-07,True,0.0030838469607843
515,515,8,0.0,0.0,0.0,0.0,0.0,4.294,4.294,8.330273e-07,True,0.0030838469607843
516,516,1,0.0,0.0,0.0,0.0,0.0,4.318,4.318,3.079313e-07,True,0.0055490580882354
516,516,2,0.0,0.0,0.0,0.0,0.0,4.261,4.261,6.513829e-07,True,0.0055490580882354
516,516,3,0.4588235294117646,0.4643725875,0.0055490580882354,0.4588235294117646,0.130092584948137,3.688,3.874,4.714853e-05,True,0.0055490580882354
516,516,4,0.0,0.0,0.0,0.0,0.0,4.23,4.23,5.242428e-06,True,0.0055490580882354
516,516,5,0.0,0.0,0.0,0.0,0.0,3.977,3.977,2.849613e-07,True,0.0055490580882354
516,516,6,0.0,0.0,0.0,0.0,0.0,4.329,4.329,5.605711e-07,True,0.0055490580882354
516,516,7,0.0,0.0,0.0,0.0,0.0,3.995,3.995,8.013875e-07,True,0.0055490580882354
516,516,8,0.0,0.0,0.0,0.0,0.0,4.294,4.294,7.275184e-07,True,0.0055490580882354
517,517,1,0.0,0.0,0.0,0.0,0.0,4.318,4.318,2.839724e-07,True,0.0120721794117646
517,517,2,0.0,0.0,0.0,0.0,0.0,4.261,4.261,6.832358e-07,True,0.0120721794117646
517,517,3,0.0,0.0,0.0,0.0,0.0,4.164,4.164,1.448566e-06,True,0.0120721794117646
517,517,4,0.0,0.0,0.0,0.0,0.0,4.23,4.23,5.435965e-07,True,0.0120721794117646
517,517,5,0.2745098039215686,0.2865819833333333,0.0120721794117646,0.2745098039215686,0.1622625754949877,3.675,3.747,2.907781e-05,True,0.0120721794117646
517,517,6,0.0,0.0,0.0,0.0,0.0,4.329,4.329,8.268489e-07,True,0.0120721794117646
517,517,7,0.0,0.0,0.0,0.0,0.0,3.995,3.995,8.032137e-07,True,0.0120721794117646
517,517,8,0.0,0.0,0.0,0.0,0.0,4.294,4.294,7.225947e-07,True,0.0120721794117646
518,518,1,0.0,0.0,0.0,0.0,0.0,4.318,4.318,3.131586e-06,True,0.0185904039215686
518,518,2,0.4588235294117646,0.4774139333333332,0.0185904039215686,0.4588235294117646,0.0886771158071994,3.796,3.978,4.990791e-05,True,0.0185904039215686
518,518,3,0.0,0.0,0.0,0.0,0.0,4.164,4.164,1.841245e-06,True,0.0185904039215686
518,518,4,0.0,0.0,0.0,0.0,0.0,4.23,4.23,1.426389e-07,True,0.0185904039215686
518,518,5,0.0,0.0,0.0,0.0,0.0,3.977,3.977,1.20988e-07,True,0.0185904039215686
518,518,6,0.0,0.0,0.0,0.0,0.0,4.329,4.329,6.185876e-07,True,0.0185904039215686
518,518,7,0.0,0.0,0.0,0.0,0.0,3.995,3.995,7.247348e-07,True,0.0185904039215686
518,518,8,0.0,0.0,0.0,0.0,0.0,4.294,4.294,8.019817e-07,True,0.0185904039215686
519,519,1,0.0,0.0,0.0,0.0,0.0,4.318,4.318,2.395329e-07,True,0.0118339610784313
519,519,2,0.0,0.0,0.0,0.0,0.0,4.261,4.261,8.099357e-07,True,0.0118339610784313
519,519,3,0.0,0.0,0.0,0.0,0.0,4.164,4.164,3.054219e-07,True,0.0118339610784313
519,519,4,0.2745098039215686,0.286343765,0.0118339610784313,0.2745098039215686,0.088175811554044,3.872,4.013,3.023492e-05,True,0.0118339610784313
519,519,5,0.0,0.0,0.0,0.0,0.0,3.977,3.977,6.884484e-07,True,0.0118339610784313
519,519,6,0.0,0.0,0.0,0.0,0.0,4.329,4.329,5.57312e-07,True,0.0118339610784313
519,519,7,0.0,0.0,0.0,0.0,0.0,3.995,3.995,7.343752e-07,True,0.0118339610784313
519,519,8,0.0,0.0,0.0,0.0,0.0,4.294,4.294,7.913057e-07,True,0.0118339610784313
520,520,1,0.0,0.0,0.0,0.0,0.0,4.318,4.318,2.975846e-07,True,0.0102614037254903
520,520,2,0.0,0.0,0.0,0.0,0.0,4.261,4.261,6.830001e-07,True,0.0102614037254903
520,520,3,0.0,0.0,0.0,0.0,0.0,4.164,4.164,1.489454e-06,True,0.0102614037254903
520,520,4,0.0,0.0,0.0,0.0,0.0,4.23,4.23,8.026971e-07,True,0.0102614037254903
520,520,5,0.4392156862745097,0.4494770900000001,0.0102614037254903,0.4392156862745097,0.2646909482136372,3.589,3.68,4.82355e-05,True,0.0102614037254903
520,520,6,0.0,0.0,0.0,0.0,0.0,4.329,4.329,8.726144e-07,True,0.0102614037254903
520,520,7,0.0,0.0,0.0,0.0,0.0,3.995,3.995,8.362467e-07,True,0.0102614037254903
520,520,8,0.0,0.0,0.0,0.0,0.0,4.294,4.294,7.201539e-07,True,0.0102614037254903
521,521,1,0.0,0.0,0.0,0.0,0.0,4.318,4.318,2.36579e-07,True,0.0147339128921569
521,521,2,0.0,0.0,0.0,0.0,0.0,4.261,4.261,8.470604e-07,True,0.0147339128921569
521,521,3,0.0,0.0,0.0,0.0,0.0,4.164,4.164,5.361107e-07,True,0.0147339128921569
521,521,4,0.4392156862745097,0.4539495991666666,0.0147339128921569,0.4392156862745097,0.1632641842639703,3.774,3.951,4.979262e-05,True,0.0147339128921569
521,521,5,0.0,0.0,0.0,0.0,0.0,3.977,3.977,9.549133e-07,True,0.0147339128921569
521,521,6,0.0,0.0,0.0,0.0,0.0,4.329,4.329,5.61441e-07,True,0.0147339128921569
521,521,7,0.0,0.0,0.0,0.0,0.0,3.995,3.995,7.351968e-07,True,0.0147339128921569
521,521,8,0.0,0.0,0.0,0.0,0.0,4.294,4.294,8.100307e-07,True,0.0147339128921569
522,522,1,0.0,0.0,0.0,0.0,0.0,4.318,4.318,3.332662e-07,True,0.0175194877941177
522,522,2,0.0,0.0,0.0,0.0,0.0,4.261,4.261,6.546813e-07,True,0.0175194877941177
522,522,3,0.9294117647058824,0.9469312525,0.0175194877941177,0.9294117647058824,0.3511305885751101,3.472,3.743,0.0001009927,True,0.0175194877941177
522,522,4,0.0,0.0,0.0,0.0,0.0,4.23,4.23,9.104953e-06,True,0.0175194877941177
522,522,5,0.0,0.0,0.0,0.0,0.0,3.977,3.977,4.244073e-07,True,0.0175194877941177
522,522,6,0.0,0.0,0.0,0.0,0.0,4.329,4.329,5.573423e-07,True,0.0175194877941177
522,522,7,0.0,0.0,0.0,0.0,0.0,3.995,3.995,8.380941e-07,True,0.0175194877941177
522,522,8,0.0,0.0,0.0,0.0,0.0,4.294,4.294,7.263061e-07,True,0.0175194877941177
523,523,1,0.0,0.0,0.0,0.0,0.0,4.318,4.318,3.103726e-07,True,0.0079126715196078
523,523,2,0.0,0.0,0.0,0.0,0.0,4.261,4.261,6.847519e-07,True,0.0079126715196078
523,523,3,0.0,0.0,0.0,0.0,0.0,4.164,4.164,1.518954e-06,True,0.0079126715196078
523,523,4,0.0,0.0,0.0,0.0,0.0,4.23,4.23,9.997497e-07,True,0.0079126715196078
523,523,5,0.5686274509803921,0.5765401225,0.0079126715196078,0.5686274509803921,0.3501568807020909,3.527,3.635,6.318523e-05,True,0.0079126715196078
523,523,6,0.0,0.0,0.0,0.0,0.0,4.329,4.329,9.067332e-07,True,0.0079126715196078
523,523,7,0.0,0.0,0.0,0.0,0.0,3.995,3.995,8.562979e-07,True,0.0079126715196078
523,523,8,0.0,0.0,0.0,0.0,0.0,4.294,4.294,7.227254e-07,True,0.0079126715196078
524,524,1,0.0,0.0,0.0,0.0,0.0,4.318,4.318,5.941947e-06,True,0.0125231802941175
524,524,2,0.9294117647058824,0.941934945,0.0125231802941175,0.9294117647058824,0.3323388629708127,3.611,3.852,0.0001024279,True,0.0125231802941175
524,524,3,0.0,0.0,0.0,0.0,0.0,4.164,4.164,2.192971e-06,True,0.0125231802941175
524,524,4,0.0,0.0,0.0,0.0,0.0,4.23,4.23,1.398343e-07,True,0.0125231802941175
524,524,5,0.0,0.0,0.0,0.0,0.0,3.977,3.977,1.198855e-07,True,0.0125231802941175
524,524,6,0.0,0.0,0.0,0.0,0.0,4.329,4.329,6.474447e-07,True,0.0125231802941175
524,524,7,0.0,0.0,0.0,0.0,0.0,3.995,3.995,7.210922e-07,True,0.0125231802941175
524,524,8,0.0,0.0,0.0,0.0,0.0,4.294,4.294,8.411187e-07,True,0.0125231802941175
525,525,1,0.0,0.0,0.0,0.0,0.0,4.318,4.318,3.002301e-07,True,0.0158799729901959
525,525,2,0.0,0.0,0.0,0.0,0.0,4.261,4.261,6.570254e-07,True,0.0158799729901959
525,525,3,0.3176470588235293,0.3017670858333333,-0.0158799729901959,0.3176470588235293,0.0798244665888468,3.761,3.93,2.916155e-05,True,0.0158799729901959
525,525,4,0.0,0.0,0.0,0.0,0.0,4.23,4.23,3.76811e-06,True,0.0158799729901959
525,525,5,0.0,0.0,0.0,0.0,0.0,3.977,3.977,2.373252e-07,True,0.0158799729901959
525,525,6,0.0,0.0,0.0,0.0,0.0,4.329,4.329,5.652767e-07,True,0.0158799729901959
525,525,7,0.0,0.0,0.0,0.0,0.0,3.995,3.995,7.892202e-07,True,0.0158799729901959
525,525,8,0.0,0.0,0.0,0.0,0.0,4.294,4.294,7.333127e-07,True,0.0158799729901959
526,526,1,0.0,0.0,0.0,0.0,0.0,4.318,4.318,2.376933e-07,True,0.002265087352941
526,526,2,0.0,0.0,0.0,0.0,0.0,4.261,4.261,8.68864e-07,True,0.002265087352941
526,526,3,0.0,0.0,0.0,0.0,0.0,4.164,4.164,7.695544e-07,True,0.002265087352941
526,526,4,0.5686274509803921,0.5708925383333332,0.002265087352941,0.5686274509803921,0.2111365547401531,3.701,3.914,6.336947e-05,True,0.002265087352941
526,526,5,0.0,0.0,0.0,0.0,0.0,3.977,3.977,1.133128e-06,True,0.002265087352941
526,526,6,0.0,0.0,0.0,0.0,0.0,4.329,4.329,5.688837e-07,True,0.002265087352941
526,526,7,0.0,0.0,0.0,0.0,0.0,3.995,3.995,7.344966e-07,True,0.002265087352941
526,526,8,0.0,0.0,0.0,0.0,0.0,4.294,4.294,8.250146e-07,True,0.002265087352941
527,527,1,0.0,0.0,0.0,0.0,0.0,4.318,4.318,2.190963e-06,True,0.0118820703431373
527,527,2,0.3176470588235293,0.3295291291666666,0.0118820703431373,0.3176470588235293,0.0456790358346923,3.859,4.028,3.322206e-05,True,0.0118820703431373
527,527,3,0.0,0.0,0.0,0.0,0.0,4.164,4.164,1.730503e-06,True,0.0118820703431373
527,527,4,0.0,0.0,0.0,0.0,0.0,4.23,4.23,1.405471e-07,True,0.0118820703431373
527,527,5,0.0,0.0,0.0,0.0,0.0,3.977,3.977,1.223143e-07,True,0.0118820703431373
527,527,6,0.0,0.0,0.0,0.0,0.0,4.329,4.329,6.140428e-07,True,0.0118820703431373
527,527,7,0.0,0.0,0.0,0.0,0.0,3.995,3.995,7.248086e-07,True,0.0118820703431373
527,527,8,0.0,0.0,0.0,0.0,0.0,4.294,4.294,7.982567e-07,True,0.0118820703431373
528,528,1,0.0,0.0,0.0,0.0,0.0,4.318,4.318,3.022854e-07,True,0.0127812098529412
528,528,2,0.0,0.0,0.0,0.0,0.0,4.261,4.261,6.595433e-07,True,0.0127812098529412
528,528,3,0.3019607843137254,0.3147419941666666,0.0127812098529412,0.3019607843137254,0.0815800025497095,3.769,3.925,3.057911e-05,True,0.0127812098529412
528,528,4,0.0,0.0,0.0,0.0,0.0,4.23,4.23,3.894033e-06,True,0.0127812098529412
528,528,5,0.0,0.0,0.0,0.0,0.0,3.977,3.977,2.430012e-07,True,0.0127812098529412
528,528,6,0.0,0.0,0.0,0.0,0.0,4.329,4.329,5.640578e-07,True,0.0127812098529412
528,528,7,0.0,0.0,0.0,0.0,0.0,3.995,3.995,7.909208e-07,True,0.0127812098529412
528,528,8,0.0,0.0,0.0,0.0,0.0,4.294,4.294,7.360878e-07,True,0.0127812098529412
529,529,1,0.0,0.0,0.0,0.0,0.0,4.318,4.318,1.915274e-06,True,0.0147500376470587
529,529,2,0.3019607843137254,0.2872107466666667,-0.0147500376470587,0.3019607843137254,0.0425490820835454,3.866,4.044,2.847237e-05,True,0.0147500376470587
529,529,3,0.0,0.0,0.0,0.0,0.0,4.164,4.164,1.691223e-06,True,0.0147500376470587
529,529,4,0.0,0.0,0.0,0.0,0.0,4.23,4.23,1.389171e-07,True,0.0147500376470587
529,529,5,0.0,0.0,0.0,0.0,0.0,3.977,3.977,1.220665e-07,True,0.0147500376470587
529,529,6,0.0,0.0,0.0,0.0,0.0,4.329,4.329,6.074178e-07,True,0.0147500376470587
529,529,7,0.0,0.0,0.0,0.0,0.0,3.995,3.995,7.246819e-07,True,0.0147500376470587
529,529,8,0.0,0.0,0.0,0.0,0.0,4.294,4.294,7.933393e-07,True,0.0147500376470587
530,530,1,0.0,0.0,0.0,0.0,0.0,4.318,4.318,2.932478e-07,True,0.0197735585294117
530,530,2,0.0,0.0,0.0,0.0,0.0,4.261,4.261,6.846739e-07,True,0.0197735585294117
530,530,3,0.0,0.0,0.0,0.0,0.0,4.164,4.164,1.476006e-06,True,0.0197735585294117
530,530,4,0.0,0.0,0.0,0.0,0.0,4.23,4.23,6.79284e-07,True,0.0197735585294117
530,530,5,0.3529411764705882,0.3727147349999999,0.0197735585294117,0.3529411764705882,0.212678044692365,3.633,3.71,3.91869e-05,True,0.0197735585294117
530,530,6,0.0,0.0,0.0,0.0,0.0,4.329,4.329,8.564442e-07,True,0.0197735585294117
530,530,7,0.0,0.0,0.0,0.0,0.0,3.995,3.995,8.204717e-07,True,0.0197735585294117
530,530,8,0.0,0.0,0.0,0.0,0.0,4.294,4.294,7.287406e-07,True,0.0197735585294117
531,531,1,0.0,0.0,0.0,0.0,0.0,4.318,4.318,2.388024e-07,True,0.0115790339705882
531,531,2,0.0,0.0,0.0,0.0,0.0,4.261,4.261,8.225135e-07,True,0.0115790339705882
531,531,3,0.0,0.0,0.0,0.0,0.0,4.164,4.164,3.597352e-07,True,0.0115790339705882
531,531,4,0.3529411764705882,0.3413621424999999,-0.0115790339705882,0.3529411764705882,0.1114245132382353,3.824,3.991,3.665603e-05,True,0.0115790339705882
531,531,5,0.0,0.0,0.0,0.0,0.0,3.977,3.977,7.836091e-07,True,0.0115790339705882
531,531,6,0.0,0.0,0.0,0.0,0.0,4.329,4.329,5.607916e-07,True,0.0115790339705882
531,531,7,0.0,0.0,0.0,0.0,0.0,3.995,3.995,7.351093e-07,True,0.0115790339705882
531,531,8,0.0,0.0,0.0,0.0,0.0,4.294,4.294,8.06866e-07,True,0.0115790339705882
532,532,1,0.0,0.0,0.0,0.0,0.0,4.318,4.318,3.013207e-07,True,0.00846676877451
532,532,2,0.0,0.0,0.0,0.0,0.0,4.261,4.261,6.856146e-07,True,0.00846676877451
532,532,3,0.0,0.0,0.0,0.0,0.0,4.164,4.164,1.5024e-06,True,0.00846676877451
532,532,4,0.0,0.0,0.0,0.0,0.0,4.23,4.23,7.731035e-07,True,0.00846676877451
532,532,5,0.4274509803921567,0.4359177491666667,0.00846676877451,0.4274509803921567,0.2550061003075651,3.594,3.685,4.66073e-05,True,0.00846676877451
532,532,6,0.0,0.0,0.0,0.0,0.0,4.329,4.329,8.760528e-07,True,0.00846676877451
532,532,7,0.0,0.0,0.0,0.0,0.0,3.995,3.995,8.339011e-07,True,0.00846676877451
532,532,8,0.0,0.0,0.0,0.0,0.0,4.294,4.294,7.304372e-07,True,0.00846676877451
533,533,1,0.0,0.0,0.0,0.0,0.0,4.318,4.318,3.090466e-07,True,0.0079805866666667
533,533,2,0.0,0.0,0.0,0.0,0.0,4.261,4.261,6.619244e-07,True,0.0079805866666667
533,533,3,0.4,0.4079805866666667,0.0079805866666667,0.4,0.1022212082860416,3.717,3.892,4.087e-05,True,0.0079805866666667
533,533,4,0.0,0.0,0.0,0.0,0.0,4.23,4.23,4.746956e-06,True,0.0079805866666667
533,533,5,0.0,0.0,0.0,0.0,0.0,3.977,3.977,2.717032e-07,True,0.0079805866666667
533,533,6,0.0,0.0,0.0,0.0,0.0,4.329,4.329,5.640547e-07,True,0.0079805866666667
533,533,7,0.0,0.0,0.0,0.0,0.0,3.995,3.995,8.004225e-07,True,0.0079805866666667
533,533,8,0.0,0.0,0.0,0.0,0.0,4.294,4.294,7.33563e-07,True,0.0079805866666667
534,534,1,0.0,0.0,0.0,0.0,0.0,4.318,4.318,2.393499e-07,True,0.0180054754411767
534,534,2,0.0,0.0,0.0,0.0,0.0,4.261,4.261,8.43508e-07,True,0.0180054754411767
534,534,3,0.0,0.0,0.0,0.0,0.0,4.164,4.164,5.146613e-07,True,0.0180054754411767
534,534,4,0.4274509803921567,0.4454564558333334,0.0180054754411767,0.4274509803921567,0.1585001716381125,3.78,3.954,4.880217e-05,True,0.0180054754411767
534,534,5,0.0,0.0,0.0,0.0,0.0,3.977,3.977,9.407952e-07,True,0.0180054754411767
534,534,6,0.0,0.0,0.0,0.0,0.0,4.329,4.329,5.622717e-07,True,0.0180054754411767
534,534,7,0.0,0.0,0.0,0.0,0.0,3.995,3.995,7.362883e-07,True,0.0180054754411767
534,534,8,0.0,0.0,0.0,0.0,0.0,4.294,4.294,8.157303e-07,True,0.0180054754411767
535,535,1,0.0,0.0,0.0,0.0,0.0,4.318,4.318,2.74554e-06,True,0.0184384375
535,535,2,0.4,0.4184384375,0.0184384375,0.4,0.0572392716396875,3.822,3.997,4.324784e-05,True,0.0184384375
535,535,3,0.0,0.0,0.0,0.0,0.0,4.164,4.164,1.805655e-06,True,0.0184384375
535,535,4,0.0,0.0,0.0,0.0,0.0,4.23,4.23,1.413095e-07,True,0.0184384375
535,535,5,0.0,0.0,0.0,0.0,0.0,3.977,3.977,1.221971e-07,True,0.0184384375
535,535,6,0.0,0.0,0.0,0.0,0.0,4.329,4.329,6.187974e-07,True,0.0184384375
535,535,7,0.0,0.0,0.0,0.0,0.0,3.995,3.995,7.246662e-07,True,0.0184384375
535,535,8,0.0,0.0,0.0,0.0,0.0,4.294,4.294,8.066073e-07,True,0.0184384375
536,536,1,0.0,0.0,0.0,0.0,0.0,4.318,4.318,2.966191e-07,True,0.0094773704901959
536,536,2,0.0,0.0,0.0,0.0,0.0,4.261,4.261,6.862479e-07,True,0.0094773704901959
536,536,3,0.0,0.0,0.0,0.0,0.0,4.164,4.164,1.490148e-06,True,0.0094773704901959
536,536,4,0.0,0.0,0.0,0.0,0.0,4.23,4.23,7.68327e-07,True,0.0094773704901959
536,536,5,0.415686274509804,0.425163645,0.0094773704901959,0.415686274509804,0.2472716639914415,3.6,3.689,4.533829e-05,True,0.0094773704901959
536,536,6,0.0,0.0,0.0,0.0,0.0,4.329,4.329,8.783932e-07,True,0.0094773704901959
536,536,7,0.0,0.0,0.0,0.0,0.0,3.995,3.995,8.341651e-07,True,0.0094773704901959
536,536,8,0.0,0.0,0.0,0.0,0.0,4.294,4.294,7.274471e-07,True,0.0094773704901959
537,537,1,0.0,0.0,0.0,0.0,0.0,4.318,4.318,2.387338e-07,True,0.0143027063235292
537,537,2,0.0,0.0,0.0,0.0,0.0,4.261,4.261,8.421914e-07,True,0.0143027063235292
537,537,3,0.0,0.0,0.0,0.0,0.0,4.164,4.164,4.882129e-07,True,0.0143027063235292
537,537,4,0.415686274509804,0.4299889808333332,0.0143027063235292,0.415686274509804,0.1522955638539216,3.787,3.959,4.699312e-05,True,0.0143027063235292
537,537,5,0.0,0.0,0.0,0.0,0.0,3.977,3.977,9.254598e-07,True,0.0143027063235292
537,537,6,0.0,0.0,0.0,0.0,0.0,4.329,4.329,5.627826e-07,True,0.0143027063235292
537,537,7,0.0,0.0,0.0,0.0,0.0,3.995,3.995,7.360596e-07,True,0.0143027063235292
537,537,8,0.0,0.0,0.0,0.0,0.0,4.294,4.294,8.121176e-07,True,0.0143027063235292
538,538,1,0.0,0.0,0.0,0.0,0.0,4.318,4.318,3.187176e-07,True,0.0146408369117648
538,538,2,0.0,0.0,0.0,0.0,0.0,4.261,4.261,6.862949e-07,True,0.0146408369117648
538,538,3,0.0,0.0,0.0,0.0,0.0,4.164,4.164,1.546197e-06,True,0.0146408369117648
538,538,4,0.0,0.0,0.0,0.0,0.0,4.23,4.23,1.188552e-06,True,0.0146408369117648
538,538,5,0.6745098039215686,0.6891506408333334,0.0146408369117648,0.6745098039215686,0.4195089579455462,3.478,3.598,7.641798e-05,True,0.0146408369117648
538,538,6,0.0,0.0,0.0,0.0,0.0,4.329,4.329,9.401987e-07,True,0.0146408369117648
538,538,7,0.0,0.0,0.0,0.0,0.0,3.995,3.995,8.762117e-07,True,0.0146408369117648
538,538,8,0.0,0.0,0.0,0.0,0.0,4.294,4.294,7.23925e-07,True,0.0146408369117648
539,539,1,0.0,0.0,0.0,0.0,0.0,4.318,4.318,3.284874e-07,True,0.0132249421078433
539,539,2,0.0,0.0,0.0,0.0,0.0,4.261,4.261,6.613723e-07,True,0.0132249421078433
539,539,3,0.76078431372549,0.7740092558333334,0.0132249421078433,0.76078431372549,0.2692028308763109,3.55,3.786,8.15954e-05,True,0.0132249421078433
539,539,4,0.0,0.0,0.0,0.0,0.0,4.23,4.23,7.801264e-06,True,0.0132249421078433
539,539,5,0.0,0.0,0.0,0.0,0.0,3.977,3.977,3.782532e-07,True,0.0132249421078433
539,539,6,0.0,0.0,0.0,0.0,0.0,4.329,4.329,5.590806e-07,True,0.0132249421078433
539,539,7,0.0,0.0,0.0,0.0,0.0,3.995,3.995,8.288639e-07,True,0.0132249421078433
539,539,8,0.0,0.0,0.0,0.0,0.0,4.294,4.294,7.283893e-07,True,0.0132249421078433
540,540,1,0.0,0.0,0.0,0.0,0.0,4.318,4.318,2.366273e-07,True,0.0002994060784314
540,540,2,0.0,0.0,0.0,0.0,0.0,4.261,4.261,8.848804e-07,True,0.0002994060784314
540,540,3,0.0,0.0,0.0,0.0,0.0,4.164,4.164,1.018915e-06,True,0.0002994060784314
540,540,4,0.6745098039215686,0.67480921,0.0002994060784314,0.6745098039215686,0.2560572241178823,3.643,3.883,7.541476e-05,True,0.0002994060784314
540,540,5,0.0,0.0,0.0,0.0,0.0,3.977,3.977,1.280557e-06,True,0.0002994060784314
540,540,6,0.0,0.0,0.0,0.0,0.0,4.329,4.329,5.723725e-07,True,0.0002994060784314
540,540,7,0.0,0.0,0.0,0.0,0.0,3.995,3.995,7.36227e-07,True,0.0002994060784314
540,540,8,0.0,0.0,0.0,0.0,0.0,4.294,4.294,8.32766e-07,True,0.0002994060784314
541,541,1,0.0,0.0,0.0,0.0,0.0,4.318,4.318,3.19667e-07,True,0.0137272997549018
541,541,2,0.0,0.0,0.0,0.0,0.0,4.261,4.261,6.879535e-07,True,0.0137272997549018
541,541,3,0.0,0.0,0.0,0.0,0.0,4.164,4.164,1.541085e-06,True,0.0137272997549018
541,541,4,0.0,0.0,0.0,0.0,0.0,4.23,4.23,1.272245e-06,True,0.0137272997549018
541,541,5,0.7254901960784313,0.7392174958333332,0.0137272997549018,0.7254901960784313,0.4526740487690683,3.455,3.582,8.233303e-05,True,0.0137272997549018
541,541,6,0.0,0.0,0.0,0.0,0.0,4.329,4.329,9.464437e-07,True,0.0137272997549018
541,541,7,0.0,0.0,0.0,0.0,0.0,3.995,3.995,8.811338e-07,True,0.0137272997549018
541,541,8,0.0,0.0,0.0,0.0,0.0,4.294,4.294,7.245415e-07,True,0.0137272997549018
542,542,1,0.0,0.0,0.0,0.0,0.0,4.318,4.318,4.937762e-06,True,0.0113310179411765
542,542,2,0.76078431372549,0.7721153316666666,0.0113310179411765,0.76078431372549,0.2359290031954351,3.677,3.895,8.319085e-05,True,0.0113310179411765
542,542,3,0.0,0.0,0.0,0.0,0.0,4.164,4.164,2.075837e-06,True,0.0113310179411765
542,542,4,0.0,0.0,0.0,0.0,0.0,4.23,4.23,1.424575e-07,True,0.0113310179411765
542,542,5,0.0,0.0,0.0,0.0,0.0,3.977,3.977,1.207394e-07,True,0.0113310179411765
542,542,6,0.0,0.0,0.0,0.0,0.0,4.329,4.329,6.352711e-07,True,0.0113310179411765
542,542,7,0.0,0.0,0.0,0.0,0.0,3.995,3.995,7.231098e-07,True,0.0113310179411765
542,542,8,0.0,0.0,0.0,0.0,0.0,4.294,4.294,8.27813e-07,True,0.0113310179411765
543,543,1,0.0,0.0,0.0,0.0,0.0,4.318,4.318,2.37281e-07,True,0.0039906339215686
543,543,2,0.0,0.0,0.0,0.0,0.0,4.261,4.261,8.921955e-07,True,0.0039906339215686
543,543,3,0.0,0.0,0.0,0.0,0.0,4.164,4.164,1.154924e-06,True,0.0039906339215686
543,543,4,0.7254901960784313,0.72948083,0.0039906339215686,0.7254901960784313,0.2819812366774081,3.615,3.868,8.175972e-05,True,0.0039906339215686
543,543,5,0.0,0.0,0.0,0.0,0.0,3.977,3.977,1.353176e-06,True,0.0039906339215686
543,543,6,0.0,0.0,0.0,0.0,0.0,4.329,4.329,5.706751e-07,True,0.0039906339215686
543,543,7,0.0,0.0,0.0,0.0,0.0,3.995,3.995,7.344846e-07,True,0.0039906339215686
543,543,8,0.0,0.0,0.0,0.0,0.0,4.294,4.294,8.352434e-07,True,0.0039906339215686
544,544,1,0.0,0.0,0.0,0.0,0.0,4.318,4.318,2.921606e-07,True,0.0099221637254901
544,544,2,0.0,0.0,0.0,0.0,0.0,4.261,4.261,6.583446e-07,True,0.0099221637254901
544,544,3,0.2274509803921568,0.2175288166666666,-0.0099221637254901,0.2274509803921568,0.0679312139460783,3.81,3.965,1.992301e-05,True,0.0099221637254901
544,544,4,0.0,0.0,0.0,0.0,0.0,4.23,4.23,2.941297e-06,True,0.0099221637254901
544,544,5,0.0,0.0,0.0,0.0,0.0,3.977,3.977,2.104002e-07,True,0.0099221637254901
544,544,6,0.0,0.0,0.0,0.0,0.0,4.329,4.329,5.647611e-07,True,0.0099221637254901
544,544,7,0.0,0.0,0.0,0.0,0.0,3.995,3.995,7.792951e-07,True,0.0099221637254901
544,544,8,0.0,0.0,0.0,0.0,0.0,4.294,4.294,7.341894e-07,True,0.0099221637254901
546,546,1,0.0,0.0,0.0,0.0,0.0,4.318,4.318,2.996335e-07,True,0.0080892267156862
546,546,2,0.0,0.0,0.0,0.0,0.0,4.261,4.261,6.606647e-07,True,0.0080892267156862
546,546,3,0.2784313725490196,0.2703421458333333,-0.0080892267156862,0.2784313725490196,0.0756757909553921,3.781,3.942,2.571038e-05,True,0.0080892267156862
546,546,4,0.0,0.0,0.0,0.0,0.0,4.23,4.23,3.464183e-06,True,0.0080892267156862
546,546,5,0.0,0.0,0.0,0.0,0.0,3.977,3.977,2.280276e-07,True,0.0080892267156862
546,546,6,0.0,0.0,0.0,0.0,0.0,4.329,4.329,5.64927e-07,True,0.0080892267156862
546,546,7,0.0,0.0,0.0,0.0,0.0,3.995,3.995,7.818459e-07,True,0.0080892267156862
546,546,8,0.0,0.0,0.0,0.0,0.0,4.294,4.294,7.313958e-07,True,0.0080892267156862
547,547,1,0.0,0.0,0.0,0.0,0.0,4.318,4.318,2.799349e-07,True,0.0148926983823529
547,547,2,0.0,0.0,0.0,0.0,0.0,4.261,4.261,6.830596e-07,True,0.0148926983823529
547,547,3,0.0,0.0,0.0,0.0,0.0,4.164,4.164,1.428914e-06,True,0.0148926983823529
547,547,4,0.0,0.0,0.0,0.0,0.0,4.23,4.23,4.001172e-07,True,0.0148926983823529
547,547,5,0.188235294117647,0.2031279924999999,0.0148926983823529,0.188235294117647,0.1035449420797057,3.728,3.789,1.928897e-05,True,0.0148926983823529
547,547,6,0.0,0.0,0.0,0.0,0.0,4.329,4.329,7.744416e-07,True,0.0148926983823529
547,547,7,0.0,0.0,0.0,0.0,0.0,3.995,3.995,7.916661e-07,True,0.0148926983823529
547,547,8,0.0,0.0,0.0,0.0,0.0,4.294,4.294,7.282557e-07,True,0.0148926983823529
548,548,1,0.0,0.0,0.0,0.0,0.0,4.318,4.318,1.777904e-06,True,0.0158944600490196
548,548,2,0.2784313725490196,0.2625369125,-0.0158944600490196,0.2784313725490196,0.0407819318042616,3.876,4.053,2.570729e-05,True,0.0158944600490196
548,548,3,0.0,0.0,0.0,0.0,0.0,4.164,4.164,1.640775e-06,True,0.0158944600490196
548,548,4,0.0,0.0,0.0,0.0,0.0,4.23,4.23,1.39946e-07,True,0.0158944600490196
548,548,5,0.0,0.0,0.0,0.0,0.0,3.977,3.977,1.234709e-07,True,0.0158944600490196
548,548,6,0.0,0.0,0.0,0.0,0.0,4.329,4.329,6.053709e-07,True,0.0158944600490196
548,548,7,0.0,0.0,0.0,0.0,0.0,3.995,3.995,7.23243e-07,True,0.0158944600490196
548,548,8,0.0,0.0,0.0,0.0,0.0,4.294,4.294,7.864297e-07,True,0.0158944600490196
549,549,1,0.0,0.0,0.0,0.0,0.0,4.318,4.318,2.373901e-07,True,0.0034390008823529
549,549,2,0.0,0.0,0.0,0.0,0.0,4.261,4.261,7.815999e-07,True,0.0034390008823529
549,549,3,0.0,0.0,0.0,0.0,0.0,4.164,4.164,2.779083e-07,True,0.0034390008823529
549,549,4,0.188235294117647,0.191674295,0.0034390008823529,0.188235294117647,0.0527644841033087,3.931,4.056,1.911442e-05,True,0.0034390008823529
549,549,5,0.0,0.0,0.0,0.0,0.0,3.977,3.977,5.271098e-07,True,0.0034390008823529
549,549,6,0.0,0.0,0.0,0.0,0.0,4.329,4.329,5.535196e-07,True,0.0034390008823529
549,549,7,0.0,0.0,0.0,0.0,0.0,3.995,3.995,7.311019e-07,True,0.0034390008823529
549,549,8,0.0,0.0,0.0,0.0,0.0,4.294,4.294,7.778658e-07,True,0.0034390008823529
550,550,1,0.0,0.0,0.0,0.0,0.0,4.318,4.318,3.0793e-07,True,0.0090353172058824
550,550,2,0.0,0.0,0.0,0.0,0.0,4.261,4.261,6.830169e-07,True,0.0090353172058824
550,550,3,0.0,0.0,0.0,0.0,0.0,4.164,4.164,1.511231e-06,True,0.0090353172058824
550,550,4,0.0,0.0,0.0,0.0,0.0,4.23,4.23,9.519953e-07,True,0.0090353172058824
550,550,5,0.5372549019607842,0.5462902191666666,0.0090353172058824,0.5372549019607842,0.3300455662007025,3.542,3.645,5.963578e-05,True,0.0090353172058824
550,550,6,0.0,0.0,0.0,0.0,0.0,4.329,4.329,8.938335e-07,True,0.0090353172058824
550,550,7,0.0,0.0,0.0,0.0,0.0,3.995,3.995,8.51637e-07,True,0.0090353172058824
550,550,8,0.0,0.0,0.0,0.0,0.0,4.294,4.294,7.194026e-07,True,0.0090353172058824
551,551,1,0.0,0.0,0.0,0.0,0.0,4.318,4.318,2.360036e-07,True,0.0123965377941175
551,551,2,0.0,0.0,0.0,0.0,0.0,4.261,4.261,8.550043e-07,True,0.0123965377941175
551,551,3,0.0,0.0,0.0,0.0,0.0,4.164,4.164,6.788065e-07,True,0.0123965377941175
551,551,4,0.5372549019607842,0.5248583641666666,-0.0123965377941175,0.5372549019607842,0.1928104131469301,3.719,3.928,5.804772e-05,True,0.0123965377941175
551,551,5,0.0,0.0,0.0,0.0,0.0,3.977,3.977,1.057815e-06,True,0.0123965377941175
551,551,6,0.0,0.0,0.0,0.0,0.0,4.329,4.329,5.617385e-07,True,0.0123965377941175
551,551,7,0.0,0.0,0.0,0.0,0.0,3.995,3.995,7.345761e-07,True,0.0123965377941175
551,551,8,0.0,0.0,0.0,0.0,0.0,4.294,4.294,8.113397e-07,True,0.0123965377941175
552,552,1,0.0,0.0,0.0,0.0,0.0,4.318,4.318,3.249649e-07,True,0.0137182115686277
552,552,2,0.0,0.0,0.0,0.0,0.0,4.261,4.261,6.539967e-07,True,0.0137182115686277
552,552,3,0.8235294117647057,0.8372476233333335,0.0137182115686277,0.8235294117647057,0.3003182389704836,3.521,3.77,8.869657e-05,True,0.0137182115686277
552,552,4,0.0,0.0,0.0,0.0,0.0,4.23,4.23,8.299856e-06,True,0.0137182115686277
552,552,5,0.0,0.0,0.0,0.0,0.0,3.977,3.977,3.920547e-07,True,0.0137182115686277
552,552,6,0.0,0.0,0.0,0.0,0.0,4.329,4.329,5.513682e-07,True,0.0137182115686277
552,552,7,0.0,0.0,0.0,0.0,0.0,3.995,3.995,8.290968e-07,True,0.0137182115686277
552,552,8,0.0,0.0,0.0,0.0,0.0,4.294,4.294,7.218075e-07,True,0.0137182115686277
553,553,1,0.0,0.0,0.0,0.0,0.0,4.318,4.318,3.090894e-07,True,0.0118882796078432
553,553,2,0.0,0.0,0.0,0.0,0.0,4.261,4.261,6.827157e-07,True,0.0118882796078432
553,553,3,0.0,0.0,0.0,0.0,0.0,4.164,4.164,1.529651e-06,True,0.0118882796078432
553,553,4,0.0,0.0,0.0,0.0,0.0,4.23,4.23,1.106579e-06,True,0.0118882796078432
553,553,5,0.6274509803921569,0.6393392600000001,0.0118882796078432,0.6274509803921569,0.3882960418495084,3.499,3.614,7.05815e-05,True,0.0118882796078432
553,553,6,0.0,0.0,0.0,0.0,0.0,4.329,4.329,9.302132e-07,True,0.0118882796078432
553,553,7,0.0,0.0,0.0,0.0,0.0,3.995,3.995,8.637545e-07,True,0.0118882796078432
553,553,8,0.0,0.0,0.0,0.0,0.0,4.294,4.294,7.172084e-07,True,0.0118882796078432
554,554,1,0.0,0.0,0.0,0.0,0.0,4.318,4.318,5.293502e-06,True,0.0112228440686278
554,554,2,0.8235294117647057,0.8347522558333336,0.0112228440686278,0.8235294117647057,0.2731541442115653,3.653,3.879,9.031656e-05,True,0.0112228440686278
554,554,3,0.0,0.0,0.0,0.0,0.0,4.164,4.164,2.120252e-06,True,0.0112228440686278
554,554,4,0.0,0.0,0.0,0.0,0.0,4.23,4.23,1.401809e-07,True,0.0112228440686278
554,554,5,0.0,0.0,0.0,0.0,0.0,3.977,3.977,1.18015e-07,True,0.0112228440686278
554,554,6,0.0,0.0,0.0,0.0,0.0,4.329,4.329,6.363476e-07,True,0.0112228440686278
554,554,7,0.0,0.0,0.0,0.0,0.0,3.995,3.995,7.196695e-07,True,0.0112228440686278
554,554,8,0.0,0.0,0.0,0.0,0.0,4.294,4.294,8.257437e-07,True,0.0112228440686278
555,555,1,0.0,0.0,0.0,0.0,0.0,4.318,4.318,2.791269e-07,True,0.0023559017156861
555,555,2,0.0,0.0,0.0,0.0,0.0,4.261,4.261,6.569985e-07,True,0.0023559017156861
555,555,3,0.1450980392156862,0.1427421375,-0.0023559017156861,0.1450980392156862,0.0549645376501126,3.864,4.003,1.179859e-05,True,0.0023559017156861
555,555,4,0.0,0.0,0.0,0.0,0.0,4.23,4.23,2.151723e-06,True,0.0023559017156861
555,555,5,0.0,0.0,0.0,0.0,0.0,3.977,3.977,1.82705e-07,True,0.0023559017156861
555,555,6,0.0,0.0,0.0,0.0,0.0,4.329,4.329,5.62343e-07,True,0.0023559017156861
555,555,7,0.0,0.0,0.0,0.0,0.0,3.995,3.995,7.695857e-07,True,0.0023559017156861
555,555,8,0.0,0.0,0.0,0.0,0.0,4.294,4.294,7.279844e-07,True,0.0023559017156861
556,556,1,0.0,0.0,0.0,0.0,0.0,4.318,4.318,2.35878e-07,True,0.0020892029411763
556,556,2,0.0,0.0,0.0,0.0,0.0,4.261,4.261,8.776406e-07,True,0.0020892029411763
556,556,3,0.0,0.0,0.0,0.0,0.0,4.164,4.164,9.144316e-07,True,0.0020892029411763
556,556,4,0.6274509803921569,0.6295401833333332,0.0020892029411763,0.6274509803921569,0.2364184012473529,3.669,3.896,7.017767e-05,True,0.0020892029411763
556,556,5,0.0,0.0,0.0,0.0,0.0,3.977,3.977,1.216331e-06,True,0.0020892029411763
556,556,6,0.0,0.0,0.0,0.0,0.0,4.329,4.329,5.672244e-07,True,0.0020892029411763
556,556,7,0.0,0.0,0.0,0.0,0.0,3.995,3.995,7.333909e-07,True,0.0020892029411763
556,556,8,0.0,0.0,0.0,0.0,0.0,4.294,4.294,8.222555e-07,True,0.0020892029411763
557,557,1,0.0,0.0,0.0,0.0,0.0,4.318,4.318,9.797127e-07,True,0.0058708883823528
557,557,2,0.1450980392156862,0.1392271508333333,-0.0058708883823528,0.1450980392156862,0.0292871317029273,3.946,4.112,1.185195e-05,True,0.0058708883823528
557,557,3,0.0,0.0,0.0,0.0,0.0,4.164,4.164,1.523793e-06,True,0.0058708883823528
557,557,4,0.0,0.0,0.0,0.0,0.0,4.23,4.23,1.386289e-07,True,0.0058708883823528
557,557,5,0.0,0.0,0.0,0.0,0.0,3.977,3.977,1.227918e-07,True,0.0058708883823528
557,557,6,0.0,0.0,0.0,0.0,0.0,4.329,4.329,5.926784e-07,True,0.0058708883823528
557,557,7,0.0,0.0,0.0,0.0,0.0,3.995,3.995,7.267649e-07,True,0.0058708883823528
557,557,8,0.0,0.0,0.0,0.0,0.0,4.294,4.294,7.709384e-07,True,0.0058708883823528
558,558,1,0.0,0.0,0.0,0.0,0.0,4.318,4.318,3.136206e-07,True,0.0045917718137256
558,558,2,0.0,0.0,0.0,0.0,0.0,4.261,4.261,6.607705e-07,True,0.0045917718137256
558,558,3,0.4980392156862745,0.5026309875000001,0.0045917718137256,0.4980392156862745,0.1486009731948468,3.67,3.862,5.136812e-05,True,0.0045917718137256
558,558,4,0.0,0.0,0.0,0.0,0.0,4.23,4.23,5.581998e-06,True,0.0045917718137256
558,558,5,0.0,0.0,0.0,0.0,0.0,3.977,3.977,2.967749e-07,True,0.0045917718137256
558,558,6,0.0,0.0,0.0,0.0,0.0,4.329,4.329,5.607315e-07,True,0.0045917718137256
558,558,7,0.0,0.0,0.0,0.0,0.0,3.995,3.995,8.071774e-07,True,0.0045917718137256
558,558,8,0.0,0.0,0.0,0.0,0.0,4.294,4.294,7.265256e-07,True,0.0045917718137256
559,559,1,0.0,0.0,0.0,0.0,0.0,4.318,4.318,3.345675e-06,True,0.0154012351470588
559,559,2,0.4980392156862745,0.5134404508333333,0.0154012351470588,0.4980392156862745,0.1092678250792218,3.781,3.967,5.397655e-05,True,0.0154012351470588
559,559,3,0.0,0.0,0.0,0.0,0.0,4.164,4.164,1.87945e-06,True,0.0154012351470588
559,559,4,0.0,0.0,0.0,0.0,0.0,4.23,4.23,1.424011e-07,True,0.0154012351470588
559,559,5,0.0,0.0,0.0,0.0,0.0,3.977,3.977,1.212466e-07,True,0.0154012351470588
559,559,6,0.0,0.0,0.0,0.0,0.0,4.329,4.329,6.203224e-07,True,0.0154012351470588
559,559,7,0.0,0.0,0.0,0.0,0.0,3.995,3.995,7.234796e-07,True,0.0154012351470588
559,559,8,0.0,0.0,0.0,0.0,0.0,4.294,4.294,8.037294e-07,True,0.0154012351470588
560,560,1,0.0,0.0,0.0,0.0,0.0,4.318,4.318,3.133906e-07,True,0.0034370443627451
560,560,2,0.0,0.0,0.0,0.0,0.0,4.261,4.261,6.579673e-07,True,0.0034370443627451
560,560,3,0.4862745098039216,0.4897115541666667,0.0034370443627451,0.4862745098039216,0.1426364254217403,3.675,3.866,4.993354e-05,True,0.0034370443627451
560,560,4,0.0,0.0,0.0,0.0,0.0,4.23,4.23,5.475962e-06,True,0.0034370443627451
560,560,5,0.0,0.0,0.0,0.0,0.0,3.977,3.977,2.927038e-07,True,0.0034370443627451
560,560,6,0.0,0.0,0.0,0.0,0.0,4.329,4.329,5.606465e-07,True,0.0034370443627451
560,560,7,0.0,0.0,0.0,0.0,0.0,3.995,3.995,8.050306e-07,True,0.0034370443627451
560,560,8,0.0,0.0,0.0,0.0,0.0,4.294,4.294,7.261457e-07,True,0.0034370443627451
561,561,1,0.0,0.0,0.0,0.0,0.0,4.318,4.318,3.292096e-06,True,0.0177939226960783
561,561,2,0.4862745098039216,0.5040684325,0.0177939226960783,0.4862745098039216,0.1033608560000737,3.785,3.97,5.291359e-05,True,0.0177939226960783
561,561,3,0.0,0.0,0.0,0.0,0.0,4.164,4.164,1.872756e-06,True,0.0177939226960783
561,561,4,0.0,0.0,0.0,0.0,0.0,4.23,4.23,1.415141e-07,True,0.0177939226960783
561,561,5,0.0,0.0,0.0,0.0,0.0,3.977,3.977,1.207122e-07,True,0.0177939226960783
561,561,6,0.0,0.0,0.0,0.0,0.0,4.329,4.329,6.199855e-07,True,0.0177939226960783
561,561,7,0.0,0.0,0.0,0.0,0.0,3.995,3.995,7.231654e-07,True,0.0177939226960783
561,561,8,0.0,0.0,0.0,0.0,0.0,4.294,4.294,8.043927e-07,True,0.0177939226960783
562,562,1,0.0,0.0,0.0,0.0,0.0,4.318,4.318,3.103465e-07,True,0.0062443147058823
562,562,2,0.0,0.0,0.0,0.0,0.0,4.261,4.261,6.546173e-07,True,0.0062443147058823
562,562,3,0.4705882352941177,0.47683255,0.0062443147058823,0.4705882352941177,0.135223882467598,3.683,3.87,4.851706e-05,True,0.0062443147058823
562,562,4,0.0,0.0,0.0,0.0,0.0,4.23,4.23,5.35761e-06,True,0.0062443147058823
562,562,5,0.0,0.0,0.0,0.0,0.0,3.977,3.977,2.885737e-07,True,0.0062443147058823
562,562,6,0.0,0.0,0.0,0.0,0.0,4.329,4.329,5.608541e-07,True,0.0062443147058823
562,562,7,0.0,0.0,0.0,0.0,0.0,3.995,3.995,8.040622e-07,True,0.0062443147058823
562,562,8,0.0,0.0,0.0,0.0,0.0,4.294,4.294,7.267822e-07,True,0.0062443147058823
563,563,1,0.0,0.0,0.0,0.0,0.0,4.318,4.318,3.184301e-06,True,0.0170943413725489
563,563,2,0.4705882352941177,0.4876825766666666,0.0170943413725489,0.4705882352941177,0.0949010749105149,3.792,3.975,5.107023e-05,True,0.0170943413725489
563,563,3,0.0,0.0,0.0,0.0,0.0,4.164,4.164,1.854179e-06,True,0.0170943413725489
563,563,4,0.0,0.0,0.0,0.0,0.0,4.23,4.23,1.428471e-07,True,0.0170943413725489
563,563,5,0.0,0.0,0.0,0.0,0.0,3.977,3.977,1.216346e-07,True,0.0170943413725489
563,563,6,0.0,0.0,0.0,0.0,0.0,4.329,4.329,6.199695e-07,True,0.0170943413725489
563,563,7,0.0,0.0,0.0,0.0,0.0,3.995,3.995,7.244755e-07,True,0.0170943413725489
563,563,8,0.0,0.0,0.0,0.0,0.0,4.294,4.294,8.042725e-07,True,0.0170943413725489
564,564,1,0.0,0.0,0.0,0.0,0.0,4.318,4.318,3.162559e-07,True,0.0046549810294119
564,564,2,0.0,0.0,0.0,0.0,0.0,4.261,4.261,6.584045e-07,True,0.0046549810294119
564,564,3,0.5529411764705882,0.5575961575000001,0.0046549810294119,0.5529411764705882,0.1720478442888234,3.644,3.846,5.746942e-05,True,0.0046549810294119
564,564,4,0.0,0.0,0.0,0.0,0.0,4.23,4.23,6.052117e-06,True,0.0046549810294119
564,564,5,0.0,0.0,0.0,0.0,0.0,3.977,3.977,3.130994e-07,True,0.0046549810294119
564,564,6,0.0,0.0,0.0,0.0,0.0,4.329,4.329,5.617499e-07,True,0.0046549810294119
564,564,7,0.0,0.0,0.0,0.0,0.0,3.995,3.995,8.12039e-07,True,0.0046549810294119
564,564,8,0.0,0.0,0.0,0.0,0.0,4.294,4.294,7.284532e-07,True,0.0046549810294119
565,565,1,0.0,0.0,0.0,0.0,0.0,4.318,4.318,3.713811e-06,True,0.0193217868627452
565,565,2,0.5529411764705882,0.5722629633333334,0.0193217868627452,0.5529411764705882,0.1386594508865318,3.759,3.95,6.061755e-05,True,0.0193217868627452
565,565,3,0.0,0.0,0.0,0.0,0.0,4.164,4.164,1.916578e-06,True,0.0193217868627452
565,565,4,0.0,0.0,0.0,0.0,0.0,4.23,4.23,1.423551e-07,True,0.0193217868627452
565,565,5,0.0,0.0,0.0,0.0,0.0,3.977,3.977,1.209832e-07,True,0.0193217868627452
565,565,6,0.0,0.0,0.0,0.0,0.0,4.329,4.329,6.249697e-07,True,0.0193217868627452
565,565,7,0.0,0.0,0.0,0.0,0.0,3.995,3.995,7.233857e-07,True,0.0193217868627452
565,565,8,0.0,0.0,0.0,0.0,0.0,4.294,4.294,8.119229e-07,True,0.0193217868627452
566,566,1,0.0,0.0,0.0,0.0,0.0,4.318,4.318,2.976628e-07,True,0.0112123651470589
566,566,2,0.0,0.0,0.0,0.0,0.0,4.261,4.261,6.81958e-07,True,0.0112123651470589
566,566,3,0.0,0.0,0.0,0.0,0.0,4.164,4.164,1.4885e-06,True,0.0112123651470589
566,566,4,0.0,0.0,0.0,0.0,0.0,4.23,4.23,7.914415e-07,True,0.0112123651470589
566,566,5,0.4313725490196078,0.4425849141666667,0.0112123651470589,0.4313725490196078,0.2581369976525287,3.593,3.683,4.742168e-05,True,0.0112123651470589
566,566,6,0.0,0.0,0.0,0.0,0.0,4.329,4.329,8.713203e-07,True,0.0112123651470589
566,566,7,0.0,0.0,0.0,0.0,0.0,3.995,3.995,8.365714e-07,True,0.0112123651470589
566,566,8,0.0,0.0,0.0,0.0,0.0,4.294,4.294,7.210557e-07,True,0.0112123651470589
567,567,1,0.0,0.0,0.0,0.0,0.0,4.318,4.318,2.380184e-07,True,0.0139429551470588
567,567,2,0.0,0.0,0.0,0.0,0.0,4.261,4.261,8.429366e-07,True,0.0139429551470588
567,567,3,0.0,0.0,0.0,0.0,0.0,4.164,4.164,5.203675e-07,True,0.0139429551470588
567,567,4,0.4313725490196078,0.4453155041666666,0.0139429551470588,0.4313725490196078,0.1587050639932598,3.778,3.954,4.879486e-05,True,0.0139429551470588
567,567,5,0.0,0.0,0.0,0.0,0.0,3.977,3.977,9.368671e-07,True,0.0139429551470588
567,567,6,0.0,0.0,0.0,0.0,0.0,4.329,4.329,5.615213e-07,True,0.0139429551470588
567,567,7,0.0,0.0,0.0,0.0,0.0,3.995,3.995,7.360908e-07,True,0.0139429551470588
567,567,8,0.0,0.0,0.0,0.0,0.0,4.294,4.294,8.071988e-07,True,0.0139429551470588
568,568,1,0.0,0.0,0.0,0.0,0.0,4.318,4.318,2.822894e-07,True,0.0006665580882352
568,568,2,0.0,0.0,0.0,0.0,0.0,4.261,4.261,6.631692e-07,True,0.0006665580882352
568,568,3,0.1411764705882352,0.1405099125,-0.0006665580882352,0.1411764705882352,0.05455185331316,3.867,4.004,1.15399e-05,True,0.0006665580882352
568,568,4,0.0,0.0,0.0,0.0,0.0,4.23,4.23,2.12834e-06,True,0.0006665580882352
568,568,5,0.0,0.0,0.0,0.0,0.0,3.977,3.977,1.83961e-07,True,0.0006665580882352
568,568,6,0.0,0.0,0.0,0.0,0.0,4.329,4.329,5.647089e-07,True,0.0006665580882352
568,568,7,0.0,0.0,0.0,0.0,0.0,3.995,3.995,7.689491e-07,True,0.0006665580882352
568,568,8,0.0,0.0,0.0,0.0,0.0,4.294,4.294,7.298719e-07,True,0.0006665580882352
569,569,1,0.0,0.0,0.0,0.0,0.0,4.318,4.318,9.688679e-07,True,0.0039327980882352
569,569,2,0.1411764705882352,0.1372436725,-0.0039327980882352,0.1411764705882352,0.0290258254142251,3.948,4.113,1.162171e-05,True,0.0039327980882352
569,569,3,0.0,0.0,0.0,0.0,0.0,4.164,4.164,1.523365e-06,True,0.0039327980882352
569,569,4,0.0,0.0,0.0,0.0,0.0,4.23,4.23,1.391562e-07,True,0.0039327980882352
569,569,5,0.0,0.0,0.0,0.0,0.0,3.977,3.977,1.243647e-07,True,0.0039327980882352
569,569,6,0.0,0.0,0.0,0.0,0.0,4.329,4.329,5.951463e-07,True,0.0039327980882352
569,569,7,0.0,0.0,0.0,0.0,0.0,3.995,3.995,7.275765e-07,True,0.0039327980882352
569,569,8,0.0,0.0,0.0,0.0,0.0,4.294,4.294,7.690541e-07,True,0.0039327980882352
570,570,1,0.0,0.0,0.0,0.0,0.0,4.318,4.318,2.990156e-07,True,0.0102677549019609
570,570,2,0.0,0.0,0.0,0.0,0.0,4.261,4.261,6.841545e-07,True,0.0102677549019609
570,570,3,0.0,0.0,0.0,0.0,0.0,4.164,4.164,1.492374e-06,True,0.0102677549019609
570,570,4,0.0,0.0,0.0,0.0,0.0,4.23,4.23,7.695154e-07,True,0.0102677549019609
570,570,5,0.4235294117647058,0.4337971666666667,0.0102677549019609,0.4235294117647058,0.2529703926051334,3.596,3.686,4.638664e-05,True,0.0102677549019609
570,570,6,0.0,0.0,0.0,0.0,0.0,4.329,4.329,8.66636e-07,True,0.0102677549019609
570,570,7,0.0,0.0,0.0,0.0,0.0,3.995,3.995,8.342438e-07,True,0.0102677549019609
570,570,8,0.0,0.0,0.0,0.0,0.0,4.294,4.294,7.230807e-07,True,0.0102677549019609
571,571,1,0.0,0.0,0.0,0.0,0.0,4.318,4.318,2.376042e-07,True,0.0155755499019608
571,571,2,0.0,0.0,0.0,0.0,0.0,4.261,4.261,8.425883e-07,True,0.0155755499019608
571,571,3,0.0,0.0,0.0,0.0,0.0,4.164,4.164,5.07885e-07,True,0.0155755499019608
571,571,4,0.4235294117647058,0.4391049616666667,0.0155755499019608,0.4235294117647058,0.1561041191287989,3.783,3.956,4.807102e-05,True,0.0155755499019608
571,571,5,0.0,0.0,0.0,0.0,0.0,3.977,3.977,9.301386e-07,True,0.0155755499019608
571,571,6,0.0,0.0,0.0,0.0,0.0,4.329,4.329,5.608322e-07,True,0.0155755499019608
571,571,7,0.0,0.0,0.0,0.0,0.0,3.995,3.995,7.357567e-07,True,0.0155755499019608
571,571,8,0.0,0.0,0.0,0.0,0.0,4.294,4.294,8.067704e-07,True,0.0155755499019608
572,572,1,0.0,0.0,0.0,0.0,0.0,4.318,4.318,2.877814e-07,True,0.0142682301960784
572,572,2,0.0,0.0,0.0,0.0,0.0,4.261,4.261,6.612012e-07,True,0.0142682301960784
572,572,3,0.1803921568627451,0.1661239266666666,-0.0142682301960784,0.1803921568627451,0.0593740509444852,3.841,3.99,1.431278e-05,True,0.0142682301960784
572,572,4,0.0,0.0,0.0,0.0,0.0,4.23,4.23,2.411228e-06,True,0.0142682301960784
572,572,5,0.0,0.0,0.0,0.0,0.0,3.977,3.977,1.91962e-07,True,0.0142682301960784
572,572,6,0.0,0.0,0.0,0.0,0.0,4.329,4.329,5.644359e-07,True,0.0142682301960784
572,572,7,0.0,0.0,0.0,0.0,0.0,3.995,3.995,7.742659e-07,True,0.0142682301960784
572,572,8,0.0,0.0,0.0,0.0,0.0,4.294,4.294,7.312168e-07,True,0.0142682301960784
573,573,1,0.0,0.0,0.0,0.0,0.0,4.318,4.318,1.228037e-06,True,0.0038813860294117
573,573,2,0.1803921568627451,0.1765107708333333,-0.0038813860294117,0.1803921568627451,0.0332317011551734,3.926,4.092,1.601443e-05,True,0.0038813860294117
573,573,3,0.0,0.0,0.0,0.0,0.0,4.164,4.164,1.569973e-06,True,0.0038813860294117
573,573,4,0.0,0.0,0.0,0.0,0.0,4.23,4.23,1.40014e-07,True,0.0038813860294117
573,573,5,0.0,0.0,0.0,0.0,0.0,3.977,3.977,1.23733e-07,True,0.0038813860294117
573,573,6,0.0,0.0,0.0,0.0,0.0,4.329,4.329,5.991648e-07,True,0.0038813860294117
573,573,7,0.0,0.0,0.0,0.0,0.0,3.995,3.995,7.287613e-07,True,0.0038813860294117
573,573,8,0.0,0.0,0.0,0.0,0.0,4.294,4.294,7.771794e-07,True,0.0038813860294117
574,574,1,0.0,0.0,0.0,0.0,0.0,4.318,4.318,3.103478e-07,True,0.0189923802450981
574,574,2,0.0,0.0,0.0,0.0,0.0,4.261,4.261,6.626556e-07,True,0.0189923802450981
574,574,3,0.4078431372549019,0.4268355175,0.0189923802450981,0.4078431372549019,0.11106827463911,3.713,3.886,4.29513e-05,True,0.0189923802450981
574,574,4,0.0,0.0,0.0,0.0,0.0,4.23,4.23,4.922134e-06,True,0.0189923802450981
574,574,5,0.0,0.0,0.0,0.0,0.0,3.977,3.977,2.751079e-07,True,0.0189923802450981
574,574,6,0.0,0.0,0.0,0.0,0.0,4.329,4.329,5.642547e-07,True,0.0189923802450981
574,574,7,0.0,0.0,0.0,0.0,0.0,3.995,3.995,8.016376e-07,True,0.0189923802450981
574,574,8,0.0,0.0,0.0,0.0,0.0,4.294,4.294,7.328245e-07,True,0.0189923802450981
575,575,1,0.0,0.0,0.0,0.0,0.0,4.318,4.318,2.817943e-06,True,0.0192052544117647
575,575,2,0.4078431372549019,0.4270483916666667,0.0192052544117647,0.4078431372549019,0.0612592801876958,3.819,3.994,4.421107e-05,True,0.0192052544117647
575,575,3,0.0,0.0,0.0,0.0,0.0,4.164,4.164,1.80574e-06,True,0.0192052544117647
575,575,4,0.0,0.0,0.0,0.0,0.0,4.23,4.23,1.426741e-07,True,0.0192052544117647
575,575,5,0.0,0.0,0.0,0.0,0.0,3.977,3.977,1.223502e-07,True,0.0192052544117647
575,575,6,0.0,0.0,0.0,0.0,0.0,4.329,4.329,6.182288e-07,True,0.0192052544117647
575,575,7,0.0,0.0,0.0,0.0,0.0,3.995,3.995,7.26056e-07,True,0.0192052544117647
575,575,8,0.0,0.0,0.0,0.0,0.0,4.294,4.294,8.017449e-07,True,0.0192052544117647
576,576,1,0.0,0.0,0.0,0.0,0.0,4.318,4.318,3.044417e-07,True,0.0195725280882353
576,576,2,0.0,0.0,0.0,0.0,0.0,4.261,4.261,6.583655e-07,True,0.0195725280882353
576,576,3,0.3254901960784313,0.3450627241666666,0.0195725280882353,0.3254901960784313,0.0852062327684007,3.757,3.914,3.392883e-05,True,0.0195725280882353
576,576,4,0.0,0.0,0.0,0.0,0.0,4.23,4.23,4.179599e-06,True,0.0195725280882353
576,576,5,0.0,0.0,0.0,0.0,0.0,3.977,3.977,2.485503e-07,True,0.0195725280882353
576,576,6,0.0,0.0,0.0,0.0,0.0,4.329,4.329,5.640786e-07,True,0.0195725280882353
576,576,7,0.0,0.0,0.0,0.0,0.0,3.995,3.995,7.941186e-07,True,0.0195725280882353
576,576,8,0.0,0.0,0.0,0.0,0.0,4.294,4.294,7.295432e-07,True,0.0195725280882353
577,577,1,0.0,0.0,0.0,0.0,0.0,4.318,4.318,2.300262e-06,True,0.0198298839215685
577,577,2,0.3254901960784313,0.3453200799999999,0.0198298839215685,0.3254901960784313,0.0469161475768137,3.855,4.022,3.500904e-05,True,0.0198298839215685
577,577,3,0.0,0.0,0.0,0.0,0.0,4.164,4.164,1.734341e-06,True,0.0198298839215685
577,577,4,0.0,0.0,0.0,0.0,0.0,4.23,4.23,1.41151e-07,True,0.0198298839215685
577,577,5,0.0,0.0,0.0,0.0,0.0,3.977,3.977,1.214504e-07,True,0.0198298839215685
577,577,6,0.0,0.0,0.0,0.0,0.0,4.329,4.329,6.110679e-07,True,0.0198298839215685
577,577,7,0.0,0.0,0.0,0.0,0.0,3.995,3.995,7.262682e-07,True,0.0198298839215685
577,577,8,0.0,0.0,0.0,0.0,0.0,4.294,4.294,7.948291e-07,True,0.0198298839215685
578,578,1,0.0,0.0,0.0,0.0,0.0,4.318,4.318,2.828593e-07,True,0.0012512316666666
578,578,2,0.0,0.0,0.0,0.0,0.0,4.261,4.261,6.618635e-07,True,0.0012512316666666
578,578,3,0.1333333333333333,0.1320821016666666,-0.0012512316666666,0.1333333333333333,0.0528292495041666,3.872,4.009,1.062649e-05,True,0.0012512316666666
578,578,4,0.0,0.0,0.0,0.0,0.0,4.23,4.23,2.029405e-06,True,0.0012512316666666
578,578,5,0.0,0.0,0.0,0.0,0.0,3.977,3.977,1.800045e-07,True,0.0012512316666666
578,578,6,0.0,0.0,0.0,0.0,0.0,4.329,4.329,5.676072e-07,True,0.0012512316666666
578,578,7,0.0,0.0,0.0,0.0,0.0,3.995,3.995,7.684137e-07,True,0.0012512316666666
578,578,8,0.0,0.0,0.0,0.0,0.0,4.294,4.294,7.33209e-07,True,0.0012512316666666
579,579,1,0.0,0.0,0.0,0.0,0.0,4.318,4.318,3.18788e-07,True,0.009905788872549
579,579,2,0.0,0.0,0.0,0.0,0.0,4.261,4.261,6.83873e-07,True,0.009905788872549
579,579,3,0.0,0.0,0.0,0.0,0.0,4.164,4.164,1.545731e-06,True,0.009905788872549
579,579,4,0.0,0.0,0.0,0.0,0.0,4.23,4.23,1.276449e-06,True,0.009905788872549
579,579,5,0.7372549019607842,0.7471606908333333,0.009905788872549,0.7372549019607842,0.4582302667073381,3.45,3.58,8.329529e-05,True,0.009905788872549
579,579,6,0.0,0.0,0.0,0.0,0.0,4.329,4.329,9.39132e-07,True,0.009905788872549
579,579,7,0.0,0.0,0.0,0.0,0.0,3.995,3.995,8.816248e-07,True,0.009905788872549
579,579,8,0.0,0.0,0.0,0.0,0.0,4.294,4.294,7.183951e-07,True,0.009905788872549
580,580,1,0.0,0.0,0.0,0.0,0.0,4.318,4.318,9.366546e-07,True,0.0009625283333333
580,580,2,0.1333333333333333,0.1323708049999999,-0.0009625283333333,0.1333333333333333,0.0284261991898318,3.953,4.116,1.108403e-05,True,0.0009625283333333
580,580,3,0.0,0.0,0.0,0.0,0.0,4.164,4.164,1.514758e-06,True,0.0009625283333333
580,580,4,0.0,0.0,0.0,0.0,0.0,4.23,4.23,1.385584e-07,True,0.0009625283333333
580,580,5,0.0,0.0,0.0,0.0,0.0,3.977,3.977,1.239431e-07,True,0.0009625283333333
580,580,6,0.0,0.0,0.0,0.0,0.0,4.329,4.329,5.910797e-07,True,0.0009625283333333
580,580,7,0.0,0.0,0.0,0.0,0.0,3.995,3.995,7.265784e-07,True,0.0009625283333333
580,580,8,0.0,0.0,0.0,0.0,0.0,4.294,4.294,7.688944e-07,True,0.0009625283333333
581,581,1,0.0,0.0,0.0,0.0,0.0,4.318,4.318,2.358575e-07,True,0.0052297455392157
581,581,2,0.0,0.0,0.0,0.0,0.0,4.261,4.261,8.92166e-07,True,0.0052297455392157
581,581,3,0.0,0.0,0.0,0.0,0.0,4.164,4.164,1.199828e-06,True,0.0052297455392157
581,581,4,0.7372549019607842,0.7424846475,0.0052297455392157,0.7372549019607842,0.2862421850624937,3.608,3.865,8.3267e-05,True,0.0052297455392157
581,581,5,0.0,0.0,0.0,0.0,0.0,3.977,3.977,1.364962e-06,True,0.0052297455392157
581,581,6,0.0,0.0,0.0,0.0,0.0,4.329,4.329,5.708553e-07,True,0.0052297455392157
581,581,7,0.0,0.0,0.0,0.0,0.0,3.995,3.995,7.341134e-07,True,0.0052297455392157
581,581,8,0.0,0.0,0.0,0.0,0.0,4.294,4.294,8.333755e-07,True,0.0052297455392157
582,582,1,0.0,0.0,0.0,0.0,0.0,4.318,4.318,3.295137e-07,True,0.0140819103431374
582,582,2,0.0,0.0,0.0,0.0,0.0,4.261,4.261,6.567251e-07,True,0.0140819103431374
582,582,3,0.9176470588235291,0.9317289691666666,0.0140819103431374,0.9176470588235291,0.3430871234916906,3.477,3.747,9.923365e-05,True,0.0140819103431374
582,582,4,0.0,0.0,0.0,0.0,0.0,4.23,4.23,9.050636e-06,True,0.0140819103431374
582,582,5,0.0,0.0,0.0,0.0,0.0,3.977,3.977,4.209407e-07,True,0.0140819103431374
582,582,6,0.0,0.0,0.0,0.0,0.0,4.329,4.329,5.53302e-07,True,0.0140819103431374
582,582,7,0.0,0.0,0.0,0.0,0.0,3.995,3.995,8.36181e-07,True,0.0140819103431374
582,582,8,0.0,0.0,0.0,0.0,0.0,4.294,4.294,7.265278e-07,True,0.0140819103431374
583,583,1,0.0,0.0,0.0,0.0,0.0,4.318,4.318,5.926158e-06,True,0.0148054328431376
583,583,2,0.9176470588235291,0.9324524916666668,0.0148054328431376,0.9176470588235291,0.3254228045806933,3.615,3.855,0.0001013255,True,0.0148054328431376
583,583,3,0.0,0.0,0.0,0.0,0.0,4.164,4.164,2.188197e-06,True,0.0148054328431376
583,583,4,0.0,0.0,0.0,0.0,0.0,4.23,4.23,1.408154e-07,True,0.0148054328431376
583,583,5,0.0,0.0,0.0,0.0,0.0,3.977,3.977,1.184051e-07,True,0.0148054328431376
583,583,6,0.0,0.0,0.0,0.0,0.0,4.329,4.329,6.411182e-07,True,0.0148054328431376
583,583,7,0.0,0.0,0.0,0.0,0.0,3.995,3.995,7.183475e-07,True,0.0148054328431376
583,583,8,0.0,0.0,0.0,0.0,0.0,4.294,4.294,8.357578e-07,True,0.0148054328431376
584,584,1,0.0,0.0,0.0,0.0,0.0,4.318,4.318,2.928128e-07,True,0.0046166360294117
584,584,2,0.0,0.0,0.0,0.0,0.0,4.261,4.261,6.596883e-07,True,0.0046166360294117
584,584,3,0.2196078431372549,0.2242244791666666,0.0046166360294117,0.2196078431372549,0.068799823191973,3.815,3.962,2.065439e-05,True,0.0046166360294117
584,584,4,0.0,0.0,0.0,0.0,0.0,4.23,4.23,3.015459e-06,True,0.0046166360294117
584,584,5,0.0,0.0,0.0,0.0,0.0,3.977,3.977,2.121555e-07,True,0.0046166360294117
584,584,6,0.0,0.0,0.0,0.0,0.0,4.329,4.329,5.628679e-07,True,0.0046166360294117
584,584,7,0.0,0.0,0.0,0.0,0.0,3.995,3.995,7.802188e-07,True,0.0046166360294117
584,584,8,0.0,0.0,0.0,0.0,0.0,4.294,4.294,7.293452e-07,True,0.0046166360294117
585,585,1,0.0,0.0,0.0,0.0,0.0,4.318,4.318,1.458284e-06,True,0.0073861689705882
585,585,2,0.2196078431372549,0.2122216741666666,-0.0073861689705882,0.2196078431372549,0.036491124334734,3.903,4.075,2.003347e-05,True,0.0073861689705882
585,585,3,0.0,0.0,0.0,0.0,0.0,4.164,4.164,1.607394e-06,True,0.0073861689705882
585,585,4,0.0,0.0,0.0,0.0,0.0,4.23,4.23,1.391659e-07,True,0.0073861689705882
585,585,5,0.0,0.0,0.0,0.0,0.0,3.977,3.977,1.234938e-07,True,0.0073861689705882
585,585,6,0.0,0.0,0.0,0.0,0.0,4.329,4.329,5.979298e-07,True,0.0073861689705882
585,585,7,0.0,0.0,0.0,0.0,0.0,3.995,3.995,7.258761e-07,True,0.0073861689705882
585,585,8,0.0,0.0,0.0,0.0,0.0,4.294,4.294,7.809873e-07,True,0.0073861689705882
586,586,1,0.0,0.0,0.0,0.0,0.0,4.318,4.318,3.229316e-07,True,0.0096550952941177
586,586,2,0.0,0.0,0.0,0.0,0.0,4.261,4.261,6.537916e-07,True,0.0096550952941177
586,586,3,0.7294117647058823,0.7390668600000001,0.0096550952941177,0.7294117647058823,0.2501345580472977,3.564,3.796,7.770409e-05,True,0.0096550952941177
586,586,4,0.0,0.0,0.0,0.0,0.0,4.23,4.23,7.535348e-06,True,0.0096550952941177
586,586,5,0.0,0.0,0.0,0.0,0.0,3.977,3.977,3.646229e-07,True,0.0096550952941177
586,586,6,0.0,0.0,0.0,0.0,0.0,4.329,4.329,5.563401e-07,True,0.0096550952941177
586,586,7,0.0,0.0,0.0,0.0,0.0,3.995,3.995,8.235161e-07,True,0.0096550952941177
586,586,8,0.0,0.0,0.0,0.0,0.0,4.294,4.294,7.273829e-07,True,0.0096550952941177
587,587,1,0.0,0.0,0.0,0.0,0.0,4.318,4.318,2.951973e-07,True,0.0112504373039216
587,587,2,0.0,0.0,0.0,0.0,0.0,4.261,4.261,6.817431e-07,True,0.0112504373039216
587,587,3,0.0,0.0,0.0,0.0,0.0,4.164,4.164,1.48095e-06,True,0.0112504373039216
587,587,4,0.0,0.0,0.0,0.0,0.0,4.23,4.23,6.999736e-07,True,0.0112504373039216
587,587,5,0.380392156862745,0.3916425941666666,0.0112504373039216,0.380392156862745,0.2217380147009024,3.619,3.703,4.143611e-05,True,0.0112504373039216
587,587,6,0.0,0.0,0.0,0.0,0.0,4.329,4.329,8.547376e-07,True,0.0112504373039216
587,587,7,0.0,0.0,0.0,0.0,0.0,3.995,3.995,8.255923e-07,True,0.0112504373039216
587,587,8,0.0,0.0,0.0,0.0,0.0,4.294,4.294,7.228074e-07,True,0.0112504373039216
588,588,1,0.0,0.0,0.0,0.0,0.0,4.318,4.318,4.71587e-06,True,0.0074790686274509
588,588,2,0.7294117647058823,0.7368908333333333,0.0074790686274509,0.7294117647058823,0.2165972827250993,3.69,3.905,7.922078e-05,True,0.0074790686274509
588,588,3,0.0,0.0,0.0,0.0,0.0,4.164,4.164,2.057065e-06,True,0.0074790686274509
588,588,4,0.0,0.0,0.0,0.0,0.0,4.23,4.23,1.404199e-07,True,0.0074790686274509
588,588,5,0.0,0.0,0.0,0.0,0.0,3.977,3.977,1.186624e-07,True,0.0074790686274509
588,588,6,0.0,0.0,0.0,0.0,0.0,4.329,4.329,6.312433e-07,True,0.0074790686274509
588,588,7,0.0,0.0,0.0,0.0,0.0,3.995,3.995,7.202371e-07,True,0.0074790686274509
588,588,8,0.0,0.0,0.0,0.0,0.0,4.294,4.294,8.226223e-07,True,0.0074790686274509
589,589,1,0.0,0.0,0.0,0.0,0.0,4.318,4.318,2.37052e-07,True,0.0160315831372549
589,589,2,0.0,0.0,0.0,0.0,0.0,4.261,4.261,8.301712e-07,True,0.0160315831372549
589,589,3,0.0,0.0,0.0,0.0,0.0,4.164,4.164,4.422197e-07,True,0.0160315831372549
589,589,4,0.380392156862745,0.3964237399999999,0.0160315831372549,0.380392156862745,0.1366911805888479,3.807,3.971,4.310484e-05,True,0.0160315831372549
589,589,5,0.0,0.0,0.0,0.0,0.0,3.977,3.977,8.573793e-07,True,0.0160315831372549
589,589,6,0.0,0.0,0.0,0.0,0.0,4.329,4.329,5.597242e-07,True,0.0160315831372549
589,589,7,0.0,0.0,0.0,0.0,0.0,3.995,3.995,7.344955e-07,True,0.0160315831372549
589,589,8,0.0,0.0,0.0,0.0,0.0,4.294,4.294,8.049669e-07,True,0.0160315831372549
590,590,1,0.0,0.0,0.0,0.0,0.0,4.318,4.318,3.265263e-07,True,0.0101140410784315
590,590,2,0.0,0.0,0.0,0.0,0.0,4.261,4.261,6.795856e-07,True,0.0101140410784315
590,590,3,0.0,0.0,0.0,0.0,0.0,4.164,4.164,1.56361e-06,True,0.0101140410784315
590,590,4,0.0,0.0,0.0,0.0,0.0,4.23,4.23,1.368141e-06,True,0.0101140410784315
590,590,5,0.8078431372549019,0.8179571783333334,0.0101140410784315,0.8078431372549019,0.5021509180873222,3.418,3.559,9.166316e-05,True,0.0101140410784315
590,590,6,0.0,0.0,0.0,0.0,0.0,4.329,4.329,9.389898e-07,True,0.0101140410784315
590,590,7,0.0,0.0,0.0,0.0,0.0,3.995,3.995,8.950166e-07,True,0.0101140410784315
590,590,8,0.0,0.0,0.0,0.0,0.0,4.294,4.294,7.198321e-07,True,0.0101140410784315
591,591,1,0.0,0.0,0.0,0.0,0.0,4.318,4.318,2.961795e-07,True,0.0074018894117646
591,591,2,0.0,0.0,0.0,0.0,0.0,4.261,4.261,6.51887e-07,True,0.0074018894117646
591,591,3,0.2745098039215686,0.2819116933333332,0.0074018894117646,0.2745098039215686,0.0770202012927296,3.784,3.938,2.699643e-05,True,0.0074018894117646
591,591,4,0.0,0.0,0.0,0.0,0.0,4.23,4.23,3.580068e-06,True,0.0074018894117646
591,591,5,0.0,0.0,0.0,0.0,0.0,3.977,3.977,2.279176e-07,True,0.0074018894117646
591,591,6,0.0,0.0,0.0,0.0,0.0,4.329,4.329,5.617683e-07,True,0.0074018894117646
591,591,7,0.0,0.0,0.0,0.0,0.0,3.995,3.995,7.852431e-07,True,0.0074018894117646
591,591,8,0.0,0.0,0.0,0.0,0.0,4.294,4.294,7.299097e-07,True,0.0074018894117646
592,592,1,0.0,0.0,0.0,0.0,0.0,4.318,4.318,2.367768e-07,True,0.0033649835784314
592,592,2,0.0,0.0,0.0,0.0,0.0,4.261,4.261,9.035382e-07,True,0.0033649835784314
592,592,3,0.0,0.0,0.0,0.0,0.0,4.164,4.164,1.391971e-06,True,0.0033649835784314
592,592,4,0.8078431372549019,0.8112081208333333,0.0033649835784314,0.8078431372549019,0.3160124040857167,3.568,3.847,9.121148e-05,True,0.0033649835784314
592,592,5,0.0,0.0,0.0,0.0,0.0,3.977,3.977,1.451774e-06,True,0.0033649835784314
592,592,6,0.0,0.0,0.0,0.0,0.0,4.329,4.329,5.74743e-07,True,0.0033649835784314
592,592,7,0.0,0.0,0.0,0.0,0.0,3.995,3.995,7.353834e-07,True,0.0033649835784314
592,592,8,0.0,0.0,0.0,0.0,0.0,4.294,4.294,8.393081e-07,True,0.0033649835784314
593,593,1,0.0,0.0,0.0,0.0,0.0,4.318,4.318,2.692292e-07,True,0.005667858872549
593,593,2,0.0,0.0,0.0,0.0,0.0,4.261,4.261,6.831755e-07,True,0.005667858872549
593,593,3,0.0,0.0,0.0,0.0,0.0,4.164,4.164,1.403155e-06,True,0.005667858872549
593,593,4,0.0,0.0,0.0,0.0,0.0,4.23,4.23,3.081851e-07,True,0.005667858872549
593,593,5,0.1372549019607843,0.1429227608333333,0.005667858872549,0.1372549019607843,0.068150263918848,3.765,3.826,1.224235e-05,True,0.005667858872549
593,593,6,0.0,0.0,0.0,0.0,0.0,4.329,4.329,7.384702e-07,True,0.005667858872549
593,593,7,0.0,0.0,0.0,0.0,0.0,3.995,3.995,7.780569e-07,True,0.005667858872549
593,593,8,0.0,0.0,0.0,0.0,0.0,4.294,4.294,7.281094e-07,True,0.005667858872549
594,594,1,0.0,0.0,0.0,0.0,0.0,4.318,4.318,1.802998e-06,True,0.0077283647549019
594,594,2,0.2745098039215686,0.2667814391666666,-0.0077283647549019,0.2745098039215686,0.041134035345124,3.878,4.052,2.61679e-05,True,0.0077283647549019
594,594,3,0.0,0.0,0.0,0.0,0.0,4.164,4.164,1.664425e-06,True,0.0077283647549019
594,594,4,0.0,0.0,0.0,0.0,0.0,4.23,4.23,1.401819e-07,True,0.0077283647549019
594,594,5,0.0,0.0,0.0,0.0,0.0,3.977,3.977,1.223307e-07,True,0.0077283647549019
594,594,6,0.0,0.0,0.0,0.0,0.0,4.329,4.329,6.036133e-07,True,0.0077283647549019
594,594,7,0.0,0.0,0.0,0.0,0.0,3.995,3.995,7.246077e-07,True,0.0077283647549019
594,594,8,0.0,0.0,0.0,0.0,0.0,4.294,4.294,7.877161e-07,True,0.0077283647549019
595,595,1,0.0,0.0,0.0,0.0,0.0,4.318,4.318,2.406298e-07,True,0.0084602080392156
595,595,2,0.0,0.0,0.0,0.0,0.0,4.261,4.261,7.681639e-07,True,0.0084602080392156
595,595,3,0.0,0.0,0.0,0.0,0.0,4.164,4.164,3.13612e-07,True,0.0084602080392156
595,595,4,0.1372549019607843,0.1457151099999999,0.0084602080392156,0.1372549019607843,0.0316076704905637,3.971,4.082,1.365732e-05,True,0.0084602080392156
595,595,5,0.0,0.0,0.0,0.0,0.0,3.977,3.977,4.40712e-07,True,0.0084602080392156
595,595,6,0.0,0.0,0.0,0.0,0.0,4.329,4.329,5.575432e-07,True,0.0084602080392156
595,595,7,0.0,0.0,0.0,0.0,0.0,3.995,3.995,7.313462e-07,True,0.0084602080392156
595,595,8,0.0,0.0,0.0,0.0,0.0,4.294,4.294,7.764861e-07,True,0.0084602080392156
596,596,1,0.0,0.0,0.0,0.0,0.0,4.318,4.318,3.061595e-07,True,0.0087089487254903
596,596,2,0.0,0.0,0.0,0.0,0.0,4.261,4.261,6.466453e-07,True,0.0087089487254903
596,596,3,0.4392156862745097,0.447924635,0.0087089487254903,0.4392156862745097,0.1199409052552509,3.697,3.88,4.534255e-05,True,0.0087089487254903
596,596,4,0.0,0.0,0.0,0.0,0.0,4.23,4.23,5.080892e-06,True,0.0087089487254903
596,596,5,0.0,0.0,0.0,0.0,0.0,3.977,3.977,2.795287e-07,True,0.0087089487254903
596,596,6,0.0,0.0,0.0,0.0,0.0,4.329,4.329,5.615555e-07,True,0.0087089487254903
596,596,7,0.0,0.0,0.0,0.0,0.0,3.995,3.995,8.019854e-07,True,0.0087089487254903
596,596,8,0.0,0.0,0.0,0.0,0.0,4.294,4.294,7.316398e-07,True,0.0087089487254903
597,597,1,0.0,0.0,0.0,0.0,0.0,4.318,4.318,3.15158e-07,True,0.0159056517156862
597,597,2,0.0,0.0,0.0,0.0,0.0,4.261,4.261,6.818634e-07,True,0.0159056517156862
597,597,3,0.0,0.0,0.0,0.0,0.0,4.164,4.164,1.53561e-06,True,0.0159056517156862
597,597,4,0.0,0.0,0.0,0.0,0.0,4.23,4.23,1.145817e-06,True,0.0159056517156862
597,597,5,0.6549019607843137,0.6708076125,0.0159056517156862,0.6549019607843137,0.406675039097821,3.487,3.605,7.429626e-05,True,0.0159056517156862
597,597,6,0.0,0.0,0.0,0.0,0.0,4.329,4.329,9.270321e-07,True,0.0159056517156862
597,597,7,0.0,0.0,0.0,0.0,0.0,3.995,3.995,8.716453e-07,True,0.0159056517156862
597,597,8,0.0,0.0,0.0,0.0,0.0,4.294,4.294,7.235277e-07,True,0.0159056517156862
598,598,1,0.0,0.0,0.0,0.0,0.0,4.318,4.318,3.013906e-06,True,0.0174521412254902
598,598,2,0.4392156862745097,0.4566678274999999,0.0174521412254902,0.4392156862745097,0.0774743018262926,3.805,3.985,4.754915e-05,True,0.0174521412254902
598,598,3,0.0,0.0,0.0,0.0,0.0,4.164,4.164,1.831467e-06,True,0.0174521412254902
598,598,4,0.0,0.0,0.0,0.0,0.0,4.23,4.23,1.418445e-07,True,0.0174521412254902
598,598,5,0.0,0.0,0.0,0.0,0.0,3.977,3.977,1.214807e-07,True,0.0174521412254902
598,598,6,0.0,0.0,0.0,0.0,0.0,4.329,4.329,6.161409e-07,True,0.0174521412254902
598,598,7,0.0,0.0,0.0,0.0,0.0,3.995,3.995,7.23492e-07,True,0.0174521412254902
598,598,8,0.0,0.0,0.0,0.0,0.0,4.294,4.294,8.026582e-07,True,0.0174521412254902
599,599,1,0.0,0.0,0.0,0.0,0.0,4.318,4.318,2.351178e-07,True,0.0065203758823528
599,599,2,0.0,0.0,0.0,0.0,0.0,4.261,4.261,8.770717e-07,True,0.0065203758823528
599,599,3,0.0,0.0,0.0,0.0,0.0,4.164,4.164,9.912408e-07,True,0.0065203758823528
599,599,4,0.6549019607843137,0.6614223366666666,0.0065203758823528,0.6549019607843137,0.2485555358548102,3.654,3.888,7.388113e-05,True,0.0065203758823528
599,599,5,0.0,0.0,0.0,0.0,0.0,3.977,3.977,1.250683e-06,True,0.0065203758823528
599,599,6,0.0,0.0,0.0,0.0,0.0,4.329,4.329,5.687803e-07,True,0.0065203758823528
599,599,7,0.0,0.0,0.0,0.0,0.0,3.995,3.995,7.344889e-07,True,0.0065203758823528
599,599,8,0.0,0.0,0.0,0.0,0.0,4.294,4.294,8.321679e-07,True,0.0065203758823528
600,600,1,0.0,0.0,0.0,0.0,0.0,4.318,4.318,3.157395e-07,True,0.0030890148529411
600,600,2,0.0,0.0,0.0,0.0,0.0,4.261,4.261,6.522158e-07,True,0.0030890148529411
600,600,3,0.5686274509803921,0.5717164658333332,0.0030890148529411,0.5686274509803921,0.1781873619309865,3.637,3.842,5.904846e-05,True,0.0030890148529411
600,600,4,0.0,0.0,0.0,0.0,0.0,4.23,4.23,6.169628e-06,True,0.0030890148529411
600,600,5,0.0,0.0,0.0,0.0,0.0,3.977,3.977,3.167515e-07,True,0.0030890148529411
600,600,6,0.0,0.0,0.0,0.0,0.0,4.329,4.329,5.595116e-07,True,0.0030890148529411
600,600,7,0.0,0.0,0.0,0.0,0.0,3.995,3.995,8.111574e-07,True,0.0030890148529411
600,600,8,0.0,0.0,0.0,0.0,0.0,4.294,4.294,7.325121e-07,True,0.0030890148529411
601,601,1,0.0,0.0,0.0,0.0,0.0,4.318,4.318,3.816783e-06,True,0.0187813131862744
601,601,2,0.5686274509803921,0.5874087641666665,0.0187813131862744,0.5686274509803921,0.1445537951211948,3.753,3.946,6.230972e-05,True,0.0187813131862744
601,601,3,0.0,0.0,0.0,0.0,0.0,4.164,4.164,1.939171e-06,True,0.0187813131862744
601,601,4,0.0,0.0,0.0,0.0,0.0,4.23,4.23,1.409112e-07,True,0.0187813131862744
601,601,5,0.0,0.0,0.0,0.0,0.0,3.977,3.977,1.191695e-07,True,0.0187813131862744
601,601,6,0.0,0.0,0.0,0.0,0.0,4.329,4.329,6.252891e-07,True,0.0187813131862744
601,601,7,0.0,0.0,0.0,0.0,0.0,3.995,3.995,7.232145e-07,True,0.0187813131862744
601,601,8,0.0,0.0,0.0,0.0,0.0,4.294,4.294,8.147934e-07,True,0.0187813131862744
602,602,1,0.0,0.0,0.0,0.0,0.0,4.318,4.318,3.027457e-07,True,0.0153388764705882
602,602,2,0.0,0.0,0.0,0.0,0.0,4.261,4.261,6.573155e-07,True,0.0153388764705882
602,602,3,0.3529411764705882,0.3376022999999999,-0.0153388764705882,0.3529411764705882,0.084178148073946,3.742,3.917,3.310898e-05,True,0.0153388764705882
602,602,4,0.0,0.0,0.0,0.0,0.0,4.23,4.23,4.110944e-06,True,0.0153388764705882
602,602,5,0.0,0.0,0.0,0.0,0.0,3.977,3.977,2.470009e-07,True,0.0153388764705882
602,602,6,0.0,0.0,0.0,0.0,0.0,4.329,4.329,5.615293e-07,True,0.0153388764705882
602,602,7,0.0,0.0,0.0,0.0,0.0,3.995,3.995,7.933564e-07,True,0.0153388764705882
602,602,8,0.0,0.0,0.0,0.0,0.0,4.294,4.294,7.304042e-07,True,0.0153388764705882
603,603,1,0.0,0.0,0.0,0.0,0.0,4.318,4.318,2.945922e-07,True,0.0052295640686274
603,603,2,0.0,0.0,0.0,0.0,0.0,4.261,4.261,6.847015e-07,True,0.0052295640686274
603,603,3,0.0,0.0,0.0,0.0,0.0,4.164,4.164,1.483326e-06,True,0.0052295640686274
603,603,4,0.0,0.0,0.0,0.0,0.0,4.23,4.23,6.502304e-07,True,0.0052295640686274
603,603,5,0.3568627450980392,0.3620923091666666,0.0052295640686274,0.3568627450980392,0.2055814459666128,3.631,3.715,3.794653e-05,True,0.0052295640686274
603,603,6,0.0,0.0,0.0,0.0,0.0,4.329,4.329,8.414253e-07,True,0.0052295640686274
603,603,7,0.0,0.0,0.0,0.0,0.0,3.995,3.995,8.226892e-07,True,0.0052295640686274
603,603,8,0.0,0.0,0.0,0.0,0.0,4.294,4.294,7.275825e-07,True,0.0052295640686274
604,604,1,0.0,0.0,0.0,0.0,0.0,4.318,4.318,2.269999e-06,True,0.0124078439705881
604,604,2,0.3529411764705882,0.3405333325,-0.0124078439705881,0.3529411764705882,0.0465105295231198,3.843,4.024,3.445533e-05,True,0.0124078439705881
604,604,3,0.0,0.0,0.0,0.0,0.0,4.164,4.164,1.744361e-06,True,0.0124078439705881
604,604,4,0.0,0.0,0.0,0.0,0.0,4.23,4.23,1.402501e-07,True,0.0124078439705881
604,604,5,0.0,0.0,0.0,0.0,0.0,3.977,3.977,1.22137e-07,True,0.0124078439705881
604,604,6,0.0,0.0,0.0,0.0,0.0,4.329,4.329,6.088447e-07,True,0.0124078439705881
604,604,7,0.0,0.0,0.0,0.0,0.0,3.995,3.995,7.270597e-07,True,0.0124078439705881
604,604,8,0.0,0.0,0.0,0.0,0.0,4.294,4.294,7.960184e-07,True,0.0124078439705881
605,605,1,0.0,0.0,0.0,0.0,0.0,4.318,4.318,2.389474e-07,True,0.0184338865686273
605,605,2,0.0,0.0,0.0,0.0,0.0,4.261,4.261,8.279137e-07,True,0.0184338865686273
605,605,3,0.0,0.0,0.0,0.0,0.0,4.164,4.164,4.062711e-07,True,0.0184338865686273
605,605,4,0.3568627450980392,0.3752966316666666,0.0184338865686273,0.3568627450980392,0.1267313367996324,3.822,3.979,4.063801e-05,True,0.0184338865686273
605,605,5,0.0,0.0,0.0,0.0,0.0,3.977,3.977,8.256552e-07,True,0.0184338865686273
605,605,6,0.0,0.0,0.0,0.0,0.0,4.329,4.329,5.583204e-07,True,0.0184338865686273
605,605,7,0.0,0.0,0.0,0.0,0.0,3.995,3.995,7.359551e-07,True,0.0184338865686273
605,605,8,0.0,0.0,0.0,0.0,0.0,4.294,4.294,8.045229e-07,True,0.0184338865686273
606,606,1,0.0,0.0,0.0,0.0,0.0,4.318,4.318,3.088293e-07,True,0.0070558962745099
606,606,2,0.0,0.0,0.0,0.0,0.0,4.261,4.261,6.594339e-07,True,0.0070558962745099
606,606,3,0.4274509803921567,0.4345068766666666,0.0070558962745099,0.4274509803921567,0.1142192569921443,3.703,3.884,4.380779e-05,True,0.0070558962745099
606,606,4,0.0,0.0,0.0,0.0,0.0,4.23,4.23,4.996571e-06,True,0.0070558962745099
606,606,5,0.0,0.0,0.0,0.0,0.0,3.977,3.977,2.765978e-07,True,0.0070558962745099
606,606,6,0.0,0.0,0.0,0.0,0.0,4.329,4.329,5.584479e-07,True,0.0070558962745099
606,606,7,0.0,0.0,0.0,0.0,0.0,3.995,3.995,8.049003e-07,True,0.0070558962745099
606,606,8,0.0,0.0,0.0,0.0,0.0,4.294,4.294,7.28255e-07,True,0.0070558962745099
607,607,1,0.0,0.0,0.0,0.0,0.0,4.318,4.318,2.854885e-06,True,0.0045131371078433
607,607,2,0.4274509803921567,0.4319641175,0.0045131371078433,0.4274509803921567,0.0628469142057787,3.81,3.993,4.475683e-05,True,0.0045131371078433
607,607,3,0.0,0.0,0.0,0.0,0.0,4.164,4.164,1.816848e-06,True,0.0045131371078433
607,607,4,0.0,0.0,0.0,0.0,0.0,4.23,4.23,1.420061e-07,True,0.0045131371078433
607,607,5,0.0,0.0,0.0,0.0,0.0,3.977,3.977,1.227471e-07,True,0.0045131371078433
607,607,6,0.0,0.0,0.0,0.0,0.0,4.329,4.329,6.142155e-07,True,0.0045131371078433
607,607,7,0.0,0.0,0.0,0.0,0.0,3.995,3.995,7.270618e-07,True,0.0045131371078433
607,607,8,0.0,0.0,0.0,0.0,0.0,4.294,4.294,8.011006e-07,True,0.0045131371078433
608,608,1,0.0,0.0,0.0,0.0,0.0,4.318,4.318,3.080992e-07,True,0.0072185654901959
608,608,2,0.0,0.0,0.0,0.0,0.0,4.261,4.261,6.585088e-07,True,0.0072185654901959
608,608,3,0.415686274509804,0.4229048399999999,0.0072185654901959,0.415686274509804,0.1090504198296631,3.709,3.888,4.253305e-05,True,0.0072185654901959
608,608,4,0.0,0.0,0.0,0.0,0.0,4.23,4.23,4.878723e-06,True,0.0072185654901959
608,608,5,0.0,0.0,0.0,0.0,0.0,3.977,3.977,2.733474e-07,True,0.0072185654901959
608,608,6,0.0,0.0,0.0,0.0,0.0,4.329,4.329,5.634353e-07,True,0.0072185654901959
608,608,7,0.0,0.0,0.0,0.0,0.0,3.995,3.995,8.01119e-07,True,0.0072185654901959
608,608,8,0.0,0.0,0.0,0.0,0.0,4.294,4.294,7.322981e-07,True,0.0072185654901959
609,609,1,0.0,0.0,0.0,0.0,0.0,4.318,4.318,3.084491e-07,True,0.0097514196568625
609,609,2,0.0,0.0,0.0,0.0,0.0,4.261,4.261,6.832634e-07,True,0.0097514196568625
609,609,3,0.0,0.0,0.0,0.0,0.0,4.164,4.164,1.519053e-06,True,0.0097514196568625
609,609,4,0.0,0.0,0.0,0.0,0.0,4.23,4.23,9.715193e-07,True,0.0097514196568625
609,609,5,0.5490196078431373,0.5587710274999999,0.0097514196568625,0.5490196078431373,0.3363585901329729,3.537,3.642,6.107851e-05,True,0.0097514196568625
609,609,6,0.0,0.0,0.0,0.0,0.0,4.329,4.329,9.135769e-07,True,0.0097514196568625
609,609,7,0.0,0.0,0.0,0.0,0.0,3.995,3.995,8.534284e-07,True,0.0097514196568625
609,609,8,0.0,0.0,0.0,0.0,0.0,4.294,4.294,7.247232e-07,True,0.0097514196568625
610,610,1,0.0,0.0,0.0,0.0,0.0,4.318,4.318,2.867811e-06,True,0.0195984488235294
610,610,2,0.415686274509804,0.4352847233333334,0.0195984488235294,0.415686274509804,0.064729121203309,3.815,3.992,4.513923e-05,True,0.0195984488235294
610,610,3,0.0,0.0,0.0,0.0,0.0,4.164,4.164,1.816298e-06,True,0.0195984488235294
610,610,4,0.0,0.0,0.0,0.0,0.0,4.23,4.23,1.420294e-07,True,0.0195984488235294
610,610,5,0.0,0.0,0.0,0.0,0.0,3.977,3.977,1.214165e-07,True,0.0195984488235294
610,610,6,0.0,0.0,0.0,0.0,0.0,4.329,4.329,6.167043e-07,True,0.0195984488235294
610,610,7,0.0,0.0,0.0,0.0,0.0,3.995,3.995,7.257058e-07,True,0.0195984488235294
610,610,8,0.0,0.0,0.0,0.0,0.0,4.294,4.294,8.049718e-07,True,0.0195984488235294
611,611,1,0.0,0.0,0.0,0.0,0.0,4.318,4.318,3.223675e-07,True,0.005790487745098
611,611,2,0.0,0.0,0.0,0.0,0.0,4.261,4.261,6.618832e-07,True,0.005790487745098
611,611,3,0.6745098039215686,0.6803002916666666,0.005790487745098,0.6745098039215686,0.2241668126168625,3.589,3.812,7.111557e-05,True,0.005790487745098
611,611,4,0.0,0.0,0.0,0.0,0.0,4.23,4.23,7.076788e-06,True,0.005790487745098
611,611,5,0.0,0.0,0.0,0.0,0.0,3.977,3.977,3.488142e-07,True,0.005790487745098
611,611,6,0.0,0.0,0.0,0.0,0.0,4.329,4.329,5.589306e-07,True,0.005790487745098
611,611,7,0.0,0.0,0.0,0.0,0.0,3.995,3.995,8.207463e-07,True,0.005790487745098
611,611,8,0.0,0.0,0.0,0.0,0.0,4.294,4.294,7.309352e-07,True,0.005790487745098
612,612,1,0.0,0.0,0.0,0.0,0.0,4.318,4.318,2.36409e-07,True,0.0021981038235293
612,612,2,0.0,0.0,0.0,0.0,0.0,4.261,4.261,8.616149e-07,True,0.0021981038235293
612,612,3,0.0,0.0,0.0,0.0,0.0,4.164,4.164,7.306489e-07,True,0.0021981038235293
612,612,4,0.5490196078431373,0.5512177116666667,0.0021981038235293,0.5490196078431373,0.2013062965556007,3.712,3.921,6.110589e-05,True,0.0021981038235293
612,612,5,0.0,0.0,0.0,0.0,0.0,3.977,3.977,1.088006e-06,True,0.0021981038235293
612,612,6,0.0,0.0,0.0,0.0,0.0,4.329,4.329,5.654521e-07,True,0.0021981038235293
612,612,7,0.0,0.0,0.0,0.0,0.0,3.995,3.995,7.35401e-07,True,0.0021981038235293
612,612,8,0.0,0.0,0.0,0.0,0.0,4.294,4.294,8.227035e-07,True,0.0021981038235293
613,613,1,0.0,0.0,0.0,0.0,0.0,4.318,4.318,4.380386e-06,True,0.0041891160784313
613,613,2,0.6745098039215686,0.6786989199999999,0.0041891160784313,0.6745098039215686,0.1879650186002596,3.711,3.921,7.260816e-05,True,0.0041891160784313
613,613,3,0.0,0.0,0.0,0.0,0.0,4.164,4.164,2.017054e-06,True,0.0041891160784313
613,613,4,0.0,0.0,0.0,0.0,0.0,4.23,4.23,1.415254e-07,True,0.0041891160784313
613,613,5,0.0,0.0,0.0,0.0,0.0,3.977,3.977,1.196747e-07,True,0.0041891160784313
613,613,6,0.0,0.0,0.0,0.0,0.0,4.329,4.329,6.311229e-07,True,0.0041891160784313
613,613,7,0.0,0.0,0.0,0.0,0.0,3.995,3.995,7.236363e-07,True,0.0041891160784313
613,613,8,0.0,0.0,0.0,0.0,0.0,4.294,4.294,8.223111e-07,True,0.0041891160784313
614,614,1,0.0,0.0,0.0,0.0,0.0,4.318,4.318,3.245387e-07,True,0.011892677254902
614,614,2,0.0,0.0,0.0,0.0,0.0,4.261,4.261,6.541987e-07,True,0.011892677254902
614,614,3,0.7254901960784313,0.7373828733333334,0.011892677254902,0.7254901960784313,0.2498904140783457,3.565,3.797,7.748818e-05,True,0.011892677254902
614,614,4,0.0,0.0,0.0,0.0,0.0,4.23,4.23,7.538635e-06,True,0.011892677254902
614,614,5,0.0,0.0,0.0,0.0,0.0,3.977,3.977,3.646159e-07,True,0.011892677254902
614,614,6,0.0,0.0,0.0,0.0,0.0,4.329,4.329,5.595538e-07,True,0.011892677254902
614,614,7,0.0,0.0,0.0,0.0,0.0,3.995,3.995,8.252218e-07,True,0.011892677254902
614,614,8,0.0,0.0,0.0,0.0,0.0,4.294,4.294,7.310009e-07,True,0.011892677254902
615,615,1,0.0,0.0,0.0,0.0,0.0,4.318,4.318,3.180867e-07,True,0.0118541506372548
615,615,2,0.0,0.0,0.0,0.0,0.0,4.261,4.261,6.852503e-07,True,0.0118541506372548
615,615,3,0.0,0.0,0.0,0.0,0.0,4.164,4.164,1.543164e-06,True,0.0118541506372548
615,615,4,0.0,0.0,0.0,0.0,0.0,4.23,4.23,1.233532e-06,True,0.0118541506372548
615,615,5,0.7137254901960784,0.7255796408333333,0.0118541506372548,0.7137254901960784,0.4412417383802777,3.46,3.588,8.075208e-05,True,0.0118541506372548
615,615,6,0.0,0.0,0.0,0.0,0.0,4.329,4.329,9.352264e-07,True,0.0118541506372548
615,615,7,0.0,0.0,0.0,0.0,0.0,3.995,3.995,8.792076e-07,True,0.0118541506372548
615,615,8,0.0,0.0,0.0,0.0,0.0,4.294,4.294,7.230099e-07,True,0.0118541506372548
616,616,1,0.0,0.0,0.0,0.0,0.0,4.318,4.318,4.69839e-06,True,0.0066175972549019
616,616,2,0.7254901960784313,0.7321077933333333,0.0066175972549019,0.7254901960784313,0.213389437010386,3.691,3.907,7.866175e-05,True,0.0066175972549019
616,616,3,0.0,0.0,0.0,0.0,0.0,4.164,4.164,2.050744e-06,True,0.0066175972549019
616,616,4,0.0,0.0,0.0,0.0,0.0,4.23,4.23,1.412169e-07,True,0.0066175972549019
616,616,5,0.0,0.0,0.0,0.0,0.0,3.977,3.977,1.191131e-07,True,0.0066175972549019
616,616,6,0.0,0.0,0.0,0.0,0.0,4.329,4.329,6.327029e-07,True,0.0066175972549019
616,616,7,0.0,0.0,0.0,0.0,0.0,3.995,3.995,7.236779e-07,True,0.0066175972549019
616,616,8,0.0,0.0,0.0,0.0,0.0,4.294,4.294,8.253404e-07,True,0.0066175972549019
617,617,1,0.0,0.0,0.0,0.0,0.0,4.318,4.318,2.380507e-07,True,0.0060204523039214
617,617,2,0.0,0.0,0.0,0.0,0.0,4.261,4.261,8.899697e-07,True,0.0060204523039214
617,617,3,0.0,0.0,0.0,0.0,0.0,4.164,4.164,1.140684e-06,True,0.0060204523039214
617,617,4,0.7137254901960784,0.7197459424999999,0.0060204523039214,0.7137254901960784,0.2743841080454474,3.621,3.872,8.062927e-05,True,0.0060204523039214
617,617,5,0.0,0.0,0.0,0.0,0.0,3.977,3.977,1.326197e-06,True,0.0060204523039214
617,617,6,0.0,0.0,0.0,0.0,0.0,4.329,4.329,5.717038e-07,True,0.0060204523039214
617,617,7,0.0,0.0,0.0,0.0,0.0,3.995,3.995,7.376455e-07,True,0.0060204523039214
617,617,8,0.0,0.0,0.0,0.0,0.0,4.294,4.294,8.359924e-07,True,0.0060204523039214
618,618,1,0.0,0.0,0.0,0.0,0.0,4.318,4.318,2.980355e-07,True,0.0118169310294118
618,618,2,0.0,0.0,0.0,0.0,0.0,4.261,4.261,6.835982e-07,True,0.0118169310294118
618,618,3,0.0,0.0,0.0,0.0,0.0,4.164,4.164,1.492222e-06,True,0.0118169310294118
618,618,4,0.0,0.0,0.0,0.0,0.0,4.23,4.23,7.646599e-07,True,0.0118169310294118
618,618,5,0.4196078431372549,0.4314247741666668,0.0118169310294118,0.4196078431372549,0.2486031620508995,3.598,3.688,4.610589e-05,True,0.0118169310294118
618,618,6,0.0,0.0,0.0,0.0,0.0,4.329,4.329,8.665633e-07,True,0.0118169310294118
618,618,7,0.0,0.0,0.0,0.0,0.0,3.995,3.995,8.349714e-07,True,0.0118169310294118
618,618,8,0.0,0.0,0.0,0.0,0.0,4.294,4.294,7.250326e-07,True,0.0118169310294118
619,619,1,0.0,0.0,0.0,0.0,0.0,4.318,4.318,2.376381e-07,True,0.0129898510294118
619,619,2,0.0,0.0,0.0,0.0,0.0,4.261,4.261,8.402466e-07,True,0.0129898510294118
619,619,3,0.0,0.0,0.0,0.0,0.0,4.164,4.164,5.033112e-07,True,0.0129898510294118
619,619,4,0.4196078431372549,0.4325976941666667,0.0129898510294118,0.4196078431372549,0.152567968729902,3.785,3.959,4.73087e-05,True,0.0129898510294118
619,619,5,0.0,0.0,0.0,0.0,0.0,3.977,3.977,9.171225e-07,True,0.0129898510294118
619,619,6,0.0,0.0,0.0,0.0,0.0,4.329,4.329,5.597498e-07,True,0.0129898510294118
619,619,7,0.0,0.0,0.0,0.0,0.0,3.995,3.995,7.346683e-07,True,0.0129898510294118
619,619,8,0.0,0.0,0.0,0.0,0.0,4.294,4.294,8.102868e-07,True,0.0129898510294118
620,620,1,0.0,0.0,0.0,0.0,0.0,4.318,4.318,2.876996e-07,True,0.0198649433333333
620,620,2,0.0,0.0,0.0,0.0,0.0,4.261,4.261,6.836273e-07,True,0.0198649433333333
620,620,3,0.0,0.0,0.0,0.0,0.0,4.164,4.164,1.466015e-06,True,0.0198649433333333
620,620,4,0.0,0.0,0.0,0.0,0.0,4.23,4.23,5.799336e-07,True,0.0198649433333333
620,620,5,0.3333333333333333,0.31346839,-0.0198649433333333,0.3333333333333333,0.177211657284927,3.643,3.736,3.223084e-05,True,0.0198649433333333
620,620,6,0.0,0.0,0.0,0.0,0.0,4.329,4.329,8.271642e-07,True,0.0198649433333333
620,620,7,0.0,0.0,0.0,0.0,0.0,3.995,3.995,8.137128e-07,True,0.0198649433333333
620,620,8,0.0,0.0,0.0,0.0,0.0,4.294,4.294,7.272143e-07,True,0.0198649433333333
621,621,1,0.0,0.0,0.0,0.0,0.0,4.318,4.318,2.391625e-07,True,0.0183877541666666
621,621,2,0.0,0.0,0.0,0.0,0.0,4.261,4.261,8.243411e-07,True,0.0183877541666666
621,621,3,0.0,0.0,0.0,0.0,0.0,4.164,4.164,3.761241e-07,True,0.0183877541666666
621,621,4,0.3333333333333333,0.3517210875,0.0183877541666666,0.3333333333333333,0.1151341920083775,3.836,3.988,3.788041e-05,True,0.0183877541666666
621,621,5,0.0,0.0,0.0,0.0,0.0,3.977,3.977,7.87677e-07,True,0.0183877541666666
621,621,6,0.0,0.0,0.0,0.0,0.0,4.329,4.329,5.579082e-07,True,0.0183877541666666
621,621,7,0.0,0.0,0.0,0.0,0.0,3.995,3.995,7.361311e-07,True,0.0183877541666666
621,621,8,0.0,0.0,0.0,0.0,0.0,4.294,4.294,8.047765e-07,True,0.0183877541666666
622,622,1,0.0,0.0,0.0,0.0,0.0,4.318,4.318,2.865691e-07,True,0.0076572324509803
622,622,2,0.0,0.0,0.0,0.0,0.0,4.261,4.261,6.59895e-07,True,0.0076572324509803
622,622,3,0.188235294117647,0.1805780616666666,-0.0076572324509803,0.188235294117647,0.0618087042331493,3.836,3.983,1.588971e-05,True,0.0076572324509803
622,622,4,0.0,0.0,0.0,0.0,0.0,4.23,4.23,2.564016e-06,True,0.0076572324509803
622,622,5,0.0,0.0,0.0,0.0,0.0,3.977,3.977,1.950577e-07,True,0.0076572324509803
622,622,6,0.0,0.0,0.0,0.0,0.0,4.329,4.329,5.643971e-07,True,0.0076572324509803
622,622,7,0.0,0.0,0.0,0.0,0.0,3.995,3.995,7.759602e-07,True,0.0076572324509803
622,622,8,0.0,0.0,0.0,0.0,0.0,4.294,4.294,7.337623e-07,True,0.0076572324509803
623,623,1,0.0,0.0,0.0,0.0,0.0,4.318,4.318,1.269294e-06,True,0.0044864532843136
623,623,2,0.188235294117647,0.1837488408333333,-0.0044864532843136,0.188235294117647,0.0337078455508669,3.921,4.089,1.68353e-05,True,0.0044864532843136
623,623,3,0.0,0.0,0.0,0.0,0.0,4.164,4.164,1.580563e-06,True,0.0044864532843136
623,623,4,0.0,0.0,0.0,0.0,0.0,4.23,4.23,1.394394e-07,True,0.0044864532843136
623,623,5,0.0,0.0,0.0,0.0,0.0,3.977,3.977,1.222044e-07,True,0.0044864532843136
623,623,6,0.0,0.0,0.0,0.0,0.0,4.329,4.329,5.965231e-07,True,0.0044864532843136
623,623,7,0.0,0.0,0.0,0.0,0.0,3.995,3.995,7.285145e-07,True,0.0044864532843136
623,623,8,0.0,0.0,0.0,0.0,0.0,4.294,4.294,7.780225e-07,True,0.0044864532843136
624,624,1,0.0,0.0,0.0,0.0,0.0,4.318,4.318,3.15419e-07,True,0.0018675197058823
624,624,2,0.0,0.0,0.0,0.0,0.0,4.261,4.261,6.58248e-07,True,0.0018675197058823
624,624,3,0.5372549019607842,0.5391224216666666,0.0018675197058823,0.5372549019607842,0.1640479037707229,3.652,3.852,5.541531e-05,True,0.0018675197058823
624,624,4,0.0,0.0,0.0,0.0,0.0,4.23,4.23,5.898133e-06,True,0.0018675197058823
624,624,5,0.0,0.0,0.0,0.0,0.0,3.977,3.977,3.063919e-07,True,0.0018675197058823
624,624,6,0.0,0.0,0.0,0.0,0.0,4.329,4.329,5.598876e-07,True,0.0018675197058823
624,624,7,0.0,0.0,0.0,0.0,0.0,3.995,3.995,8.120297e-07,True,0.0018675197058823
624,624,8,0.0,0.0,0.0,0.0,0.0,4.294,4.294,7.292714e-07,True,0.0018675197058823
625,625,1,0.0,0.0,0.0,0.0,0.0,4.318,4.318,3.610606e-06,True,0.0162111472058824
625,625,2,0.5372549019607842,0.5534660491666666,0.0162111472058824,0.5372549019607842,0.127015030613516,3.765,3.956,5.846795e-05,True,0.0162111472058824
625,625,3,0.0,0.0,0.0,0.0,0.0,4.164,4.164,1.919525e-06,True,0.0162111472058824
625,625,4,0.0,0.0,0.0,0.0,0.0,4.23,4.23,1.409706e-07,True,0.0162111472058824
625,625,5,0.0,0.0,0.0,0.0,0.0,3.977,3.977,1.193575e-07,True,0.0162111472058824
625,625,6,0.0,0.0,0.0,0.0,0.0,4.329,4.329,6.214353e-07,True,0.0162111472058824
625,625,7,0.0,0.0,0.0,0.0,0.0,3.995,3.995,7.254594e-07,True,0.0162111472058824
625,625,8,0.0,0.0,0.0,0.0,0.0,4.294,4.294,8.106221e-07,True,0.0162111472058824
626,626,1,0.0,0.0,0.0,0.0,0.0,4.318,4.318,3.305719e-07,True,0.0101891556372548
626,626,2,0.0,0.0,0.0,0.0,0.0,4.261,4.261,6.845234e-07,True,0.0101891556372548
626,626,3,0.0,0.0,0.0,0.0,0.0,4.164,4.164,1.577954e-06,True,0.0101891556372548
626,626,4,0.0,0.0,0.0,0.0,0.0,4.23,4.23,1.553013e-06,True,0.0101891556372548
626,626,5,0.9137254901960784,0.9239146458333332,0.0101891556372548,0.9137254901960784,0.5659321354436367,3.368,3.529,0.000104134,True,0.0101891556372548
626,626,6,0.0,0.0,0.0,0.0,0.0,4.329,4.329,9.630977e-07,True,0.0101891556372548
626,626,7,0.0,0.0,0.0,0.0,0.0,3.995,3.995,9.090988e-07,True,0.0101891556372548
626,626,8,0.0,0.0,0.0,0.0,0.0,4.294,4.294,7.174987e-07,True,0.0101891556372548
627,627,1,0.0,0.0,0.0,0.0,0.0,4.318,4.318,2.35551e-07,True,0.0031350006372549
627,627,2,0.0,0.0,0.0,0.0,0.0,4.261,4.261,9.239087e-07,True,0.0031350006372549
627,627,3,0.0,0.0,0.0,0.0,0.0,4.164,4.164,1.702082e-06,True,0.0031350006372549
627,627,4,0.9137254901960784,0.9168604908333332,0.0031350006372549,0.9137254901960784,0.3595231967054473,3.506,3.82,0.0001033812,True,0.0031350006372549
627,627,5,0.0,0.0,0.0,0.0,0.0,3.977,3.977,1.605049e-06,True,0.0031350006372549
627,627,6,0.0,0.0,0.0,0.0,0.0,4.329,4.329,5.842941e-07,True,0.0031350006372549
627,627,7,0.0,0.0,0.0,0.0,0.0,3.995,3.995,7.388235e-07,True,0.0031350006372549
627,627,8,0.0,0.0,0.0,0.0,0.0,4.294,4.294,8.523506e-07,True,0.0031350006372549
628,628,1,0.0,0.0,0.0,0.0,0.0,4.318,4.318,3.200072e-07,True,0.0039476987745097
628,628,2,0.0,0.0,0.0,0.0,0.0,4.261,4.261,6.549531e-07,True,0.0039476987745097
628,628,3,0.6274509803921569,0.6313986791666666,0.0039476987745097,0.6274509803921569,0.2031649768116239,3.61,3.826,6.569899e-05,True,0.0039476987745097
628,628,4,0.0,0.0,0.0,0.0,0.0,4.23,4.23,6.648803e-06,True,0.0039476987745097
628,628,5,0.0,0.0,0.0,0.0,0.0,3.977,3.977,3.334292e-07,True,0.0039476987745097
628,628,6,0.0,0.0,0.0,0.0,0.0,4.329,4.329,5.627183e-07,True,0.0039476987745097
628,628,7,0.0,0.0,0.0,0.0,0.0,3.995,3.995,8.176552e-07,True,0.0039476987745097
628,628,8,0.0,0.0,0.0,0.0,0.0,4.294,4.294,7.312855e-07,True,0.0039476987745097
629,629,1,0.0,0.0,0.0,0.0,0.0,4.318,4.318,4.173274e-06,True,0.0196913704411765
629,629,2,0.6274509803921569,0.6471423508333334,0.0196913704411765,0.6274509803921569,0.1729540091512073,3.73,3.93,6.904072e-05,True,0.0196913704411765
629,629,3,0.0,0.0,0.0,0.0,0.0,4.164,4.164,1.999617e-06,True,0.0196913704411765
629,629,4,0.0,0.0,0.0,0.0,0.0,4.23,4.23,1.424778e-07,True,0.0196913704411765
629,629,5,0.0,0.0,0.0,0.0,0.0,3.977,3.977,1.210013e-07,True,0.0196913704411765
629,629,6,0.0,0.0,0.0,0.0,0.0,4.329,4.329,6.293064e-07,True,0.0196913704411765
629,629,7,0.0,0.0,0.0,0.0,0.0,3.995,3.995,7.265644e-07,True,0.0196913704411765
629,629,8,0.0,0.0,0.0,0.0,0.0,4.294,4.294,8.241212e-07,True,0.0196913704411765
630,630,1,0.0,0.0,0.0,0.0,0.0,4.318,4.318,3.094832e-07,True,0.0054086109803921
630,630,2,0.0,0.0,0.0,0.0,0.0,4.261,4.261,6.552506e-07,True,0.0054086109803921
630,630,3,0.4313725490196078,0.43678116,0.0054086109803921,0.4313725490196078,0.1152301095173467,3.701,3.884,4.406821e-05,True,0.0054086109803921
630,630,4,0.0,0.0,0.0,0.0,0.0,4.23,4.23,4.995059e-06,True,0.0054086109803921
630,630,5,0.0,0.0,0.0,0.0,0.0,3.977,3.977,2.78796e-07,True,0.0054086109803921
630,630,6,0.0,0.0,0.0,0.0,0.0,4.329,4.329,5.640352e-07,True,0.0054086109803921
630,630,7,0.0,0.0,0.0,0.0,0.0,3.995,3.995,8.046489e-07,True,0.0054086109803921
630,630,8,0.0,0.0,0.0,0.0,0.0,4.294,4.294,7.382563e-07,True,0.0054086109803921
631,631,1,0.0,0.0,0.0,0.0,0.0,4.318,4.318,2.871904e-07,True,0.0122783803431371
631,631,2,0.0,0.0,0.0,0.0,0.0,4.261,4.261,6.869637e-07,True,0.0122783803431371
631,631,3,0.0,0.0,0.0,0.0,0.0,4.164,4.164,1.462547e-06,True,0.0122783803431371
631,631,4,0.0,0.0,0.0,0.0,0.0,4.23,4.23,5.022665e-07,True,0.0122783803431371
631,631,5,0.2509803921568628,0.2632587724999999,0.0122783803431371,0.2509803921568628,0.1453168678974205,3.687,3.759,2.630211e-05,True,0.0122783803431371
631,631,6,0.0,0.0,0.0,0.0,0.0,4.329,4.329,8.123636e-07,True,0.0122783803431371
631,631,7,0.0,0.0,0.0,0.0,0.0,3.995,3.995,8.055633e-07,True,0.0122783803431371
631,631,8,0.0,0.0,0.0,0.0,0.0,4.294,4.294,7.320482e-07,True,0.0122783803431371
632,632,1,0.0,0.0,0.0,0.0,0.0,4.318,4.318,2.957756e-06,True,0.0181470768137254
632,632,2,0.4313725490196078,0.4495196258333332,0.0181470768137254,0.4313725490196078,0.0715675158289091,3.808,3.988,4.672357e-05,True,0.0181470768137254
632,632,3,0.0,0.0,0.0,0.0,0.0,4.164,4.164,1.84044e-06,True,0.0181470768137254
632,632,4,0.0,0.0,0.0,0.0,0.0,4.23,4.23,1.435594e-07,True,0.0181470768137254
632,632,5,0.0,0.0,0.0,0.0,0.0,3.977,3.977,1.223633e-07,True,0.0181470768137254
632,632,6,0.0,0.0,0.0,0.0,0.0,4.329,4.329,6.188303e-07,True,0.0181470768137254
632,632,7,0.0,0.0,0.0,0.0,0.0,3.995,3.995,7.301668e-07,True,0.0181470768137254
632,632,8,0.0,0.0,0.0,0.0,0.0,4.294,4.294,8.056693e-07,True,0.0181470768137254
633,633,1,0.0,0.0,0.0,0.0,0.0,4.318,4.318,2.379798e-07,True,0.0006896613235294
633,633,2,0.0,0.0,0.0,0.0,0.0,4.261,4.261,8.040057e-07,True,0.0006896613235294
633,633,3,0.0,0.0,0.0,0.0,0.0,4.164,4.164,2.853771e-07,True,0.0006896613235294
633,633,4,0.2509803921568628,0.2502907308333333,-0.0006896613235294,0.2509803921568628,0.0753806091752452,3.887,4.029,2.598585e-05,True,0.0006896613235294
633,633,5,0.0,0.0,0.0,0.0,0.0,3.977,3.977,6.306665e-07,True,0.0006896613235294
633,633,6,0.0,0.0,0.0,0.0,0.0,4.329,4.329,5.571586e-07,True,0.0006896613235294
633,633,7,0.0,0.0,0.0,0.0,0.0,3.995,3.995,7.400378e-07,True,0.0006896613235294
633,633,8,0.0,0.0,0.0,0.0,0.0,4.294,4.294,7.938122e-07,True,0.0006896613235294
634,634,1,0.0,0.0,0.0,0.0,0.0,4.318,4.318,3.002377e-07,True,0.0090985961274509
634,634,2,0.0,0.0,0.0,0.0,0.0,4.261,4.261,6.881455e-07,True,0.0090985961274509
634,634,3,0.0,0.0,0.0,0.0,0.0,4.164,4.164,1.514718e-06,True,0.0090985961274509
634,634,4,0.0,0.0,0.0,0.0,0.0,4.23,4.23,8.306524e-07,True,0.0090985961274509
634,634,5,0.4627450980392157,0.4718436941666666,0.0090985961274509,0.4627450980392157,0.2777726937918024,3.578,3.673,5.083382e-05,True,0.0090985961274509
634,634,6,0.0,0.0,0.0,0.0,0.0,4.329,4.329,8.799827e-07,True,0.0090985961274509
634,634,7,0.0,0.0,0.0,0.0,0.0,3.995,3.995,8.462891e-07,True,0.0090985961274509
634,634,8,0.0,0.0,0.0,0.0,0.0,4.294,4.294,7.273979e-07,True,0.0090985961274509
635,635,1,0.0,0.0,0.0,0.0,0.0,4.318,4.318,2.367155e-07,True,0.0024491330392157
635,635,2,0.0,0.0,0.0,0.0,0.0,4.261,4.261,8.485552e-07,True,0.0024491330392157
635,635,3,0.0,0.0,0.0,0.0,0.0,4.164,4.164,5.453911e-07,True,0.0024491330392157
635,635,4,0.4627450980392157,0.460295965,-0.0024491330392157,0.4627450980392157,0.1639382395724448,3.761,3.95,5.052241e-05,True,0.0024491330392157
635,635,5,0.0,0.0,0.0,0.0,0.0,3.977,3.977,9.669017e-07,True,0.0024491330392157
635,635,6,0.0,0.0,0.0,0.0,0.0,4.329,4.329,5.619515e-07,True,0.0024491330392157
635,635,7,0.0,0.0,0.0,0.0,0.0,3.995,3.995,7.393349e-07,True,0.0024491330392157
635,635,8,0.0,0.0,0.0,0.0,0.0,4.294,4.294,8.142559e-07,True,0.0024491330392157
636,636,1,0.0,0.0,0.0,0.0,0.0,4.318,4.318,3.072065e-07,True,0.0058392290686274
636,636,2,0.0,0.0,0.0,0.0,0.0,4.261,4.261,6.587906e-07,True,0.0058392290686274
636,636,3,0.4235294117647058,0.4293686408333332,0.0058392290686274,0.4235294117647058,0.1108592447474407,3.705,3.886,4.323134e-05,True,0.0058392290686274
636,636,4,0.0,0.0,0.0,0.0,0.0,4.23,4.23,4.947967e-06,True,0.0058392290686274
636,636,5,0.0,0.0,0.0,0.0,0.0,3.977,3.977,2.758929e-07,True,0.0058392290686274
636,636,6,0.0,0.0,0.0,0.0,0.0,4.329,4.329,5.645566e-07,True,0.0058392290686274
636,636,7,0.0,0.0,0.0,0.0,0.0,3.995,3.995,8.045435e-07,True,0.0058392290686274
636,636,8,0.0,0.0,0.0,0.0,0.0,4.294,4.294,7.339398e-07,True,0.0058392290686274
637,637,1,0.0,0.0,0.0,0.0,0.0,4.318,4.318,2.755721e-06,True,0.005255247598039
637,637,2,0.4235294117647058,0.4182741641666667,-0.005255247598039,0.4235294117647058,0.0541550206180299,3.812,3.998,4.320313e-05,True,0.005255247598039
637,637,3,0.0,0.0,0.0,0.0,0.0,4.164,4.164,1.818961e-06,True,0.005255247598039
637,637,4,0.0,0.0,0.0,0.0,0.0,4.23,4.23,1.425035e-07,True,0.005255247598039
637,637,5,0.0,0.0,0.0,0.0,0.0,3.977,3.977,1.213918e-07,True,0.005255247598039
637,637,6,0.0,0.0,0.0,0.0,0.0,4.329,4.329,6.184107e-07,True,0.005255247598039
637,637,7,0.0,0.0,0.0,0.0,0.0,3.995,3.995,7.304213e-07,True,0.005255247598039
637,637,8,0.0,0.0,0.0,0.0,0.0,4.294,4.294,8.023604e-07,True,0.005255247598039
638,638,1,0.0,0.0,0.0,0.0,0.0,4.318,4.318,3.281446e-07,True,0.0131674138725491
638,638,2,0.0,0.0,0.0,0.0,0.0,4.261,4.261,6.620274e-07,True,0.0131674138725491
638,638,3,0.7372549019607842,0.7504223158333334,0.0131674138725491,0.7372549019607842,0.2549003125104105,3.56,3.794,7.893213e-05,True,0.0131674138725491
638,638,4,0.0,0.0,0.0,0.0,0.0,4.23,4.23,7.625992e-06,True,0.0131674138725491
638,638,5,0.0,0.0,0.0,0.0,0.0,3.977,3.977,3.721398e-07,True,0.0131674138725491
638,638,6,0.0,0.0,0.0,0.0,0.0,4.329,4.329,5.643482e-07,True,0.0131674138725491
638,638,7,0.0,0.0,0.0,0.0,0.0,3.995,3.995,8.296832e-07,True,0.0131674138725491
638,638,8,0.0,0.0,0.0,0.0,0.0,4.294,4.294,7.362127e-07,True,0.0131674138725491
639,639,1,0.0,0.0,0.0,0.0,0.0,4.318,4.318,4.771011e-06,True,0.0104910638725488
639,639,2,0.7372549019607842,0.7477459658333331,0.0104910638725488,0.7372549019607842,0.219878429699234,3.686,3.903,8.042218e-05,True,0.0104910638725488
639,639,3,0.0,0.0,0.0,0.0,0.0,4.164,4.164,2.070175e-06,True,0.0104910638725488
639,639,4,0.0,0.0,0.0,0.0,0.0,4.23,4.23,1.432352e-07,True,0.0104910638725488
639,639,5,0.0,0.0,0.0,0.0,0.0,3.977,3.977,1.207041e-07,True,0.0104910638725488
639,639,6,0.0,0.0,0.0,0.0,0.0,4.329,4.329,6.402245e-07,True,0.0104910638725488
639,639,7,0.0,0.0,0.0,0.0,0.0,3.995,3.995,7.278896e-07,True,0.0104910638725488
639,639,8,0.0,0.0,0.0,0.0,0.0,4.294,4.294,8.340965e-07,True,0.0104910638725488
640,640,1,0.0,0.0,0.0,0.0,0.0,4.318,4.318,2.425817e-07,True,0.0145146274019608
640,640,2,0.0,0.0,0.0,0.0,0.0,4.261,4.261,6.920111e-07,True,0.0145146274019608
640,640,3,0.0,0.0,0.0,0.0,0.0,4.164,4.164,1.317267e-06,True,0.0145146274019608
640,640,4,0.0,0.0,0.0,0.0,0.0,4.23,4.23,1.301095e-07,True,0.0145146274019608
640,640,5,0.0235294117647058,0.0380440391666666,0.0145146274019608,0.0235294117647058,0.0,3.881,3.977,1.273235e-07,True,0.0145146274019608
640,640,6,0.0,0.0,0.0,0.0,0.0,4.329,4.329,5.729643e-07,True,0.0145146274019608
640,640,7,0.0,0.0,0.0,0.0,0.0,3.995,3.995,7.372293e-07,True,0.0145146274019608
640,640,8,0.0,0.0,0.0,0.0,0.0,4.294,4.294,7.457983e-07,True,0.0145146274019608
641,641,1,0.0,0.0,0.0,0.0,0.0,4.318,4.318,2.448451e-07,True,0.0145287824019608
641,641,2,0.0,0.0,0.0,0.0,0.0,4.261,4.261,6.903636e-07,True,0.0145287824019608
641,641,3,0.0,0.0,0.0,0.0,0.0,4.164,4.164,1.315447e-06,True,0.0145287824019608
641,641,4,0.0235294117647058,0.0380581941666666,0.0145287824019608,0.0235294117647058,0.0,4.091,4.23,1.296789e-07,True,0.0145287824019608
641,641,5,0.0,0.0,0.0,0.0,0.0,3.977,3.977,1.276289e-07,True,0.0145287824019608
641,641,6,0.0,0.0,0.0,0.0,0.0,4.329,4.329,5.731205e-07,True,0.0145287824019608
641,641,7,0.0,0.0,0.0,0.0,0.0,3.995,3.995,7.360808e-07,True,0.0145287824019608
641,641,8,0.0,0.0,0.0,0.0,0.0,4.294,4.294,7.498185e-07,True,0.0145287824019608
642,642,1,0.0,0.0,0.0,0.0,0.0,4.318,4.318,3.075425e-07,True,0.0067488714705882
642,642,2,0.0,0.0,0.0,0.0,0.0,4.261,4.261,6.630034e-07,True,0.0067488714705882
642,642,3,0.380392156862745,0.3871410283333332,0.0067488714705882,0.380392156862745,0.0903134851788847,3.728,3.9,3.854858e-05,True,0.0067488714705882
642,642,4,0.0,0.0,0.0,0.0,0.0,4.23,4.23,4.562801e-06,True,0.0067488714705882
642,642,5,0.0,0.0,0.0,0.0,0.0,3.977,3.977,2.65614e-07,True,0.0067488714705882
642,642,6,0.0,0.0,0.0,0.0,0.0,4.329,4.329,5.682213e-07,True,0.0067488714705882
642,642,7,0.0,0.0,0.0,0.0,0.0,3.995,3.995,8.020537e-07,True,0.0067488714705882
642,642,8,0.0,0.0,0.0,0.0,0.0,4.294,4.294,7.391075e-07,True,0.0067488714705882
643,643,1,0.0,0.0,0.0,0.0,0.0,4.318,4.318,2.479906e-06,True,0.007248434362745
643,643,2,0.380392156862745,0.3731437224999999,-0.007248434362745,0.380392156862745,0.0486870996489546,3.831,4.013,3.810964e-05,True,0.007248434362745
643,643,3,0.0,0.0,0.0,0.0,0.0,4.164,4.164,1.769908e-06,True,0.007248434362745
643,643,4,0.0,0.0,0.0,0.0,0.0,4.23,4.23,1.428082e-07,True,0.007248434362745
643,643,5,0.0,0.0,0.0,0.0,0.0,3.977,3.977,1.237105e-07,True,0.007248434362745
643,643,6,0.0,0.0,0.0,0.0,0.0,4.329,4.329,6.166641e-07,True,0.007248434362745
643,643,7,0.0,0.0,0.0,0.0,0.0,3.995,3.995,7.308171e-07,True,0.007248434362745
643,643,8,0.0,0.0,0.0,0.0,0.0,4.294,4.294,8.037928e-07,True,0.007248434362745
644,644,1,0.0,0.0,0.0,0.0,0.0,4.318,4.318,3.287104e-07,True,0.0136419944117648
644,644,2,0.0,0.0,0.0,0.0,0.0,4.261,4.261,6.604369e-07,True,0.0136419944117648
644,644,3,0.8078431372549019,0.8214851316666667,0.0136419944117648,0.8078431372549019,0.2880707107636332,3.528,3.776,8.689282e-05,True,0.0136419944117648
644,644,4,0.0,0.0,0.0,0.0,0.0,4.23,4.23,8.176922e-06,True,0.0136419944117648
644,644,5,0.0,0.0,0.0,0.0,0.0,3.977,3.977,3.899857e-07,True,0.0136419944117648
644,644,6,0.0,0.0,0.0,0.0,0.0,4.329,4.329,5.624657e-07,True,0.0136419944117648
644,644,7,0.0,0.0,0.0,0.0,0.0,3.995,3.995,8.338052e-07,True,0.0136419944117648
644,644,8,0.0,0.0,0.0,0.0,0.0,4.294,4.294,7.330699e-07,True,0.0136419944117648
645,645,1,0.0,0.0,0.0,0.0,0.0,4.318,4.318,5.227382e-06,True,0.0126837610784315
645,645,2,0.8078431372549019,0.8205268983333334,0.0126837610784315,0.8078431372549019,0.2600569866080825,3.659,3.884,8.864945e-05,True,0.0126837610784315
645,645,3,0.0,0.0,0.0,0.0,0.0,4.164,4.164,2.122644e-06,True,0.0126837610784315
645,645,4,0.0,0.0,0.0,0.0,0.0,4.23,4.23,1.414344e-07,True,0.0126837610784315
645,645,5,0.0,0.0,0.0,0.0,0.0,3.977,3.977,1.195764e-07,True,0.0126837610784315
645,645,6,0.0,0.0,0.0,0.0,0.0,4.329,4.329,6.4229e-07,True,0.0126837610784315
645,645,7,0.0,0.0,0.0,0.0,0.0,3.995,3.995,7.276963e-07,True,0.0126837610784315
645,645,8,0.0,0.0,0.0,0.0,0.0,4.294,4.294,8.327547e-07,True,0.0126837610784315
646,646,1,0.0,0.0,0.0,0.0,0.0,4.318,4.318,2.854729e-07,True,0.006425973872549
646,646,2,0.0,0.0,0.0,0.0,0.0,4.261,4.261,6.642685e-07,True,0.006425973872549
646,646,3,0.1372549019607843,0.1436808758333333,0.006425973872549,0.1372549019607843,0.0549452407780636,3.869,4.003,1.185579e-05,True,0.006425973872549
646,646,4,0.0,0.0,0.0,0.0,0.0,4.23,4.23,2.165399e-06,True,0.006425973872549
646,646,5,0.0,0.0,0.0,0.0,0.0,3.977,3.977,1.856396e-07,True,0.006425973872549
646,646,6,0.0,0.0,0.0,0.0,0.0,4.329,4.329,5.706974e-07,True,0.006425973872549
646,646,7,0.0,0.0,0.0,0.0,0.0,3.995,3.995,7.76395e-07,True,0.006425973872549
646,646,8,0.0,0.0,0.0,0.0,0.0,4.294,4.294,7.380427e-07,True,0.006425973872549
647,647,1,0.0,0.0,0.0,0.0,0.0,4.318,4.318,9.537473e-07,True,0.0017352961274509
647,647,2,0.1372549019607843,0.1355196058333333,-0.0017352961274509,0.1372549019607843,0.0287577014082931,3.951,4.115,1.140396e-05,True,0.0017352961274509
647,647,3,0.0,0.0,0.0,0.0,0.0,4.164,4.164,1.532657e-06,True,0.0017352961274509
647,647,4,0.0,0.0,0.0,0.0,0.0,4.23,4.23,1.401873e-07,True,0.0017352961274509
647,647,5,0.0,0.0,0.0,0.0,0.0,3.977,3.977,1.237419e-07,True,0.0017352961274509
647,647,6,0.0,0.0,0.0,0.0,0.0,4.329,4.329,5.964544e-07,True,0.0017352961274509
647,647,7,0.0,0.0,0.0,0.0,0.0,3.995,3.995,7.337397e-07,True,0.0017352961274509
647,647,8,0.0,0.0,0.0,0.0,0.0,4.294,4.294,7.778651e-07,True,0.0017352961274509
648,648,1,0.0,0.0,0.0,0.0,0.0,4.318,4.318,2.731584e-07,True,0.0055485235294118
648,648,2,0.0,0.0,0.0,0.0,0.0,4.261,4.261,6.895503e-07,True,0.0055485235294118
648,648,3,0.0,0.0,0.0,0.0,0.0,4.164,4.164,1.425064e-06,True,0.0055485235294118
648,648,4,0.0,0.0,0.0,0.0,0.0,4.23,4.23,3.340177e-07,True,0.0055485235294118
648,648,5,0.1529411764705882,0.1584897,0.0055485235294118,0.1529411764705882,0.0761619863491359,3.753,3.816,1.401929e-05,True,0.0055485235294118
648,648,6,0.0,0.0,0.0,0.0,0.0,4.329,4.329,7.563405e-07,True,0.0055485235294118
648,648,7,0.0,0.0,0.0,0.0,0.0,3.995,3.995,7.87198e-07,True,0.0055485235294118
648,648,8,0.0,0.0,0.0,0.0,0.0,4.294,4.294,7.341451e-07,True,0.0055485235294118
649,649,1,0.0,0.0,0.0,0.0,0.0,4.318,4.318,3.229424e-07,True,0.0052527850490194
649,649,2,0.0,0.0,0.0,0.0,0.0,4.261,4.261,6.572695e-07,True,0.0052527850490194
649,649,3,0.6549019607843137,0.6601547458333332,0.0052527850490194,0.6549019607843137,0.2159431928791852,3.597,3.818,6.887329e-05,True,0.0052527850490194
649,649,4,0.0,0.0,0.0,0.0,0.0,4.23,4.23,6.892154e-06,True,0.0052527850490194
649,649,5,0.0,0.0,0.0,0.0,0.0,3.977,3.977,3.460374e-07,True,0.0052527850490194
649,649,6,0.0,0.0,0.0,0.0,0.0,4.329,4.329,5.654248e-07,True,0.0052527850490194
649,649,7,0.0,0.0,0.0,0.0,0.0,3.995,3.995,8.242106e-07,True,0.0052527850490194
649,649,8,0.0,0.0,0.0,0.0,0.0,4.294,4.294,7.372408e-07,True,0.0052527850490194
650,650,1,0.0,0.0,0.0,0.0,0.0,4.318,4.318,2.425949e-07,True,0.0067898676960784
650,650,2,0.0,0.0,0.0,0.0,0.0,4.261,4.261,7.80058e-07,True,0.0067898676960784
650,650,3,0.0,0.0,0.0,0.0,0.0,4.164,4.164,2.988824e-07,True,0.0067898676960784
650,650,4,0.1529411764705882,0.1597310441666666,0.0067898676960784,0.1529411764705882,0.0381219937778185,3.959,4.074,1.529213e-05,True,0.0067898676960784
650,650,5,0.0,0.0,0.0,0.0,0.0,3.977,3.977,4.693053e-07,True,0.0067898676960784
650,650,6,0.0,0.0,0.0,0.0,0.0,4.329,4.329,5.626902e-07,True,0.0067898676960784
650,650,7,0.0,0.0,0.0,0.0,0.0,3.995,3.995,7.36534e-07,True,0.0067898676960784
650,650,8,0.0,0.0,0.0,0.0,0.0,4.294,4.294,7.855305e-07,True,0.0067898676960784
651,651,1,0.0,0.0,0.0,0.0,0.0,4.318,4.318,4.22539e-06,True,0.0018627592156862
651,651,2,0.6549019607843137,0.65676472,0.0018627592156862,0.6549019607843137,0.1779791176002196,3.719,3.927,7.012665e-05,True,0.0018627592156862
651,651,3,0.0,0.0,0.0,0.0,0.0,4.164,4.164,2.008434e-06,True,0.0018627592156862
651,651,4,0.0,0.0,0.0,0.0,0.0,4.23,4.23,1.416612e-07,True,0.0018627592156862
651,651,5,0.0,0.0,0.0,0.0,0.0,3.977,3.977,1.211389e-07,True,0.0018627592156862
651,651,6,0.0,0.0,0.0,0.0,0.0,4.329,4.329,6.351951e-07,True,0.0018627592156862
651,651,7,0.0,0.0,0.0,0.0,0.0,3.995,3.995,7.27917e-07,True,0.0018627592156862
651,651,8,0.0,0.0,0.0,0.0,0.0,4.294,4.294,8.253802e-07,True,0.0018627592156862
652,652,1,0.0,0.0,0.0,0.0,0.0,4.318,4.318,3.324723e-07,True,0.0104430796078429
652,652,2,0.0,0.0,0.0,0.0,0.0,4.261,4.261,6.903936e-07,True,0.0104430796078429
652,652,3,0.0,0.0,0.0,0.0,0.0,4.164,4.164,1.576941e-06,True,0.0104430796078429
652,652,4,0.0,0.0,0.0,0.0,0.0,4.23,4.23,1.532136e-06,True,0.0104430796078429
652,652,5,0.8941176470588236,0.9045607266666664,0.0104430796078429,0.8941176470588236,0.555616109593253,3.377,3.534,0.0001018033,True,0.0104430796078429
652,652,6,0.0,0.0,0.0,0.0,0.0,4.329,4.329,9.727046e-07,True,0.0104430796078429
652,652,7,0.0,0.0,0.0,0.0,0.0,3.995,3.995,9.11093e-07,True,0.0104430796078429
652,652,8,0.0,0.0,0.0,0.0,0.0,4.294,4.294,7.282467e-07,True,0.0104430796078429
653,653,1,0.0,0.0,0.0,0.0,0.0,4.318,4.318,2.372403e-07,True,0.0042368912745096
653,653,2,0.0,0.0,0.0,0.0,0.0,4.261,4.261,9.261275e-07,True,0.0042368912745096
653,653,3,0.0,0.0,0.0,0.0,0.0,4.164,4.164,1.639382e-06,True,0.0042368912745096
653,653,4,0.8941176470588236,0.8983545383333332,0.0042368912745096,0.8941176470588236,0.3530998828542279,3.517,3.824,0.0001012236,True,0.0042368912745096
653,653,5,0.0,0.0,0.0,0.0,0.0,3.977,3.977,1.596196e-06,True,0.0042368912745096
653,653,6,0.0,0.0,0.0,0.0,0.0,4.329,4.329,5.878885e-07,True,0.0042368912745096
653,653,7,0.0,0.0,0.0,0.0,0.0,3.995,3.995,7.377666e-07,True,0.0042368912745096
653,653,8,0.0,0.0,0.0,0.0,0.0,4.294,4.294,8.543437e-07,True,0.0042368912745096
654,654,1,0.0,0.0,0.0,0.0,0.0,4.318,4.318,3.224452e-07,True,0.010074611666667
654,654,2,0.0,0.0,0.0,0.0,0.0,4.261,4.261,6.887763e-07,True,0.010074611666667
654,654,3,0.0,0.0,0.0,0.0,0.0,4.164,4.164,1.558903e-06,True,0.010074611666667
654,654,4,0.0,0.0,0.0,0.0,0.0,4.23,4.23,1.283918e-06,True,0.010074611666667
654,654,5,0.7333333333333331,0.7434079450000001,0.010074611666667,0.7333333333333331,0.4539256305569161,3.451,3.582,8.276719e-05,True,0.010074611666667
654,654,6,0.0,0.0,0.0,0.0,0.0,4.329,4.329,9.7125e-07,True,0.010074611666667
654,654,7,0.0,0.0,0.0,0.0,0.0,3.995,3.995,8.884894e-07,True,0.010074611666667
654,654,8,0.0,0.0,0.0,0.0,0.0,4.294,4.294,7.279815e-07,True,0.010074611666667
655,655,1,0.0,0.0,0.0,0.0,0.0,4.318,4.318,2.38034e-07,True,0.003484189166667
655,655,2,0.0,0.0,0.0,0.0,0.0,4.261,4.261,9.001684e-07,True,0.003484189166667
655,655,3,0.0,0.0,0.0,0.0,0.0,4.164,4.164,1.174572e-06,True,0.003484189166667
655,655,4,0.7333333333333331,0.7368175225000001,0.003484189166667,0.7333333333333331,0.2831358067506245,3.611,3.867,8.257333e-05,True,0.003484189166667
655,655,5,0.0,0.0,0.0,0.0,0.0,3.977,3.977,1.367575e-06,True,0.003484189166667
655,655,6,0.0,0.0,0.0,0.0,0.0,4.329,4.329,5.797943e-07,True,0.003484189166667
655,655,7,0.0,0.0,0.0,0.0,0.0,3.995,3.995,7.394323e-07,True,0.003484189166667
655,655,8,0.0,0.0,0.0,0.0,0.0,4.294,4.294,8.451967e-07,True,0.003484189166667
656,656,1,0.0,0.0,0.0,0.0,0.0,4.318,4.318,3.134246e-07,True,0.0109700216176469
656,656,2,0.0,0.0,0.0,0.0,0.0,4.261,4.261,6.914545e-07,True,0.0109700216176469
656,656,3,0.0,0.0,0.0,0.0,0.0,4.164,4.164,1.539333e-06,True,0.0109700216176469
656,656,4,0.0,0.0,0.0,0.0,0.0,4.23,4.23,1.192088e-06,True,0.0109700216176469
656,656,5,0.6784313725490196,0.6894013941666666,0.0109700216176469,0.6784313725490196,0.4181549232623012,3.476,3.599,7.64372e-05,True,0.0109700216176469
656,656,6,0.0,0.0,0.0,0.0,0.0,4.329,4.329,9.484983e-07,True,0.0109700216176469
656,656,7,0.0,0.0,0.0,0.0,0.0,3.995,3.995,8.775634e-07,True,0.0109700216176469
656,656,8,0.0,0.0,0.0,0.0,0.0,4.294,4.294,7.286055e-07,True,0.0109700216176469
657,657,1,0.0,0.0,0.0,0.0,0.0,4.318,4.318,3.03862e-07,True,0.0070830634313726
657,657,2,0.0,0.0,0.0,0.0,0.0,4.261,4.261,6.585264e-07,True,0.0070830634313726
657,657,3,0.3568627450980392,0.3497796816666666,-0.0070830634313726,0.3568627450980392,0.0855316389027144,3.74,3.913,3.442821e-05,True,0.0070830634313726
657,657,4,0.0,0.0,0.0,0.0,0.0,4.23,4.23,4.223411e-06,True,0.0070830634313726
657,657,5,0.0,0.0,0.0,0.0,0.0,3.977,3.977,2.542855e-07,True,0.0070830634313726
657,657,6,0.0,0.0,0.0,0.0,0.0,4.329,4.329,5.670511e-07,True,0.0070830634313726
657,657,7,0.0,0.0,0.0,0.0,0.0,3.995,3.995,7.998864e-07,True,0.0070830634313726
657,657,8,0.0,0.0,0.0,0.0,0.0,4.294,4.294,7.383294e-07,True,0.0070830634313726
658,658,1,0.0,0.0,0.0,0.0,0.0,4.318,4.318,2.384773e-07,True,0.0075646457843137
658,658,2,0.0,0.0,0.0,0.0,0.0,4.261,4.261,8.892455e-07,True,0.0075646457843137
658,658,3,0.0,0.0,0.0,0.0,0.0,4.164,4.164,1.039585e-06,True,0.0075646457843137
658,658,4,0.6784313725490196,0.6859960183333333,0.0075646457843137,0.6784313725490196,0.2597890112047735,3.641,3.881,7.670922e-05,True,0.0075646457843137
658,658,5,0.0,0.0,0.0,0.0,0.0,3.977,3.977,1.290548e-06,True,0.0075646457843137
658,658,6,0.0,0.0,0.0,0.0,0.0,4.329,4.329,5.738851e-07,True,0.0075646457843137
658,658,7,0.0,0.0,0.0,0.0,0.0,3.995,3.995,7.379356e-07,True,0.0075646457843137
658,658,8,0.0,0.0,0.0,0.0,0.0,4.294,4.294,8.406257e-07,True,0.0075646457843137
659,659,1,0.0,0.0,0.0,0.0,0.0,4.318,4.318,2.485667e-06,True,0.0186087724019606
659,659,2,0.3568627450980392,0.3754715174999999,0.0186087724019606,0.3568627450980392,0.0488792160750019,3.841,4.012,3.837702e-05,True,0.0186087724019606
659,659,3,0.0,0.0,0.0,0.0,0.0,4.164,4.164,1.778051e-06,True,0.0186087724019606
659,659,4,0.0,0.0,0.0,0.0,0.0,4.23,4.23,1.424179e-07,True,0.0186087724019606
659,659,5,0.0,0.0,0.0,0.0,0.0,3.977,3.977,1.231154e-07,True,0.0186087724019606
659,659,6,0.0,0.0,0.0,0.0,0.0,4.329,4.329,6.167932e-07,True,0.0186087724019606
659,659,7,0.0,0.0,0.0,0.0,0.0,3.995,3.995,7.279385e-07,True,0.0186087724019606
659,659,8,0.0,0.0,0.0,0.0,0.0,4.294,4.294,8.055791e-07,True,0.0186087724019606
660,660,1,0.0,0.0,0.0,0.0,0.0,4.318,4.318,3.151638e-07,True,0.0029967221568626
660,660,2,0.0,0.0,0.0,0.0,0.0,4.261,4.261,6.551805e-07,True,0.0029967221568626
660,660,3,0.5490196078431373,0.5520163299999999,0.0029967221568626,0.5490196078431373,0.1703800463493506,3.646,3.848,5.688345e-05,True,0.0029967221568626
660,660,4,0.0,0.0,0.0,0.0,0.0,4.23,4.23,5.956981e-06,True,0.0029967221568626
660,660,5,0.0,0.0,0.0,0.0,0.0,3.977,3.977,3.152119e-07,True,0.0029967221568626
660,660,6,0.0,0.0,0.0,0.0,0.0,4.329,4.329,5.635827e-07,True,0.0029967221568626
660,660,7,0.0,0.0,0.0,0.0,0.0,3.995,3.995,8.151376e-07,True,0.0029967221568626
660,660,8,0.0,0.0,0.0,0.0,0.0,4.294,4.294,7.372521e-07,True,0.0029967221568626
661,661,1,0.0,0.0,0.0,0.0,0.0,4.318,4.318,3.686534e-06,True,0.0174306663235294
661,661,2,0.5490196078431373,0.5664502741666667,0.0174306663235294,0.5490196078431373,0.1347675978591423,3.761,3.952,5.990933e-05,True,0.0174306663235294
661,661,3,0.0,0.0,0.0,0.0,0.0,4.164,4.164,1.934859e-06,True,0.0174306663235294
661,661,4,0.0,0.0,0.0,0.0,0.0,4.23,4.23,1.440047e-07,True,0.0174306663235294
661,661,5,0.0,0.0,0.0,0.0,0.0,3.977,3.977,1.228339e-07,True,0.0174306663235294
661,661,6,0.0,0.0,0.0,0.0,0.0,4.329,4.329,6.289503e-07,True,0.0174306663235294
661,661,7,0.0,0.0,0.0,0.0,0.0,3.995,3.995,7.278562e-07,True,0.0174306663235294
661,661,8,0.0,0.0,0.0,0.0,0.0,4.294,4.294,8.196648e-07,True,0.0174306663235294
662,662,1,0.0,0.0,0.0,0.0,0.0,4.318,4.318,3.242936e-07,True,0.0152944089705882
662,662,2,0.0,0.0,0.0,0.0,0.0,4.261,4.261,6.535582e-07,True,0.0152944089705882
662,662,3,0.7137254901960784,0.7290198991666667,0.0152944089705882,0.7137254901960784,0.2445901880278431,3.571,3.799,7.663811e-05,True,0.0152944089705882
662,662,4,0.0,0.0,0.0,0.0,0.0,4.23,4.23,7.37611e-06,True,0.0152944089705882
662,662,5,0.0,0.0,0.0,0.0,0.0,3.977,3.977,3.664238e-07,True,0.0152944089705882
662,662,6,0.0,0.0,0.0,0.0,0.0,4.329,4.329,5.624706e-07,True,0.0152944089705882
662,662,7,0.0,0.0,0.0,0.0,0.0,3.995,3.995,8.291828e-07,True,0.0152944089705882
662,662,8,0.0,0.0,0.0,0.0,0.0,4.294,4.294,7.322389e-07,True,0.0152944089705882
663,663,1,0.0,0.0,0.0,0.0,0.0,4.318,4.318,3.243287e-07,True,0.0078123302941179
663,663,2,0.0,0.0,0.0,0.0,0.0,4.261,4.261,6.895096e-07,True,0.0078123302941179
663,663,3,0.0,0.0,0.0,0.0,0.0,4.164,4.164,1.563912e-06,True,0.0078123302941179
663,663,4,0.0,0.0,0.0,0.0,0.0,4.23,4.23,1.378074e-06,True,0.0078123302941179
663,663,5,0.7960784313725487,0.8038907616666667,0.0078123302941179,0.7960784313725487,0.4945934399991037,3.423,3.563,8.992632e-05,True,0.0078123302941179
663,663,6,0.0,0.0,0.0,0.0,0.0,4.329,4.329,9.601538e-07,True,0.0078123302941179
663,663,7,0.0,0.0,0.0,0.0,0.0,3.995,3.995,8.975744e-07,True,0.0078123302941179
663,663,8,0.0,0.0,0.0,0.0,0.0,4.294,4.294,7.270189e-07,True,0.0078123302941179
664,664,1,0.0,0.0,0.0,0.0,0.0,4.318,4.318,4.596529e-06,True,0.0047431398039213
664,664,2,0.7137254901960784,0.7184686299999998,0.0047431398039213,0.7137254901960784,0.2082292865347359,3.696,3.91,7.711093e-05,True,0.0047431398039213
664,664,3,0.0,0.0,0.0,0.0,0.0,4.164,4.164,2.054313e-06,True,0.0047431398039213
664,664,4,0.0,0.0,0.0,0.0,0.0,4.23,4.23,1.415352e-07,True,0.0047431398039213
664,664,5,0.0,0.0,0.0,0.0,0.0,3.977,3.977,1.211882e-07,True,0.0047431398039213
664,664,6,0.0,0.0,0.0,0.0,0.0,4.329,4.329,6.356252e-07,True,0.0047431398039213
664,664,7,0.0,0.0,0.0,0.0,0.0,3.995,3.995,7.277758e-07,True,0.0047431398039213
664,664,8,0.0,0.0,0.0,0.0,0.0,4.294,4.294,8.283392e-07,True,0.0047431398039213
665,665,1,0.0,0.0,0.0,0.0,0.0,4.318,4.318,3.092631e-07,True,0.0050076535294117
665,665,2,0.0,0.0,0.0,0.0,0.0,4.261,4.261,6.602227e-07,True,0.0050076535294117
665,665,3,0.4196078431372549,0.4246154966666666,0.0050076535294117,0.4196078431372549,0.1106415342216361,3.707,3.887,4.270394e-05,True,0.0050076535294117
665,665,4,0.0,0.0,0.0,0.0,0.0,4.23,4.23,4.896583e-06,True,0.0050076535294117
665,665,5,0.0,0.0,0.0,0.0,0.0,3.977,3.977,2.783006e-07,True,0.0050076535294117
665,665,6,0.0,0.0,0.0,0.0,0.0,4.329,4.329,5.657852e-07,True,0.0050076535294117
665,665,7,0.0,0.0,0.0,0.0,0.0,3.995,3.995,8.039596e-07,True,0.0050076535294117
665,665,8,0.0,0.0,0.0,0.0,0.0,4.294,4.294,7.358054e-07,True,0.0050076535294117
666,666,1,0.0,0.0,0.0,0.0,0.0,4.318,4.318,2.362823e-07,True,0.0042160044607846
666,666,2,0.0,0.0,0.0,0.0,0.0,4.261,4.261,9.103337e-07,True,0.0042160044607846
666,666,3,0.0,0.0,0.0,0.0,0.0,4.164,4.164,1.349118e-06,True,0.0042160044607846
666,666,4,0.7960784313725487,0.8002944358333334,0.0042160044607846,0.7960784313725487,0.3119538511033388,3.575,3.849,8.990501e-05,True,0.0042160044607846
666,666,5,0.0,0.0,0.0,0.0,0.0,3.977,3.977,1.4658e-06,True,0.0042160044607846
666,666,6,0.0,0.0,0.0,0.0,0.0,4.329,4.329,5.805337e-07,True,0.0042160044607846
666,666,7,0.0,0.0,0.0,0.0,0.0,3.995,3.995,7.403661e-07,True,0.0042160044607846
666,666,8,0.0,0.0,0.0,0.0,0.0,4.294,4.294,8.478885e-07,True,0.0042160044607846
667,667,1,0.0,0.0,0.0,0.0,0.0,4.318,4.318,2.723964e-06,True,0.0053249806372548
667,667,2,0.4196078431372549,0.4142828625,-0.0053249806372548,0.4196078431372549,0.0536350573550255,3.813,3.999,4.276423e-05,True,0.0053249806372548
667,667,3,0.0,0.0,0.0,0.0,0.0,4.164,4.164,1.811335e-06,True,0.0053249806372548
667,667,4,0.0,0.0,0.0,0.0,0.0,4.23,4.23,1.415529e-07,True,0.0053249806372548
667,667,5,0.0,0.0,0.0,0.0,0.0,3.977,3.977,1.227367e-07,True,0.0053249806372548
667,667,6,0.0,0.0,0.0,0.0,0.0,4.329,4.329,6.178493e-07,True,0.0053249806372548
667,667,7,0.0,0.0,0.0,0.0,0.0,3.995,3.995,7.296987e-07,True,0.0053249806372548
667,667,8,0.0,0.0,0.0,0.0,0.0,4.294,4.294,8.025769e-07,True,0.0053249806372548
668,668,1,0.0,0.0,0.0,0.0,0.0,4.318,4.318,3.009789e-07,True,0.0136148741666666
668,668,2,0.0,0.0,0.0,0.0,0.0,4.261,4.261,6.572016e-07,True,0.0136148741666666
668,668,3,0.3333333333333333,0.3197184591666666,-0.0136148741666666,0.3333333333333333,0.0816834289999999,3.753,3.924,3.112648e-05,True,0.0136148741666666
668,668,4,0.0,0.0,0.0,0.0,0.0,4.23,4.23,3.938536e-06,True,0.0136148741666666
668,668,5,0.0,0.0,0.0,0.0,0.0,3.977,3.977,2.442856e-07,True,0.0136148741666666
668,668,6,0.0,0.0,0.0,0.0,0.0,4.329,4.329,5.679836e-07,True,0.0136148741666666
668,668,7,0.0,0.0,0.0,0.0,0.0,3.995,3.995,7.96182e-07,True,0.0136148741666666
668,668,8,0.0,0.0,0.0,0.0,0.0,4.294,4.294,7.345674e-07,True,0.0136148741666666
669,669,1,0.0,0.0,0.0,0.0,0.0,4.318,4.318,2.152257e-06,True,0.0096845774999999
669,669,2,0.3333333333333333,0.3236487558333333,-0.0096845774999999,0.3333333333333333,0.0453412027125,3.852,4.03,3.254955e-05,True,0.0096845774999999
669,669,3,0.0,0.0,0.0,0.0,0.0,4.164,4.164,1.730023e-06,True,0.0096845774999999
669,669,4,0.0,0.0,0.0,0.0,0.0,4.23,4.23,1.43331e-07,True,0.0096845774999999
669,669,5,0.0,0.0,0.0,0.0,0.0,3.977,3.977,1.235726e-07,True,0.0096845774999999
669,669,6,0.0,0.0,0.0,0.0,0.0,4.329,4.329,6.112379e-07,True,0.0096845774999999
669,669,7,0.0,0.0,0.0,0.0,0.0,3.995,3.995,7.322236e-07,True,0.0096845774999999
669,669,8,0.0,0.0,0.0,0.0,0.0,4.294,4.294,7.956556e-07,True,0.0096845774999999
670,670,1,0.0,0.0,0.0,0.0,0.0,4.318,4.318,2.829302e-07,True,0.0138250946568627
670,670,2,0.0,0.0,0.0,0.0,0.0,4.261,4.261,6.890305e-07,True,0.0138250946568627
670,670,3,0.0,0.0,0.0,0.0,0.0,4.164,4.164,1.441617e-06,True,0.0138250946568627
670,670,4,0.0,0.0,0.0,0.0,0.0,4.23,4.23,4.525518e-07,True,0.0138250946568627
670,670,5,0.2156862745098039,0.2295113691666667,0.0138250946568627,0.2156862745098039,0.1225608025592462,3.708,3.775,2.234605e-05,True,0.0138250946568627
670,670,6,0.0,0.0,0.0,0.0,0.0,4.329,4.329,7.992363e-07,True,0.0138250946568627
670,670,7,0.0,0.0,0.0,0.0,0.0,3.995,3.995,7.986104e-07,True,0.0138250946568627
670,670,8,0.0,0.0,0.0,0.0,0.0,4.294,4.294,7.313381e-07,True,0.0138250946568627
671,671,1,0.0,0.0,0.0,0.0,0.0,4.318,4.318,3.337641e-07,True,0.0143653839705882
671,671,2,0.0,0.0,0.0,0.0,0.0,4.261,4.261,6.614982e-07,True,0.0143653839705882
671,671,3,0.9137254901960784,0.9280908741666668,0.0143653839705882,0.9137254901960784,0.3424864512101523,3.479,3.748,9.886052e-05,True,0.0143653839705882
671,671,4,0.0,0.0,0.0,0.0,0.0,4.23,4.23,8.959765e-06,True,0.0143653839705882
671,671,5,0.0,0.0,0.0,0.0,0.0,3.977,3.977,4.232486e-07,True,0.0143653839705882
671,671,6,0.0,0.0,0.0,0.0,0.0,4.329,4.329,5.601802e-07,True,0.0143653839705882
671,671,7,0.0,0.0,0.0,0.0,0.0,3.995,3.995,8.424048e-07,True,0.0143653839705882
671,671,8,0.0,0.0,0.0,0.0,0.0,4.294,4.294,7.29524e-07,True,0.0143653839705882
672,672,1,0.0,0.0,0.0,0.0,0.0,4.318,4.318,2.397452e-07,True,0.0014921903431371
672,672,2,0.0,0.0,0.0,0.0,0.0,4.261,4.261,7.972637e-07,True,0.0014921903431371
672,672,3,0.0,0.0,0.0,0.0,0.0,4.164,4.164,2.746497e-07,True,0.0014921903431371
672,672,4,0.2156862745098039,0.2141940841666667,-0.0014921903431371,0.2156862745098039,0.0622285027039215,3.91,4.045,2.172953e-05,True,0.0014921903431371
672,672,5,0.0,0.0,0.0,0.0,0.0,3.977,3.977,5.717516e-07,True,0.0014921903431371
672,672,6,0.0,0.0,0.0,0.0,0.0,4.329,4.329,5.615619e-07,True,0.0014921903431371
672,672,7,0.0,0.0,0.0,0.0,0.0,3.995,3.995,7.387589e-07,True,0.0014921903431371
672,672,8,0.0,0.0,0.0,0.0,0.0,4.294,4.294,7.900291e-07,True,0.0014921903431371
673,673,1,0.0,0.0,0.0,0.0,0.0,4.318,4.318,3.254608e-07,True,0.0118505609803921
673,673,2,0.0,0.0,0.0,0.0,0.0,4.261,4.261,6.909094e-07,True,0.0118505609803921
673,673,3,0.0,0.0,0.0,0.0,0.0,4.164,4.164,1.56149e-06,True,0.0118505609803921
673,673,4,0.0,0.0,0.0,0.0,0.0,4.23,4.23,1.324903e-06,True,0.0118505609803921
673,673,5,0.7647058823529411,0.7765564433333333,0.0118505609803921,0.7647058823529411,0.4758347106587631,3.437,3.571,8.670738e-05,True,0.0118505609803921
673,673,6,0.0,0.0,0.0,0.0,0.0,4.329,4.329,9.540946e-07,True,0.0118505609803921
673,673,7,0.0,0.0,0.0,0.0,0.0,3.995,3.995,8.942057e-07,True,0.0118505609803921
673,673,8,0.0,0.0,0.0,0.0,0.0,4.294,4.294,7.283297e-07,True,0.0118505609803921
674,674,1,0.0,0.0,0.0,0.0,0.0,4.318,4.318,5.858104e-06,True,0.0121443564705882
674,674,2,0.9137254901960784,0.9258698466666666,0.0121443564705882,0.9137254901960784,0.3239998509358244,3.617,3.856,0.0001005758,True,0.0121443564705882
674,674,3,0.0,0.0,0.0,0.0,0.0,4.164,4.164,2.19861e-06,True,0.0121443564705882
674,674,4,0.0,0.0,0.0,0.0,0.0,4.23,4.23,1.398621e-07,True,0.0121443564705882
674,674,5,0.0,0.0,0.0,0.0,0.0,3.977,3.977,1.201162e-07,True,0.0121443564705882
674,674,6,0.0,0.0,0.0,0.0,0.0,4.329,4.329,6.47818e-07,True,0.0121443564705882
674,674,7,0.0,0.0,0.0,0.0,0.0,3.995,3.995,7.275447e-07,True,0.0121443564705882
674,674,8,0.0,0.0,0.0,0.0,0.0,4.294,4.294,8.365266e-07,True,0.0121443564705882
675,675,1,0.0,0.0,0.0,0.0,0.0,4.318,4.318,2.376088e-07,True,0.0039538376470589
675,675,2,0.0,0.0,0.0,0.0,0.0,4.261,4.261,9.043102e-07,True,0.0039538376470589
675,675,3,0.0,0.0,0.0,0.0,0.0,4.164,4.164,1.263221e-06,True,0.0039538376470589
675,675,4,0.7647058823529411,0.76865972,0.0039538376470589,0.7647058823529411,0.2987900328494299,3.593,3.857,8.625728e-05,True,0.0039538376470589
675,675,5,0.0,0.0,0.0,0.0,0.0,3.977,3.977,1.421348e-06,True,0.0039538376470589
675,675,6,0.0,0.0,0.0,0.0,0.0,4.329,4.329,5.774518e-07,True,0.0039538376470589
675,675,7,0.0,0.0,0.0,0.0,0.0,3.995,3.995,7.38534e-07,True,0.0039538376470589
675,675,8,0.0,0.0,0.0,0.0,0.0,4.294,4.294,8.394126e-07,True,0.0039538376470589
676,676,1,0.0,0.0,0.0,0.0,0.0,4.318,4.318,3.128993e-07,True,0.0110533168627448
676,676,2,0.0,0.0,0.0,0.0,0.0,4.261,4.261,6.895464e-07,True,0.0110533168627448
676,676,3,0.0,0.0,0.0,0.0,0.0,4.164,4.164,1.534541e-06,True,0.0110533168627448
676,676,4,0.0,0.0,0.0,0.0,0.0,4.23,4.23,1.096415e-06,True,0.0110533168627448
676,676,5,0.619607843137255,0.6306611599999998,0.0110533168627448,0.619607843137255,0.3828195714911134,3.503,3.617,6.95219e-05,True,0.0110533168627448
676,676,6,0.0,0.0,0.0,0.0,0.0,4.329,4.329,9.297107e-07,True,0.0110533168627448
676,676,7,0.0,0.0,0.0,0.0,0.0,3.995,3.995,8.707882e-07,True,0.0110533168627448
676,676,8,0.0,0.0,0.0,0.0,0.0,4.294,4.294,7.235386e-07,True,0.0110533168627448
677,677,1,0.0,0.0,0.0,0.0,0.0,4.318,4.318,2.364183e-07,True,0.0075834951960782
677,677,2,0.0,0.0,0.0,0.0,0.0,4.261,4.261,8.852343e-07,True,0.0075834951960782
677,677,3,0.0,0.0,0.0,0.0,0.0,4.164,4.164,8.990458e-07,True,0.0075834951960782
677,677,4,0.619607843137255,0.6271913383333333,0.0075834951960782,0.619607843137255,0.2332565068494489,3.673,3.897,6.988595e-05,True,0.0075834951960782
677,677,5,0.0,0.0,0.0,0.0,0.0,3.977,3.977,1.216241e-06,True,0.0075834951960782
677,677,6,0.0,0.0,0.0,0.0,0.0,4.329,4.329,5.724276e-07,True,0.0075834951960782
677,677,7,0.0,0.0,0.0,0.0,0.0,3.995,3.995,7.390262e-07,True,0.0075834951960782
677,677,8,0.0,0.0,0.0,0.0,0.0,4.294,4.294,8.286174e-07,True,0.0075834951960782
678,678,1,0.0,0.0,0.0,0.0,0.0,4.318,4.318,3.143649e-07,True,0.0162888678431372
678,678,2,0.0,0.0,0.0,0.0,0.0,4.261,4.261,6.879577e-07,True,0.0162888678431372
678,678,3,0.0,0.0,0.0,0.0,0.0,4.164,4.164,1.54523e-06,True,0.0162888678431372
678,678,4,0.0,0.0,0.0,0.0,0.0,4.23,4.23,1.154026e-06,True,0.0162888678431372
678,678,5,0.6509803921568628,0.66726926,0.0162888678431372,0.6509803921568628,0.4053128429760661,3.489,3.605,7.38471e-05,True,0.0162888678431372
678,678,6,0.0,0.0,0.0,0.0,0.0,4.329,4.329,9.264349e-07,True,0.0162888678431372
678,678,7,0.0,0.0,0.0,0.0,0.0,3.995,3.995,8.747126e-07,True,0.0162888678431372
678,678,8,0.0,0.0,0.0,0.0,0.0,4.294,4.294,7.224851e-07,True,0.0162888678431372
679,679,1,0.0,0.0,0.0,0.0,0.0,4.318,4.318,2.367655e-07,True,0.0027156254901961
679,679,2,0.0,0.0,0.0,0.0,0.0,4.261,4.261,8.838947e-07,True,0.0027156254901961
679,679,3,0.0,0.0,0.0,0.0,0.0,4.164,4.164,9.468747e-07,True,0.0027156254901961
679,679,4,0.6509803921568628,0.6482647666666667,-0.0027156254901961,0.6509803921568628,0.2440281881567093,3.656,3.891,7.234325e-05,True,0.0027156254901961
679,679,5,0.0,0.0,0.0,0.0,0.0,3.977,3.977,1.238572e-06,True,0.0027156254901961
679,679,6,0.0,0.0,0.0,0.0,0.0,4.329,4.329,5.724785e-07,True,0.0027156254901961
679,679,7,0.0,0.0,0.0,0.0,0.0,3.995,3.995,7.411256e-07,True,0.0027156254901961
679,679,8,0.0,0.0,0.0,0.0,0.0,4.294,4.294,8.28811e-07,True,0.0027156254901961
680,680,1,0.0,0.0,0.0,0.0,0.0,4.318,4.318,2.925948e-07,True,0.0173346946568627
680,680,2,0.0,0.0,0.0,0.0,0.0,4.261,4.261,6.605272e-07,True,0.0173346946568627
680,680,3,0.2509803921568628,0.2336456975,-0.0173346946568627,0.2509803921568628,0.07011146359663,3.796,3.958,2.16769e-05,True,0.0173346946568627
680,680,4,0.0,0.0,0.0,0.0,0.0,4.23,4.23,3.101155e-06,True,0.0173346946568627
680,680,5,0.0,0.0,0.0,0.0,0.0,3.977,3.977,2.164013e-07,True,0.0173346946568627
680,680,6,0.0,0.0,0.0,0.0,0.0,4.329,4.329,5.687783e-07,True,0.0173346946568627
680,680,7,0.0,0.0,0.0,0.0,0.0,3.995,3.995,7.865971e-07,True,0.0173346946568627
680,680,8,0.0,0.0,0.0,0.0,0.0,4.294,4.294,7.3453e-07,True,0.0173346946568627
681,681,1,0.0,0.0,0.0,0.0,0.0,4.318,4.318,1.681599e-06,True,0.0017007279901961
681,681,2,0.2509803921568628,0.2492796641666666,-0.0017007279901961,0.2509803921568628,0.0395981979563665,3.888,4.059,2.418199e-05,True,0.0017007279901961
681,681,3,0.0,0.0,0.0,0.0,0.0,4.164,4.164,1.658747e-06,True,0.0017007279901961
681,681,4,0.0,0.0,0.0,0.0,0.0,4.23,4.23,1.42181e-07,True,0.0017007279901961
681,681,5,0.0,0.0,0.0,0.0,0.0,3.977,3.977,1.234851e-07,True,0.0017007279901961
681,681,6,0.0,0.0,0.0,0.0,0.0,4.329,4.329,6.072472e-07,True,0.0017007279901961
681,681,7,0.0,0.0,0.0,0.0,0.0,3.995,3.995,7.30735e-07,True,0.0017007279901961
681,681,8,0.0,0.0,0.0,0.0,0.0,4.294,4.294,7.875754e-07,True,0.0017007279901961
682,682,1,0.0,0.0,0.0,0.0,0.0,4.318,4.318,3.114793e-07,True,0.0086128877941176
682,682,2,0.0,0.0,0.0,0.0,0.0,4.261,4.261,6.578575e-07,True,0.0086128877941176
682,682,3,0.4627450980392157,0.4713579858333333,0.0086128877941176,0.4627450980392157,0.1321391784427145,3.686,3.872,4.79063e-05,True,0.0086128877941176
682,682,4,0.0,0.0,0.0,0.0,0.0,4.23,4.23,5.29217e-06,True,0.0086128877941176
682,682,5,0.0,0.0,0.0,0.0,0.0,3.977,3.977,2.901237e-07,True,0.0086128877941176
682,682,6,0.0,0.0,0.0,0.0,0.0,4.329,4.329,5.6707e-07,True,0.0086128877941176
682,682,7,0.0,0.0,0.0,0.0,0.0,3.995,3.995,8.074857e-07,True,0.0086128877941176
682,682,8,0.0,0.0,0.0,0.0,0.0,4.294,4.294,7.304721e-07,True,0.0086128877941176
683,683,1,0.0,0.0,0.0,0.0,0.0,4.318,4.318,3.131693e-06,True,0.018337348627451
683,683,2,0.4627450980392157,0.4810824466666667,0.018337348627451,0.4627450980392157,0.0913599802612561,3.795,3.977,5.030949e-05,True,0.018337348627451
683,683,3,0.0,0.0,0.0,0.0,0.0,4.164,4.164,1.860258e-06,True,0.018337348627451
683,683,4,0.0,0.0,0.0,0.0,0.0,4.23,4.23,1.433793e-07,True,0.018337348627451
683,683,5,0.0,0.0,0.0,0.0,0.0,3.977,3.977,1.22885e-07,True,0.018337348627451
683,683,6,0.0,0.0,0.0,0.0,0.0,4.329,4.329,6.255879e-07,True,0.018337348627451
683,683,7,0.0,0.0,0.0,0.0,0.0,3.995,3.995,7.268164e-07,True,0.018337348627451
683,683,8,0.0,0.0,0.0,0.0,0.0,4.294,4.294,8.09784e-07,True,0.018337348627451
684,684,1,0.0,0.0,0.0,0.0,0.0,4.318,4.318,3.070306e-07,True,0.0085082487745097
684,684,2,0.0,0.0,0.0,0.0,0.0,4.261,4.261,6.921468e-07,True,0.0085082487745097
684,684,3,0.0,0.0,0.0,0.0,0.0,4.164,4.164,1.518014e-06,True,0.0085082487745097
684,684,4,0.0,0.0,0.0,0.0,0.0,4.23,4.23,1.000186e-06,True,0.0085082487745097
684,684,5,0.5607843137254902,0.5692925624999999,0.0085082487745097,0.5607843137254902,0.3458231775223886,3.531,3.637,6.22993e-05,True,0.0085082487745097
684,684,6,0.0,0.0,0.0,0.0,0.0,4.329,4.329,9.16228e-07,True,0.0085082487745097
684,684,7,0.0,0.0,0.0,0.0,0.0,3.995,3.995,8.578508e-07,True,0.0085082487745097
684,684,8,0.0,0.0,0.0,0.0,0.0,4.294,4.294,7.243513e-07,True,0.0085082487745097
685,685,1,0.0,0.0,0.0,0.0,0.0,4.318,4.318,2.368047e-07,True,0.0009634887745098
685,685,2,0.0,0.0,0.0,0.0,0.0,4.261,4.261,8.739495e-07,True,0.0009634887745098
685,685,3,0.0,0.0,0.0,0.0,0.0,4.164,4.164,7.497835e-07,True,0.0009634887745098
685,685,4,0.5607843137254902,0.5617478025,0.0009634887745098,0.5607843137254902,0.2078808892289155,3.706,3.916,6.229673e-05,True,0.0009634887745098
685,685,5,0.0,0.0,0.0,0.0,0.0,3.977,3.977,1.121263e-06,True,0.0009634887745098
685,685,6,0.0,0.0,0.0,0.0,0.0,4.329,4.329,5.703088e-07,True,0.0009634887745098
685,685,7,0.0,0.0,0.0,0.0,0.0,3.995,3.995,7.360936e-07,True,0.0009634887745098
685,685,8,0.0,0.0,0.0,0.0,0.0,4.294,4.294,8.248032e-07,True,0.0009634887745098
686,686,1,0.0,0.0,0.0,0.0,0.0,4.318,4.318,3.000096e-07,True,0.0097094295098039
686,686,2,0.0,0.0,0.0,0.0,0.0,4.261,4.261,6.869782e-07,True,0.0097094295098039
686,686,3,0.0,0.0,0.0,0.0,0.0,4.164,4.164,1.502391e-06,True,0.0097094295098039
686,686,4,0.0,0.0,0.0,0.0,0.0,4.23,4.23,8.377489e-07,True,0.0097094295098039
686,686,5,0.4823529411764706,0.4726435116666667,-0.0097094295098039,0.4823529411764706,0.2808415227256186,3.568,3.671,5.093414e-05,True,0.0097094295098039
686,686,6,0.0,0.0,0.0,0.0,0.0,4.329,4.329,8.910505e-07,True,0.0097094295098039
686,686,7,0.0,0.0,0.0,0.0,0.0,3.995,3.995,8.401265e-07,True,0.0097094295098039
686,686,8,0.0,0.0,0.0,0.0,0.0,4.294,4.294,7.247767e-07,True,0.0097094295098039
687,687,1,0.0,0.0,0.0,0.0,0.0,4.318,4.318,2.364466e-07,True,0.0127168738235294
687,687,2,0.0,0.0,0.0,0.0,0.0,4.261,4.261,8.605357e-07,True,0.0127168738235294
687,687,3,0.0,0.0,0.0,0.0,0.0,4.164,4.164,6.08646e-07,True,0.0127168738235294
687,687,4,0.4823529411764706,0.495069815,0.0127168738235294,0.4823529411764706,0.1815743863497549,3.75,3.937,5.455994e-05,True,0.0127168738235294
687,687,5,0.0,0.0,0.0,0.0,0.0,3.977,3.977,1.021971e-06,True,0.0127168738235294
687,687,6,0.0,0.0,0.0,0.0,0.0,4.329,4.329,5.683335e-07,True,0.0127168738235294
687,687,7,0.0,0.0,0.0,0.0,0.0,3.995,3.995,7.363031e-07,True,0.0127168738235294
687,687,8,0.0,0.0,0.0,0.0,0.0,4.294,4.294,8.162019e-07,True,0.0127168738235294
688,688,1,0.0,0.0,0.0,0.0,0.0,4.318,4.318,3.039154e-07,True,0.008393314607843
688,688,2,0.0,0.0,0.0,0.0,0.0,4.261,4.261,6.883246e-07,True,0.008393314607843
688,688,3,0.0,0.0,0.0,0.0,0.0,4.164,4.164,1.50194e-06,True,0.008393314607843
688,688,4,0.0,0.0,0.0,0.0,0.0,4.23,4.23,8.943859e-07,True,0.008393314607843
688,688,5,0.4941176470588236,0.5025109616666666,0.008393314607843,0.4941176470588236,0.3024169510758209,3.563,3.66,5.442864e-05,True,0.008393314607843
688,688,6,0.0,0.0,0.0,0.0,0.0,4.329,4.329,9.09388e-07,True,0.008393314607843
688,688,7,0.0,0.0,0.0,0.0,0.0,3.995,3.995,8.473398e-07,True,0.008393314607843
688,688,8,0.0,0.0,0.0,0.0,0.0,4.294,4.294,7.273817e-07,True,0.008393314607843
689,689,1,0.0,0.0,0.0,0.0,0.0,4.318,4.318,2.613369e-07,True,0.0156513632352942
689,689,2,0.0,0.0,0.0,0.0,0.0,4.261,4.261,6.758371e-07,True,0.0156513632352942
689,689,3,0.0235294117647058,0.039180775,0.0156513632352942,0.0235294117647058,0.0235294117647058,4.095,4.095,8.523317e-07,True,0.0156513632352942
689,689,4,0.0,0.0,0.0,0.0,0.0,4.23,4.23,7.095338e-07,True,0.0156513632352942
689,689,5,0.0,0.0,0.0,0.0,0.0,3.977,3.977,1.416384e-07,True,0.0156513632352942
689,689,6,0.0,0.0,0.0,0.0,0.0,4.329,4.329,5.709089e-07,True,0.0156513632352942
689,689,7,0.0,0.0,0.0,0.0,0.0,3.995,3.995,7.520982e-07,True,0.0156513632352942
689,689,8,0.0,0.0,0.0,0.0,0.0,4.294,4.294,7.38008e-07,True,0.0156513632352942
690,690,1,0.0,0.0,0.0,0.0,0.0,4.318,4.318,2.386146e-07,True,0.0161951454411764
690,690,2,0.0,0.0,0.0,0.0,0.0,4.261,4.261,8.629118e-07,True,0.0161951454411764
690,690,3,0.0,0.0,0.0,0.0,0.0,4.164,4.164,6.373335e-07,True,0.0161951454411764
690,690,4,0.4941176470588236,0.5103127925000001,0.0161951454411764,0.4941176470588236,0.1879596771860296,3.743,3.932,5.631782e-05,True,0.0161951454411764
690,690,5,0.0,0.0,0.0,0.0,0.0,3.977,3.977,1.043921e-06,True,0.0161951454411764
690,690,6,0.0,0.0,0.0,0.0,0.0,4.329,4.329,5.707374e-07,True,0.0161951454411764
690,690,7,0.0,0.0,0.0,0.0,0.0,3.995,3.995,7.382407e-07,True,0.0161951454411764
690,690,8,0.0,0.0,0.0,0.0,0.0,4.294,4.294,8.279561e-07,True,0.0161951454411764
691,691,1,0.0,0.0,0.0,0.0,0.0,4.318,4.318,2.420624e-07,True,0.0144666015686275
691,691,2,0.0235294117647058,0.0379960133333333,0.0144666015686275,0.0235294117647058,0.0,4.141,4.261,6.890887e-07,True,0.0144666015686275
691,691,3,0.0,0.0,0.0,0.0,0.0,4.164,4.164,1.315326e-06,True,0.0144666015686275
691,691,4,0.0,0.0,0.0,0.0,0.0,4.23,4.23,1.319655e-07,True,0.0144666015686275
691,691,5,0.0,0.0,0.0,0.0,0.0,3.977,3.977,1.288863e-07,True,0.0144666015686275
691,691,6,0.0,0.0,0.0,0.0,0.0,4.329,4.329,5.731128e-07,True,0.0144666015686275
691,691,7,0.0,0.0,0.0,0.0,0.0,3.995,3.995,7.350317e-07,True,0.0144666015686275
691,691,8,0.0,0.0,0.0,0.0,0.0,4.294,4.294,7.440482e-07,True,0.0144666015686275
692,692,1,0.0,0.0,0.0,0.0,0.0,4.318,4.318,3.031744e-07,True,0.0093384223039216
692,692,2,0.0,0.0,0.0,0.0,0.0,4.261,4.261,6.88736e-07,True,0.0093384223039216
692,692,3,0.0,0.0,0.0,0.0,0.0,4.164,4.164,1.508165e-06,True,0.0093384223039216
692,692,4,0.0,0.0,0.0,0.0,0.0,4.23,4.23,8.084836e-07,True,0.0093384223039216
692,692,5,0.4470588235294117,0.4563972458333333,0.0093384223039216,0.4470588235294117,0.2706261785922825,3.585,3.677,4.900359e-05,True,0.0093384223039216
692,692,6,0.0,0.0,0.0,0.0,0.0,4.329,4.329,8.832961e-07,True,0.0093384223039216
692,692,7,0.0,0.0,0.0,0.0,0.0,3.995,3.995,8.420415e-07,True,0.0093384223039216
692,692,8,0.0,0.0,0.0,0.0,0.0,4.294,4.294,7.301829e-07,True,0.0093384223039216
693,693,1,0.0,0.0,0.0,0.0,0.0,4.318,4.318,2.392906e-07,True,0.0032345810294117
693,693,2,0.0,0.0,0.0,0.0,0.0,4.261,4.261,8.47343e-07,True,0.0032345810294117
693,693,3,0.0,0.0,0.0,0.0,0.0,4.164,4.164,5.10096e-07,True,0.0032345810294117
693,693,4,0.4470588235294117,0.4438242424999999,-0.0032345810294117,0.4470588235294117,0.1588980567607596,3.769,3.954,4.860488e-05,True,0.0032345810294117
693,693,5,0.0,0.0,0.0,0.0,0.0,3.977,3.977,9.40416e-07,True,0.0032345810294117
693,693,6,0.0,0.0,0.0,0.0,0.0,4.329,4.329,5.67755e-07,True,0.0032345810294117
693,693,7,0.0,0.0,0.0,0.0,0.0,3.995,3.995,7.344632e-07,True,0.0032345810294117
693,693,8,0.0,0.0,0.0,0.0,0.0,4.294,4.294,8.146653e-07,True,0.0032345810294117
694,694,1,0.0,0.0,0.0,0.0,0.0,4.318,4.318,2.858267e-07,True,0.0036237231372548
694,694,2,0.0,0.0,0.0,0.0,0.0,4.261,4.261,6.642351e-07,True,0.0036237231372548
694,694,3,0.1529411764705882,0.1493174533333333,-0.0036237231372548,0.1529411764705882,0.0562552960326921,3.859,3.999,1.247003e-05,True,0.0036237231372548
694,694,4,0.0,0.0,0.0,0.0,0.0,4.23,4.23,2.224313e-06,True,0.0036237231372548
694,694,5,0.0,0.0,0.0,0.0,0.0,3.977,3.977,1.901301e-07,True,0.0036237231372548
694,694,6,0.0,0.0,0.0,0.0,0.0,4.329,4.329,5.711475e-07,True,0.0036237231372548
694,694,7,0.0,0.0,0.0,0.0,0.0,3.995,3.995,7.736114e-07,True,0.0036237231372548
694,694,8,0.0,0.0,0.0,0.0,0.0,4.294,4.294,7.388006e-07,True,0.0036237231372548
695,695,1,0.0,0.0,0.0,0.0,0.0,4.318,4.318,1.043346e-06,True,0.0025852064705881
695,695,2,0.1529411764705882,0.15035597,-0.0025852064705881,0.1529411764705882,0.0305303965897747,3.941,4.106,1.307756e-05,True,0.0025852064705881
695,695,3,0.0,0.0,0.0,0.0,0.0,4.164,4.164,1.550925e-06,True,0.0025852064705881
695,695,4,0.0,0.0,0.0,0.0,0.0,4.23,4.23,1.406488e-07,True,0.0025852064705881
695,695,5,0.0,0.0,0.0,0.0,0.0,3.977,3.977,1.250717e-07,True,0.0025852064705881
695,695,6,0.0,0.0,0.0,0.0,0.0,4.329,4.329,5.982813e-07,True,0.0025852064705881
695,695,7,0.0,0.0,0.0,0.0,0.0,3.995,3.995,7.298924e-07,True,0.0025852064705881
695,695,8,0.0,0.0,0.0,0.0,0.0,4.294,4.294,7.769912e-07,True,0.0025852064705881
696,696,1,0.0,0.0,0.0,0.0,0.0,4.318,4.318,3.340133e-07,True,0.016839824607843
696,696,2,0.0,0.0,0.0,0.0,0.0,4.261,4.261,6.556392e-07,True,0.016839824607843
696,696,3,0.8941176470588236,0.9109574716666666,0.016839824607843,0.8941176470588236,0.3368756540284987,3.489,3.751,9.695987e-05,True,0.016839824607843
696,696,4,0.0,0.0,0.0,0.0,0.0,4.23,4.23,8.815478e-06,True,0.016839824607843
696,696,5,0.0,0.0,0.0,0.0,0.0,3.977,3.977,4.20312e-07,True,0.016839824607843
696,696,6,0.0,0.0,0.0,0.0,0.0,4.329,4.329,5.625796e-07,True,0.016839824607843
696,696,7,0.0,0.0,0.0,0.0,0.0,3.995,3.995,8.378698e-07,True,0.016839824607843
696,696,8,0.0,0.0,0.0,0.0,0.0,4.294,4.294,7.291347e-07,True,0.016839824607843
697,697,1,0.0,0.0,0.0,0.0,0.0,4.318,4.318,5.740996e-06,True,0.0116091137745097
697,697,2,0.8941176470588236,0.9057267608333334,0.0116091137745097,0.8941176470588236,0.3153453635741179,3.625,3.86,9.830644e-05,True,0.0116091137745097
697,697,3,0.0,0.0,0.0,0.0,0.0,4.164,4.164,2.16901e-06,True,0.0116091137745097
697,697,4,0.0,0.0,0.0,0.0,0.0,4.23,4.23,1.424011e-07,True,0.0116091137745097
697,697,5,0.0,0.0,0.0,0.0,0.0,3.977,3.977,1.214221e-07,True,0.0116091137745097
697,697,6,0.0,0.0,0.0,0.0,0.0,4.329,4.329,6.454237e-07,True,0.0116091137745097
697,697,7,0.0,0.0,0.0,0.0,0.0,3.995,3.995,7.228808e-07,True,0.0116091137745097
697,697,8,0.0,0.0,0.0,0.0,0.0,4.294,4.294,8.386376e-07,True,0.0116091137745097
698,698,1,0.0,0.0,0.0,0.0,0.0,4.318,4.318,3.25785e-07,True,0.0128559733333335
698,698,2,0.0,0.0,0.0,0.0,0.0,4.261,4.261,6.549252e-07,True,0.0128559733333335
698,698,3,0.7333333333333331,0.7461893066666666,0.0128559733333335,0.7333333333333331,0.2574587191832287,3.562,3.793,7.851527e-05,True,0.0128559733333335
698,698,4,0.0,0.0,0.0,0.0,0.0,4.23,4.23,7.554117e-06,True,0.0128559733333335
698,698,5,0.0,0.0,0.0,0.0,0.0,3.977,3.977,3.732209e-07,True,0.0128559733333335
698,698,6,0.0,0.0,0.0,0.0,0.0,4.329,4.329,5.627253e-07,True,0.0128559733333335
698,698,7,0.0,0.0,0.0,0.0,0.0,3.995,3.995,8.247475e-07,True,0.0128559733333335
698,698,8,0.0,0.0,0.0,0.0,0.0,4.294,4.294,7.319259e-07,True,0.0128559733333335
699,699,1,0.0,0.0,0.0,0.0,0.0,4.318,4.318,4.76775e-06,True,0.0129684291666669
699,699,2,0.7333333333333331,0.7463017625,0.0129684291666669,0.7333333333333331,0.2234676382451296,3.688,3.901,8.0283e-05,True,0.0129684291666669
699,699,3,0.0,0.0,0.0,0.0,0.0,4.164,4.164,2.0521e-06,True,0.0129684291666669
699,699,4,0.0,0.0,0.0,0.0,0.0,4.23,4.23,1.43465e-07,True,0.0129684291666669
699,699,5,0.0,0.0,0.0,0.0,0.0,3.977,3.977,1.221786e-07,True,0.0129684291666669
699,699,6,0.0,0.0,0.0,0.0,0.0,4.329,4.329,6.392897e-07,True,0.0129684291666669
699,699,7,0.0,0.0,0.0,0.0,0.0,3.995,3.995,7.233397e-07,True,0.0129684291666669
699,699,8,0.0,0.0,0.0,0.0,0.0,4.294,4.294,8.250885e-07,True,0.0129684291666669
700,700,1,0.0,0.0,0.0,0.0,0.0,4.318,4.318,3.224686e-07,True,0.0081871424509804
700,700,2,0.0,0.0,0.0,0.0,0.0,4.261,4.261,6.587306e-07,True,0.0081871424509804
700,700,3,0.6784313725490196,0.686618515,0.0081871424509804,0.6784313725490196,0.2300772414903985,3.587,3.809,7.185786e-05,True,0.0081871424509804
700,700,4,0.0,0.0,0.0,0.0,0.0,4.23,4.23,7.088216e-06,True,0.0081871424509804
700,700,5,0.0,0.0,0.0,0.0,0.0,3.977,3.977,3.549048e-07,True,0.0081871424509804
700,700,6,0.0,0.0,0.0,0.0,0.0,4.329,4.329,5.629213e-07,True,0.0081871424509804
700,700,7,0.0,0.0,0.0,0.0,0.0,3.995,3.995,8.209316e-07,True,0.0081871424509804
700,700,8,0.0,0.0,0.0,0.0,0.0,4.294,4.294,7.281889e-07,True,0.0081871424509804
701,701,1,0.0,0.0,0.0,0.0,0.0,4.318,4.318,3.10133e-07,True,0.0112506998039215
701,701,2,0.0,0.0,0.0,0.0,0.0,4.261,4.261,6.86773e-07,True,0.0112506998039215
701,701,3,0.0,0.0,0.0,0.0,0.0,4.164,4.164,1.520913e-06,True,0.0112506998039215
701,701,4,0.0,0.0,0.0,0.0,0.0,4.23,4.23,1.027389e-06,True,0.0112506998039215
701,701,5,0.5803921568627451,0.5916428566666667,0.0112506998039215,0.5803921568627451,0.360582314667408,3.522,3.629,6.495996e-05,True,0.0112506998039215
701,701,6,0.0,0.0,0.0,0.0,0.0,4.329,4.329,9.12295e-07,True,0.0112506998039215
701,701,7,0.0,0.0,0.0,0.0,0.0,3.995,3.995,8.58778e-07,True,0.0112506998039215
701,701,8,0.0,0.0,0.0,0.0,0.0,4.294,4.294,7.209018e-07,True,0.0112506998039215
702,702,1,0.0,0.0,0.0,0.0,0.0,4.318,4.318,4.36994e-06,True,0.0044029341176469
702,702,2,0.6784313725490196,0.6828343066666666,0.0044029341176469,0.6784313725490196,0.1938503345771867,3.71,3.918,7.312156e-05,True,0.0044029341176469
702,702,3,0.0,0.0,0.0,0.0,0.0,4.164,4.164,2.007554e-06,True,0.0044029341176469
702,702,4,0.0,0.0,0.0,0.0,0.0,4.23,4.23,1.404102e-07,True,0.0044029341176469
702,702,5,0.0,0.0,0.0,0.0,0.0,3.977,3.977,1.209855e-07,True,0.0044029341176469
702,702,6,0.0,0.0,0.0,0.0,0.0,4.329,4.329,6.350579e-07,True,0.0044029341176469
702,702,7,0.0,0.0,0.0,0.0,0.0,3.995,3.995,7.238912e-07,True,0.0044029341176469
702,702,8,0.0,0.0,0.0,0.0,0.0,4.294,4.294,8.20718e-07,True,0.0044029341176469
703,703,1,0.0,0.0,0.0,0.0,0.0,4.318,4.318,2.353904e-07,True,0.0023678881372549
703,703,2,0.0,0.0,0.0,0.0,0.0,4.261,4.261,8.753644e-07,True,0.0023678881372549
703,703,3,0.0,0.0,0.0,0.0,0.0,4.164,4.164,7.92639e-07,True,0.0023678881372549
703,703,4,0.5803921568627451,0.5827600450000001,0.0023678881372549,0.5803921568627451,0.2171194734044059,3.695,3.909,6.474654e-05,True,0.0023678881372549
703,703,5,0.0,0.0,0.0,0.0,0.0,3.977,3.977,1.150615e-06,True,0.0023678881372549
703,703,6,0.0,0.0,0.0,0.0,0.0,4.329,4.329,5.714406e-07,True,0.0023678881372549
703,703,7,0.0,0.0,0.0,0.0,0.0,3.995,3.995,7.36698e-07,True,0.0023678881372549
703,703,8,0.0,0.0,0.0,0.0,0.0,4.294,4.294,8.22518e-07,True,0.0023678881372549
704,704,1,0.0,0.0,0.0,0.0,0.0,4.318,4.318,3.293705e-07,True,0.0132252886764707
704,704,2,0.0,0.0,0.0,0.0,0.0,4.261,4.261,6.865126e-07,True,0.0132252886764707
704,704,3,0.0,0.0,0.0,0.0,0.0,4.164,4.164,1.562926e-06,True,0.0132252886764707
704,704,4,0.0,0.0,0.0,0.0,0.0,4.23,4.23,1.471132e-06,True,0.0132252886764707
704,704,5,0.8509803921568627,0.8642056808333335,0.0132252886764707,0.8509803921568627,0.534845561758272,3.398,3.543,9.706587e-05,True,0.0132252886764707
704,704,6,0.0,0.0,0.0,0.0,0.0,4.329,4.329,9.661937e-07,True,0.0132252886764707
704,704,7,0.0,0.0,0.0,0.0,0.0,3.995,3.995,9.016889e-07,True,0.0132252886764707
704,704,8,0.0,0.0,0.0,0.0,0.0,4.294,4.294,7.20988e-07,True,0.0132252886764707
705,705,1,0.0,0.0,0.0,0.0,0.0,4.318,4.318,2.371723e-07,True,0.0027527095098041
705,705,2,0.0,0.0,0.0,0.0,0.0,4.261,4.261,9.165715e-07,True,0.0027527095098041
705,705,3,0.0,0.0,0.0,0.0,0.0,4.164,4.164,1.506552e-06,True,0.0027527095098041
705,705,4,0.8509803921568627,0.8537331016666668,0.0027527095098041,0.8509803921568627,0.3393199823221079,3.543,3.833,9.608203e-05,True,0.0027527095098041
705,705,5,0.0,0.0,0.0,0.0,0.0,3.977,3.977,1.534773e-06,True,0.0027527095098041
705,705,6,0.0,0.0,0.0,0.0,0.0,4.329,4.329,5.857567e-07,True,0.0027527095098041
705,705,7,0.0,0.0,0.0,0.0,0.0,3.995,3.995,7.360823e-07,True,0.0027527095098041
705,705,8,0.0,0.0,0.0,0.0,0.0,4.294,4.294,8.490344e-07,True,0.0027527095098041
706,706,1,0.0,0.0,0.0,0.0,0.0,4.318,4.318,3.348202e-07,True,0.0117472837254902
706,706,2,0.0,0.0,0.0,0.0,0.0,4.261,4.261,6.880981e-07,True,0.0117472837254902
706,706,3,0.0,0.0,0.0,0.0,0.0,4.164,4.164,1.576183e-06,True,0.0117472837254902
706,706,4,0.0,0.0,0.0,0.0,0.0,4.23,4.23,1.669063e-06,True,0.0117472837254902
706,706,5,0.9725490196078432,0.9842963033333336,0.0117472837254902,0.9725490196078432,0.6097751334806433,3.34,3.508,0.0001112228,True,0.0117472837254902
706,706,6,0.0,0.0,0.0,0.0,0.0,4.329,4.329,9.842215e-07,True,0.0117472837254902
706,706,7,0.0,0.0,0.0,0.0,0.0,3.995,3.995,9.194591e-07,True,0.0117472837254902
706,706,8,0.0,0.0,0.0,0.0,0.0,4.294,4.294,7.209115e-07,True,0.0117472837254902
707,707,1,0.0,0.0,0.0,0.0,0.0,4.318,4.318,2.35655e-07,True,0.0091137479411764
707,707,2,0.0,0.0,0.0,0.0,0.0,4.261,4.261,9.351674e-07,True,0.0091137479411764
707,707,3,0.0,0.0,0.0,0.0,0.0,4.164,4.164,1.845724e-06,True,0.0091137479411764
707,707,4,0.9725490196078432,0.9634352716666668,-0.0091137479411764,0.9725490196078432,0.3852695681017098,3.468,3.804,0.0001087198,True,0.0091137479411764
707,707,5,0.0,0.0,0.0,0.0,0.0,3.977,3.977,1.69371e-06,True,0.0091137479411764
707,707,6,0.0,0.0,0.0,0.0,0.0,4.329,4.329,5.914871e-07,True,0.0091137479411764
707,707,7,0.0,0.0,0.0,0.0,0.0,3.995,3.995,7.347699e-07,True,0.0091137479411764
707,707,8,0.0,0.0,0.0,0.0,0.0,4.294,4.294,8.559192e-07,True,0.0091137479411764
708,708,1,0.0,0.0,0.0,0.0,0.0,4.318,4.318,3.295635e-07,True,0.0136815119607844
708,708,2,0.0,0.0,0.0,0.0,0.0,4.261,4.261,6.552402e-07,True,0.0136815119607844
708,708,3,0.7960784313725487,0.8097599433333332,0.0136815119607844,0.7960784313725487,0.2884816644618805,3.534,3.776,8.567441e-05,True,0.0136815119607844
708,708,4,0.0,0.0,0.0,0.0,0.0,4.23,4.23,8.001892e-06,True,0.0136815119607844
708,708,5,0.0,0.0,0.0,0.0,0.0,3.977,3.977,3.90161e-07,True,0.0136815119607844
708,708,6,0.0,0.0,0.0,0.0,0.0,4.329,4.329,5.614198e-07,True,0.0136815119607844
708,708,7,0.0,0.0,0.0,0.0,0.0,3.995,3.995,8.286456e-07,True,0.0136815119607844
708,708,8,0.0,0.0,0.0,0.0,0.0,4.294,4.294,7.298611e-07,True,0.0136815119607844
709,709,1,0.0,0.0,0.0,0.0,0.0,4.318,4.318,5.163201e-06,True,0.0143976994607846
709,709,2,0.7960784313725487,0.8104761308333334,0.0143976994607846,0.7960784313725487,0.2598706108352914,3.663,3.884,8.754309e-05,True,0.0143976994607846
709,709,3,0.0,0.0,0.0,0.0,0.0,4.164,4.164,2.095199e-06,True,0.0143976994607846
709,709,4,0.0,0.0,0.0,0.0,0.0,4.23,4.23,1.429889e-07,True,0.0143976994607846
709,709,5,0.0,0.0,0.0,0.0,0.0,3.977,3.977,1.211762e-07,True,0.0143976994607846
709,709,6,0.0,0.0,0.0,0.0,0.0,4.329,4.329,6.413865e-07,True,0.0143976994607846
709,709,7,0.0,0.0,0.0,0.0,0.0,3.995,3.995,7.226815e-07,True,0.0143976994607846
709,709,8,0.0,0.0,0.0,0.0,0.0,4.294,4.294,8.274126e-07,True,0.0143976994607846
710,710,1,0.0,0.0,0.0,0.0,0.0,4.318,4.318,3.101198e-07,True,0.0102649305882353
710,710,2,0.0,0.0,0.0,0.0,0.0,4.261,4.261,6.856683e-07,True,0.0102649305882353
710,710,3,0.0,0.0,0.0,0.0,0.0,4.164,4.164,1.522012e-06,True,0.0102649305882353
710,710,4,0.0,0.0,0.0,0.0,0.0,4.23,4.23,1.047192e-06,True,0.0102649305882353
710,710,5,0.5921568627450979,0.6024217933333332,0.0102649305882353,0.5921568627450979,0.3676239917144795,3.516,3.625,6.62235e-05,True,0.0102649305882353
710,710,6,0.0,0.0,0.0,0.0,0.0,4.329,4.329,9.148787e-07,True,0.0102649305882353
710,710,7,0.0,0.0,0.0,0.0,0.0,3.995,3.995,8.621837e-07,True,0.0102649305882353
710,710,8,0.0,0.0,0.0,0.0,0.0,4.294,4.294,7.250607e-07,True,0.0102649305882353
711,711,1,0.0,0.0,0.0,0.0,0.0,4.318,4.318,2.347658e-07,True,0.0030039247549019
711,711,2,0.0,0.0,0.0,0.0,0.0,4.261,4.261,8.74351e-07,True,0.0030039247549019
711,711,3,0.0,0.0,0.0,0.0,0.0,4.164,4.164,8.222234e-07,True,0.0030039247549019
711,711,4,0.5921568627450979,0.5951607874999999,0.0030039247549019,0.5921568627450979,0.2227671165810537,3.688,3.905,6.618584e-05,True,0.0030039247549019
711,711,5,0.0,0.0,0.0,0.0,0.0,3.977,3.977,1.167772e-06,True,0.0030039247549019
711,711,6,0.0,0.0,0.0,0.0,0.0,4.329,4.329,5.710046e-07,True,0.0030039247549019
711,711,7,0.0,0.0,0.0,0.0,0.0,3.995,3.995,7.361238e-07,True,0.0030039247549019
711,711,8,0.0,0.0,0.0,0.0,0.0,4.294,4.294,8.272139e-07,True,0.0030039247549019
712,712,1,0.0,0.0,0.0,0.0,0.0,4.318,4.318,2.932589e-07,True,0.0066463129411766
712,712,2,0.0,0.0,0.0,0.0,0.0,4.261,4.261,6.855226e-07,True,0.0066463129411766
712,712,3,0.0,0.0,0.0,0.0,0.0,4.164,4.164,1.470488e-06,True,0.0066463129411766
712,712,4,0.0,0.0,0.0,0.0,0.0,4.23,4.23,6.715674e-07,True,0.0066463129411766
712,712,5,0.3607843137254901,0.3674306266666667,0.0066463129411766,0.3607843137254901,0.2106179271766382,3.629,3.711,3.856935e-05,True,0.0066463129411766
712,712,6,0.0,0.0,0.0,0.0,0.0,4.329,4.329,8.530632e-07,True,0.0066463129411766
712,712,7,0.0,0.0,0.0,0.0,0.0,3.995,3.995,8.224608e-07,True,0.0066463129411766
712,712,8,0.0,0.0,0.0,0.0,0.0,4.294,4.294,7.259643e-07,True,0.0066463129411766
713,713,1,0.0,0.0,0.0,0.0,0.0,4.318,4.318,2.387064e-07,True,0.0045611471078432
713,713,2,0.0,0.0,0.0,0.0,0.0,4.261,4.261,8.28148e-07,True,0.0045611471078432
713,713,3,0.0,0.0,0.0,0.0,0.0,4.164,4.164,3.887704e-07,True,0.0045611471078432
713,713,4,0.3607843137254901,0.3653454608333333,0.0045611471078432,0.3607843137254901,0.123525159521311,3.819,3.981,3.946592e-05,True,0.0045611471078432
713,713,5,0.0,0.0,0.0,0.0,0.0,3.977,3.977,8.177984e-07,True,0.0045611471078432
713,713,6,0.0,0.0,0.0,0.0,0.0,4.329,4.329,5.623994e-07,True,0.0045611471078432
713,713,7,0.0,0.0,0.0,0.0,0.0,3.995,3.995,7.363616e-07,True,0.0045611471078432
713,713,8,0.0,0.0,0.0,0.0,0.0,4.294,4.294,8.033511e-07,True,0.0045611471078432
714,714,1,0.0,0.0,0.0,0.0,0.0,4.318,4.318,2.940519e-07,True,0.0044554171568628
714,714,2,0.0,0.0,0.0,0.0,0.0,4.261,4.261,6.614278e-07,True,0.0044554171568628
714,714,3,0.2156862745098039,0.2201416916666667,0.0044554171568628,0.2156862745098039,0.0684377174387867,3.818,3.963,2.019496e-05,True,0.0044554171568628
714,714,4,0.0,0.0,0.0,0.0,0.0,4.23,4.23,2.971499e-06,True,0.0044554171568628
714,714,5,0.0,0.0,0.0,0.0,0.0,3.977,3.977,2.143418e-07,True,0.0044554171568628
714,714,6,0.0,0.0,0.0,0.0,0.0,4.329,4.329,5.666883e-07,True,0.0044554171568628
714,714,7,0.0,0.0,0.0,0.0,0.0,3.995,3.995,7.804145e-07,True,0.0044554171568628
714,714,8,0.0,0.0,0.0,0.0,0.0,4.294,4.294,7.336197e-07,True,0.0044554171568628
715,715,1,0.0,0.0,0.0,0.0,0.0,4.318,4.318,1.396823e-06,True,0.0114175153431372
715,715,2,0.2156862745098039,0.2042687591666666,-0.0114175153431372,0.2156862745098039,0.0359680293382352,3.905,4.078,1.915062e-05,True,0.0114175153431372
715,715,3,0.0,0.0,0.0,0.0,0.0,4.164,4.164,1.596045e-06,True,0.0114175153431372
715,715,4,0.0,0.0,0.0,0.0,0.0,4.23,4.23,1.407696e-07,True,0.0114175153431372
715,715,5,0.0,0.0,0.0,0.0,0.0,3.977,3.977,1.236768e-07,True,0.0114175153431372
715,715,6,0.0,0.0,0.0,0.0,0.0,4.329,4.329,5.99111e-07,True,0.0114175153431372
715,715,7,0.0,0.0,0.0,0.0,0.0,3.995,3.995,7.273376e-07,True,0.0114175153431372
715,715,8,0.0,0.0,0.0,0.0,0.0,4.294,4.294,7.778681e-07,True,0.0114175153431372
716,716,1,0.0,0.0,0.0,0.0,0.0,4.318,4.318,3.2696e-07,True,0.0139401159803921
716,716,2,0.0,0.0,0.0,0.0,0.0,4.261,4.261,6.576807e-07,True,0.0139401159803921
716,716,3,0.7647058823529411,0.7786459983333333,0.0139401159803921,0.7647058823529411,0.2737256596110966,3.548,3.784,8.213131e-05,True,0.0139401159803921
716,716,4,0.0,0.0,0.0,0.0,0.0,4.23,4.23,7.827965e-06,True,0.0139401159803921
716,716,5,0.0,0.0,0.0,0.0,0.0,3.977,3.977,3.809346e-07,True,0.0139401159803921
716,716,6,0.0,0.0,0.0,0.0,0.0,4.329,4.329,5.602467e-07,True,0.0139401159803921
716,716,7,0.0,0.0,0.0,0.0,0.0,3.995,3.995,8.254817e-07,True,0.0139401159803921
716,716,8,0.0,0.0,0.0,0.0,0.0,4.294,4.294,7.269411e-07,True,0.0139401159803921
717,717,1,0.0,0.0,0.0,0.0,0.0,4.318,4.318,4.936644e-06,True,0.0139138218137255
717,717,2,0.7647058823529411,0.7786197041666667,0.0139138218137255,0.7647058823529411,0.2422273572954193,3.676,3.892,8.397221e-05,True,0.0139138218137255
717,717,3,0.0,0.0,0.0,0.0,0.0,4.164,4.164,2.079425e-06,True,0.0139138218137255
717,717,4,0.0,0.0,0.0,0.0,0.0,4.23,4.23,1.390525e-07,True,0.0139138218137255
717,717,5,0.0,0.0,0.0,0.0,0.0,3.977,3.977,1.205962e-07,True,0.0139138218137255
717,717,6,0.0,0.0,0.0,0.0,0.0,4.329,4.329,6.377058e-07,True,0.0139138218137255
717,717,7,0.0,0.0,0.0,0.0,0.0,3.995,3.995,7.231683e-07,True,0.0139138218137255
717,717,8,0.0,0.0,0.0,0.0,0.0,4.294,4.294,8.255627e-07,True,0.0139138218137255
718,718,1,0.0,0.0,0.0,0.0,0.0,4.318,4.318,3.23664e-07,True,0.0123144515196077
718,718,2,0.0,0.0,0.0,0.0,0.0,4.261,4.261,6.853595e-07,True,0.0123144515196077
718,718,3,0.0,0.0,0.0,0.0,0.0,4.164,4.164,1.548574e-06,True,0.0123144515196077
718,718,4,0.0,0.0,0.0,0.0,0.0,4.23,4.23,1.331584e-06,True,0.0123144515196077
718,718,5,0.7686274509803923,0.7809419025000001,0.0123144515196077,0.7686274509803923,0.4835421356656174,3.435,3.568,8.726561e-05,True,0.0123144515196077
718,718,6,0.0,0.0,0.0,0.0,0.0,4.329,4.329,9.487615e-07,True,0.0123144515196077
718,718,7,0.0,0.0,0.0,0.0,0.0,3.995,3.995,8.87484e-07,True,0.0123144515196077
718,718,8,0.0,0.0,0.0,0.0,0.0,4.294,4.294,7.219913e-07,True,0.0123144515196077
719,719,1,0.0,0.0,0.0,0.0,0.0,4.318,4.318,2.378235e-07,True,0.0049680806862743
719,719,2,0.0,0.0,0.0,0.0,0.0,4.261,4.261,9.009052e-07,True,0.0049680806862743
719,719,3,0.0,0.0,0.0,0.0,0.0,4.164,4.164,1.285509e-06,True,0.0049680806862743
719,719,4,0.7686274509803923,0.7735955316666666,0.0049680806862743,0.7686274509803923,0.3038979224883826,3.591,3.854,8.683427e-05,True,0.0049680806862743
719,719,5,0.0,0.0,0.0,0.0,0.0,3.977,3.977,1.421299e-06,True,0.0049680806862743
719,719,6,0.0,0.0,0.0,0.0,0.0,4.329,4.329,5.791798e-07,True,0.0049680806862743
719,719,7,0.0,0.0,0.0,0.0,0.0,3.995,3.995,7.330495e-07,True,0.0049680806862743
719,719,8,0.0,0.0,0.0,0.0,0.0,4.294,4.294,8.394278e-07,True,0.0049680806862743
720,720,1,0.0,0.0,0.0,0.0,0.0,4.318,4.318,2.706192e-07,True,0.0158495275490195
720,720,2,0.0,0.0,0.0,0.0,0.0,4.261,4.261,6.835044e-07,True,0.0158495275490195
720,720,3,0.0,0.0,0.0,0.0,0.0,4.164,4.164,1.402599e-06,True,0.0158495275490195
720,720,4,0.0,0.0,0.0,0.0,0.0,4.23,4.23,2.99653e-07,True,0.0158495275490195
720,720,5,0.1215686274509804,0.137418155,0.0158495275490195,0.1215686274509804,0.0655285976241421,3.776,3.829,1.159236e-05,True,0.0158495275490195
720,720,6,0.0,0.0,0.0,0.0,0.0,4.329,4.329,7.367918e-07,True,0.0158495275490195
720,720,7,0.0,0.0,0.0,0.0,0.0,3.995,3.995,7.779522e-07,True,0.0158495275490195
720,720,8,0.0,0.0,0.0,0.0,0.0,4.294,4.294,7.26699e-07,True,0.0158495275490195
721,721,1,0.0,0.0,0.0,0.0,0.0,4.318,4.318,2.396182e-07,True,0.0097840950490195
721,721,2,0.0,0.0,0.0,0.0,0.0,4.261,4.261,7.643208e-07,True,0.0097840950490195
721,721,3,0.0,0.0,0.0,0.0,0.0,4.164,4.164,3.30843e-07,True,0.0097840950490195
721,721,4,0.1215686274509804,0.1313527225,0.0097840950490195,0.1215686274509804,0.0249536417428921,3.983,4.09,1.194945e-05,True,0.0097840950490195
721,721,5,0.0,0.0,0.0,0.0,0.0,3.977,3.977,4.159278e-07,True,0.0097840950490195
721,721,6,0.0,0.0,0.0,0.0,0.0,4.329,4.329,5.581587e-07,True,0.0097840950490195
721,721,7,0.0,0.0,0.0,0.0,0.0,3.995,3.995,7.321344e-07,True,0.0097840950490195
721,721,8,0.0,0.0,0.0,0.0,0.0,4.294,4.294,7.718738e-07,True,0.0097840950490195
722,722,1,0.0,0.0,0.0,0.0,0.0,4.318,4.318,3.178561e-07,True,0.0055066685294117
722,722,2,0.0,0.0,0.0,0.0,0.0,4.261,4.261,6.56029e-07,True,0.0055066685294117
722,722,3,0.619607843137255,0.6251145116666668,0.0055066685294117,0.619607843137255,0.2047745231284072,3.614,3.825,6.499804e-05,True,0.0055066685294117
722,722,4,0.0,0.0,0.0,0.0,0.0,4.23,4.23,6.603025e-06,True,0.0055066685294117
722,722,5,0.0,0.0,0.0,0.0,0.0,3.977,3.977,3.359898e-07,True,0.0055066685294117
722,722,6,0.0,0.0,0.0,0.0,0.0,4.329,4.329,5.614065e-07,True,0.0055066685294117
722,722,7,0.0,0.0,0.0,0.0,0.0,3.995,3.995,8.149843e-07,True,0.0055066685294117
722,722,8,0.0,0.0,0.0,0.0,0.0,4.294,4.294,7.264107e-07,True,0.0055066685294117
723,723,1,0.0,0.0,0.0,0.0,0.0,4.318,4.318,4.025151e-06,True,0.0072067935294114
723,723,2,0.619607843137255,0.6268146366666665,0.0072067935294114,0.619607843137255,0.1670602770011185,3.733,3.933,6.680354e-05,True,0.0072067935294114
723,723,3,0.0,0.0,0.0,0.0,0.0,4.164,4.164,1.965019e-06,True,0.0072067935294114
723,723,4,0.0,0.0,0.0,0.0,0.0,4.23,4.23,1.387795e-07,True,0.0072067935294114
723,723,5,0.0,0.0,0.0,0.0,0.0,3.977,3.977,1.204659e-07,True,0.0072067935294114
723,723,6,0.0,0.0,0.0,0.0,0.0,4.329,4.329,6.307143e-07,True,0.0072067935294114
723,723,7,0.0,0.0,0.0,0.0,0.0,3.995,3.995,7.215049e-07,True,0.0072067935294114
723,723,8,0.0,0.0,0.0,0.0,0.0,4.294,4.294,8.125818e-07,True,0.0072067935294114
724,724,1,0.0,0.0,0.0,0.0,0.0,4.318,4.318,2.527778e-07,True,0.0173088637254902
724,724,2,0.0,0.0,0.0,0.0,0.0,4.261,4.261,6.827398e-07,True,0.0173088637254902
724,724,3,0.0,0.0,0.0,0.0,0.0,4.164,4.164,1.349151e-06,True,0.0173088637254902
724,724,4,0.0,0.0,0.0,0.0,0.0,4.23,4.23,1.692944e-07,True,0.0173088637254902
724,724,5,0.0392156862745098,0.05652455,0.0173088637254902,0.0392156862745098,0.0077454097285539,3.862,3.906,2.191369e-06,True,0.0173088637254902
724,724,6,0.0,0.0,0.0,0.0,0.0,4.329,4.329,6.539481e-07,True,0.0173088637254902
724,724,7,0.0,0.0,0.0,0.0,0.0,3.995,3.995,7.505224e-07,True,0.0173088637254902
724,724,8,0.0,0.0,0.0,0.0,0.0,4.294,4.294,7.331435e-07,True,0.0173088637254902
725,725,1,0.0,0.0,0.0,0.0,0.0,4.318,4.318,3.19298e-07,True,0.0062314995098039
725,725,2,0.0,0.0,0.0,0.0,0.0,4.261,4.261,6.523015e-07,True,0.0062314995098039
725,725,3,0.6509803921568628,0.6572118916666667,0.0062314995098039,0.6509803921568628,0.2190921172543996,3.599,3.816,6.862347e-05,True,0.0062314995098039
725,725,4,0.0,0.0,0.0,0.0,0.0,4.23,4.23,6.812766e-06,True,0.0062314995098039
725,725,5,0.0,0.0,0.0,0.0,0.0,3.977,3.977,3.474103e-07,True,0.0062314995098039
725,725,6,0.0,0.0,0.0,0.0,0.0,4.329,4.329,5.639587e-07,True,0.0062314995098039
725,725,7,0.0,0.0,0.0,0.0,0.0,3.995,3.995,8.167761e-07,True,0.0062314995098039
725,725,8,0.0,0.0,0.0,0.0,0.0,4.294,4.294,7.294464e-07,True,0.0062314995098039
726,726,1,0.0,0.0,0.0,0.0,0.0,4.318,4.318,2.429272e-07,True,0.0015108287745098
726,726,2,0.0,0.0,0.0,0.0,0.0,4.261,4.261,6.851276e-07,True,0.0015108287745098
726,726,3,0.0,0.0,0.0,0.0,0.0,4.164,4.164,1.29966e-06,True,0.0015108287745098
726,726,4,0.0392156862745098,0.0377048575,-0.0015108287745098,0.0392156862745098,0.0,4.072,4.23,1.291967e-07,True,0.0015108287745098
726,726,5,0.0,0.0,0.0,0.0,0.0,3.977,3.977,1.280007e-07,True,0.0015108287745098
726,726,6,0.0,0.0,0.0,0.0,0.0,4.329,4.329,5.704148e-07,True,0.0015108287745098
726,726,7,0.0,0.0,0.0,0.0,0.0,3.995,3.995,7.299633e-07,True,0.0015108287745098
726,726,8,0.0,0.0,0.0,0.0,0.0,4.294,4.294,7.392926e-07,True,0.0015108287745098
727,727,1,0.0,0.0,0.0,0.0,0.0,4.318,4.318,4.199533e-06,True,0.0044102286764704
727,727,2,0.6509803921568628,0.6553906208333332,0.0044102286764704,0.6509803921568628,0.1824472118794388,3.72,3.925,7.002831e-05,True,0.0044102286764704
727,727,3,0.0,0.0,0.0,0.0,0.0,4.164,4.164,1.986244e-06,True,0.0044102286764704
727,727,4,0.0,0.0,0.0,0.0,0.0,4.23,4.23,1.405654e-07,True,0.0044102286764704
727,727,5,0.0,0.0,0.0,0.0,0.0,3.977,3.977,1.215164e-07,True,0.0044102286764704
727,727,6,0.0,0.0,0.0,0.0,0.0,4.329,4.329,6.321603e-07,True,0.0044102286764704
727,727,7,0.0,0.0,0.0,0.0,0.0,3.995,3.995,7.210188e-07,True,0.0044102286764704
727,727,8,0.0,0.0,0.0,0.0,0.0,4.294,4.294,8.175266e-07,True,0.0044102286764704
728,728,1,0.0,0.0,0.0,0.0,0.0,4.318,4.318,3.082544e-07,True,0.0085468044607843
728,728,2,0.0,0.0,0.0,0.0,0.0,4.261,4.261,6.854784e-07,True,0.0085468044607843
728,728,3,0.0,0.0,0.0,0.0,0.0,4.164,4.164,1.512772e-06,True,0.0085468044607843
728,728,4,0.0,0.0,0.0,0.0,0.0,4.23,4.23,1.053429e-06,True,0.0085468044607843
728,728,5,0.596078431372549,0.6046252358333334,0.0085468044607843,0.596078431372549,0.3704351408730733,3.514,3.624,6.64937e-05,True,0.0085468044607843
728,728,6,0.0,0.0,0.0,0.0,0.0,4.329,4.329,9.211509e-07,True,0.0085468044607843
728,728,7,0.0,0.0,0.0,0.0,0.0,3.995,3.995,8.593623e-07,True,0.0085468044607843
728,728,8,0.0,0.0,0.0,0.0,0.0,4.294,4.294,7.208813e-07,True,0.0085468044607843
729,729,1,0.0,0.0,0.0,0.0,0.0,4.318,4.318,2.350303e-07,True,0.0050031119607842
729,729,2,0.0,0.0,0.0,0.0,0.0,4.261,4.261,8.761155e-07,True,0.0050031119607842
729,729,3,0.0,0.0,0.0,0.0,0.0,4.164,4.164,8.402676e-07,True,0.0050031119607842
729,729,4,0.596078431372549,0.6010815433333333,0.0050031119607842,0.596078431372549,0.2257691827982353,3.686,3.903,6.687148e-05,True,0.0050031119607842
729,729,5,0.0,0.0,0.0,0.0,0.0,3.977,3.977,1.176864e-06,True,0.0050031119607842
729,729,6,0.0,0.0,0.0,0.0,0.0,4.329,4.329,5.709277e-07,True,0.0050031119607842
729,729,7,0.0,0.0,0.0,0.0,0.0,3.995,3.995,7.327384e-07,True,0.0050031119607842
729,729,8,0.0,0.0,0.0,0.0,0.0,4.294,4.294,8.263617e-07,True,0.0050031119607842
730,730,1,0.0,0.0,0.0,0.0,0.0,4.318,4.318,2.730965e-07,True,0.0047580329411764
730,730,2,0.0,0.0,0.0,0.0,0.0,4.261,4.261,6.813947e-07,True,0.0047580329411764
730,730,3,0.0,0.0,0.0,0.0,0.0,4.164,4.164,1.410347e-06,True,0.0047580329411764
730,730,4,0.0,0.0,0.0,0.0,0.0,4.23,4.23,3.506785e-07,True,0.0047580329411764
730,730,5,0.1725490196078431,0.1677909866666666,-0.0047580329411764,0.1725490196078431,0.0819007282228097,3.739,3.809,1.515053e-05,True,0.0047580329411764
730,730,6,0.0,0.0,0.0,0.0,0.0,4.329,4.329,7.60498e-07,True,0.0047580329411764
730,730,7,0.0,0.0,0.0,0.0,0.0,3.995,3.995,7.816137e-07,True,0.0047580329411764
730,730,8,0.0,0.0,0.0,0.0,0.0,4.294,4.294,7.2676e-07,True,0.0047580329411764
731,731,1,0.0,0.0,0.0,0.0,0.0,4.318,4.318,2.377419e-07,True,0.0064141887254902
731,731,2,0.0,0.0,0.0,0.0,0.0,4.261,4.261,7.788942e-07,True,0.0064141887254902
731,731,3,0.0,0.0,0.0,0.0,0.0,4.164,4.164,2.804439e-07,True,0.0064141887254902
731,731,4,0.1725490196078431,0.1789632083333333,0.0064141887254902,0.1725490196078431,0.0479385418577205,3.944,4.062,1.760719e-05,True,0.0064141887254902
731,731,5,0.0,0.0,0.0,0.0,0.0,3.977,3.977,5.057533e-07,True,0.0064141887254902
731,731,6,0.0,0.0,0.0,0.0,0.0,4.329,4.329,5.564519e-07,True,0.0064141887254902
731,731,7,0.0,0.0,0.0,0.0,0.0,3.995,3.995,7.331381e-07,True,0.0064141887254902
731,731,8,0.0,0.0,0.0,0.0,0.0,4.294,4.294,7.759717e-07,True,0.0064141887254902
732,732,1,0.0,0.0,0.0,0.0,0.0,4.318,4.318,3.281878e-07,True,0.0139632910294118
732,732,2,0.0,0.0,0.0,0.0,0.0,4.261,4.261,6.858502e-07,True,0.0139632910294118
732,732,3,0.0,0.0,0.0,0.0,0.0,4.164,4.164,1.56608e-06,True,0.0139632910294118
732,732,4,0.0,0.0,0.0,0.0,0.0,4.23,4.23,1.525681e-06,True,0.0139632910294118
732,732,5,0.8862745098039215,0.9002378008333334,0.0139632910294118,0.8862745098039215,0.5582631844178889,3.381,3.532,0.0001013388,True,0.0139632910294118
732,732,6,0.0,0.0,0.0,0.0,0.0,4.329,4.329,9.619902e-07,True,0.0139632910294118
732,732,7,0.0,0.0,0.0,0.0,0.0,3.995,3.995,9.034122e-07,True,0.0139632910294118
732,732,8,0.0,0.0,0.0,0.0,0.0,4.294,4.294,7.185347e-07,True,0.0139632910294118
733,733,1,0.0,0.0,0.0,0.0,0.0,4.318,4.318,2.353081e-07,True,0.0007265918627453
733,733,2,0.0,0.0,0.0,0.0,0.0,4.261,4.261,9.265416e-07,True,0.0007265918627453
733,733,3,0.0,0.0,0.0,0.0,0.0,4.164,4.164,1.60961e-06,True,0.0007265918627453
733,733,4,0.8862745098039215,0.8870011016666669,0.0007265918627453,0.8862745098039215,0.3546739100816358,3.522,3.823,9.990838e-05,True,0.0007265918627453
733,733,5,0.0,0.0,0.0,0.0,0.0,3.977,3.977,1.593481e-06,True,0.0007265918627453
733,733,6,0.0,0.0,0.0,0.0,0.0,4.329,4.329,5.856974e-07,True,0.0007265918627453
733,733,7,0.0,0.0,0.0,0.0,0.0,3.995,3.995,7.372205e-07,True,0.0007265918627453
733,733,8,0.0,0.0,0.0,0.0,0.0,4.294,4.294,8.438936e-07,True,0.0007265918627453
734,734,1,0.0,0.0,0.0,0.0,0.0,4.318,4.318,2.81525e-07,True,0.0136097602941175
734,734,2,0.0,0.0,0.0,0.0,0.0,4.261,4.261,6.848815e-07,True,0.0136097602941175
734,734,3,0.0,0.0,0.0,0.0,0.0,4.164,4.164,1.448485e-06,True,0.0136097602941175
734,734,4,0.0,0.0,0.0,0.0,0.0,4.23,4.23,5.27126e-07,True,0.0136097602941175
734,734,5,0.2627450980392157,0.2763548583333333,0.0136097602941175,0.2627450980392157,0.1561042371975061,3.681,3.751,2.787074e-05,True,0.0136097602941175
734,734,6,0.0,0.0,0.0,0.0,0.0,4.329,4.329,8.196645e-07,True,0.0136097602941175
734,734,7,0.0,0.0,0.0,0.0,0.0,3.995,3.995,8.04621e-07,True,0.0136097602941175
734,734,8,0.0,0.0,0.0,0.0,0.0,4.294,4.294,7.2554e-07,True,0.0136097602941175
735,735,1,0.0,0.0,0.0,0.0,0.0,4.318,4.318,2.379287e-07,True,0.008286756127451
735,735,2,0.0,0.0,0.0,0.0,0.0,4.261,4.261,8.060347e-07,True,0.008286756127451
735,735,3,0.0,0.0,0.0,0.0,0.0,4.164,4.164,2.916402e-07,True,0.008286756127451
735,735,4,0.2627450980392157,0.2710318541666667,0.008286756127451,0.2627450980392157,0.0846328781844362,3.879,4.018,2.842985e-05,True,0.008286756127451
735,735,5,0.0,0.0,0.0,0.0,0.0,3.977,3.977,6.680027e-07,True,0.008286756127451
735,735,6,0.0,0.0,0.0,0.0,0.0,4.329,4.329,5.606279e-07,True,0.008286756127451
735,735,7,0.0,0.0,0.0,0.0,0.0,3.995,3.995,7.347667e-07,True,0.008286756127451
735,735,8,0.0,0.0,0.0,0.0,0.0,4.294,4.294,7.949716e-07,True,0.008286756127451
736,736,1,0.0,0.0,0.0,0.0,0.0,4.318,4.318,3.097869e-07,True,0.0107172965196081
736,736,2,0.0,0.0,0.0,0.0,0.0,4.261,4.261,6.920656e-07,True,0.0107172965196081
736,736,3,0.0,0.0,0.0,0.0,0.0,4.164,4.164,1.519992e-06,True,0.0107172965196081
736,736,4,0.0,0.0,0.0,0.0,0.0,4.23,4.23,1.125339e-06,True,0.0107172965196081
736,736,5,0.6352941176470586,0.6460114141666667,0.0107172965196081,0.6352941176470586,0.3963761861532258,3.496,3.61,7.134387e-05,True,0.0107172965196081
736,736,6,0.0,0.0,0.0,0.0,0.0,4.329,4.329,9.39471e-07,True,0.0107172965196081
736,736,7,0.0,0.0,0.0,0.0,0.0,3.995,3.995,8.676982e-07,True,0.0107172965196081
736,736,8,0.0,0.0,0.0,0.0,0.0,4.294,4.294,7.23147e-07,True,0.0107172965196081
737,737,1,0.0,0.0,0.0,0.0,0.0,4.318,4.318,2.36197e-07,True,0.0065856231862747
737,737,2,0.0,0.0,0.0,0.0,0.0,4.261,4.261,8.830174e-07,True,0.0065856231862747
737,737,3,0.0,0.0,0.0,0.0,0.0,4.164,4.164,9.350441e-07,True,0.0065856231862747
737,737,4,0.6352941176470586,0.6418797408333333,0.0065856231862747,0.6352941176470586,0.2441346312790068,3.664,3.891,7.159569e-05,True,0.0065856231862747
737,737,5,0.0,0.0,0.0,0.0,0.0,3.977,3.977,1.238149e-06,True,0.0065856231862747
737,737,6,0.0,0.0,0.0,0.0,0.0,4.329,4.329,5.743611e-07,True,0.0065856231862747
737,737,7,0.0,0.0,0.0,0.0,0.0,3.995,3.995,7.325668e-07,True,0.0065856231862747
737,737,8,0.0,0.0,0.0,0.0,0.0,4.294,4.294,8.305435e-07,True,0.0065856231862747
738,738,1,0.0,0.0,0.0,0.0,0.0,4.318,4.318,3.157951e-07,True,0.0076472937745096
738,738,2,0.0,0.0,0.0,0.0,0.0,4.261,4.261,6.542339e-07,True,0.0076472937745096
738,738,3,0.5607843137254902,0.5684316074999999,0.0076472937745096,0.5607843137254902,0.1799166499473529,3.641,3.841,5.872073e-05,True,0.0076472937745096
738,738,4,0.0,0.0,0.0,0.0,0.0,4.23,4.23,6.090485e-06,True,0.0076472937745096
738,738,5,0.0,0.0,0.0,0.0,0.0,3.977,3.977,3.226002e-07,True,0.0076472937745096
738,738,6,0.0,0.0,0.0,0.0,0.0,4.329,4.329,5.65496e-07,True,0.0076472937745096
738,738,7,0.0,0.0,0.0,0.0,0.0,3.995,3.995,8.106996e-07,True,0.0076472937745096
738,738,8,0.0,0.0,0.0,0.0,0.0,4.294,4.294,7.317531e-07,True,0.0076472937745096
739,739,1,0.0,0.0,0.0,0.0,0.0,4.318,4.318,3.735674e-06,True,0.0187492146078429
739,739,2,0.5607843137254902,0.5795335283333332,0.0187492146078429,0.5607843137254902,0.1459697592802697,3.756,3.946,6.145264e-05,True,0.0187492146078429
739,739,3,0.0,0.0,0.0,0.0,0.0,4.164,4.164,1.92625e-06,True,0.0187492146078429
739,739,4,0.0,0.0,0.0,0.0,0.0,4.23,4.23,1.422037e-07,True,0.0187492146078429
739,739,5,0.0,0.0,0.0,0.0,0.0,3.977,3.977,1.239326e-07,True,0.0187492146078429
739,739,6,0.0,0.0,0.0,0.0,0.0,4.329,4.329,6.288219e-07,True,0.0187492146078429
739,739,7,0.0,0.0,0.0,0.0,0.0,3.995,3.995,7.228766e-07,True,0.0187492146078429
739,739,8,0.0,0.0,0.0,0.0,0.0,4.294,4.294,8.116246e-07,True,0.0187492146078429
740,740,1,0.0,0.0,0.0,0.0,0.0,4.318,4.318,3.108474e-07,True,0.0065601738235293
740,740,2,0.0,0.0,0.0,0.0,0.0,4.261,4.261,6.519765e-07,True,0.0065601738235293
740,740,3,0.4823529411764706,0.4889131149999999,0.0065601738235293,0.4823529411764706,0.143649565698517,3.677,3.865,4.986727e-05,True,0.0065601738235293
740,740,4,0.0,0.0,0.0,0.0,0.0,4.23,4.23,5.442177e-06,True,0.0065601738235293
740,740,5,0.0,0.0,0.0,0.0,0.0,3.977,3.977,2.987596e-07,True,0.0065601738235293
740,740,6,0.0,0.0,0.0,0.0,0.0,4.329,4.329,5.651946e-07,True,0.0065601738235293
740,740,7,0.0,0.0,0.0,0.0,0.0,3.995,3.995,8.035e-07,True,0.0065601738235293
740,740,8,0.0,0.0,0.0,0.0,0.0,4.294,4.294,7.298487e-07,True,0.0065601738235293
741,741,1,0.0,0.0,0.0,0.0,0.0,4.318,4.318,3.233341e-06,True,0.0170826846568627
741,741,2,0.4823529411764706,0.4994356258333333,0.0170826846568627,0.4823529411764706,0.1033474515618506,3.787,3.97,5.241203e-05,True,0.0170826846568627
741,741,3,0.0,0.0,0.0,0.0,0.0,4.164,4.164,1.867492e-06,True,0.0170826846568627
741,741,4,0.0,0.0,0.0,0.0,0.0,4.23,4.23,1.412648e-07,True,0.0170826846568627
741,741,5,0.0,0.0,0.0,0.0,0.0,3.977,3.977,1.228186e-07,True,0.0170826846568627
741,741,6,0.0,0.0,0.0,0.0,0.0,4.329,4.329,6.232283e-07,True,0.0170826846568627
741,741,7,0.0,0.0,0.0,0.0,0.0,3.995,3.995,7.223475e-07,True,0.0170826846568627
741,741,8,0.0,0.0,0.0,0.0,0.0,4.294,4.294,8.097529e-07,True,0.0170826846568627
742,742,1,0.0,0.0,0.0,0.0,0.0,4.318,4.318,3.119451e-07,True,0.007641699607843
742,742,2,0.0,0.0,0.0,0.0,0.0,4.261,4.261,6.508218e-07,True,0.007641699607843
742,742,3,0.4941176470588236,0.5017593466666667,0.007641699607843,0.4941176470588236,0.1493021705444364,3.672,3.861,5.131708e-05,True,0.007641699607843
742,742,4,0.0,0.0,0.0,0.0,0.0,4.23,4.23,5.528922e-06,True,0.007641699607843
742,742,5,0.0,0.0,0.0,0.0,0.0,3.977,3.977,3.025558e-07,True,0.007641699607843
742,742,6,0.0,0.0,0.0,0.0,0.0,4.329,4.329,5.648089e-07,True,0.007641699607843
742,742,7,0.0,0.0,0.0,0.0,0.0,3.995,3.995,8.023837e-07,True,0.007641699607843
742,742,8,0.0,0.0,0.0,0.0,0.0,4.294,4.294,7.326043e-07,True,0.007641699607843
743,743,1,0.0,0.0,0.0,0.0,0.0,4.318,4.318,3.206863e-06,True,0.0019601162745097
743,743,2,0.4941176470588236,0.4960777633333333,0.0019601162745097,0.4941176470588236,0.1023755349197637,3.782,3.971,5.203716e-05,True,0.0019601162745097
743,743,3,0.0,0.0,0.0,0.0,0.0,4.164,4.164,1.865629e-06,True,0.0019601162745097
743,743,4,0.0,0.0,0.0,0.0,0.0,4.23,4.23,1.410837e-07,True,0.0019601162745097
743,743,5,0.0,0.0,0.0,0.0,0.0,3.977,3.977,1.234468e-07,True,0.0019601162745097
743,743,6,0.0,0.0,0.0,0.0,0.0,4.329,4.329,6.222495e-07,True,0.0019601162745097
743,743,7,0.0,0.0,0.0,0.0,0.0,3.995,3.995,7.225705e-07,True,0.0019601162745097
743,743,8,0.0,0.0,0.0,0.0,0.0,4.294,4.294,8.103291e-07,True,0.0019601162745097
744,744,1,0.0,0.0,0.0,0.0,0.0,4.318,4.318,3.298293e-07,True,0.0139070344117645
744,744,2,0.0,0.0,0.0,0.0,0.0,4.261,4.261,6.840654e-07,True,0.0139070344117645
744,744,3,0.0,0.0,0.0,0.0,0.0,4.164,4.164,1.565322e-06,True,0.0139070344117645
744,744,4,0.0,0.0,0.0,0.0,0.0,4.23,4.23,1.505656e-06,True,0.0139070344117645
744,744,5,0.8745098039215687,0.8884168383333333,0.0139070344117645,0.8745098039215687,0.5521143562707237,3.387,3.535,9.993577e-05,True,0.0139070344117645
744,744,6,0.0,0.0,0.0,0.0,0.0,4.329,4.329,9.657913e-07,True,0.0139070344117645
744,744,7,0.0,0.0,0.0,0.0,0.0,3.995,3.995,9.014479e-07,True,0.0139070344117645
744,744,8,0.0,0.0,0.0,0.0,0.0,4.294,4.294,7.221387e-07,True,0.0139070344117645
745,745,1,0.0,0.0,0.0,0.0,0.0,4.318,4.318,2.337853e-07,True,0.0097467144117645
745,745,2,0.0,0.0,0.0,0.0,0.0,4.261,4.261,9.252679e-07,True,0.0097467144117645
745,745,3,0.0,0.0,0.0,0.0,0.0,4.164,4.164,1.599946e-06,True,0.0097467144117645
745,745,4,0.8745098039215687,0.8842565183333333,0.0097467144117645,0.8745098039215687,0.3526367577130088,3.529,3.824,9.95954e-05,True,0.0097467144117645
745,745,5,0.0,0.0,0.0,0.0,0.0,3.977,3.977,1.584078e-06,True,0.0097467144117645
745,745,6,0.0,0.0,0.0,0.0,0.0,4.329,4.329,5.867739e-07,True,0.0097467144117645
745,745,7,0.0,0.0,0.0,0.0,0.0,3.995,3.995,7.343724e-07,True,0.0097467144117645
745,745,8,0.0,0.0,0.0,0.0,0.0,4.294,4.294,8.511587e-07,True,0.0097467144117645
746,746,1,0.0,0.0,0.0,0.0,0.0,4.318,4.318,3.106305e-07,True,0.009173698137255
746,746,2,0.0,0.0,0.0,0.0,0.0,4.261,4.261,6.548948e-07,True,0.009173698137255
746,746,3,0.4470588235294117,0.4562325216666667,0.009173698137255,0.4470588235294117,0.1282462008480513,3.694,3.875,4.623732e-05,True,0.009173698137255
746,746,4,0.0,0.0,0.0,0.0,0.0,4.23,4.23,5.15905e-06,True,0.009173698137255
746,746,5,0.0,0.0,0.0,0.0,0.0,3.977,3.977,2.892051e-07,True,0.009173698137255
746,746,6,0.0,0.0,0.0,0.0,0.0,4.329,4.329,5.636853e-07,True,0.009173698137255
746,746,7,0.0,0.0,0.0,0.0,0.0,3.995,3.995,8.020133e-07,True,0.009173698137255
746,746,8,0.0,0.0,0.0,0.0,0.0,4.294,4.294,7.311036e-07,True,0.009173698137255
747,747,1,0.0,0.0,0.0,0.0,0.0,4.318,4.318,3.026597e-06,True,0.0161910414705882
747,747,2,0.4470588235294117,0.4632498649999999,0.0161910414705882,0.4470588235294117,0.0849774171014887,3.801,3.981,4.830915e-05,True,0.0161910414705882
747,747,3,0.0,0.0,0.0,0.0,0.0,4.164,4.164,1.840418e-06,True,0.0161910414705882
747,747,4,0.0,0.0,0.0,0.0,0.0,4.23,4.23,1.403891e-07,True,0.0161910414705882
747,747,5,0.0,0.0,0.0,0.0,0.0,3.977,3.977,1.236088e-07,True,0.0161910414705882
747,747,6,0.0,0.0,0.0,0.0,0.0,4.329,4.329,6.202089e-07,True,0.0161910414705882
747,747,7,0.0,0.0,0.0,0.0,0.0,3.995,3.995,7.239466e-07,True,0.0161910414705882
747,747,8,0.0,0.0,0.0,0.0,0.0,4.294,4.294,8.056654e-07,True,0.0161910414705882
748,748,1,0.0,0.0,0.0,0.0,0.0,4.318,4.318,2.849012e-07,True,0.0123675339215686
748,748,2,0.0,0.0,0.0,0.0,0.0,4.261,4.261,6.82188e-07,True,0.0123675339215686
748,748,3,0.0,0.0,0.0,0.0,0.0,4.164,4.164,1.452267e-06,True,0.0123675339215686
748,748,4,0.0,0.0,0.0,0.0,0.0,4.23,4.23,5.122139e-07,True,0.0123675339215686
748,748,5,0.2588235294117646,0.2711910633333333,0.0123675339215686,0.2588235294117646,0.1533579556127204,3.683,3.753,2.726629e-05,True,0.0123675339215686
748,748,6,0.0,0.0,0.0,0.0,0.0,4.329,4.329,8.169871e-07,True,0.0123675339215686
748,748,7,0.0,0.0,0.0,0.0,0.0,3.995,3.995,8.03798e-07,True,0.0123675339215686
748,748,8,0.0,0.0,0.0,0.0,0.0,4.294,4.294,7.242824e-07,True,0.0123675339215686
749,749,1,0.0,0.0,0.0,0.0,0.0,4.318,4.318,2.390983e-07,True,0.0066490464215687
749,749,2,0.0,0.0,0.0,0.0,0.0,4.261,4.261,8.031948e-07,True,0.0066490464215687
749,749,3,0.0,0.0,0.0,0.0,0.0,4.164,4.164,2.854492e-07,True,0.0066490464215687
749,749,4,0.2588235294117646,0.2654725758333333,0.0066490464215687,0.2588235294117646,0.0826328164772056,3.882,4.02,2.778366e-05,True,0.0066490464215687
749,749,5,0.0,0.0,0.0,0.0,0.0,3.977,3.977,6.582555e-07,True,0.0066490464215687
749,749,6,0.0,0.0,0.0,0.0,0.0,4.329,4.329,5.599457e-07,True,0.0066490464215687
749,749,7,0.0,0.0,0.0,0.0,0.0,3.995,3.995,7.337866e-07,True,0.0066490464215687
749,749,8,0.0,0.0,0.0,0.0,0.0,4.294,4.294,7.93319e-07,True,0.0066490464215687
750,750,1,0.0,0.0,0.0,0.0,0.0,4.318,4.318,3.171367e-07,True,0.0041897723039215
750,750,2,0.0,0.0,0.0,0.0,0.0,4.261,4.261,6.561766e-07,True,0.0041897723039215
750,750,3,0.5803921568627451,0.5845819291666667,0.0041897723039215,0.5803921568627451,0.1886225541428433,3.632,3.836,6.047621e-05,True,0.0041897723039215
750,750,4,0.0,0.0,0.0,0.0,0.0,4.23,4.23,6.268166e-06,True,0.0041897723039215
750,750,5,0.0,0.0,0.0,0.0,0.0,3.977,3.977,3.278578e-07,True,0.0041897723039215
750,750,6,0.0,0.0,0.0,0.0,0.0,4.329,4.329,5.626071e-07,True,0.0041897723039215
750,750,7,0.0,0.0,0.0,0.0,0.0,3.995,3.995,8.116571e-07,True,0.0041897723039215
750,750,8,0.0,0.0,0.0,0.0,0.0,4.294,4.294,7.300202e-07,True,0.0041897723039215
751,751,1,0.0,0.0,0.0,0.0,0.0,4.318,4.318,2.912541e-07,True,0.0179698069117646
751,751,2,0.0,0.0,0.0,0.0,0.0,4.261,4.261,6.843884e-07,True,0.0179698069117646
751,751,3,0.0,0.0,0.0,0.0,0.0,4.164,4.164,1.4727e-06,True,0.0179698069117646
751,751,4,0.0,0.0,0.0,0.0,0.0,4.23,4.23,6.566547e-07,True,0.0179698069117646
751,751,5,0.3411764705882353,0.3591462775,0.0179698069117646,0.3411764705882353,0.2068657457708212,3.639,3.714,3.75951e-05,True,0.0179698069117646
751,751,6,0.0,0.0,0.0,0.0,0.0,4.329,4.329,8.51734e-07,True,0.0179698069117646
751,751,7,0.0,0.0,0.0,0.0,0.0,3.995,3.995,8.195642e-07,True,0.0179698069117646
751,751,8,0.0,0.0,0.0,0.0,0.0,4.294,4.294,7.261579e-07,True,0.0179698069117646
752,752,1,0.0,0.0,0.0,0.0,0.0,4.318,4.318,3.783186e-06,True,0.0058875823039215
752,752,2,0.5803921568627451,0.5862797391666666,0.0058875823039215,0.5803921568627451,0.1478213857208456,3.748,3.944,6.220777e-05,True,0.0058875823039215
752,752,3,0.0,0.0,0.0,0.0,0.0,4.164,4.164,1.934145e-06,True,0.0058875823039215
752,752,4,0.0,0.0,0.0,0.0,0.0,4.23,4.23,1.413126e-07,True,0.0058875823039215
752,752,5,0.0,0.0,0.0,0.0,0.0,3.977,3.977,1.228416e-07,True,0.0058875823039215
752,752,6,0.0,0.0,0.0,0.0,0.0,4.329,4.329,6.294405e-07,True,0.0058875823039215
752,752,7,0.0,0.0,0.0,0.0,0.0,3.995,3.995,7.212223e-07,True,0.0058875823039215
752,752,8,0.0,0.0,0.0,0.0,0.0,4.294,4.294,8.136507e-07,True,0.0058875823039215
753,753,1,0.0,0.0,0.0,0.0,0.0,4.318,4.318,2.373143e-07,True,0.0040225719117646
753,753,2,0.0,0.0,0.0,0.0,0.0,4.261,4.261,8.195266e-07,True,0.0040225719117646
753,753,3,0.0,0.0,0.0,0.0,0.0,4.164,4.164,3.624399e-07,True,0.0040225719117646
753,753,4,0.3411764705882353,0.3451990425,0.0040225719117646,0.3411764705882353,0.1147203272876961,3.831,3.988,3.712146e-05,True,0.0040225719117646
753,753,5,0.0,0.0,0.0,0.0,0.0,3.977,3.977,7.884815e-07,True,0.0040225719117646
753,753,6,0.0,0.0,0.0,0.0,0.0,4.329,4.329,5.594903e-07,True,0.0040225719117646
753,753,7,0.0,0.0,0.0,0.0,0.0,3.995,3.995,7.326832e-07,True,0.0040225719117646
753,753,8,0.0,0.0,0.0,0.0,0.0,4.294,4.294,8.024893e-07,True,0.0040225719117646
754,754,1,0.0,0.0,0.0,0.0,0.0,4.318,4.318,3.295445e-07,True,0.0166437920098039
754,754,2,0.0,0.0,0.0,0.0,0.0,4.261,4.261,6.547747e-07,True,0.0166437920098039
754,754,3,0.8509803921568627,0.8676241841666666,0.0166437920098039,0.8509803921568627,0.3185719656839826,3.509,3.76,9.213085e-05,True,0.0166437920098039
754,754,4,0.0,0.0,0.0,0.0,0.0,4.23,4.23,8.473615e-06,True,0.0166437920098039
754,754,5,0.0,0.0,0.0,0.0,0.0,3.977,3.977,4.08867e-07,True,0.0166437920098039
754,754,6,0.0,0.0,0.0,0.0,0.0,4.329,4.329,5.582868e-07,True,0.0166437920098039
754,754,7,0.0,0.0,0.0,0.0,0.0,3.995,3.995,8.312098e-07,True,0.0166437920098039
754,754,8,0.0,0.0,0.0,0.0,0.0,4.294,4.294,7.277543e-07,True,0.0166437920098039
755,755,1,0.0,0.0,0.0,0.0,0.0,4.318,4.318,3.04774e-07,True,0.0088815234313726
755,755,2,0.0,0.0,0.0,0.0,0.0,4.261,4.261,6.835294e-07,True,0.0088815234313726
755,755,3,0.0,0.0,0.0,0.0,0.0,4.164,4.164,1.503213e-06,True,0.0088815234313726
755,755,4,0.0,0.0,0.0,0.0,0.0,4.23,4.23,9.102002e-07,True,0.0088815234313726
755,755,5,0.5098039215686274,0.518685445,0.0088815234313726,0.5098039215686274,0.3155050965850486,3.555,3.653,5.637021e-05,True,0.0088815234313726
755,755,6,0.0,0.0,0.0,0.0,0.0,4.329,4.329,8.976303e-07,True,0.0088815234313726
755,755,7,0.0,0.0,0.0,0.0,0.0,3.995,3.995,8.483745e-07,True,0.0088815234313726
755,755,8,0.0,0.0,0.0,0.0,0.0,4.294,4.294,7.24322e-07,True,0.0088815234313726
756,756,1,0.0,0.0,0.0,0.0,0.0,4.318,4.318,5.449264e-06,True,0.0127660653431374
756,756,2,0.8509803921568627,0.8637464575000001,0.0127660653431374,0.8509803921568627,0.2951671720374335,3.642,3.869,9.360832e-05,True,0.0127660653431374
756,756,3,0.0,0.0,0.0,0.0,0.0,4.164,4.164,2.13592e-06,True,0.0127660653431374
756,756,4,0.0,0.0,0.0,0.0,0.0,4.23,4.23,1.386951e-07,True,0.0127660653431374
756,756,5,0.0,0.0,0.0,0.0,0.0,3.977,3.977,1.211399e-07,True,0.0127660653431374
756,756,6,0.0,0.0,0.0,0.0,0.0,4.329,4.329,6.429383e-07,True,0.0127660653431374
756,756,7,0.0,0.0,0.0,0.0,0.0,3.995,3.995,7.218837e-07,True,0.0127660653431374
756,756,8,0.0,0.0,0.0,0.0,0.0,4.294,4.294,8.314139e-07,True,0.0127660653431374
757,757,1,0.0,0.0,0.0,0.0,0.0,4.318,4.318,3.338625e-07,True,0.0136489453921567
757,757,2,0.0,0.0,0.0,0.0,0.0,4.261,4.261,6.55381e-07,True,0.0136489453921567
757,757,3,0.9725490196078432,0.986197965,0.0136489453921567,0.9725490196078432,0.3765202846829599,3.451,3.73,0.0001053893,True,0.0136489453921567
757,757,4,0.0,0.0,0.0,0.0,0.0,4.23,4.23,9.395802e-06,True,0.0136489453921567
757,757,5,0.0,0.0,0.0,0.0,0.0,3.977,3.977,4.45095e-07,True,0.0136489453921567
757,757,6,0.0,0.0,0.0,0.0,0.0,4.329,4.329,5.573895e-07,True,0.0136489453921567
757,757,7,0.0,0.0,0.0,0.0,0.0,3.995,3.995,8.404938e-07,True,0.0136489453921567
757,757,8,0.0,0.0,0.0,0.0,0.0,4.294,4.294,7.26432e-07,True,0.0136489453921567
758,758,1,0.0,0.0,0.0,0.0,0.0,4.318,4.318,2.368851e-07,True,0.0183533384313725
758,758,2,0.0,0.0,0.0,0.0,0.0,4.261,4.261,8.548971e-07,True,0.0183533384313725
758,758,3,0.0,0.0,0.0,0.0,0.0,4.164,4.164,6.785196e-07,True,0.0183533384313725
758,758,4,0.5098039215686274,0.52815726,0.0183533384313725,0.5098039215686274,0.1966632303563036,3.734,3.925,5.842769e-05,True,0.0183533384313725
758,758,5,0.0,0.0,0.0,0.0,0.0,3.977,3.977,1.067194e-06,True,0.0183533384313725
758,758,6,0.0,0.0,0.0,0.0,0.0,4.329,4.329,5.643867e-07,True,0.0183533384313725
758,758,7,0.0,0.0,0.0,0.0,0.0,3.995,3.995,7.315898e-07,True,0.0183533384313725
758,758,8,0.0,0.0,0.0,0.0,0.0,4.294,4.294,8.177089e-07,True,0.0183533384313725
759,759,1,0.0,0.0,0.0,0.0,0.0,4.318,4.318,3.249577e-07,True,0.0060488581372548
759,759,2,0.0,0.0,0.0,0.0,0.0,4.261,4.261,6.814408e-07,True,0.0060488581372548
759,759,3,0.0,0.0,0.0,0.0,0.0,4.164,4.164,1.555358e-06,True,0.0060488581372548
759,759,4,0.0,0.0,0.0,0.0,0.0,4.23,4.23,1.386617e-06,True,0.0060488581372548
759,759,5,0.8196078431372548,0.8135589849999999,-0.0060488581372548,0.8196078431372548,0.5063404301896283,3.412,3.557,9.110506e-05,True,0.0060488581372548
759,759,6,0.0,0.0,0.0,0.0,0.0,4.329,4.329,9.604747e-07,True,0.0060488581372548
759,759,7,0.0,0.0,0.0,0.0,0.0,3.995,3.995,8.917705e-07,True,0.0060488581372548
759,759,8,0.0,0.0,0.0,0.0,0.0,4.294,4.294,7.213995e-07,True,0.0060488581372548
760,760,1,0.0,0.0,0.0,0.0,0.0,4.318,4.318,6.21062e-06,True,0.0146342228921567
760,760,2,0.9725490196078432,0.9871832425,0.0146342228921567,0.9725490196078432,0.3632203132088304,3.594,3.838,0.0001075733,True,0.0146342228921567
760,760,3,0.0,0.0,0.0,0.0,0.0,4.164,4.164,2.212973e-06,True,0.0146342228921567
760,760,4,0.0,0.0,0.0,0.0,0.0,4.23,4.23,1.39434e-07,True,0.0146342228921567
760,760,5,0.0,0.0,0.0,0.0,0.0,3.977,3.977,1.212497e-07,True,0.0146342228921567
760,760,6,0.0,0.0,0.0,0.0,0.0,4.329,4.329,6.473707e-07,True,0.0146342228921567
760,760,7,0.0,0.0,0.0,0.0,0.0,3.995,3.995,7.189236e-07,True,0.0146342228921567
760,760,8,0.0,0.0,0.0,0.0,0.0,4.294,4.294,8.381181e-07,True,0.0146342228921567
761,761,1,0.0,0.0,0.0,0.0,0.0,4.318,4.318,2.36298e-07,True,0.007401163529412
761,761,2,0.0,0.0,0.0,0.0,0.0,4.261,4.261,9.073775e-07,True,0.007401163529412
761,761,3,0.0,0.0,0.0,0.0,0.0,4.164,4.164,1.428474e-06,True,0.007401163529412
761,761,4,0.8196078431372548,0.8270090066666668,0.007401163529412,0.8196078431372548,0.3283582395039273,3.561,3.839,9.301362e-05,True,0.007401163529412
761,761,5,0.0,0.0,0.0,0.0,0.0,3.977,3.977,1.49453e-06,True,0.007401163529412
761,761,6,0.0,0.0,0.0,0.0,0.0,4.329,4.329,5.821288e-07,True,0.007401163529412
761,761,7,0.0,0.0,0.0,0.0,0.0,3.995,3.995,7.335176e-07,True,0.007401163529412
761,761,8,0.0,0.0,0.0,0.0,0.0,4.294,4.294,8.451349e-07,True,0.007401163529412
762,762,1,0.0,0.0,0.0,0.0,0.0,4.318,4.318,3.15842e-07,True,0.0072947864215687
762,762,2,0.0,0.0,0.0,0.0,0.0,4.261,4.261,6.484535e-07,True,0.0072947864215687
762,762,3,0.5921568627450979,0.5994516491666667,0.0072947864215687,0.5921568627450979,0.194012359506887,3.626,3.832,6.221115e-05,True,0.0072947864215687
762,762,4,0.0,0.0,0.0,0.0,0.0,4.23,4.23,6.324036e-06,True,0.0072947864215687
762,762,5,0.0,0.0,0.0,0.0,0.0,3.977,3.977,3.315668e-07,True,0.0072947864215687
762,762,6,0.0,0.0,0.0,0.0,0.0,4.329,4.329,5.626337e-07,True,0.0072947864215687
762,762,7,0.0,0.0,0.0,0.0,0.0,3.995,3.995,8.122178e-07,True,0.0072947864215687
762,762,8,0.0,0.0,0.0,0.0,0.0,4.294,4.294,7.282981e-07,True,0.0072947864215687
763,763,1,0.0,0.0,0.0,0.0,0.0,4.318,4.318,3.836561e-06,True,0.0038874880882353
763,763,2,0.5921568627450979,0.5960443508333333,0.0038874880882353,0.5921568627450979,0.15406348381824,3.744,3.941,6.332132e-05,True,0.0038874880882353
763,763,3,0.0,0.0,0.0,0.0,0.0,4.164,4.164,1.937897e-06,True,0.0038874880882353
763,763,4,0.0,0.0,0.0,0.0,0.0,4.23,4.23,1.416553e-07,True,0.0038874880882353
763,763,5,0.0,0.0,0.0,0.0,0.0,3.977,3.977,1.229455e-07,True,0.0038874880882353
763,763,6,0.0,0.0,0.0,0.0,0.0,4.329,4.329,6.287693e-07,True,0.0038874880882353
763,763,7,0.0,0.0,0.0,0.0,0.0,3.995,3.995,7.208338e-07,True,0.0038874880882353
763,763,8,0.0,0.0,0.0,0.0,0.0,4.294,4.294,8.153402e-07,True,0.0038874880882353
764,764,1,0.0,0.0,0.0,0.0,0.0,4.318,4.318,3.015038e-07,True,0.0196246295588234
764,764,2,0.0,0.0,0.0,0.0,0.0,4.261,4.261,6.523436e-07,True,0.0196246295588234
764,764,3,0.3607843137254901,0.3411596841666666,-0.0196246295588234,0.3607843137254901,0.0853401093699569,3.738,3.914,3.352093e-05,True,0.0196246295588234
764,764,4,0.0,0.0,0.0,0.0,0.0,4.23,4.23,4.124381e-06,True,0.0196246295588234
764,764,5,0.0,0.0,0.0,0.0,0.0,3.977,3.977,2.529133e-07,True,0.0196246295588234
764,764,6,0.0,0.0,0.0,0.0,0.0,4.329,4.329,5.643304e-07,True,0.0196246295588234
764,764,7,0.0,0.0,0.0,0.0,0.0,3.995,3.995,7.911262e-07,True,0.0196246295588234
764,764,8,0.0,0.0,0.0,0.0,0.0,4.294,4.294,7.316338e-07,True,0.0196246295588234
765,765,1,0.0,0.0,0.0,0.0,0.0,4.318,4.318,2.346095e-06,True,0.0048400720588234
765,765,2,0.3607843137254901,0.3559442416666666,-0.0048400720588234,0.3607843137254901,0.0480225774579128,3.84,4.017,3.622209e-05,True,0.0048400720588234
765,765,3,0.0,0.0,0.0,0.0,0.0,4.164,4.164,1.748245e-06,True,0.0048400720588234
765,765,4,0.0,0.0,0.0,0.0,0.0,4.23,4.23,1.402844e-07,True,0.0048400720588234
765,765,5,0.0,0.0,0.0,0.0,0.0,3.977,3.977,1.237009e-07,True,0.0048400720588234
765,765,6,0.0,0.0,0.0,0.0,0.0,4.329,4.329,6.144177e-07,True,0.0048400720588234
765,765,7,0.0,0.0,0.0,0.0,0.0,3.995,3.995,7.226734e-07,True,0.0048400720588234
765,765,8,0.0,0.0,0.0,0.0,0.0,4.294,4.294,7.958026e-07,True,0.0048400720588234
766,766,1,0.0,0.0,0.0,0.0,0.0,4.318,4.318,3.255388e-07,True,0.0139228290196077
766,766,2,0.0,0.0,0.0,0.0,0.0,4.261,4.261,6.535551e-07,True,0.0139228290196077
766,766,3,0.7686274509803923,0.78255028,0.0139228290196077,0.7686274509803923,0.2776161209014036,3.546,3.782,8.258635e-05,True,0.0139228290196077
766,766,4,0.0,0.0,0.0,0.0,0.0,4.23,4.23,7.83856e-06,True,0.0139228290196077
766,766,5,0.0,0.0,0.0,0.0,0.0,3.977,3.977,3.858357e-07,True,0.0139228290196077
766,766,6,0.0,0.0,0.0,0.0,0.0,4.329,4.329,5.61497e-07,True,0.0139228290196077
766,766,7,0.0,0.0,0.0,0.0,0.0,3.995,3.995,8.25187e-07,True,0.0139228290196077
766,766,8,0.0,0.0,0.0,0.0,0.0,4.294,4.294,7.2951e-07,True,0.0139228290196077
767,767,1,0.0,0.0,0.0,0.0,0.0,4.318,4.318,3.0735e-07,True,0.0117700143137257
767,767,2,0.0,0.0,0.0,0.0,0.0,4.261,4.261,6.835978e-07,True,0.0117700143137257
767,767,3,0.0,0.0,0.0,0.0,0.0,4.164,4.164,1.508485e-06,True,0.0117700143137257
767,767,4,0.0,0.0,0.0,0.0,0.0,4.23,4.23,1.008572e-06,True,0.0117700143137257
767,767,5,0.564705882352941,0.5764758966666667,0.0117700143137257,0.564705882352941,0.3525684377473199,3.529,3.633,6.316693e-05,True,0.0117700143137257
767,767,6,0.0,0.0,0.0,0.0,0.0,4.329,4.329,9.246272e-07,True,0.0117700143137257
767,767,7,0.0,0.0,0.0,0.0,0.0,3.995,3.995,8.543521e-07,True,0.0117700143137257
767,767,8,0.0,0.0,0.0,0.0,0.0,4.294,4.294,7.231935e-07,True,0.0117700143137257
768,768,1,0.0,0.0,0.0,0.0,0.0,4.318,4.318,4.967473e-06,True,0.0126251106862743
768,768,2,0.7686274509803923,0.7812525616666667,0.0126251106862743,0.7686274509803923,0.247923462986258,3.674,3.89,8.425753e-05,True,0.0126251106862743
768,768,3,0.0,0.0,0.0,0.0,0.0,4.164,4.164,2.079872e-06,True,0.0126251106862743
768,768,4,0.0,0.0,0.0,0.0,0.0,4.23,4.23,1.386372e-07,True,0.0126251106862743
768,768,5,0.0,0.0,0.0,0.0,0.0,3.977,3.977,1.202209e-07,True,0.0126251106862743
768,768,6,0.0,0.0,0.0,0.0,0.0,4.329,4.329,6.391337e-07,True,0.0126251106862743
768,768,7,0.0,0.0,0.0,0.0,0.0,3.995,3.995,7.232762e-07,True,0.0126251106862743
768,768,8,0.0,0.0,0.0,0.0,0.0,4.294,4.294,8.241644e-07,True,0.0126251106862743
769,769,1,0.0,0.0,0.0,0.0,0.0,4.318,4.318,2.385998e-07,True,0.0026331418137258
769,769,2,0.0,0.0,0.0,0.0,0.0,4.261,4.261,8.648018e-07,True,0.0026331418137258
769,769,3,0.0,0.0,0.0,0.0,0.0,4.164,4.164,7.605232e-07,True,0.0026331418137258
769,769,4,0.564705882352941,0.5673390241666668,0.0026331418137258,0.564705882352941,0.212004892909013,3.703,3.913,6.297429e-05,True,0.0026331418137258
769,769,5,0.0,0.0,0.0,0.0,0.0,3.977,3.977,1.124465e-06,True,0.0026331418137258
769,769,6,0.0,0.0,0.0,0.0,0.0,4.329,4.329,5.652005e-07,True,0.0026331418137258
769,769,7,0.0,0.0,0.0,0.0,0.0,3.995,3.995,7.337639e-07,True,0.0026331418137258
769,769,8,0.0,0.0,0.0,0.0,0.0,4.294,4.294,8.190387e-07,True,0.0026331418137258
770,770,1,0.0,0.0,0.0,0.0,0.0,4.318,4.318,2.763484e-07,True,0.0191306249509804
770,770,2,0.0,0.0,0.0,0.0,0.0,4.261,4.261,6.604677e-07,True,0.0191306249509804
770,770,3,0.1215686274509804,0.1024380025,-0.0191306249509804,0.1215686274509804,0.0462227471041988,3.879,4.028,7.44708e-06,True,0.0191306249509804
770,770,4,0.0,0.0,0.0,0.0,0.0,4.23,4.23,1.67232e-06,True,0.0191306249509804
770,770,5,0.0,0.0,0.0,0.0,0.0,3.977,3.977,1.736034e-07,True,0.0191306249509804
770,770,6,0.0,0.0,0.0,0.0,0.0,4.329,4.329,5.670391e-07,True,0.0191306249509804
770,770,7,0.0,0.0,0.0,0.0,0.0,3.995,3.995,7.637107e-07,True,0.0191306249509804
770,770,8,0.0,0.0,0.0,0.0,0.0,4.294,4.294,7.31991e-07,True,0.0191306249509804
771,771,1,0.0,0.0,0.0,0.0,0.0,4.318,4.318,7.41365e-07,True,0.017801174117647
771,771,2,0.1215686274509804,0.1037674533333333,-0.017801174117647,0.1215686274509804,0.0249041437037775,3.96,4.134,7.878032e-06,True,0.017801174117647
771,771,3,0.0,0.0,0.0,0.0,0.0,4.164,4.164,1.481977e-06,True,0.017801174117647
771,771,4,0.0,0.0,0.0,0.0,0.0,4.23,4.23,1.384295e-07,True,0.017801174117647
771,771,5,0.0,0.0,0.0,0.0,0.0,3.977,3.977,1.268346e-07,True,0.017801174117647
771,771,6,0.0,0.0,0.0,0.0,0.0,4.329,4.329,5.909272e-07,True,0.017801174117647
771,771,7,0.0,0.0,0.0,0.0,0.0,3.995,3.995,7.268251e-07,True,0.017801174117647
771,771,8,0.0,0.0,0.0,0.0,0.0,4.294,4.294,7.67704e-07,True,0.017801174117647
772,772,1,0.0,0.0,0.0,0.0,0.0,4.318,4.318,2.59778e-07,True,0.0045481770588235
772,772,2,0.0,0.0,0.0,0.0,0.0,4.261,4.261,6.676953e-07,True,0.0045481770588235
772,772,3,0.0392156862745098,0.0437638633333333,0.0045481770588235,0.0392156862745098,0.0264408439289215,4.049,4.086,1.314169e-06,True,0.0045481770588235
772,772,4,0.0,0.0,0.0,0.0,0.0,4.23,4.23,8.087076e-07,True,0.0045481770588235
772,772,5,0.0,0.0,0.0,0.0,0.0,3.977,3.977,1.465879e-07,True,0.0045481770588235
772,772,6,0.0,0.0,0.0,0.0,0.0,4.329,4.329,5.685795e-07,True,0.0045481770588235
772,772,7,0.0,0.0,0.0,0.0,0.0,3.995,3.995,7.501262e-07,True,0.0045481770588235
772,772,8,0.0,0.0,0.0,0.0,0.0,4.294,4.294,7.360201e-07,True,0.0045481770588235
773,773,1,0.0,0.0,0.0,0.0,0.0,4.318,4.318,2.38592e-07,True,0.0015381779411764
773,773,2,0.0392156862745098,0.0376775083333333,-0.0015381779411764,0.0392156862745098,0.0,4.061,4.261,6.826533e-07,True,0.0015381779411764
773,773,3,0.0,0.0,0.0,0.0,0.0,4.164,4.164,1.303061e-06,True,0.0015381779411764
773,773,4,0.0,0.0,0.0,0.0,0.0,4.23,4.23,1.303681e-07,True,0.0015381779411764
773,773,5,0.0,0.0,0.0,0.0,0.0,3.977,3.977,1.294627e-07,True,0.0015381779411764
773,773,6,0.0,0.0,0.0,0.0,0.0,4.329,4.329,5.681291e-07,True,0.0015381779411764
773,773,7,0.0,0.0,0.0,0.0,0.0,3.995,3.995,7.304149e-07,True,0.0015381779411764
773,773,8,0.0,0.0,0.0,0.0,0.0,4.294,4.294,7.386199e-07,True,0.0015381779411764
774,774,1,0.0,0.0,0.0,0.0,0.0,4.318,4.318,3.020433e-07,True,0.0100971689215686
774,774,2,0.0,0.0,0.0,0.0,0.0,4.261,4.261,6.904205e-07,True,0.0100971689215686
774,774,3,0.0,0.0,0.0,0.0,0.0,4.164,4.164,1.499695e-06,True,0.0100971689215686
774,774,4,0.0,0.0,0.0,0.0,0.0,4.23,4.23,9.452401e-07,True,0.0100971689215686
774,774,5,0.5254901960784313,0.5355873649999999,0.0100971689215686,0.5254901960784313,0.3261036315712921,3.548,3.647,5.834326e-05,True,0.0100971689215686
774,774,6,0.0,0.0,0.0,0.0,0.0,4.329,4.329,9.16162e-07,True,0.0100971689215686
774,774,7,0.0,0.0,0.0,0.0,0.0,3.995,3.995,8.509521e-07,True,0.0100971689215686
774,774,8,0.0,0.0,0.0,0.0,0.0,4.294,4.294,7.227108e-07,True,0.0100971689215686
775,775,1,0.0,0.0,0.0,0.0,0.0,4.318,4.318,2.385454e-07,True,0.0030669797549019
775,775,2,0.0,0.0,0.0,0.0,0.0,4.261,4.261,8.57838e-07,True,0.0030669797549019
775,775,3,0.0,0.0,0.0,0.0,0.0,4.164,4.164,6.725032e-07,True,0.0030669797549019
775,775,4,0.5254901960784313,0.5285571758333333,0.0030669797549019,0.5254901960784313,0.1964066086444912,3.725,3.925,5.846665e-05,True,0.0030669797549019
775,775,5,0.0,0.0,0.0,0.0,0.0,3.977,3.977,1.07219e-06,True,0.0030669797549019
775,775,6,0.0,0.0,0.0,0.0,0.0,4.329,4.329,5.663304e-07,True,0.0030669797549019
775,775,7,0.0,0.0,0.0,0.0,0.0,3.995,3.995,7.34318e-07,True,0.0030669797549019
775,775,8,0.0,0.0,0.0,0.0,0.0,4.294,4.294,8.184861e-07,True,0.0030669797549019
776,776,1,0.0,0.0,0.0,0.0,0.0,4.318,4.318,3.168634e-07,True,0.0055024977941176
776,776,2,0.0,0.0,0.0,0.0,0.0,4.261,4.261,6.527967e-07,True,0.0055024977941176
776,776,3,0.596078431372549,0.6015809291666666,0.0055024977941176,0.596078431372549,0.195712944460527,3.625,3.831,6.243471e-05,True,0.0055024977941176
776,776,4,0.0,0.0,0.0,0.0,0.0,4.23,4.23,6.352623e-06,True,0.0055024977941176
776,776,5,0.0,0.0,0.0,0.0,0.0,3.977,3.977,3.313739e-07,True,0.0055024977941176
776,776,6,0.0,0.0,0.0,0.0,0.0,4.329,4.329,5.608962e-07,True,0.0055024977941176
776,776,7,0.0,0.0,0.0,0.0,0.0,3.995,3.995,8.161169e-07,True,0.0055024977941176
776,776,8,0.0,0.0,0.0,0.0,0.0,4.294,4.294,7.243314e-07,True,0.0055024977941176
777,777,1,0.0,0.0,0.0,0.0,0.0,4.318,4.318,3.919694e-06,True,0.0124102577941176
777,777,2,0.596078431372549,0.6084886891666667,0.0124102577941176,0.596078431372549,0.1608859157435055,3.742,3.937,6.472595e-05,True,0.0124102577941176
777,777,3,0.0,0.0,0.0,0.0,0.0,4.164,4.164,1.944472e-06,True,0.0124102577941176
777,777,4,0.0,0.0,0.0,0.0,0.0,4.23,4.23,1.437629e-07,True,0.0124102577941176
777,777,5,0.0,0.0,0.0,0.0,0.0,3.977,3.977,1.231556e-07,True,0.0124102577941176
777,777,6,0.0,0.0,0.0,0.0,0.0,4.329,4.329,6.259088e-07,True,0.0124102577941176
777,777,7,0.0,0.0,0.0,0.0,0.0,3.995,3.995,7.228663e-07,True,0.0124102577941176
777,777,8,0.0,0.0,0.0,0.0,0.0,4.294,4.294,8.128331e-07,True,0.0124102577941176
778,778,1,0.0,0.0,0.0,0.0,0.0,4.318,4.318,2.821523e-07,True,0.0169768454411764
778,778,2,0.0,0.0,0.0,0.0,0.0,4.261,4.261,6.559314e-07,True,0.0169768454411764
778,778,3,0.1725490196078431,0.1555721741666666,-0.0169768454411764,0.1725490196078431,0.0576350211934129,3.846,3.995,1.319255e-05,True,0.0169768454411764
778,778,4,0.0,0.0,0.0,0.0,0.0,4.23,4.23,2.28008e-06,True,0.0169768454411764
778,778,5,0.0,0.0,0.0,0.0,0.0,3.977,3.977,1.918765e-07,True,0.0169768454411764
778,778,6,0.0,0.0,0.0,0.0,0.0,4.329,4.329,5.65325e-07,True,0.0169768454411764
778,778,7,0.0,0.0,0.0,0.0,0.0,3.995,3.995,7.702322e-07,True,0.0169768454411764
778,778,8,0.0,0.0,0.0,0.0,0.0,4.294,4.294,7.305135e-07,True,0.0169768454411764
779,779,1,0.0,0.0,0.0,0.0,0.0,4.318,4.318,1.176494e-06,True,0.0020287954411764
779,779,2,0.1725490196078431,0.1705202241666666,-0.0020287954411764,0.1725490196078431,0.0328446385586646,3.93,4.094,1.536161e-05,True,0.0020287954411764
779,779,3,0.0,0.0,0.0,0.0,0.0,4.164,4.164,1.560223e-06,True,0.0020287954411764
779,779,4,0.0,0.0,0.0,0.0,0.0,4.23,4.23,1.403736e-07,True,0.0020287954411764
779,779,5,0.0,0.0,0.0,0.0,0.0,3.977,3.977,1.253716e-07,True,0.0020287954411764
779,779,6,0.0,0.0,0.0,0.0,0.0,4.329,4.329,5.972663e-07,True,0.0020287954411764
779,779,7,0.0,0.0,0.0,0.0,0.0,3.995,3.995,7.267428e-07,True,0.0020287954411764
779,779,8,0.0,0.0,0.0,0.0,0.0,4.294,4.294,7.743456e-07,True,0.0020287954411764
780,780,1,0.0,0.0,0.0,0.0,0.0,4.318,4.318,3.322391e-07,True,0.015890594362745
780,780,2,0.0,0.0,0.0,0.0,0.0,4.261,4.261,6.612167e-07,True,0.015890594362745
780,780,3,0.8862745098039215,0.9021651041666666,0.015890594362745,0.8862745098039215,0.3366293137063236,3.492,3.751,9.592195e-05,True,0.015890594362745
780,780,4,0.0,0.0,0.0,0.0,0.0,4.23,4.23,8.810718e-06,True,0.015890594362745
780,780,5,0.0,0.0,0.0,0.0,0.0,3.977,3.977,4.201558e-07,True,0.015890594362745
780,780,6,0.0,0.0,0.0,0.0,0.0,4.329,4.329,5.555734e-07,True,0.015890594362745
780,780,7,0.0,0.0,0.0,0.0,0.0,3.995,3.995,8.349332e-07,True,0.015890594362745
780,780,8,0.0,0.0,0.0,0.0,0.0,4.294,4.294,7.230263e-07,True,0.015890594362745
781,781,1,0.0,0.0,0.0,0.0,0.0,4.318,4.318,5.671278e-06,True,0.0093175910294118
781,781,2,0.8862745098039215,0.8955921008333334,0.0093175910294118,0.8862745098039215,0.3152301612202535,3.628,3.86,9.718871e-05,True,0.0093175910294118
781,781,3,0.0,0.0,0.0,0.0,0.0,4.164,4.164,2.152939e-06,True,0.0093175910294118
781,781,4,0.0,0.0,0.0,0.0,0.0,4.23,4.23,1.412966e-07,True,0.0093175910294118
781,781,5,0.0,0.0,0.0,0.0,0.0,3.977,3.977,1.223775e-07,True,0.0093175910294118
781,781,6,0.0,0.0,0.0,0.0,0.0,4.329,4.329,6.434619e-07,True,0.0093175910294118
781,781,7,0.0,0.0,0.0,0.0,0.0,3.995,3.995,7.199114e-07,True,0.0093175910294118
781,781,8,0.0,0.0,0.0,0.0,0.0,4.294,4.294,8.310777e-07,True,0.0093175910294118
782,782,1,0.0,0.0,0.0,0.0,0.0,4.318,4.318,3.300371e-07,True,0.0121672089705883
782,782,2,0.0,0.0,0.0,0.0,0.0,4.261,4.261,6.868042e-07,True,0.0121672089705883
782,782,3,0.0,0.0,0.0,0.0,0.0,4.164,4.164,1.554852e-06,True,0.0121672089705883
782,782,4,0.0,0.0,0.0,0.0,0.0,4.23,4.23,1.468784e-06,True,0.0121672089705883
782,782,5,0.8470588235294118,0.8592260325000001,0.0121672089705883,0.8470588235294118,0.5348299106769909,3.4,3.543,9.647919e-05,True,0.0121672089705883
782,782,6,0.0,0.0,0.0,0.0,0.0,4.329,4.329,9.685107e-07,True,0.0121672089705883
782,782,7,0.0,0.0,0.0,0.0,0.0,3.995,3.995,9.002911e-07,True,0.0121672089705883
782,782,8,0.0,0.0,0.0,0.0,0.0,4.294,4.294,7.186548e-07,True,0.0121672089705883
783,783,1,0.0,0.0,0.0,0.0,0.0,4.318,4.318,2.979059e-07,True,0.0104224677941175
783,783,2,0.0,0.0,0.0,0.0,0.0,4.261,4.261,6.590712e-07,True,0.0104224677941175
783,783,3,0.2627450980392157,0.2731675658333333,0.0104224677941175,0.2627450980392157,0.0762719021444945,3.79,3.94,2.602569e-05,True,0.0104224677941175
783,783,4,0.0,0.0,0.0,0.0,0.0,4.23,4.23,3.48834e-06,True,0.0104224677941175
783,783,5,0.0,0.0,0.0,0.0,0.0,3.977,3.977,2.321997e-07,True,0.0104224677941175
783,783,6,0.0,0.0,0.0,0.0,0.0,4.329,4.329,5.645419e-07,True,0.0104224677941175
783,783,7,0.0,0.0,0.0,0.0,0.0,3.995,3.995,7.853636e-07,True,0.0104224677941175
783,783,8,0.0,0.0,0.0,0.0,0.0,4.294,4.294,7.269956e-07,True,0.0104224677941175
784,784,1,0.0,0.0,0.0,0.0,0.0,4.318,4.318,2.362536e-07,True,0.0052971673039216
784,784,2,0.0,0.0,0.0,0.0,0.0,4.261,4.261,9.087738e-07,True,0.0052971673039216
784,784,3,0.0,0.0,0.0,0.0,0.0,4.164,4.164,1.50386e-06,True,0.0052971673039216
784,784,4,0.8470588235294118,0.8523559908333334,0.0052971673039216,0.8470588235294118,0.340794701917114,3.545,3.832,9.594913e-05,True,0.0052971673039216
784,784,5,0.0,0.0,0.0,0.0,0.0,3.977,3.977,1.528171e-06,True,0.0052971673039216
784,784,6,0.0,0.0,0.0,0.0,0.0,4.329,4.329,5.805688e-07,True,0.0052971673039216
784,784,7,0.0,0.0,0.0,0.0,0.0,3.995,3.995,7.333901e-07,True,0.0052971673039216
784,784,8,0.0,0.0,0.0,0.0,0.0,4.294,4.294,8.425716e-07,True,0.0052971673039216
785,785,1,0.0,0.0,0.0,0.0,0.0,4.318,4.318,1.792676e-06,True,0.004257541127451
785,785,2,0.2627450980392157,0.2670026391666667,0.004257541127451,0.2627450980392157,0.0414704555535707,3.883,4.05,2.622034e-05,True,0.004257541127451
785,785,3,0.0,0.0,0.0,0.0,0.0,4.164,4.164,1.652894e-06,True,0.004257541127451
785,785,4,0.0,0.0,0.0,0.0,0.0,4.23,4.23,1.400174e-07,True,0.004257541127451
785,785,5,0.0,0.0,0.0,0.0,0.0,3.977,3.977,1.243166e-07,True,0.004257541127451
785,785,6,0.0,0.0,0.0,0.0,0.0,4.329,4.329,6.045112e-07,True,0.004257541127451
785,785,7,0.0,0.0,0.0,0.0,0.0,3.995,3.995,7.229027e-07,True,0.004257541127451
785,785,8,0.0,0.0,0.0,0.0,0.0,4.294,4.294,7.826588e-07,True,0.004257541127451
786,786,1,0.0,0.0,0.0,0.0,0.0,4.318,4.318,3.192015e-07,True,0.0051252256862747
786,786,2,0.0,0.0,0.0,0.0,0.0,4.261,4.261,6.499003e-07,True,0.0051252256862747
786,786,3,0.6352941176470586,0.6404193433333333,0.0051252256862747,0.6352941176470586,0.2122745685682776,3.606,3.82,6.674982e-05,True,0.0051252256862747
786,786,4,0.0,0.0,0.0,0.0,0.0,4.23,4.23,6.694581e-06,True,0.0051252256862747
786,786,5,0.0,0.0,0.0,0.0,0.0,3.977,3.977,3.421912e-07,True,0.0051252256862747
786,786,6,0.0,0.0,0.0,0.0,0.0,4.329,4.329,5.605713e-07,True,0.0051252256862747
786,786,7,0.0,0.0,0.0,0.0,0.0,3.995,3.995,8.094449e-07,True,0.0051252256862747
786,786,8,0.0,0.0,0.0,0.0,0.0,4.294,4.294,7.24611e-07,True,0.0051252256862747
787,787,1,0.0,0.0,0.0,0.0,0.0,4.318,4.318,4.097176e-06,True,0.0012475815196081
787,787,2,0.6352941176470586,0.6365416991666667,0.0012475815196081,0.6352941176470586,0.1753817128799704,3.727,3.929,6.791511e-05,True,0.0012475815196081
787,787,3,0.0,0.0,0.0,0.0,0.0,4.164,4.164,1.963796e-06,True,0.0012475815196081
787,787,4,0.0,0.0,0.0,0.0,0.0,4.23,4.23,1.389467e-07,True,0.0012475815196081
787,787,5,0.0,0.0,0.0,0.0,0.0,3.977,3.977,1.20505e-07,True,0.0012475815196081
787,787,6,0.0,0.0,0.0,0.0,0.0,4.329,4.329,6.259318e-07,True,0.0012475815196081
787,787,7,0.0,0.0,0.0,0.0,0.0,3.995,3.995,7.180428e-07,True,0.0012475815196081
787,787,8,0.0,0.0,0.0,0.0,0.0,4.294,4.294,8.054956e-07,True,0.0012475815196081
788,788,1,0.0,0.0,0.0,0.0,0.0,4.318,4.318,3.262776e-07,True,0.0155999135784312
788,788,2,0.0,0.0,0.0,0.0,0.0,4.261,4.261,6.522216e-07,True,0.0155999135784312
788,788,3,0.8745098039215687,0.8901097175,0.0155999135784312,0.8745098039215687,0.3304496999311336,3.498,3.754,9.468094e-05,True,0.0155999135784312
788,788,4,0.0,0.0,0.0,0.0,0.0,4.23,4.23,8.649768e-06,True,0.0155999135784312
788,788,5,0.0,0.0,0.0,0.0,0.0,3.977,3.977,4.109226e-07,True,0.0155999135784312
788,788,6,0.0,0.0,0.0,0.0,0.0,4.329,4.329,5.517233e-07,True,0.0155999135784312
788,788,7,0.0,0.0,0.0,0.0,0.0,3.995,3.995,8.279426e-07,True,0.0155999135784312
788,788,8,0.0,0.0,0.0,0.0,0.0,4.294,4.294,7.133704e-07,True,0.0155999135784312
789,789,1,0.0,0.0,0.0,0.0,0.0,4.318,4.318,5.628919e-06,True,0.0140417927450978
789,789,2,0.8745098039215687,0.8885515966666666,0.0140417927450978,0.8745098039215687,0.3102275346971821,3.632,3.862,9.642265e-05,True,0.0140417927450978
789,789,3,0.0,0.0,0.0,0.0,0.0,4.164,4.164,2.146204e-06,True,0.0140417927450978
789,789,4,0.0,0.0,0.0,0.0,0.0,4.23,4.23,1.396149e-07,True,0.0140417927450978
789,789,5,0.0,0.0,0.0,0.0,0.0,3.977,3.977,1.193025e-07,True,0.0140417927450978
789,789,6,0.0,0.0,0.0,0.0,0.0,4.329,4.329,6.340779e-07,True,0.0140417927450978
789,789,7,0.0,0.0,0.0,0.0,0.0,3.995,3.995,7.147164e-07,True,0.0140417927450978
789,789,8,0.0,0.0,0.0,0.0,0.0,4.294,4.294,8.207069e-07,True,0.0140417927450978
790,790,1,0.0,0.0,0.0,0.0,0.0,4.318,4.318,3.225688e-07,True,0.0136253158333334
790,790,2,0.0,0.0,0.0,0.0,0.0,4.261,4.261,6.725377e-07,True,0.0136253158333334
790,790,3,0.0,0.0,0.0,0.0,0.0,4.164,4.164,1.541543e-06,True,0.0136253158333334
790,790,4,0.0,0.0,0.0,0.0,0.0,4.23,4.23,1.370788e-06,True,0.0136253158333334
790,790,5,0.7999999999999999,0.8136253158333334,0.0136253158333334,0.7999999999999999,0.5054349014146299,3.421,3.557,9.119687e-05,True,0.0136253158333334
790,790,6,0.0,0.0,0.0,0.0,0.0,4.329,4.329,9.36612e-07,True,0.0136253158333334
790,790,7,0.0,0.0,0.0,0.0,0.0,3.995,3.995,8.849113e-07,True,0.0136253158333334
790,790,8,0.0,0.0,0.0,0.0,0.0,4.294,4.294,7.092071e-07,True,0.0136253158333334
791,791,1,0.0,0.0,0.0,0.0,0.0,4.318,4.318,2.33369e-07,True,0.0056969366666667
791,791,2,0.0,0.0,0.0,0.0,0.0,4.261,4.261,8.922102e-07,True,0.0056969366666667
791,791,3,0.0,0.0,0.0,0.0,0.0,4.164,4.164,1.385964e-06,True,0.0056969366666667
791,791,4,0.7999999999999999,0.8056969366666666,0.0056969366666667,0.7999999999999999,0.3208453339305206,3.572,3.844,9.059253e-05,True,0.0056969366666667
791,791,5,0.0,0.0,0.0,0.0,0.0,3.977,3.977,1.450879e-06,True,0.0056969366666667
791,791,6,0.0,0.0,0.0,0.0,0.0,4.329,4.329,5.712306e-07,True,0.0056969366666667
791,791,7,0.0,0.0,0.0,0.0,0.0,3.995,3.995,7.259638e-07,True,0.0056969366666667
791,791,8,0.0,0.0,0.0,0.0,0.0,4.294,4.294,8.314858e-07,True,0.0056969366666667
792,792,1,0.0,0.0,0.0,0.0,0.0,4.318,4.318,2.934904e-07,True,0.016480894754902
792,792,2,0.0,0.0,0.0,0.0,0.0,4.261,4.261,6.437617e-07,True,0.016480894754902
792,792,3,0.2588235294117646,0.2753044241666667,0.016480894754902,0.2588235294117646,0.0765080974251866,3.792,3.939,2.631696e-05,True,0.016480894754902
792,792,4,0.0,0.0,0.0,0.0,0.0,4.23,4.23,3.503601e-06,True,0.016480894754902
792,792,5,0.0,0.0,0.0,0.0,0.0,3.977,3.977,2.272581e-07,True,0.016480894754902
792,792,6,0.0,0.0,0.0,0.0,0.0,4.329,4.329,5.569039e-07,True,0.016480894754902
792,792,7,0.0,0.0,0.0,0.0,0.0,3.995,3.995,7.763557e-07,True,0.016480894754902
792,792,8,0.0,0.0,0.0,0.0,0.0,4.294,4.294,7.182001e-07,True,0.016480894754902
793,793,1,0.0,0.0,0.0,0.0,0.0,4.318,4.318,1.778334e-06,True,0.0055162439215686
793,793,2,0.2588235294117646,0.2643397733333333,0.0055162439215686,0.2588235294117646,0.0412250102910737,3.885,4.051,2.595741e-05,True,0.0055162439215686
793,793,3,0.0,0.0,0.0,0.0,0.0,4.164,4.164,1.638577e-06,True,0.0055162439215686
793,793,4,0.0,0.0,0.0,0.0,0.0,4.23,4.23,1.383828e-07,True,0.0055162439215686
793,793,5,0.0,0.0,0.0,0.0,0.0,3.977,3.977,1.214559e-07,True,0.0055162439215686
793,793,6,0.0,0.0,0.0,0.0,0.0,4.329,4.329,5.97257e-07,True,0.0055162439215686
793,793,7,0.0,0.0,0.0,0.0,0.0,3.995,3.995,7.182208e-07,True,0.0055162439215686
793,793,8,0.0,0.0,0.0,0.0,0.0,4.294,4.294,7.711353e-07,True,0.0055162439215686
794,794,1,0.0,0.0,0.0,0.0,0.0,4.318,4.318,2.978207e-07,True,0.0197041214215686
794,794,2,0.0,0.0,0.0,0.0,0.0,4.261,4.261,6.452061e-07,True,0.0197041214215686
794,794,3,0.3411764705882353,0.3214723491666666,-0.0197041214215686,0.3411764705882353,0.082793525274568,3.748,3.921,3.139372e-05,True,0.0197041214215686
794,794,4,0.0,0.0,0.0,0.0,0.0,4.23,4.23,3.94493e-06,True,0.0197041214215686
794,794,5,0.0,0.0,0.0,0.0,0.0,3.977,3.977,2.41274e-07,True,0.0197041214215686
794,794,6,0.0,0.0,0.0,0.0,0.0,4.329,4.329,5.563361e-07,True,0.0197041214215686
794,794,7,0.0,0.0,0.0,0.0,0.0,3.995,3.995,7.816109e-07,True,0.0197041214215686
794,794,8,0.0,0.0,0.0,0.0,0.0,4.294,4.294,7.157841e-07,True,0.0197041214215686
795,795,1,0.0,0.0,0.0,0.0,0.0,4.318,4.318,2.347694e-06,True,0.0131225960784313
795,795,2,0.3411764705882353,0.3542990666666666,0.0131225960784313,0.3411764705882353,0.0478981717208574,3.848,4.017,3.608569e-05,True,0.0131225960784313
795,795,3,0.0,0.0,0.0,0.0,0.0,4.164,4.164,1.730358e-06,True,0.0131225960784313
795,795,4,0.0,0.0,0.0,0.0,0.0,4.23,4.23,1.393191e-07,True,0.0131225960784313
795,795,5,0.0,0.0,0.0,0.0,0.0,3.977,3.977,1.201028e-07,True,0.0131225960784313
795,795,6,0.0,0.0,0.0,0.0,0.0,4.329,4.329,5.987395e-07,True,0.0131225960784313
795,795,7,0.0,0.0,0.0,0.0,0.0,3.995,3.995,7.166159e-07,True,0.0131225960784313
795,795,8,0.0,0.0,0.0,0.0,0.0,4.294,4.294,7.773687e-07,True,0.0131225960784313
796,796,1,0.0,0.0,0.0,0.0,0.0,4.318,4.318,3.039901e-07,True,0.0060435784313725
796,796,2,0.0,0.0,0.0,0.0,0.0,4.261,4.261,6.329888e-07,True,0.0060435784313725
796,796,3,0.5098039215686274,0.5158475,0.0060435784313725,0.5098039215686274,0.1577261023473284,3.664,3.856,5.295183e-05,True,0.0060435784313725
796,796,4,0.0,0.0,0.0,0.0,0.0,4.23,4.23,5.652077e-06,True,0.0060435784313725
796,796,5,0.0,0.0,0.0,0.0,0.0,3.977,3.977,2.993983e-07,True,0.0060435784313725
796,796,6,0.0,0.0,0.0,0.0,0.0,4.329,4.329,5.502649e-07,True,0.0060435784313725
796,796,7,0.0,0.0,0.0,0.0,0.0,3.995,3.995,7.970602e-07,True,0.0060435784313725
796,796,8,0.0,0.0,0.0,0.0,0.0,4.294,4.294,7.140907e-07,True,0.0060435784313725
797,797,1,0.0,0.0,0.0,0.0,0.0,4.318,4.318,3.405861e-06,True,0.0171049117647059
797,797,2,0.5098039215686274,0.5269088333333334,0.0171049117647059,0.5098039215686274,0.1198563278756616,3.776,3.961,5.556629e-05,True,0.0171049117647059
797,797,3,0.0,0.0,0.0,0.0,0.0,4.164,4.164,1.884281e-06,True,0.0171049117647059
797,797,4,0.0,0.0,0.0,0.0,0.0,4.23,4.23,1.361839e-07,True,0.0171049117647059
797,797,5,0.0,0.0,0.0,0.0,0.0,3.977,3.977,1.18476e-07,True,0.0171049117647059
797,797,6,0.0,0.0,0.0,0.0,0.0,4.329,4.329,6.114617e-07,True,0.0171049117647059
797,797,7,0.0,0.0,0.0,0.0,0.0,3.995,3.995,7.125954e-07,True,0.0171049117647059
797,797,8,0.0,0.0,0.0,0.0,0.0,4.294,4.294,7.93911e-07,True,0.0171049117647059
798,798,1,0.0,0.0,0.0,0.0,0.0,4.318,4.318,3.175703e-07,True,0.0162715751960785
798,798,2,0.0,0.0,0.0,0.0,0.0,4.261,4.261,6.343351e-07,True,0.0162715751960785
798,798,3,0.8196078431372548,0.8358794183333333,0.0162715751960785,0.8196078431372548,0.3033323301558024,3.523,3.768,8.862261e-05,True,0.0162715751960785
798,798,4,0.0,0.0,0.0,0.0,0.0,4.23,4.23,8.260984e-06,True,0.0162715751960785
798,798,5,0.0,0.0,0.0,0.0,0.0,3.977,3.977,3.916331e-07,True,0.0162715751960785
798,798,6,0.0,0.0,0.0,0.0,0.0,4.329,4.329,5.471259e-07,True,0.0162715751960785
798,798,7,0.0,0.0,0.0,0.0,0.0,3.995,3.995,8.211318e-07,True,0.0162715751960785
798,798,8,0.0,0.0,0.0,0.0,0.0,4.294,4.294,7.1014e-07,True,0.0162715751960785
799,799,1,0.0,0.0,0.0,0.0,0.0,4.318,4.318,5.283938e-06,True,0.015793603529412
799,799,2,0.8196078431372548,0.8354014466666668,0.015793603529412,0.8196078431372548,0.2781983981948783,3.654,3.876,9.043742e-05,True,0.015793603529412
799,799,3,0.0,0.0,0.0,0.0,0.0,4.164,4.164,2.11775e-06,True,0.015793603529412
799,799,4,0.0,0.0,0.0,0.0,0.0,4.23,4.23,1.342637e-07,True,0.015793603529412
799,799,5,0.0,0.0,0.0,0.0,0.0,3.977,3.977,1.173626e-07,True,0.015793603529412
799,799,6,0.0,0.0,0.0,0.0,0.0,4.329,4.329,6.291308e-07,True,0.015793603529412
799,799,7,0.0,0.0,0.0,0.0,0.0,3.995,3.995,7.123744e-07,True,0.015793603529412
799,799,8,0.0,0.0,0.0,0.0,0.0,4.294,4.294,8.159341e-07,True,0.015793603529412
800,800,1,0.0,0.0,0.0,0.0,0.0,4.318,4.318,3.224717e-07,True,0.010839413480392
800,800,2,0.0,0.0,0.0,0.0,0.0,4.261,4.261,6.744453e-07,True,0.010839413480392
800,800,3,0.0,0.0,0.0,0.0,0.0,4.164,4.164,1.552899e-06,True,0.010839413480392
800,800,4,0.0,0.0,0.0,0.0,0.0,4.23,4.23,1.519799e-06,True,0.010839413480392
800,800,5,0.8980392156862746,0.9088786291666668,0.010839413480392,0.8980392156862746,0.5659251228677947,3.376,3.529,0.0001024442,True,0.010839413480392
800,800,6,0.0,0.0,0.0,0.0,0.0,4.329,4.329,9.444447e-07,True,0.010839413480392
800,800,7,0.0,0.0,0.0,0.0,0.0,3.995,3.995,9.01892e-07,True,0.010839413480392
800,800,8,0.0,0.0,0.0,0.0,0.0,4.294,4.294,7.052838e-07,True,0.010839413480392
801,801,1,0.0,0.0,0.0,0.0,0.0,4.318,4.318,2.329057e-07,True,0.0129536773529412
801,801,2,0.0,0.0,0.0,0.0,0.0,4.261,4.261,9.050904e-07,True,0.0129536773529412
801,801,3,0.0,0.0,0.0,0.0,0.0,4.164,4.164,1.618992e-06,True,0.0129536773529412
801,801,4,0.8980392156862746,0.8850855383333334,-0.0129536773529412,0.8980392156862746,0.3532075565442949,3.515,3.824,9.976012e-05,True,0.0129536773529412
801,801,5,0.0,0.0,0.0,0.0,0.0,3.977,3.977,1.554547e-06,True,0.0129536773529412
801,801,6,0.0,0.0,0.0,0.0,0.0,4.329,4.329,5.761803e-07,True,0.0129536773529412
801,801,7,0.0,0.0,0.0,0.0,0.0,3.995,3.995,7.277727e-07,True,0.0129536773529412
801,801,8,0.0,0.0,0.0,0.0,0.0,4.294,4.294,8.346565e-07,True,0.0129536773529412
802,802,1,0.0,0.0,0.0,0.0,0.0,4.318,4.318,3.092679e-07,True,0.0059011993137256
802,802,2,0.0,0.0,0.0,0.0,0.0,4.261,4.261,6.436424e-07,True,0.0059011993137256
802,802,3,0.564705882352941,0.5706070816666666,0.0059011993137256,0.564705882352941,0.1821206082828672,3.639,3.84,5.900506e-05,True,0.0059011993137256
802,802,4,0.0,0.0,0.0,0.0,0.0,4.23,4.23,6.125439e-06,True,0.0059011993137256
802,802,5,0.0,0.0,0.0,0.0,0.0,3.977,3.977,3.163651e-07,True,0.0059011993137256
802,802,6,0.0,0.0,0.0,0.0,0.0,4.329,4.329,5.525732e-07,True,0.0059011993137256
802,802,7,0.0,0.0,0.0,0.0,0.0,3.995,3.995,8.040095e-07,True,0.0059011993137256
802,802,8,0.0,0.0,0.0,0.0,0.0,4.294,4.294,7.164927e-07,True,0.0059011993137256
803,803,1,0.0,0.0,0.0,0.0,0.0,4.318,4.318,3.656214e-06,True,0.0027424001470591
803,803,2,0.564705882352941,0.5674482825000001,0.0027424001470591,0.564705882352941,0.1395761770143563,3.755,3.949,6.013152e-05,True,0.0027424001470591
803,803,3,0.0,0.0,0.0,0.0,0.0,4.164,4.164,1.91324e-06,True,0.0027424001470591
803,803,4,0.0,0.0,0.0,0.0,0.0,4.23,4.23,1.386006e-07,True,0.0027424001470591
803,803,5,0.0,0.0,0.0,0.0,0.0,3.977,3.977,1.193368e-07,True,0.0027424001470591
803,803,6,0.0,0.0,0.0,0.0,0.0,4.329,4.329,6.189695e-07,True,0.0027424001470591
803,803,7,0.0,0.0,0.0,0.0,0.0,3.995,3.995,7.173581e-07,True,0.0027424001470591
803,803,8,0.0,0.0,0.0,0.0,0.0,4.294,4.294,7.985549e-07,True,0.0027424001470591
804,804,1,0.0,0.0,0.0,0.0,0.0,4.318,4.318,3.104601e-07,True,0.0050010697549021
804,804,2,0.0,0.0,0.0,0.0,0.0,4.261,4.261,6.48227e-07,True,0.0050010697549021
804,804,3,0.5254901960784313,0.5304912658333334,0.0050010697549021,0.5254901960784313,0.1631594053683454,3.657,3.852,5.452079e-05,True,0.0050010697549021
804,804,4,0.0,0.0,0.0,0.0,0.0,4.23,4.23,5.792911e-06,True,0.0050010697549021
804,804,5,0.0,0.0,0.0,0.0,0.0,3.977,3.977,3.052405e-07,True,0.0050010697549021
804,804,6,0.0,0.0,0.0,0.0,0.0,4.329,4.329,5.57528e-07,True,0.0050010697549021
804,804,7,0.0,0.0,0.0,0.0,0.0,3.995,3.995,8.031396e-07,True,0.0050010697549021
804,804,8,0.0,0.0,0.0,0.0,0.0,4.294,4.294,7.206557e-07,True,0.0050010697549021
805,805,1,0.0,0.0,0.0,0.0,0.0,4.318,4.318,3.409672e-06,True,0.0011201405882353
805,805,2,0.5254901960784313,0.5266103366666667,0.0011201405882353,0.5254901960784313,0.1190820479266877,3.77,3.961,5.549499e-05,True,0.0011201405882353
805,805,3,0.0,0.0,0.0,0.0,0.0,4.164,4.164,1.886833e-06,True,0.0011201405882353
805,805,4,0.0,0.0,0.0,0.0,0.0,4.23,4.23,1.391945e-07,True,0.0011201405882353
805,805,5,0.0,0.0,0.0,0.0,0.0,3.977,3.977,1.21075e-07,True,0.0011201405882353
805,805,6,0.0,0.0,0.0,0.0,0.0,4.329,4.329,6.203902e-07,True,0.0011201405882353
805,805,7,0.0,0.0,0.0,0.0,0.0,3.995,3.995,7.1803e-07,True,0.0011201405882353
805,805,8,0.0,0.0,0.0,0.0,0.0,4.294,4.294,8.030557e-07,True,0.0011201405882353
806,806,1,0.0,0.0,0.0,0.0,0.0,4.318,4.318,3.047042e-07,True,0.0112551694607845
806,806,2,0.0,0.0,0.0,0.0,0.0,4.261,4.261,6.767856e-07,True,0.0112551694607845
806,806,3,0.0,0.0,0.0,0.0,0.0,4.164,4.164,1.503777e-06,True,0.0112551694607845
806,806,4,0.0,0.0,0.0,0.0,0.0,4.23,4.23,9.445873e-07,True,0.0112551694607845
806,806,5,0.5294117647058822,0.5406669341666668,0.0112551694607845,0.5294117647058822,0.3279988534839688,3.546,3.646,5.898054e-05,True,0.0112551694607845
806,806,6,0.0,0.0,0.0,0.0,0.0,4.329,4.329,9.024753e-07,True,0.0112551694607845
806,806,7,0.0,0.0,0.0,0.0,0.0,3.995,3.995,8.474654e-07,True,0.0112551694607845
806,806,8,0.0,0.0,0.0,0.0,0.0,4.294,4.294,7.196973e-07,True,0.0112551694607845
807,807,1,0.0,0.0,0.0,0.0,0.0,4.318,4.318,2.356027e-07,True,0.0026548027941177
807,807,2,0.0,0.0,0.0,0.0,0.0,4.261,4.261,8.539578e-07,True,0.0026548027941177
807,807,3,0.0,0.0,0.0,0.0,0.0,4.164,4.164,6.90368e-07,True,0.0026548027941177
807,807,4,0.5294117647058822,0.5320665675,0.0026548027941177,0.5294117647058822,0.1975061966930267,3.723,3.924,5.88866e-05,True,0.0026548027941177
807,807,5,0.0,0.0,0.0,0.0,0.0,3.977,3.977,1.072654e-06,True,0.0026548027941177
807,807,6,0.0,0.0,0.0,0.0,0.0,4.329,4.329,5.629942e-07,True,0.0026548027941177
807,807,7,0.0,0.0,0.0,0.0,0.0,3.995,3.995,7.301694e-07,True,0.0026548027941177
807,807,8,0.0,0.0,0.0,0.0,0.0,4.294,4.294,8.15642e-07,True,0.0026548027941177
808,808,1,0.0,0.0,0.0,0.0,0.0,4.318,4.318,3.274668e-07,True,0.0141790889705882
808,808,2,0.0,0.0,0.0,0.0,0.0,4.261,4.261,6.537464e-07,True,0.0141790889705882
808,808,3,0.8470588235294118,0.8612379125,0.0141790889705882,0.8470588235294118,0.3156439718290931,3.511,3.762,9.137698e-05,True,0.0141790889705882
808,808,4,0.0,0.0,0.0,0.0,0.0,4.23,4.23,8.477168e-06,True,0.0141790889705882
808,808,5,0.0,0.0,0.0,0.0,0.0,3.977,3.977,4.045759e-07,True,0.0141790889705882
808,808,6,0.0,0.0,0.0,0.0,0.0,4.329,4.329,5.555858e-07,True,0.0141790889705882
808,808,7,0.0,0.0,0.0,0.0,0.0,3.995,3.995,8.298134e-07,True,0.0141790889705882
808,808,8,0.0,0.0,0.0,0.0,0.0,4.294,4.294,7.232132e-07,True,0.0141790889705882
809,809,1,0.0,0.0,0.0,0.0,0.0,4.318,4.318,5.457312e-06,True,0.0134372989705883
809,809,2,0.8470588235294118,0.8604961225000001,0.0134372989705883,0.8470588235294118,0.2931948091683816,3.643,3.87,9.323059e-05,True,0.0134372989705883
809,809,3,0.0,0.0,0.0,0.0,0.0,4.164,4.164,2.123751e-06,True,0.0134372989705883
809,809,4,0.0,0.0,0.0,0.0,0.0,4.23,4.23,1.424714e-07,True,0.0134372989705883
809,809,5,0.0,0.0,0.0,0.0,0.0,3.977,3.977,1.203233e-07,True,0.0134372989705883
809,809,6,0.0,0.0,0.0,0.0,0.0,4.329,4.329,6.392074e-07,True,0.0134372989705883
809,809,7,0.0,0.0,0.0,0.0,0.0,3.995,3.995,7.198509e-07,True,0.0134372989705883
809,809,8,0.0,0.0,0.0,0.0,0.0,4.294,4.294,8.260287e-07,True,0.0134372989705883
810,810,1,0.0,0.0,0.0,0.0,0.0,4.318,4.318,2.720874e-07,True,0.0145982393137255
810,810,2,0.0,0.0,0.0,0.0,0.0,4.261,4.261,6.806658e-07,True,0.0145982393137255
810,810,3,0.0,0.0,0.0,0.0,0.0,4.164,4.164,1.417026e-06,True,0.0145982393137255
810,810,4,0.0,0.0,0.0,0.0,0.0,4.23,4.23,3.696015e-07,True,0.0145982393137255
810,810,5,0.1647058823529411,0.1793041216666666,0.0145982393137255,0.1647058823529411,0.0871110729727633,3.745,3.802,1.650406e-05,True,0.0145982393137255
810,810,6,0.0,0.0,0.0,0.0,0.0,4.329,4.329,7.666368e-07,True,0.0145982393137255
810,810,7,0.0,0.0,0.0,0.0,0.0,3.995,3.995,7.8356e-07,True,0.0145982393137255
810,810,8,0.0,0.0,0.0,0.0,0.0,4.294,4.294,7.228571e-07,True,0.0145982393137255
811,811,1,0.0,0.0,0.0,0.0,0.0,4.318,4.318,2.401466e-07,True,0.0068972343137256
811,811,2,0.0,0.0,0.0,0.0,0.0,4.261,4.261,7.738304e-07,True,0.0068972343137256
811,811,3,0.0,0.0,0.0,0.0,0.0,4.164,4.164,2.850055e-07,True,0.0068972343137256
811,811,4,0.1647058823529411,0.1716031166666667,0.0068972343137256,0.1647058823529411,0.044751329201593,3.95,4.066,1.673512e-05,True,0.0068972343137256
811,811,5,0.0,0.0,0.0,0.0,0.0,3.977,3.977,4.935866e-07,True,0.0068972343137256
811,811,6,0.0,0.0,0.0,0.0,0.0,4.329,4.329,5.557085e-07,True,0.0068972343137256
811,811,7,0.0,0.0,0.0,0.0,0.0,3.995,3.995,7.330154e-07,True,0.0068972343137256
811,811,8,0.0,0.0,0.0,0.0,0.0,4.294,4.294,7.75961e-07,True,0.0068972343137256
812,812,1,0.0,0.0,0.0,0.0,0.0,4.318,4.318,3.017505e-07,True,0.0107981349509804
812,812,2,0.0,0.0,0.0,0.0,0.0,4.261,4.261,6.821101e-07,True,0.0107981349509804
812,812,3,0.0,0.0,0.0,0.0,0.0,4.164,4.164,1.498921e-06,True,0.0107981349509804
812,812,4,0.0,0.0,0.0,0.0,0.0,4.23,4.23,8.616374e-07,True,0.0107981349509804
812,812,5,0.4784313725490195,0.4892295074999999,0.0107981349509804,0.4784313725490195,0.2941808481265404,3.57,3.664,5.291229e-05,True,0.0107981349509804
812,812,6,0.0,0.0,0.0,0.0,0.0,4.329,4.329,8.905001e-07,True,0.0107981349509804
812,812,7,0.0,0.0,0.0,0.0,0.0,3.995,3.995,8.411638e-07,True,0.0107981349509804
812,812,8,0.0,0.0,0.0,0.0,0.0,4.294,4.294,7.19168e-07,True,0.0107981349509804
813,813,1,0.0,0.0,0.0,0.0,0.0,4.318,4.318,2.396213e-07,True,0.0166747032843138
813,813,2,0.0,0.0,0.0,0.0,0.0,4.261,4.261,8.532259e-07,True,0.0166747032843138
813,813,3,0.0,0.0,0.0,0.0,0.0,4.164,4.164,6.089991e-07,True,0.0166747032843138
813,813,4,0.4784313725490195,0.4951060758333334,0.0166747032843138,0.4784313725490195,0.182110189427941,3.752,3.936,5.458405e-05,True,0.0166747032843138
813,813,5,0.0,0.0,0.0,0.0,0.0,3.977,3.977,1.01244e-06,True,0.0166747032843138
813,813,6,0.0,0.0,0.0,0.0,0.0,4.329,4.329,5.67154e-07,True,0.0166747032843138
813,813,7,0.0,0.0,0.0,0.0,0.0,3.995,3.995,7.337551e-07,True,0.0166747032843138
813,813,8,0.0,0.0,0.0,0.0,0.0,4.294,4.294,8.134837e-07,True,0.0166747032843138
814,814,1,0.0,0.0,0.0,0.0,0.0,4.318,4.318,2.822068e-07,True,0.012648711764706
814,814,2,0.0,0.0,0.0,0.0,0.0,4.261,4.261,6.810609e-07,True,0.012648711764706
814,814,3,0.0,0.0,0.0,0.0,0.0,4.164,4.164,1.439022e-06,True,0.012648711764706
814,814,4,0.0,0.0,0.0,0.0,0.0,4.23,4.23,4.920215e-07,True,0.012648711764706
814,814,5,0.2431372549019607,0.2557859666666667,0.012648711764706,0.2431372549019607,0.1420958910918074,3.691,3.761,2.547531e-05,True,0.012648711764706
814,814,6,0.0,0.0,0.0,0.0,0.0,4.329,4.329,8.043573e-07,True,0.012648711764706
814,814,7,0.0,0.0,0.0,0.0,0.0,3.995,3.995,7.993102e-07,True,0.012648711764706
814,814,8,0.0,0.0,0.0,0.0,0.0,4.294,4.294,7.210273e-07,True,0.012648711764706
815,815,1,0.0,0.0,0.0,0.0,0.0,4.318,4.318,3.267399e-07,True,0.0145806025000001
815,815,2,0.0,0.0,0.0,0.0,0.0,4.261,4.261,6.564714e-07,True,0.0145806025000001
815,815,3,0.7999999999999999,0.8145806025000001,0.0145806025000001,0.7999999999999999,0.2925547278068747,3.532,3.774,8.617589e-05,True,0.0145806025000001
815,815,4,0.0,0.0,0.0,0.0,0.0,4.23,4.23,8.089984e-06,True,0.0145806025000001
815,815,5,0.0,0.0,0.0,0.0,0.0,3.977,3.977,3.912577e-07,True,0.0145806025000001
815,815,6,0.0,0.0,0.0,0.0,0.0,4.329,4.329,5.592281e-07,True,0.0145806025000001
815,815,7,0.0,0.0,0.0,0.0,0.0,3.995,3.995,8.265917e-07,True,0.0145806025000001
815,815,8,0.0,0.0,0.0,0.0,0.0,4.294,4.294,7.235095e-07,True,0.0145806025000001
816,816,1,0.0,0.0,0.0,0.0,0.0,4.318,4.318,2.379566e-07,True,0.0017254165686273
816,816,2,0.0,0.0,0.0,0.0,0.0,4.261,4.261,7.971523e-07,True,0.0017254165686273
816,816,3,0.0,0.0,0.0,0.0,0.0,4.164,4.164,2.764871e-07,True,0.0017254165686273
816,816,4,0.2431372549019607,0.2414118383333333,-0.0017254165686273,0.2431372549019607,0.0737321355712008,3.891,4.031,2.49613e-05,True,0.0017254165686273
816,816,5,0.0,0.0,0.0,0.0,0.0,3.977,3.977,6.171833e-07,True,0.0017254165686273
816,816,6,0.0,0.0,0.0,0.0,0.0,4.329,4.329,5.585296e-07,True,0.0017254165686273
816,816,7,0.0,0.0,0.0,0.0,0.0,3.995,3.995,7.334845e-07,True,0.0017254165686273
816,816,8,0.0,0.0,0.0,0.0,0.0,4.294,4.294,7.873272e-07,True,0.0017254165686273
817,817,1,0.0,0.0,0.0,0.0,0.0,4.318,4.318,5.176866e-06,True,0.0131790483333334
817,817,2,0.7999999999999999,0.8131790483333334,0.0131790483333334,0.7999999999999999,0.2655784903561612,3.662,3.882,8.785123e-05,True,0.0131790483333334
817,817,3,0.0,0.0,0.0,0.0,0.0,4.164,4.164,2.096177e-06,True,0.0131790483333334
817,817,4,0.0,0.0,0.0,0.0,0.0,4.23,4.23,1.432225e-07,True,0.0131790483333334
817,817,5,0.0,0.0,0.0,0.0,0.0,3.977,3.977,1.223102e-07,True,0.0131790483333334
817,817,6,0.0,0.0,0.0,0.0,0.0,4.329,4.329,6.413001e-07,True,0.0131790483333334
817,817,7,0.0,0.0,0.0,0.0,0.0,3.995,3.995,7.210521e-07,True,0.0131790483333334
817,817,8,0.0,0.0,0.0,0.0,0.0,4.294,4.294,8.293279e-07,True,0.0131790483333334
818,818,1,0.0,0.0,0.0,0.0,0.0,4.318,4.318,3.001082e-07,True,0.0115747290196079
818,818,2,0.0,0.0,0.0,0.0,0.0,4.261,4.261,6.830625e-07,True,0.0115747290196079
818,818,3,0.0,0.0,0.0,0.0,0.0,4.164,4.164,1.487759e-06,True,0.0115747290196079
818,818,4,0.0,0.0,0.0,0.0,0.0,4.23,4.23,7.928253e-07,True,0.0115747290196079
818,818,5,0.4352941176470587,0.4468688466666666,0.0115747290196079,0.4352941176470587,0.2637615038732261,3.591,3.68,4.792361e-05,True,0.0115747290196079
818,818,6,0.0,0.0,0.0,0.0,0.0,4.329,4.329,8.791064e-07,True,0.0115747290196079
818,818,7,0.0,0.0,0.0,0.0,0.0,3.995,3.995,8.337007e-07,True,0.0115747290196079
818,818,8,0.0,0.0,0.0,0.0,0.0,4.294,4.294,7.240895e-07,True,0.0115747290196079
819,819,1,0.0,0.0,0.0,0.0,0.0,4.318,4.318,3.33392e-07,True,0.0154236801470586
819,819,2,0.0,0.0,0.0,0.0,0.0,4.261,4.261,6.615369e-07,True,0.0154236801470586
819,819,3,0.8980392156862746,0.9134628958333332,0.0154236801470586,0.8980392156862746,0.340182660022868,3.487,3.749,9.71978e-05,True,0.0154236801470586
819,819,4,0.0,0.0,0.0,0.0,0.0,4.23,4.23,8.878306e-06,True,0.0154236801470586
819,819,5,0.0,0.0,0.0,0.0,0.0,3.977,3.977,4.228771e-07,True,0.0154236801470586
819,819,6,0.0,0.0,0.0,0.0,0.0,4.329,4.329,5.598048e-07,True,0.0154236801470586
819,819,7,0.0,0.0,0.0,0.0,0.0,3.995,3.995,8.324245e-07,True,0.0154236801470586
819,819,8,0.0,0.0,0.0,0.0,0.0,4.294,4.294,7.294062e-07,True,0.0154236801470586
820,820,1,0.0,0.0,0.0,0.0,0.0,4.318,4.318,2.387421e-07,True,0.0142970906862746
820,820,2,0.0,0.0,0.0,0.0,0.0,4.261,4.261,8.405662e-07,True,0.0142970906862746
820,820,3,0.0,0.0,0.0,0.0,0.0,4.164,4.164,5.205367e-07,True,0.0142970906862746
820,820,4,0.4352941176470587,0.4495912083333334,0.0142970906862746,0.4352941176470587,0.1633651651046567,3.776,3.951,4.92927e-05,True,0.0142970906862746
820,820,5,0.0,0.0,0.0,0.0,0.0,3.977,3.977,9.464347e-07,True,0.0142970906862746
820,820,6,0.0,0.0,0.0,0.0,0.0,4.329,4.329,5.648515e-07,True,0.0142970906862746
820,820,7,0.0,0.0,0.0,0.0,0.0,3.995,3.995,7.335681e-07,True,0.0142970906862746
820,820,8,0.0,0.0,0.0,0.0,0.0,4.294,4.294,8.135457e-07,True,0.0142970906862746
821,821,1,0.0,0.0,0.0,0.0,0.0,4.318,4.318,3.188609e-07,True,0.0136398767156862
821,821,2,0.0,0.0,0.0,0.0,0.0,4.261,4.261,6.822805e-07,True,0.0136398767156862
821,821,3,0.0,0.0,0.0,0.0,0.0,4.164,4.164,1.536167e-06,True,0.0136398767156862
821,821,4,0.0,0.0,0.0,0.0,0.0,4.23,4.23,1.255356e-06,True,0.0136398767156862
821,821,5,0.7215686274509803,0.7352085041666665,0.0136398767156862,0.7215686274509803,0.4532195553268238,3.457,3.582,8.189026e-05,True,0.0136398767156862
821,821,6,0.0,0.0,0.0,0.0,0.0,4.329,4.329,9.43234e-07,True,0.0136398767156862
821,821,7,0.0,0.0,0.0,0.0,0.0,3.995,3.995,8.807403e-07,True,0.0136398767156862
821,821,8,0.0,0.0,0.0,0.0,0.0,4.294,4.294,7.181218e-07,True,0.0136398767156862
822,822,1,0.0,0.0,0.0,0.0,0.0,4.318,4.318,5.7249e-06,True,0.0137656601470584
822,822,2,0.8980392156862746,0.9118048758333333,0.0137656601470584,0.8980392156862746,0.3208887948226177,3.623,3.857,9.90636e-05,True,0.0137656601470584
822,822,3,0.0,0.0,0.0,0.0,0.0,4.164,4.164,2.170137e-06,True,0.0137656601470584
822,822,4,0.0,0.0,0.0,0.0,0.0,4.23,4.23,1.372771e-07,True,0.0137656601470584
822,822,5,0.0,0.0,0.0,0.0,0.0,3.977,3.977,1.197078e-07,True,0.0137656601470584
822,822,6,0.0,0.0,0.0,0.0,0.0,4.329,4.329,6.474833e-07,True,0.0137656601470584
822,822,7,0.0,0.0,0.0,0.0,0.0,3.995,3.995,7.221833e-07,True,0.0137656601470584
822,822,8,0.0,0.0,0.0,0.0,0.0,4.294,4.294,8.312966e-07,True,0.0137656601470584
823,823,1,0.0,0.0,0.0,0.0,0.0,4.318,4.318,2.354782e-07,True,0.0043645333823528
823,823,2,0.0,0.0,0.0,0.0,0.0,4.261,4.261,8.938528e-07,True,0.0043645333823528
823,823,3,0.0,0.0,0.0,0.0,0.0,4.164,4.164,1.148519e-06,True,0.0043645333823528
823,823,4,0.7215686274509803,0.7259331608333331,0.0043645333823528,0.7215686274509803,0.2837906650422056,3.617,3.867,8.132518e-05,True,0.0043645333823528
823,823,5,0.0,0.0,0.0,0.0,0.0,3.977,3.977,1.359356e-06,True,0.0043645333823528
823,823,6,0.0,0.0,0.0,0.0,0.0,4.329,4.329,5.789606e-07,True,0.0043645333823528
823,823,7,0.0,0.0,0.0,0.0,0.0,3.995,3.995,7.350127e-07,True,0.0043645333823528
823,823,8,0.0,0.0,0.0,0.0,0.0,4.294,4.294,8.3562e-07,True,0.0043645333823528
824,824,1,0.0,0.0,0.0,0.0,0.0,4.318,4.318,3.297972e-07,True,0.0145487970588235
824,824,2,0.0,0.0,0.0,0.0,0.0,4.261,4.261,6.831229e-07,True,0.0145487970588235
824,824,3,0.0,0.0,0.0,0.0,0.0,4.164,4.164,1.564674e-06,True,0.0145487970588235
824,824,4,0.0,0.0,0.0,0.0,0.0,4.23,4.23,1.450112e-06,True,0.0145487970588235
824,824,5,0.8392156862745099,0.8537644833333334,0.0145487970588235,0.8392156862745099,0.5290088639878671,3.403,3.546,9.584034e-05,True,0.0145487970588235
824,824,6,0.0,0.0,0.0,0.0,0.0,4.329,4.329,9.626209e-07,True,0.0145487970588235
824,824,7,0.0,0.0,0.0,0.0,0.0,3.995,3.995,8.996615e-07,True,0.0145487970588235
824,824,8,0.0,0.0,0.0,0.0,0.0,4.294,4.294,7.214095e-07,True,0.0145487970588235
825,825,1,0.0,0.0,0.0,0.0,0.0,4.318,4.318,2.37785e-07,True,0.0058975028921568
825,825,2,0.0,0.0,0.0,0.0,0.0,4.261,4.261,9.090224e-07,True,0.0058975028921568
825,825,3,0.0,0.0,0.0,0.0,0.0,4.164,4.164,1.479704e-06,True,0.0058975028921568
825,825,4,0.8392156862745099,0.8451131891666668,0.0058975028921568,0.8392156862745099,0.3347131792568141,3.549,3.835,9.510809e-05,True,0.0058975028921568
825,825,5,0.0,0.0,0.0,0.0,0.0,3.977,3.977,1.516564e-06,True,0.0058975028921568
825,825,6,0.0,0.0,0.0,0.0,0.0,4.329,4.329,5.812305e-07,True,0.0058975028921568
825,825,7,0.0,0.0,0.0,0.0,0.0,3.995,3.995,7.351195e-07,True,0.0058975028921568
825,825,8,0.0,0.0,0.0,0.0,0.0,4.294,4.294,8.460673e-07,True,0.0058975028921568
826,826,1,0.0,0.0,0.0,0.0,0.0,4.318,4.318,3.025501e-07,True,0.0096443908333334
826,826,2,0.0,0.0,0.0,0.0,0.0,4.261,4.261,6.810498e-07,True,0.0096443908333334
826,826,3,0.0,0.0,0.0,0.0,0.0,4.164,4.164,1.492649e-06,True,0.0096443908333334
826,826,4,0.0,0.0,0.0,0.0,0.0,4.23,4.23,8.44314e-07,True,0.0096443908333334
826,826,5,0.4666666666666666,0.4763110575,0.0096443908333334,0.4666666666666666,0.2855037960695884,3.576,3.669,5.137467e-05,True,0.0096443908333334
826,826,6,0.0,0.0,0.0,0.0,0.0,4.329,4.329,8.989334e-07,True,0.0096443908333334
826,826,7,0.0,0.0,0.0,0.0,0.0,3.995,3.995,8.393855e-07,True,0.0096443908333334
826,826,8,0.0,0.0,0.0,0.0,0.0,4.294,4.294,7.237751e-07,True,0.0096443908333334
827,827,1,0.0,0.0,0.0,0.0,0.0,4.318,4.318,2.375728e-07,True,0.0122763016666667
827,827,2,0.0,0.0,0.0,0.0,0.0,4.261,4.261,8.469968e-07,True,0.0122763016666667
827,827,3,0.0,0.0,0.0,0.0,0.0,4.164,4.164,5.769705e-07,True,0.0122763016666667
827,827,4,0.4666666666666666,0.4789429683333333,0.0122763016666667,0.4666666666666666,0.1754584552583331,3.758,3.941,5.269922e-05,True,0.0122763016666667
827,827,5,0.0,0.0,0.0,0.0,0.0,3.977,3.977,9.950346e-07,True,0.0122763016666667
827,827,6,0.0,0.0,0.0,0.0,0.0,4.329,4.329,5.66818e-07,True,0.0122763016666667
827,827,7,0.0,0.0,0.0,0.0,0.0,3.995,3.995,7.337866e-07,True,0.0122763016666667
827,827,8,0.0,0.0,0.0,0.0,0.0,4.294,4.294,8.167569e-07,True,0.0122763016666667
828,828,1,0.0,0.0,0.0,0.0,0.0,4.318,4.318,3.057597e-07,True,0.0113390219117647
828,828,2,0.0,0.0,0.0,0.0,0.0,4.261,4.261,6.854916e-07,True,0.0113390219117647
828,828,3,0.0,0.0,0.0,0.0,0.0,4.164,4.164,1.504088e-06,True,0.0113390219117647
828,828,4,0.0,0.0,0.0,0.0,0.0,4.23,4.23,9.7101e-07,True,0.0113390219117647
828,828,5,0.5411764705882351,0.5525154924999999,0.0113390219117647,0.5411764705882351,0.3360271864003948,3.54,3.642,6.034618e-05,True,0.0113390219117647
828,828,6,0.0,0.0,0.0,0.0,0.0,4.329,4.329,9.110612e-07,True,0.0113390219117647
828,828,7,0.0,0.0,0.0,0.0,0.0,3.995,3.995,8.536812e-07,True,0.0113390219117647
828,828,8,0.0,0.0,0.0,0.0,0.0,4.294,4.294,7.245874e-07,True,0.0113390219117647
829,829,1,0.0,0.0,0.0,0.0,0.0,4.318,4.318,2.347809e-07,True,0.0020782044117649
829,829,2,0.0,0.0,0.0,0.0,0.0,4.261,4.261,8.620656e-07,True,0.0020782044117649
829,829,3,0.0,0.0,0.0,0.0,0.0,4.164,4.164,7.049458e-07,True,0.0020782044117649
829,829,4,0.5411764705882351,0.5432546750000001,0.0020782044117649,0.5411764705882351,0.2014670117780083,3.717,3.921,6.016988e-05,True,0.0020782044117649
829,829,5,0.0,0.0,0.0,0.0,0.0,3.977,3.977,1.093956e-06,True,0.0020782044117649
829,829,6,0.0,0.0,0.0,0.0,0.0,4.329,4.329,5.691886e-07,True,0.0020782044117649
829,829,7,0.0,0.0,0.0,0.0,0.0,3.995,3.995,7.357382e-07,True,0.0020782044117649
829,829,8,0.0,0.0,0.0,0.0,0.0,4.294,4.294,8.200059e-07,True,0.0020782044117649
830,830,1,0.0,0.0,0.0,0.0,0.0,4.318,4.318,3.146284e-07,True,0.0048662019607842
830,830,2,0.0,0.0,0.0,0.0,0.0,4.261,4.261,6.58044e-07,True,0.0048662019607842
830,830,3,0.5294117647058822,0.5342779666666665,0.0048662019607842,0.5294117647058822,0.164888885529381,3.655,3.851,5.488858e-05,True,0.0048662019607842
830,830,4,0.0,0.0,0.0,0.0,0.0,4.23,4.23,5.83875e-06,True,0.0048662019607842
830,830,5,0.0,0.0,0.0,0.0,0.0,3.977,3.977,3.114428e-07,True,0.0048662019607842
830,830,6,0.0,0.0,0.0,0.0,0.0,4.329,4.329,5.625256e-07,True,0.0048662019607842
830,830,7,0.0,0.0,0.0,0.0,0.0,3.995,3.995,8.091737e-07,True,0.0048662019607842
830,830,8,0.0,0.0,0.0,0.0,0.0,4.294,4.294,7.302115e-07,True,0.0048662019607842
831,831,1,0.0,0.0,0.0,0.0,0.0,4.318,4.318,3.567275e-06,True,0.0187780277941177
831,831,2,0.5294117647058822,0.5481897925,0.0187780277941177,0.5294117647058822,0.1300405270908392,3.768,3.955,5.789378e-05,True,0.0187780277941177
831,831,3,0.0,0.0,0.0,0.0,0.0,4.164,4.164,1.898801e-06,True,0.0187780277941177
831,831,4,0.0,0.0,0.0,0.0,0.0,4.23,4.23,1.428002e-07,True,0.0187780277941177
831,831,5,0.0,0.0,0.0,0.0,0.0,3.977,3.977,1.233405e-07,True,0.0187780277941177
831,831,6,0.0,0.0,0.0,0.0,0.0,4.329,4.329,6.232202e-07,True,0.0187780277941177
831,831,7,0.0,0.0,0.0,0.0,0.0,3.995,3.995,7.240167e-07,True,0.0187780277941177
831,831,8,0.0,0.0,0.0,0.0,0.0,4.294,4.294,8.095415e-07,True,0.0187780277941177
832,832,1,0.0,0.0,0.0,0.0,0.0,4.318,4.318,2.824264e-07,True,0.0128266531862744
832,832,2,0.0,0.0,0.0,0.0,0.0,4.261,4.261,6.577881e-07,True,0.0128266531862744
832,832,3,0.1647058823529411,0.1518792291666666,-0.0128266531862744,0.1647058823529411,0.0567928918167614,3.851,3.997,1.277234e-05,True,0.0128266531862744
832,832,4,0.0,0.0,0.0,0.0,0.0,4.23,4.23,2.250835e-06,True,0.0128266531862744
832,832,5,0.0,0.0,0.0,0.0,0.0,3.977,3.977,1.910691e-07,True,0.0128266531862744
832,832,6,0.0,0.0,0.0,0.0,0.0,4.329,4.329,5.677524e-07,True,0.0128266531862744
832,832,7,0.0,0.0,0.0,0.0,0.0,3.995,3.995,7.705993e-07,True,0.0128266531862744
832,832,8,0.0,0.0,0.0,0.0,0.0,4.294,4.294,7.326972e-07,True,0.0128266531862744
833,833,1,0.0,0.0,0.0,0.0,0.0,4.318,4.318,1.046618e-06,True,0.0137618715196077
833,833,2,0.1647058823529411,0.1509440108333333,-0.0137618715196077,0.1647058823529411,0.03056619494799,3.935,4.105,1.315591e-05,True,0.0137618715196077
833,833,3,0.0,0.0,0.0,0.0,0.0,4.164,4.164,1.545954e-06,True,0.0137618715196077
833,833,4,0.0,0.0,0.0,0.0,0.0,4.23,4.23,1.39599e-07,True,0.0137618715196077
833,833,5,0.0,0.0,0.0,0.0,0.0,3.977,3.977,1.249845e-07,True,0.0137618715196077
833,833,6,0.0,0.0,0.0,0.0,0.0,4.329,4.329,5.97361e-07,True,0.0137618715196077
833,833,7,0.0,0.0,0.0,0.0,0.0,3.995,3.995,7.283449e-07,True,0.0137618715196077
833,833,8,0.0,0.0,0.0,0.0,0.0,4.294,4.294,7.745099e-07,True,0.0137618715196077
834,834,1,0.0,0.0,0.0,0.0,0.0,4.318,4.318,3.190997e-07,True,0.0088206737745096
834,834,2,0.0,0.0,0.0,0.0,0.0,4.261,4.261,6.831214e-07,True,0.0088206737745096
834,834,3,0.0,0.0,0.0,0.0,0.0,4.164,4.164,1.545515e-06,True,0.0088206737745096
834,834,4,0.0,0.0,0.0,0.0,0.0,4.23,4.23,1.314986e-06,True,0.0088206737745096
834,834,5,0.7725490196078431,0.7637283458333334,-0.0088206737745096,0.7725490196078431,0.4718436034301653,3.434,3.573,8.521533e-05,True,0.0088206737745096
834,834,6,0.0,0.0,0.0,0.0,0.0,4.329,4.329,9.603012e-07,True,0.0088206737745096
834,834,7,0.0,0.0,0.0,0.0,0.0,3.995,3.995,8.865771e-07,True,0.0088206737745096
834,834,8,0.0,0.0,0.0,0.0,0.0,4.294,4.294,7.224711e-07,True,0.0088206737745096
835,835,1,0.0,0.0,0.0,0.0,0.0,4.318,4.318,2.35711e-07,True,0.0065847703921571
835,835,2,0.0,0.0,0.0,0.0,0.0,4.261,4.261,9.026264e-07,True,0.0065847703921571
835,835,3,0.0,0.0,0.0,0.0,0.0,4.164,4.164,1.291643e-06,True,0.0065847703921571
835,835,4,0.7725490196078431,0.7791337900000002,0.0065847703921571,0.7725490196078431,0.3067074693585843,3.588,3.852,8.747647e-05,True,0.0065847703921571
835,835,5,0.0,0.0,0.0,0.0,0.0,3.977,3.977,1.438197e-06,True,0.0065847703921571
835,835,6,0.0,0.0,0.0,0.0,0.0,4.329,4.329,5.783572e-07,True,0.0065847703921571
835,835,7,0.0,0.0,0.0,0.0,0.0,3.995,3.995,7.349292e-07,True,0.0065847703921571
835,835,8,0.0,0.0,0.0,0.0,0.0,4.294,4.294,8.38121e-07,True,0.0065847703921571
836,836,1,0.0,0.0,0.0,0.0,0.0,4.318,4.318,3.124343e-07,True,0.0068434532843138
836,836,2,0.0,0.0,0.0,0.0,0.0,4.261,4.261,6.580664e-07,True,0.0068434532843138
836,836,3,0.4784313725490195,0.4852748258333333,0.0068434532843138,0.4784313725490195,0.1416845224467522,3.679,3.866,4.945232e-05,True,0.0068434532843138
836,836,4,0.0,0.0,0.0,0.0,0.0,4.23,4.23,5.410249e-06,True,0.0068434532843138
836,836,5,0.0,0.0,0.0,0.0,0.0,3.977,3.977,2.982251e-07,True,0.0068434532843138
836,836,6,0.0,0.0,0.0,0.0,0.0,4.329,4.329,5.638174e-07,True,0.0068434532843138
836,836,7,0.0,0.0,0.0,0.0,0.0,3.995,3.995,8.073587e-07,True,0.0068434532843138
836,836,8,0.0,0.0,0.0,0.0,0.0,4.294,4.294,7.305082e-07,True,0.0068434532843138
837,837,1,0.0,0.0,0.0,0.0,0.0,4.318,4.318,3.220585e-06,True,0.0168804899509805
837,837,2,0.4784313725490195,0.4953118625,0.0168804899509805,0.4784313725490195,0.1018862336039397,3.789,3.971,5.193959e-05,True,0.0168804899509805
837,837,3,0.0,0.0,0.0,0.0,0.0,4.164,4.164,1.858706e-06,True,0.0168804899509805
837,837,4,0.0,0.0,0.0,0.0,0.0,4.23,4.23,1.403823e-07,True,0.0168804899509805
837,837,5,0.0,0.0,0.0,0.0,0.0,3.977,3.977,1.228614e-07,True,0.0168804899509805
837,837,6,0.0,0.0,0.0,0.0,0.0,4.329,4.329,6.221213e-07,True,0.0168804899509805
837,837,7,0.0,0.0,0.0,0.0,0.0,3.995,3.995,7.256713e-07,True,0.0168804899509805
837,837,8,0.0,0.0,0.0,0.0,0.0,4.294,4.294,8.075062e-07,True,0.0168804899509805
838,838,1,0.0,0.0,0.0,0.0,0.0,4.318,4.318,2.915801e-07,True,0.012422195735294
838,838,2,0.0,0.0,0.0,0.0,0.0,4.261,4.261,6.592625e-07,True,0.012422195735294
838,838,3,0.2431372549019607,0.2307150591666666,-0.012422195735294,0.2431372549019607,0.0701045481860905,3.8,3.958,2.135815e-05,True,0.012422195735294
838,838,4,0.0,0.0,0.0,0.0,0.0,4.23,4.23,3.08121e-06,True,0.012422195735294
838,838,5,0.0,0.0,0.0,0.0,0.0,3.977,3.977,2.191022e-07,True,0.012422195735294
838,838,6,0.0,0.0,0.0,0.0,0.0,4.329,4.329,5.663412e-07,True,0.012422195735294
838,838,7,0.0,0.0,0.0,0.0,0.0,3.995,3.995,7.804694e-07,True,0.012422195735294
838,838,8,0.0,0.0,0.0,0.0,0.0,4.294,4.294,7.296917e-07,True,0.012422195735294
839,839,1,0.0,0.0,0.0,0.0,0.0,4.318,4.318,1.582632e-06,True,0.008565270735294
839,839,2,0.2431372549019607,0.2345719841666666,-0.008565270735294,0.2431372549019607,0.0386860064574922,3.892,4.064,2.255705e-05,True,0.008565270735294
839,839,3,0.0,0.0,0.0,0.0,0.0,4.164,4.164,1.629684e-06,True,0.008565270735294
839,839,4,0.0,0.0,0.0,0.0,0.0,4.23,4.23,1.417476e-07,True,0.008565270735294
839,839,5,0.0,0.0,0.0,0.0,0.0,3.977,3.977,1.257009e-07,True,0.008565270735294
839,839,6,0.0,0.0,0.0,0.0,0.0,4.329,4.329,6.033055e-07,True,0.008565270735294
839,839,7,0.0,0.0,0.0,0.0,0.0,3.995,3.995,7.283624e-07,True,0.008565270735294
839,839,8,0.0,0.0,0.0,0.0,0.0,4.294,4.294,7.801557e-07,True,0.008565270735294
840,840,1,0.0,0.0,0.0,0.0,0.0,4.318,4.318,2.915806e-07,True,0.0138892001470587
840,840,2,0.0,0.0,0.0,0.0,0.0,4.261,4.261,6.813111e-07,True,0.0138892001470587
840,840,3,0.0,0.0,0.0,0.0,0.0,4.164,4.164,1.467633e-06,True,0.0138892001470587
840,840,4,0.0,0.0,0.0,0.0,0.0,4.23,4.23,6.485001e-07,True,0.0138892001470587
840,840,5,0.3686274509803922,0.3547382508333334,-0.0138892001470587,0.3686274509803922,0.2043083661353615,3.625,3.716,3.709208e-05,True,0.0138892001470587
840,840,6,0.0,0.0,0.0,0.0,0.0,4.329,4.329,8.463461e-07,True,0.0138892001470587
840,840,7,0.0,0.0,0.0,0.0,0.0,3.995,3.995,8.189865e-07,True,0.0138892001470587
840,840,8,0.0,0.0,0.0,0.0,0.0,4.294,4.294,7.221527e-07,True,0.0138892001470587
841,841,1,0.0,0.0,0.0,0.0,0.0,4.318,4.318,2.363065e-07,True,0.0195193081862745
841,841,2,0.0,0.0,0.0,0.0,0.0,4.261,4.261,8.312377e-07,True,0.0195193081862745
841,841,3,0.0,0.0,0.0,0.0,0.0,4.164,4.164,4.191549e-07,True,0.0195193081862745
841,841,4,0.3686274509803922,0.3881467591666667,0.0195193081862745,0.3686274509803922,0.1357231170692401,3.815,3.972,4.213053e-05,True,0.0195193081862745
841,841,5,0.0,0.0,0.0,0.0,0.0,3.977,3.977,8.569584e-07,True,0.0195193081862745
841,841,6,0.0,0.0,0.0,0.0,0.0,4.329,4.329,5.631784e-07,True,0.0195193081862745
841,841,7,0.0,0.0,0.0,0.0,0.0,3.995,3.995,7.347184e-07,True,0.0195193081862745
841,841,8,0.0,0.0,0.0,0.0,0.0,4.294,4.294,8.055268e-07,True,0.0195193081862745
842,842,1,0.0,0.0,0.0,0.0,0.0,4.318,4.318,3.103656e-07,True,0.0081070198529413
842,842,2,0.0,0.0,0.0,0.0,0.0,4.261,4.261,6.610505e-07,True,0.0081070198529413
842,842,3,0.4352941176470587,0.4434011375,0.0081070198529413,0.4352941176470587,0.1222247287519238,3.699,3.879,4.480989e-05,True,0.0081070198529413
842,842,4,0.0,0.0,0.0,0.0,0.0,4.23,4.23,5.04509e-06,True,0.0081070198529413
842,842,5,0.0,0.0,0.0,0.0,0.0,3.977,3.977,2.856516e-07,True,0.0081070198529413
842,842,6,0.0,0.0,0.0,0.0,0.0,4.329,4.329,5.637027e-07,True,0.0081070198529413
842,842,7,0.0,0.0,0.0,0.0,0.0,3.995,3.995,8.015813e-07,True,0.0081070198529413
842,842,8,0.0,0.0,0.0,0.0,0.0,4.294,4.294,7.308048e-07,True,0.0081070198529413
843,843,1,0.0,0.0,0.0,0.0,0.0,4.318,4.318,2.938755e-06,True,0.0153676973529412
843,843,2,0.4352941176470587,0.4506618149999999,0.0153676973529412,0.4352941176470587,0.0777044585424587,3.806,3.985,4.690189e-05,True,0.0153676973529412
843,843,3,0.0,0.0,0.0,0.0,0.0,4.164,4.164,1.823392e-06,True,0.0153676973529412
843,843,4,0.0,0.0,0.0,0.0,0.0,4.23,4.23,1.431215e-07,True,0.0153676973529412
843,843,5,0.0,0.0,0.0,0.0,0.0,3.977,3.977,1.240816e-07,True,0.0153676973529412
843,843,6,0.0,0.0,0.0,0.0,0.0,4.329,4.329,6.199043e-07,True,0.0153676973529412
843,843,7,0.0,0.0,0.0,0.0,0.0,3.995,3.995,7.247675e-07,True,0.0153676973529412
843,843,8,0.0,0.0,0.0,0.0,0.0,4.294,4.294,8.035059e-07,True,0.0153676973529412
844,844,1,0.0,0.0,0.0,0.0,0.0,4.318,4.318,3.250622e-07,True,0.0162373892156862
844,844,2,0.0,0.0,0.0,0.0,0.0,4.261,4.261,6.534103e-07,True,0.0162373892156862
844,844,3,0.7215686274509803,0.7378060166666666,0.0162373892156862,0.7215686274509803,0.2538658231547057,3.567,3.794,7.758679e-05,True,0.0162373892156862
844,844,4,0.0,0.0,0.0,0.0,0.0,4.23,4.23,7.485906e-06,True,0.0162373892156862
844,844,5,0.0,0.0,0.0,0.0,0.0,3.977,3.977,3.726191e-07,True,0.0162373892156862
844,844,6,0.0,0.0,0.0,0.0,0.0,4.329,4.329,5.60256e-07,True,0.0162373892156862
844,844,7,0.0,0.0,0.0,0.0,0.0,3.995,3.995,8.264335e-07,True,0.0162373892156862
844,844,8,0.0,0.0,0.0,0.0,0.0,4.294,4.294,7.262449e-07,True,0.0162373892156862
845,845,1,0.0,0.0,0.0,0.0,0.0,4.318,4.318,4.678333e-06,True,0.0123258692156863
845,845,2,0.7215686274509803,0.7338944966666666,0.0123258692156863,0.7215686274509803,0.219298426177657,3.693,3.903,7.890049e-05,True,0.0123258692156863
845,845,3,0.0,0.0,0.0,0.0,0.0,4.164,4.164,2.042615e-06,True,0.0123258692156863
845,845,4,0.0,0.0,0.0,0.0,0.0,4.23,4.23,1.404309e-07,True,0.0123258692156863
845,845,5,0.0,0.0,0.0,0.0,0.0,3.977,3.977,1.224233e-07,True,0.0123258692156863
845,845,6,0.0,0.0,0.0,0.0,0.0,4.329,4.329,6.36965e-07,True,0.0123258692156863
845,845,7,0.0,0.0,0.0,0.0,0.0,3.995,3.995,7.208309e-07,True,0.0123258692156863
845,845,8,0.0,0.0,0.0,0.0,0.0,4.294,4.294,8.252515e-07,True,0.0123258692156863
846,846,1,0.0,0.0,0.0,0.0,0.0,4.318,4.318,3.268977e-07,True,0.0121946903921568
846,846,2,0.0,0.0,0.0,0.0,0.0,4.261,4.261,6.503954e-07,True,0.0121946903921568
846,846,3,0.8392156862745099,0.8514103766666667,0.0121946903921568,0.8392156862745099,0.3123674494095224,3.514,3.764,9.027414e-05,True,0.0121946903921568
846,846,4,0.0,0.0,0.0,0.0,0.0,4.23,4.23,8.396895e-06,True,0.0121946903921568
846,846,5,0.0,0.0,0.0,0.0,0.0,3.977,3.977,4.053104e-07,True,0.0121946903921568
846,846,6,0.0,0.0,0.0,0.0,0.0,4.329,4.329,5.599103e-07,True,0.0121946903921568
846,846,7,0.0,0.0,0.0,0.0,0.0,3.995,3.995,8.297662e-07,True,0.0121946903921568
846,846,8,0.0,0.0,0.0,0.0,0.0,4.294,4.294,7.259302e-07,True,0.0121946903921568
847,847,1,0.0,0.0,0.0,0.0,0.0,4.318,4.318,5.405047e-06,True,0.0155204895588233
847,847,2,0.8392156862745099,0.8547361758333333,0.0155204895588233,0.8392156862745099,0.2894633875531793,3.646,3.871,9.259176e-05,True,0.0155204895588233
847,847,3,0.0,0.0,0.0,0.0,0.0,4.164,4.164,2.125566e-06,True,0.0155204895588233
847,847,4,0.0,0.0,0.0,0.0,0.0,4.23,4.23,1.38374e-07,True,0.0155204895588233
847,847,5,0.0,0.0,0.0,0.0,0.0,3.977,3.977,1.207051e-07,True,0.0155204895588233
847,847,6,0.0,0.0,0.0,0.0,0.0,4.329,4.329,6.403283e-07,True,0.0155204895588233
847,847,7,0.0,0.0,0.0,0.0,0.0,3.995,3.995,7.175952e-07,True,0.0155204895588233
847,847,8,0.0,0.0,0.0,0.0,0.0,4.294,4.294,8.289655e-07,True,0.0155204895588233
848,848,1,0.0,0.0,0.0,0.0,0.0,4.318,4.318,3.078082e-07,True,0.0051145850000001
848,848,2,0.0,0.0,0.0,0.0,0.0,4.261,4.261,6.464731e-07,True,0.0051145850000001
848,848,3,0.4666666666666666,0.4717812516666667,0.0051145850000001,0.4666666666666666,0.1356996138115624,3.684,3.87,4.799333e-05,True,0.0051145850000001
848,848,4,0.0,0.0,0.0,0.0,0.0,4.23,4.23,5.291943e-06,True,0.0051145850000001
848,848,5,0.0,0.0,0.0,0.0,0.0,3.977,3.977,2.901241e-07,True,0.0051145850000001
848,848,6,0.0,0.0,0.0,0.0,0.0,4.329,4.329,5.617731e-07,True,0.0051145850000001
848,848,7,0.0,0.0,0.0,0.0,0.0,3.995,3.995,7.991687e-07,True,0.0051145850000001
848,848,8,0.0,0.0,0.0,0.0,0.0,4.294,4.294,7.2313e-07,True,0.0051145850000001
849,849,1,0.0,0.0,0.0,0.0,0.0,4.318,4.318,3.15514e-06,True,0.0174383208333334
849,849,2,0.4666666666666666,0.4841049875,0.0174383208333334,0.4666666666666666,0.0956381317762499,3.793,3.974,5.069546e-05,True,0.0174383208333334
849,849,3,0.0,0.0,0.0,0.0,0.0,4.164,4.164,1.839656e-06,True,0.0174383208333334
849,849,4,0.0,0.0,0.0,0.0,0.0,4.23,4.23,1.417643e-07,True,0.0174383208333334
849,849,5,0.0,0.0,0.0,0.0,0.0,3.977,3.977,1.222007e-07,True,0.0174383208333334
849,849,6,0.0,0.0,0.0,0.0,0.0,4.329,4.329,6.185603e-07,True,0.0174383208333334
849,849,7,0.0,0.0,0.0,0.0,0.0,3.995,3.995,7.214491e-07,True,0.0174383208333334
849,849,8,0.0,0.0,0.0,0.0,0.0,4.294,4.294,7.983681e-07,True,0.0174383208333334
850,850,1,0.0,0.0,0.0,0.0,0.0,4.318,4.318,3.132486e-07,True,0.0059974010784316
850,850,2,0.0,0.0,0.0,0.0,0.0,4.261,4.261,6.489284e-07,True,0.0059974010784316
850,850,3,0.5411764705882351,0.5471738716666668,0.0059974010784316,0.5411764705882351,0.1712245225430082,3.65,3.847,5.638422e-05,True,0.0059974010784316
850,850,4,0.0,0.0,0.0,0.0,0.0,4.23,4.23,5.922315e-06,True,0.0059974010784316
850,850,5,0.0,0.0,0.0,0.0,0.0,3.977,3.977,3.112158e-07,True,0.0059974010784316
850,850,6,0.0,0.0,0.0,0.0,0.0,4.329,4.329,5.57501e-07,True,0.0059974010784316
850,850,7,0.0,0.0,0.0,0.0,0.0,3.995,3.995,8.046307e-07,True,0.0059974010784316
850,850,8,0.0,0.0,0.0,0.0,0.0,4.294,4.294,7.188051e-07,True,0.0059974010784316
851,851,1,0.0,0.0,0.0,0.0,0.0,4.318,4.318,3.434454e-06,True,0.0102189389215685
851,851,2,0.5411764705882351,0.5309575316666666,-0.0102189389215685,0.5411764705882351,0.1213059664019606,3.764,3.96,5.600434e-05,True,0.0102189389215685
851,851,3,0.0,0.0,0.0,0.0,0.0,4.164,4.164,1.882158e-06,True,0.0102189389215685
851,851,4,0.0,0.0,0.0,0.0,0.0,4.23,4.23,1.407406e-07,True,0.0102189389215685
851,851,5,0.0,0.0,0.0,0.0,0.0,3.977,3.977,1.210838e-07,True,0.0102189389215685
851,851,6,0.0,0.0,0.0,0.0,0.0,4.329,4.329,6.149216e-07,True,0.0102189389215685
851,851,7,0.0,0.0,0.0,0.0,0.0,3.995,3.995,7.20215e-07,True,0.0102189389215685
851,851,8,0.0,0.0,0.0,0.0,0.0,4.294,4.294,7.969908e-07,True,0.0102189389215685
852,852,1,0.0,0.0,0.0,0.0,0.0,4.318,4.318,3.151049e-07,True,0.0122610111764706
852,852,2,0.0,0.0,0.0,0.0,0.0,4.261,4.261,6.76256e-07,True,0.0122610111764706
852,852,3,0.0,0.0,0.0,0.0,0.0,4.164,4.164,1.530257e-06,True,0.0122610111764706
852,852,4,0.0,0.0,0.0,0.0,0.0,4.23,4.23,1.249944e-06,True,0.0122610111764706
852,852,5,0.7176470588235294,0.72990807,0.0122610111764706,0.7176470588235294,0.4509565779175011,3.458,3.583,8.130107e-05,True,0.0122610111764706
852,852,6,0.0,0.0,0.0,0.0,0.0,4.329,4.329,9.316887e-07,True,0.0122610111764706
852,852,7,0.0,0.0,0.0,0.0,0.0,3.995,3.995,8.750189e-07,True,0.0122610111764706
852,852,8,0.0,0.0,0.0,0.0,0.0,4.294,4.294,7.096289e-07,True,0.0122610111764706
853,853,1,0.0,0.0,0.0,0.0,0.0,4.318,4.318,2.334102e-07,True,0.0055972228431371
853,853,2,0.0,0.0,0.0,0.0,0.0,4.261,4.261,8.851544e-07,True,0.0055972228431371
853,853,3,0.0,0.0,0.0,0.0,0.0,4.164,4.164,1.157099e-06,True,0.0055972228431371
853,853,4,0.7176470588235294,0.7232442816666665,0.0055972228431371,0.7176470588235294,0.2823854086477329,3.619,3.867,8.103998e-05,True,0.0055972228431371
853,853,5,0.0,0.0,0.0,0.0,0.0,3.977,3.977,1.347695e-06,True,0.0055972228431371
853,853,6,0.0,0.0,0.0,0.0,0.0,4.329,4.329,5.694383e-07,True,0.0055972228431371
853,853,7,0.0,0.0,0.0,0.0,0.0,3.995,3.995,7.28294e-07,True,0.0055972228431371
853,853,8,0.0,0.0,0.0,0.0,0.0,4.294,4.294,8.282429e-07,True,0.0055972228431371
854,854,1,0.0,0.0,0.0,0.0,0.0,4.318,4.318,3.238026e-07,True,0.0136894837254902
854,854,2,0.0,0.0,0.0,0.0,0.0,4.261,4.261,6.48468e-07,True,0.0136894837254902
854,854,3,0.7725490196078431,0.7862385033333333,0.0136894837254902,0.7725490196078431,0.2800170825111884,3.544,3.781,8.3026e-05,True,0.0136894837254902
854,854,4,0.0,0.0,0.0,0.0,0.0,4.23,4.23,7.876219e-06,True,0.0136894837254902
854,854,5,0.0,0.0,0.0,0.0,0.0,3.977,3.977,3.817089e-07,True,0.0136894837254902
854,854,6,0.0,0.0,0.0,0.0,0.0,4.329,4.329,5.532579e-07,True,0.0136894837254902
854,854,7,0.0,0.0,0.0,0.0,0.0,3.995,3.995,8.197532e-07,True,0.0136894837254902
854,854,8,0.0,0.0,0.0,0.0,0.0,4.294,4.294,7.194108e-07,True,0.0136894837254902
855,855,1,0.0,0.0,0.0,0.0,0.0,4.318,4.318,4.998695e-06,True,0.0129255895588237
855,855,2,0.7725490196078431,0.7854746091666668,0.0129255895588237,0.7725490196078431,0.2507237458634705,3.673,3.889,8.476607e-05,True,0.0129255895588237
855,855,3,0.0,0.0,0.0,0.0,0.0,4.164,4.164,2.070093e-06,True,0.0129255895588237
855,855,4,0.0,0.0,0.0,0.0,0.0,4.23,4.23,1.399399e-07,True,0.0129255895588237
855,855,5,0.0,0.0,0.0,0.0,0.0,3.977,3.977,1.189263e-07,True,0.0129255895588237
855,855,6,0.0,0.0,0.0,0.0,0.0,4.329,4.329,6.312335e-07,True,0.0129255895588237
855,855,7,0.0,0.0,0.0,0.0,0.0,3.995,3.995,7.153857e-07,True,0.0129255895588237
855,855,8,0.0,0.0,0.0,0.0,0.0,4.294,4.294,8.166097e-07,True,0.0129255895588237
856,856,1,0.0,0.0,0.0,0.0,0.0,4.318,4.318,2.558197e-07,True,0.0199870400980392
856,856,2,0.0,0.0,0.0,0.0,0.0,4.261,4.261,6.749228e-07,True,0.0199870400980392
856,856,3,0.0,0.0,0.0,0.0,0.0,4.164,4.164,1.340707e-06,True,0.0199870400980392
856,856,4,0.0,0.0,0.0,0.0,0.0,4.23,4.23,1.7591e-07,True,0.0199870400980392
856,856,5,0.0431372549019607,0.063124295,0.0199870400980392,0.0431372549019607,0.0115508135962008,3.857,3.896,3.000666e-06,True,0.0199870400980392
856,856,6,0.0,0.0,0.0,0.0,0.0,4.329,4.329,6.570218e-07,True,0.0199870400980392
856,856,7,0.0,0.0,0.0,0.0,0.0,3.995,3.995,7.466927e-07,True,0.0199870400980392
856,856,8,0.0,0.0,0.0,0.0,0.0,4.294,4.294,7.231754e-07,True,0.0199870400980392
857,857,1,0.0,0.0,0.0,0.0,0.0,4.318,4.318,2.383509e-07,True,0.0059605565686273
857,857,2,0.0,0.0,0.0,0.0,0.0,4.261,4.261,6.756794e-07,True,0.0059605565686273
857,857,3,0.0,0.0,0.0,0.0,0.0,4.164,4.164,1.28388e-06,True,0.0059605565686273
857,857,4,0.0431372549019607,0.0371766983333333,-0.0059605565686273,0.0431372549019607,0.0,4.068,4.23,1.281524e-07,True,0.0059605565686273
857,857,5,0.0,0.0,0.0,0.0,0.0,3.977,3.977,1.236724e-07,True,0.0059605565686273
857,857,6,0.0,0.0,0.0,0.0,0.0,4.329,4.329,5.602278e-07,True,0.0059605565686273
857,857,7,0.0,0.0,0.0,0.0,0.0,3.995,3.995,7.232687e-07,True,0.0059605565686273
857,857,8,0.0,0.0,0.0,0.0,0.0,4.294,4.294,7.279722e-07,True,0.0059605565686273
858,858,1,0.0,0.0,0.0,0.0,0.0,4.318,4.318,3.012742e-07,True,0.0031530301470588
858,858,2,0.0,0.0,0.0,0.0,0.0,4.261,4.261,6.471688e-07,True,0.0031530301470588
858,858,3,0.3686274509803922,0.3654744208333333,-0.0031530301470588,0.3686274509803922,0.0883861293852574,3.734,3.905,3.624028e-05,True,0.0031530301470588
858,858,4,0.0,0.0,0.0,0.0,0.0,4.23,4.23,4.350693e-06,True,0.0031530301470588
858,858,5,0.0,0.0,0.0,0.0,0.0,3.977,3.977,2.556305e-07,True,0.0031530301470588
858,858,6,0.0,0.0,0.0,0.0,0.0,4.329,4.329,5.564519e-07,True,0.0031530301470588
858,858,7,0.0,0.0,0.0,0.0,0.0,3.995,3.995,7.885835e-07,True,0.0031530301470588
858,858,8,0.0,0.0,0.0,0.0,0.0,4.294,4.294,7.168486e-07,True,0.0031530301470588
859,859,1,0.0,0.0,0.0,0.0,0.0,4.318,4.318,2.522118e-06,True,0.0151378348529412
859,859,2,0.3686274509803922,0.3837652858333334,0.0151378348529412,0.3686274509803922,0.0499580599625619,3.836,4.007,3.940825e-05,True,0.0151378348529412
859,859,3,0.0,0.0,0.0,0.0,0.0,4.164,4.164,1.760584e-06,True,0.0151378348529412
859,859,4,0.0,0.0,0.0,0.0,0.0,4.23,4.23,1.395988e-07,True,0.0151378348529412
859,859,5,0.0,0.0,0.0,0.0,0.0,3.977,3.977,1.197947e-07,True,0.0151378348529412
859,859,6,0.0,0.0,0.0,0.0,0.0,4.329,4.329,6.032374e-07,True,0.0151378348529412
859,859,7,0.0,0.0,0.0,0.0,0.0,3.995,3.995,7.174812e-07,True,0.0151378348529412
859,859,8,0.0,0.0,0.0,0.0,0.0,4.294,4.294,7.807702e-07,True,0.0151378348529412
860,860,1,0.0,0.0,0.0,0.0,0.0,4.318,4.318,3.159692e-07,True,0.0158297195098039
860,860,2,0.0,0.0,0.0,0.0,0.0,4.261,4.261,6.350149e-07,True,0.0158297195098039
860,860,3,0.7176470588235294,0.7334767783333334,0.0158297195098039,0.7176470588235294,0.2532457641904412,3.569,3.795,7.719475e-05,True,0.0158297195098039
860,860,4,0.0,0.0,0.0,0.0,0.0,4.23,4.23,7.43193e-06,True,0.0158297195098039
860,860,5,0.0,0.0,0.0,0.0,0.0,3.977,3.977,3.615295e-07,True,0.0158297195098039
860,860,6,0.0,0.0,0.0,0.0,0.0,4.329,4.329,5.496148e-07,True,0.0158297195098039
860,860,7,0.0,0.0,0.0,0.0,0.0,3.995,3.995,8.149048e-07,True,0.0158297195098039
860,860,8,0.0,0.0,0.0,0.0,0.0,4.294,4.294,7.135002e-07,True,0.0158297195098039
861,861,1,0.0,0.0,0.0,0.0,0.0,4.318,4.318,4.633312e-06,True,0.0070306553431371
861,861,2,0.7176470588235294,0.7246777141666666,0.0070306553431371,0.7176470588235294,0.216960422999772,3.694,3.905,7.789701e-05,True,0.0070306553431371
861,861,3,0.0,0.0,0.0,0.0,0.0,4.164,4.164,2.032198e-06,True,0.0070306553431371
861,861,4,0.0,0.0,0.0,0.0,0.0,4.23,4.23,1.360804e-07,True,0.0070306553431371
861,861,5,0.0,0.0,0.0,0.0,0.0,3.977,3.977,1.17833e-07,True,0.0070306553431371
861,861,6,0.0,0.0,0.0,0.0,0.0,4.329,4.329,6.229882e-07,True,0.0070306553431371
861,861,7,0.0,0.0,0.0,0.0,0.0,3.995,3.995,7.137371e-07,True,0.0070306553431371
861,861,8,0.0,0.0,0.0,0.0,0.0,4.294,4.294,8.08167e-07,True,0.0070306553431371
862,862,1,0.0,0.0,0.0,0.0,0.0,4.318,4.318,2.570602e-07,True,0.0002040725980393
862,862,2,0.0,0.0,0.0,0.0,0.0,4.261,4.261,6.568377e-07,True,0.0002040725980393
862,862,3,0.0431372549019607,0.0433413275,0.0002040725980393,0.0431372549019607,0.0267239687009802,4.037,4.086,1.326853e-06,True,0.0002040725980393
862,862,4,0.0,0.0,0.0,0.0,0.0,4.23,4.23,8.009009e-07,True,0.0002040725980393
862,862,5,0.0,0.0,0.0,0.0,0.0,3.977,3.977,1.416073e-07,True,0.0002040725980393
862,862,6,0.0,0.0,0.0,0.0,0.0,4.329,4.329,5.551614e-07,True,0.0002040725980393
862,862,7,0.0,0.0,0.0,0.0,0.0,3.995,3.995,7.41237e-07,True,0.0002040725980393
862,862,8,0.0,0.0,0.0,0.0,0.0,4.294,4.294,7.213018e-07,True,0.0002040725980393
863,863,1,0.0,0.0,0.0,0.0,0.0,4.318,4.318,2.37136e-07,True,0.0060862490686273
863,863,2,0.0431372549019607,0.0370510058333333,-0.0060862490686273,0.0431372549019607,0.0,4.041,4.261,6.720485e-07,True,0.0060862490686273
863,863,3,0.0,0.0,0.0,0.0,0.0,4.164,4.164,1.28561e-06,True,0.0060862490686273
863,863,4,0.0,0.0,0.0,0.0,0.0,4.23,4.23,1.263508e-07,True,0.0060862490686273
863,863,5,0.0,0.0,0.0,0.0,0.0,3.977,3.977,1.235419e-07,True,0.0060862490686273
863,863,6,0.0,0.0,0.0,0.0,0.0,4.329,4.329,5.569274e-07,True,0.0060862490686273
863,863,7,0.0,0.0,0.0,0.0,0.0,3.995,3.995,7.21523e-07,True,0.0060862490686273
863,863,8,0.0,0.0,0.0,0.0,0.0,4.294,4.294,7.229831e-07,True,0.0060862490686273
864,864,1,0.0,0.0,0.0,0.0,0.0,4.318,4.318,3.098665e-07,True,0.0111070807352944
864,864,2,0.0,0.0,0.0,0.0,0.0,4.261,4.261,6.720837e-07,True,0.0111070807352944
864,864,3,0.0,0.0,0.0,0.0,0.0,4.164,4.164,1.512671e-06,True,0.0111070807352944
864,864,4,0.0,0.0,0.0,0.0,0.0,4.23,4.23,1.077553e-06,True,0.0111070807352944
864,864,5,0.6235294117647057,0.6346364925000001,0.0111070807352944,0.6235294117647057,0.388606496054508,3.501,3.614,7.01198e-05,True,0.0111070807352944
864,864,6,0.0,0.0,0.0,0.0,0.0,4.329,4.329,8.997475e-07,True,0.0111070807352944
864,864,7,0.0,0.0,0.0,0.0,0.0,3.995,3.995,8.597025e-07,True,0.0111070807352944
864,864,8,0.0,0.0,0.0,0.0,0.0,4.294,4.294,7.049549e-07,True,0.0111070807352944
865,865,1,0.0,0.0,0.0,0.0,0.0,4.318,4.318,2.337788e-07,True,0.0052332057352942
865,865,2,0.0,0.0,0.0,0.0,0.0,4.261,4.261,8.641345e-07,True,0.0052332057352942
865,865,3,0.0,0.0,0.0,0.0,0.0,4.164,4.164,9.19854e-07,True,0.0052332057352942
865,865,4,0.6235294117647057,0.6287626175,0.0052332057352942,0.6235294117647057,0.2395981616361086,3.671,3.894,7.012698e-05,True,0.0052332057352942
865,865,5,0.0,0.0,0.0,0.0,0.0,3.977,3.977,1.203182e-06,True,0.0052332057352942
865,865,6,0.0,0.0,0.0,0.0,0.0,4.329,4.329,5.61316e-07,True,0.0052332057352942
865,865,7,0.0,0.0,0.0,0.0,0.0,3.995,3.995,7.293304e-07,True,0.0052332057352942
865,865,8,0.0,0.0,0.0,0.0,0.0,4.294,4.294,8.129384e-07,True,0.0052332057352942
866,866,1,0.0,0.0,0.0,0.0,0.0,4.318,4.318,3.221569e-07,True,0.0119201954411766
866,866,2,0.0,0.0,0.0,0.0,0.0,4.261,4.261,6.728988e-07,True,0.0119201954411766
866,866,3,0.0,0.0,0.0,0.0,0.0,4.164,4.164,1.53971e-06,True,0.0119201954411766
866,866,4,0.0,0.0,0.0,0.0,0.0,4.23,4.23,1.420987e-06,True,0.0119201954411766
866,866,5,0.8274509803921568,0.8393711758333334,0.0119201954411766,0.8274509803921568,0.5213121535707997,3.409,3.55,9.422655e-05,True,0.0119201954411766
866,866,6,0.0,0.0,0.0,0.0,0.0,4.329,4.329,9.438539e-07,True,0.0119201954411766
866,866,7,0.0,0.0,0.0,0.0,0.0,3.995,3.995,8.907735e-07,True,0.0119201954411766
866,866,8,0.0,0.0,0.0,0.0,0.0,4.294,4.294,7.07611e-07,True,0.0119201954411766
867,867,1,0.0,0.0,0.0,0.0,0.0,4.318,4.318,2.334897e-07,True,0.0043601287745099
867,867,2,0.0,0.0,0.0,0.0,0.0,4.261,4.261,8.971238e-07,True,0.0043601287745099
867,867,3,0.0,0.0,0.0,0.0,0.0,4.164,4.164,1.455838e-06,True,0.0043601287745099
867,867,4,0.8274509803921568,0.8318111091666668,0.0043601287745099,0.8274509803921568,0.3299460929871444,3.556,3.838,9.36067e-05,True,0.0043601287745099
867,867,5,0.0,0.0,0.0,0.0,0.0,3.977,3.977,1.489558e-06,True,0.0043601287745099
867,867,6,0.0,0.0,0.0,0.0,0.0,4.329,4.329,5.736621e-07,True,0.0043601287745099
867,867,7,0.0,0.0,0.0,0.0,0.0,3.995,3.995,7.303771e-07,True,0.0043601287745099
867,867,8,0.0,0.0,0.0,0.0,0.0,4.294,4.294,8.305844e-07,True,0.0043601287745099
868,868,1,0.0,0.0,0.0,0.0,0.0,4.318,4.318,2.743354e-07,True,0.0119153454411764
868,868,2,0.0,0.0,0.0,0.0,0.0,4.261,4.261,6.764129e-07,True,0.0119153454411764
868,868,3,0.0,0.0,0.0,0.0,0.0,4.164,4.164,1.402512e-06,True,0.0119153454411764
868,868,4,0.0,0.0,0.0,0.0,0.0,4.23,4.23,3.513728e-07,True,0.0119153454411764
868,868,5,0.1607843137254902,0.1726996591666666,0.0119153454411764,0.1607843137254902,0.0838455200640196,3.748,3.806,1.576818e-05,True,0.0119153454411764
868,868,6,0.0,0.0,0.0,0.0,0.0,4.329,4.329,7.533041e-07,True,0.0119153454411764
868,868,7,0.0,0.0,0.0,0.0,0.0,3.995,3.995,7.793334e-07,True,0.0119153454411764
868,868,8,0.0,0.0,0.0,0.0,0.0,4.294,4.294,7.185085e-07,True,0.0119153454411764
869,869,1,0.0,0.0,0.0,0.0,0.0,4.318,4.318,2.384204e-07,True,0.0066883037745097
869,869,2,0.0,0.0,0.0,0.0,0.0,4.261,4.261,7.684883e-07,True,0.0066883037745097
869,869,3,0.0,0.0,0.0,0.0,0.0,4.164,4.164,2.863634e-07,True,0.0066883037745097
869,869,4,0.1607843137254902,0.1674726174999999,0.0066883037745097,0.1607843137254902,0.043034784002696,3.953,4.068,1.627313e-05,True,0.0066883037745097
869,869,5,0.0,0.0,0.0,0.0,0.0,3.977,3.977,4.811984e-07,True,0.0066883037745097
869,869,6,0.0,0.0,0.0,0.0,0.0,4.329,4.329,5.530837e-07,True,0.0066883037745097
869,869,7,0.0,0.0,0.0,0.0,0.0,3.995,3.995,7.283659e-07,True,0.0066883037745097
869,869,8,0.0,0.0,0.0,0.0,0.0,4.294,4.294,7.67664e-07,True,0.0066883037745097
870,870,1,0.0,0.0,0.0,0.0,0.0,4.318,4.318,2.692167e-07,True,0.0072832446568628
870,870,2,0.0,0.0,0.0,0.0,0.0,4.261,4.261,6.758178e-07,True,0.0072832446568628
870,870,3,0.0,0.0,0.0,0.0,0.0,4.164,4.164,1.39815e-06,True,0.0072832446568628
870,870,4,0.0,0.0,0.0,0.0,0.0,4.23,4.23,3.292545e-07,True,0.0072832446568628
870,870,5,0.1490196078431372,0.1563028525,0.0072832446568628,0.1490196078431372,0.0757535129884128,3.756,3.816,1.384607e-05,True,0.0072832446568628
870,870,6,0.0,0.0,0.0,0.0,0.0,4.329,4.329,7.428857e-07,True,0.0072832446568628
870,870,7,0.0,0.0,0.0,0.0,0.0,3.995,3.995,7.765818e-07,True,0.0072832446568628
870,870,8,0.0,0.0,0.0,0.0,0.0,4.294,4.294,7.183658e-07,True,0.0072832446568628
871,871,1,0.0,0.0,0.0,0.0,0.0,4.318,4.318,2.354871e-07,True,0.0083463813235294
871,871,2,0.0,0.0,0.0,0.0,0.0,4.261,4.261,7.650194e-07,True,0.0083463813235294
871,871,3,0.0,0.0,0.0,0.0,0.0,4.164,4.164,2.96843e-07,True,0.0083463813235294
871,871,4,0.1490196078431372,0.1573659891666667,0.0083463813235294,0.1490196078431372,0.0380901992310047,3.962,4.074,1.507158e-05,True,0.0083463813235294
871,871,5,0.0,0.0,0.0,0.0,0.0,3.977,3.977,4.634801e-07,True,0.0083463813235294
871,871,6,0.0,0.0,0.0,0.0,0.0,4.329,4.329,5.534879e-07,True,0.0083463813235294
871,871,7,0.0,0.0,0.0,0.0,0.0,3.995,3.995,7.301691e-07,True,0.0083463813235294
871,871,8,0.0,0.0,0.0,0.0,0.0,4.294,4.294,7.678521e-07,True,0.0083463813235294
872,872,1,0.0,0.0,0.0,0.0,0.0,4.318,4.318,3.178143e-07,True,0.0123615632352943
872,872,2,0.0,0.0,0.0,0.0,0.0,4.261,4.261,6.479116e-07,True,0.0123615632352943
872,872,3,0.6235294117647057,0.635890975,0.0123615632352943,0.6235294117647057,0.2090449084413235,3.612,3.822,6.623359e-05,True,0.0123615632352943
872,872,4,0.0,0.0,0.0,0.0,0.0,4.23,4.23,6.669177e-06,True,0.0123615632352943
872,872,5,0.0,0.0,0.0,0.0,0.0,3.977,3.977,3.383933e-07,True,0.0123615632352943
872,872,6,0.0,0.0,0.0,0.0,0.0,4.329,4.329,5.61398e-07,True,0.0123615632352943
872,872,7,0.0,0.0,0.0,0.0,0.0,3.995,3.995,8.11989e-07,True,0.0123615632352943
872,872,8,0.0,0.0,0.0,0.0,0.0,4.294,4.294,7.266438e-07,True,0.0123615632352943
873,873,1,0.0,0.0,0.0,0.0,0.0,4.318,4.318,4.098727e-06,True,0.0117337365686276
873,873,2,0.6235294117647057,0.6352631483333333,0.0117337365686276,0.6235294117647057,0.1730763387431521,3.731,3.93,6.773673e-05,True,0.0117337365686276
873,873,3,0.0,0.0,0.0,0.0,0.0,4.164,4.164,1.969543e-06,True,0.0117337365686276
873,873,4,0.0,0.0,0.0,0.0,0.0,4.23,4.23,1.417702e-07,True,0.0117337365686276
873,873,5,0.0,0.0,0.0,0.0,0.0,3.977,3.977,1.217457e-07,True,0.0117337365686276
873,873,6,0.0,0.0,0.0,0.0,0.0,4.329,4.329,6.276265e-07,True,0.0117337365686276
873,873,7,0.0,0.0,0.0,0.0,0.0,3.995,3.995,7.207132e-07,True,0.0117337365686276
873,873,8,0.0,0.0,0.0,0.0,0.0,4.294,4.294,8.147222e-07,True,0.0117337365686276
874,874,1,0.0,0.0,0.0,0.0,0.0,4.318,4.318,3.259339e-07,True,0.0159031646078432
874,874,2,0.0,0.0,0.0,0.0,0.0,4.261,4.261,6.484841e-07,True,0.0159031646078432
874,874,3,0.8274509803921568,0.843354145,0.0159031646078432,0.8274509803921568,0.3063087370793321,3.519,3.767,8.941545e-05,True,0.0159031646078432
874,874,4,0.0,0.0,0.0,0.0,0.0,4.23,4.23,8.302714e-06,True,0.0159031646078432
874,874,5,0.0,0.0,0.0,0.0,0.0,3.977,3.977,3.990362e-07,True,0.0159031646078432
874,874,6,0.0,0.0,0.0,0.0,0.0,4.329,4.329,5.582265e-07,True,0.0159031646078432
874,874,7,0.0,0.0,0.0,0.0,0.0,3.995,3.995,8.266461e-07,True,0.0159031646078432
874,874,8,0.0,0.0,0.0,0.0,0.0,4.294,4.294,7.260066e-07,True,0.0159031646078432
875,875,1,0.0,0.0,0.0,0.0,0.0,4.318,4.318,5.379029e-06,True,0.0191709904411765
875,875,2,0.8274509803921568,0.8466219708333333,0.0191709904411765,0.8274509803921568,0.2832998981352115,3.651,3.874,9.163567e-05,True,0.0191709904411765
875,875,3,0.0,0.0,0.0,0.0,0.0,4.164,4.164,2.126916e-06,True,0.0191709904411765
875,875,4,0.0,0.0,0.0,0.0,0.0,4.23,4.23,1.410078e-07,True,0.0191709904411765
875,875,5,0.0,0.0,0.0,0.0,0.0,3.977,3.977,1.204171e-07,True,0.0191709904411765
875,875,6,0.0,0.0,0.0,0.0,0.0,4.329,4.329,6.411144e-07,True,0.0191709904411765
875,875,7,0.0,0.0,0.0,0.0,0.0,3.995,3.995,7.195786e-07,True,0.0191709904411765
875,875,8,0.0,0.0,0.0,0.0,0.0,4.294,4.294,8.309036e-07,True,0.0191709904411765
876,876,1,0.0,0.0,0.0,0.0,0.0,4.318,4.318,3.278991e-07,True,0.0120270438725491
876,876,2,0.0,0.0,0.0,0.0,0.0,4.261,4.261,6.792206e-07,True,0.0120270438725491
876,876,3,0.0,0.0,0.0,0.0,0.0,4.164,4.164,1.562041e-06,True,0.0120270438725491
876,876,4,0.0,0.0,0.0,0.0,0.0,4.23,4.23,1.492383e-06,True,0.0120270438725491
876,876,5,0.8705882352941176,0.8826152791666667,0.0120270438725491,0.8705882352941176,0.5456528295364057,3.389,3.538,9.926999e-05,True,0.0120270438725491
876,876,6,0.0,0.0,0.0,0.0,0.0,4.329,4.329,9.614848e-07,True,0.0120270438725491
876,876,7,0.0,0.0,0.0,0.0,0.0,3.995,3.995,9.000204e-07,True,0.0120270438725491
876,876,8,0.0,0.0,0.0,0.0,0.0,4.294,4.294,7.207946e-07,True,0.0120270438725491
877,877,1,0.0,0.0,0.0,0.0,0.0,4.318,4.318,2.344634e-07,True,0.0037992697058826
877,877,2,0.0,0.0,0.0,0.0,0.0,4.261,4.261,9.114736e-07,True,0.0037992697058826
877,877,3,0.0,0.0,0.0,0.0,0.0,4.164,4.164,1.572305e-06,True,0.0037992697058826
877,877,4,0.8705882352941176,0.8743875050000002,0.0037992697058826,0.8705882352941176,0.3488568725796813,3.531,3.827,9.848562e-05,True,0.0037992697058826
877,877,5,0.0,0.0,0.0,0.0,0.0,3.977,3.977,1.562975e-06,True,0.0037992697058826
877,877,6,0.0,0.0,0.0,0.0,0.0,4.329,4.329,5.829401e-07,True,0.0037992697058826
877,877,7,0.0,0.0,0.0,0.0,0.0,3.995,3.995,7.330495e-07,True,0.0037992697058826
877,877,8,0.0,0.0,0.0,0.0,0.0,4.294,4.294,8.43674e-07,True,0.0037992697058826
878,878,1,0.0,0.0,0.0,0.0,0.0,4.318,4.318,3.212944e-07,True,0.0122730881862745
878,878,2,0.0,0.0,0.0,0.0,0.0,4.261,4.261,6.858093e-07,True,0.0122730881862745
878,878,3,0.0,0.0,0.0,0.0,0.0,4.164,4.164,1.550637e-06,True,0.0122730881862745
878,878,4,0.0,0.0,0.0,0.0,0.0,4.23,4.23,1.448906e-06,True,0.0122730881862745
878,878,5,0.8352941176470589,0.8475672058333334,0.0122730881862745,0.8352941176470589,0.5246164223533982,3.405,3.548,9.511603e-05,True,0.0122730881862745
878,878,6,0.0,0.0,0.0,0.0,0.0,4.329,4.329,9.699526e-07,True,0.0122730881862745
878,878,7,0.0,0.0,0.0,0.0,0.0,3.995,3.995,8.983109e-07,True,0.0122730881862745
878,878,8,0.0,0.0,0.0,0.0,0.0,4.294,4.294,7.171245e-07,True,0.0122730881862745
879,879,1,0.0,0.0,0.0,0.0,0.0,4.318,4.318,2.358757e-07,True,0.0029735956862744
879,879,2,0.0,0.0,0.0,0.0,0.0,4.261,4.261,9.084641e-07,True,0.0029735956862744
879,879,3,0.0,0.0,0.0,0.0,0.0,4.164,4.164,1.458976e-06,True,0.0029735956862744
879,879,4,0.8352941176470589,0.8382677133333333,0.0029735956862744,0.8352941176470589,0.3327597992234864,3.552,3.837,9.432626e-05,True,0.0029735956862744
879,879,5,0.0,0.0,0.0,0.0,0.0,3.977,3.977,1.502107e-06,True,0.0029735956862744
879,879,6,0.0,0.0,0.0,0.0,0.0,4.329,4.329,5.826517e-07,True,0.0029735956862744
879,879,7,0.0,0.0,0.0,0.0,0.0,3.995,3.995,7.36592e-07,True,0.0029735956862744
879,879,8,0.0,0.0,0.0,0.0,0.0,4.294,4.294,8.411991e-07,True,0.0029735956862744
880,880,1,0.0,0.0,0.0,0.0,0.0,4.318,4.318,2.430004e-07,True,0.0061780409803921
880,880,2,0.0,0.0,0.0,0.0,0.0,4.261,4.261,6.845615e-07,True,0.0061780409803921
880,880,3,0.0,0.0,0.0,0.0,0.0,4.164,4.164,1.303515e-06,True,0.0061780409803921
880,880,4,0.0,0.0,0.0,0.0,0.0,4.23,4.23,1.308703e-07,True,0.0061780409803921
880,880,5,0.0313725490196078,0.0375505899999999,0.0061780409803921,0.0313725490196078,0.0001467276849263,3.871,3.976,1.082074e-07,True,0.0061780409803921
880,880,6,0.0,0.0,0.0,0.0,0.0,4.329,4.329,5.690259e-07,True,0.0061780409803921
880,880,7,0.0,0.0,0.0,0.0,0.0,3.995,3.995,7.324408e-07,True,0.0061780409803921
880,880,8,0.0,0.0,0.0,0.0,0.0,4.294,4.294,7.344495e-07,True,0.0061780409803921
881,881,1,0.0,0.0,0.0,0.0,0.0,4.318,4.318,2.433792e-07,True,0.0063590493137255
881,881,2,0.0,0.0,0.0,0.0,0.0,4.261,4.261,6.8476e-07,True,0.0063590493137255
881,881,3,0.0,0.0,0.0,0.0,0.0,4.164,4.164,1.301867e-06,True,0.0063590493137255
881,881,4,0.0313725490196078,0.0377315983333333,0.0063590493137255,0.0313725490196078,0.0,4.082,4.23,1.293585e-07,True,0.0063590493137255
881,881,5,0.0,0.0,0.0,0.0,0.0,3.977,3.977,1.287952e-07,True,0.0063590493137255
881,881,6,0.0,0.0,0.0,0.0,0.0,4.329,4.329,5.707137e-07,True,0.0063590493137255
881,881,7,0.0,0.0,0.0,0.0,0.0,3.995,3.995,7.309209e-07,True,0.0063590493137255
881,881,8,0.0,0.0,0.0,0.0,0.0,4.294,4.294,7.379973e-07,True,0.0063590493137255
882,882,1,0.0,0.0,0.0,0.0,0.0,4.318,4.318,2.866075e-07,True,0.0119773212254902
882,882,2,0.0,0.0,0.0,0.0,0.0,4.261,4.261,6.638837e-07,True,0.0119773212254902
882,882,3,0.1607843137254902,0.1488069924999999,-0.0119773212254902,0.1607843137254902,0.056218738910337,3.854,3.999,1.242946e-05,True,0.0119773212254902
882,882,4,0.0,0.0,0.0,0.0,0.0,4.23,4.23,2.218253e-06,True,0.0119773212254902
882,882,5,0.0,0.0,0.0,0.0,0.0,3.977,3.977,1.889345e-07,True,0.0119773212254902
882,882,6,0.0,0.0,0.0,0.0,0.0,4.329,4.329,5.670334e-07,True,0.0119773212254902
882,882,7,0.0,0.0,0.0,0.0,0.0,3.995,3.995,7.721769e-07,True,0.0119773212254902
882,882,8,0.0,0.0,0.0,0.0,0.0,4.294,4.294,7.304901e-07,True,0.0119773212254902
883,883,1,0.0,0.0,0.0,0.0,0.0,4.318,4.318,1.100194e-06,True,0.0030535795588235
883,883,2,0.1607843137254902,0.1577307341666666,-0.0030535795588235,0.1607843137254902,0.0314493136392274,3.937,4.101,1.392432e-05,True,0.0030535795588235
883,883,3,0.0,0.0,0.0,0.0,0.0,4.164,4.164,1.538292e-06,True,0.0030535795588235
883,883,4,0.0,0.0,0.0,0.0,0.0,4.23,4.23,1.398401e-07,True,0.0030535795588235
883,883,5,0.0,0.0,0.0,0.0,0.0,3.977,3.977,1.254726e-07,True,0.0030535795588235
883,883,6,0.0,0.0,0.0,0.0,0.0,4.329,4.329,5.984093e-07,True,0.0030535795588235
883,883,7,0.0,0.0,0.0,0.0,0.0,3.995,3.995,7.270414e-07,True,0.0030535795588235
883,883,8,0.0,0.0,0.0,0.0,0.0,4.294,4.294,7.741187e-07,True,0.0030535795588235
884,884,1,0.0,0.0,0.0,0.0,0.0,4.318,4.318,3.296127e-07,True,0.0151462514215687
884,884,2,0.0,0.0,0.0,0.0,0.0,4.261,4.261,6.86561e-07,True,0.0151462514215687
884,884,3,0.0,0.0,0.0,0.0,0.0,4.164,4.164,1.569485e-06,True,0.0151462514215687
884,884,4,0.0,0.0,0.0,0.0,0.0,4.23,4.23,1.595654e-06,True,0.0151462514215687
884,884,5,0.9254901960784314,0.9406364475000002,0.0151462514215687,0.9254901960784314,0.5821611227807698,3.363,3.521,0.0001060948,True,0.0151462514215687
884,884,6,0.0,0.0,0.0,0.0,0.0,4.329,4.329,9.699928e-07,True,0.0151462514215687
884,884,7,0.0,0.0,0.0,0.0,0.0,3.995,3.995,9.133549e-07,True,0.0151462514215687
884,884,8,0.0,0.0,0.0,0.0,0.0,4.294,4.294,7.169133e-07,True,0.0151462514215687
885,885,1,0.0,0.0,0.0,0.0,0.0,4.318,4.318,2.343912e-07,True,0.0031204930882352
885,885,2,0.0,0.0,0.0,0.0,0.0,4.261,4.261,9.257536e-07,True,0.0031204930882352
885,885,3,0.0,0.0,0.0,0.0,0.0,4.164,4.164,1.734956e-06,True,0.0031204930882352
885,885,4,0.9254901960784314,0.9286106891666668,0.0031204930882352,0.9254901960784314,0.3710020819967832,3.499,3.813,0.0001047184,True,0.0031204930882352
885,885,5,0.0,0.0,0.0,0.0,0.0,3.977,3.977,1.646257e-06,True,0.0031204930882352
885,885,6,0.0,0.0,0.0,0.0,0.0,4.329,4.329,5.877076e-07,True,0.0031204930882352
885,885,7,0.0,0.0,0.0,0.0,0.0,3.995,3.995,7.374686e-07,True,0.0031204930882352
885,885,8,0.0,0.0,0.0,0.0,0.0,4.294,4.294,8.483487e-07,True,0.0031204930882352
886,886,1,0.0,0.0,0.0,0.0,0.0,4.318,4.318,2.869126e-07,True,0.0019692553431372
886,886,2,0.0,0.0,0.0,0.0,0.0,4.261,4.261,6.639268e-07,True,0.0019692553431372
886,886,3,0.1490196078431372,0.1470503524999999,-0.0019692553431372,0.1490196078431372,0.0557968852560573,3.861,4.0,1.223205e-05,True,0.0019692553431372
886,886,4,0.0,0.0,0.0,0.0,0.0,4.23,4.23,2.202285e-06,True,0.0019692553431372
886,886,5,0.0,0.0,0.0,0.0,0.0,3.977,3.977,1.890526e-07,True,0.0019692553431372
886,886,6,0.0,0.0,0.0,0.0,0.0,4.329,4.329,5.671648e-07,True,0.0019692553431372
886,886,7,0.0,0.0,0.0,0.0,0.0,3.995,3.995,7.728272e-07,True,0.0019692553431372
886,886,8,0.0,0.0,0.0,0.0,0.0,4.294,4.294,7.318233e-07,True,0.0019692553431372
887,887,1,0.0,0.0,0.0,0.0,0.0,4.318,4.318,1.030047e-06,True,0.0015204236764705
887,887,2,0.1490196078431372,0.1474991841666666,-0.0015204236764705,0.1490196078431372,0.0303426387660775,3.944,4.107,1.276422e-05,True,0.0015204236764705
887,887,3,0.0,0.0,0.0,0.0,0.0,4.164,4.164,1.5365e-06,True,0.0015204236764705
887,887,4,0.0,0.0,0.0,0.0,0.0,4.23,4.23,1.406032e-07,True,0.0015204236764705
887,887,5,0.0,0.0,0.0,0.0,0.0,3.977,3.977,1.251156e-07,True,0.0015204236764705
887,887,6,0.0,0.0,0.0,0.0,0.0,4.329,4.329,5.982514e-07,True,0.0015204236764705
887,887,7,0.0,0.0,0.0,0.0,0.0,3.995,3.995,7.299151e-07,True,0.0015204236764705
887,887,8,0.0,0.0,0.0,0.0,0.0,4.294,4.294,7.752498e-07,True,0.0015204236764705
888,888,1,0.0,0.0,0.0,0.0,0.0,4.318,4.318,3.320153e-07,True,0.0143320663725492
888,888,2,0.0,0.0,0.0,0.0,0.0,4.261,4.261,6.601408e-07,True,0.0143320663725492
888,888,3,0.8705882352941176,0.8849203016666668,0.0143320663725492,0.8705882352941176,0.3256712218280146,3.5,3.757,9.401154e-05,True,0.0143320663725492
888,888,4,0.0,0.0,0.0,0.0,0.0,4.23,4.23,8.649425e-06,True,0.0143320663725492
888,888,5,0.0,0.0,0.0,0.0,0.0,3.977,3.977,4.144707e-07,True,0.0143320663725492
888,888,6,0.0,0.0,0.0,0.0,0.0,4.329,4.329,5.6276e-07,True,0.0143320663725492
888,888,7,0.0,0.0,0.0,0.0,0.0,3.995,3.995,8.349983e-07,True,0.0143320663725492
888,888,8,0.0,0.0,0.0,0.0,0.0,4.294,4.294,7.250861e-07,True,0.0143320663725492
889,889,1,0.0,0.0,0.0,0.0,0.0,4.318,4.318,5.640506e-06,True,0.0171804405392158
889,889,2,0.8705882352941176,0.8877686758333334,0.0171804405392158,0.8705882352941176,0.3047821093669994,3.634,3.864,9.627722e-05,True,0.0171804405392158
889,889,3,0.0,0.0,0.0,0.0,0.0,4.164,4.164,2.140234e-06,True,0.0171804405392158
889,889,4,0.0,0.0,0.0,0.0,0.0,4.23,4.23,1.43894e-07,True,0.0171804405392158
889,889,5,0.0,0.0,0.0,0.0,0.0,3.977,3.977,1.231035e-07,True,0.0171804405392158
889,889,6,0.0,0.0,0.0,0.0,0.0,4.329,4.329,6.469238e-07,True,0.0171804405392158
889,889,7,0.0,0.0,0.0,0.0,0.0,3.995,3.995,7.22254e-07,True,0.0171804405392158
889,889,8,0.0,0.0,0.0,0.0,0.0,4.294,4.294,8.381058e-07,True,0.0171804405392158
890,890,1,0.0,0.0,0.0,0.0,0.0,4.318,4.318,3.088031e-07,True,0.0104647149509804
890,890,2,0.0,0.0,0.0,0.0,0.0,4.261,4.261,6.826857e-07,True,0.0104647149509804
890,890,3,0.0,0.0,0.0,0.0,0.0,4.164,4.164,1.511537e-06,True,0.0104647149509804
890,890,4,0.0,0.0,0.0,0.0,0.0,4.23,4.23,9.72331e-07,True,0.0104647149509804
890,890,5,0.5450980392156863,0.5555627541666668,0.0104647149509804,0.5450980392156863,0.3373481152037857,3.539,3.641,6.071369e-05,True,0.0104647149509804
890,890,6,0.0,0.0,0.0,0.0,0.0,4.329,4.329,9.028852e-07,True,0.0104647149509804
890,890,7,0.0,0.0,0.0,0.0,0.0,3.995,3.995,8.538117e-07,True,0.0104647149509804
890,890,8,0.0,0.0,0.0,0.0,0.0,4.294,4.294,7.217868e-07,True,0.0104647149509804
891,891,1,0.0,0.0,0.0,0.0,0.0,4.318,4.318,2.384811e-07,True,0.0011665649509802
891,891,2,0.0,0.0,0.0,0.0,0.0,4.261,4.261,8.633712e-07,True,0.0011665649509802
891,891,3,0.0,0.0,0.0,0.0,0.0,4.164,4.164,7.134723e-07,True,0.0011665649509802
891,891,4,0.5450980392156863,0.5462646041666666,0.0011665649509802,0.5450980392156863,0.2031136725714402,3.714,3.92,6.052387e-05,True,0.0011665649509802
891,891,5,0.0,0.0,0.0,0.0,0.0,3.977,3.977,1.08956e-06,True,0.0011665649509802
891,891,6,0.0,0.0,0.0,0.0,0.0,4.329,4.329,5.693657e-07,True,0.0011665649509802
891,891,7,0.0,0.0,0.0,0.0,0.0,3.995,3.995,7.35131e-07,True,0.0011665649509802
891,891,8,0.0,0.0,0.0,0.0,0.0,4.294,4.294,8.185012e-07,True,0.0011665649509802
892,892,1,0.0,0.0,0.0,0.0,0.0,4.318,4.318,3.183551e-07,True,0.0076807962254901
892,892,2,0.0,0.0,0.0,0.0,0.0,4.261,4.261,6.830119e-07,True,0.0076807962254901
892,892,3,0.0,0.0,0.0,0.0,0.0,4.164,4.164,1.536305e-06,True,0.0076807962254901
892,892,4,0.0,0.0,0.0,0.0,0.0,4.23,4.23,1.111331e-06,True,0.0076807962254901
892,892,5,0.6392156862745098,0.6468964824999999,0.0076807962254901,0.6392156862745098,0.3975834252622729,3.494,3.61,7.146375e-05,True,0.0076807962254901
892,892,6,0.0,0.0,0.0,0.0,0.0,4.329,4.329,9.211949e-07,True,0.0076807962254901
892,892,7,0.0,0.0,0.0,0.0,0.0,3.995,3.995,8.701589e-07,True,0.0076807962254901
892,892,8,0.0,0.0,0.0,0.0,0.0,4.294,4.294,7.234711e-07,True,0.0076807962254901
893,893,1,0.0,0.0,0.0,0.0,0.0,4.318,4.318,2.378659e-07,True,0.0048542370588237
893,893,2,0.0,0.0,0.0,0.0,0.0,4.261,4.261,8.83194e-07,True,0.0048542370588237
893,893,3,0.0,0.0,0.0,0.0,0.0,4.164,4.164,9.375149e-07,True,0.0048542370588237
893,893,4,0.6392156862745098,0.6440699233333335,0.0048542370588237,0.6392156862745098,0.2442099610137929,3.662,3.891,7.185251e-05,True,0.0048542370588237
893,893,5,0.0,0.0,0.0,0.0,0.0,3.977,3.977,1.233231e-06,True,0.0048542370588237
893,893,6,0.0,0.0,0.0,0.0,0.0,4.329,4.329,5.760726e-07,True,0.0048542370588237
893,893,7,0.0,0.0,0.0,0.0,0.0,3.995,3.995,7.370942e-07,True,0.0048542370588237
893,893,8,0.0,0.0,0.0,0.0,0.0,4.294,4.294,8.309082e-07,True,0.0048542370588237
894,894,1,0.0,0.0,0.0,0.0,0.0,4.318,4.318,3.301215e-07,True,0.0136629365196079
894,894,2,0.0,0.0,0.0,0.0,0.0,4.261,4.261,6.625336e-07,True,0.0136629365196079
894,894,3,0.8352941176470589,0.8489570541666668,0.0136629365196079,0.8352941176470589,0.3084857226689034,3.516,3.766,8.998813e-05,True,0.0136629365196079
894,894,4,0.0,0.0,0.0,0.0,0.0,4.23,4.23,8.364153e-06,True,0.0136629365196079
894,894,5,0.0,0.0,0.0,0.0,0.0,3.977,3.977,4.038744e-07,True,0.0136629365196079
894,894,6,0.0,0.0,0.0,0.0,0.0,4.329,4.329,5.629541e-07,True,0.0136629365196079
894,894,7,0.0,0.0,0.0,0.0,0.0,3.995,3.995,8.33405e-07,True,0.0136629365196079
894,894,8,0.0,0.0,0.0,0.0,0.0,4.294,4.294,7.296749e-07,True,0.0136629365196079
895,895,1,0.0,0.0,0.0,0.0,0.0,4.318,4.318,5.367888e-06,True,0.0126746006862744
895,895,2,0.8352941176470589,0.8479687183333333,0.0126746006862744,0.8352941176470589,0.283403099600315,3.648,3.874,9.180178e-05,True,0.0126746006862744
895,895,3,0.0,0.0,0.0,0.0,0.0,4.164,4.164,2.126283e-06,True,0.0126746006862744
895,895,4,0.0,0.0,0.0,0.0,0.0,4.23,4.23,1.408038e-07,True,0.0126746006862744
895,895,5,0.0,0.0,0.0,0.0,0.0,3.977,3.977,1.204991e-07,True,0.0126746006862744
895,895,6,0.0,0.0,0.0,0.0,0.0,4.329,4.329,6.450746e-07,True,0.0126746006862744
895,895,7,0.0,0.0,0.0,0.0,0.0,3.995,3.995,7.237039e-07,True,0.0126746006862744
895,895,8,0.0,0.0,0.0,0.0,0.0,4.294,4.294,8.302138e-07,True,0.0126746006862744
896,896,1,0.0,0.0,0.0,0.0,0.0,4.318,4.318,2.636806e-07,True,0.0077397518137255
896,896,2,0.0,0.0,0.0,0.0,0.0,4.261,4.261,6.753916e-07,True,0.0077397518137255
896,896,3,0.0313725490196078,0.0391123008333333,0.0077397518137255,0.0313725490196078,0.0234825753848038,4.072,4.095,8.415975e-07,True,0.0077397518137255
896,896,4,0.0,0.0,0.0,0.0,0.0,4.23,4.23,7.080075e-07,True,0.0077397518137255
896,896,5,0.0,0.0,0.0,0.0,0.0,3.977,3.977,1.446151e-07,True,0.0077397518137255
896,896,6,0.0,0.0,0.0,0.0,0.0,4.329,4.329,5.716456e-07,True,0.0077397518137255
896,896,7,0.0,0.0,0.0,0.0,0.0,3.995,3.995,7.500905e-07,True,0.0077397518137255
896,896,8,0.0,0.0,0.0,0.0,0.0,4.294,4.294,7.384477e-07,True,0.0077397518137255
897,897,1,0.0,0.0,0.0,0.0,0.0,4.318,4.318,2.461016e-07,True,0.0065385943137255
897,897,2,0.0313725490196078,0.0379111433333333,0.0065385943137255,0.0313725490196078,0.0,4.101,4.261,6.860229e-07,True,0.0065385943137255
897,897,3,0.0,0.0,0.0,0.0,0.0,4.164,4.164,1.304426e-06,True,0.0065385943137255
897,897,4,0.0,0.0,0.0,0.0,0.0,4.23,4.23,1.302238e-07,True,0.0065385943137255
897,897,5,0.0,0.0,0.0,0.0,0.0,3.977,3.977,1.294933e-07,True,0.0065385943137255
897,897,6,0.0,0.0,0.0,0.0,0.0,4.329,4.329,5.74702e-07,True,0.0065385943137255
897,897,7,0.0,0.0,0.0,0.0,0.0,3.995,3.995,7.340486e-07,True,0.0065385943137255
897,897,8,0.0,0.0,0.0,0.0,0.0,4.294,4.294,7.44319e-07,True,0.0065385943137255
898,898,1,0.0,0.0,0.0,0.0,0.0,4.318,4.318,3.337054e-07,True,0.015016897254902
898,898,2,0.0,0.0,0.0,0.0,0.0,4.261,4.261,6.62863e-07,True,0.015016897254902
898,898,3,0.9254901960784314,0.9405070933333336,0.015016897254902,0.9254901960784314,0.3513834556552206,3.474,3.743,0.0001002319,True,0.015016897254902
898,898,4,0.0,0.0,0.0,0.0,0.0,4.23,4.23,9.075593e-06,True,0.015016897254902
898,898,5,0.0,0.0,0.0,0.0,0.0,3.977,3.977,4.292503e-07,True,0.015016897254902
898,898,6,0.0,0.0,0.0,0.0,0.0,4.329,4.329,5.608429e-07,True,0.015016897254902
898,898,7,0.0,0.0,0.0,0.0,0.0,3.995,3.995,8.40538e-07,True,0.015016897254902
898,898,8,0.0,0.0,0.0,0.0,0.0,4.294,4.294,7.261586e-07,True,0.015016897254902
899,899,1,0.0,0.0,0.0,0.0,0.0,4.318,4.318,5.927976e-06,True,0.0151766689215686
899,899,2,0.9254901960784314,0.940666865,0.0151766689215686,0.9254901960784314,0.33428649220186,3.612,3.851,0.0001022916,True,0.0151766689215686
899,899,3,0.0,0.0,0.0,0.0,0.0,4.164,4.164,2.184782e-06,True,0.0151766689215686
899,899,4,0.0,0.0,0.0,0.0,0.0,4.23,4.23,1.411997e-07,True,0.0151766689215686
899,899,5,0.0,0.0,0.0,0.0,0.0,3.977,3.977,1.211316e-07,True,0.0151766689215686
899,899,6,0.0,0.0,0.0,0.0,0.0,4.329,4.329,6.506289e-07,True,0.0151766689215686
899,899,7,0.0,0.0,0.0,0.0,0.0,3.995,3.995,7.23708e-07,True,0.0151766689215686
899,899,8,0.0,0.0,0.0,0.0,0.0,4.294,4.294,8.389976e-07,True,0.0151766689215686
900,900,1,0.0,0.0,0.0,0.0,0.0,4.318,4.318,3.281944e-07,True,0.0109300120098041
900,900,2,0.0,0.0,0.0,0.0,0.0,4.261,4.261,6.840829e-07,True,0.0109300120098041
900,900,3,0.0,0.0,0.0,0.0,0.0,4.164,4.164,1.559915e-06,True,0.0109300120098041
900,900,4,0.0,0.0,0.0,0.0,0.0,4.23,4.23,1.345856e-06,True,0.0109300120098041
900,900,5,0.784313725490196,0.7952437375000001,0.0109300120098041,0.784313725490196,0.4919999962228291,3.428,3.564,8.894865e-05,True,0.0109300120098041
900,900,6,0.0,0.0,0.0,0.0,0.0,4.329,4.329,9.442999e-07,True,0.0109300120098041
900,900,7,0.0,0.0,0.0,0.0,0.0,3.995,3.995,8.939153e-07,True,0.0109300120098041
900,900,8,0.0,0.0,0.0,0.0,0.0,4.294,4.294,7.24335e-07,True,0.0109300120098041
901,901,1,0.0,0.0,0.0,0.0,0.0,4.318,4.318,2.378372e-07,True,0.0087985661764707
901,901,2,0.0,0.0,0.0,0.0,0.0,4.261,4.261,9.076658e-07,True,0.0087985661764707
901,901,3,0.0,0.0,0.0,0.0,0.0,4.164,4.164,1.325682e-06,True,0.0087985661764707
901,901,4,0.784313725490196,0.7931122916666667,0.0087985661764707,0.784313725490196,0.3116293975700242,3.581,3.849,8.90827e-05,True,0.0087985661764707
901,901,5,0.0,0.0,0.0,0.0,0.0,3.977,3.977,1.455637e-06,True,0.0087985661764707
901,901,6,0.0,0.0,0.0,0.0,0.0,4.329,4.329,5.842305e-07,True,0.0087985661764707
901,901,7,0.0,0.0,0.0,0.0,0.0,3.995,3.995,7.365758e-07,True,0.0087985661764707
901,901,8,0.0,0.0,0.0,0.0,0.0,4.294,4.294,8.431467e-07,True,0.0087985661764707
902,902,1,0.0,0.0,0.0,0.0,0.0,4.318,4.318,2.842903e-07,True,0.0139246258333334
902,902,2,0.0,0.0,0.0,0.0,0.0,4.261,4.261,6.851226e-07,True,0.0139246258333334
902,902,3,0.0,0.0,0.0,0.0,0.0,4.164,4.164,1.440235e-06,True,0.0139246258333334
902,902,4,0.0,0.0,0.0,0.0,0.0,4.23,4.23,4.177321e-07,True,0.0139246258333334
902,902,5,0.1999999999999999,0.2139246258333333,0.0139246258333334,0.1999999999999999,0.1123282354284373,3.719,3.783,2.052858e-05,True,0.0139246258333334
902,902,6,0.0,0.0,0.0,0.0,0.0,4.329,4.329,7.839736e-07,True,0.0139246258333334
902,902,7,0.0,0.0,0.0,0.0,0.0,3.995,3.995,7.98172e-07,True,0.0139246258333334
902,902,8,0.0,0.0,0.0,0.0,0.0,4.294,4.294,7.328495e-07,True,0.0139246258333334
903,903,1,0.0,0.0,0.0,0.0,0.0,4.318,4.318,2.411633e-07,True,0.0019438958333334
903,903,2,0.0,0.0,0.0,0.0,0.0,4.261,4.261,7.889937e-07,True,0.0019438958333334
903,903,3,0.0,0.0,0.0,0.0,0.0,4.164,4.164,2.709172e-07,True,0.0019438958333334
903,903,4,0.1999999999999999,0.2019438958333333,0.0019438958333334,0.1999999999999999,0.0577922531270831,3.922,4.05,2.030009e-05,True,0.0019438958333334
903,903,5,0.0,0.0,0.0,0.0,0.0,3.977,3.977,5.476591e-07,True,0.0019438958333334
903,903,6,0.0,0.0,0.0,0.0,0.0,4.329,4.329,5.620395e-07,True,0.0019438958333334
903,903,7,0.0,0.0,0.0,0.0,0.0,3.995,3.995,7.364162e-07,True,0.0019438958333334
903,903,8,0.0,0.0,0.0,0.0,0.0,4.294,4.294,7.859885e-07,True,0.0019438958333334
904,904,1,0.0,0.0,0.0,0.0,0.0,4.318,4.318,3.109919e-07,True,0.0098299570588235
904,904,2,0.0,0.0,0.0,0.0,0.0,4.261,4.261,6.856847e-07,True,0.0098299570588235
904,904,3,0.0,0.0,0.0,0.0,0.0,4.164,4.164,1.523272e-06,True,0.0098299570588235
904,904,4,0.0,0.0,0.0,0.0,0.0,4.23,4.23,1.018336e-06,True,0.0098299570588235
904,904,5,0.5725490196078431,0.5823789766666666,0.0098299570588235,0.5725490196078431,0.3544356112404813,3.525,3.632,6.384382e-05,True,0.0098299570588235
904,904,6,0.0,0.0,0.0,0.0,0.0,4.329,4.329,9.166232e-07,True,0.0098299570588235
904,904,7,0.0,0.0,0.0,0.0,0.0,3.995,3.995,8.611524e-07,True,0.0098299570588235
904,904,8,0.0,0.0,0.0,0.0,0.0,4.294,4.294,7.25597e-07,True,0.0098299570588235
905,905,1,0.0,0.0,0.0,0.0,0.0,4.318,4.318,2.376102e-07,True,0.0003243904411764
905,905,2,0.0,0.0,0.0,0.0,0.0,4.261,4.261,8.7196e-07,True,0.0003243904411764
905,905,3,0.0,0.0,0.0,0.0,0.0,4.164,4.164,7.663397e-07,True,0.0003243904411764
905,905,4,0.5725490196078431,0.5722246291666666,-0.0003243904411764,0.5725490196078431,0.2138013961680636,3.699,3.912,6.352211e-05,True,0.0003243904411764
905,905,5,0.0,0.0,0.0,0.0,0.0,3.977,3.977,1.134806e-06,True,0.0003243904411764
905,905,6,0.0,0.0,0.0,0.0,0.0,4.329,4.329,5.728957e-07,True,0.0003243904411764
905,905,7,0.0,0.0,0.0,0.0,0.0,3.995,3.995,7.357136e-07,True,0.0003243904411764
905,905,8,0.0,0.0,0.0,0.0,0.0,4.294,4.294,8.255203e-07,True,0.0003243904411764
906,906,1,0.0,0.0,0.0,0.0,0.0,4.318,4.318,3.197312e-07,True,0.0081627107843136
906,906,2,0.0,0.0,0.0,0.0,0.0,4.261,4.261,6.664929e-07,True,0.0081627107843136
906,906,3,0.5450980392156863,0.55326075,0.0081627107843136,0.5450980392156863,0.1721799276110234,3.648,3.846,5.696334e-05,True,0.0081627107843136
906,906,4,0.0,0.0,0.0,0.0,0.0,4.23,4.23,6.008399e-06,True,0.0081627107843136
906,906,5,0.0,0.0,0.0,0.0,0.0,3.977,3.977,3.210005e-07,True,0.0081627107843136
906,906,6,0.0,0.0,0.0,0.0,0.0,4.329,4.329,5.656487e-07,True,0.0081627107843136
906,906,7,0.0,0.0,0.0,0.0,0.0,3.995,3.995,8.139324e-07,True,0.0081627107843136
906,906,8,0.0,0.0,0.0,0.0,0.0,4.294,4.294,7.327453e-07,True,0.0081627107843136
907,907,1,0.0,0.0,0.0,0.0,0.0,4.318,4.318,3.652672e-06,True,0.0182365557843134
907,907,2,0.5450980392156863,0.5633345949999998,0.0182365557843134,0.5450980392156863,0.1367310505963358,3.762,3.951,5.959866e-05,True,0.0182365557843134
907,907,3,0.0,0.0,0.0,0.0,0.0,4.164,4.164,1.913608e-06,True,0.0182365557843134
907,907,4,0.0,0.0,0.0,0.0,0.0,4.23,4.23,1.44586e-07,True,0.0182365557843134
907,907,5,0.0,0.0,0.0,0.0,0.0,3.977,3.977,1.229714e-07,True,0.0182365557843134
907,907,6,0.0,0.0,0.0,0.0,0.0,4.329,4.329,6.292674e-07,True,0.0182365557843134
907,907,7,0.0,0.0,0.0,0.0,0.0,3.995,3.995,7.265901e-07,True,0.0182365557843134
907,907,8,0.0,0.0,0.0,0.0,0.0,4.294,4.294,8.117965e-07,True,0.0182365557843134
908,908,1,0.0,0.0,0.0,0.0,0.0,4.318,4.318,3.207914e-07,True,0.0061901362254902
908,908,2,0.0,0.0,0.0,0.0,0.0,4.261,4.261,6.5645e-07,True,0.0061901362254902
908,908,3,0.6392156862745098,0.6454058225,0.0061901362254902,0.6392156862745098,0.2126992938217096,3.605,3.82,6.727319e-05,True,0.0061901362254902
908,908,4,0.0,0.0,0.0,0.0,0.0,4.23,4.23,6.741501e-06,True,0.0061901362254902
908,908,5,0.0,0.0,0.0,0.0,0.0,3.977,3.977,3.445539e-07,True,0.0061901362254902
908,908,6,0.0,0.0,0.0,0.0,0.0,4.329,4.329,5.647402e-07,True,0.0061901362254902
908,908,7,0.0,0.0,0.0,0.0,0.0,3.995,3.995,8.176584e-07,True,0.0061901362254902
908,908,8,0.0,0.0,0.0,0.0,0.0,4.294,4.294,7.298138e-07,True,0.0061901362254902
909,909,1,0.0,0.0,0.0,0.0,0.0,4.318,4.318,4.107871e-06,True,0.0025762470588236
909,909,2,0.6392156862745098,0.6417919333333334,0.0025762470588236,0.6392156862745098,0.174978178168476,3.725,3.929,6.848016e-05,True,0.0025762470588236
909,909,3,0.0,0.0,0.0,0.0,0.0,4.164,4.164,1.98213e-06,True,0.0025762470588236
909,909,4,0.0,0.0,0.0,0.0,0.0,4.23,4.23,1.422277e-07,True,0.0025762470588236
909,909,5,0.0,0.0,0.0,0.0,0.0,3.977,3.977,1.227548e-07,True,0.0025762470588236
909,909,6,0.0,0.0,0.0,0.0,0.0,4.329,4.329,6.349727e-07,True,0.0025762470588236
909,909,7,0.0,0.0,0.0,0.0,0.0,3.995,3.995,7.238061e-07,True,0.0025762470588236
909,909,8,0.0,0.0,0.0,0.0,0.0,4.294,4.294,8.211097e-07,True,0.0025762470588236
910,910,1,0.0,0.0,0.0,0.0,0.0,4.318,4.318,3.287741e-07,True,0.0132251403431374
910,910,2,0.0,0.0,0.0,0.0,0.0,4.261,4.261,6.625062e-07,True,0.0132251403431374
910,910,3,0.784313725490196,0.7975388658333334,0.0132251403431374,0.784313725490196,0.2831416704488784,3.539,3.779,8.422983e-05,True,0.0132251403431374
910,910,4,0.0,0.0,0.0,0.0,0.0,4.23,4.23,7.965785e-06,True,0.0132251403431374
910,910,5,0.0,0.0,0.0,0.0,0.0,3.977,3.977,3.909579e-07,True,0.0132251403431374
910,910,6,0.0,0.0,0.0,0.0,0.0,4.329,4.329,5.645444e-07,True,0.0132251403431374
910,910,7,0.0,0.0,0.0,0.0,0.0,3.995,3.995,8.315291e-07,True,0.0132251403431374
910,910,8,0.0,0.0,0.0,0.0,0.0,4.294,4.294,7.307372e-07,True,0.0132251403431374
911,911,1,0.0,0.0,0.0,0.0,0.0,4.318,4.318,5.080632e-06,True,0.0125493170098039
911,911,2,0.784313725490196,0.7968630425,0.0125493170098039,0.784313725490196,0.2547198721668757,3.668,3.887,8.59905e-05,True,0.0125493170098039
911,911,3,0.0,0.0,0.0,0.0,0.0,4.164,4.164,2.090244e-06,True,0.0125493170098039
911,911,4,0.0,0.0,0.0,0.0,0.0,4.23,4.23,1.434595e-07,True,0.0125493170098039
911,911,5,0.0,0.0,0.0,0.0,0.0,3.977,3.977,1.221966e-07,True,0.0125493170098039
911,911,6,0.0,0.0,0.0,0.0,0.0,4.329,4.329,6.443773e-07,True,0.0125493170098039
911,911,7,0.0,0.0,0.0,0.0,0.0,3.995,3.995,7.227724e-07,True,0.0125493170098039
911,911,8,0.0,0.0,0.0,0.0,0.0,4.294,4.294,8.293833e-07,True,0.0125493170098039
912,912,1,0.0,0.0,0.0,0.0,0.0,4.318,4.318,2.935395e-07,True,0.0007461966666667
912,912,2,0.0,0.0,0.0,0.0,0.0,4.261,4.261,6.63277e-07,True,0.0007461966666667
912,912,3,0.1999999999999999,0.2007461966666666,0.0007461966666667,0.1999999999999999,0.0654192820427081,3.828,3.972,1.80687e-05,True,0.0007461966666667
912,912,4,0.0,0.0,0.0,0.0,0.0,4.23,4.23,2.775922e-06,True,0.0007461966666667
912,912,5,0.0,0.0,0.0,0.0,0.0,3.977,3.977,2.083139e-07,True,0.0007461966666667
912,912,6,0.0,0.0,0.0,0.0,0.0,4.329,4.329,5.688929e-07,True,0.0007461966666667
912,912,7,0.0,0.0,0.0,0.0,0.0,3.995,3.995,7.802519e-07,True,0.0007461966666667
912,912,8,0.0,0.0,0.0,0.0,0.0,4.294,4.294,7.306464e-07,True,0.0007461966666667
913,913,1,0.0,0.0,0.0,0.0,0.0,4.318,4.318,1.302373e-06,True,0.0109211441666665
913,913,2,0.1999999999999999,0.1890788558333333,-0.0109211441666665,0.1999999999999999,0.0346342822355207,3.914,4.085,1.743921e-05,True,0.0109211441666665
913,913,3,0.0,0.0,0.0,0.0,0.0,4.164,4.164,1.574532e-06,True,0.0109211441666665
913,913,4,0.0,0.0,0.0,0.0,0.0,4.23,4.23,1.408665e-07,True,0.0109211441666665
913,913,5,0.0,0.0,0.0,0.0,0.0,3.977,3.977,1.257906e-07,True,0.0109211441666665
913,913,6,0.0,0.0,0.0,0.0,0.0,4.329,4.329,6.030285e-07,True,0.0109211441666665
913,913,7,0.0,0.0,0.0,0.0,0.0,3.995,3.995,7.265571e-07,True,0.0109211441666665
913,913,8,0.0,0.0,0.0,0.0,0.0,4.294,4.294,7.77105e-07,True,0.0109211441666665
914,914,1,0.0,0.0,0.0,0.0,0.0,4.318,4.318,3.150649e-07,True,0.0031515762254902
914,914,2,0.0,0.0,0.0,0.0,0.0,4.261,4.261,6.55761e-07,True,0.0031515762254902
914,914,3,0.5725490196078431,0.5757005958333333,0.0031515762254902,0.5725490196078431,0.183642777360147,3.635,3.839,5.948739e-05,True,0.0031515762254902
914,914,4,0.0,0.0,0.0,0.0,0.0,4.23,4.23,6.206721e-06,True,0.0031515762254902
914,914,5,0.0,0.0,0.0,0.0,0.0,3.977,3.977,3.229608e-07,True,0.0031515762254902
914,914,6,0.0,0.0,0.0,0.0,0.0,4.329,4.329,5.599903e-07,True,0.0031515762254902
914,914,7,0.0,0.0,0.0,0.0,0.0,3.995,3.995,8.116361e-07,True,0.0031515762254902
914,914,8,0.0,0.0,0.0,0.0,0.0,4.294,4.294,7.245474e-07,True,0.0031515762254902
915,915,1,0.0,0.0,0.0,0.0,0.0,4.318,4.318,3.645407e-06,True,0.0085668487745098
915,915,2,0.5725490196078431,0.5639821708333332,-0.0085668487745098,0.5725490196078431,0.1355801141243872,3.751,3.951,5.970134e-05,True,0.0085668487745098
915,915,3,0.0,0.0,0.0,0.0,0.0,4.164,4.164,1.91606e-06,True,0.0085668487745098
915,915,4,0.0,0.0,0.0,0.0,0.0,4.23,4.23,1.419841e-07,True,0.0085668487745098
915,915,5,0.0,0.0,0.0,0.0,0.0,3.977,3.977,1.218507e-07,True,0.0085668487745098
915,915,6,0.0,0.0,0.0,0.0,0.0,4.329,4.329,6.232263e-07,True,0.0085668487745098
915,915,7,0.0,0.0,0.0,0.0,0.0,3.995,3.995,7.211187e-07,True,0.0085668487745098
915,915,8,0.0,0.0,0.0,0.0,0.0,4.294,4.294,8.068737e-07,True,0.0085668487745098
916,916,1,0.0,0.0,0.0,0.0,0.0,4.318,4.318,2.997255e-07,True,0.0083624140686275
916,916,2,0.0,0.0,0.0,0.0,0.0,4.261,4.261,6.803772e-07,True,0.0083624140686275
916,916,3,0.0,0.0,0.0,0.0,0.0,4.164,4.164,1.498186e-06,True,0.0083624140686275
916,916,4,0.0,0.0,0.0,0.0,0.0,4.23,4.23,8.81211e-07,True,0.0083624140686275
916,916,5,0.4901960784313725,0.4985584925,0.0083624140686275,0.4901960784313725,0.3008429557124718,3.565,3.661,5.401257e-05,True,0.0083624140686275
916,916,6,0.0,0.0,0.0,0.0,0.0,4.329,4.329,8.930571e-07,True,0.0083624140686275
916,916,7,0.0,0.0,0.0,0.0,0.0,3.995,3.995,8.420081e-07,True,0.0083624140686275
916,916,8,0.0,0.0,0.0,0.0,0.0,4.294,4.294,7.198842e-07,True,0.0083624140686275
917,917,1,0.0,0.0,0.0,0.0,0.0,4.318,4.318,2.348807e-07,True,0.0184500624019609
917,917,2,0.0,0.0,0.0,0.0,0.0,4.261,4.261,8.498725e-07,True,0.0184500624019609
917,917,3,0.0,0.0,0.0,0.0,0.0,4.164,4.164,6.364175e-07,True,0.0184500624019609
917,917,4,0.4901960784313725,0.5086461408333334,0.0184500624019609,0.4901960784313725,0.1881265758600489,3.745,3.932,5.617342e-05,True,0.0184500624019609
917,917,5,0.0,0.0,0.0,0.0,0.0,3.977,3.977,1.033328e-06,True,0.0184500624019609
917,917,6,0.0,0.0,0.0,0.0,0.0,4.329,4.329,5.630406e-07,True,0.0184500624019609
917,917,7,0.0,0.0,0.0,0.0,0.0,3.995,3.995,7.322569e-07,True,0.0184500624019609
917,917,8,0.0,0.0,0.0,0.0,0.0,4.294,4.294,8.143207e-07,True,0.0184500624019609
918,918,1,0.0,0.0,0.0,0.0,0.0,4.318,4.318,3.1711e-07,True,0.010895818235294
918,918,2,0.0,0.0,0.0,0.0,0.0,4.261,4.261,6.835635e-07,True,0.010895818235294
918,918,3,0.0,0.0,0.0,0.0,0.0,4.164,4.164,1.534906e-06,True,0.010895818235294
918,918,4,0.0,0.0,0.0,0.0,0.0,4.23,4.23,1.312929e-06,True,0.010895818235294
918,918,5,0.7568627450980393,0.7677585633333334,0.010895818235294,0.7568627450980393,0.4755523090530921,3.441,3.572,8.572968e-05,True,0.010895818235294
918,918,6,0.0,0.0,0.0,0.0,0.0,4.329,4.329,9.54801e-07,True,0.010895818235294
918,918,7,0.0,0.0,0.0,0.0,0.0,3.995,3.995,8.819455e-07,True,0.010895818235294
918,918,8,0.0,0.0,0.0,0.0,0.0,4.294,4.294,7.160926e-07,True,0.010895818235294
919,919,1,0.0,0.0,0.0,0.0,0.0,4.318,4.318,2.353455e-07,True,0.0034471832352941
919,919,2,0.0,0.0,0.0,0.0,0.0,4.261,4.261,8.917785e-07,True,0.0034471832352941
919,919,3,0.0,0.0,0.0,0.0,0.0,4.164,4.164,1.242149e-06,True,0.0034471832352941
919,919,4,0.7568627450980393,0.7603099283333334,0.0034471832352941,0.7568627450980393,0.2981739040566301,3.597,3.858,8.534043e-05,True,0.0034471832352941
919,919,5,0.0,0.0,0.0,0.0,0.0,3.977,3.977,1.389655e-06,True,0.0034471832352941
919,919,6,0.0,0.0,0.0,0.0,0.0,4.329,4.329,5.729144e-07,True,0.0034471832352941
919,919,7,0.0,0.0,0.0,0.0,0.0,3.995,3.995,7.334485e-07,True,0.0034471832352941
919,919,8,0.0,0.0,0.0,0.0,0.0,4.294,4.294,8.314705e-07,True,0.0034471832352941
920,920,1,0.0,0.0,0.0,0.0,0.0,4.318,4.318,3.086054e-07,True,0.0063734849019608
920,920,2,0.0,0.0,0.0,0.0,0.0,4.261,4.261,6.441209e-07,True,0.0063734849019608
920,920,3,0.4901960784313725,0.4965695633333333,0.0063734849019608,0.4901960784313725,0.1468879238688197,3.674,3.863,5.077148e-05,True,0.0063734849019608
920,920,4,0.0,0.0,0.0,0.0,0.0,4.23,4.23,5.483518e-06,True,0.0063734849019608
920,920,5,0.0,0.0,0.0,0.0,0.0,3.977,3.977,2.962295e-07,True,0.0063734849019608
920,920,6,0.0,0.0,0.0,0.0,0.0,4.329,4.329,5.610645e-07,True,0.0063734849019608
920,920,7,0.0,0.0,0.0,0.0,0.0,3.995,3.995,8.01372e-07,True,0.0063734849019608
920,920,8,0.0,0.0,0.0,0.0,0.0,4.294,4.294,7.219573e-07,True,0.0063734849019608
921,921,1,0.0,0.0,0.0,0.0,0.0,4.318,4.318,3.308048e-06,True,0.0190212174019609
921,921,2,0.4901960784313725,0.5092172958333334,0.0190212174019609,0.4901960784313725,0.108792181752463,3.784,3.967,5.353047e-05,True,0.0190212174019609
921,921,3,0.0,0.0,0.0,0.0,0.0,4.164,4.164,1.868199e-06,True,0.0190212174019609
921,921,4,0.0,0.0,0.0,0.0,0.0,4.23,4.23,1.407434e-07,True,0.0190212174019609
921,921,5,0.0,0.0,0.0,0.0,0.0,3.977,3.977,1.202971e-07,True,0.0190212174019609
921,921,6,0.0,0.0,0.0,0.0,0.0,4.329,4.329,6.196401e-07,True,0.0190212174019609
921,921,7,0.0,0.0,0.0,0.0,0.0,3.995,3.995,7.196914e-07,True,0.0190212174019609
921,921,8,0.0,0.0,0.0,0.0,0.0,4.294,4.294,7.989865e-07,True,0.0190212174019609
922,922,1,0.0,0.0,0.0,0.0,0.0,4.318,4.318,3.212419e-07,True,0.0174963382352939
922,922,2,0.0,0.0,0.0,0.0,0.0,4.261,4.261,6.469041e-07,True,0.0174963382352939
922,922,3,0.7568627450980393,0.7743590833333333,0.0174963382352939,0.7568627450980393,0.2713424456025675,3.551,3.785,8.16907e-05,True,0.0174963382352939
922,922,4,0.0,0.0,0.0,0.0,0.0,4.23,4.23,7.794118e-06,True,0.0174963382352939
922,922,5,0.0,0.0,0.0,0.0,0.0,3.977,3.977,3.762192e-07,True,0.0174963382352939
922,922,6,0.0,0.0,0.0,0.0,0.0,4.329,4.329,5.55241e-07,True,0.0174963382352939
922,922,7,0.0,0.0,0.0,0.0,0.0,3.995,3.995,8.207768e-07,True,0.0174963382352939
922,922,8,0.0,0.0,0.0,0.0,0.0,4.294,4.294,7.17889e-07,True,0.0174963382352939
923,923,1,0.0,0.0,0.0,0.0,0.0,4.318,4.318,4.892993e-06,True,0.0120729199019606
923,923,2,0.7568627450980393,0.768935665,0.0120729199019606,0.7568627450980393,0.239199770379019,3.679,3.894,8.28918e-05,True,0.0120729199019606
923,923,3,0.0,0.0,0.0,0.0,0.0,4.164,4.164,2.066545e-06,True,0.0120729199019606
923,923,4,0.0,0.0,0.0,0.0,0.0,4.23,4.23,1.399249e-07,True,0.0120729199019606
923,923,5,0.0,0.0,0.0,0.0,0.0,3.977,3.977,1.182505e-07,True,0.0120729199019606
923,923,6,0.0,0.0,0.0,0.0,0.0,4.329,4.329,6.313858e-07,True,0.0120729199019606
923,923,7,0.0,0.0,0.0,0.0,0.0,3.995,3.995,7.160869e-07,True,0.0120729199019606
923,923,8,0.0,0.0,0.0,0.0,0.0,4.294,4.294,8.152937e-07,True,0.0120729199019606
27,27,1,0.0,0.0,0.0,0.0,0.0,4.318,4.318,2.336814e-07,True,0.004498574656862653
27,27,2,0.0,0.0,0.0,0.0,0.0,4.261,4.261,9.118428e-07,True,0.004498574656862653
27,27,3,0.0,0.0,0.0,0.0,0.0,4.164,4.164,1.417805e-06,True,0.004498574656862653
27,27,4,0.8156862745098039,0.8201848491666666,0.004498574656862653,0.8156862745098039,0.3249841149633088,3.563,3.841,9.222541e-05,True,0.004498574656862653
27,27,5,0.0,0.0,0.0,0.0,0.0,3.977,3.977,1.481719e-06,True,0.004498574656862653
27,27,6,0.0,0.0,0.0,0.0,0.0,4.329,4.329,5.803559e-07,True,0.004498574656862653
27,27,7,0.0,0.0,0.0,0.0,0.0,3.995,3.995,7.350903e-07,True,0.004498574656862653
27,27,8,0.0,0.0,0.0,0.0,0.0,4.294,4.294,8.362775e-07,True,0.004498574656862653
132,132,1,0.0,0.0,0.0,0.0,0.0,4.318,4.318,2.345522e-07,True,0.015574579117647203
132,132,2,0.0,0.0,0.0,0.0,0.0,4.261,4.261,8.384421e-07,True,0.015574579117647203
132,132,3,0.0,0.0,0.0,0.0,0.0,4.164,4.164,4.855832e-07,True,0.015574579117647203
132,132,4,0.4117647058823528,0.427339285,0.015574579117647203,0.4117647058823528,0.15281395266752426,3.789,3.959,4.671394e-05,True,0.015574579117647203
132,132,5,0.0,0.0,0.0,0.0,0.0,3.977,3.977,9.054286e-07,True,0.015574579117647203
132,132,6,0.0,0.0,0.0,0.0,0.0,4.329,4.329,5.631538e-07,True,0.015574579117647203
132,132,7,0.0,0.0,0.0,0.0,0.0,3.995,3.995,7.341184e-07,True,0.015574579117647203
132,132,8,0.0,0.0,0.0,0.0,0.0,4.294,4.294,8.054959e-07,True,0.015574579117647203
151,151,1,0.0,0.0,0.0,0.0,0.0,4.318,4.318,3.047515e-06,True,0.016951127843137292
151,151,2,0.4509803921568627,0.46793152,0.016951127843137292,0.4509803921568627,0.08644585812898278,3.799,3.98,4.885429e-05,True,0.016951127843137292
151,151,3,0.0,0.0,0.0,0.0,0.0,4.164,4.164,1.84058e-06,True,0.016951127843137292
151,151,4,0.0,0.0,0.0,0.0,0.0,4.23,4.23,1.415197e-07,True,0.016951127843137292
151,151,5,0.0,0.0,0.0,0.0,0.0,3.977,3.977,1.215353e-07,True,0.016951127843137292
151,151,6,0.0,0.0,0.0,0.0,0.0,4.329,4.329,6.204036e-07,True,0.016951127843137292
151,151,7,0.0,0.0,0.0,0.0,0.0,3.995,3.995,7.247447e-07,True,0.016951127843137292
151,151,8,0.0,0.0,0.0,0.0,0.0,4.294,4.294,8.011941e-07,True,0.016951127843137292
159,159,1,0.0,0.0,0.0,0.0,0.0,4.318,4.318,2.393259e-07,True,0.0047545302941176815
159,159,2,0.0,0.0,0.0,0.0,0.0,4.261,4.261,7.832872e-07,True,0.0047545302941176815
159,159,3,0.0,0.0,0.0,0.0,0.0,4.164,4.164,2.722653e-07,True,0.0047545302941176815
159,159,4,0.196078431372549,0.20083296166666667,0.0047545302941176815,0.196078431372549,0.05662672549901955,3.925,4.051,2.018922e-05,True,0.0047545302941176815
159,159,5,0.0,0.0,0.0,0.0,0.0,3.977,3.977,5.388348e-07,True,0.0047545302941176815
159,159,6,0.0,0.0,0.0,0.0,0.0,4.329,4.329,5.598039e-07,True,0.0047545302941176815
159,159,7,0.0,0.0,0.0,0.0,0.0,3.995,3.995,7.353041e-07,True,0.0047545302941176815
159,159,8,0.0,0.0,0.0,0.0,0.0,4.294,4.294,7.819142e-07,True,0.0047545302941176815
224,224,1,0.0,0.0,0.0,0.0,0.0,4.318,4.318,2.7908e-06,False,0.36420386446078445
224,224,2,0.0627450980392156,0.42694896250000003,0.36420386446078445,0.0627450980392156,0.0,3.993,4.261,4.423089e-05,False,0.36420386446078445
224,224,3,0.0,0.0,0.0,0.0,0.0,4.164,4.164,1.805337e-06,False,0.36420386446078445
224,224,4,0.0,0.0,0.0,0.0,0.0,4.23,4.23,1.421814e-07,False,0.36420386446078445
224,224,5,0.0,0.0,0.0,0.0,0.0,3.977,3.977,1.2319e-07,False,0.36420386446078445
224,224,6,0.0,0.0,0.0,0.0,0.0,4.329,4.329,6.169996e-07,False,0.36420386446078445
224,224,7,0.0,0.0,0.0,0.0,0.0,3.995,3.995,7.253832e-07,False,0.36420386446078445
224,224,8,0.0,0.0,0.0,0.0,0.0,4.294,4.294,7.990943e-07,False,0.36420386446078445
230,230,1,0.0,0.0,0.0,0.0,0.0,4.318,4.318,2.439653e-07,False,0.05637594122549017
230,230,2,0.0,0.0,0.0,0.0,0.0,4.261,4.261,6.843365e-07,False,0.05637594122549017
230,230,3,0.0941176470588235,0.03774170583333333,-0.05637594122549017,0.0941176470588235,0.0,3.897,4.164,1.304204e-06,False,0.05637594122549017
230,230,4,0.0,0.0,0.0,0.0,0.0,4.23,4.23,1.296334e-07,False,0.05637594122549017
230,230,5,0.0,0.0,0.0,0.0,0.0,3.977,3.977,1.278003e-07,False,0.05637594122549017
230,230,6,0.0,0.0,0.0,0.0,0.0,4.329,4.329,5.687318e-07,False,0.05637594122549017
230,230,7,0.0,0.0,0.0,0.0,0.0,3.995,3.995,7.338716e-07,False,0.05637594122549017
230,230,8,0.0,0.0,0.0,0.0,0.0,4.294,4.294,7.364618e-07,False,0.05637594122549017
254,254,1,0.0,0.0,0.0,0.0,0.0,4.318,4.318,2.237427e-06,True,0.012035552843137232
254,254,2,0.3490196078431372,0.33698405499999995,-0.012035552843137232,0.3490196078431372,0.04659420475444744,3.845,4.024,3.406384e-05,True,0.012035552843137232
254,254,3,0.0,0.0,0.0,0.0,0.0,4.164,4.164,1.734123e-06,True,0.012035552843137232
254,254,4,0.0,0.0,0.0,0.0,0.0,4.23,4.23,1.41999e-07,True,0.012035552843137232
254,254,5,0.0,0.0,0.0,0.0,0.0,3.977,3.977,1.238324e-07,True,0.012035552843137232
254,254,6,0.0,0.0,0.0,0.0,0.0,4.329,4.329,6.130935e-07,True,0.012035552843137232
254,254,7,0.0,0.0,0.0,0.0,0.0,3.995,3.995,7.290967e-07,True,0.012035552843137232
254,254,8,0.0,0.0,0.0,0.0,0.0,4.294,4.294,7.94675e-07,True,0.012035552843137232
297,297,1,0.0,0.0,0.0,0.0,0.0,4.318,4.318,2.43974e-07,False,0.04452079784313718
297,297,2,0.0,0.0,0.0,0.0,0.0,4.261,4.261,6.864533e-07,False,0.04452079784313718
297,297,3,0.0823529411764705,0.037832143333333325,-0.04452079784313718,0.0823529411764705,0.0,3.922,4.164,1.305644e-06,False,0.04452079784313718
297,297,4,0.0,0.0,0.0,0.0,0.0,4.23,4.23,1.302346e-07,False,0.04452079784313718
297,297,5,0.0,0.0,0.0,0.0,0.0,3.977,3.977,1.287176e-07,False,0.04452079784313718
297,297,6,0.0,0.0,0.0,0.0,0.0,4.329,4.329,5.703886e-07,False,0.04452079784313718
297,297,7,0.0,0.0,0.0,0.0,0.0,3.995,3.995,7.356564e-07,False,0.04452079784313718
297,297,8,0.0,0.0,0.0,0.0,0.0,4.294,4.294,7.387887e-07,False,0.04452079784313718
300,300,1,0.0,0.0,0.0,0.0,0.0,4.318,4.318,3.057944e-07,False,0.26456359936274515
300,300,2,0.0,0.0,0.0,0.0,0.0,4.261,4.261,6.667819e-07,False,0.26456359936274515
300,300,3,0.0862745098039215,0.35083810916666663,0.26456359936274515,0.0862745098039215,0.0862745098039215,3.911,3.911,3.45409e-05,False,0.26456359936274515
300,300,4,0.0,0.0,0.0,0.0,0.0,4.23,4.23,4.231621e-06,False,0.26456359936274515
300,300,5,0.0,0.0,0.0,0.0,0.0,3.977,3.977,2.569114e-07,False,0.26456359936274515
300,300,6,0.0,0.0,0.0,0.0,0.0,4.329,4.329,5.678118e-07,False,0.26456359936274515
300,300,7,0.0,0.0,0.0,0.0,0.0,3.995,3.995,7.98733e-07,False,0.26456359936274515
300,300,8,0.0,0.0,0.0,0.0,0.0,4.294,4.294,7.320196e-07,False,0.26456359936274515
325,325,1,0.0,0.0,0.0,0.0,0.0,4.318,4.318,2.74877e-07,True,0.006538708382352806
325,325,2,0.0,0.0,0.0,0.0,0.0,4.261,4.261,6.732508e-07,True,0.006538708382352806
325,325,3,0.0784313725490195,0.07189266416666669,-0.006538708382352806,0.0784313725490195,0.03766126650873137,3.934,4.053,4.171138e-06,True,0.006538708382352806
325,325,4,0.0,0.0,0.0,0.0,0.0,4.23,4.23,1.268907e-06,True,0.006538708382352806
325,325,5,0.0,0.0,0.0,0.0,0.0,3.977,3.977,1.617933e-07,True,0.006538708382352806
325,325,6,0.0,0.0,0.0,0.0,0.0,4.329,4.329,5.748187e-07,True,0.006538708382352806
325,325,7,0.0,0.0,0.0,0.0,0.0,3.995,3.995,7.618742e-07,True,0.006538708382352806
325,325,8,0.0,0.0,0.0,0.0,0.0,4.294,4.294,7.404607e-07,True,0.006538708382352806
342,342,1,0.0,0.0,0.0,0.0,0.0,4.318,4.318,2.424756e-07,False,0.052275049264705845
342,342,2,0.0,0.0,0.0,0.0,0.0,4.261,4.261,6.892455e-07,False,0.052275049264705845
342,342,3,0.0901960784313725,0.03792102916666666,-0.052275049264705845,0.0901960784313725,0.0,3.9,4.164,1.307246e-06,False,0.052275049264705845
342,342,4,0.0,0.0,0.0,0.0,0.0,4.23,4.23,1.314311e-07,False,0.052275049264705845
342,342,5,0.0,0.0,0.0,0.0,0.0,3.977,3.977,1.28248e-07,False,0.052275049264705845
342,342,6,0.0,0.0,0.0,0.0,0.0,4.329,4.329,5.734597e-07,False,0.052275049264705845
342,342,7,0.0,0.0,0.0,0.0,0.0,3.995,3.995,7.365172e-07,False,0.052275049264705845
342,342,8,0.0,0.0,0.0,0.0,0.0,4.294,4.294,7.419004e-07,False,0.052275049264705845
360,360,1,0.0,0.0,0.0,0.0,0.0,4.318,4.318,2.4687e-07,False,0.02081274107843136
360,360,2,0.0588235294117647,0.03801078833333334,-0.02081274107843136,0.0588235294117647,0.0,3.996,4.261,6.889335e-07,False,0.02081274107843136
360,360,3,0.0,0.0,0.0,0.0,0.0,4.164,4.164,1.31093e-06,False,0.02081274107843136
360,360,4,0.0,0.0,0.0,0.0,0.0,4.23,4.23,1.320993e-07,False,0.02081274107843136
360,360,5,0.0,0.0,0.0,0.0,0.0,3.977,3.977,1.281556e-07,False,0.02081274107843136
360,360,6,0.0,0.0,0.0,0.0,0.0,4.329,4.329,5.753449e-07,False,0.02081274107843136
360,360,7,0.0,0.0,0.0,0.0,0.0,3.995,3.995,7.365474e-07,False,0.02081274107843136
360,360,8,0.0,0.0,0.0,0.0,0.0,4.294,4.294,7.424139e-07,False,0.02081274107843136
368,368,1,0.0,0.0,0.0,0.0,0.0,4.318,4.318,2.934177e-07,True,0.00029882328431379834
368,368,2,0.0,0.0,0.0,0.0,0.0,4.261,4.261,6.620132e-07,True,0.00029882328431379834
368,368,3,0.2117647058823529,0.2120635291666667,0.00029882328431379834,0.2117647058823529,0.06707105929704044,3.821,3.967,1.929862e-05,True,0.00029882328431379834
368,368,4,0.0,0.0,0.0,0.0,0.0,4.23,4.23,2.886742e-06,True,0.00029882328431379834
368,368,5,0.0,0.0,0.0,0.0,0.0,3.977,3.977,2.126537e-07,True,0.00029882328431379834
368,368,6,0.0,0.0,0.0,0.0,0.0,4.329,4.329,5.727816e-07,True,0.00029882328431379834
368,368,7,0.0,0.0,0.0,0.0,0.0,3.995,3.995,7.850841e-07,True,0.00029882328431379834
368,368,8,0.0,0.0,0.0,0.0,0.0,4.294,4.294,7.363112e-07,True,0.00029882328431379834
427,427,1,0.0,0.0,0.0,0.0,0.0,4.318,4.318,6.323688e-06,True,0.013528123088235477
427,427,2,0.992156862745098,1.0056849858333334,0.013528123088235477,0.992156862745098,0.3714945316634537,3.585,3.835,0.000109628,True,0.013528123088235477
427,427,3,0.0,0.0,0.0,0.0,0.0,4.164,4.164,2.24139e-06,True,0.013528123088235477
427,427,4,0.0,0.0,0.0,0.0,0.0,4.23,4.23,1.405106e-07,True,0.013528123088235477
427,427,5,0.0,0.0,0.0,0.0,0.0,3.977,3.977,1.218027e-07,True,0.013528123088235477
427,427,6,0.0,0.0,0.0,0.0,0.0,4.329,4.329,6.566275e-07,True,0.013528123088235477
427,427,7,0.0,0.0,0.0,0.0,0.0,3.995,3.995,7.256002e-07,True,0.013528123088235477
427,427,8,0.0,0.0,0.0,0.0,0.0,4.294,4.294,8.445793e-07,True,0.013528123088235477
436,436,1,0.0,0.0,0.0,0.0,0.0,4.318,4.318,4.324577e-06,True,0.0033619513725492434
436,436,2,0.6705882352941174,0.6739501866666666,0.0033619513725492434,0.6705882352941174,0.1896690895353011,3.713,3.92,7.210109e-05,True,0.0033619513725492434
436,436,3,0.0,0.0,0.0,0.0,0.0,4.164,4.164,2.001388e-06,True,0.0033619513725492434
436,436,4,0.0,0.0,0.0,0.0,0.0,4.23,4.23,1.435826e-07,True,0.0033619513725492434
436,436,5,0.0,0.0,0.0,0.0,0.0,3.977,3.977,1.220231e-07,True,0.0033619513725492434
436,436,6,0.0,0.0,0.0,0.0,0.0,4.329,4.329,6.35805e-07,True,0.0033619513725492434
436,436,7,0.0,0.0,0.0,0.0,0.0,3.995,3.995,7.263453e-07,True,0.0033619513725492434
436,436,8,0.0,0.0,0.0,0.0,0.0,4.294,4.294,8.192114e-07,True,0.0033619513725492434
475,475,1,0.0,0.0,0.0,0.0,0.0,4.318,4.318,2.370639e-07,False,1.1442841090686282
475,475,2,0.0,0.0,0.0,0.0,0.0,4.261,4.261,1.078665e-06,False,1.1442841090686282
475,475,3,0.0,0.0,0.0,0.0,0.0,4.164,4.164,5.681703e-06,False,1.1442841090686282
475,475,4,0.8235294117647057,1.9678135208333338,1.1442841090686282,0.8235294117647057,0.8235294117647057,3.559,3.559,0.0002238541,False,1.1442841090686282
475,475,5,0.0,0.0,0.0,0.0,0.0,3.977,3.977,2.949685e-06,False,1.1442841090686282
475,475,6,0.0,0.0,0.0,0.0,0.0,4.329,4.329,6.782945e-07,False,1.1442841090686282
475,475,7,0.0,0.0,0.0,0.0,0.0,3.995,3.995,7.414916e-07,False,1.1442841090686282
475,475,8,0.0,0.0,0.0,0.0,0.0,4.294,4.294,9.166195e-07,False,1.1442841090686282
490,490,1,0.0,0.0,0.0,0.0,0.0,4.318,4.318,2.819063e-07,True,0.0065718584313725625
490,490,2,0.0,0.0,0.0,0.0,0.0,4.261,4.261,6.587755e-07,True,0.0065718584313725625
490,490,3,0.1568627450980392,0.15029088666666665,-0.0065718584313725625,0.1568627450980392,0.05665227482416561,3.856,3.998,1.261149e-05,True,0.0065718584313725625
490,490,4,0.0,0.0,0.0,0.0,0.0,4.23,4.23,2.228129e-06,True,0.0065718584313725625
490,490,5,0.0,0.0,0.0,0.0,0.0,3.977,3.977,1.888256e-07,True,0.0065718584313725625
490,490,6,0.0,0.0,0.0,0.0,0.0,4.329,4.329,5.636045e-07,True,0.0065718584313725625
490,490,7,0.0,0.0,0.0,0.0,0.0,3.995,3.995,7.737743e-07,True,0.0065718584313725625
490,490,8,0.0,0.0,0.0,0.0,0.0,4.294,4.294,7.284012e-07,True,0.0065718584313725625
514,514,1,0.0,0.0,0.0,0.0,0.0,4.318,4.318,6.220442e-06,True,0.013550774264705856
514,514,2,0.9764705882352942,0.9900213625000001,0.013550774264705856,0.9764705882352942,0.3637729045405853,3.592,3.838,0.0001078858,True,0.013550774264705856
514,514,3,0.0,0.0,0.0,0.0,0.0,4.164,4.164,2.231154e-06,True,0.013550774264705856
514,514,4,0.0,0.0,0.0,0.0,0.0,4.23,4.23,1.396075e-07,True,0.013550774264705856
514,514,5,0.0,0.0,0.0,0.0,0.0,3.977,3.977,1.196459e-07,True,0.013550774264705856
514,514,6,0.0,0.0,0.0,0.0,0.0,4.329,4.329,6.473084e-07,True,0.013550774264705856
514,514,7,0.0,0.0,0.0,0.0,0.0,3.995,3.995,7.229579e-07,True,0.013550774264705856
514,514,8,0.0,0.0,0.0,0.0,0.0,4.294,4.294,8.356478e-07,True,0.013550774264705856
545,545,1,0.0,0.0,0.0,0.0,0.0,4.318,4.318,1.480208e-06,True,0.010699249558823481
545,545,2,0.2274509803921568,0.21675173083333332,-0.010699249558823481,0.2274509803921568,0.037088397891482786,3.899,4.072,2.055839e-05,True,0.010699249558823481
545,545,3,0.0,0.0,0.0,0.0,0.0,4.164,4.164,1.604424e-06,True,0.010699249558823481
545,545,4,0.0,0.0,0.0,0.0,0.0,4.23,4.23,1.397791e-07,True,0.010699249558823481
545,545,5,0.0,0.0,0.0,0.0,0.0,3.977,3.977,1.243722e-07,True,0.010699249558823481
545,545,6,0.0,0.0,0.0,0.0,0.0,4.329,4.329,5.986797e-07,True,0.010699249558823481
545,545,7,0.0,0.0,0.0,0.0,0.0,3.995,3.995,7.27905e-07,True,0.010699249558823481
545,545,8,0.0,0.0,0.0,0.0,0.0,4.294,4.294,7.764497e-07,True,0.010699249558823481
