sample_index,measured_output_power_0,measured_output_power_1,measured_output_power_2,measured_output_power_3,measured_output_power_4,measured_output_power_5,measured_output_power_6,measured_output_power_7,measured_output_power_sum
0,6.391952e-06,0.0001108403,2.173148e-06,1.399349e-07,1.206734e-07,6.545799e-07,7.099369e-07,8.388468e-07,0.00012186937190000001
1,3.37622e-07,6.544554e-07,0.0001090361,9.550403e-06,4.550322e-07,5.58889e-07,8.296324e-07,7.216928e-07,0.0001221438268
2,2.35105e-07,9.417492e-07,1.96862e-06,0.0001139297,1.833416e-06,5.918802e-07,7.232084e-07,8.474931e-07,0.00012107117189999999
3,3.339944e-07,6.840998e-07,1.558329e-06,1.774675e-06,0.0001145805,1.00753e-06,9.095201e-07,7.096813e-07,0.0001215583296
4,3.28295e-07,6.863522e-07,1.551017e-06,1.725307e-06,0.0001107793,1.003282e-06,9.031543e-07,7.093215e-07,0.000117686029
5,2.335573e-07,9.292486e-07,1.87307e-06,0.0001104794,1.779592e-06,5.853694e-07,7.211386e-07,8.401108e-07,0.0001174414867
6,3.276323e-07,6.793535e-07,1.544041e-06,1.668615e-06,0.0001071674,1.007492e-06,8.96135e-07,7.086598e-07,0.0001139993286
7,2.328695e-07,9.201282e-07,1.768988e-06,0.0001064283,1.727297e-06,5.801585e-07,7.216113e-07,8.37162e-07,0.0001132165145
8,3.249454e-07,6.825591e-07,1.543321e-06,1.710082e-06,0.0001100625,1.006191e-06,8.998003e-07,7.066918e-07,0.0001169360906
9,2.32275e-07,9.266835e-07,1.85189e-06,0.0001091346,1.769064e-06,5.832053e-07,7.167438e-07,8.402399e-07,0.0001160547015
10,3.262768e-07,6.79417e-07,1.535673e-06,1.658344e-06,0.0001067276,9.921877e-07,8.933185e-07,7.070958e-07,0.0001135199128
11,2.300329e-07,9.227703e-07,1.758402e-06,0.000105544,1.719908e-06,5.796515e-07,7.190925e-07,8.30949e-07,0.00011230480620000002
12,3.27475e-07,6.738402e-07,1.538859e-06,1.691147e-06,0.0001096037,1.003739e-06,8.956493e-07,7.024041e-07,0.0001164368136
13,2.29502e-07,9.182332e-07,1.850458e-06,0.0001089835,1.752914e-06,5.779037e-07,7.184851e-07,8.331206e-07,0.0001158641166
14,3.139309e-07,6.754874e-07,1.512313e-06,1.414419e-06,8.969253e-05,9.682868e-07,8.678434e-07,7.030863e-07,9.614789680000001e-05
15,2.28448e-07,8.927789e-07,1.346928e-06,8.941138e-05,1.511419e-06,5.67585e-07,7.160277e-07,8.217139e-07,9.54962805e-05
16,3.071104e-07,6.731988e-07,1.492236e-06,1.242381e-06,7.765733e-05,9.499652e-07,8.524176e-07,7.064136e-07,8.388105259999999e-05
17,2.29709e-07,8.7708e-07,1.061351e-06,7.73405e-05,1.352705e-06,5.624234e-07,7.161945e-07,8.175459e-07,8.29575088e-05
18,3.100331e-07,6.786303e-07,1.503134e-06,1.268828e-06,7.975688e-05,9.578882e-07,8.561425e-07,7.071463e-07,8.603868239999998e-05
19,2.304133e-07,8.857405e-07,1.091023e-06,7.889519e-05,1.385374e-06,5.653912e-07,7.181819e-07,8.172386e-07,8.45885525e-05
20,3.090319e-07,6.823676e-07,1.503965e-06,1.258233e-06,7.880213e-05,9.570455e-07,8.591729e-07,7.077124e-07,8.50796583e-05
21,2.338762e-07,8.861074e-07,1.091911e-06,7.897329e-05,1.380678e-06,5.686103e-07,7.195047e-07,8.193879e-07,8.46733655e-05
22,3.123793e-07,6.833853e-07,1.510537e-06,1.285668e-06,8.026459e-05,9.701487e-07,8.617536e-07,7.097266e-07,8.65981885e-05
23,2.34222e-07,8.994188e-07,1.105206e-06,8.026086e-05,1.4023e-06,5.738725e-07,7.209115e-07,8.302093e-07,8.60270001e-05
24,3.313541e-07,6.760203e-07,1.561844e-06,1.666541e-06,0.0001080902,9.898558e-07,9.01471e-07,7.122472e-07,0.0001149295334
25,2.342365e-07,9.265627e-07,1.801213e-06,0.0001079014,1.75007e-06,5.862469e-07,7.237953e-07,8.456385e-07,0.00011476916289999999
26,3.179537e-07,6.888945e-07,1.532848e-06,1.455302e-06,9.271585e-05,9.929853e-07,8.834573e-07,7.131774e-07,9.93004682e-05
27,2.336814e-07,9.118428e-07,1.417805e-06,9.222541e-05,1.481719e-06,5.803559e-07,7.350903e-07,8.362775e-07,9.842218189999999e-05
28,3.169907e-07,6.810337e-07,1.514545e-06,1.241309e-06,7.702331e-05,9.728927e-07,8.606088e-07,7.174891e-07,8.3328179e-05
29,2.329349e-07,8.924827e-07,1.027643e-06,7.684222e-05,1.353863e-06,5.734008e-07,7.251197e-07,8.276656e-07,8.24753297e-05
30,3.1212e-07,6.84676e-07,1.516179e-06,1.24935e-06,7.754793e-05,9.619474e-07,8.628948e-07,7.183208e-07,8.3853418e-05
31,2.34799e-07,8.922013e-07,1.047246e-06,7.750162e-05,1.366777e-06,5.748745e-07,7.234927e-07,8.276625e-07,8.316867300000001e-05
32,3.16422e-07,6.897378e-07,1.526478e-06,1.33786e-06,8.422675e-05,9.793353e-07,8.715168e-07,7.175262e-07,9.06656261e-05
33,2.351869e-07,8.985297e-07,1.185735e-06,8.360074e-05,1.447583e-06,5.770865e-07,7.245438e-07,8.316729e-07,8.95010778e-05
34,3.348009e-07,6.868125e-07,1.563123e-06,1.737875e-06,0.0001121786,1.009984e-06,9.083553e-07,7.182274e-07,0.0001191377781
35,2.358432e-07,9.422197e-07,1.883676e-06,0.0001109498,1.788719e-06,5.937612e-07,7.249355e-07,8.528596e-07,0.0001179718142
36,3.163171e-07,6.899999e-07,1.52559e-06,1.356599e-06,8.541639e-05,9.888395e-07,8.744667e-07,7.169677e-07,9.18851699e-05
37,2.372223e-07,8.971963e-07,1.219197e-06,8.505004e-05,1.453853e-06,5.781826e-07,7.230211e-07,8.370122e-07,9.099572450000001e-05
38,3.035524e-07,6.809239e-07,1.48905e-06,9.584583e-07,5.754245e-05,9.211224e-07,8.337856e-07,7.16421e-07,6.34457636e-05
39,3.337046e-07,6.565473e-07,0.000103648,9.215193e-06,4.385346e-07,5.560365e-07,8.291217e-07,7.151593e-07,0.000116392297
40,2.355265e-07,8.575904e-07,6.567105e-07,5.779737e-05,1.100644e-06,5.625447e-07,7.225331e-07,8.114844e-07,6.27444036e-05
41,2.911739e-07,6.790575e-07,1.464516e-06,7.308291e-07,4.189361e-05,8.757492e-07,8.127657e-07,7.164383e-07,4.74641397e-05
42,6.212746e-06,0.0001073718,2.16489e-06,1.376872e-07,1.195723e-07,6.456111e-07,7.093757e-07,8.291171e-07,0.0001181907994
43,3.336681e-07,6.486544e-07,0.0001021161,9.08214e-06,4.349972e-07,5.55114e-07,8.267388e-07,7.197727e-07,0.0001147171852
44,2.357169e-07,8.283473e-07,4.366415e-07,4.389703e-05,9.127428e-07,5.568837e-07,7.187178e-07,8.014497e-07,4.83875297e-05
45,2.898685e-07,6.755204e-07,1.448475e-06,6.657864e-07,3.688527e-05,8.676579e-07,8.010337e-07,7.189171e-07,4.2352529000000004e-05
46,5.974541e-06,0.0001033752,2.131259e-06,1.377045e-07,1.188118e-07,6.437066e-07,7.064949e-07,8.252159e-07,0.00011391293370000001
47,2.337386e-07,8.145899e-07,3.528895e-07,3.657229e-05,8.041515e-07,5.549214e-07,7.158853e-07,7.892508e-07,4.083771700000001e-05
48,2.841585e-07,6.741067e-07,1.437019e-06,6.368146e-07,3.501445e-05,8.467022e-07,7.970098e-07,7.100499e-07,4.04003107e-05
49,3.288547e-07,6.473579e-07,0.0001045126,9.25424e-06,4.385473e-07,5.493147e-07,8.209216e-07,7.072594e-07,0.00011725909560000001
50,2.31492e-07,8.063118e-07,3.459948e-07,3.573547e-05,7.924521e-07,5.489005e-07,7.146801e-07,7.845979e-07,3.9959899200000004e-05
51,2.910741e-07,6.722434e-07,1.457638e-06,8.353297e-07,4.949209e-05,8.890898e-07,8.163472e-07,7.113962e-07,5.51652084e-05
52,6.169764e-06,0.0001063435,2.16328e-06,1.342856e-07,1.152482e-07,6.409948e-07,7.050123e-07,8.227397e-07,0.0001170948246
53,2.334369e-07,8.366473e-07,5.446206e-07,5.09307e-05,1.005445e-06,5.5446e-07,7.1697e-07,7.999551e-07,5.5622234899999995e-05
54,3.168571e-07,6.80161e-07,1.521503e-06,1.455516e-06,9.259347e-05,9.897039e-07,8.749798e-07,7.074999e-07,9.913969070000002e-05
55,2.304138e-07,9.024995e-07,1.393475e-06,9.146254e-05,1.539966e-06,5.71342e-07,7.188615e-07,8.271655e-07,9.76462633e-05
56,3.139179e-07,6.795999e-07,1.512056e-06,1.348077e-06,8.500959e-05,9.702732e-07,8.675125e-07,7.068675e-07,9.140789399999999e-05
57,2.325024e-07,8.918558e-07,1.192316e-06,8.317814e-05,1.433823e-06,5.697416e-07,7.21381e-07,8.239663e-07,8.90437261e-05
58,3.249235e-07,6.835622e-07,1.53573e-06,1.58138e-06,0.0001014816,9.91904e-07,8.920431e-07,7.087301e-07,0.00010819987289999999
59,2.34157e-07,9.18035e-07,1.613094e-06,0.0001005684,1.647202e-06,5.836505e-07,7.20889e-07,8.387118e-07,0.0001071241393
60,3.117414e-07,6.882108e-07,1.513063e-06,1.281225e-06,7.990966e-05,9.736077e-07,8.6516e-07,7.178115e-07,8.62604794e-05
61,2.359952e-07,8.878524e-07,1.09714e-06,7.951877e-05,1.389017e-06,5.722364e-07,7.251359e-07,8.29595e-07,8.525574190000001e-05
62,3.280688e-07,6.783264e-07,1.551397e-06,1.534144e-06,9.962578e-05,9.723204e-07,8.918023e-07,7.133941e-07,0.000106295233
63,2.325737e-07,9.219248e-07,1.539199e-06,9.812506e-05,1.637139e-06,5.820337e-07,7.270972e-07,8.385693e-07,0.0001046035967
64,3.136485e-07,6.789426e-07,1.516989e-06,1.109968e-06,6.920908e-05,9.310984e-07,8.527791e-07,7.174352e-07,7.532994080000001e-05
65,2.368539e-07,8.71725e-07,8.499365e-07,6.817918e-05,1.234754e-06,5.66749e-07,7.248903e-07,8.190443e-07,7.3483133e-05
66,2.937636e-07,6.766253e-07,1.463706e-06,7.64435e-07,4.407765e-05,8.764491e-07,8.167292e-07,7.179307e-07,4.9687288900000006e-05
67,2.33486e-07,8.322941e-07,4.696781e-07,4.604571e-05,9.329597e-07,5.571288e-07,7.208114e-07,8.003579e-07,5.0592426e-05
68,2.80921e-07,6.733746e-07,1.438269e-06,5.701929e-07,3.063291e-05,8.299158e-07,7.950742e-07,7.165938e-07,3.593725129999999e-05
69,3.298781e-07,6.485452e-07,0.0001017636,9.094616e-06,4.304207e-07,5.523035e-07,8.230637e-07,7.176649e-07,0.00011436009209999999
70,2.333118e-07,7.970988e-07,2.97427e-07,3.006243e-05,7.022304e-07,5.524471e-07,7.169123e-07,7.868034e-07,3.4148660800000004e-05
71,2.771717e-07,6.725562e-07,1.422525e-06,4.900148e-07,2.497477e-05,8.032504e-07,7.834874e-07,7.175954e-07,3.0141370899999998e-05
72,6.011509e-06,0.0001029504,2.143197e-06,1.368626e-07,1.163459e-07,6.361777e-07,7.055053e-07,8.18588e-07,0.0001135185855
73,2.312964e-07,7.822271e-07,2.723478e-07,2.451576e-05,6.17888e-07,5.461033e-07,7.176988e-07,7.741343e-07,2.84574557e-05
74,3.281971e-07,6.482852e-07,0.0001041444,9.25222e-06,4.322278e-07,5.485241e-07,8.216825e-07,7.143498e-07,0.0001168898865
75,2.792627e-07,6.705363e-07,1.429793e-06,5.623982e-07,3.026313e-05,8.21949e-07,7.93697e-07,7.159639e-07,3.55367301e-05
76,6.14327e-06,0.0001054853,2.153384e-06,1.366291e-07,1.158602e-07,6.387714e-07,7.04038e-07,8.255062e-07,0.00011620275890000001
77,2.291475e-07,7.964154e-07,3.084798e-07,3.076479e-05,7.084453e-07,5.472472e-07,7.186222e-07,7.786834e-07,3.48518308e-05
78,2.861598e-07,6.696271e-07,1.457777e-06,7.344174e-07,4.27335e-05,8.55179e-07,8.087414e-07,7.099403e-07,4.8255342e-05
79,2.293303e-07,8.210138e-07,4.596954e-07,4.443915e-05,8.955713e-07,5.478733e-07,7.17019e-07,7.93321e-07,4.8902974099999996e-05
80,3.02114e-07,6.689144e-07,1.497351e-06,1.071688e-06,6.719698e-05,9.156209e-07,8.433123e-07,7.126654e-07,7.3208646e-05
81,2.291245e-07,8.591121e-07,8.611523e-07,6.733731e-05,1.187932e-06,5.563379e-07,7.192556e-07,8.150773e-07,7.256530169999999e-05
82,3.211615e-07,6.705997e-07,1.544049e-06,1.530648e-06,0.0001005653,9.614631e-07,8.858932e-07,7.084688e-07,0.0001071875833
83,2.269914e-07,9.0288e-07,1.622708e-06,9.965418e-05,1.586577e-06,5.708777e-07,7.196364e-07,8.32289e-07,0.00010611613950000001
84,3.21555e-07,6.701578e-07,1.545086e-06,1.650646e-06,0.0001090308,9.732396e-07,8.963876e-07,7.042435e-07,0.0001157921155
85,3.178505e-07,6.367018e-07,8.488628e-05,7.98156e-06,3.763536e-07,5.474485e-07,8.118242e-07,7.126916e-07,9.62707102e-05
86,2.261745e-07,9.132979e-07,1.838918e-06,0.0001078895,1.688545e-06,5.742235e-07,7.204799e-07,8.391755e-07,0.0001146903143
87,2.753847e-07,6.719749e-07,1.434078e-06,5.287917e-07,2.824386e-05,8.086377e-07,7.917966e-07,7.133481e-07,3.34678717e-05
88,5.179252e-06,8.706962e-05,2.076103e-06,1.380763e-07,1.167584e-07,6.255279e-07,7.087822e-07,8.161381e-07,9.67302579e-05
89,3.157625e-07,6.39807e-07,7.281082e-05,7.141493e-06,3.463624e-07,5.485157e-07,8.077381e-07,7.189661e-07,8.33294648e-05
90,2.324576e-07,7.940549e-07,2.978687e-07,2.862569e-05,6.708546e-07,5.461118e-07,7.22093e-07,7.827916e-07,3.26719222e-05
91,2.53537e-07,6.748832e-07,1.357735e-06,2.032377e-07,4.870458e-06,6.765868e-07,7.470607e-07,7.239554e-07,9.507453800000001e-06
92,4.466653e-06,7.393645e-05,1.998243e-06,1.383145e-07,1.168217e-07,6.212857e-07,7.117825e-07,8.142762e-07,8.28038266e-05
93,3.181862e-07,6.393855e-07,7.4812e-05,7.27766e-06,3.520921e-07,5.50799e-07,8.108037e-07,7.243948e-07,8.54853213e-05
94,2.357368e-07,7.138391e-07,6.813654e-07,2.279836e-06,2.290269e-07,5.522936e-07,7.213283e-07,7.510905e-07,6.1645166e-06
95,2.606429e-07,6.757414e-07,1.380549e-06,2.594651e-07,8.776828e-06,7.114011e-07,7.600979e-07,7.256355e-07,1.3550360900000002e-05
96,4.569063e-06,7.586283e-05,2.012251e-06,1.392528e-07,1.176801e-07,6.236799e-07,7.135105e-07,8.191406e-07,8.48574079e-05
97,2.350149e-07,7.492233e-07,3.762773e-07,9.540861e-06,3.742408e-07,5.510747e-07,7.237834e-07,7.656599e-07,1.33161353e-05
98,3.184355e-07,6.492321e-07,7.412682e-05,7.229997e-06,3.520446e-07,5.533558e-07,8.134786e-07,7.267722e-07,8.47701358e-05
99,2.616948e-07,6.797341e-07,1.381658e-06,2.513601e-07,8.230305e-06,7.090915e-07,7.601785e-07,7.301178e-07,1.30041398e-05
100,4.529405e-06,7.513443e-05,2.009608e-06,1.381982e-07,1.1693e-07,6.26523e-07,7.15082e-07,8.196251e-07,8.408980130000001e-05
101,3.190287e-07,6.455019e-07,7.55966e-05,7.357283e-06,3.541457e-07,5.533349e-07,8.138694e-07,7.268107e-07,8.63665743e-05
102,2.360849e-07,7.450382e-07,4.222234e-07,7.712594e-06,3.41064e-07,5.524669e-07,7.243444e-07,7.658949e-07,1.14997107e-05
103,2.558552e-07,6.806555e-07,1.364367e-06,2.093512e-07,5.242377e-06,6.827933e-07,7.53922e-07,7.323021e-07,9.921623300000001e-06
104,4.641191e-06,7.68511e-05,2.024612e-06,1.403047e-07,1.165469e-07,6.261446e-07,7.1454e-07,8.197357e-07,8.593417489999998e-05
105,3.289877e-07,6.498143e-07,0.0001024008,9.237033e-06,4.20302e-07,5.500237e-07,8.300633e-07,7.24209e-07,0.00011514123299999999
106,2.366992e-07,7.229366e-07,6.290597e-07,3.014879e-06,2.474492e-07,5.55319e-07,7.238054e-07,7.577381e-07,6.8878862e-06
107,3.055e-07,6.78474e-07,1.521711e-06,1.070578e-06,6.805017e-05,9.144928e-07,8.571053e-07,7.176918e-07,7.41157229e-05
108,6.13347e-06,0.000104371,2.193398e-06,1.386711e-07,1.157468e-07,6.401306e-07,7.150712e-07,8.337529e-07,0.0001151412406
109,2.305005e-07,8.649983e-07,8.662426e-07,6.770837e-05,1.190466e-06,5.596711e-07,7.277791e-07,8.205727e-07,7.29686003e-05
110,3.298591e-07,6.76397e-07,1.57759e-06,1.687984e-06,0.0001127399,9.759729e-07,9.111393e-07,7.108167e-07,0.000119609659
111,3.2037e-07,6.42574e-07,8.750444e-05,8.213872e-06,3.830782e-07,5.496771e-07,8.2219e-07,7.208545e-07,9.91570558e-05
112,2.285403e-07,9.223745e-07,1.926858e-06,0.0001109615,1.723611e-06,5.766535e-07,7.283923e-07,8.471388e-07,0.00011791506839999999
113,5.347053e-06,8.94271e-05,2.108853e-06,1.401092e-07,1.165464e-07,6.274738e-07,7.139662e-07,8.23707e-07,9.930480860000001e-05
114,3.148817e-07,6.433571e-07,7.209142e-05,7.114164e-06,3.439998e-07,5.484585e-07,8.123554e-07,7.227825e-07,8.259141899999999e-05
115,2.527382e-07,6.780782e-07,1.362615e-06,1.918209e-07,4.059776e-06,6.654287e-07,7.504997e-07,7.278486e-07,8.688805299999999e-06
116,4.462062e-06,7.356168e-05,2.010931e-06,1.394534e-07,1.180182e-07,6.191627e-07,7.17351e-07,8.151322e-07,8.24437905e-05
117,2.357296e-07,6.951468e-07,9.5116e-07,3.67316e-07,1.687428e-07,5.537901e-07,7.237849e-07,7.455742e-07,4.4412444e-06
118,3.171191e-07,6.396833e-07,7.307684e-05,7.191087e-06,3.46413e-07,5.489857e-07,8.141326e-07,7.258079e-07,8.366006859999998e-05
119,2.531528e-07,6.780496e-07,1.358632e-06,1.855688e-07,3.657312e-06,6.603349e-07,7.494883e-07,7.299305e-07,8.272468900000001e-06
120,4.477019e-06,7.397019e-05,2.013906e-06,1.378329e-07,1.173134e-07,6.207525e-07,7.154392e-07,8.195325e-07,8.287198549999999e-05
121,3.201802e-07,6.428468e-07,7.958042e-05,7.638514e-06,3.622133e-07,5.479783e-07,8.188689e-07,7.263329e-07,9.06373544e-05
122,2.362248e-07,6.842719e-07,1.144604e-06,4.286855e-09,1.385662e-07,5.559569e-07,7.235758e-07,7.436031e-07,4.2310895549999995e-06
123,2.878928e-07,6.743143e-07,1.471929e-06,6.646681e-07,3.817859e-05,8.404701e-07,8.15422e-07,7.22625e-07,4.36559113e-05
124,4.866851e-06,8.082476e-05,2.056504e-06,1.383099e-07,1.161807e-07,6.242582e-07,7.163844e-07,8.229642e-07,9.016621239999999e-05
125,3.292977e-07,6.447694e-07,0.0001060604,9.485457e-06,4.291626e-07,5.462783e-07,8.342214e-07,7.2498e-07,0.0001190545664
126,2.338202e-07,8.186502e-07,4.00664e-07,3.965871e-05,8.177934e-07,5.484299e-07,7.294027e-07,7.99942e-07,4.40074124e-05
127,3.316536e-07,6.745412e-07,1.57966e-06,1.69242e-06,0.0001130443,9.746534e-07,9.104965e-07,7.181213e-07,0.00011992584600000001
128,6.330708e-06,0.0001080934,2.222585e-06,1.381651e-07,1.153609e-07,6.363796e-07,7.144771e-07,8.37956e-07,0.0001190890317
129,2.294102e-07,9.220526e-07,1.936362e-06,0.0001117682,1.723183e-06,5.76086e-07,7.28259e-07,8.539366e-07,0.00011873748940000002
130,2.902389e-07,6.768106e-07,1.482603e-06,7.596543e-07,4.492979e-05,8.642279e-07,8.258607e-07,7.208077e-07,5.05499931e-05
131,3.196051e-07,6.447096e-07,8.033962e-05,7.712772e-06,3.638966e-07,5.482908e-07,8.203057e-07,7.265731e-07,9.14757729e-05
132,2.345522e-07,8.384421e-07,4.855832e-07,4.671394e-05,9.054286e-07,5.631538e-07,7.341184e-07,8.054959e-07,5.12807142e-05
133,2.767272e-07,6.762321e-07,1.435324e-06,4.567821e-07,2.30453e-05,7.862126e-07,7.910747e-07,7.243857e-07,2.81920384e-05
134,4.958828e-06,8.257151e-05,2.065853e-06,1.390934e-07,1.16804e-07,6.24329e-07,7.174795e-07,8.232464e-07,9.201714330000001e-05
135,3.086554e-07,6.435398e-07,5.428093e-05,5.776572e-06,2.973893e-07,5.510595e-07,8.02224e-07,7.285881e-07,6.33889581e-05
136,2.342832e-07,7.847374e-07,2.779746e-07,2.275599e-05,5.81301e-07,5.455994e-07,7.283932e-07,7.861896e-07,2.66944684e-05
137,2.750037e-07,6.784539e-07,1.430767e-06,4.359893e-07,2.144233e-05,7.799235e-07,7.881395e-07,7.27049e-07,2.65576559e-05
138,3.521665e-06,5.657132e-05,1.893596e-06,1.387684e-07,1.17696e-07,6.103771e-07,7.188451e-07,8.073062e-07,6.43795738e-05
139,3.013669e-07,6.470666e-07,3.900904e-05,4.594767e-06,2.574276e-07,5.517431e-07,7.899855e-07,7.287402e-07,4.68801369e-05
140,2.343323e-07,7.812218e-07,2.773555e-07,2.118721e-05,5.574792e-07,5.449436e-07,7.272482e-07,7.831474e-07,2.5092938e-05
141,2.769245e-07,6.772019e-07,1.436416e-06,4.694271e-07,2.394388e-05,7.901374e-07,7.93589e-07,7.258011e-07,2.9113377e-05
142,2.465057e-06,3.751066e-05,1.751424e-06,1.3848e-07,1.189824e-07,5.997645e-07,7.178959e-07,7.935701e-07,4.40958339e-05
143,2.968677e-07,6.442976e-07,3.460162e-05,4.218649e-06,2.449997e-07,5.519945e-07,7.852578e-07,7.27944e-07,4.20716303e-05
144,2.341716e-07,7.864163e-07,2.789533e-07,2.343207e-05,5.915572e-07,5.440098e-07,7.258279e-07,7.840995e-07,2.7377105600000003e-05
145,2.791699e-07,6.762367e-07,1.440803e-06,4.950086e-07,2.591402e-05,7.95767e-07,7.950511e-07,7.230413e-07,3.11190976e-05
146,2.371683e-06,3.59848e-05,1.73417e-06,1.381668e-07,1.186171e-07,5.971771e-07,7.182039e-07,7.913964e-07,4.2454214300000004e-05
147,2.935882e-07,6.440557e-07,3.093005e-05,3.894928e-06,2.346997e-07,5.504325e-07,7.828578e-07,7.281002e-07,3.80587121e-05
148,2.352041e-07,7.906746e-07,2.839523e-07,2.523501e-05,6.158441e-07,5.435922e-07,7.27029e-07,7.859416e-07,2.92172479e-05
149,2.249814e-06,3.37786e-05,1.717403e-06,1.376674e-07,1.192692e-07,5.965962e-07,7.178059e-07,7.889782e-07,4.01061339e-05
150,3.035275e-07,6.413894e-07,4.607356e-05,5.154287e-06,2.745683e-07,5.498085e-07,7.945021e-07,7.259383e-07,5.451758110000001e-05
151,3.047515e-06,4.885429e-05,1.84058e-06,1.415197e-07,1.215353e-07,6.204036e-07,7.247447e-07,8.011941e-07,5.61517824e-05
152,3.206163e-07,6.386508e-07,8.708737e-05,8.192714e-06,3.800142e-07,5.44286e-07,8.194768e-07,7.213324e-07,9.87044605e-05
153,3.065398e-07,6.710026e-07,1.520714e-06,1.128137e-06,7.231256e-05,9.13869e-07,8.549778e-07,7.148357e-07,7.842263589999999e-05
154,5.309238e-06,8.894734e-05,2.102899e-06,1.38844e-07,1.154584e-07,6.213177e-07,7.111208e-07,8.213857e-07,9.87676036e-05
155,3.162614e-07,6.385259e-07,7.998104e-05,7.693564e-06,3.591627e-07,5.429476e-07,8.157572e-07,7.16911e-07,9.106416980000001e-05
156,2.271549e-07,8.642228e-07,9.76288e-07,7.237627e-05,1.238754e-06,5.514138e-07,7.240609e-07,8.170136e-07,7.7775178e-05
157,2.699448e-07,6.704183e-07,1.420282e-06,4.163904e-07,2.022545e-05,7.630318e-07,7.810775e-07,7.160386e-07,2.5262633400000004e-05
158,4.938588e-06,8.182624e-05,2.055448e-06,1.390566e-07,1.156355e-07,6.148409e-07,7.129424e-07,8.126659e-07,9.121541729999999e-05
159,2.393259e-07,7.832872e-07,2.722653e-07,2.018922e-05,5.388348e-07,5.598039e-07,7.353041e-07,7.819142e-07,2.40999554e-05
160,2.832134e-07,6.673505e-07,1.460231e-06,6.555169e-07,3.78503e-05,8.261495e-07,8.095161e-07,7.095912e-07,4.3261868599999995e-05
161,2.28432e-07,8.146567e-07,4.419379e-07,4.256818e-05,8.5126e-07,5.382984e-07,7.224554e-07,7.903587e-07,4.69555791e-05
162,3.104689e-07,6.668371e-07,1.537001e-06,1.29966e-06,8.526871e-05,9.257222e-07,8.690171e-07,7.06289e-07,9.15837053e-05
163,2.266061e-07,8.807319e-07,1.338934e-06,8.832535e-05,1.424688e-06,5.515667e-07,7.208112e-07,8.262537e-07,9.429494160000001e-05
164,2.540176e-07,6.659168e-07,1.364227e-06,2.320173e-07,7.006682e-06,6.801931e-07,7.506648e-07,7.175415e-07,1.16712601e-05
165,2.31825e-07,7.300977e-07,4.192139e-07,7.710271e-06,3.363369e-07,5.349442e-07,7.15885e-07,7.536398e-07,1.1432213499999999e-05
166,2.542247e-07,6.670214e-07,1.361728e-06,2.366949e-07,7.405568e-06,6.808876e-07,7.498111e-07,7.178264e-07,1.20737621e-05
167,2.315167e-07,7.197684e-07,5.071607e-07,5.098415e-06,2.858167e-07,5.361677e-07,7.15822e-07,7.49157e-07,8.8438242e-06
168,2.857455e-07,6.652966e-07,1.45835e-06,6.802912e-07,4.007664e-05,8.258587e-07,8.085986e-07,7.076895e-07,4.55084701e-05
169,2.302551e-07,8.105499e-07,4.41534e-07,4.248228e-05,8.479928e-07,5.353564e-07,7.20181e-07,7.860262e-07,4.6854175399999994e-05
170,3.210502e-07,6.351024e-07,9.574014e-05,8.789433e-06,3.961506e-07,5.327931e-07,8.19755e-07,7.126049e-07,0.0001079470292
171,2.945556e-07,6.634152e-07,1.482301e-06,9.007568e-07,5.624246e-05,8.707387e-07,8.303333e-07,7.083819e-07,6.199294249999999e-05
172,5.800247e-06,9.781031e-05,2.14263e-06,1.366982e-07,1.124203e-07,6.161612e-07,7.066287e-07,8.189007e-07,0.00010814399609999998
173,2.275976e-07,8.343286e-07,6.870517e-07,5.773071e-05,1.044241e-06,5.38585e-07,7.184261e-07,8.02237e-07,6.2583177e-05
174,2.525006e-07,6.649432e-07,1.348383e-06,2.123139e-07,5.699577e-06,6.656634e-07,7.450417e-07,7.198325e-07,1.0308255300000001e-05
175,3.116237e-07,6.300314e-07,7.555063e-05,7.338245e-06,3.446758e-07,5.329013e-07,8.057967e-07,7.122051e-07,8.6226109e-05
176,2.304214e-07,7.201614e-07,4.731204e-07,5.826585e-06,2.989432e-07,5.327043e-07,7.151408e-07,7.494368e-07,9.546513300000001e-06
177,2.700113e-07,6.633258e-07,1.406023e-06,4.222174e-07,2.100254e-05,7.610652e-07,7.757976e-07,7.11703e-07,2.6012683299999997e-05
178,4.609426e-06,7.61902e-05,2.005258e-06,1.35885e-07,1.131167e-07,6.034315e-07,7.063825e-07,8.035441e-07,8.516724380000001e-05
179,2.293031e-07,7.631138e-07,2.74871e-07,2.069282e-05,5.425008e-07,5.30695e-07,7.143875e-07,7.684336e-07,2.45161248e-05
180,3.215911e-07,6.614167e-07,1.546339e-06,1.542249e-06,0.0001032171,9.425623e-07,8.886518e-07,7.049701e-07,0.00010982488
181,2.256214e-07,8.954552e-07,1.714043e-06,0.0001026103,1.590269e-06,5.55196e-07,7.188115e-07,8.309728e-07,0.00010914066890000001
182,3.224667e-07,6.607693e-07,1.548454e-06,1.55499e-06,0.0001040876,9.428422e-07,8.89755e-07,7.027355e-07,0.00011070961269999999
183,2.269173e-07,8.95047e-07,1.725358e-06,0.000103151,1.59735e-06,5.547955e-07,7.182489e-07,8.318195e-07,0.00010970053619999999
184,3.195053e-07,6.328222e-07,9.312452e-05,8.603361e-06,3.902273e-07,5.310559e-07,8.169256e-07,7.101003e-07,0.00010512851760000001
185,2.68353e-07,6.625284e-07,1.400235e-06,3.965146e-07,1.902009e-05,7.481181e-07,7.722668e-07,7.122678e-07,2.3980373700000002e-05
186,5.660926e-06,9.526405e-05,2.125273e-06,1.373e-07,1.131467e-07,6.12469e-07,7.043228e-07,8.15533e-07,0.0001054330205
187,3.063847e-07,6.289532e-07,6.426858e-05,6.517476e-06,3.184635e-07,5.339112e-07,7.98671e-07,7.11155e-07,7.40835946e-05
188,2.305319e-07,7.601702e-07,2.778267e-07,1.881895e-05,5.15742e-07,5.306069e-07,7.153151e-07,7.632845e-07,2.26124273e-05
189,2.528496e-07,6.628485e-07,1.347202e-06,2.185994e-07,6.164604e-06,6.663047e-07,7.455888e-07,7.145309e-07,1.07725279e-05
190,4.100944e-06,6.681122e-05,1.935357e-06,1.371537e-07,1.141878e-07,5.987293e-07,7.047175e-07,7.951321e-07,7.51974414e-05
191,2.948564e-07,6.288905e-07,4.147944e-05,4.757084e-06,2.578247e-07,5.343437e-07,7.796896e-07,7.108519e-07,4.94429808e-05
192,2.304971e-07,7.071135e-07,5.638799e-07,3.806927e-06,2.588837e-07,5.323341e-07,7.111964e-07,7.420074e-07,7.5528391e-06
193,2.822485e-06,4.376707e-05,1.769203e-06,1.347265e-07,1.151813e-07,5.857404e-07,7.05009e-07,7.797621e-07,5.06791773e-05
194,2.863568e-07,6.296012e-07,2.648473e-05,3.498843e-06,2.18431e-07,5.36442e-07,7.646076e-07,7.133261e-07,3.31323377e-05
195,2.528097e-07,6.603022e-07,1.34514e-06,2.237046e-07,6.524145e-06,6.697673e-07,7.431615e-07,7.114855e-07,1.11305158e-05
196,2.035932e-06,2.993237e-05,1.655533e-06,1.33737e-07,1.156782e-07,5.780786e-07,7.054895e-07,7.688653e-07,3.5925683600000004e-05
197,2.853649e-07,6.299117e-07,2.457033e-05,3.334719e-06,2.129772e-07,5.36693e-07,7.625351e-07,7.128002e-07,3.1045331099999995e-05
198,2.310743e-07,7.031164e-07,5.836472e-07,3.456874e-06,2.507976e-07,5.323155e-07,7.10807e-07,7.39962e-07,7.208594e-06
199,1.672011e-06,2.371477e-05,1.604224e-06,1.332064e-07,1.161416e-07,5.735429e-07,7.059265e-07,7.623801e-07,2.92822025e-05
200,2.863274e-07,6.283983e-07,2.777288e-05,3.606394e-06,2.204645e-07,5.370409e-07,7.671455e-07,7.112966e-07,3.45299472e-05
201,2.014513e-06,2.965129e-05,1.655829e-06,1.34022e-07,1.148559e-07,5.749835e-07,7.056375e-07,7.690767e-07,3.56202076e-05
202,2.943455e-07,6.278195e-07,4.025887e-05,4.656768e-06,2.547752e-07,5.321159e-07,7.766632e-07,7.095611e-07,4.8110918399999996e-05
203,2.658411e-06,4.097872e-05,1.744056e-06,1.348356e-07,1.154004e-07,5.821791e-07,7.037677e-07,7.763381e-07,4.76937079e-05
204,3.04674e-07,6.261312e-07,6.283345e-05,6.397634e-06,3.125895e-07,5.308577e-07,7.934169e-07,7.073259e-07,7.25060792e-05
205,4.043331e-06,6.58236e-05,1.918202e-06,1.352142e-07,1.139351e-07,5.951791e-07,7.023343e-07,7.933498e-07,7.41251455e-05
206,3.169554e-07,6.268501e-07,9.49599e-05,8.678237e-06,3.926864e-07,5.275062e-07,8.102992e-07,7.066232e-07,0.00010701905750000001
207,2.673731e-07,6.570208e-07,1.388159e-06,4.060081e-07,1.99298e-05,7.466991e-07,7.694451e-07,7.069397e-07,2.4871444900000002e-05
208,5.749195e-06,9.685342e-05,2.122746e-06,1.342493e-07,1.107774e-07,6.067901e-07,6.98035e-07,8.080665e-07,0.0001070832793
209,2.272138e-07,7.544779e-07,2.746501e-07,1.970353e-05,5.222798e-07,5.251165e-07,7.079857e-07,7.574348e-07,2.3472688600000003e-05
210,2.981713e-07,6.553994e-07,1.479858e-06,1.047071e-06,6.737449e-05,8.789332e-07,8.368494e-07,6.952085e-07,7.32659808e-05
211,2.225069e-07,8.394472e-07,9.054727e-07,6.819826e-05,1.166917e-06,5.332682e-07,7.101873e-07,7.968421e-07,7.33729014e-05
212,3.211007e-07,6.531331e-07,1.532774e-06,1.688751e-06,0.0001143957,9.425122e-07,8.916559e-07,6.908327e-07,0.00012111645960000001
213,2.217134e-07,8.96787e-07,2.038427e-06,0.000113623,1.701308e-06,5.517585e-07,7.089134e-07,8.250104e-07,0.0001205669177
214,3.138127e-07,6.204968e-07,0.0001032473,9.277037e-06,4.045303e-07,5.215937e-07,8.122406e-07,6.955948e-07,0.00011589260590000001
215,3.071349e-07,6.499927e-07,1.50391e-06,1.376757e-06,9.176242e-05,9.11461e-07,8.619878e-07,6.87186e-07,9.80608494e-05
216,6.183166e-06,0.0001051741,2.16723e-06,1.33811e-07,1.066528e-07,6.054692e-07,6.926747e-07,8.015225e-07,0.0001158646262
217,2.7753e-07,6.186987e-07,2.680467e-05,3.519042e-06,2.09893e-07,5.261299e-07,7.563788e-07,6.964237e-07,3.3408766099999996e-05
218,2.198202e-07,8.654915e-07,1.433094e-06,9.085077e-05,1.435498e-06,5.379192e-07,7.075119e-07,8.023696e-07,9.685247440000001e-05
219,2.543957e-07,6.507291e-07,1.351247e-06,3.090761e-07,1.293452e-05,6.993438e-07,7.47617e-07,6.938463e-07,1.7640775e-05
220,1.740757e-06,2.488041e-05,1.600665e-06,1.312106e-07,1.091798e-07,5.630093e-07,6.951726e-07,7.487511e-07,3.0469155400000003e-05
221,2.501436e-07,6.282103e-07,2.327598e-06,9.526528e-07,1.330161e-07,5.275666e-07,7.170486e-07,7.011013e-07,6.2373373e-06
222,2.233503e-07,7.273044e-07,3.106095e-07,1.299357e-05,4.117349e-07,5.173985e-07,6.989648e-07,7.384887e-07,1.66214211e-05
223,2.473836e-07,6.470636e-07,1.325853e-06,2.386282e-07,7.898407e-06,6.639347e-07,7.318267e-07,6.953495e-07,1.2448446299999998e-05
224,2.7908e-06,4.423089e-05,1.805337e-06,1.421814e-07,1.2319e-07,6.169996e-07,7.253832e-07,7.990943e-07,5.12338755e-05
225,2.591851e-07,6.208114e-07,7.676519e-06,1.653618e-06,1.502512e-07,5.248877e-07,7.283473e-07,6.992425e-07,1.2312862200000001e-05
226,2.245561e-07,7.045177e-07,4.223901e-07,6.999435e-06,3.074767e-07,5.195225e-07,6.971533e-07,7.33229e-07,1.06082804e-05
227,2.514239e-07,6.45772e-07,1.336268e-06,2.712047e-07,1.040982e-05,6.818707e-07,7.38085e-07,6.967305e-07,1.50311748e-05
228,6.522942e-07,6.476661e-06,1.398345e-06,1.258944e-07,1.08738e-07,5.460113e-07,6.949802e-07,7.299382e-07,1.0732862300000001e-05
229,2.238918e-07,7.186293e-07,3.384825e-07,1.075517e-05,3.742291e-07,5.180283e-07,6.978694e-07,7.375061e-07,1.43638065e-05
230,2.439653e-07,6.843365e-07,1.304204e-06,1.296334e-07,1.278003e-07,5.687318e-07,7.338716e-07,7.364618e-07,4.529004700000001e-06
231,5.864683e-07,5.365345e-06,1.386315e-06,1.258563e-07,1.090793e-07,5.457053e-07,6.953513e-07,7.297335e-07,9.543854e-06
232,2.485274e-07,6.267877e-07,2.221479e-06,9.359539e-07,1.314242e-07,5.2738e-07,7.171707e-07,7.033045e-07,6.1120274e-06
233,6.359921e-07,6.152351e-06,1.398701e-06,1.264029e-07,1.091703e-07,5.472567e-07,6.948549e-07,7.308787e-07,1.03956076e-05
234,2.978202e-07,6.115133e-07,6.375031e-05,6.453898e-06,2.994376e-07,5.193954e-07,7.785577e-07,6.91062e-07,7.34019942e-05
235,4.129223e-06,6.69972e-05,1.919963e-06,1.331882e-07,1.057389e-07,5.839735e-07,6.92594e-07,7.775496e-07,7.53394302e-05
236,3.164958e-07,6.458401e-07,1.5241e-06,1.592285e-06,0.0001091107,9.255263e-07,8.820236e-07,6.835245e-07,0.00011568049529999999
237,2.22272e-07,8.838548e-07,1.885862e-06,0.0001076457,1.627667e-06,5.48009e-07,7.066545e-07,8.169083e-07,0.0001143369276
238,3.16489e-07,6.212966e-07,0.0001070101,9.535334e-06,4.065652e-07,5.171613e-07,8.110313e-07,6.919658e-07,0.0001199099432
239,3.093401e-07,6.461405e-07,1.50603e-06,1.390632e-06,9.418806e-05,9.107886e-07,8.636931e-07,6.823808e-07,0.0001004970651
240,6.4134e-06,0.0001090847,2.183987e-06,1.333663e-07,1.040562e-07,6.075637e-07,6.926686e-07,8.067809e-07,0.00012002652269999999
241,2.20128e-07,8.70413e-07,1.581007e-06,9.654251e-05,1.498099e-06,5.40404e-07,7.070516e-07,8.076902e-07,0.00010276730279999999
242,2.625669e-07,6.511562e-07,1.368181e-06,3.639566e-07,1.717483e-05,7.257332e-07,7.576342e-07,7.014705e-07,2.2005528599999997e-05
243,2.496892e-07,6.372652e-07,1.11084e-06,7.356551e-07,1.290297e-07,5.333837e-07,7.195444e-07,7.147374e-07,4.8301447e-06
244,2.28694e-07,7.439485e-07,2.76267e-07,1.741996e-05,4.823337e-07,5.236919e-07,7.041971e-07,7.548525e-07,2.11339447e-05
245,2.316828e-07,6.517788e-07,1.249422e-06,1.19359e-07,1.149491e-07,5.336768e-07,7.020639e-07,7.180508e-07,4.3209832e-06
246,2.559537e-07,6.528811e-07,1.33841e-06,2.597087e-07,9.431544e-06,6.844968e-07,7.421634e-07,7.053586e-07,1.4070516299999999e-05
247,2.494759e-07,6.368173e-07,1.277218e-06,7.688482e-07,1.306156e-07,5.323691e-07,7.197434e-07,7.1216e-07,5.0272475e-06
248,2.287035e-07,7.131964e-07,4.05782e-07,7.53517e-06,3.217472e-07,5.254084e-07,7.034599e-07,7.43154e-07,1.11766214e-05
249,2.492027e-07,6.510788e-07,1.315674e-06,1.93181e-07,4.62737e-06,6.448622e-07,7.30053e-07,7.10085e-07,9.1215067e-06
250,2.311695e-07,6.502809e-07,1.24864e-06,1.196562e-07,1.155644e-07,5.324397e-07,7.011338e-07,7.131943e-07,4.3120788e-06
251,2.901493e-07,6.207291e-07,3.533059e-05,4.243374e-06,2.319777e-07,5.29796e-07,7.6428e-07,7.037001e-07,4.2714596200000005e-05
252,2.297472e-07,6.855541e-07,6.633076e-07,2.161863e-06,2.126507e-07,5.265562e-07,7.015358e-07,7.289905e-07,5.9102051e-06
253,2.940785e-07,6.505601e-07,1.469176e-06,9.977994e-07,6.453625e-05,8.674628e-07,8.300393e-07,6.891032e-07,7.033446929999999e-05
254,2.237427e-06,3.406384e-05,1.734123e-06,1.41999e-07,1.238324e-07,6.130935e-07,7.290967e-07,7.94675e-07,4.04380866e-05
255,3.149211e-07,6.227659e-07,0.0001059452,9.467978e-06,4.046181e-07,5.188992e-07,8.101781e-07,6.959536e-07,0.000118780514
256,2.222046e-07,8.259339e-07,8.305492e-07,6.41916e-05,1.101935e-06,5.283314e-07,7.048868e-07,7.868545e-07,6.919229539999999e-05
257,6.439971e-06,0.0001091278,2.1803e-06,1.33076e-07,1.037244e-07,6.054017e-07,6.907237e-07,8.035098e-07,0.0001200845066
258,2.678056e-07,6.489336e-07,1.387189e-06,4.992647e-07,2.715505e-05,7.667409e-07,7.717103e-07,6.928246e-07,3.21895187e-05
259,2.861502e-07,6.15715e-07,4.239101e-05,4.824968e-06,2.464323e-07,5.244825e-07,7.658359e-07,6.942453e-07,5.0348839200000005e-05
260,2.23683e-07,7.628557e-07,2.95882e-07,2.741091e-05,6.237105e-07,5.21141e-07,7.027568e-07,7.570262e-07,3.12979652e-05
261,2.619801e-07,6.475109e-07,1.37529e-06,4.313309e-07,2.218832e-05,7.457295e-07,7.624976e-07,6.915164e-07,2.7104175400000002e-05
262,2.87552e-06,4.479048e-05,1.748008e-06,1.323377e-07,1.062975e-07,5.755467e-07,6.936659e-07,7.662774e-07,5.1688133200000004e-05
263,2.73152e-07,6.183936e-07,2.061023e-05,2.967955e-06,1.89465e-07,5.272656e-07,7.473702e-07,6.999628e-07,2.66337942e-05
264,2.210575e-07,7.496918e-07,2.750802e-07,2.18208e-05,5.418479e-07,5.18408e-07,6.989926e-07,7.501434e-07,2.5576021399999998e-05
265,2.676064e-07,6.466424e-07,1.391148e-06,5.240877e-07,2.918006e-05,7.694952e-07,7.742659e-07,6.905123e-07,3.4243817899999997e-05
266,1.50118e-06,2.081927e-05,1.542452e-06,1.293424e-07,1.088349e-07,5.601631e-07,6.94557e-07,7.474968e-07,2.61032962e-05
267,2.71161e-07,6.152816e-07,1.950773e-05,2.850866e-06,1.85898e-07,5.260389e-07,7.472681e-07,7.001937e-07,2.5404437300000003e-05
268,2.213406e-07,7.661454e-07,3.149915e-07,3.008552e-05,6.625158e-07,5.189086e-07,7.017028e-07,7.606839e-07,3.40318086e-05
269,2.688547e-07,6.452482e-07,1.404033e-06,5.680573e-07,3.217316e-05,7.853707e-07,7.789436e-07,6.874547e-07,3.7311122200000006e-05
270,1.426915e-06,1.956249e-05,1.54897e-06,1.306571e-07,1.084271e-07,5.604696e-07,6.966994e-07,7.427411e-07,2.4777369299999998e-05
271,2.743029e-07,6.190394e-07,2.090822e-05,2.984283e-06,1.91372e-07,5.286502e-07,7.502873e-07,6.997353e-07,2.69558901e-05
272,2.235846e-07,7.738548e-07,3.264789e-07,3.184225e-05,6.921592e-07,5.227677e-07,7.047275e-07,7.658318e-07,3.58516545e-05
273,2.72985e-07,6.496263e-07,1.411431e-06,5.849791e-07,3.318251e-05,8.002669e-07,7.820183e-07,6.931879e-07,3.83770045e-05
274,1.603162e-06,2.251931e-05,1.574443e-06,1.327078e-07,1.106019e-07,5.685644e-07,6.979763e-07,7.508502e-07,2.7957615600000002e-05
275,2.783544e-07,6.2737e-07,2.115009e-05,3.009636e-06,1.957002e-07,5.352219e-07,7.518251e-07,7.058058e-07,2.7254003399999998e-05
276,2.281612e-07,7.819746e-07,3.338197e-07,3.3189e-05,7.120466e-07,5.274384e-07,7.073002e-07,7.709179e-07,3.72506586e-05
277,2.795103e-07,6.547985e-07,1.419013e-06,5.907976e-07,3.379815e-05,7.993506e-07,7.901917e-07,6.995909e-07,3.90314026e-05
278,1.698816e-06,2.414994e-05,1.602206e-06,1.331042e-07,1.116819e-07,5.712078e-07,7.013759e-07,7.57678e-07,2.97260098e-05
279,2.255371e-07,7.844313e-07,3.42227e-07,3.404585e-05,7.287861e-07,5.259714e-07,7.083232e-07,7.708783e-07,3.81320044e-05
280,3.025752e-07,6.545451e-07,1.48635e-06,1.123649e-06,7.285474e-05,8.952215e-07,8.409964e-07,6.938491e-07,7.88519263e-05
281,3.070406e-07,6.316453e-07,6.789455e-05,6.778508e-06,3.203398e-07,5.33117e-07,7.923426e-07,7.065421e-07,7.796408539999999e-05
282,2.257448e-07,8.52318e-07,1.005552e-06,7.342917e-05,1.23957e-06,5.421696e-07,7.100378e-07,8.034361e-07,7.88079983e-05
283,2.949702e-07,6.581874e-07,1.458575e-06,9.546091e-07,5.925528e-05,8.772536e-07,8.240418e-07,7.005445e-07,6.50234616e-05
284,4.222525e-06,6.933939e-05,1.934015e-06,1.363108e-07,1.112918e-07,6.0044e-07,7.011694e-07,7.96435e-07,7.7841577e-05
285,2.808244e-07,6.363376e-07,1.781885e-05,2.712539e-06,1.911246e-07,5.383521e-07,7.556768e-07,7.099194e-07,2.3643623900000003e-05
286,2.277857e-07,8.402279e-07,7.988045e-07,6.370287e-05,1.122743e-06,5.379529e-07,7.109814e-07,7.988878e-07,6.87402532e-05
287,2.720556e-07,6.580247e-07,1.406036e-06,4.782768e-07,2.465307e-05,7.788424e-07,7.776097e-07,7.027531e-07,2.9726668300000002e-05
288,1.312001e-06,1.745521e-05,1.53375e-06,1.351292e-07,1.150915e-07,5.739935e-07,7.062324e-07,7.570201e-07,2.2588427699999997e-05
289,2.960458e-07,6.403574e-07,3.855104e-05,4.5273e-06,2.482837e-07,5.372325e-07,7.764156e-07,7.099123e-07,4.62865873e-05
290,2.31371e-07,7.736484e-07,2.742018e-07,2.397542e-05,5.913944e-07,5.334537e-07,7.14222e-07,7.668598e-07,2.7860571099999998e-05
291,2.616613e-06,4.047213e-05,1.734722e-06,1.370642e-07,1.122466e-07,5.882558e-07,7.068057e-07,7.769416e-07,4.71447789e-05
292,3.168475e-07,6.449949e-07,8.387349e-05,7.959015e-06,3.634033e-07,5.349947e-07,8.076468e-07,7.066722e-07,9.520706439999999e-05
293,5.0976e-06,8.508562e-05,2.038141e-06,1.390101e-07,1.108403e-07,6.121732e-07,7.041921e-07,8.044515e-07,9.45920282e-05
294,3.034132e-07,6.632836e-07,1.492194e-06,1.173494e-06,7.484641e-05,9.114228e-07,8.484087e-07,7.007886e-07,8.09394149e-05
295,2.304005e-07,8.619701e-07,1.028113e-06,7.465715e-05,1.262261e-06,5.462612e-07,7.170913e-07,8.126447e-07,8.011589179999999e-05
296,2.959501e-07,6.638979e-07,1.473879e-06,8.48903e-07,5.238822e-05,8.600515e-07,8.243919e-07,7.068111e-07,5.80621045e-05
297,2.43974e-07,6.864533e-07,1.305644e-06,1.302346e-07,1.287176e-07,5.703886e-07,7.356564e-07,7.387887e-07,4.539857199999999e-06
298,2.313201e-07,8.306486e-07,6.070327e-07,5.350603e-05,9.90885e-07,5.401174e-07,7.1804e-07,7.954744e-07,5.8219548199999995e-05
299,6.069469e-07,5.593032e-06,1.411651e-06,1.323069e-07,1.160101e-07,5.649297e-07,7.106896e-07,7.459858e-07,9.881552e-06
300,3.057944e-07,6.667819e-07,3.45409e-05,4.231621e-06,2.569114e-07,5.678118e-07,7.98733e-07,7.320196e-07,4.21005731e-05
301,2.640918e-07,6.691336e-07,1.37151e-06,2.707547e-07,9.728375e-06,7.04958e-07,7.568956e-07,7.149986e-07,1.44807173e-05
302,6.381959e-07,6.178193e-06,1.433415e-06,1.333473e-07,1.168151e-07,5.699957e-07,7.139888e-07,7.56534e-07,1.0540484800000001e-05
303,2.368971e-07,7.420132e-07,3.54192e-07,1.027511e-05,3.789319e-07,5.399476e-07,7.191475e-07,7.581458e-07,1.4004385100000002e-05
304,2.98745e-07,6.41882e-07,3.765763e-05,4.454607e-06,2.486117e-07,5.457087e-07,7.817065e-07,7.19872e-07,4.53487629e-05
305,2.579273e-06,3.988232e-05,1.742352e-06,1.384336e-07,1.158493e-07,5.96901e-07,7.138221e-07,7.908992e-07,4.6559850199999994e-05
306,3.068951e-07,6.44964e-07,5.235475e-05,5.632543e-06,2.903355e-07,5.453787e-07,7.952272e-07,7.24241e-07,6.12943345e-05
307,3.438955e-06,5.521054e-05,1.864805e-06,1.394017e-07,1.150855e-07,6.057434e-07,7.142269e-07,8.036523e-07,6.28924098e-05
308,2.65012e-07,6.57092e-07,4.144952e-06,1.25367e-06,1.496499e-07,5.522469e-07,7.479051e-07,7.279507e-07,8.4984786e-06
309,4.830323e-07,3.596917e-06,1.418505e-06,1.348935e-07,1.188434e-07,5.702852e-07,7.220507e-07,7.528058e-07,7.797332900000001e-06
310,2.875983e-07,6.537375e-07,1.880235e-05,2.834616e-06,1.989038e-07,5.560262e-07,7.730335e-07,7.292176e-07,2.4835482899999998e-05
311,2.96098e-07,6.789232e-07,1.486258e-06,7.331974e-07,4.307371e-05,8.596334e-07,8.243987e-07,7.266307e-07,4.86788494e-05
312,1.328449e-06,1.780247e-05,1.5824e-06,1.382935e-07,1.181618e-07,5.922554e-07,7.215679e-07,7.819203e-07,2.30655179e-05
313,3.333361e-07,6.622951e-07,9.836741e-05,8.977955e-06,4.147375e-07,5.522755e-07,8.356588e-07,7.317214e-07,0.0001108753894
314,2.392831e-07,8.370124e-07,4.468954e-07,4.430302e-05,8.884878e-07,5.550087e-07,7.342643e-07,8.114216e-07,4.8815393299999996e-05
315,5.847779e-06,9.976057e-05,2.168176e-06,1.432778e-07,1.171323e-07,6.369715e-07,7.214059e-07,8.405198e-07,0.00011023583230000002
316,3.315506e-07,6.57147e-07,9.845912e-05,8.967685e-06,4.150592e-07,5.526953e-07,8.363376e-07,7.312882e-07,0.00011095088289999999
317,5.885744e-06,0.00010036,2.1706e-06,1.420216e-07,1.1634e-07,6.396587e-07,7.234034e-07,8.384606e-07,0.0001108762283
318,2.885955e-07,6.656527e-07,1.505915e-05,2.484433e-06,1.903798e-07,5.621138e-07,7.74841e-07,7.386581e-07,2.07638239e-05
319,1.268576e-06,1.665845e-05,1.583048e-06,1.413985e-07,1.219596e-07,5.945987e-07,7.307736e-07,7.838628e-07,2.18826672e-05
320,2.7034e-07,6.680933e-07,4.075251e-06,1.255368e-06,1.530272e-07,5.623962e-07,7.60774e-07,7.401842e-07,8.4854339e-06
321,2.70569e-07,6.860866e-07,1.417478e-06,2.876965e-07,1.044847e-05,7.308775e-07,7.750978e-07,7.340931e-07,1.53503685e-05
322,5.204695e-07,4.059414e-06,1.439146e-06,1.371997e-07,1.230755e-07,5.813488e-07,7.326538e-07,7.667243e-07,8.360031599999999e-06
323,2.402972e-07,7.654301e-07,3.559626e-07,1.09245e-05,4.00864e-07,5.535946e-07,7.360937e-07,7.755424e-07,1.47522846e-05
324,2.720583e-07,6.884827e-07,1.414843e-06,2.935406e-07,1.095753e-05,7.33049e-07,7.767592e-07,7.337875e-07,1.58700503e-05
325,2.74877e-07,6.732508e-07,4.171138e-06,1.268907e-06,1.617933e-07,5.748187e-07,7.618742e-07,7.404607e-07,8.6271197e-06
326,2.40266e-07,7.691231e-07,3.485333e-07,1.146439e-05,4.11196e-07,5.548669e-07,7.382208e-07,7.809929e-07,1.5307589e-05
327,5.580341e-07,4.70333e-06,1.458175e-06,1.388328e-07,1.227245e-07,5.868465e-07,7.344856e-07,7.703618e-07,9.0727903e-06
328,2.91547e-07,6.686105e-07,1.648594e-05,2.631441e-06,1.980002e-07,5.679634e-07,7.831117e-07,7.432161e-07,2.23698299e-05
329,1.288312e-06,1.70037e-05,1.594567e-06,1.417461e-07,1.217057e-07,6.013221e-07,7.335381e-07,7.915617e-07,2.22764527e-05
330,3.205133e-07,6.633974e-07,6.333682e-05,6.479045e-06,3.281737e-07,5.645493e-07,8.210153e-07,7.422669e-07,7.32557809e-05
331,4.031515e-06,6.607662e-05,1.96982e-06,1.451528e-07,1.202224e-07,6.31019e-07,7.296704e-07,8.318314e-07,7.4535851e-05
332,3.415056e-07,6.734878e-07,0.0001080305,9.652558e-06,4.423156e-07,5.596074e-07,8.486862e-07,7.379101e-07,0.0001212865707
333,3.104708e-07,6.924795e-07,1.537318e-06,9.229061e-07,5.639656e-05,9.12445e-07,8.555194e-07,7.404769e-07,6.23681757e-05
334,6.294593e-06,0.0001080261,2.234992e-06,1.411519e-07,1.176639e-07,6.529251e-07,7.294316e-07,8.572816e-07,0.0001190541391
335,2.412587e-07,8.69549e-07,6.386045e-07,5.673052e-05,1.055435e-06,5.686928e-07,7.412831e-07,8.350082e-07,6.16803513e-05
336,3.379665e-07,6.97926e-07,1.603819e-06,1.725283e-06,0.0001137995,1.00652e-06,9.310253e-07,7.340977e-07,0.0001208361375
337,2.403745e-07,9.477212e-07,1.924388e-06,0.0001125034,1.747183e-06,5.916953e-07,7.427262e-07,8.724323e-07,0.0001195699205
338,3.342303e-07,6.672238e-07,8.620373e-05,8.135354e-06,3.891113e-07,5.645117e-07,8.363833e-07,7.446073e-07,9.787515170000001e-05
339,5.234971e-06,8.788844e-05,2.12001e-06,1.448379e-07,1.212218e-07,6.43187e-07,7.305828e-07,8.474016e-07,9.773065209999999e-05
340,2.893192e-07,6.792548e-07,9.907834e-06,1.974142e-06,1.807491e-07,5.722997e-07,7.785007e-07,7.488963e-07,1.51309958e-05
341,7.997909e-07,8.616991e-06,1.518105e-06,1.413309e-07,1.251831e-07,5.937407e-07,7.400263e-07,7.826063e-07,1.33177742e-05
342,2.424756e-07,6.892455e-07,1.307246e-06,1.314311e-07,1.28248e-07,5.734597e-07,7.365172e-07,7.419004e-07,4.5505235e-06
343,5.908984e-07,5.185496e-06,1.481039e-06,1.397692e-07,1.250897e-07,5.920419e-07,7.390328e-07,7.781889e-07,9.631555899999999e-06
344,2.874611e-07,6.772983e-07,9.421455e-06,1.916552e-06,1.79197e-07,5.713748e-07,7.78211e-07,7.506115e-07,1.45821607e-05
345,8.405633e-07,9.296776e-06,1.527074e-06,1.407403e-07,1.258931e-07,5.961105e-07,7.395602e-07,7.85281e-07,1.4051998400000001e-05
346,3.407228e-07,6.724001e-07,0.000102573,9.299145e-06,4.314878e-07,5.612304e-07,8.497813e-07,7.421348e-07,0.0001154699022
347,3.210301e-07,6.946465e-07,1.568413e-06,1.177142e-06,7.516635e-05,9.420193e-07,8.84497e-07,7.385434e-07,8.14926413e-05
348,6.093187e-06,0.0001041954,2.217433e-06,1.451348e-07,1.206861e-07,6.497048e-07,7.320677e-07,8.533314e-07,0.0001150069448
349,2.41602e-07,8.967118e-07,9.990177e-07,7.517065e-05,1.294043e-06,5.738885e-07,7.449069e-07,8.475896e-07,8.07684095e-05
350,3.358525e-07,6.692435e-07,9.198127e-05,8.579896e-06,4.058115e-07,5.64059e-07,8.410725e-07,7.438223e-07,0.0001041210273
351,3.192079e-07,6.99119e-07,1.562712e-06,1.194629e-06,7.548961e-05,9.53826e-07,8.817855e-07,7.384957e-07,8.18393851e-05
352,5.526378e-06,9.374425e-05,2.15431e-06,1.450711e-07,1.208145e-07,6.485887e-07,7.316437e-07,8.465254e-07,0.0001039175814
353,2.903016e-07,6.782061e-07,1.268724e-05,2.262512e-06,1.89328e-07,5.728323e-07,7.824888e-07,7.465813e-07,1.8209490100000003e-05
354,2.415299e-07,8.983868e-07,1.00459e-06,7.545849e-05,1.296481e-06,5.775634e-07,7.43278e-07,8.450311e-07,8.10653502e-05
355,1.272973e-06,1.331557e-05,1.650791e-06,1.158686e-06,7.551336e-08,6.291036e-07,7.34247e-07,8.28614e-07,1.966549796e-05
356,2.85362e-07,6.802863e-07,8.105129e-06,1.761551e-06,1.743513e-07,5.712972e-07,7.761184e-07,7.466885e-07,1.31007837e-05
357,6.938595e-07,6.840526e-06,1.490572e-06,1.391873e-07,1.26239e-07,5.93715e-07,7.374384e-07,7.783945e-07,1.13999317e-05
358,2.712678e-07,6.817575e-07,1.901038e-06,9.263343e-07,1.496425e-07,5.73174e-07,7.602787e-07,7.498813e-07,6.0133741e-06
359,2.776628e-07,6.959787e-07,1.432976e-06,3.040017e-07,1.182578e-05,7.448784e-07,7.850067e-07,7.428051e-07,1.68090894e-05
360,2.4687e-07,6.889335e-07,1.31093e-06,1.320993e-07,1.281556e-07,5.753449e-07,7.365474e-07,7.424139e-07,4.5612946e-06
361,3.224657e-07,6.649602e-07,6.009938e-05,6.234702e-06,3.22361e-07,5.650703e-07,8.218102e-07,7.414343e-07,6.97721837e-05
362,2.451533e-07,7.788704e-07,3.381055e-07,1.221235e-05,4.268796e-07,5.620979e-07,7.427901e-07,7.870609e-07,1.6093307699999998e-05
363,3.293661e-07,6.94539e-07,1.585819e-06,1.376499e-06,8.944695e-05,9.57764e-07,9.042595e-07,7.315165e-07,9.602671309999998e-05
364,3.865682e-06,6.303975e-05,1.960035e-06,1.409463e-07,1.208858e-07,6.316554e-07,7.305702e-07,8.27295e-07,7.13168197e-05
365,2.405394e-07,9.159602e-07,1.31049e-06,8.886448e-05,1.468209e-06,5.803024e-07,7.428055e-07,8.532862e-07,9.497607270000001e-05
366,3.014355e-07,6.764928e-07,2.204694e-05,3.164009e-06,2.184472e-07,5.694105e-07,7.911448e-07,7.424015e-07,2.85102813e-05
367,1.736012e-06,2.485626e-05,1.676254e-06,1.441751e-07,1.246274e-07,6.082886e-07,7.343712e-07,8.00018e-07,3.06800063e-05
368,2.934177e-07,6.620132e-07,1.929862e-05,2.886742e-06,2.126537e-07,5.727816e-07,7.850841e-07,7.363112e-07,2.54476235e-05
369,1.417741e-06,1.928113e-05,1.619001e-06,1.434107e-07,1.249253e-07,6.051364e-07,7.359237e-07,7.909782e-07,2.47182463e-05
370,3.037695e-07,6.733656e-07,2.741592e-05,3.637384e-06,2.336076e-07,5.694106e-07,7.953702e-07,7.42309e-07,3.4371136500000004e-05
371,2.956969e-07,6.961188e-07,1.493603e-06,6.073777e-07,3.3915e-05,8.444217e-07,8.2578e-07,7.362499e-07,3.9414248000000004e-05
372,1.873498e-06,2.715633e-05,1.676773e-06,1.439338e-07,1.25072e-07,6.134185e-07,7.33836e-07,8.001949e-07,3.31230562e-05
373,3.080322e-07,6.770354e-07,3.05653e-05,3.913887e-06,2.425505e-07,5.718803e-07,7.985806e-07,7.420579e-07,3.781932389999999e-05
374,2.431151e-07,8.275155e-07,3.299045e-07,3.377934e-05,7.519147e-07,5.641064e-07,7.401231e-07,8.086443e-07,3.80446636e-05
375,3.000261e-07,6.954111e-07,1.498168e-06,6.331424e-07,3.58022e-05,8.478874e-07,8.280534e-07,7.375277e-07,4.1342416099999994e-05
376,1.927866e-06,2.838688e-05,1.700881e-06,1.442329e-07,1.234715e-07,6.163661e-07,7.339522e-07,8.023754e-07,3.4436025099999994e-05
377,3.069395e-07,6.705675e-07,3.14796e-05,3.975166e-06,2.458275e-07,5.733958e-07,7.971054e-07,7.446083e-07,3.879321000000001e-05
378,2.422425e-07,8.339302e-07,3.443847e-07,3.547739e-05,7.762265e-07,5.670473e-07,7.410855e-07,8.111728e-07,3.97934795e-05
379,2.978748e-07,6.946328e-07,1.501623e-06,6.677807e-07,3.763159e-05,8.648067e-07,8.284417e-07,7.3992e-07,4.32266697e-05
380,2.124699e-06,3.199897e-05,1.728415e-06,1.429415e-07,1.242436e-07,6.183847e-07,7.329967e-07,8.061028e-07,3.8276753300000006e-05
381,3.072296e-07,6.696785e-07,3.176081e-05,3.986986e-06,2.463491e-07,5.724386e-07,7.980119e-07,7.40664e-07,3.908216770000001e-05
382,2.409977e-07,8.39472e-07,3.825581e-07,3.909309e-05,8.260802e-07,5.668247e-07,7.388444e-07,8.126747e-07,4.35005418e-05
383,2.158823e-06,3.236993e-05,1.722649e-06,1.434105e-07,1.227163e-07,6.124308e-07,7.306541e-07,7.992829e-07,3.86598966e-05
384,2.951755e-07,6.929907e-07,1.495281e-06,7.007247e-07,4.022806e-05,8.624906e-07,8.291552e-07,7.309495e-07,4.58348272e-05
385,3.23154e-07,6.65316e-07,6.766547e-05,6.75399e-06,3.403242e-07,5.634864e-07,8.229015e-07,7.33302e-07,7.78679441e-05
386,2.405295e-07,8.404298e-07,4.096365e-07,4.130439e-05,8.550122e-07,5.633652e-07,7.38758e-07,8.120608e-07,4.5764182e-05
387,3.239643e-07,6.927905e-07,1.559633e-06,1.312849e-06,8.42489e-05,9.724666e-07,8.892068e-07,7.259256e-07,9.07257358e-05
388,4.177828e-06,6.896439e-05,1.988277e-06,1.432972e-07,1.208969e-07,6.310256e-07,7.265568e-07,8.237878e-07,7.75760593e-05
389,3.216238e-07,6.712592e-07,5.80012e-05,6.100596e-06,3.151153e-07,5.644724e-07,8.134851e-07,7.342781e-07,6.75220299e-05
390,2.36662e-07,9.091108e-07,1.210223e-06,8.426821e-05,1.410939e-06,5.775601e-07,7.377417e-07,8.411412e-07,9.019158779999999e-05
391,3.027241e-07,6.894907e-07,1.513088e-06,8.107465e-07,4.8767e-05,8.789703e-07,8.395504e-07,7.292444e-07,5.453081440000001e-05
392,3.731488e-06,6.098639e-05,1.936146e-06,1.429986e-07,1.212343e-07,6.274611e-07,7.271374e-07,8.170989e-07,6.90899543e-05
393,2.972234e-07,6.684387e-07,2.196275e-05,3.131224e-06,2.150284e-07,5.685332e-07,7.846252e-07,7.37073e-07,2.83648959e-05
394,2.3894e-07,8.55926e-07,5.374135e-07,5.043168e-05,9.746924e-07,5.64417e-07,7.389866e-07,8.169612e-07,5.51590167e-05
395,2.890181e-07,6.907429e-07,1.473557e-06,5.689503e-07,3.10346e-05,8.353414e-07,8.111228e-07,7.302484e-07,3.6433580900000006e-05
396,1.500348e-06,2.088135e-05,1.630356e-06,1.42312e-07,1.23148e-07,6.042501e-07,7.287215e-07,7.893454e-07,2.6399831000000002e-05
397,2.376476e-07,8.230316e-07,3.234004e-07,3.28692e-05,7.384186e-07,5.601686e-07,7.374965e-07,8.019866e-07,3.70913499e-05
398,2.904027e-07,6.910406e-07,1.473899e-06,5.826174e-07,3.14334e-05,8.36292e-07,8.131523e-07,7.314749e-07,3.685227890000001e-05
399,2.387097e-07,8.195099e-07,3.059204e-07,3.047238e-05,7.044869e-07,5.59241e-07,7.359314e-07,7.99989e-07,3.463616829999999e-05
400,3.250346e-07,6.64172e-07,6.9397e-05,6.90809e-06,3.468414e-07,5.63458e-07,8.21204e-07,7.336512e-07,7.97594512e-05
401,4.352421e-06,7.251419e-05,2.0117e-06,1.397022e-07,1.204611e-07,6.348002e-07,7.244847e-07,8.225403e-07,8.132029950000001e-05
402,3.350735e-07,6.980852e-07,1.583006e-06,1.674814e-06,0.0001104815,9.928524e-07,9.230811e-07,7.211618e-07,0.000117409574
403,3.135794e-07,6.609961e-07,4.87504e-05,5.350762e-06,2.918869e-07,5.675428e-07,8.059081e-07,7.357372e-07,5.7476812499999996e-05
404,2.377116e-07,9.529871e-07,1.842017e-06,0.0001091605,1.725301e-06,5.949736e-07,7.398954e-07,8.580657e-07,0.00011611145140000001
405,3.215999e-06,5.162939e-05,1.873313e-06,1.429137e-07,1.229199e-07,6.274926e-07,7.266937e-07,8.158586e-07,5.91545805e-05
406,2.844481e-07,6.736365e-07,9.117843e-06,1.871955e-06,1.782362e-07,5.742566e-07,7.699746e-07,7.438905e-07,1.4214240500000001e-05
407,7.53657e-07,8.011322e-06,1.497555e-06,1.405152e-07,1.255305e-07,5.96256e-07,7.321512e-07,7.751156e-07,1.2632102499999999e-05
408,3.304886e-07,6.924533e-07,1.574753e-06,1.466867e-06,9.612089e-05,9.668021e-07,9.029696e-07,7.299053e-07,0.00010278512890000001
409,2.379105e-07,9.28393e-07,1.502989e-06,9.664073e-05,1.57107e-06,5.869163e-07,7.375484e-07,8.546236e-07,0.00010306018080000002
410,3.305812e-07,6.911324e-07,1.576274e-06,1.531559e-06,0.000100507,9.746265e-07,9.060655e-07,7.260398e-07,0.00010724327840000001
411,2.38943e-07,9.273575e-07,1.599242e-06,9.977019e-05,1.598603e-06,5.864755e-07,7.364605e-07,8.480509e-07,0.00010630532240000001
412,2.78847e-07,6.907989e-07,1.428573e-06,3.436559e-07,1.487915e-05,7.612724e-07,7.853163e-07,7.361152e-07,1.99037287e-05
413,2.422977e-07,7.814937e-07,2.91007e-07,1.607642e-05,4.864581e-07,5.608154e-07,7.341516e-07,7.826726e-07,1.99553161e-05
414,3.087412e-07,6.606381e-07,3.933186e-05,4.615871e-06,2.661739e-07,5.665008e-07,7.967151e-07,7.343502e-07,4.72808503e-05
415,3.15004e-07,6.884344e-07,1.532413e-06,1.086051e-06,6.845035e-05,9.250138e-07,8.640728e-07,7.240403e-07,7.45853793e-05
416,2.58859e-06,4.029836e-05,1.779202e-06,1.430419e-07,1.219419e-07,6.166259e-07,7.252224e-07,7.998066e-07,4.7072790699999995e-05
417,2.384113e-07,8.789971e-07,8.733824e-07,6.87121e-05,1.214533e-06,5.6996e-07,7.356512e-07,8.278766e-07,7.405091159999999e-05
418,2.802969e-07,6.895402e-07,1.435579e-06,3.883162e-07,1.806091e-05,7.740629e-07,7.891479e-07,7.290525e-07,2.31469056e-05
419,2.394353e-07,7.843161e-07,2.804733e-07,1.798301e-05,5.157963e-07,5.553274e-07,7.344245e-07,7.808391e-07,2.1873622e-05
420,2.778698e-07,6.702711e-07,6.625258e-06,1.577955e-06,1.675203e-07,5.661341e-07,7.616614e-07,7.356304e-07,1.1382300100000001e-05
421,9.062807e-07,1.061118e-05,1.522533e-06,1.383889e-07,1.235107e-07,5.922769e-07,7.253779e-07,7.744077e-07,1.53939558e-05
422,2.806885e-07,6.670226e-07,9.09238e-06,1.862864e-06,1.771305e-07,5.663926e-07,7.670191e-07,7.351125e-07,1.41486098e-05
423,7.638614e-07,8.159936e-06,1.490106e-06,1.386073e-07,1.247533e-07,5.885913e-07,7.280122e-07,7.678906e-07,1.27617581e-05
424,3.122166e-07,6.590886e-07,5.186549e-05,5.595151e-06,2.986035e-07,5.612595e-07,8.046713e-07,7.311083e-07,6.08275888e-05
425,3.365329e-06,5.459209e-05,1.880647e-06,1.420914e-07,1.216083e-07,6.214502e-07,7.230632e-07,8.122623e-07,6.22585414e-05
426,3.371375e-07,6.679832e-07,0.0001079706,9.616485e-06,4.438886e-07,5.552594e-07,8.415356e-07,7.281864e-07,0.0001211610757
427,6.323688e-06,0.000109628,2.24139e-06,1.405106e-07,1.218027e-07,6.566275e-07,7.256002e-07,8.445793e-07,0.0001206821983
428,2.970302e-07,6.907158e-07,1.488728e-06,7.439129e-07,4.320072e-05,8.809332e-07,8.279158e-07,7.305631e-07,4.8860519e-05
429,2.411267e-07,8.448102e-07,4.546285e-07,4.502812e-05,9.019748e-07,5.650942e-07,7.331059e-07,8.139477e-07,4.9582808e-05
430,3.275809e-07,6.73313e-07,7.027695e-05,7.01862e-06,3.519933e-07,5.666241e-07,8.206763e-07,7.369226e-07,8.07726802e-05
431,4.318458e-06,7.163372e-05,2.002597e-06,1.436326e-07,1.216505e-07,6.369355e-07,7.232217e-07,8.229827e-07,8.0403198e-05
432,3.395974e-07,6.932009e-07,1.591893e-06,1.685713e-06,0.0001114784,9.922271e-07,9.208127e-07,7.268504e-07,0.00011842869450000002
433,2.371372e-07,9.429735e-07,1.880185e-06,0.0001108437,1.727327e-06,5.936021e-07,7.375203e-07,8.637701e-07,0.0001178262152
434,3.246781e-07,6.633706e-07,7.070799e-05,6.96946e-06,3.541117e-07,5.662343e-07,8.209021e-07,7.367323e-07,8.114347910000001e-05
435,3.020791e-07,6.936111e-07,1.502204e-06,8.441049e-07,5.056813e-05,9.037468e-07,8.394923e-07,7.299047e-07,5.63832729e-05
436,4.324577e-06,7.210109e-05,2.001388e-06,1.435826e-07,1.220231e-07,6.35805e-07,7.263453e-07,8.192114e-07,8.08740224e-05
437,2.390034e-07,8.551128e-07,5.607953e-07,5.20711e-05,9.988518e-07,5.669723e-07,7.37068e-07,8.204925e-07,5.684939609999999e-05
438,2.877002e-07,6.666797e-07,1.195759e-05,2.163362e-06,1.879203e-07,5.699492e-07,7.727896e-07,7.394772e-07,1.73454682e-05
439,9.930054e-07,1.203039e-05,1.535415e-06,1.400525e-07,1.262506e-07,5.96989e-07,7.282877e-07,7.788394e-07,1.6929229600000003e-05
440,3.31137e-07,6.617933e-07,8.497686e-05,8.019009e-06,3.895419e-07,5.609288e-07,8.292975e-07,7.327735e-07,9.6501341e-05
441,4.93788e-06,8.341359e-05,2.068196e-06,1.414364e-07,1.19913e-07,6.391672e-07,7.203009e-07,8.295297e-07,9.28700132e-05
442,3.307039e-07,6.911339e-07,1.575645e-06,1.572468e-06,0.0001035318,9.849687e-07,9.080291e-07,7.204077e-07,0.0001103151563
443,2.366636e-07,9.305831e-07,1.72099e-06,0.0001047906,1.660668e-06,5.89051e-07,7.359095e-07,8.542373e-07,0.00011151870250000001
444,2.920748e-07,6.85592e-07,1.469853e-06,6.174718e-07,3.448917e-05,8.426967e-07,8.145721e-07,7.269664e-07,3.99383968e-05
445,2.373499e-07,8.194859e-07,3.355718e-07,3.433305e-05,7.536024e-07,5.591384e-07,7.314604e-07,8.003148e-07,3.85699736e-05
446,2.879132e-07,6.853053e-07,1.461453e-06,5.873293e-07,3.232318e-05,8.332783e-07,8.092051e-07,7.243614e-07,3.77120256e-05
447,2.382802e-07,8.167955e-07,3.149873e-07,3.206702e-05,7.215228e-07,5.616096e-07,7.326694e-07,8.004287e-07,3.62533135e-05
448,2.995655e-07,6.573862e-07,2.874883e-05,3.71665e-06,2.350934e-07,5.667013e-07,7.863465e-07,7.303127e-07,3.57408856e-05
449,1.980561e-06,2.944084e-05,1.690233e-06,1.410791e-07,1.23027e-07,6.076822e-07,7.251231e-07,7.899106e-07,3.5498456e-05
450,3.013029e-07,6.583692e-07,3.079627e-05,3.902659e-06,2.418881e-07,5.648024e-07,7.882466e-07,7.296382e-07,3.79831764e-05
451,3.013237e-07,6.577807e-07,3.07885e-05,3.91154e-06,2.414279e-07,5.634475e-07,7.900378e-07,7.290119e-07,3.79830695e-05
452,3.001808e-07,6.561903e-07,3.198844e-05,3.977068e-06,2.43842e-07,5.64485e-07,7.866282e-07,7.291491e-07,3.92459834e-05
453,2.958461e-07,6.845031e-07,1.486482e-06,7.391982e-07,4.375898e-05,8.61521e-07,8.27555e-07,7.227196e-07,4.9376805000000005e-05
454,2.258818e-06,3.454418e-05,1.73274e-06,1.412147e-07,1.220133e-07,6.121727e-07,7.226609e-07,7.925788e-07,4.09263784e-05
455,2.381005e-07,8.404069e-07,4.65219e-07,4.542207e-05,9.034626e-07,5.629403e-07,7.340088e-07,8.075269e-07,4.9973735e-05
456,3.067921e-07,6.600829e-07,3.772429e-05,4.476095e-06,2.619192e-07,5.642504e-07,7.954507e-07,7.296874e-07,4.55185677e-05
457,2.330223e-06,3.574252e-05,1.737779e-06,1.430073e-07,1.230321e-07,6.112454e-07,7.241438e-07,7.934505e-07,4.22054011e-05
458,3.274115e-07,6.568377e-07,7.964972e-05,7.62112e-06,3.715932e-07,5.602503e-07,8.222066e-07,7.258694e-07,9.07350087e-05
459,3.221053e-07,6.846058e-07,1.544786e-06,1.329328e-06,8.609821e-05,9.516983e-07,8.822608e-07,7.174391e-07,9.25304333e-05
460,4.854302e-06,8.16668e-05,2.047491e-06,1.433107e-07,1.206082e-07,6.358596e-07,7.209577e-07,8.226267e-07,9.10119559e-05
461,3.090336e-07,6.559686e-07,4.544795e-05,5.102574e-06,2.824564e-07,5.637448e-07,7.997896e-07,7.2841e-07,5.3889927e-05
462,2.361906e-07,8.992336e-07,1.25668e-06,8.579702e-05,1.415205e-06,5.751359e-07,7.319825e-07,8.352615e-07,9.174670909999999e-05
463,3.011152e-06,4.781918e-05,1.826283e-06,1.431708e-07,1.222457e-07,6.180687e-07,7.23252e-07,8.001994e-07,5.50635516e-05
464,2.99581e-07,6.605386e-07,2.92423e-05,3.781842e-06,2.379896e-07,5.632176e-07,7.842497e-07,7.275958e-07,3.62973143e-05
465,1.998071e-06,2.971652e-05,1.689904e-06,1.418402e-07,1.223521e-07,6.053434e-07,7.224402e-07,7.878649e-07,3.57843358e-05
466,2.989615e-07,6.542487e-07,2.980151e-05,3.823818e-06,2.393629e-07,5.631513e-07,7.859181e-07,7.288677e-07,3.68958382e-05
467,1.915095e-06,2.822747e-05,1.679775e-06,1.403337e-07,1.221289e-07,6.038136e-07,7.228524e-07,7.857058e-07,3.419717440000001e-05
468,2.840654e-07,6.838969e-07,1.442923e-06,4.601579e-07,2.365696e-05,7.930672e-07,7.981677e-07,7.246668e-07,2.8843904900000002e-05
469,2.419708e-07,7.955917e-07,2.722339e-07,2.316152e-05,5.897204e-07,5.558476e-07,7.291118e-07,7.827231e-07,2.7128719299999997e-05
470,2.857383e-07,6.811799e-07,1.458648e-06,5.451255e-07,2.972898e-05,8.155466e-07,8.066846e-07,7.22888e-07,3.50447909e-05
471,2.376328e-07,8.083098e-07,3.085208e-07,3.11377e-05,7.058487e-07,5.559455e-07,7.313728e-07,7.920926e-07,3.5277423e-05
472,3.315914e-07,6.517697e-07,0.0001023558,9.180867e-06,4.31123e-07,5.548457e-07,8.351367e-07,7.251293e-07,0.00011506626279999998
473,3.254187e-07,6.826469e-07,1.557032e-06,1.422601e-06,9.35956e-05,9.60095e-07,8.933461e-07,7.176199e-07,0.00010015435960000001
474,6.016977e-06,0.0001028768,2.176653e-06,1.439701e-07,1.205709e-07,6.414483e-07,7.194791e-07,8.317875e-07,0.0001135276859
475,2.370639e-07,1.078665e-06,5.681703e-06,0.0002238541,2.949685e-06,6.782945e-07,7.414916e-07,9.166195e-07,0.00023613762250000004
476,2.69741e-07,6.827632e-07,1.41009e-06,3.210958e-07,1.320663e-05,7.477369e-07,7.77715e-07,7.28902e-07,1.8144673899999996e-05
477,2.381878e-07,7.703338e-07,3.006112e-07,1.469055e-05,4.622109e-07,5.569652e-07,7.279888e-07,7.786831e-07,1.85255308e-05
478,3.030628e-07,6.826172e-07,1.507134e-06,8.880208e-07,5.506303e-05,8.942529e-07,8.415331e-07,7.228841e-07,6.09025349e-05
479,2.354962e-07,8.553591e-07,6.512575e-07,5.707972e-05,1.055312e-06,5.644987e-07,7.306508e-07,8.181269e-07,6.19904212e-05
480,3.011741e-07,6.82087e-07,1.500669e-06,8.774564e-07,5.377955e-05,8.893074e-07,8.423687e-07,7.22595e-07,5.95952076e-05
481,2.349625e-07,8.527593e-07,6.271892e-07,5.551019e-05,1.035384e-06,5.621973e-07,7.314179e-07,8.139377e-07,6.03680379e-05
482,2.995186e-07,6.864654e-07,1.498452e-06,8.534453e-07,5.18991e-05,8.878814e-07,8.392577e-07,7.219285e-07,5.7686048900000005e-05
483,2.374611e-07,8.522197e-07,5.825224e-07,5.300543e-05,1.004047e-06,5.630797e-07,7.353665e-07,8.136813e-07,5.779380770000001e-05
484,3.076672e-07,6.852903e-07,1.515448e-06,9.83241e-07,6.134954e-05,9.06094e-07,8.543986e-07,7.20601e-07,6.73222801e-05
485,3.274999e-07,6.521161e-07,9.095579e-05,8.405334e-06,4.010005e-07,5.57648e-07,8.307137e-07,7.248549e-07,0.0001028549571
486,2.396853e-07,8.664045e-07,7.316006e-07,6.154262e-05,1.109358e-06,5.673077e-07,7.330859e-07,8.179163e-07,6.660797829999999e-05
487,5.448502e-06,9.254849e-05,2.125141e-06,1.411504e-07,1.197597e-07,6.400608e-07,7.204168e-07,8.305499e-07,0.00010257407060000002
488,3.306404e-07,6.614575e-07,9.543686e-05,8.776515e-06,4.133608e-07,5.556975e-07,8.33369e-07,7.244174e-07,0.00010773231760000001
489,5.731313e-06,9.757096e-05,2.150782e-06,1.432121e-07,1.203158e-07,6.382805e-07,7.196938e-07,8.329581e-07,0.0001079075153
490,2.819063e-07,6.587755e-07,1.261149e-05,2.228129e-06,1.888256e-07,5.636045e-07,7.737743e-07,7.284012e-07,1.8034906400000002e-05
491,1.056027e-06,1.319442e-05,1.534523e-06,1.38498e-07,1.216842e-07,5.90131e-07,7.231641e-07,7.669877e-07,1.8125435e-05
492,2.700712e-07,6.814192e-07,1.398729e-06,3.159501e-07,1.286184e-05,7.401288e-07,7.733664e-07,7.204912e-07,1.77619959e-05
493,3.1403e-07,6.481271e-07,6.382151e-05,6.47181e-06,3.275283e-07,5.542466e-07,8.103909e-07,7.216633e-07,7.366930620000001e-05
494,2.357185e-07,7.669498e-07,3.054515e-07,1.431206e-05,4.547409e-07,5.522801e-07,7.288378e-07,7.690178e-07,1.81250564e-05
495,3.986958e-06,6.539854e-05,1.940848e-06,1.422965e-07,1.205475e-07,6.249057e-07,7.197881e-07,8.114836e-07,7.374536740000001e-05
496,2.822106e-07,6.55513e-07,1.347684e-05,2.316685e-06,1.877158e-07,5.626102e-07,7.680766e-07,7.278284e-07,1.8977479599999998e-05
497,1.204825e-06,1.575254e-05,1.564983e-06,1.391222e-07,1.214794e-07,5.949343e-07,7.235963e-07,7.724054e-07,2.0873885600000002e-05
498,1.200237e-06,1.586342e-05,1.564978e-06,1.396194e-07,1.211708e-07,5.961007e-07,7.231783e-07,7.736094e-07,2.09823136e-05
499,2.387947e-07,7.780229e-07,2.834756e-07,1.709825e-05,4.975451e-07,5.551187e-07,7.311461e-07,7.765079e-07,2.0958860999999997e-05
500,2.982528e-07,6.831031e-07,1.489115e-06,7.509729e-07,4.471539e-05,8.695381e-07,8.274428e-07,7.227632e-07,5.03565779e-05
501,2.372617e-07,8.381352e-07,4.866131e-07,4.650726e-05,9.120575e-07,5.609228e-07,7.300296e-07,8.038685e-07,5.1076148399999995e-05
502,2.899732e-07,6.830346e-07,1.471555e-06,6.226314e-07,3.540528e-05,8.390724e-07,8.164155e-07,7.257424e-07,4.08537045e-05
503,2.389939e-07,8.196055e-07,3.469757e-07,3.540123e-05,7.642049e-07,5.580262e-07,7.312735e-07,7.985242e-07,3.96588339e-05
504,2.755664e-07,6.841451e-07,1.416405e-06,3.199036e-07,1.340068e-05,7.456628e-07,7.78352e-07,7.311468e-07,1.8351861699999997e-05
505,2.414852e-07,7.677934e-07,3.076257e-07,1.400037e-05,4.50607e-07,5.569424e-07,7.294512e-07,7.760728e-07,1.78303477e-05
506,3.29192e-07,6.83754e-07,1.566303e-06,1.578347e-06,0.0001047741,9.782888e-07,9.072988e-07,7.169543e-07,0.0001115342379
507,3.060402e-07,6.569947e-07,4.047992e-05,4.71414e-06,2.670134e-07,5.613687e-07,7.9552e-07,7.255592e-07,4.85065562e-05
508,2.349301e-07,9.209813e-07,1.714754e-06,0.0001038158,1.617615e-06,5.816942e-07,7.319861e-07,8.438151e-07,0.00011046157579999999
509,2.784743e-07,6.823594e-07,1.43189e-06,4.572025e-07,2.277311e-05,7.939819e-07,7.937126e-07,7.226291e-07,2.79333598e-05
510,2.71242e-06,4.253637e-05,1.794064e-06,1.397025e-07,1.206371e-07,6.13914e-07,7.216279e-07,7.981404e-07,4.94368759e-05
511,2.407963e-07,7.914041e-07,2.713777e-07,2.245597e-05,5.747972e-07,5.586219e-07,7.302244e-07,7.85339e-07,2.64085306e-05
512,3.30635e-07,6.552195e-07,0.0001063338,9.515623e-06,4.369246e-07,5.508751e-07,8.406105e-07,7.187631e-07,0.00011938245080000001
513,3.187406e-07,6.83919e-07,1.542115e-06,1.268692e-06,8.229809e-05,9.413541e-07,8.795244e-07,7.179505e-07,8.86503856e-05
514,6.220442e-06,0.0001078858,2.231154e-06,1.396075e-07,1.196459e-07,6.473084e-07,7.229579e-07,8.356478e-07,0.0001188025635
515,2.368619e-07,8.91932e-07,1.173849e-06,8.209733e-05,1.360028e-06,5.719373e-07,7.345079e-07,8.330273e-07,8.789947340000001e-05
516,3.079313e-07,6.513829e-07,4.714853e-05,5.242428e-06,2.849613e-07,5.605711e-07,8.013875e-07,7.275184e-07,5.57247105e-05
517,2.839724e-07,6.832358e-07,1.448566e-06,5.435965e-07,2.907781e-05,8.268489e-07,8.032137e-07,7.225947e-07,3.4389838e-05
518,3.131586e-06,4.990791e-05,1.841245e-06,1.426389e-07,1.20988e-07,6.185876e-07,7.247348e-07,8.019817e-07,5.728967199999999e-05
519,2.395329e-07,8.099357e-07,3.054219e-07,3.023492e-05,6.884484e-07,5.57312e-07,7.343752e-07,7.913057e-07,3.43612518e-05
520,2.975846e-07,6.830001e-07,1.489454e-06,8.026971e-07,4.82355e-05,8.726144e-07,8.362467e-07,7.201539e-07,5.3937250800000006e-05
521,2.36579e-07,8.470604e-07,5.361107e-07,4.979262e-05,9.549133e-07,5.61441e-07,7.351968e-07,8.100307e-07,5.44739519e-05
522,3.332662e-07,6.546813e-07,0.0001009927,9.104953e-06,4.244073e-07,5.573423e-07,8.380941e-07,7.263061e-07,0.00011363175030000001
523,3.103726e-07,6.847519e-07,1.518954e-06,9.997497e-07,6.318523e-05,9.067332e-07,8.562979e-07,7.227254e-07,6.91848147e-05
524,5.941947e-06,0.0001024279,2.192971e-06,1.398343e-07,1.198855e-07,6.474447e-07,7.210922e-07,8.411187e-07,0.00011303219339999999
525,3.002301e-07,6.570254e-07,2.916155e-05,3.76811e-06,2.373252e-07,5.652767e-07,7.892202e-07,7.333127e-07,3.62120503e-05
526,2.376933e-07,8.68864e-07,7.695544e-07,6.336947e-05,1.133128e-06,5.688837e-07,7.344966e-07,8.250146e-07,6.85071046e-05
527,2.190963e-06,3.322206e-05,1.730503e-06,1.405471e-07,1.223143e-07,6.140428e-07,7.248086e-07,7.982567e-07,3.9543495499999996e-05
528,3.022854e-07,6.595433e-07,3.057911e-05,3.894033e-06,2.430012e-07,5.640578e-07,7.909208e-07,7.360878e-07,3.77690393e-05
529,1.915274e-06,2.847237e-05,1.691223e-06,1.389171e-07,1.220665e-07,6.074178e-07,7.246819e-07,7.933393e-07,3.44652896e-05
530,2.932478e-07,6.846739e-07,1.476006e-06,6.79284e-07,3.91869e-05,8.564442e-07,8.204717e-07,7.287406e-07,4.47257682e-05
531,2.388024e-07,8.225135e-07,3.597352e-07,3.665603e-05,7.836091e-07,5.607916e-07,7.351093e-07,8.06866e-07,4.09634571e-05
532,3.013207e-07,6.856146e-07,1.5024e-06,7.731035e-07,4.66073e-05,8.760528e-07,8.339011e-07,7.304372e-07,5.2310129899999996e-05
533,3.090466e-07,6.619244e-07,4.087e-05,4.746956e-06,2.717032e-07,5.640547e-07,8.004225e-07,7.33563e-07,4.8957670400000005e-05
534,2.393499e-07,8.43508e-07,5.146613e-07,4.880217e-05,9.407952e-07,5.622717e-07,7.362883e-07,8.157303e-07,5.3454774700000005e-05
535,2.74554e-06,4.324784e-05,1.805655e-06,1.413095e-07,1.221971e-07,6.187974e-07,7.246662e-07,8.066073e-07,5.02126125e-05
536,2.966191e-07,6.862479e-07,1.490148e-06,7.68327e-07,4.533829e-05,8.783932e-07,8.341651e-07,7.274471e-07,5.1019637399999996e-05
537,2.387338e-07,8.421914e-07,4.882129e-07,4.699312e-05,9.254598e-07,5.627826e-07,7.360596e-07,8.121176e-07,5.159867769999999e-05
538,3.187176e-07,6.862949e-07,1.546197e-06,1.188552e-06,7.641798e-05,9.401987e-07,8.762117e-07,7.23925e-07,8.269807690000001e-05
539,3.284874e-07,6.613723e-07,8.15954e-05,7.801264e-06,3.782532e-07,5.590806e-07,8.288639e-07,7.283893e-07,9.288111070000001e-05
540,2.366273e-07,8.848804e-07,1.018915e-06,7.541476e-05,1.280557e-06,5.723725e-07,7.36227e-07,8.32766e-07,8.09771052e-05
541,3.19667e-07,6.879535e-07,1.541085e-06,1.272245e-06,8.233303e-05,9.464437e-07,8.811338e-07,7.245415e-07,8.87060995e-05
542,4.937762e-06,8.319085e-05,2.075837e-06,1.424575e-07,1.207394e-07,6.352711e-07,7.231098e-07,8.27813e-07,9.26538398e-05
543,2.37281e-07,8.921955e-07,1.154924e-06,8.175972e-05,1.353176e-06,5.706751e-07,7.344846e-07,8.352434e-07,8.75376996e-05
544,2.921606e-07,6.583446e-07,1.992301e-05,2.941297e-06,2.104002e-07,5.647611e-07,7.792951e-07,7.341894e-07,2.6103458e-05
545,1.480208e-06,2.055839e-05,1.604424e-06,1.397791e-07,1.243722e-07,5.986797e-07,7.27905e-07,7.764497e-07,2.6010207699999997e-05
546,2.996335e-07,6.606647e-07,2.571038e-05,3.464183e-06,2.280276e-07,5.64927e-07,7.818459e-07,7.313958e-07,3.24410575e-05
547,2.799349e-07,6.830596e-07,1.428914e-06,4.001172e-07,1.928897e-05,7.744416e-07,7.916661e-07,7.282557e-07,2.4375359099999996e-05
548,1.777904e-06,2.570729e-05,1.640775e-06,1.39946e-07,1.234709e-07,6.053709e-07,7.23243e-07,7.864297e-07,3.15044295e-05
549,2.373901e-07,7.815999e-07,2.779083e-07,1.911442e-05,5.271098e-07,5.535196e-07,7.311019e-07,7.778658e-07,2.30009154e-05
550,3.0793e-07,6.830169e-07,1.511231e-06,9.519953e-07,5.963578e-05,8.938335e-07,8.51637e-07,7.194026e-07,6.55548263e-05
551,2.360036e-07,8.550043e-07,6.788065e-07,5.804772e-05,1.057815e-06,5.617385e-07,7.345761e-07,8.113397e-07,6.29830037e-05
552,3.249649e-07,6.539967e-07,8.869657e-05,8.299856e-06,3.920547e-07,5.513682e-07,8.290968e-07,7.218075e-07,0.00010046971480000001
553,3.090894e-07,6.827157e-07,1.529651e-06,1.106579e-06,7.05815e-05,9.302132e-07,8.637545e-07,7.172084e-07,7.672071120000001e-05
554,5.293502e-06,9.031656e-05,2.120252e-06,1.401809e-07,1.18015e-07,6.363476e-07,7.196695e-07,8.257437e-07,0.00010017027070000001
555,2.791269e-07,6.569985e-07,1.179859e-05,2.151723e-06,1.82705e-07,5.62343e-07,7.695857e-07,7.279844e-07,1.71290565e-05
556,2.35878e-07,8.776406e-07,9.144316e-07,7.017767e-05,1.216331e-06,5.672244e-07,7.333909e-07,8.222555e-07,7.554482199999999e-05
557,9.797127e-07,1.185195e-05,1.523793e-06,1.386289e-07,1.227918e-07,5.926784e-07,7.267649e-07,7.709384e-07,1.67072581e-05
558,3.136206e-07,6.607705e-07,5.136812e-05,5.581998e-06,2.967749e-07,5.607315e-07,8.071774e-07,7.265256e-07,6.031571850000001e-05
559,3.345675e-06,5.397655e-05,1.87945e-06,1.424011e-07,1.212466e-07,6.203224e-07,7.234796e-07,8.037294e-07,6.16128541e-05
560,3.133906e-07,6.579673e-07,4.993354e-05,5.475962e-06,2.927038e-07,5.606465e-07,8.050306e-07,7.261457e-07,5.8765386500000005e-05
561,3.292096e-06,5.291359e-05,1.872756e-06,1.415141e-07,1.207122e-07,6.199855e-07,7.231654e-07,8.043927e-07,6.04882119e-05
562,3.103465e-07,6.546173e-07,4.851706e-05,5.35761e-06,2.885737e-07,5.608541e-07,8.040622e-07,7.267822e-07,5.7219906e-05
563,3.184301e-06,5.107023e-05,1.854179e-06,1.428471e-07,1.216346e-07,6.199695e-07,7.244755e-07,8.042725e-07,5.8521909199999994e-05
564,3.162559e-07,6.584045e-07,5.746942e-05,6.052117e-06,3.130994e-07,5.617499e-07,8.12039e-07,7.284532e-07,6.69115389e-05
565,3.713811e-06,6.061755e-05,1.916578e-06,1.423551e-07,1.209832e-07,6.249697e-07,7.233857e-07,8.119229e-07,6.86715556e-05
566,2.976628e-07,6.81958e-07,1.4885e-06,7.914415e-07,4.742168e-05,8.713203e-07,8.365714e-07,7.210557e-07,5.31101897e-05
567,2.380184e-07,8.429366e-07,5.203675e-07,4.879486e-05,9.368671e-07,5.615213e-07,7.360908e-07,8.071988e-07,5.34378605e-05
568,2.822894e-07,6.631692e-07,1.15399e-05,2.12834e-06,1.83961e-07,5.647089e-07,7.689491e-07,7.298719e-07,1.68611895e-05
569,9.688679e-07,1.162171e-05,1.523365e-06,1.391562e-07,1.243647e-07,5.951463e-07,7.275765e-07,7.690541e-07,1.64692407e-05
570,2.990156e-07,6.841545e-07,1.492374e-06,7.695154e-07,4.638664e-05,8.66636e-07,8.342438e-07,7.230807e-07,5.205566e-05
571,2.376042e-07,8.425883e-07,5.07885e-07,4.807102e-05,9.301386e-07,5.608322e-07,7.357567e-07,8.067704e-07,5.2692595400000004e-05
572,2.877814e-07,6.612012e-07,1.431278e-05,2.411228e-06,1.91962e-07,5.644359e-07,7.742659e-07,7.312168e-07,1.9934871200000002e-05
573,1.228037e-06,1.601443e-05,1.569973e-06,1.40014e-07,1.23733e-07,5.991648e-07,7.287613e-07,7.771794e-07,2.11812925e-05
574,3.103478e-07,6.626556e-07,4.29513e-05,4.922134e-06,2.751079e-07,5.642547e-07,8.016376e-07,7.328245e-07,5.12202621e-05
575,2.817943e-06,4.421107e-05,1.80574e-06,1.426741e-07,1.223502e-07,6.182288e-07,7.26056e-07,8.017449e-07,5.1245807e-05
576,3.044417e-07,6.583655e-07,3.392883e-05,4.179599e-06,2.485503e-07,5.640786e-07,7.941186e-07,7.295432e-07,4.14075269e-05
577,2.300262e-06,3.500904e-05,1.734341e-06,1.41151e-07,1.214504e-07,6.110679e-07,7.262682e-07,7.948291e-07,4.1438409599999994e-05
578,2.828593e-07,6.618635e-07,1.062649e-05,2.029405e-06,1.800045e-07,5.676072e-07,7.684137e-07,7.33209e-07,1.5849852199999997e-05
579,3.18788e-07,6.83873e-07,1.545731e-06,1.276449e-06,8.329529e-05,9.39132e-07,8.816248e-07,7.183951e-07,8.965928289999999e-05
580,9.366546e-07,1.108403e-05,1.514758e-06,1.385584e-07,1.239431e-07,5.910797e-07,7.265784e-07,7.688944e-07,1.58844966e-05
581,2.358575e-07,8.92166e-07,1.199828e-06,8.3267e-05,1.364962e-06,5.708553e-07,7.341134e-07,8.333755e-07,8.90981577e-05
582,3.295137e-07,6.567251e-07,9.923365e-05,9.050636e-06,4.209407e-07,5.53302e-07,8.36181e-07,7.265278e-07,0.00011180747629999999
583,5.926158e-06,0.0001013255,2.188197e-06,1.408154e-07,1.184051e-07,6.411182e-07,7.183475e-07,8.357578e-07,0.00011189429900000001
584,2.928128e-07,6.596883e-07,2.065439e-05,3.015459e-06,2.121555e-07,5.628679e-07,7.802188e-07,7.293452e-07,2.6906937499999997e-05
585,1.458284e-06,2.003347e-05,1.607394e-06,1.391659e-07,1.234938e-07,5.979298e-07,7.258761e-07,7.809873e-07,2.54666009e-05
586,3.229316e-07,6.537916e-07,7.770409e-05,7.535348e-06,3.646229e-07,5.563401e-07,8.235161e-07,7.273829e-07,8.868802320000001e-05
587,2.951973e-07,6.817431e-07,1.48095e-06,6.999736e-07,4.143611e-05,8.547376e-07,8.255923e-07,7.228074e-07,4.69971113e-05
588,4.71587e-06,7.922078e-05,2.057065e-06,1.404199e-07,1.186624e-07,6.312433e-07,7.202371e-07,8.226223e-07,8.84269e-05
589,2.37052e-07,8.301712e-07,4.422197e-07,4.310484e-05,8.573793e-07,5.597242e-07,7.344955e-07,8.049669e-07,4.75708488e-05
590,3.265263e-07,6.795856e-07,1.56361e-06,1.368141e-06,9.166316e-05,9.389898e-07,8.950166e-07,7.198321e-07,9.81548614e-05
591,2.961795e-07,6.51887e-07,2.699643e-05,3.580068e-06,2.279176e-07,5.617683e-07,7.852431e-07,7.299097e-07,3.3829403199999996e-05
592,2.367768e-07,9.035382e-07,1.391971e-06,9.121148e-05,1.451774e-06,5.74743e-07,7.353834e-07,8.393081e-07,9.734497449999999e-05
593,2.692292e-07,6.831755e-07,1.403155e-06,3.081851e-07,1.224235e-05,7.384702e-07,7.780569e-07,7.281094e-07,1.7150731299999998e-05
594,1.802998e-06,2.61679e-05,1.664425e-06,1.401819e-07,1.223307e-07,6.036133e-07,7.246077e-07,7.877161e-07,3.20137727e-05
595,2.406298e-07,7.681639e-07,3.13612e-07,1.365732e-05,4.40712e-07,5.575432e-07,7.313462e-07,7.764861e-07,1.74858132e-05
596,3.061595e-07,6.466453e-07,4.534255e-05,5.080892e-06,2.795287e-07,5.615555e-07,8.019854e-07,7.316398e-07,5.37509562e-05
597,3.15158e-07,6.818634e-07,1.53561e-06,1.145817e-06,7.429626e-05,9.270321e-07,8.716453e-07,7.235277e-07,8.04969135e-05
598,3.013906e-06,4.754915e-05,1.831467e-06,1.418445e-07,1.214807e-07,6.161409e-07,7.23492e-07,8.026582e-07,5.480013929999999e-05
599,2.351178e-07,8.770717e-07,9.912408e-07,7.388113e-05,1.250683e-06,5.687803e-07,7.344889e-07,8.321679e-07,7.93706804e-05
600,3.157395e-07,6.522158e-07,5.904846e-05,6.169628e-06,3.167515e-07,5.595116e-07,8.111574e-07,7.325121e-07,6.86059759e-05
601,3.816783e-06,6.230972e-05,1.939171e-06,1.409112e-07,1.191695e-07,6.252891e-07,7.232145e-07,8.147934e-07,7.048905169999999e-05
602,3.027457e-07,6.573155e-07,3.310898e-05,4.110944e-06,2.470009e-07,5.615293e-07,7.933564e-07,7.304042e-07,4.0512276e-05
603,2.945922e-07,6.847015e-07,1.483326e-06,6.502304e-07,3.794653e-05,8.414253e-07,8.226892e-07,7.275825e-07,4.34510771e-05
604,2.269999e-06,3.445533e-05,1.744361e-06,1.402501e-07,1.22137e-07,6.088447e-07,7.270597e-07,7.960184e-07,4.08639999e-05
605,2.389474e-07,8.279137e-07,4.062711e-07,4.063801e-05,8.256552e-07,5.583204e-07,7.359551e-07,8.045229e-07,4.50355958e-05
606,3.088293e-07,6.594339e-07,4.380779e-05,4.996571e-06,2.765978e-07,5.584479e-07,8.049003e-07,7.28255e-07,5.214082519999999e-05
607,2.854885e-06,4.475683e-05,1.816848e-06,1.420061e-07,1.227471e-07,6.142155e-07,7.270618e-07,8.011006e-07,5.18356941e-05
608,3.080992e-07,6.585088e-07,4.253305e-05,4.878723e-06,2.733474e-07,5.634353e-07,8.01119e-07,7.322981e-07,5.0748580799999995e-05
609,3.084491e-07,6.832634e-07,1.519053e-06,9.715193e-07,6.107851e-05,9.135769e-07,8.534284e-07,7.247232e-07,6.705252329999999e-05
610,2.867811e-06,4.513923e-05,1.816298e-06,1.420294e-07,1.214165e-07,6.167043e-07,7.257058e-07,8.049718e-07,5.22341668e-05
611,3.223675e-07,6.618832e-07,7.111557e-05,7.076788e-06,3.488142e-07,5.589306e-07,8.207463e-07,7.309352e-07,8.1636035e-05
612,2.36409e-07,8.616149e-07,7.306489e-07,6.110589e-05,1.088006e-06,5.654521e-07,7.35401e-07,8.227035e-07,6.614612540000001e-05
613,4.380386e-06,7.260816e-05,2.017054e-06,1.415254e-07,1.196747e-07,6.311229e-07,7.236363e-07,8.223111e-07,8.14438704e-05
614,3.245387e-07,6.541987e-07,7.748818e-05,7.538635e-06,3.646159e-07,5.595538e-07,8.252218e-07,7.310009e-07,8.848594480000001e-05
615,3.180867e-07,6.852503e-07,1.543164e-06,1.233532e-06,8.075208e-05,9.352264e-07,8.792076e-07,7.230099e-07,8.70695569e-05
616,4.69839e-06,7.866175e-05,2.050744e-06,1.412169e-07,1.191131e-07,6.327029e-07,7.236779e-07,8.253404e-07,8.78529352e-05
617,2.380507e-07,8.899697e-07,1.140684e-06,8.062927e-05,1.326197e-06,5.717038e-07,7.376455e-07,8.359924e-07,8.636951309999999e-05
618,2.980355e-07,6.835982e-07,1.492222e-06,7.646599e-07,4.610589e-05,8.665633e-07,8.349714e-07,7.250326e-07,5.177097290000001e-05
619,2.376381e-07,8.402466e-07,5.033112e-07,4.73087e-05,9.171225e-07,5.597498e-07,7.346683e-07,8.102868e-07,5.1911723300000004e-05
620,2.876996e-07,6.836273e-07,1.466015e-06,5.799336e-07,3.223084e-05,8.271642e-07,8.137128e-07,7.272143e-07,3.7616206800000003e-05
621,2.391625e-07,8.243411e-07,3.761241e-07,3.788041e-05,7.87677e-07,5.579082e-07,7.361311e-07,8.047765e-07,4.2206530499999997e-05
622,2.865691e-07,6.59895e-07,1.588971e-05,2.564016e-06,1.950577e-07,5.643971e-07,7.759602e-07,7.337623e-07,2.1669367400000002e-05
623,1.269294e-06,1.68353e-05,1.580563e-06,1.394394e-07,1.222044e-07,5.965231e-07,7.285145e-07,7.780225e-07,2.20498609e-05
624,3.15419e-07,6.58248e-07,5.541531e-05,5.898133e-06,3.063919e-07,5.598876e-07,8.120297e-07,7.292714e-07,6.469469059999998e-05
625,3.610606e-06,5.846795e-05,1.919525e-06,1.409706e-07,1.193575e-07,6.214353e-07,7.254594e-07,8.106221e-07,6.641592589999999e-05
626,3.305719e-07,6.845234e-07,1.577954e-06,1.553013e-06,0.000104134,9.630977e-07,9.090988e-07,7.174987e-07,0.0001108697575
627,2.35551e-07,9.239087e-07,1.702082e-06,0.0001033812,1.605049e-06,5.842941e-07,7.388235e-07,8.523506e-07,0.0001100232589
628,3.200072e-07,6.549531e-07,6.569899e-05,6.648803e-06,3.334292e-07,5.627183e-07,8.176552e-07,7.312855e-07,7.57678415e-05
629,4.173274e-06,6.904072e-05,1.999617e-06,1.424778e-07,1.210013e-07,6.293064e-07,7.265644e-07,8.241212e-07,7.765708210000001e-05
630,3.094832e-07,6.552506e-07,4.406821e-05,4.995059e-06,2.78796e-07,5.640352e-07,8.046489e-07,7.382563e-07,5.241373919999999e-05
631,2.871904e-07,6.869637e-07,1.462547e-06,5.022665e-07,2.630211e-05,8.123636e-07,8.055633e-07,7.320482e-07,3.15910527e-05
632,2.957756e-06,4.672357e-05,1.84044e-06,1.435594e-07,1.223633e-07,6.188303e-07,7.301668e-07,8.056693e-07,5.3942355099999996e-05
633,2.379798e-07,8.040057e-07,2.853771e-07,2.598585e-05,6.306665e-07,5.571586e-07,7.400378e-07,7.938122e-07,3.0034887700000005e-05
634,3.002377e-07,6.881455e-07,1.514718e-06,8.306524e-07,5.083382e-05,8.799827e-07,8.462891e-07,7.273979e-07,5.66212433e-05
635,2.367155e-07,8.485552e-07,5.453911e-07,5.052241e-05,9.669017e-07,5.619515e-07,7.393349e-07,8.142559e-07,5.52355158e-05
636,3.072065e-07,6.587906e-07,4.323134e-05,4.947967e-06,2.758929e-07,5.645566e-07,8.045435e-07,7.339398e-07,5.152423689999999e-05
637,2.755721e-06,4.320313e-05,1.818961e-06,1.425035e-07,1.213918e-07,6.184107e-07,7.304213e-07,8.023604e-07,5.0192899700000004e-05
638,3.281446e-07,6.620274e-07,7.893213e-05,7.625992e-06,3.721398e-07,5.643482e-07,8.296832e-07,7.362127e-07,9.005067790000002e-05
639,4.771011e-06,8.042218e-05,2.070175e-06,1.432352e-07,1.207041e-07,6.402245e-07,7.278896e-07,8.340965e-07,8.972951589999999e-05
640,2.425817e-07,6.920111e-07,1.317267e-06,1.301095e-07,1.273235e-07,5.729643e-07,7.372293e-07,7.457983e-07,4.5652847e-06
641,2.448451e-07,6.903636e-07,1.315447e-06,1.296789e-07,1.276289e-07,5.731205e-07,7.360808e-07,7.498185e-07,4.5669833000000005e-06
642,3.075425e-07,6.630034e-07,3.854858e-05,4.562801e-06,2.65614e-07,5.682213e-07,8.020537e-07,7.391075e-07,4.6456923399999995e-05
643,2.479906e-06,3.810964e-05,1.769908e-06,1.428082e-07,1.237105e-07,6.166641e-07,7.308171e-07,8.037928e-07,4.47772467e-05
644,3.287104e-07,6.604369e-07,8.689282e-05,8.176922e-06,3.899857e-07,5.624657e-07,8.338052e-07,7.330699e-07,9.85782158e-05
645,5.227382e-06,8.864945e-05,2.122644e-06,1.414344e-07,1.195764e-07,6.4229e-07,7.276963e-07,8.327547e-07,9.84632278e-05
646,2.854729e-07,6.642685e-07,1.185579e-05,2.165399e-06,1.856396e-07,5.706974e-07,7.76395e-07,7.380427e-07,1.72417051e-05
647,9.537473e-07,1.140396e-05,1.532657e-06,1.401873e-07,1.237419e-07,5.964544e-07,7.337397e-07,7.778651e-07,1.62623527e-05
648,2.731584e-07,6.895503e-07,1.425064e-06,3.340177e-07,1.401929e-05,7.563405e-07,7.87198e-07,7.341451e-07,1.9018764000000003e-05
649,3.229424e-07,6.572695e-07,6.887329e-05,6.892154e-06,3.460374e-07,5.654248e-07,8.242106e-07,7.372408e-07,7.921856949999999e-05
650,2.425949e-07,7.80058e-07,2.988824e-07,1.529213e-05,4.693053e-07,5.626902e-07,7.36534e-07,7.855305e-07,1.91677253e-05
651,4.22539e-06,7.012665e-05,2.008434e-06,1.416612e-07,1.211389e-07,6.351951e-07,7.27917e-07,8.253802e-07,7.88117664e-05
652,3.324723e-07,6.903936e-07,1.576941e-06,1.532136e-06,0.0001018033,9.727046e-07,9.11093e-07,7.282467e-07,0.00010854728719999999
653,2.372403e-07,9.261275e-07,1.639382e-06,0.0001012236,1.596196e-06,5.878885e-07,7.377666e-07,8.543437e-07,0.00010780254459999999
654,3.224452e-07,6.887763e-07,1.558903e-06,1.283918e-06,8.276719e-05,9.7125e-07,8.884894e-07,7.279815e-07,8.920895340000001e-05
655,2.38034e-07,9.001684e-07,1.174572e-06,8.257333e-05,1.367575e-06,5.797943e-07,7.394323e-07,8.451967e-07,8.841810270000001e-05
656,3.134246e-07,6.914545e-07,1.539333e-06,1.192088e-06,7.64372e-05,9.484983e-07,8.775634e-07,7.286055e-07,8.27281673e-05
657,3.03862e-07,6.585264e-07,3.442821e-05,4.223411e-06,2.542855e-07,5.670511e-07,7.998864e-07,7.383294e-07,4.19735618e-05
658,2.384773e-07,8.892455e-07,1.039585e-06,7.670922e-05,1.290548e-06,5.738851e-07,7.379356e-07,8.406257e-07,8.231952220000001e-05
659,2.485667e-06,3.837702e-05,1.778051e-06,1.424179e-07,1.231154e-07,6.167932e-07,7.279385e-07,8.055791e-07,4.5056582099999994e-05
660,3.151638e-07,6.551805e-07,5.688345e-05,5.956981e-06,3.152119e-07,5.635827e-07,8.151376e-07,7.372521e-07,6.62419596e-05
661,3.686534e-06,5.990933e-05,1.934859e-06,1.440047e-07,1.228339e-07,6.289503e-07,7.278562e-07,8.196648e-07,6.797403290000001e-05
662,3.242936e-07,6.535582e-07,7.663811e-05,7.37611e-06,3.664238e-07,5.624706e-07,8.291828e-07,7.322389e-07,8.74823879e-05
663,3.243287e-07,6.895096e-07,1.563912e-06,1.378074e-06,8.992632e-05,9.601538e-07,8.975744e-07,7.270189e-07,9.64668914e-05
664,4.596529e-06,7.711093e-05,2.054313e-06,1.415352e-07,1.211882e-07,6.356252e-07,7.277758e-07,8.283392e-07,8.621623559999999e-05
665,3.092631e-07,6.602227e-07,4.270394e-05,4.896583e-06,2.783006e-07,5.657852e-07,8.039596e-07,7.358054e-07,5.09538596e-05
666,2.362823e-07,9.103337e-07,1.349118e-06,8.990501e-05,1.4658e-06,5.805337e-07,7.403661e-07,8.478885e-07,9.60353323e-05
667,2.723964e-06,4.276423e-05,1.811335e-06,1.415529e-07,1.227367e-07,6.178493e-07,7.296987e-07,8.025769e-07,4.97139435e-05
668,3.009789e-07,6.572016e-07,3.112648e-05,3.938536e-06,2.442856e-07,5.679836e-07,7.96182e-07,7.345674e-07,3.83662151e-05
669,2.152257e-06,3.254955e-05,1.730023e-06,1.43331e-07,1.235726e-07,6.112379e-07,7.322236e-07,7.956556e-07,3.88378507e-05
670,2.829302e-07,6.890305e-07,1.441617e-06,4.525518e-07,2.234605e-05,7.992363e-07,7.986104e-07,7.313381e-07,2.75413643e-05
671,3.337641e-07,6.614982e-07,9.886052e-05,8.959765e-06,4.232486e-07,5.601802e-07,8.424048e-07,7.29524e-07,0.0001113709049
672,2.397452e-07,7.972637e-07,2.746497e-07,2.172953e-05,5.717516e-07,5.615619e-07,7.387589e-07,7.900291e-07,2.5703290100000003e-05
673,3.254608e-07,6.909094e-07,1.56149e-06,1.324903e-06,8.670738e-05,9.540946e-07,8.942057e-07,7.283297e-07,9.31867732e-05
674,5.858104e-06,0.0001005758,2.19861e-06,1.398621e-07,1.201162e-07,6.47818e-07,7.275447e-07,8.365266e-07,0.0001111043816
675,2.376088e-07,9.043102e-07,1.263221e-06,8.625728e-05,1.421348e-06,5.774518e-07,7.38534e-07,8.394126e-07,9.22391664e-05
676,3.128993e-07,6.895464e-07,1.534541e-06,1.096415e-06,6.95219e-05,9.297107e-07,8.707882e-07,7.235386e-07,7.567933919999999e-05
677,2.364183e-07,8.852343e-07,8.990458e-07,6.988595e-05,1.216241e-06,5.724276e-07,7.390262e-07,8.286174e-07,7.52629606e-05
678,3.143649e-07,6.879577e-07,1.54523e-06,1.154026e-06,7.38471e-05,9.264349e-07,8.747126e-07,7.224851e-07,8.00723112e-05
679,2.367655e-07,8.838947e-07,9.468747e-07,7.234325e-05,1.238572e-06,5.724785e-07,7.411256e-07,8.28811e-07,7.7791772e-05
680,2.925948e-07,6.605272e-07,2.16769e-05,3.101155e-06,2.164013e-07,5.687783e-07,7.865971e-07,7.3453e-07,2.80374837e-05
681,1.681599e-06,2.418199e-05,1.658747e-06,1.42181e-07,1.234851e-07,6.072472e-07,7.30735e-07,7.875754e-07,2.99135597e-05
682,3.114793e-07,6.578575e-07,4.79063e-05,5.29217e-06,2.901237e-07,5.6707e-07,8.074857e-07,7.304721e-07,5.65629583e-05
683,3.131693e-06,5.030949e-05,1.860258e-06,1.433793e-07,1.22885e-07,6.255879e-07,7.268164e-07,8.09784e-07,5.77298936e-05
684,3.070306e-07,6.921468e-07,1.518014e-06,1.000186e-06,6.22993e-05,9.16228e-07,8.578508e-07,7.243513e-07,6.83151075e-05
685,2.368047e-07,8.739495e-07,7.497835e-07,6.229673e-05,1.121263e-06,5.703088e-07,7.360936e-07,8.248032e-07,6.74097363e-05
686,3.000096e-07,6.869782e-07,1.502391e-06,8.377489e-07,5.093414e-05,8.910505e-07,8.401265e-07,7.247767e-07,5.67172214e-05
687,2.364466e-07,8.605357e-07,6.08646e-07,5.455994e-05,1.021971e-06,5.683335e-07,7.363031e-07,8.162019e-07,5.94083778e-05
688,3.039154e-07,6.883246e-07,1.50194e-06,8.943859e-07,5.442864e-05,9.09388e-07,8.473398e-07,7.273817e-07,6.03013154e-05
689,2.613369e-07,6.758371e-07,8.523317e-07,7.095338e-07,1.416384e-07,5.709089e-07,7.520982e-07,7.38008e-07,4.701693e-06
690,2.386146e-07,8.629118e-07,6.373335e-07,5.631782e-05,1.043921e-06,5.707374e-07,7.382407e-07,8.279561e-07,6.12375351e-05
691,2.420624e-07,6.890887e-07,1.315326e-06,1.319655e-07,1.288863e-07,5.731128e-07,7.350317e-07,7.440482e-07,4.5595216e-06
692,3.031744e-07,6.88736e-07,1.508165e-06,8.084836e-07,4.900359e-05,8.832961e-07,8.420415e-07,7.301829e-07,5.4767669499999994e-05
693,2.392906e-07,8.47343e-07,5.10096e-07,4.860488e-05,9.40416e-07,5.67755e-07,7.344632e-07,8.146653e-07,5.3258909099999995e-05
694,2.858267e-07,6.642351e-07,1.247003e-05,2.224313e-06,1.901301e-07,5.711475e-07,7.736114e-07,7.388006e-07,1.79180944e-05
695,1.043346e-06,1.307756e-05,1.550925e-06,1.406488e-07,1.250717e-07,5.982813e-07,7.298924e-07,7.769912e-07,1.80427164e-05
696,3.340133e-07,6.556392e-07,9.695987e-05,8.815478e-06,4.20312e-07,5.625796e-07,8.378698e-07,7.291347e-07,0.00010931489659999999
697,5.740996e-06,9.830644e-05,2.16901e-06,1.424011e-07,1.214221e-07,6.454237e-07,7.228808e-07,8.386376e-07,0.0001086872113
698,3.25785e-07,6.549252e-07,7.851527e-05,7.554117e-06,3.732209e-07,5.627253e-07,8.247475e-07,7.319259e-07,8.954271679999999e-05
699,4.76775e-06,8.0283e-05,2.0521e-06,1.43465e-07,1.221786e-07,6.392897e-07,7.233397e-07,8.250885e-07,8.95562115e-05
700,3.224686e-07,6.587306e-07,7.185786e-05,7.088216e-06,3.549048e-07,5.629213e-07,8.209316e-07,7.281889e-07,8.239422180000001e-05
701,3.10133e-07,6.86773e-07,1.520913e-06,1.027389e-06,6.495996e-05,9.12295e-07,8.58778e-07,7.209018e-07,7.09971428e-05
702,4.36994e-06,7.312156e-05,2.007554e-06,1.404102e-07,1.209855e-07,6.350579e-07,7.238912e-07,8.20718e-07,8.19401168e-05
703,2.353904e-07,8.753644e-07,7.92639e-07,6.474654e-05,1.150615e-06,5.714406e-07,7.36698e-07,8.22518e-07,6.99312054e-05
704,3.293705e-07,6.865126e-07,1.562926e-06,1.471132e-06,9.706587e-05,9.661937e-07,9.016889e-07,7.20988e-07,0.0001037046817
705,2.371723e-07,9.165715e-07,1.506552e-06,9.608203e-05,1.534773e-06,5.857567e-07,7.360823e-07,8.490344e-07,0.0001024479722
706,3.348202e-07,6.880981e-07,1.576183e-06,1.669063e-06,0.0001112228,9.842215e-07,9.194591e-07,7.209115e-07,0.00011811555640000001
707,2.35655e-07,9.351674e-07,1.845724e-06,0.0001087198,1.69371e-06,5.914871e-07,7.347699e-07,8.559192e-07,0.00011561223260000001
708,3.295635e-07,6.552402e-07,8.567441e-05,8.001892e-06,3.90161e-07,5.614198e-07,8.286456e-07,7.298611e-07,9.717119319999999e-05
709,5.163201e-06,8.754309e-05,2.095199e-06,1.429889e-07,1.211762e-07,6.413865e-07,7.226815e-07,8.274126e-07,9.72571357e-05
710,3.101198e-07,6.856683e-07,1.522012e-06,1.047192e-06,6.62235e-05,9.148787e-07,8.621837e-07,7.250607e-07,7.229061519999999e-05
711,2.347658e-07,8.74351e-07,8.222234e-07,6.618584e-05,1.167772e-06,5.710046e-07,7.361238e-07,8.272139e-07,7.141929449999999e-05
712,2.932589e-07,6.855226e-07,1.470488e-06,6.715674e-07,3.856935e-05,8.530632e-07,8.224608e-07,7.259643e-07,4.4091675200000005e-05
713,2.387064e-07,8.28148e-07,3.887704e-07,3.946592e-05,8.177984e-07,5.623994e-07,7.363616e-07,8.033511e-07,4.38414553e-05
714,2.940519e-07,6.614278e-07,2.019496e-05,2.971499e-06,2.143418e-07,5.666883e-07,7.804145e-07,7.336197e-07,2.6417003000000003e-05
715,1.396823e-06,1.915062e-05,1.596045e-06,1.407696e-07,1.236768e-07,5.99111e-07,7.273376e-07,7.778681e-07,2.45122511e-05
716,3.2696e-07,6.576807e-07,8.213131e-05,7.827965e-06,3.809346e-07,5.602467e-07,8.254817e-07,7.269411e-07,9.343751979999999e-05
717,4.936644e-06,8.397221e-05,2.079425e-06,1.390525e-07,1.205962e-07,6.377058e-07,7.231683e-07,8.255627e-07,9.34343645e-05
718,3.23664e-07,6.853595e-07,1.548574e-06,1.331584e-06,8.726561e-05,9.487615e-07,8.87484e-07,7.219913e-07,9.37130283e-05
719,2.378235e-07,9.009052e-07,1.285509e-06,8.683427e-05,1.421299e-06,5.791798e-07,7.330495e-07,8.394278e-07,9.28314638e-05
720,2.706192e-07,6.835044e-07,1.402599e-06,2.99653e-07,1.159236e-05,7.367918e-07,7.779522e-07,7.26699e-07,1.64901786e-05
721,2.396182e-07,7.643208e-07,3.30843e-07,1.194945e-05,4.159278e-07,5.581587e-07,7.321344e-07,7.718738e-07,1.57623267e-05
722,3.178561e-07,6.56029e-07,6.499804e-05,6.603025e-06,3.359898e-07,5.614065e-07,8.149843e-07,7.264107e-07,7.501374140000001e-05
723,4.025151e-06,6.680354e-05,1.965019e-06,1.387795e-07,1.204659e-07,6.307143e-07,7.215049e-07,8.125818e-07,7.521775639999999e-05
724,2.527778e-07,6.827398e-07,1.349151e-06,1.692944e-07,2.191369e-06,6.539481e-07,7.505224e-07,7.331435e-07,6.782946000000001e-06
725,3.19298e-07,6.523015e-07,6.862347e-05,6.812766e-06,3.474103e-07,5.639587e-07,8.167761e-07,7.294464e-07,7.886542700000001e-05
726,2.429272e-07,6.851276e-07,1.29966e-06,1.291967e-07,1.280007e-07,5.704148e-07,7.299633e-07,7.392926e-07,4.5245829e-06
727,4.199533e-06,7.002831e-05,1.986244e-06,1.405654e-07,1.215164e-07,6.321603e-07,7.210188e-07,8.175266e-07,7.86468745e-05
728,3.082544e-07,6.854784e-07,1.512772e-06,1.053429e-06,6.64937e-05,9.211509e-07,8.593623e-07,7.208813e-07,7.25550283e-05
729,2.350303e-07,8.761155e-07,8.402676e-07,6.687148e-05,1.176864e-06,5.709277e-07,7.327384e-07,8.263617e-07,7.21297852e-05
730,2.730965e-07,6.813947e-07,1.410347e-06,3.506785e-07,1.515053e-05,7.60498e-07,7.816137e-07,7.2676e-07,2.01349184e-05
731,2.377419e-07,7.788942e-07,2.804439e-07,1.760719e-05,5.057533e-07,5.564519e-07,7.331381e-07,7.759717e-07,2.1475585e-05
732,3.281878e-07,6.858502e-07,1.56608e-06,1.525681e-06,0.0001013388,9.619902e-07,9.034122e-07,7.185347e-07,0.0001080285361
733,2.353081e-07,9.265416e-07,1.60961e-06,9.990838e-05,1.593481e-06,5.856974e-07,7.372205e-07,8.438936e-07,0.00010644013220000002
734,2.81525e-07,6.848815e-07,1.448485e-06,5.27126e-07,2.787074e-05,8.196645e-07,8.04621e-07,7.2554e-07,3.3162583e-05
735,2.379287e-07,8.060347e-07,2.916402e-07,2.842985e-05,6.680027e-07,5.606279e-07,7.347667e-07,7.949716e-07,3.25238225e-05
736,3.097869e-07,6.920656e-07,1.519992e-06,1.125339e-06,7.134387e-05,9.39471e-07,8.676982e-07,7.23147e-07,7.75213697e-05
737,2.36197e-07,8.830174e-07,9.350441e-07,7.159569e-05,1.238149e-06,5.743611e-07,7.325668e-07,8.305435e-07,7.70255689e-05
738,3.157951e-07,6.542339e-07,5.872073e-05,6.090485e-06,3.226002e-07,5.65496e-07,8.106996e-07,7.317531e-07,6.82117929e-05
739,3.735674e-06,6.145264e-05,1.92625e-06,1.422037e-07,1.239326e-07,6.288219e-07,7.228766e-07,8.116246e-07,6.954402339999999e-05
740,3.108474e-07,6.519765e-07,4.986727e-05,5.442177e-06,2.987596e-07,5.651946e-07,8.035e-07,7.298487e-07,5.86695738e-05
741,3.233341e-06,5.241203e-05,1.867492e-06,1.412648e-07,1.228186e-07,6.232283e-07,7.223475e-07,8.097529e-07,5.99322751e-05
742,3.119451e-07,6.508218e-07,5.131708e-05,5.528922e-06,3.025558e-07,5.648089e-07,8.023837e-07,7.326043e-07,6.0211121600000004e-05
743,3.206863e-06,5.203716e-05,1.865629e-06,1.410837e-07,1.234468e-07,6.222495e-07,7.225705e-07,8.103291e-07,5.952933160000001e-05
744,3.298293e-07,6.840654e-07,1.565322e-06,1.505656e-06,9.993577e-05,9.657913e-07,9.014479e-07,7.221387e-07,0.0001066100206
745,2.337853e-07,9.252679e-07,1.599946e-06,9.95954e-05,1.584078e-06,5.867739e-07,7.343724e-07,8.511587e-07,0.00010611078219999999
746,3.106305e-07,6.548948e-07,4.623732e-05,5.15905e-06,2.892051e-07,5.636853e-07,8.020133e-07,7.311036e-07,5.47479026e-05
747,3.026597e-06,4.830915e-05,1.840418e-06,1.403891e-07,1.236088e-07,6.202089e-07,7.239466e-07,8.056654e-07,5.5589983799999994e-05
748,2.849012e-07,6.82188e-07,1.452267e-06,5.122139e-07,2.726629e-05,8.169871e-07,8.03798e-07,7.242824e-07,3.25429276e-05
749,2.390983e-07,8.031948e-07,2.854492e-07,2.778366e-05,6.582555e-07,5.599457e-07,7.337866e-07,7.93319e-07,3.18567091e-05
750,3.171367e-07,6.561766e-07,6.047621e-05,6.268166e-06,3.278578e-07,5.626071e-07,8.116571e-07,7.300202e-07,7.01498315e-05
751,2.912541e-07,6.843884e-07,1.4727e-06,6.566547e-07,3.75951e-05,8.51734e-07,8.195642e-07,7.261579e-07,4.30975533e-05
752,3.783186e-06,6.220777e-05,1.934145e-06,1.413126e-07,1.228416e-07,6.294405e-07,7.212223e-07,8.136507e-07,7.03535687e-05
753,2.373143e-07,8.195266e-07,3.624399e-07,3.712146e-05,7.884815e-07,5.594903e-07,7.326832e-07,8.024893e-07,4.14238851e-05
754,3.295445e-07,6.547747e-07,9.213085e-05,8.473615e-06,4.08867e-07,5.582868e-07,8.312098e-07,7.277543e-07,0.00010411490209999999
755,3.04774e-07,6.835294e-07,1.503213e-06,9.102002e-07,5.637021e-05,8.976303e-07,8.483745e-07,7.24322e-07,6.22422534e-05
756,5.449264e-06,9.360832e-05,2.13592e-06,1.386951e-07,1.211399e-07,6.429383e-07,7.218837e-07,8.314139e-07,0.0001036495749
757,3.338625e-07,6.55381e-07,0.0001053893,9.395802e-06,4.45095e-07,5.573895e-07,8.404938e-07,7.26432e-07,0.00011834375579999999
758,2.368851e-07,8.548971e-07,6.785196e-07,5.842769e-05,1.067194e-06,5.643867e-07,7.315898e-07,8.177089e-07,6.33788712e-05
759,3.249577e-07,6.814408e-07,1.555358e-06,1.386617e-06,9.110506e-05,9.604747e-07,8.917705e-07,7.213995e-07,9.762707819999999e-05
760,6.21062e-06,0.0001075733,2.212973e-06,1.39434e-07,1.212497e-07,6.473707e-07,7.189236e-07,8.381181e-07,0.0001184619891
761,2.36298e-07,9.073775e-07,1.428474e-06,9.301362e-05,1.49453e-06,5.821288e-07,7.335176e-07,8.451349e-07,9.92410808e-05
762,3.15842e-07,6.484535e-07,6.221115e-05,6.324036e-06,3.315668e-07,5.626337e-07,8.122178e-07,7.282981e-07,7.19341979e-05
763,3.836561e-06,6.332132e-05,1.937897e-06,1.416553e-07,1.229455e-07,6.287693e-07,7.208338e-07,8.153402e-07,7.15253221e-05
764,3.015038e-07,6.523436e-07,3.352093e-05,4.124381e-06,2.529133e-07,5.643304e-07,7.911262e-07,7.316338e-07,4.09391621e-05
765,2.346095e-06,3.622209e-05,1.748245e-06,1.402844e-07,1.237009e-07,6.144177e-07,7.226734e-07,7.958026e-07,4.2713309e-05
766,3.255388e-07,6.535551e-07,8.258635e-05,7.83856e-06,3.858357e-07,5.61497e-07,8.25187e-07,7.2951e-07,9.39060336e-05
767,3.0735e-07,6.835978e-07,1.508485e-06,1.008572e-06,6.316693e-05,9.246272e-07,8.543521e-07,7.231935e-07,6.91771076e-05
768,4.967473e-06,8.425753e-05,2.079872e-06,1.386372e-07,1.202209e-07,6.391337e-07,7.232762e-07,8.241644e-07,9.37503074e-05
769,2.385998e-07,8.648018e-07,7.605232e-07,6.297429e-05,1.124465e-06,5.652005e-07,7.337639e-07,8.190387e-07,6.808068290000002e-05
770,2.763484e-07,6.604677e-07,7.44708e-06,1.67232e-06,1.736034e-07,5.670391e-07,7.637107e-07,7.31991e-07,1.22925603e-05
771,7.41365e-07,7.878032e-06,1.481977e-06,1.384295e-07,1.268346e-07,5.909272e-07,7.268251e-07,7.67704e-07,1.24520944e-05
772,2.59778e-07,6.676953e-07,1.314169e-06,8.087076e-07,1.465879e-07,5.685795e-07,7.501262e-07,7.360201e-07,5.2516636e-06
773,2.38592e-07,6.826533e-07,1.303061e-06,1.303681e-07,1.294627e-07,5.681291e-07,7.304149e-07,7.386199e-07,4.521301e-06
774,3.020433e-07,6.904205e-07,1.499695e-06,9.452401e-07,5.834326e-05,9.16162e-07,8.509521e-07,7.227108e-07,6.42704838e-05
775,2.385454e-07,8.57838e-07,6.725032e-07,5.846665e-05,1.07219e-06,5.663304e-07,7.34318e-07,8.184861e-07,6.342686109999999e-05
776,3.168634e-07,6.527967e-07,6.243471e-05,6.352623e-06,3.313739e-07,5.608962e-07,8.161169e-07,7.243314e-07,7.21897115e-05
777,3.919694e-06,6.472595e-05,1.944472e-06,1.437629e-07,1.231556e-07,6.259088e-07,7.228663e-07,8.128331e-07,7.30186427e-05
778,2.821523e-07,6.559314e-07,1.319255e-05,2.28008e-06,1.918765e-07,5.65325e-07,7.702322e-07,7.305135e-07,1.8668660899999998e-05
779,1.176494e-06,1.536161e-05,1.560223e-06,1.403736e-07,1.253716e-07,5.972663e-07,7.267428e-07,7.743456e-07,2.04624269e-05
780,3.322391e-07,6.612167e-07,9.592195e-05,8.810718e-06,4.201558e-07,5.555734e-07,8.349332e-07,7.230263e-07,0.0001082598125
781,5.671278e-06,9.718871e-05,2.152939e-06,1.412966e-07,1.223775e-07,6.434619e-07,7.199114e-07,8.310777e-07,0.0001074710521
782,3.300371e-07,6.868042e-07,1.554852e-06,1.468784e-06,9.647919e-05,9.685107e-07,9.002911e-07,7.186548e-07,0.0001031071239
783,2.979059e-07,6.590712e-07,2.602569e-05,3.48834e-06,2.321997e-07,5.645419e-07,7.853636e-07,7.269956e-07,3.27801079e-05
784,2.362536e-07,9.087738e-07,1.50386e-06,9.594913e-05,1.528171e-06,5.805688e-07,7.333901e-07,8.425716e-07,0.00010228271889999999
785,1.792676e-06,2.622034e-05,1.652894e-06,1.400174e-07,1.243166e-07,6.045112e-07,7.229027e-07,7.826588e-07,3.2040316700000004e-05
786,3.192015e-07,6.499003e-07,6.674982e-05,6.694581e-06,3.421912e-07,5.605713e-07,8.094449e-07,7.24611e-07,7.68503212e-05
787,4.097176e-06,6.791511e-05,1.963796e-06,1.389467e-07,1.20505e-07,6.259318e-07,7.180428e-07,8.054956e-07,7.63850039e-05
788,3.262776e-07,6.522216e-07,9.468094e-05,8.649768e-06,4.109226e-07,5.517233e-07,8.279426e-07,7.133704e-07,0.0001068131661
789,5.628919e-06,9.642265e-05,2.146204e-06,1.396149e-07,1.193025e-07,6.340779e-07,7.147164e-07,8.207069e-07,0.00010662619159999999
790,3.225688e-07,6.725377e-07,1.541543e-06,1.370788e-06,9.119687e-05,9.36612e-07,8.849113e-07,7.092071e-07,9.76350379e-05
791,2.33369e-07,8.922102e-07,1.385964e-06,9.059253e-05,1.450879e-06,5.712306e-07,7.259638e-07,8.314858e-07,9.66836324e-05
792,2.934904e-07,6.437617e-07,2.631696e-05,3.503601e-06,2.272581e-07,5.569039e-07,7.763557e-07,7.182001e-07,3.30365309e-05
793,1.778334e-06,2.595741e-05,1.638577e-06,1.383828e-07,1.214559e-07,5.97257e-07,7.182208e-07,7.711353e-07,3.17207728e-05
794,2.978207e-07,6.452061e-07,3.139372e-05,3.94493e-06,2.41274e-07,5.563361e-07,7.816109e-07,7.157841e-07,3.85766819e-05
795,2.347694e-06,3.608569e-05,1.730358e-06,1.393191e-07,1.201028e-07,5.987395e-07,7.166159e-07,7.773687e-07,4.2515888000000005e-05
796,3.039901e-07,6.329888e-07,5.295183e-05,5.652077e-06,2.993983e-07,5.502649e-07,7.970602e-07,7.140907e-07,6.19017e-05
797,3.405861e-06,5.556629e-05,1.884281e-06,1.361839e-07,1.18476e-07,6.114617e-07,7.125954e-07,7.93911e-07,6.322906e-05
798,3.175703e-07,6.343351e-07,8.862261e-05,8.260984e-06,3.916331e-07,5.471259e-07,8.211318e-07,7.1014e-07,0.00010030553019999999
799,5.283938e-06,9.043742e-05,2.11775e-06,1.342637e-07,1.173626e-07,6.291308e-07,7.123744e-07,8.159341e-07,0.00010024817360000001
800,3.224717e-07,6.744453e-07,1.552899e-06,1.519799e-06,0.0001024442,9.444447e-07,9.01892e-07,7.052838e-07,0.00010906543550000001
801,2.329057e-07,9.050904e-07,1.618992e-06,9.976012e-05,1.554547e-06,5.761803e-07,7.277727e-07,8.346565e-07,0.0001062102646
802,3.092679e-07,6.436424e-07,5.900506e-05,6.125439e-06,3.163651e-07,5.525732e-07,8.040095e-07,7.164927e-07,6.847284979999999e-05
803,3.656214e-06,6.013152e-05,1.91324e-06,1.386006e-07,1.193368e-07,6.189695e-07,7.173581e-07,7.985549e-07,6.809379390000001e-05
804,3.104601e-07,6.48227e-07,5.452079e-05,5.792911e-06,3.052405e-07,5.57528e-07,8.031396e-07,7.206557e-07,6.36589519e-05
805,3.409672e-06,5.549499e-05,1.886833e-06,1.391945e-07,1.21075e-07,6.203902e-07,7.1803e-07,8.030557e-07,6.31932404e-05
806,3.047042e-07,6.767856e-07,1.503777e-06,9.445873e-07,5.898054e-05,9.024753e-07,8.474654e-07,7.196973e-07,6.48800321e-05
807,2.356027e-07,8.539578e-07,6.90368e-07,5.88866e-05,1.072654e-06,5.629942e-07,7.301694e-07,8.15642e-07,6.38479881e-05
808,3.274668e-07,6.537464e-07,9.137698e-05,8.477168e-06,4.045759e-07,5.555858e-07,8.298134e-07,7.232132e-07,0.0001033485495
809,5.457312e-06,9.323059e-05,2.123751e-06,1.424714e-07,1.203233e-07,6.392074e-07,7.198509e-07,8.260287e-07,0.0001032595347
810,2.720874e-07,6.806658e-07,1.417026e-06,3.696015e-07,1.650406e-05,7.666368e-07,7.8356e-07,7.228571e-07,2.15164946e-05
811,2.401466e-07,7.738304e-07,2.850055e-07,1.673512e-05,4.935866e-07,5.557085e-07,7.330154e-07,7.75961e-07,2.0592374000000002e-05
812,3.017505e-07,6.821101e-07,1.498921e-06,8.616374e-07,5.291229e-05,8.905001e-07,8.411638e-07,7.19168e-07,5.8707540899999994e-05
813,2.396213e-07,8.532259e-07,6.089991e-07,5.458405e-05,1.01244e-06,5.67154e-07,7.337551e-07,8.134837e-07,5.9412729100000006e-05
814,2.822068e-07,6.810609e-07,1.439022e-06,4.920215e-07,2.547531e-05,8.043573e-07,7.993102e-07,7.210273e-07,3.0694316e-05
815,3.267399e-07,6.564714e-07,8.617589e-05,8.089984e-06,3.912577e-07,5.592281e-07,8.265917e-07,7.235095e-07,9.77496723e-05
816,2.379566e-07,7.971523e-07,2.764871e-07,2.49613e-05,6.171833e-07,5.585296e-07,7.334845e-07,7.873272e-07,2.89694206e-05
817,5.176866e-06,8.785123e-05,2.096177e-06,1.432225e-07,1.223102e-07,6.413001e-07,7.210521e-07,8.293279e-07,9.758148580000001e-05
818,3.001082e-07,6.830625e-07,1.487759e-06,7.928253e-07,4.792361e-05,8.791064e-07,8.337007e-07,7.240895e-07,5.36242616e-05
819,3.33392e-07,6.615369e-07,9.71978e-05,8.878306e-06,4.228771e-07,5.598048e-07,8.324245e-07,7.294062e-07,0.0001096155475
820,2.387421e-07,8.405662e-07,5.205367e-07,4.92927e-05,9.464347e-07,5.648515e-07,7.335681e-07,8.135457e-07,5.3950945e-05
821,3.188609e-07,6.822805e-07,1.536167e-06,1.255356e-06,8.189026e-05,9.43234e-07,8.807403e-07,7.181218e-07,8.822502049999999e-05
822,5.7249e-06,9.90636e-05,2.170137e-06,1.372771e-07,1.197078e-07,6.474833e-07,7.221833e-07,8.312966e-07,0.00010941658509999998
823,2.354782e-07,8.938528e-07,1.148519e-06,8.132518e-05,1.359356e-06,5.789606e-07,7.350127e-07,8.3562e-07,8.711197929999999e-05
824,3.297972e-07,6.831229e-07,1.564674e-06,1.450112e-06,9.584034e-05,9.626209e-07,8.996615e-07,7.214095e-07,0.000102451738
825,2.37785e-07,9.090224e-07,1.479704e-06,9.510809e-05,1.516564e-06,5.812305e-07,7.351195e-07,8.460673e-07,0.0001014135827
826,3.025501e-07,6.810498e-07,1.492649e-06,8.44314e-07,5.137467e-05,8.989334e-07,8.393855e-07,7.237751e-07,5.71573269e-05
827,2.375728e-07,8.469968e-07,5.769705e-07,5.269922e-05,9.950346e-07,5.66818e-07,7.337866e-07,8.167569e-07,5.74731562e-05
828,3.057597e-07,6.854916e-07,1.504088e-06,9.7101e-07,6.034618e-05,9.110612e-07,8.536812e-07,7.245874e-07,6.630185909999999e-05
829,2.347809e-07,8.620656e-07,7.049458e-07,6.016988e-05,1.093956e-06,5.691886e-07,7.357382e-07,8.200059e-07,6.519056100000001e-05
830,3.146284e-07,6.58044e-07,5.488858e-05,5.83875e-06,3.114428e-07,5.625256e-07,8.091737e-07,7.302115e-07,6.411335599999999e-05
831,3.567275e-06,5.789378e-05,1.898801e-06,1.428002e-07,1.233405e-07,6.232202e-07,7.240167e-07,8.095415e-07,6.57827751e-05
832,2.824264e-07,6.577881e-07,1.277234e-05,2.250835e-06,1.910691e-07,5.677524e-07,7.705993e-07,7.326972e-07,1.82255075e-05
833,1.046618e-06,1.315591e-05,1.545954e-06,1.39599e-07,1.249845e-07,5.97361e-07,7.283449e-07,7.745099e-07,1.8113281299999998e-05
834,3.190997e-07,6.831214e-07,1.545515e-06,1.314986e-06,8.521533e-05,9.603012e-07,8.865771e-07,7.224711e-07,9.164740150000001e-05
835,2.35711e-07,9.026264e-07,1.291643e-06,8.747647e-05,1.438197e-06,5.783572e-07,7.349292e-07,8.38121e-07,9.349605480000001e-05
836,3.124343e-07,6.580664e-07,4.945232e-05,5.410249e-06,2.982251e-07,5.638174e-07,8.073587e-07,7.305082e-07,5.8232979100000004e-05
837,3.220585e-06,5.193959e-05,1.858706e-06,1.403823e-07,1.228614e-07,6.221213e-07,7.256713e-07,8.075062e-07,5.94374235e-05
838,2.915801e-07,6.592625e-07,2.135815e-05,3.08121e-06,2.191022e-07,5.663412e-07,7.804694e-07,7.296917e-07,2.7685807100000003e-05
839,1.582632e-06,2.255705e-05,1.629684e-06,1.417476e-07,1.257009e-07,6.033055e-07,7.283624e-07,7.801557e-07,2.81486381e-05
840,2.915806e-07,6.813111e-07,1.467633e-06,6.485001e-07,3.709208e-05,8.463461e-07,8.189865e-07,7.221527e-07,4.256859010000001e-05
841,2.363065e-07,8.312377e-07,4.191549e-07,4.213053e-05,8.569584e-07,5.631784e-07,7.347184e-07,8.055268e-07,4.65776111e-05
842,3.103656e-07,6.610505e-07,4.480989e-05,5.04509e-06,2.856516e-07,5.637027e-07,8.015813e-07,7.308048e-07,5.32081365e-05
843,2.938755e-06,4.690189e-05,1.823392e-06,1.431215e-07,1.240816e-07,6.199043e-07,7.247675e-07,8.035059e-07,5.4079417799999995e-05
844,3.250622e-07,6.534103e-07,7.758679e-05,7.485906e-06,3.726191e-07,5.60256e-07,8.264335e-07,7.262449e-07,8.8536722e-05
845,4.678333e-06,7.890049e-05,2.042615e-06,1.404309e-07,1.224233e-07,6.36965e-07,7.208309e-07,8.252515e-07,8.80673396e-05
846,3.268977e-07,6.503954e-07,9.027414e-05,8.396895e-06,4.053104e-07,5.599103e-07,8.297662e-07,7.259302e-07,0.00010216924520000001
847,5.405047e-06,9.259176e-05,2.125566e-06,1.38374e-07,1.207051e-07,6.403283e-07,7.175952e-07,8.289655e-07,0.00010256834109999998
848,3.078082e-07,6.464731e-07,4.799333e-05,5.291943e-06,2.901241e-07,5.617731e-07,7.991687e-07,7.2313e-07,5.66137502e-05
849,3.15514e-06,5.069546e-05,1.839656e-06,1.417643e-07,1.222007e-07,6.185603e-07,7.214491e-07,7.983681e-07,5.80925985e-05
850,3.132486e-07,6.489284e-07,5.638422e-05,5.922315e-06,3.112158e-07,5.57501e-07,8.046307e-07,7.188051e-07,6.566086460000001e-05
851,3.434454e-06,5.600434e-05,1.882158e-06,1.407406e-07,1.210838e-07,6.149216e-07,7.20215e-07,7.969908e-07,6.371490379999999e-05
852,3.151049e-07,6.76256e-07,1.530257e-06,1.249944e-06,8.130107e-05,9.316887e-07,8.750189e-07,7.096289e-07,8.758896840000002e-05
853,2.334102e-07,8.851544e-07,1.157099e-06,8.103998e-05,1.347695e-06,5.694383e-07,7.28294e-07,8.282429e-07,8.67893138e-05
854,3.238026e-07,6.48468e-07,8.3026e-05,7.876219e-06,3.817089e-07,5.532579e-07,8.197532e-07,7.194108e-07,9.43486204e-05
855,4.998695e-06,8.476607e-05,2.070093e-06,1.399399e-07,1.189263e-07,6.312335e-07,7.153857e-07,8.166097e-07,9.42569531e-05
856,2.558197e-07,6.749228e-07,1.340707e-06,1.7591e-07,3.000666e-06,6.570218e-07,7.466927e-07,7.231754e-07,7.574915399999999e-06
857,2.383509e-07,6.756794e-07,1.28388e-06,1.281524e-07,1.236724e-07,5.602278e-07,7.232687e-07,7.279722e-07,4.4612038e-06
858,3.012742e-07,6.471688e-07,3.624028e-05,4.350693e-06,2.556305e-07,5.564519e-07,7.885835e-07,7.168486e-07,4.38569305e-05
859,2.522118e-06,3.940825e-05,1.760584e-06,1.395988e-07,1.197947e-07,6.032374e-07,7.174812e-07,7.807702e-07,4.60518343e-05
860,3.159692e-07,6.350149e-07,7.719475e-05,7.43193e-06,3.615295e-07,5.496148e-07,8.149048e-07,7.135002e-07,8.80172134e-05
861,4.633312e-06,7.789701e-05,2.032198e-06,1.360804e-07,1.17833e-07,6.229882e-07,7.137371e-07,8.08167e-07,8.69613257e-05
862,2.570602e-07,6.568377e-07,1.326853e-06,8.009009e-07,1.416073e-07,5.551614e-07,7.41237e-07,7.213018e-07,5.2009593e-06
863,2.37136e-07,6.720485e-07,1.28561e-06,1.263508e-07,1.235419e-07,5.569274e-07,7.21523e-07,7.229831e-07,4.446120700000001e-06
864,3.098665e-07,6.720837e-07,1.512671e-06,1.077553e-06,7.01198e-05,8.997475e-07,8.597025e-07,7.049549e-07,7.61563791e-05
865,2.337788e-07,8.641345e-07,9.19854e-07,7.012698e-05,1.203182e-06,5.61316e-07,7.293304e-07,8.129384e-07,7.54515141e-05
866,3.221569e-07,6.728988e-07,1.53971e-06,1.420987e-06,9.422655e-05,9.438539e-07,8.907735e-07,7.07611e-07,0.0001007245411
867,2.334897e-07,8.971238e-07,1.455838e-06,9.36067e-05,1.489558e-06,5.736621e-07,7.303771e-07,8.305844e-07,9.981733310000001e-05
868,2.743354e-07,6.764129e-07,1.402512e-06,3.513728e-07,1.576818e-05,7.533041e-07,7.793334e-07,7.185085e-07,2.0723959100000003e-05
869,2.384204e-07,7.684883e-07,2.863634e-07,1.627313e-05,4.811984e-07,5.530837e-07,7.283659e-07,7.67664e-07,2.0096714099999997e-05
870,2.692167e-07,6.758178e-07,1.39815e-06,3.292545e-07,1.384607e-05,7.428857e-07,7.765818e-07,7.183658e-07,1.87563423e-05
871,2.354871e-07,7.650194e-07,2.96843e-07,1.507158e-05,4.634801e-07,5.534879e-07,7.301691e-07,7.678521e-07,1.88839187e-05
872,3.178143e-07,6.479116e-07,6.623359e-05,6.669177e-06,3.383933e-07,5.61398e-07,8.11989e-07,7.266438e-07,7.630691699999999e-05
873,4.098727e-06,6.773673e-05,1.969543e-06,1.417702e-07,1.217457e-07,6.276265e-07,7.207132e-07,8.147222e-07,7.62315778e-05
874,3.259339e-07,6.484841e-07,8.941545e-05,8.302714e-06,3.990362e-07,5.582265e-07,8.266461e-07,7.260066e-07,0.0001012024974
875,5.379029e-06,9.163567e-05,2.126916e-06,1.410078e-07,1.204171e-07,6.411144e-07,7.195786e-07,8.309036e-07,0.0001015946365
876,3.278991e-07,6.792206e-07,1.562041e-06,1.492383e-06,9.926999e-05,9.614848e-07,9.000204e-07,7.207946e-07,0.00010591383349999999
877,2.344634e-07,9.114736e-07,1.572305e-06,9.848562e-05,1.562975e-06,5.829401e-07,7.330495e-07,8.43674e-07,0.00010492650060000002
878,3.212944e-07,6.858093e-07,1.550637e-06,1.448906e-06,9.511603e-05,9.699526e-07,8.983109e-07,7.171245e-07,0.0001017080647
879,2.358757e-07,9.084641e-07,1.458976e-06,9.432626e-05,1.502107e-06,5.826517e-07,7.36592e-07,8.411991e-07,0.0001005921256
880,2.430004e-07,6.845615e-07,1.303515e-06,1.308703e-07,1.082074e-07,5.690259e-07,7.324408e-07,7.344495e-07,4.5060708e-06
881,2.433792e-07,6.8476e-07,1.301867e-06,1.293585e-07,1.287952e-07,5.707137e-07,7.309209e-07,7.379973e-07,4.5277918e-06
882,2.866075e-07,6.638837e-07,1.242946e-05,2.218253e-06,1.889345e-07,5.670334e-07,7.721769e-07,7.304901e-07,1.78568391e-05
883,1.100194e-06,1.392432e-05,1.538292e-06,1.398401e-07,1.254726e-07,5.984093e-07,7.270414e-07,7.741187e-07,1.89276881e-05
884,3.296127e-07,6.86561e-07,1.569485e-06,1.595654e-06,0.0001060948,9.699928e-07,9.133549e-07,7.169133e-07,0.00011287637370000002
885,2.343912e-07,9.257536e-07,1.734956e-06,0.0001047184,1.646257e-06,5.877076e-07,7.374686e-07,8.483487e-07,0.0001114332827
886,2.869126e-07,6.639268e-07,1.223205e-05,2.202285e-06,1.890526e-07,5.671648e-07,7.728272e-07,7.318233e-07,1.7646042299999996e-05
887,1.030047e-06,1.276422e-05,1.5365e-06,1.406032e-07,1.251156e-07,5.982514e-07,7.299151e-07,7.752498e-07,1.76999021e-05
888,3.320153e-07,6.601408e-07,9.401154e-05,8.649425e-06,4.144707e-07,5.6276e-07,8.349983e-07,7.250861e-07,0.0001061904362
889,5.640506e-06,9.627722e-05,2.140234e-06,1.43894e-07,1.231035e-07,6.469238e-07,7.22254e-07,8.381058e-07,0.00010653224110000001
890,3.088031e-07,6.826857e-07,1.511537e-06,9.72331e-07,6.071369e-05,9.028852e-07,8.538117e-07,7.217868e-07,6.666753050000001e-05
891,2.384811e-07,8.633712e-07,7.134723e-07,6.052387e-05,1.08956e-06,5.693657e-07,7.35131e-07,8.185012e-07,6.55517525e-05
892,3.183551e-07,6.830119e-07,1.536305e-06,1.111331e-06,7.146375e-05,9.211949e-07,8.701589e-07,7.234711e-07,7.76275779e-05
893,2.378659e-07,8.83194e-07,9.375149e-07,7.185251e-05,1.233231e-06,5.760726e-07,7.370942e-07,8.309082e-07,7.728839080000001e-05
894,3.301215e-07,6.625336e-07,8.998813e-05,8.364153e-06,4.038744e-07,5.629541e-07,8.33405e-07,7.296749e-07,0.0001018748465
895,5.367888e-06,9.180178e-05,2.126283e-06,1.408038e-07,1.204991e-07,6.450746e-07,7.237039e-07,8.302138e-07,0.0001017562462
896,2.636806e-07,6.753916e-07,8.415975e-07,7.080075e-07,1.446151e-07,5.716456e-07,7.500905e-07,7.384477e-07,4.693476099999999e-06
897,2.461016e-07,6.860229e-07,1.304426e-06,1.302238e-07,1.294933e-07,5.74702e-07,7.340486e-07,7.44319e-07,4.5493372e-06
898,3.337054e-07,6.62863e-07,0.0001002319,9.075593e-06,4.292503e-07,5.608429e-07,8.40538e-07,7.261586e-07,0.00011286085120000001
899,5.927976e-06,0.0001022916,2.184782e-06,1.411997e-07,1.211316e-07,6.506289e-07,7.23708e-07,8.389976e-07,0.0001128800238
900,3.281944e-07,6.840829e-07,1.559915e-06,1.345856e-06,8.894865e-05,9.442999e-07,8.939153e-07,7.24335e-07,9.54292485e-05
901,2.378372e-07,9.076658e-07,1.325682e-06,8.90827e-05,1.455637e-06,5.842305e-07,7.365758e-07,8.431467e-07,9.517347499999999e-05
902,2.842903e-07,6.851226e-07,1.440235e-06,4.177321e-07,2.052858e-05,7.839736e-07,7.98172e-07,7.328495e-07,2.56709551e-05
903,2.411633e-07,7.889937e-07,2.709172e-07,2.030009e-05,5.476591e-07,5.620395e-07,7.364162e-07,7.859885e-07,2.4233267500000005e-05
904,3.109919e-07,6.856847e-07,1.523272e-06,1.018336e-06,6.384382e-05,9.166232e-07,8.611524e-07,7.25597e-07,6.98854772e-05
905,2.376102e-07,8.7196e-07,7.663397e-07,6.352211e-05,1.134806e-06,5.728957e-07,7.357136e-07,8.255203e-07,6.86669555e-05
906,3.197312e-07,6.664929e-07,5.696334e-05,6.008399e-06,3.210005e-07,5.656487e-07,8.139324e-07,7.327453e-07,6.639129e-05
907,3.652672e-06,5.959866e-05,1.913608e-06,1.44586e-07,1.229714e-07,6.292674e-07,7.265901e-07,8.117965e-07,6.760015139999999e-05
908,3.207914e-07,6.5645e-07,6.727319e-05,6.741501e-06,3.445539e-07,5.647402e-07,8.176584e-07,7.298138e-07,7.74486987e-05
909,4.107871e-06,6.848016e-05,1.98213e-06,1.422277e-07,1.227548e-07,6.349727e-07,7.238061e-07,8.211097e-07,7.7015032e-05
910,3.287741e-07,6.625062e-07,8.422983e-05,7.965785e-06,3.909579e-07,5.645444e-07,8.315291e-07,7.307372e-07,9.57046639e-05
911,5.080632e-06,8.59905e-05,2.090244e-06,1.434595e-07,1.221966e-07,6.443773e-07,7.227724e-07,8.293833e-07,9.56235651e-05
912,2.935395e-07,6.63277e-07,1.80687e-05,2.775922e-06,2.083139e-07,5.688929e-07,7.802519e-07,7.306464e-07,2.40895436e-05
913,1.302373e-06,1.743921e-05,1.574532e-06,1.408665e-07,1.257906e-07,6.030285e-07,7.265571e-07,7.77105e-07,2.26894627e-05
914,3.150649e-07,6.55761e-07,5.948739e-05,6.206721e-06,3.229608e-07,5.599903e-07,8.116361e-07,7.245474e-07,6.90840715e-05
915,3.645407e-06,5.970134e-05,1.91606e-06,1.419841e-07,1.218507e-07,6.232263e-07,7.211187e-07,8.068737e-07,6.76778605e-05
916,2.997255e-07,6.803772e-07,1.498186e-06,8.81211e-07,5.401257e-05,8.930571e-07,8.420081e-07,7.198842e-07,5.9827019100000005e-05
917,2.348807e-07,8.498725e-07,6.364175e-07,5.617342e-05,1.033328e-06,5.630406e-07,7.322569e-07,8.143207e-07,6.10375369e-05
918,3.1711e-07,6.835635e-07,1.534906e-06,1.312929e-06,8.572968e-05,9.54801e-07,8.819455e-07,7.160926e-07,9.213102759999999e-05
919,2.353455e-07,8.917785e-07,1.242149e-06,8.534043e-05,1.389655e-06,5.729144e-07,7.334485e-07,8.314705e-07,9.12371914e-05
920,3.086054e-07,6.441209e-07,5.077148e-05,5.483518e-06,2.962295e-07,5.610645e-07,8.01372e-07,7.219573e-07,5.95883476e-05
921,3.308048e-06,5.353047e-05,1.868199e-06,1.407434e-07,1.202971e-07,6.196401e-07,7.196914e-07,7.989865e-07,6.11060755e-05
922,3.212419e-07,6.469041e-07,8.16907e-05,7.794118e-06,3.762192e-07,5.55241e-07,8.207768e-07,7.17889e-07,9.292308999999998e-05
923,4.892993e-06,8.28918e-05,2.066545e-06,1.399249e-07,1.182505e-07,6.313858e-07,7.160869e-07,8.152937e-07,9.22722798e-05
