path,line,source,field,voltage_v
Scandata\MZI_table.json,$.10.fit_params[0],json,cross_voltage_v,5.293
results\LayerwiseLossOptimize\run_20260615_175207\heater_update_log.csv,76,csv,voltage_after,4.41728290097784
results\LayerwiseLossOptimize\run_20260615_175207\final_voltage.csv,76,csv,voltage,4.417
results\LayerwiseLossOptimize\run_20260615_175207\heater_update_log.csv,68,csv,voltage_after,4.417
results\LayerwiseLossOptimize\run_20260615_175207\heater_update_log.csv,84,csv,voltage_after,4.417
results\LayerwiseLossOptimize\run_20260615_175207\heater_update_log.csv,92,csv,voltage_after,4.417
results\LayerwiseLossOptimize\run_20260615_175207\heater_update_log.csv,68,csv,voltage_before,4.417
results\LayerwiseLossOptimize\run_20260615_175207\heater_update_log.csv,76,csv,voltage_before,4.417
results\LayerwiseLossOptimize\run_20260615_175207\heater_update_log.csv,84,csv,voltage_before,4.417
results\LayerwiseLossOptimize\run_20260615_175207\heater_update_log.csv,92,csv,voltage_before,4.417
results\LayerwiseLossOptimize\run_20260615_175207\voltage_state_layer03_iter006.csv,76,csv,voltage,4.417
results\LayerwiseLossOptimize\run_20260615_175207\voltage_state_layer03_iter007.csv,76,csv,voltage,4.417
results\LayerwiseLossOptimize\run_20260615_175207\voltage_state_layer03_iter008.csv,76,csv,voltage,4.417
results\LayerwiseLossOptimize\run_20260615_175207\voltage_state_layer03_iter009.csv,76,csv,voltage,4.417
results\LayerwiseLossOptimize\run_20260615_175207\heater_update_log.csv,60,csv,voltage_after,4.416816545601647
results\LayerwiseLossOptimize\run_20260615_175207\heater_update_log.csv,44,csv,voltage_after,4.404133487849082
results\LayerwiseLossOptimize\run_20260615_175207\heater_update_log.csv,36,csv,voltage_after,4.404023190154716
results\LayerwiseLossOptimize\run_20260615_175207\heater_update_log.csv,52,csv,voltage_after,4.404
results\LayerwiseLossOptimize\run_20260615_175207\heater_update_log.csv,44,csv,voltage_before,4.404
results\LayerwiseLossOptimize\run_20260615_175207\heater_update_log.csv,52,csv,voltage_before,4.404
results\LayerwiseLossOptimize\run_20260615_175207\heater_update_log.csv,60,csv,voltage_before,4.404
results\LayerwiseLossOptimize\run_20260615_175207\voltage_state_layer03_iter003.csv,76,csv,voltage,4.404
results\LayerwiseLossOptimize\run_20260615_175207\voltage_state_layer03_iter004.csv,76,csv,voltage,4.404
results\LayerwiseLossOptimize\run_20260615_175207\voltage_state_layer03_iter005.csv,76,csv,voltage,4.404
results\LayerwiseLossOptimize\run_20260702_092754\heater_update_log.csv,220,csv,voltage_after,4.3351701009549455
results\LayerwiseLossOptimize\run_20260702_092754\final_voltage.csv,76,csv,voltage,4.335
results\LayerwiseLossOptimize\run_20260702_092754\heater_update_log.csv,212,csv,voltage_after,4.334147140251761
results\LayerwiseLossOptimize\run_20260702_092754\heater_update_log.csv,212,csv,voltage_before,4.334
results\LayerwiseLossOptimize\run_20260702_092754\heater_update_log.csv,220,csv,voltage_before,4.334
results\LayerwiseLossOptimize\run_20260702_092754\upload_voltage_failure_log.csv,310,csv,voltage,4.334
results\LayerwiseLossOptimize\run_20260702_092754\voltage_state_layer03_iter016.csv,76,csv,voltage,4.334
results\LayerwiseLossOptimize\run_20260702_092754\voltage_state_layer03_iter017.csv,76,csv,voltage,4.334
results\LayerwiseLossOptimize\run_20260702_092754\heater_update_log.csv,204,csv,voltage_after,4.333596632196217
results\LayerwiseLossOptimize\run_20260702_092754\heater_update_log.csv,197,csv,voltage_after,4.333348009090438
results\LayerwiseLossOptimize\run_20260702_092754\heater_update_log.csv,204,csv,voltage_before,4.333
results\LayerwiseLossOptimize\run_20260702_092754\upload_voltage_failure_log.csv,248,csv,voltage,4.333
results\LayerwiseLossOptimize\run_20260702_092754\voltage_state_layer03_iter015.csv,76,csv,voltage,4.333
Scandata\MZI_table.json,$.10.fit_params[0],json,bar_voltage_v,4.332
results\InputMZIResistanceCheck\run_20260723\all_128_port_currents.csv,76,csv,voltage_v,4.332
results\InputMZIResistanceCheck\run_20260723\all_heater_current_diagnostics.csv,24,csv,voltage_v,4.332
results\InputMZIResistanceCheck\run_20260723\channel_3_4_path_heater_diagnostics.csv,9,csv,voltage_v,4.332
results\LayerwiseLossOptimizeBarInit\run_20260708_100039\heater_update_log.csv,108,csv,voltage_before,4.332
results\LayerwiseLossOptimizeBarInit\run_20260708_100039\initial_voltage_plan.csv,12,csv,base_voltage,4.332
results\LayerwiseLossOptimizeBarInit\run_20260708_100039\initial_voltage_plan.csv,12,csv,initial_voltage,4.332
results\LayerwiseLossOptimizeBarInit\run_20260708_100039\voltage_state_layer02_iter000.csv,76,csv,voltage,4.332
results\LayerwiseLossOptimizeBarInit\run_20260708_100039\voltage_state_layer02_iter001.csv,76,csv,voltage,4.332
results\LayerwiseLossOptimizeBarInit\run_20260708_100039\voltage_state_layer02_iter002.csv,76,csv,voltage,4.332
results\LayerwiseLossOptimizeBarInit\run_20260708_100039\voltage_state_layer02_iter003.csv,76,csv,voltage,4.332
results\LayerwiseLossOptimizeBarInit\run_20260708_100039\voltage_state_layer02_iter004.csv,76,csv,voltage,4.332
results\LayerwiseLossOptimizeBarInit\run_20260708_100039\voltage_state_layer02_iter005.csv,76,csv,voltage,4.332
results\LayerwiseLossOptimizeBarInit\run_20260708_100039\voltage_state_layer02_iter006.csv,76,csv,voltage,4.332
results\LayerwiseLossOptimizeBarInit\run_20260708_100039\voltage_state_layer02_iter007.csv,76,csv,voltage,4.332
results\LayerwiseLossOptimizeBarInit\run_20260708_100039\voltage_state_layer02_iter008.csv,76,csv,voltage,4.332
results\LayerwiseLossOptimizeBarInit\run_20260708_100039\voltage_state_layer02_iter009.csv,76,csv,voltage,4.332
results\LayerwiseLossOptimizeBarInit\run_20260708_100039\voltage_state_layer02_iter010.csv,76,csv,voltage,4.332
results\LayerwiseLossOptimizeBarInit\run_20260708_100039\voltage_state_layer02_iter011.csv,76,csv,voltage,4.332
results\LayerwiseLossOptimizeBarInit\run_20260708_100039\voltage_state_layer02_iter012.csv,76,csv,voltage,4.332
results\LayerwiseLossOptimizeBarInit\run_20260708_100039\voltage_state_layer03_iter000.csv,76,csv,voltage,4.332
results\LayerwiseLossOptimize\run_20260612_151310\final_voltage.csv,76,csv,voltage,4.332
results\LayerwiseLossOptimize\run_20260612_151310\voltage_state_iter000.csv,76,csv,voltage,4.332
results\LayerwiseLossOptimize\run_20260612_151310\voltage_state_iter001.csv,76,csv,voltage,4.332
results\LayerwiseLossOptimize\run_20260612_151310\voltage_state_iter002.csv,76,csv,voltage,4.332
results\LayerwiseLossOptimize\run_20260612_151310\voltage_state_iter003.csv,76,csv,voltage,4.332
results\LayerwiseLossOptimize\run_20260612_151310\voltage_state_iter004.csv,76,csv,voltage,4.332
results\LayerwiseLossOptimize\run_20260612_151310\voltage_state_iter005.csv,76,csv,voltage,4.332
results\LayerwiseLossOptimize\run_20260615_101118\final_voltage.csv,76,csv,voltage,4.332
results\LayerwiseLossOptimize\run_20260615_101118\voltage_state_iter000.csv,76,csv,voltage,4.332
results\LayerwiseLossOptimize\run_20260615_101118\voltage_state_iter001.csv,76,csv,voltage,4.332
results\LayerwiseLossOptimize\run_20260615_101118\voltage_state_iter002.csv,76,csv,voltage,4.332
results\LayerwiseLossOptimize\run_20260615_101118\voltage_state_iter003.csv,76,csv,voltage,4.332
results\LayerwiseLossOptimize\run_20260615_101118\voltage_state_iter004.csv,76,csv,voltage,4.332
results\LayerwiseLossOptimize\run_20260615_101118\voltage_state_iter005.csv,76,csv,voltage,4.332
results\LayerwiseLossOptimize\run_20260615_101118\voltage_state_iter006.csv,76,csv,voltage,4.332
results\LayerwiseLossOptimize\run_20260615_101118\voltage_state_iter007.csv,76,csv,voltage,4.332
results\LayerwiseLossOptimize\run_20260615_101118\voltage_state_iter008.csv,76,csv,voltage,4.332
results\LayerwiseLossOptimize\run_20260615_101118\voltage_state_iter009.csv,76,csv,voltage,4.332
results\LayerwiseLossOptimize\run_20260615_175207\voltage_state_layer02_iter000.csv,76,csv,voltage,4.332
results\LayerwiseLossOptimize\run_20260615_175207\voltage_state_layer02_iter001.csv,76,csv,voltage,4.332
results\LayerwiseLossOptimize\run_20260615_231845\voltage_state_layer02_iter000.csv,76,csv,voltage,4.332
results\LayerwiseLossOptimize\run_20260615_231845\voltage_state_layer02_iter001.csv,76,csv,voltage,4.332
results\LayerwiseLossOptimize\run_20260616_181448\voltage_state_layer02_iter000.csv,76,csv,voltage,4.332
results\LayerwiseLossOptimize\run_20260616_181448\voltage_state_layer02_iter001.csv,76,csv,voltage,4.332
results\LayerwiseLossOptimize\run_20260616_181448\voltage_state_layer02_iter002.csv,76,csv,voltage,4.332
results\LayerwiseLossOptimize\run_20260616_181448\voltage_state_layer02_iter003.csv,76,csv,voltage,4.332
results\LayerwiseLossOptimize\run_20260616_181448\voltage_state_layer02_iter004.csv,76,csv,voltage,4.332
results\LayerwiseLossOptimize\run_20260616_181448\voltage_state_layer02_iter005.csv,76,csv,voltage,4.332
results\LayerwiseLossOptimize\run_20260616_181448\voltage_state_layer02_iter006.csv,76,csv,voltage,4.332
results\LayerwiseLossOptimize\run_20260616_181448\voltage_state_layer02_iter007.csv,76,csv,voltage,4.332
results\LayerwiseLossOptimize\run_20260616_181448\voltage_state_layer02_iter008.csv,76,csv,voltage,4.332
results\LayerwiseLossOptimize\run_20260616_181448\voltage_state_layer02_iter009.csv,76,csv,voltage,4.332
results\LayerwiseLossOptimize\run_20260616_181448\voltage_state_layer02_iter010.csv,76,csv,voltage,4.332
results\LayerwiseLossOptimize\run_20260623_141324\upload_voltage_failure_log.csv,36,csv,voltage,4.332
results\LayerwiseLossOptimize\run_20260623_141324\voltage_state_layer02_iter000.csv,76,csv,voltage,4.332
results\LayerwiseLossOptimize\run_20260623_141324\voltage_state_layer02_iter001.csv,76,csv,voltage,4.332
results\LayerwiseLossOptimize\run_20260623_141324\voltage_state_layer02_iter002.csv,76,csv,voltage,4.332
results\LayerwiseLossOptimize\run_20260623_141324\voltage_state_layer02_iter003.csv,76,csv,voltage,4.332
results\LayerwiseLossOptimize\run_20260623_141324\voltage_state_layer02_iter004.csv,76,csv,voltage,4.332
results\LayerwiseLossOptimize\run_20260623_141324\voltage_state_layer02_iter005.csv,76,csv,voltage,4.332
results\LayerwiseLossOptimize\run_20260623_141324\voltage_state_layer02_iter006.csv,76,csv,voltage,4.332
results\LayerwiseLossOptimize\run_20260623_174638\voltage_state_layer02_iter000.csv,76,csv,voltage,4.332
results\LayerwiseLossOptimize\run_20260623_174638\voltage_state_layer02_iter001.csv,76,csv,voltage,4.332
results\LayerwiseLossOptimize\run_20260623_174638\voltage_state_layer02_iter002.csv,76,csv,voltage,4.332
results\LayerwiseLossOptimize\run_20260623_174638\voltage_state_layer02_iter003.csv,76,csv,voltage,4.332
results\LayerwiseLossOptimize\run_20260623_174638\voltage_state_layer02_iter004.csv,76,csv,voltage,4.332
results\LayerwiseLossOptimize\run_20260623_174638\voltage_state_layer02_iter005.csv,76,csv,voltage,4.332
results\LayerwiseLossOptimize\run_20260623_174638\voltage_state_layer02_iter006.csv,76,csv,voltage,4.332
results\LayerwiseLossOptimize\run_20260623_174638\voltage_state_layer02_iter007.csv,76,csv,voltage,4.332
results\LayerwiseLossOptimize\run_20260623_174638\voltage_state_layer02_iter008.csv,76,csv,voltage,4.332
results\LayerwiseLossOptimize\run_20260623_174638\voltage_state_layer02_iter009.csv,76,csv,voltage,4.332
results\LayerwiseLossOptimize\run_20260623_174638\voltage_state_layer02_iter010.csv,76,csv,voltage,4.332
results\LayerwiseLossOptimize\run_20260623_174638\voltage_state_layer02_iter011.csv,76,csv,voltage,4.332
results\LayerwiseLossOptimize\run_20260623_174638\voltage_state_layer02_iter012.csv,76,csv,voltage,4.332
results\LayerwiseLossOptimize\run_20260701_170402_2x2\final_voltage.csv,76,csv,voltage,4.332
results\LayerwiseLossOptimize\run_20260701_170402_2x2\upload_voltage_failure_log.csv,36,csv,voltage,4.332
results\LayerwiseLossOptimize\run_20260701_170402_2x2\voltage_state_layer02_iter000.csv,76,csv,voltage,4.332
results\LayerwiseLossOptimize\run_20260701_170402_2x2\voltage_state_layer02_iter001.csv,76,csv,voltage,4.332
results\LayerwiseLossOptimize\run_20260702_092754\heater_update_log.csv,197,csv,voltage_before,4.332
results\LayerwiseLossOptimize\run_20260702_092754\voltage_state_layer02_iter000.csv,76,csv,voltage,4.332
results\LayerwiseLossOptimize\run_20260702_092754\voltage_state_layer02_iter001.csv,76,csv,voltage,4.332
results\LayerwiseLossOptimize\run_20260702_092754\voltage_state_layer02_iter002.csv,76,csv,voltage,4.332
results\LayerwiseLossOptimize\run_20260702_092754\voltage_state_layer02_iter003.csv,76,csv,voltage,4.332
results\LayerwiseLossOptimize\run_20260702_092754\voltage_state_layer02_iter004.csv,76,csv,voltage,4.332
results\LayerwiseLossOptimize\run_20260702_092754\voltage_state_layer02_iter005.csv,76,csv,voltage,4.332
results\LayerwiseLossOptimize\run_20260702_092754\voltage_state_layer02_iter006.csv,76,csv,voltage,4.332
results\LayerwiseLossOptimize\run_20260702_092754\voltage_state_layer02_iter007.csv,76,csv,voltage,4.332
results\LayerwiseLossOptimize\run_20260702_092754\voltage_state_layer02_iter008.csv,76,csv,voltage,4.332
results\LayerwiseLossOptimize\run_20260702_092754\voltage_state_layer02_iter009.csv,76,csv,voltage,4.332
results\LayerwiseLossOptimize\run_20260702_092754\voltage_state_layer03_iter014.csv,76,csv,voltage,4.332
results\LayerwiseLossOptimize\run_20260704_064718\upload_voltage_failure_log.csv,60,csv,voltage,4.332
results\LayerwiseLossOptimize\run_20260704_064718\voltage_state_layer02_iter000.csv,76,csv,voltage,4.332
results\LayerwiseLossOptimize\run_20260704_064718\voltage_state_layer02_iter001.csv,76,csv,voltage,4.332
results\LayerwiseLossOptimize\run_20260704_064718\voltage_state_layer02_iter002.csv,76,csv,voltage,4.332
results\LayerwiseLossOptimize\run_20260704_064718\voltage_state_layer02_iter003.csv,76,csv,voltage,4.332
results\LayerwiseLossOptimize\run_20260704_064718\voltage_state_layer02_iter004.csv,76,csv,voltage,4.332
results\LayerwiseLossOptimize\run_20260704_064718\voltage_state_layer02_iter005.csv,76,csv,voltage,4.332
results\LayerwiseLossOptimize\run_20260704_064718\voltage_state_layer02_iter006.csv,76,csv,voltage,4.332
results\LayerwiseLossOptimize\run_20260704_064718\voltage_state_layer02_iter007.csv,76,csv,voltage,4.332
results\LayerwiseLossOptimize\run_20260704_064718\voltage_state_layer02_iter008.csv,76,csv,voltage,4.332
results\LayerwiseLossOptimize\run_20260705_112145\voltage_state_layer02_iter000.csv,76,csv,voltage,4.332
results\LayerwiseLossOptimize\run_20260705_112145\voltage_state_layer02_iter001.csv,76,csv,voltage,4.332
results\LayerwiseLossOptimize\run_20260705_112145\voltage_state_layer02_iter002.csv,76,csv,voltage,4.332
results\LayerwiseLossOptimize\run_20260705_112145\voltage_state_layer02_iter003.csv,76,csv,voltage,4.332
results\LayerwiseLossOptimize\run_20260705_112145\voltage_state_layer02_iter004.csv,76,csv,voltage,4.332
results\LayerwiseLossOptimize\run_20260705_112145\voltage_state_layer02_iter005.csv,76,csv,voltage,4.332
results\LayerwiseLossOptimize\run_20260705_112145\voltage_state_layer02_iter006.csv,76,csv,voltage,4.332
results\LayerwiseLossOptimize\run_20260705_112145\voltage_state_layer02_iter007.csv,76,csv,voltage,4.332
results\LayerwiseLossOptimize\run_20260705_112145\voltage_state_layer02_iter008.csv,76,csv,voltage,4.332
results\LayerwiseLossOptimize\run_20260705_112145\voltage_state_layer02_iter009.csv,76,csv,voltage,4.332
results\LayerwiseLossOptimize\run_20260706_085735\voltage_state_layer02_iter000.csv,76,csv,voltage,4.332
results\LayerwiseLossOptimize\run_20260706_085735\voltage_state_layer02_iter001.csv,76,csv,voltage,4.332
results\LayerwiseLossOptimize\run_20260706_085735\voltage_state_layer02_iter002.csv,76,csv,voltage,4.332
results\LayerwiseLossOptimize\run_20260706_085735\voltage_state_layer02_iter003.csv,76,csv,voltage,4.332
results\LayerwiseLossOptimize\run_20260706_085735\voltage_state_layer02_iter004.csv,76,csv,voltage,4.332
results\LayerwiseLossOptimize\run_20260706_085735\voltage_state_layer02_iter005.csv,76,csv,voltage,4.332
results\LayerwiseLossOptimize\run_20260706_085735\voltage_state_layer02_iter006.csv,76,csv,voltage,4.332
results\LayerwiseLossOptimize\run_20260706_085735\voltage_state_layer02_iter007.csv,76,csv,voltage,4.332
results\LayerwiseLossOptimize\run_20260706_085735\voltage_state_layer02_iter008.csv,76,csv,voltage,4.332
results\LayerwiseLossOptimize\run_20260706_085735\voltage_state_layer02_iter009.csv,76,csv,voltage,4.332
results\LayerwiseLossOptimize\run_20260716_224053\voltage_state_layer02_iter000.csv,76,csv,voltage,4.332
results\LayerwiseLossOptimize\run_20260716_224053\voltage_state_layer02_iter001.csv,76,csv,voltage,4.332
results\LayerwiseLossOptimize\run_20260716_224053\voltage_state_layer02_iter002.csv,76,csv,voltage,4.332
results\LayerwiseLossOptimize\run_20260716_224053\voltage_state_layer02_iter003.csv,76,csv,voltage,4.332
results\LayerwiseLossOptimize\run_20260716_224053\voltage_state_layer02_iter004.csv,76,csv,voltage,4.332
results\LayerwiseLossOptimize\run_20260716_224053\voltage_state_layer02_iter005.csv,76,csv,voltage,4.332
results\LayerwiseLossOptimize\run_20260716_224053\voltage_state_layer02_iter006.csv,76,csv,voltage,4.332
results\LayerwiseLossOptimize\run_20260716_224053\voltage_state_layer02_iter007.csv,76,csv,voltage,4.332
results\LayerwiseLossOptimize\run_20260716_224053\voltage_state_layer02_iter008.csv,76,csv,voltage,4.332
results\LayerwiseLossOptimize\run_20260722_093628\voltage_state_layer02_iter000.csv,76,csv,voltage,4.332
results\LayerwiseLossOptimize\run_20260722_093628\voltage_state_layer02_iter001.csv,76,csv,voltage,4.332
results\LayerwiseLossOptimize\run_20260722_142903\voltage_state_layer02_iter000.csv,76,csv,voltage,4.332
results\LayerwiseLossOptimize\run_20260722_142903\voltage_state_layer02_iter001.csv,76,csv,voltage,4.332
results\LayerwiseLossOptimize\run_20260722_170042\final_voltage.csv,76,csv,voltage,4.332
results\LayerwiseLossOptimize\run_20260722_170042\heater_current_diagnostics\all_128_port_currents.csv,76,csv,voltage_v,4.332
results\LayerwiseLossOptimize\run_20260722_170042\heater_current_diagnostics\all_heater_current_diagnostics.csv,24,csv,voltage_v,4.332
results\LayerwiseLossOptimize\run_20260722_170042\heater_current_diagnostics\channel_3_4_path_heater_diagnostics.csv,9,csv,voltage_v,4.332
results\LayerwiseLossOptimize\run_20260722_172125\final_voltage.csv,76,csv,voltage,4.332
results\MNISTInputPassThroughTest\run_20260720_100731\pass_through_mzi_plan.csv,16,csv,voltage,4.332
results\MNISTInputPassThroughTest\run_20260720_100731\pass_through_voltage.csv,76,csv,voltage,4.332
results\MNISTInputPassThroughTest\run_20260720_101225\pass_through_mzi_plan.csv,16,csv,voltage,4.332
results\MNISTInputPassThroughTest\run_20260720_101225\pass_through_voltage.csv,76,csv,voltage,4.332
results\MNISTInputPassThroughTest\run_20260720_104412\pass_through_mzi_plan.csv,16,csv,voltage,4.332
results\MNISTInputPassThroughTest\run_20260720_104412\pass_through_voltage.csv,76,csv,voltage,4.332
results\MNISTInputPassThroughTest\run_20260720_124011\pass_through_mzi_plan.csv,16,csv,voltage,4.332
results\MNISTInputPassThroughTest\run_20260720_124011\pass_through_voltage.csv,76,csv,voltage,4.332
results\MNISTInputPassThroughTest\run_20260720_140500\pass_through_mzi_plan.csv,16,csv,voltage,4.332
results\MNISTInputPassThroughTest\run_20260720_140500\pass_through_voltage.csv,76,csv,voltage,4.332
results\MNISTInputPassThroughTest\run_20260720_162747\pass_through_mzi_plan.csv,16,csv,voltage,4.332
results\MNISTInputPassThroughTest\run_20260720_162747\pass_through_voltage.csv,76,csv,voltage,4.332
results\MNISTInputPassThroughTest\run_20260721_111449\pass_through_mzi_plan.csv,16,csv,voltage,4.332
results\MNISTInputPassThroughTest\run_20260721_111449\pass_through_voltage.csv,76,csv,voltage,4.332
results\MNISTInputPassThroughTest\run_20260721_111702\pass_through_mzi_plan.csv,16,csv,voltage,4.332
results\MNISTInputPassThroughTest\run_20260721_111702\pass_through_voltage.csv,76,csv,voltage,4.332
results\LayerwiseLossOptimize\run_20260702_092754\heater_update_log.csv,188,csv,voltage_after,4.331535970870161
results\LayerwiseLossOptimize\run_20260702_092754\heater_update_log.csv,188,csv,voltage_before,4.33
results\LayerwiseLossOptimize\run_20260702_092754\upload_voltage_failure_log.csv,231,csv,voltage,4.33
results\LayerwiseLossOptimize\run_20260702_092754\voltage_state_layer03_iter013.csv,76,csv,voltage,4.33
results\LayerwiseLossOptimize\run_20260702_092754\heater_update_log.csv,180,csv,voltage_after,4.3296075585369564
results\LayerwiseLossOptimize\run_20260702_092754\heater_update_log.csv,180,csv,voltage_before,4.328
results\LayerwiseLossOptimize\run_20260702_092754\voltage_state_layer03_iter012.csv,76,csv,voltage,4.328
results\LayerwiseLossOptimize\run_20260702_092754\heater_update_log.csv,172,csv,voltage_after,4.327635202002907
results\LayerwiseLossOptimize\run_20260702_092754\heater_update_log.csv,172,csv,voltage_before,4.326
results\LayerwiseLossOptimize\run_20260702_092754\voltage_state_layer03_iter011.csv,76,csv,voltage,4.326
results\LayerwiseLossOptimize\run_20260702_092754\heater_update_log.csv,164,csv,voltage_after,4.3259506240658085
results\LayerwiseLossOptimize\run_20260702_092754\heater_update_log.csv,156,csv,voltage_after,4.3240336369720245
results\LayerwiseLossOptimize\run_20260702_092754\heater_update_log.csv,164,csv,voltage_before,4.324
results\LayerwiseLossOptimize\run_20260702_092754\voltage_state_layer03_iter010.csv,76,csv,voltage,4.324
results\LayerwiseLossOptimize\run_20260702_092754\heater_update_log.csv,148,csv,voltage_after,4.322198218535559
results\LayerwiseLossOptimize\run_20260702_092754\heater_update_log.csv,156,csv,voltage_before,4.322
results\LayerwiseLossOptimize\run_20260702_092754\voltage_state_layer03_iter009.csv,76,csv,voltage,4.322
results\LayerwiseLossOptimize\run_20260702_092754\heater_update_log.csv,148,csv,voltage_before,4.32
results\LayerwiseLossOptimize\run_20260702_092754\voltage_state_layer03_iter008.csv,76,csv,voltage,4.32
results\LayerwiseLossOptimize\run_20260702_092754\heater_update_log.csv,140,csv,voltage_after,4.319584854735145
results\LayerwiseLossOptimize\run_20260615_175207\heater_update_log.csv,28,csv,voltage_after,4.319
results\LayerwiseLossOptimize\run_20260615_175207\heater_update_log.csv,28,csv,voltage_before,4.319
results\LayerwiseLossOptimize\run_20260615_175207\heater_update_log.csv,36,csv,voltage_before,4.319
results\LayerwiseLossOptimize\run_20260615_175207\voltage_state_layer03_iter001.csv,76,csv,voltage,4.319
results\LayerwiseLossOptimize\run_20260615_175207\voltage_state_layer03_iter002.csv,76,csv,voltage,4.319
results\LayerwiseLossOptimize\run_20260702_092754\heater_update_log.csv,140,csv,voltage_before,4.319
results\LayerwiseLossOptimize\run_20260702_092754\voltage_state_layer03_iter007.csv,76,csv,voltage,4.319
results\LayerwiseLossOptimize\run_20260615_175207\heater_update_log.csv,20,csv,voltage_after,4.318734816877368
results\LayerwiseLossOptimize\run_20260702_092754\heater_update_log.csv,135,csv,voltage_after,4.318528745294206
results\LayerwiseLossOptimize\run_20260702_092754\heater_update_log.csv,124,csv,voltage_after,4.316
results\LayerwiseLossOptimize\run_20260702_092754\heater_update_log.csv,124,csv,voltage_before,4.316
results\LayerwiseLossOptimize\run_20260702_092754\heater_update_log.csv,135,csv,voltage_before,4.316
results\LayerwiseLossOptimize\run_20260702_092754\voltage_state_layer03_iter005.csv,76,csv,voltage,4.316
results\LayerwiseLossOptimize\run_20260702_092754\voltage_state_layer03_iter006.csv,76,csv,voltage,4.316
results\LayerwiseLossOptimize\run_20260702_092754\heater_update_log.csv,116,csv,voltage_after,4.315571549192808
results\LayerwiseLossOptimize\run_20260702_092754\heater_update_log.csv,116,csv,voltage_before,4.312
results\LayerwiseLossOptimize\run_20260702_092754\voltage_state_layer03_iter004.csv,76,csv,voltage,4.312
results\LayerwiseLossOptimize\run_20260702_092754\heater_update_log.csv,107,csv,voltage_after,4.3119917901808025
results\LayerwiseLossOptimize\run_20260716_224053\heater_update_log.csv,163,csv,voltage_after,4.311120337533071
results\LayerwiseLossOptimize\run_20260716_224053\final_voltage.csv,76,csv,voltage,4.311
results\LayerwiseLossOptimize\run_20260716_224053\voltage_state_layer04_iter000.csv,76,csv,voltage,4.311
results\LayerwiseLossOptimize\run_20260716_224053\voltage_state_layer04_iter001.csv,76,csv,voltage,4.311
results\LayerwiseLossOptimize\run_20260716_224053\voltage_state_layer04_iter002.csv,76,csv,voltage,4.311
results\LayerwiseLossOptimize\run_20260716_224053\voltage_state_layer04_iter003.csv,76,csv,voltage,4.311
results\LayerwiseLossOptimize\run_20260716_224053\voltage_state_layer04_iter004.csv,76,csv,voltage,4.311
results\LayerwiseLossOptimize\run_20260716_224053\voltage_state_layer04_iter005.csv,76,csv,voltage,4.311
results\LayerwiseLossOptimize\run_20260716_224053\voltage_state_layer05_iter000.csv,76,csv,voltage,4.311
results\LayerwiseLossOptimize\run_20260716_224053\voltage_state_layer05_iter001.csv,76,csv,voltage,4.311
results\LayerwiseLossOptimize\run_20260716_224053\voltage_state_layer05_iter002.csv,76,csv,voltage,4.311
results\LayerwiseLossOptimize\run_20260716_224053\voltage_state_layer05_iter003.csv,76,csv,voltage,4.311
results\LayerwiseLossOptimize\run_20260716_224053\voltage_state_layer05_iter004.csv,76,csv,voltage,4.311
results\LayerwiseLossOptimize\run_20260716_224053\voltage_state_layer05_iter005.csv,76,csv,voltage,4.311
results\LayerwiseLossOptimize\run_20260716_224053\voltage_state_layer05_iter006.csv,76,csv,voltage,4.311
results\LayerwiseLossOptimize\run_20260716_224053\voltage_state_layer05_iter007.csv,76,csv,voltage,4.311
results\LayerwiseLossOptimize\run_20260716_224053\voltage_state_layer05_iter008.csv,76,csv,voltage,4.311
results\LayerwiseLossOptimize\run_20260716_224053\voltage_state_layer05_iter009.csv,76,csv,voltage,4.311
results\LayerwiseLossOptimize\run_20260716_224053\voltage_state_layer06_iter000.csv,76,csv,voltage,4.311
results\LayerwiseLossOptimize\run_20260716_224053\voltage_state_layer06_iter001.csv,76,csv,voltage,4.311
results\LayerwiseLossOptimize\run_20260716_224053\voltage_state_layer06_iter002.csv,76,csv,voltage,4.311
results\LayerwiseLossOptimize\run_20260716_224053\voltage_state_layer06_iter003.csv,76,csv,voltage,4.311
results\LayerwiseLossOptimize\run_20260716_224053\voltage_state_layer06_iter004.csv,76,csv,voltage,4.311
results\LayerwiseLossOptimize\run_20260716_224053\voltage_state_layer06_iter005.csv,76,csv,voltage,4.311
results\LayerwiseLossOptimize\run_20260716_224053\voltage_state_layer07_iter000.csv,76,csv,voltage,4.311
results\LayerwiseLossOptimize\run_20260716_224053\voltage_state_layer07_iter001.csv,76,csv,voltage,4.311
results\LayerwiseLossOptimize\run_20260716_224053\voltage_state_layer07_iter002.csv,76,csv,voltage,4.311
results\LayerwiseLossOptimize\run_20260716_224053\voltage_state_layer07_iter003.csv,76,csv,voltage,4.311
results\LayerwiseLossOptimize\run_20260716_224053\voltage_state_layer07_iter004.csv,76,csv,voltage,4.311
results\LayerwiseLossOptimize\run_20260716_224053\voltage_state_layer07_iter005.csv,76,csv,voltage,4.311
results\LayerwiseLossOptimize\run_20260716_224053\voltage_state_layer07_iter006.csv,76,csv,voltage,4.311
results\LayerwiseLossOptimize\run_20260716_224053\voltage_state_layer07_iter007.csv,76,csv,voltage,4.311
results\LayerwiseLossOptimize\run_20260716_224053\voltage_state_layer07_iter008.csv,76,csv,voltage,4.311
results\LayerwiseLossOptimize\run_20260716_224053\voltage_state_layer08_iter000.csv,76,csv,voltage,4.311
results\LayerwiseLossOptimize\run_20260716_224053\voltage_state_layer08_iter001.csv,76,csv,voltage,4.311
results\LayerwiseLossOptimize\run_20260716_224053\voltage_state_layer08_iter002.csv,76,csv,voltage,4.311
results\LayerwiseLossOptimize\run_20260716_224053\voltage_state_layer08_iter003.csv,76,csv,voltage,4.311
results\LayerwiseLossOptimize\run_20260716_224053\voltage_state_layer08_iter004.csv,76,csv,voltage,4.311
results\MNISTInputPassThroughTest\run_20260720_110550\inference_network_voltage.csv,76,csv,voltage,4.311
results\MNISTInputPassThroughTest\run_20260720_110550\inference_voltage_loaded.csv,76,csv,voltage,4.311
results\MNISTInputPassThroughTest\run_20260720_125935\inference_network_voltage.csv,76,csv,voltage,4.311
results\MNISTInputPassThroughTest\run_20260720_125935\inference_voltage_loaded.csv,76,csv,voltage,4.311
results\MNISTInputPassThroughTest\run_20260720_150856\inference_network_voltage.csv,76,csv,voltage,4.311
results\MNISTInputPassThroughTest\run_20260720_150856\inference_voltage_loaded.csv,76,csv,voltage,4.311
results\MNISTInputPassThroughTest\run_20260720_154320\inference_network_voltage.csv,76,csv,voltage,4.311
results\MNISTInputPassThroughTest\run_20260720_154320\inference_voltage_loaded.csv,76,csv,voltage,4.311
results\MNISTInputPassThroughTest\run_20260720_160509\inference_network_voltage.csv,76,csv,voltage,4.311
results\MNISTInputPassThroughTest\run_20260720_160509\inference_voltage_loaded.csv,76,csv,voltage,4.311
results\MNISTInputPassThroughTest\run_20260720_160739\inference_network_voltage.csv,76,csv,voltage,4.311
results\MNISTInputPassThroughTest\run_20260720_160739\inference_voltage_loaded.csv,76,csv,voltage,4.311
results\MNISTInputPassThroughTest\run_20260720_193925\inference_network_voltage.csv,76,csv,voltage,4.311
results\MNISTInputPassThroughTest\run_20260720_193925\inference_voltage_loaded.csv,76,csv,voltage,4.311
results\MNISTInputPassThroughTest\run_20260720_211008\inference_network_voltage.csv,76,csv,voltage,4.311
results\MNISTInputPassThroughTest\run_20260720_211008\inference_voltage_loaded.csv,76,csv,voltage,4.311
results\MNISTInputPassThroughTest\run_20260721_134247\inference_network_voltage.csv,76,csv,voltage,4.311
results\MNISTInputPassThroughTest\run_20260721_134247\inference_voltage_loaded.csv,76,csv,voltage,4.311
results\LayerwiseLossOptimize\run_20260702_092754\heater_update_log.csv,107,csv,voltage_before,4.308
results\LayerwiseLossOptimize\run_20260702_092754\voltage_state_layer03_iter003.csv,76,csv,voltage,4.308
results\LayerwiseLossOptimize\run_20260702_092754\heater_update_log.csv,100,csv,voltage_after,4.307573862693863
results\LayerwiseLossOptimize\run_20260716_224053\heater_update_log.csv,163,csv,voltage_before,4.307
results\LayerwiseLossOptimize\run_20260716_224053\voltage_state_layer03_iter011.csv,76,csv,voltage,4.307
results\LayerwiseLossOptimize\run_20260716_224053\heater_update_log.csv,155,csv,voltage_after,4.3066848831904165
results\LayerwiseLossOptimize\run_20260702_092754\heater_update_log.csv,92,csv,voltage_after,4.3034173722840965
results\LayerwiseLossOptimize\run_20260716_224053\heater_update_log.csv,147,csv,voltage_after,4.30330471248112
results\LayerwiseLossOptimize\run_20260702_092754\heater_update_log.csv,100,csv,voltage_before,4.303
results\LayerwiseLossOptimize\run_20260702_092754\voltage_state_layer03_iter002.csv,76,csv,voltage,4.303
results\LayerwiseLossOptimize\run_20260716_224053\heater_update_log.csv,155,csv,voltage_before,4.303
results\LayerwiseLossOptimize\run_20260716_224053\voltage_state_layer03_iter010.csv,76,csv,voltage,4.303
results\LayerwiseLossOptimize\run_20260702_092754\heater_update_log.csv,92,csv,voltage_before,4.299
results\LayerwiseLossOptimize\run_20260702_092754\voltage_state_layer03_iter001.csv,76,csv,voltage,4.299
results\LayerwiseLossOptimize\run_20260702_092754\heater_update_log.csv,84,csv,voltage_after,4.298624302136369
results\LayerwiseLossOptimize\run_20260716_224053\heater_update_log.csv,147,csv,voltage_before,4.298
results\LayerwiseLossOptimize\run_20260716_224053\voltage_state_layer03_iter009.csv,76,csv,voltage,4.298
results\LayerwiseLossOptimize\run_20260716_224053\heater_update_log.csv,139,csv,voltage_after,4.2979221807477455
results\LayerwiseLossOptimize\run_20260615_175207\heater_update_log.csv,20,csv,voltage_before,4.293
results\LayerwiseLossOptimize\run_20260615_175207\initial_voltage_plan.csv,12,csv,base_voltage,4.293
results\LayerwiseLossOptimize\run_20260615_175207\initial_voltage_plan.csv,12,csv,initial_voltage,4.293
results\LayerwiseLossOptimize\run_20260615_175207\voltage_state_layer03_iter000.csv,76,csv,voltage,4.293
results\LayerwiseLossOptimize\run_20260615_231845\initial_voltage_plan.csv,12,csv,base_voltage,4.293
results\LayerwiseLossOptimize\run_20260616_181448\initial_voltage_plan.csv,12,csv,base_voltage,4.293
results\LayerwiseLossOptimize\run_20260623_174638\initial_voltage_plan.csv,12,csv,base_voltage,4.293
results\LayerwiseLossOptimize\run_20260702_092754\heater_update_log.csv,84,csv,voltage_before,4.293
results\LayerwiseLossOptimize\run_20260702_092754\initial_voltage_plan.csv,12,csv,base_voltage,4.293
results\LayerwiseLossOptimize\run_20260702_092754\initial_voltage_plan.csv,12,csv,initial_voltage,4.293
results\LayerwiseLossOptimize\run_20260702_092754\voltage_state_layer03_iter000.csv,76,csv,voltage,4.293
results\LayerwiseLossOptimize\run_20260703_092339_layer3_resume\initial_voltage_plan.csv,4,csv,base_voltage,4.293
results\LayerwiseLossOptimize\run_20260704_064718\initial_voltage_plan.csv,12,csv,base_voltage,4.293
results\LayerwiseLossOptimize\run_20260705_112145\initial_voltage_plan.csv,12,csv,base_voltage,4.293
results\LayerwiseLossOptimize\run_20260706_085735\initial_voltage_plan.csv,12,csv,base_voltage,4.293
results\LayerwiseLossOptimize\run_20260716_224053\initial_voltage_plan.csv,12,csv,base_voltage,4.293
results\LayerwiseLossOptimize\run_20260722_142903\initial_voltage_plan.csv,12,csv,base_voltage,4.293
results\LayerwiseLossOptimize\run_20260716_224053\heater_update_log.csv,139,csv,voltage_before,4.29
results\LayerwiseLossOptimize\run_20260716_224053\voltage_state_layer03_iter008.csv,76,csv,voltage,4.29
results\LayerwiseLossOptimize\run_20260716_224053\heater_update_log.csv,132,csv,voltage_after,4.289552777241119
results\LayerwiseLossOptimize\run_20260716_224053\heater_update_log.csv,123,csv,voltage_after,4.2870359527934605
results\LayerwiseLossOptimize\run_20260716_224053\heater_update_log.csv,132,csv,voltage_before,4.287
results\LayerwiseLossOptimize\run_20260716_224053\voltage_state_layer03_iter007.csv,76,csv,voltage,4.287
results\LayerwiseLossOptimize\run_20260716_224053\heater_update_log.csv,123,csv,voltage_before,4.283
results\LayerwiseLossOptimize\run_20260716_224053\voltage_state_layer03_iter006.csv,76,csv,voltage,4.283
results\LayerwiseLossOptimize\run_20260716_224053\heater_update_log.csv,117,csv,voltage_after,4.282839991411499
results\LayerwiseLossOptimize\run_20260716_224053\heater_update_log.csv,117,csv,voltage_before,4.277
results\LayerwiseLossOptimize\run_20260716_224053\voltage_state_layer03_iter005.csv,76,csv,voltage,4.277
results\LayerwiseLossOptimize\run_20260716_224053\heater_update_log.csv,107,csv,voltage_after,4.276906592223172
results\LayerwiseLossOptimizeBarInit\run_20260708_100039\heater_update_log.csv,108,csv,voltage_after,4.275196170373756
results\LayerwiseLossOptimizeBarInit\run_20260708_100039\heater_update_log.csv,114,csv,voltage_before,4.275
results\LayerwiseLossOptimizeBarInit\run_20260708_100039\voltage_state_layer03_iter001.csv,76,csv,voltage,4.275
results\LayerwiseLossOptimize\run_20260716_224053\heater_update_log.csv,107,csv,voltage_before,4.275
results\LayerwiseLossOptimize\run_20260716_224053\voltage_state_layer03_iter004.csv,76,csv,voltage,4.275
results\LayerwiseLossOptimize\run_20260716_224053\heater_update_log.csv,99,csv,voltage_after,4.274936994746096
results\LayerwiseLossOptimize\run_20260716_224053\heater_update_log.csv,99,csv,voltage_before,4.266
results\LayerwiseLossOptimize\run_20260716_224053\voltage_state_layer03_iter003.csv,76,csv,voltage,4.266
results\LayerwiseLossOptimize\run_20260716_224053\heater_update_log.csv,90,csv,voltage_after,4.265916936222443
results\LayerwiseLossOptimize\run_20260716_224053\heater_update_log.csv,90,csv,voltage_before,4.25
results\LayerwiseLossOptimize\run_20260716_224053\voltage_state_layer03_iter002.csv,76,csv,voltage,4.25
results\LayerwiseLossOptimize\run_20260716_224053\heater_update_log.csv,83,csv,voltage_after,4.249968597566989
results\LayerwiseLossOptimize\run_20260716_224053\heater_update_log.csv,76,csv,voltage_after,4.216443902372682
results\LayerwiseLossOptimize\run_20260716_224053\heater_update_log.csv,83,csv,voltage_before,4.216
results\LayerwiseLossOptimize\run_20260716_224053\voltage_state_layer03_iter001.csv,76,csv,voltage,4.216
results\LayerwiseLossOptimizeBarInit\run_20260708_100039\heater_update_log.csv,163,csv,voltage_before,4.207
results\LayerwiseLossOptimizeBarInit\run_20260708_100039\voltage_state_layer03_iter007.csv,76,csv,voltage,4.207
results\LayerwiseLossOptimizeBarInit\run_20260708_100039\heater_update_log.csv,155,csv,voltage_after,4.206673992666279
results\LayerwiseLossOptimizeBarInit\run_20260708_100039\final_voltage.csv,76,csv,voltage,4.19
results\LayerwiseLossOptimizeBarInit\run_20260708_100039\upload_voltage_failure_log.csv,358,csv,voltage,4.19
results\LayerwiseLossOptimizeBarInit\run_20260708_100039\upload_voltage_failure_log.csv,559,csv,voltage,4.19
results\LayerwiseLossOptimizeBarInit\run_20260708_100039\voltage_state_layer04_iter000.csv,76,csv,voltage,4.19
results\LayerwiseLossOptimizeBarInit\run_20260708_100039\voltage_state_layer04_iter001.csv,76,csv,voltage,4.19
results\LayerwiseLossOptimizeBarInit\run_20260708_100039\voltage_state_layer04_iter002.csv,76,csv,voltage,4.19
results\LayerwiseLossOptimizeBarInit\run_20260708_100039\voltage_state_layer04_iter003.csv,76,csv,voltage,4.19
results\LayerwiseLossOptimizeBarInit\run_20260708_100039\voltage_state_layer04_iter004.csv,76,csv,voltage,4.19
results\LayerwiseLossOptimizeBarInit\run_20260708_100039\voltage_state_layer04_iter005.csv,76,csv,voltage,4.19
results\LayerwiseLossOptimizeBarInit\run_20260708_100039\voltage_state_layer04_iter006.csv,76,csv,voltage,4.19
results\LayerwiseLossOptimizeBarInit\run_20260708_100039\voltage_state_layer04_iter007.csv,76,csv,voltage,4.19
results\LayerwiseLossOptimizeBarInit\run_20260708_100039\voltage_state_layer05_iter000.csv,76,csv,voltage,4.19
results\LayerwiseLossOptimizeBarInit\run_20260708_100039\voltage_state_layer05_iter001.csv,76,csv,voltage,4.19
results\LayerwiseLossOptimizeBarInit\run_20260708_100039\voltage_state_layer05_iter002.csv,76,csv,voltage,4.19
results\LayerwiseLossOptimizeBarInit\run_20260708_100039\voltage_state_layer05_iter003.csv,76,csv,voltage,4.19
results\LayerwiseLossOptimizeBarInit\run_20260708_100039\voltage_state_layer05_iter004.csv,76,csv,voltage,4.19
results\LayerwiseLossOptimizeBarInit\run_20260708_100039\voltage_state_layer05_iter005.csv,76,csv,voltage,4.19
results\LayerwiseLossOptimizeBarInit\run_20260708_100039\voltage_state_layer05_iter006.csv,76,csv,voltage,4.19
results\LayerwiseLossOptimizeBarInit\run_20260708_100039\voltage_state_layer05_iter007.csv,76,csv,voltage,4.19
results\LayerwiseLossOptimizeBarInit\run_20260708_100039\voltage_state_layer05_iter008.csv,76,csv,voltage,4.19
results\LayerwiseLossOptimizeBarInit\run_20260708_100039\voltage_state_layer05_iter009.csv,76,csv,voltage,4.19
results\LayerwiseLossOptimizeBarInit\run_20260708_100039\voltage_state_layer05_iter010.csv,76,csv,voltage,4.19
results\LayerwiseLossOptimizeBarInit\run_20260708_100039\voltage_state_layer05_iter011.csv,76,csv,voltage,4.19
results\LayerwiseLossOptimizeBarInit\run_20260708_100039\voltage_state_layer05_iter012.csv,76,csv,voltage,4.19
results\LayerwiseLossOptimizeBarInit\run_20260708_100039\voltage_state_layer05_iter013.csv,76,csv,voltage,4.19
results\LayerwiseLossOptimizeBarInit\run_20260708_100039\voltage_state_layer05_iter014.csv,76,csv,voltage,4.19
results\LayerwiseLossOptimizeBarInit\run_20260708_100039\voltage_state_layer05_iter015.csv,76,csv,voltage,4.19
results\LayerwiseLossOptimizeBarInit\run_20260708_100039\voltage_state_layer05_iter016.csv,76,csv,voltage,4.19
results\LayerwiseLossOptimizeBarInit\run_20260708_100039\voltage_state_layer05_iter017.csv,76,csv,voltage,4.19
results\LayerwiseLossOptimizeBarInit\run_20260708_100039\voltage_state_layer05_iter018.csv,76,csv,voltage,4.19
results\LayerwiseLossOptimizeBarInit\run_20260708_100039\voltage_state_layer05_iter019.csv,76,csv,voltage,4.19
results\LayerwiseLossOptimizeBarInit\run_20260708_100039\voltage_state_layer06_iter000.csv,76,csv,voltage,4.19
results\LayerwiseLossOptimizeBarInit\run_20260708_100039\voltage_state_layer06_iter001.csv,76,csv,voltage,4.19
results\LayerwiseLossOptimizeBarInit\run_20260708_100039\voltage_state_layer06_iter002.csv,76,csv,voltage,4.19
results\LayerwiseLossOptimizeBarInit\run_20260708_100039\voltage_state_layer06_iter003.csv,76,csv,voltage,4.19
results\LayerwiseLossOptimizeBarInit\run_20260708_100039\voltage_state_layer06_iter004.csv,76,csv,voltage,4.19
results\LayerwiseLossOptimizeBarInit\run_20260708_100039\voltage_state_layer06_iter005.csv,76,csv,voltage,4.19
results\LayerwiseLossOptimizeBarInit\run_20260708_100039\voltage_state_layer06_iter006.csv,76,csv,voltage,4.19
results\LayerwiseLossOptimizeBarInit\run_20260708_100039\voltage_state_layer06_iter007.csv,76,csv,voltage,4.19
results\LayerwiseLossOptimizeBarInit\run_20260708_100039\voltage_state_layer06_iter008.csv,76,csv,voltage,4.19
results\LayerwiseLossOptimizeBarInit\run_20260708_100039\voltage_state_layer06_iter009.csv,76,csv,voltage,4.19
results\LayerwiseLossOptimizeBarInit\run_20260708_100039\voltage_state_layer06_iter010.csv,76,csv,voltage,4.19
results\LayerwiseLossOptimizeBarInit\run_20260708_100039\voltage_state_layer06_iter011.csv,76,csv,voltage,4.19
results\LayerwiseLossOptimizeBarInit\run_20260708_100039\voltage_state_layer06_iter012.csv,76,csv,voltage,4.19
results\LayerwiseLossOptimizeBarInit\run_20260708_100039\voltage_state_layer06_iter013.csv,76,csv,voltage,4.19
results\LayerwiseLossOptimizeBarInit\run_20260708_100039\voltage_state_layer06_iter014.csv,76,csv,voltage,4.19
results\LayerwiseLossOptimizeBarInit\run_20260708_100039\voltage_state_layer06_iter015.csv,76,csv,voltage,4.19
results\LayerwiseLossOptimizeBarInit\run_20260708_100039\voltage_state_layer06_iter016.csv,76,csv,voltage,4.19
results\LayerwiseLossOptimizeBarInit\run_20260708_100039\voltage_state_layer06_iter017.csv,76,csv,voltage,4.19
results\LayerwiseLossOptimizeBarInit\run_20260708_100039\voltage_state_layer06_iter018.csv,76,csv,voltage,4.19
results\LayerwiseLossOptimizeBarInit\run_20260708_100039\voltage_state_layer06_iter019.csv,76,csv,voltage,4.19
results\LayerwiseLossOptimizeBarInit\run_20260708_100039\voltage_state_layer07_iter000.csv,76,csv,voltage,4.19
results\LayerwiseLossOptimizeBarInit\run_20260708_100039\voltage_state_layer07_iter001.csv,76,csv,voltage,4.19
results\LayerwiseLossOptimizeBarInit\run_20260708_100039\voltage_state_layer07_iter002.csv,76,csv,voltage,4.19
results\LayerwiseLossOptimizeBarInit\run_20260708_100039\voltage_state_layer07_iter003.csv,76,csv,voltage,4.19
results\LayerwiseLossOptimizeBarInit\run_20260708_100039\voltage_state_layer07_iter004.csv,76,csv,voltage,4.19
results\LayerwiseLossOptimizeBarInit\run_20260708_100039\voltage_state_layer07_iter005.csv,76,csv,voltage,4.19
results\LayerwiseLossOptimizeBarInit\run_20260708_100039\voltage_state_layer07_iter006.csv,76,csv,voltage,4.19
results\LayerwiseLossOptimizeBarInit\run_20260708_100039\voltage_state_layer07_iter007.csv,76,csv,voltage,4.19
results\LayerwiseLossOptimizeBarInit\run_20260708_100039\voltage_state_layer07_iter008.csv,76,csv,voltage,4.19
results\LayerwiseLossOptimizeBarInit\run_20260708_100039\voltage_state_layer07_iter009.csv,76,csv,voltage,4.19
results\LayerwiseLossOptimizeBarInit\run_20260708_100039\voltage_state_layer07_iter010.csv,76,csv,voltage,4.19
results\LayerwiseLossOptimizeBarInit\run_20260708_100039\voltage_state_layer07_iter011.csv,76,csv,voltage,4.19
results\LayerwiseLossOptimizeBarInit\run_20260708_100039\voltage_state_layer07_iter012.csv,76,csv,voltage,4.19
results\LayerwiseLossOptimizeBarInit\run_20260708_100039\voltage_state_layer07_iter013.csv,76,csv,voltage,4.19
results\LayerwiseLossOptimizeBarInit\run_20260708_100039\voltage_state_layer07_iter014.csv,76,csv,voltage,4.19
results\LayerwiseLossOptimizeBarInit\run_20260708_100039\voltage_state_layer07_iter015.csv,76,csv,voltage,4.19
results\LayerwiseLossOptimizeBarInit\run_20260708_100039\voltage_state_layer07_iter016.csv,76,csv,voltage,4.19
results\LayerwiseLossOptimizeBarInit\run_20260708_100039\voltage_state_layer07_iter017.csv,76,csv,voltage,4.19
results\LayerwiseLossOptimizeBarInit\run_20260708_100039\voltage_state_layer07_iter018.csv,76,csv,voltage,4.19
results\LayerwiseLossOptimizeBarInit\run_20260708_100039\voltage_state_layer07_iter019.csv,76,csv,voltage,4.19
results\LayerwiseLossOptimizeBarInit\run_20260708_100039\voltage_state_layer08_iter000.csv,76,csv,voltage,4.19
results\LayerwiseLossOptimizeBarInit\run_20260708_100039\voltage_state_layer08_iter001.csv,76,csv,voltage,4.19
results\LayerwiseLossOptimizeBarInit\run_20260708_100039\voltage_state_layer08_iter002.csv,76,csv,voltage,4.19
results\LayerwiseLossOptimizeBarInit\run_20260708_100039\voltage_state_layer08_iter003.csv,76,csv,voltage,4.19
results\LayerwiseLossOptimizeBarInit\run_20260708_100039\voltage_state_layer08_iter004.csv,76,csv,voltage,4.19
results\LayerwiseLossOptimizeBarInit\run_20260708_100039\voltage_state_layer08_iter005.csv,76,csv,voltage,4.19
results\LayerwiseLossOptimizeBarInit\run_20260708_100039\voltage_state_layer08_iter006.csv,76,csv,voltage,4.19
results\LayerwiseLossOptimizeBarInit\run_20260708_100039\voltage_state_layer08_iter007.csv,76,csv,voltage,4.19
results\LayerwiseLossOptimizeBarInit\run_20260708_100039\voltage_state_layer08_iter008.csv,76,csv,voltage,4.19
results\LayerwiseLossOptimizeBarInit\run_20260708_100039\voltage_state_layer08_iter009.csv,76,csv,voltage,4.19
results\LayerwiseLossOptimizeBarInit\run_20260708_100039\voltage_state_layer08_iter010.csv,76,csv,voltage,4.19
results\LayerwiseLossOptimizeBarInit\run_20260708_100039\heater_update_log.csv,170,csv,voltage_after,4.18969876117178
results\LayerwiseLossOptimizeBarInit\run_20260708_100039\heater_update_log.csv,114,csv,voltage_after,4.175000000000001
results\LayerwiseLossOptimizeBarInit\run_20260708_100039\heater_update_log.csv,123,csv,voltage_before,4.175
results\LayerwiseLossOptimizeBarInit\run_20260708_100039\voltage_state_layer03_iter002.csv,76,csv,voltage,4.175
results\LayerwiseLossOptimize\run_20260716_224053\initial_voltage_plan.csv,12,csv,initial_voltage,4.155252413484547
results\LayerwiseLossOptimize\run_20260716_224053\heater_update_log.csv,76,csv,voltage_before,4.155
results\LayerwiseLossOptimize\run_20260716_224053\voltage_state_layer03_iter000.csv,76,csv,voltage,4.155
results\LayerwiseLossOptimize\run_20260722_142903\heater_update_log.csv,20,csv,voltage_after,4.148
results\LayerwiseLossOptimize\run_20260722_142903\voltage_state_layer03_iter001.csv,76,csv,voltage,4.148
results\LayerwiseLossOptimizeBarInit\run_20260708_100039\heater_update_log.csv,163,csv,voltage_after,4.141446266388815
results\LayerwiseLossOptimizeBarInit\run_20260708_100039\heater_update_log.csv,170,csv,voltage_before,4.141
results\LayerwiseLossOptimizeBarInit\run_20260708_100039\voltage_state_layer03_iter008.csv,76,csv,voltage,4.141
results\LayerwiseLossOptimizeBarInit\run_20260708_100039\heater_update_log.csv,123,csv,voltage_after,4.136231432218292
results\LayerwiseLossOptimizeBarInit\run_20260708_100039\heater_update_log.csv,131,csv,voltage_before,4.136
results\LayerwiseLossOptimizeBarInit\run_20260708_100039\voltage_state_layer03_iter003.csv,76,csv,voltage,4.136
results\LayerwiseLossOptimizeBarInit\run_20260708_100039\heater_update_log.csv,142,csv,voltage_after,4.133105135780095
results\LayerwiseLossOptimizeBarInit\run_20260708_100039\heater_update_log.csv,147,csv,voltage_before,4.133
results\LayerwiseLossOptimizeBarInit\run_20260708_100039\voltage_state_layer03_iter005.csv,76,csv,voltage,4.133
results\LayerwiseLossOptimizeBarInit\run_20260708_100039\heater_update_log.csv,147,csv,voltage_after,4.120372139046968
results\LayerwiseLossOptimizeBarInit\run_20260708_100039\heater_update_log.csv,155,csv,voltage_before,4.12
results\LayerwiseLossOptimizeBarInit\run_20260708_100039\voltage_state_layer03_iter006.csv,76,csv,voltage,4.12
results\LayerwiseLossOptimizeBarInit\run_20260708_100039\heater_update_log.csv,131,csv,voltage_after,4.116157226099956
results\LayerwiseLossOptimizeBarInit\run_20260708_100039\heater_update_log.csv,142,csv,voltage_before,4.116
results\LayerwiseLossOptimizeBarInit\run_20260708_100039\voltage_state_layer03_iter004.csv,76,csv,voltage,4.116
results\LayerwiseLossOptimize\run_20260722_142903\heater_update_log.csv,20,csv,voltage_before,4.048
results\LayerwiseLossOptimize\run_20260722_142903\voltage_state_layer03_iter000.csv,76,csv,voltage,4.048
results\LayerwiseLossOptimize\run_20260722_142903\initial_voltage_plan.csv,12,csv,initial_voltage,4.047993868669838
Scandata\theta_voltage_adjustments.json,$.adjustment_results[4],json,voltage,3.858
Scandata\MZI_table.json,$.10.fit_params[0],json,half_power_voltage_v,3.761
Scandata-backup-04\theta_voltage_adjustments.json,$.adjustment_results[4],json,voltage,3.663
results\LayerwiseLossOptimize\run_20260703_092339_layer3_resume\heater_update_log.csv,27,csv,voltage_after,3.632
results\LayerwiseLossOptimize\run_20260703_092339_layer3_resume\heater_update_log.csv,34,csv,voltage_before,3.632
results\LayerwiseLossOptimize\run_20260703_092339_layer3_resume\voltage_state_layer03_iter004.csv,76,csv,voltage,3.632
results\LayerwiseLossOptimize\run_20260703_092339_layer3_resume\heater_update_log.csv,34,csv,voltage_after,3.6313392069859884
results\LayerwiseLossOptimize\run_20260703_092339_layer3_resume\final_voltage.csv,76,csv,voltage,3.631
results\LayerwiseLossOptimize\run_20260703_092339_layer3_resume\heater_update_log.csv,45,csv,voltage_after,3.631
results\LayerwiseLossOptimize\run_20260703_092339_layer3_resume\heater_update_log.csv,56,csv,voltage_after,3.631
results\LayerwiseLossOptimize\run_20260703_092339_layer3_resume\heater_update_log.csv,65,csv,voltage_after,3.631
results\LayerwiseLossOptimize\run_20260703_092339_layer3_resume\heater_update_log.csv,81,csv,voltage_after,3.631
results\LayerwiseLossOptimize\run_20260703_092339_layer3_resume\heater_update_log.csv,45,csv,voltage_before,3.631
results\LayerwiseLossOptimize\run_20260703_092339_layer3_resume\heater_update_log.csv,56,csv,voltage_before,3.631
results\LayerwiseLossOptimize\run_20260703_092339_layer3_resume\heater_update_log.csv,65,csv,voltage_before,3.631
results\LayerwiseLossOptimize\run_20260703_092339_layer3_resume\heater_update_log.csv,71,csv,voltage_before,3.631
results\LayerwiseLossOptimize\run_20260703_092339_layer3_resume\heater_update_log.csv,81,csv,voltage_before,3.631
results\LayerwiseLossOptimize\run_20260703_092339_layer3_resume\upload_voltage_failure_log.csv,3,csv,voltage,3.631
results\LayerwiseLossOptimize\run_20260703_092339_layer3_resume\voltage_state_layer03_iter005.csv,76,csv,voltage,3.631
results\LayerwiseLossOptimize\run_20260703_092339_layer3_resume\voltage_state_layer03_iter006.csv,76,csv,voltage,3.631
results\LayerwiseLossOptimize\run_20260703_092339_layer3_resume\voltage_state_layer03_iter007.csv,76,csv,voltage,3.631
results\LayerwiseLossOptimize\run_20260703_092339_layer3_resume\voltage_state_layer03_iter008.csv,76,csv,voltage,3.631
results\LayerwiseLossOptimize\run_20260703_092339_layer3_resume\voltage_state_layer03_iter009.csv,76,csv,voltage,3.631
results\LayerwiseLossOptimize\run_20260703_092339_layer3_resume\heater_update_log.csv,71,csv,voltage_after,3.630997841630664
results\LayerwiseLossOptimize\run_20260704_064718\heater_update_log.csv,187,csv,voltage_after,3.5803941922210525
results\LayerwiseLossOptimize\run_20260704_064718\final_voltage.csv,76,csv,voltage,3.58
results\LayerwiseLossOptimize\run_20260704_064718\heater_update_log.csv,187,csv,voltage_before,3.579
results\LayerwiseLossOptimize\run_20260704_064718\upload_voltage_failure_log.csv,170,csv,voltage,3.579
results\LayerwiseLossOptimize\run_20260704_064718\voltage_state_layer03_iter014.csv,76,csv,voltage,3.579
results\LayerwiseLossOptimize\run_20260704_064718\heater_update_log.csv,180,csv,voltage_after,3.5789560095506854
results\LayerwiseLossOptimize\run_20260704_064718\heater_update_log.csv,173,csv,voltage_after,3.5773701513520404
results\LayerwiseLossOptimize\run_20260704_064718\heater_update_log.csv,180,csv,voltage_before,3.577
results\LayerwiseLossOptimize\run_20260704_064718\voltage_state_layer03_iter013.csv,76,csv,voltage,3.577
results\LayerwiseLossOptimize\run_20260706_085735\final_voltage.csv,76,csv,voltage,3.577
results\LayerwiseLossOptimize\run_20260706_085735\upload_voltage_failure_log.csv,452,csv,voltage,3.577
results\LayerwiseLossOptimize\run_20260706_085735\voltage_state_layer04_iter000.csv,76,csv,voltage,3.577
results\LayerwiseLossOptimize\run_20260706_085735\voltage_state_layer04_iter001.csv,76,csv,voltage,3.577
results\LayerwiseLossOptimize\run_20260706_085735\voltage_state_layer04_iter002.csv,76,csv,voltage,3.577
results\LayerwiseLossOptimize\run_20260706_085735\voltage_state_layer04_iter003.csv,76,csv,voltage,3.577
results\LayerwiseLossOptimize\run_20260706_085735\voltage_state_layer04_iter004.csv,76,csv,voltage,3.577
results\LayerwiseLossOptimize\run_20260706_085735\voltage_state_layer04_iter005.csv,76,csv,voltage,3.577
results\LayerwiseLossOptimize\run_20260706_085735\voltage_state_layer05_iter000.csv,76,csv,voltage,3.577
results\LayerwiseLossOptimize\run_20260706_085735\voltage_state_layer05_iter001.csv,76,csv,voltage,3.577
results\LayerwiseLossOptimize\run_20260706_085735\voltage_state_layer05_iter002.csv,76,csv,voltage,3.577
results\LayerwiseLossOptimize\run_20260706_085735\voltage_state_layer05_iter003.csv,76,csv,voltage,3.577
results\LayerwiseLossOptimize\run_20260706_085735\voltage_state_layer05_iter004.csv,76,csv,voltage,3.577
results\LayerwiseLossOptimize\run_20260706_085735\voltage_state_layer05_iter005.csv,76,csv,voltage,3.577
results\LayerwiseLossOptimize\run_20260706_085735\voltage_state_layer05_iter006.csv,76,csv,voltage,3.577
results\LayerwiseLossOptimize\run_20260706_085735\voltage_state_layer05_iter007.csv,76,csv,voltage,3.577
results\LayerwiseLossOptimize\run_20260706_085735\voltage_state_layer05_iter008.csv,76,csv,voltage,3.577
results\LayerwiseLossOptimize\run_20260706_085735\voltage_state_layer05_iter009.csv,76,csv,voltage,3.577
results\LayerwiseLossOptimize\run_20260706_085735\voltage_state_layer05_iter010.csv,76,csv,voltage,3.577
results\LayerwiseLossOptimize\run_20260706_085735\voltage_state_layer05_iter011.csv,76,csv,voltage,3.577
results\LayerwiseLossOptimize\run_20260706_085735\voltage_state_layer05_iter012.csv,76,csv,voltage,3.577
results\LayerwiseLossOptimize\run_20260706_085735\voltage_state_layer06_iter000.csv,76,csv,voltage,3.577
results\LayerwiseLossOptimize\run_20260706_085735\voltage_state_layer06_iter001.csv,76,csv,voltage,3.577
results\LayerwiseLossOptimize\run_20260706_085735\voltage_state_layer06_iter002.csv,76,csv,voltage,3.577
results\LayerwiseLossOptimize\run_20260706_085735\voltage_state_layer06_iter003.csv,76,csv,voltage,3.577
results\LayerwiseLossOptimize\run_20260706_085735\voltage_state_layer06_iter004.csv,76,csv,voltage,3.577
results\LayerwiseLossOptimize\run_20260706_085735\voltage_state_layer06_iter005.csv,76,csv,voltage,3.577
results\LayerwiseLossOptimize\run_20260706_085735\voltage_state_layer06_iter006.csv,76,csv,voltage,3.577
results\LayerwiseLossOptimize\run_20260706_085735\voltage_state_layer06_iter007.csv,76,csv,voltage,3.577
results\LayerwiseLossOptimize\run_20260706_085735\heater_update_log.csv,172,csv,voltage_after,3.5768719188464373
results\LayerwiseLossOptimize\run_20260706_085735\heater_update_log.csv,164,csv,voltage_after,3.576140167311131
results\LayerwiseLossOptimize\run_20260706_085735\heater_update_log.csv,172,csv,voltage_before,3.576
results\LayerwiseLossOptimize\run_20260706_085735\voltage_state_layer03_iter011.csv,76,csv,voltage,3.576
results\LayerwiseLossOptimize\run_20260706_085735\heater_update_log.csv,156,csv,voltage_after,3.5754584314953215
results\LayerwiseLossOptimize\run_20260623_174638\final_voltage.csv,76,csv,voltage,3.575
results\LayerwiseLossOptimize\run_20260623_174638\voltage_state_layer04_iter000.csv,76,csv,voltage,3.575
results\LayerwiseLossOptimize\run_20260623_174638\voltage_state_layer04_iter001.csv,76,csv,voltage,3.575
results\LayerwiseLossOptimize\run_20260623_174638\voltage_state_layer04_iter002.csv,76,csv,voltage,3.575
results\LayerwiseLossOptimize\run_20260623_174638\voltage_state_layer04_iter003.csv,76,csv,voltage,3.575
results\LayerwiseLossOptimize\run_20260623_174638\voltage_state_layer04_iter004.csv,76,csv,voltage,3.575
results\LayerwiseLossOptimize\run_20260623_174638\voltage_state_layer04_iter005.csv,76,csv,voltage,3.575
results\LayerwiseLossOptimize\run_20260623_174638\voltage_state_layer04_iter006.csv,76,csv,voltage,3.575
results\LayerwiseLossOptimize\run_20260623_174638\voltage_state_layer05_iter000.csv,76,csv,voltage,3.575
results\LayerwiseLossOptimize\run_20260623_174638\voltage_state_layer05_iter001.csv,76,csv,voltage,3.575
results\LayerwiseLossOptimize\run_20260623_174638\voltage_state_layer05_iter002.csv,76,csv,voltage,3.575
results\LayerwiseLossOptimize\run_20260623_174638\voltage_state_layer05_iter003.csv,76,csv,voltage,3.575
results\LayerwiseLossOptimize\run_20260623_174638\voltage_state_layer05_iter004.csv,76,csv,voltage,3.575
results\LayerwiseLossOptimize\run_20260623_174638\voltage_state_layer05_iter005.csv,76,csv,voltage,3.575
results\LayerwiseLossOptimize\run_20260623_174638\voltage_state_layer05_iter006.csv,76,csv,voltage,3.575
results\LayerwiseLossOptimize\run_20260623_174638\voltage_state_layer05_iter007.csv,76,csv,voltage,3.575
results\LayerwiseLossOptimize\run_20260623_174638\voltage_state_layer05_iter008.csv,76,csv,voltage,3.575
results\LayerwiseLossOptimize\run_20260623_174638\voltage_state_layer05_iter009.csv,76,csv,voltage,3.575
results\LayerwiseLossOptimize\run_20260623_174638\voltage_state_layer05_iter010.csv,76,csv,voltage,3.575
results\LayerwiseLossOptimize\run_20260623_174638\voltage_state_layer05_iter011.csv,76,csv,voltage,3.575
results\LayerwiseLossOptimize\run_20260623_174638\voltage_state_layer05_iter012.csv,76,csv,voltage,3.575
results\LayerwiseLossOptimize\run_20260623_174638\voltage_state_layer05_iter013.csv,76,csv,voltage,3.575
results\LayerwiseLossOptimize\run_20260623_174638\voltage_state_layer05_iter014.csv,76,csv,voltage,3.575
results\LayerwiseLossOptimize\run_20260623_174638\voltage_state_layer06_iter000.csv,76,csv,voltage,3.575
results\LayerwiseLossOptimize\run_20260623_174638\voltage_state_layer06_iter001.csv,76,csv,voltage,3.575
results\LayerwiseLossOptimize\run_20260623_174638\voltage_state_layer06_iter002.csv,76,csv,voltage,3.575
results\LayerwiseLossOptimize\run_20260623_174638\voltage_state_layer06_iter003.csv,76,csv,voltage,3.575
results\LayerwiseLossOptimize\run_20260623_174638\voltage_state_layer06_iter004.csv,76,csv,voltage,3.575
results\LayerwiseLossOptimize\run_20260623_174638\voltage_state_layer06_iter005.csv,76,csv,voltage,3.575
results\LayerwiseLossOptimize\run_20260623_174638\voltage_state_layer06_iter006.csv,76,csv,voltage,3.575
results\LayerwiseLossOptimize\run_20260623_174638\voltage_state_layer06_iter007.csv,76,csv,voltage,3.575
results\LayerwiseLossOptimize\run_20260623_174638\voltage_state_layer06_iter008.csv,76,csv,voltage,3.575
results\LayerwiseLossOptimize\run_20260623_174638\voltage_state_layer06_iter009.csv,76,csv,voltage,3.575
results\LayerwiseLossOptimize\run_20260623_174638\voltage_state_layer06_iter010.csv,76,csv,voltage,3.575
results\LayerwiseLossOptimize\run_20260623_174638\voltage_state_layer06_iter011.csv,76,csv,voltage,3.575
results\LayerwiseLossOptimize\run_20260623_174638\voltage_state_layer06_iter012.csv,76,csv,voltage,3.575
results\LayerwiseLossOptimize\run_20260623_174638\voltage_state_layer06_iter013.csv,76,csv,voltage,3.575
results\LayerwiseLossOptimize\run_20260623_174638\voltage_state_layer06_iter014.csv,76,csv,voltage,3.575
results\LayerwiseLossOptimize\run_20260623_174638\voltage_state_layer07_iter000.csv,76,csv,voltage,3.575
results\LayerwiseLossOptimize\run_20260623_174638\voltage_state_layer07_iter001.csv,76,csv,voltage,3.575
results\LayerwiseLossOptimize\run_20260623_174638\voltage_state_layer07_iter002.csv,76,csv,voltage,3.575
results\LayerwiseLossOptimize\run_20260623_174638\voltage_state_layer07_iter003.csv,76,csv,voltage,3.575
results\LayerwiseLossOptimize\run_20260623_174638\voltage_state_layer07_iter004.csv,76,csv,voltage,3.575
results\LayerwiseLossOptimize\run_20260623_174638\voltage_state_layer07_iter005.csv,76,csv,voltage,3.575
results\LayerwiseLossOptimize\run_20260623_174638\voltage_state_layer07_iter006.csv,76,csv,voltage,3.575
results\LayerwiseLossOptimize\run_20260623_174638\voltage_state_layer07_iter007.csv,76,csv,voltage,3.575
results\LayerwiseLossOptimize\run_20260623_174638\voltage_state_layer07_iter008.csv,76,csv,voltage,3.575
results\LayerwiseLossOptimize\run_20260623_174638\voltage_state_layer07_iter009.csv,76,csv,voltage,3.575
results\LayerwiseLossOptimize\run_20260623_174638\voltage_state_layer07_iter010.csv,76,csv,voltage,3.575
results\LayerwiseLossOptimize\run_20260623_174638\voltage_state_layer07_iter011.csv,76,csv,voltage,3.575
results\LayerwiseLossOptimize\run_20260623_174638\voltage_state_layer07_iter012.csv,76,csv,voltage,3.575
results\LayerwiseLossOptimize\run_20260623_174638\voltage_state_layer07_iter013.csv,76,csv,voltage,3.575
results\LayerwiseLossOptimize\run_20260623_174638\voltage_state_layer07_iter014.csv,76,csv,voltage,3.575
results\LayerwiseLossOptimize\run_20260623_174638\voltage_state_layer08_iter000.csv,76,csv,voltage,3.575
results\LayerwiseLossOptimize\run_20260623_174638\voltage_state_layer08_iter001.csv,76,csv,voltage,3.575
results\LayerwiseLossOptimize\run_20260623_174638\voltage_state_layer08_iter002.csv,76,csv,voltage,3.575
results\LayerwiseLossOptimize\run_20260623_174638\voltage_state_layer08_iter003.csv,76,csv,voltage,3.575
results\LayerwiseLossOptimize\run_20260704_064718\heater_update_log.csv,173,csv,voltage_before,3.575
results\LayerwiseLossOptimize\run_20260704_064718\voltage_state_layer03_iter012.csv,76,csv,voltage,3.575
results\LayerwiseLossOptimize\run_20260706_085735\heater_update_log.csv,164,csv,voltage_before,3.575
results\LayerwiseLossOptimize\run_20260706_085735\voltage_state_layer03_iter010.csv,76,csv,voltage,3.575
results\LayerwiseLossOptimize\run_20260704_064718\heater_update_log.csv,163,csv,voltage_after,3.574999956438722
results\LayerwiseLossOptimize\run_20260623_174638\heater_update_log.csv,219,csv,voltage_after,3.574526491850286
results\LayerwiseLossOptimize\run_20260706_085735\heater_update_log.csv,156,csv,voltage_before,3.574
results\LayerwiseLossOptimize\run_20260706_085735\voltage_state_layer03_iter009.csv,76,csv,voltage,3.574
results\LayerwiseLossOptimize\run_20260706_085735\heater_update_log.csv,148,csv,voltage_after,3.5739075187101945
results\LayerwiseLossOptimize\run_20260706_085735\heater_update_log.csv,139,csv,voltage_after,3.57207378415585
results\LayerwiseLossOptimize\run_20260623_174638\heater_update_log.csv,211,csv,voltage_after,3.5720369631229003
results\LayerwiseLossOptimize\run_20260704_064718\heater_update_log.csv,155,csv,voltage_after,3.572028802059802
results\LayerwiseLossOptimize\run_20260623_174638\heater_update_log.csv,219,csv,voltage_before,3.572
results\LayerwiseLossOptimize\run_20260623_174638\voltage_state_layer03_iter014.csv,76,csv,voltage,3.572
results\LayerwiseLossOptimize\run_20260704_064718\heater_update_log.csv,163,csv,voltage_before,3.572
results\LayerwiseLossOptimize\run_20260704_064718\voltage_state_layer03_iter011.csv,76,csv,voltage,3.572
results\LayerwiseLossOptimize\run_20260706_085735\heater_update_log.csv,148,csv,voltage_before,3.572
results\LayerwiseLossOptimize\run_20260706_085735\voltage_state_layer03_iter008.csv,76,csv,voltage,3.572
results\LayerwiseLossOptimize\run_20260705_112145\heater_update_log.csv,172,csv,voltage_after,3.5700476790454956
results\LayerwiseLossOptimize\run_20260705_112145\heater_update_log.csv,181,csv,voltage_after,3.5700156587095924
results\LayerwiseLossOptimize\run_20260705_112145\final_voltage.csv,76,csv,voltage,3.57
results\LayerwiseLossOptimize\run_20260705_112145\heater_update_log.csv,181,csv,voltage_before,3.57
results\LayerwiseLossOptimize\run_20260705_112145\voltage_state_layer03_iter012.csv,76,csv,voltage,3.57
results\LayerwiseLossOptimize\run_20260705_112145\voltage_state_layer04_iter000.csv,76,csv,voltage,3.57
results\LayerwiseLossOptimize\run_20260705_112145\voltage_state_layer04_iter001.csv,76,csv,voltage,3.57
results\LayerwiseLossOptimize\run_20260705_112145\voltage_state_layer04_iter002.csv,76,csv,voltage,3.57
results\LayerwiseLossOptimize\run_20260705_112145\voltage_state_layer04_iter003.csv,76,csv,voltage,3.57
results\LayerwiseLossOptimize\run_20260705_112145\voltage_state_layer04_iter004.csv,76,csv,voltage,3.57
results\LayerwiseLossOptimize\run_20260705_112145\voltage_state_layer04_iter005.csv,76,csv,voltage,3.57
results\LayerwiseLossOptimize\run_20260705_112145\voltage_state_layer04_iter006.csv,76,csv,voltage,3.57
results\LayerwiseLossOptimize\run_20260705_112145\heater_update_log.csv,164,csv,voltage_after,3.569289503581126
results\LayerwiseLossOptimize\run_20260623_174638\heater_update_log.csv,211,csv,voltage_before,3.569
results\LayerwiseLossOptimize\run_20260623_174638\voltage_state_layer03_iter013.csv,76,csv,voltage,3.569
results\LayerwiseLossOptimize\run_20260705_112145\heater_update_log.csv,172,csv,voltage_before,3.569
results\LayerwiseLossOptimize\run_20260705_112145\voltage_state_layer03_iter011.csv,76,csv,voltage,3.569
results\LayerwiseLossOptimize\run_20260623_174638\heater_update_log.csv,203,csv,voltage_after,3.5685313296108543
results\LayerwiseLossOptimize\run_20260704_064718\heater_update_log.csv,147,csv,voltage_after,3.5682404231061313
results\LayerwiseLossOptimize\run_20260704_064718\heater_update_log.csv,155,csv,voltage_before,3.568
results\LayerwiseLossOptimize\run_20260704_064718\voltage_state_layer03_iter010.csv,76,csv,voltage,3.568
results\LayerwiseLossOptimize\run_20260705_112145\heater_update_log.csv,156,csv,voltage_after,3.568
results\LayerwiseLossOptimize\run_20260705_112145\heater_update_log.csv,156,csv,voltage_before,3.568
results\LayerwiseLossOptimize\run_20260705_112145\heater_update_log.csv,164,csv,voltage_before,3.568
results\LayerwiseLossOptimize\run_20260705_112145\voltage_state_layer03_iter009.csv,76,csv,voltage,3.568
results\LayerwiseLossOptimize\run_20260705_112145\voltage_state_layer03_iter010.csv,76,csv,voltage,3.568
results\LayerwiseLossOptimize\run_20260706_085735\heater_update_log.csv,139,csv,voltage_before,3.568
results\LayerwiseLossOptimize\run_20260706_085735\voltage_state_layer03_iter007.csv,76,csv,voltage,3.568
results\LayerwiseLossOptimize\run_20260705_112145\heater_update_log.csv,148,csv,voltage_after,3.5678058150196263
results\LayerwiseLossOptimize\run_20260706_085735\heater_update_log.csv,131,csv,voltage_after,3.5675089435730083
results\LayerwiseLossOptimize\run_20260705_112145\heater_update_log.csv,139,csv,voltage_after,3.5662109263568875
results\LayerwiseLossOptimize\run_20260705_112145\heater_update_log.csv,148,csv,voltage_before,3.566
results\LayerwiseLossOptimize\run_20260705_112145\voltage_state_layer03_iter008.csv,76,csv,voltage,3.566
results\LayerwiseLossOptimize\run_20260623_174638\heater_update_log.csv,196,csv,voltage_after,3.5651001348079743
results\LayerwiseLossOptimize\run_20260705_112145\heater_update_log.csv,131,csv,voltage_after,3.5650869719918137
results\LayerwiseLossOptimize\run_20260623_174638\heater_update_log.csv,203,csv,voltage_before,3.565
results\LayerwiseLossOptimize\run_20260623_174638\voltage_state_layer03_iter012.csv,76,csv,voltage,3.565
results\LayerwiseLossOptimize\run_20260705_112145\heater_update_log.csv,139,csv,voltage_before,3.565
results\LayerwiseLossOptimize\run_20260705_112145\voltage_state_layer03_iter007.csv,76,csv,voltage,3.565
results\LayerwiseLossOptimize\run_20260706_085735\heater_update_log.csv,125,csv,voltage_after,3.5622669107021174
results\LayerwiseLossOptimize\run_20260704_064718\heater_update_log.csv,147,csv,voltage_before,3.562
results\LayerwiseLossOptimize\run_20260704_064718\voltage_state_layer03_iter009.csv,76,csv,voltage,3.562
results\LayerwiseLossOptimize\run_20260706_085735\heater_update_log.csv,131,csv,voltage_before,3.562
results\LayerwiseLossOptimize\run_20260706_085735\voltage_state_layer03_iter006.csv,76,csv,voltage,3.562
results\LayerwiseLossOptimize\run_20260704_064718\heater_update_log.csv,140,csv,voltage_after,3.5618810049942082
results\LayerwiseLossOptimize\run_20260623_174638\heater_update_log.csv,196,csv,voltage_before,3.561
results\LayerwiseLossOptimize\run_20260623_174638\voltage_state_layer03_iter011.csv,76,csv,voltage,3.561
results\LayerwiseLossOptimize\run_20260623_174638\heater_update_log.csv,187,csv,voltage_after,3.5607996539895073
results\LayerwiseLossOptimize\run_20260705_112145\heater_update_log.csv,131,csv,voltage_before,3.559
results\LayerwiseLossOptimize\run_20260705_112145\voltage_state_layer03_iter006.csv,76,csv,voltage,3.559
results\LayerwiseLossOptimize\run_20260705_112145\heater_update_log.csv,123,csv,voltage_after,3.5585256664183875
results\LayerwiseLossOptimize\run_20260623_174638\heater_update_log.csv,187,csv,voltage_before,3.557
results\LayerwiseLossOptimize\run_20260623_174638\voltage_state_layer03_iter010.csv,76,csv,voltage,3.557
results\LayerwiseLossOptimize\run_20260704_064718\heater_update_log.csv,140,csv,voltage_before,3.557
results\LayerwiseLossOptimize\run_20260704_064718\voltage_state_layer03_iter008.csv,76,csv,voltage,3.557
results\LayerwiseLossOptimize\run_20260704_064718\heater_update_log.csv,132,csv,voltage_after,3.5569278790139216
results\LayerwiseLossOptimize\run_20260623_174638\heater_update_log.csv,179,csv,voltage_after,3.556514690000382
results\LayerwiseLossOptimize\run_20260706_085735\heater_update_log.csv,125,csv,voltage_before,3.555
results\LayerwiseLossOptimize\run_20260706_085735\voltage_state_layer03_iter005.csv,76,csv,voltage,3.555
results\LayerwiseLossOptimize\run_20260706_085735\heater_update_log.csv,115,csv,voltage_after,3.5549489706256376
results\LayerwiseLossOptimize\run_20260704_064718\heater_update_log.csv,124,csv,voltage_after,3.5534798855597374
results\LayerwiseLossOptimize\run_20260704_064718\heater_update_log.csv,132,csv,voltage_before,3.553
results\LayerwiseLossOptimize\run_20260704_064718\voltage_state_layer03_iter007.csv,76,csv,voltage,3.553
results\LayerwiseLossOptimize\run_20260623_174638\heater_update_log.csv,171,csv,voltage_after,3.5520625615438433
results\LayerwiseLossOptimize\run_20260623_174638\heater_update_log.csv,179,csv,voltage_before,3.552
results\LayerwiseLossOptimize\run_20260623_174638\voltage_state_layer03_iter009.csv,76,csv,voltage,3.552
results\LayerwiseLossOptimize\run_20260705_112145\heater_update_log.csv,123,csv,voltage_before,3.551
results\LayerwiseLossOptimize\run_20260705_112145\upload_voltage_failure_log.csv,111,csv,voltage,3.551
results\LayerwiseLossOptimize\run_20260705_112145\voltage_state_layer03_iter005.csv,76,csv,voltage,3.551
results\LayerwiseLossOptimize\run_20260705_112145\heater_update_log.csv,115,csv,voltage_after,3.55070538181285
results\LayerwiseLossOptimize\run_20260704_064718\heater_update_log.csv,115,csv,voltage_after,3.5492504111182663
results\LayerwiseLossOptimize\run_20260704_064718\heater_update_log.csv,124,csv,voltage_before,3.549
results\LayerwiseLossOptimize\run_20260704_064718\voltage_state_layer03_iter006.csv,76,csv,voltage,3.549
results\LayerwiseLossOptimize\run_20260706_085735\heater_update_log.csv,115,csv,voltage_before,3.548
results\LayerwiseLossOptimize\run_20260706_085735\voltage_state_layer03_iter004.csv,76,csv,voltage,3.548
results\LayerwiseLossOptimize\run_20260706_085735\heater_update_log.csv,107,csv,voltage_after,3.547745669727215
results\LayerwiseLossOptimize\run_20260623_174638\heater_update_log.csv,171,csv,voltage_before,3.547
results\LayerwiseLossOptimize\run_20260623_174638\voltage_state_layer03_iter008.csv,76,csv,voltage,3.547
results\LayerwiseLossOptimize\run_20260623_174638\heater_update_log.csv,164,csv,voltage_after,3.54667821109003
results\LayerwiseLossOptimize\run_20260616_181448\heater_update_log.csv,204,csv,voltage_after,3.5453377333315848
results\LayerwiseLossOptimize\run_20260616_181448\final_voltage.csv,76,csv,voltage,3.545
results\LayerwiseLossOptimize\run_20260616_181448\upload_voltage_failure_log.csv,267,csv,voltage,3.545
results\LayerwiseLossOptimize\run_20260616_181448\voltage_state_layer04_iter000.csv,76,csv,voltage,3.545
results\LayerwiseLossOptimize\run_20260616_181448\voltage_state_layer04_iter001.csv,76,csv,voltage,3.545
results\LayerwiseLossOptimize\run_20260616_181448\voltage_state_layer04_iter002.csv,76,csv,voltage,3.545
results\LayerwiseLossOptimize\run_20260616_181448\voltage_state_layer04_iter003.csv,76,csv,voltage,3.545
results\LayerwiseLossOptimize\run_20260616_181448\voltage_state_layer04_iter004.csv,76,csv,voltage,3.545
results\LayerwiseLossOptimize\run_20260616_181448\voltage_state_layer04_iter005.csv,76,csv,voltage,3.545
results\LayerwiseLossOptimize\run_20260616_181448\voltage_state_layer04_iter006.csv,76,csv,voltage,3.545
results\LayerwiseLossOptimize\run_20260616_181448\voltage_state_layer05_iter000.csv,76,csv,voltage,3.545
results\LayerwiseLossOptimize\run_20260616_181448\voltage_state_layer05_iter001.csv,76,csv,voltage,3.545
results\LayerwiseLossOptimize\run_20260616_181448\voltage_state_layer05_iter002.csv,76,csv,voltage,3.545
results\LayerwiseLossOptimize\run_20260616_181448\voltage_state_layer05_iter003.csv,76,csv,voltage,3.545
results\LayerwiseLossOptimize\run_20260616_181448\voltage_state_layer05_iter004.csv,76,csv,voltage,3.545
results\LayerwiseLossOptimize\run_20260616_181448\voltage_state_layer05_iter005.csv,76,csv,voltage,3.545
results\LayerwiseLossOptimize\run_20260616_181448\voltage_state_layer05_iter006.csv,76,csv,voltage,3.545
results\LayerwiseLossOptimize\run_20260616_181448\voltage_state_layer05_iter007.csv,76,csv,voltage,3.545
results\LayerwiseLossOptimize\run_20260616_181448\voltage_state_layer05_iter008.csv,76,csv,voltage,3.545
results\LayerwiseLossOptimize\run_20260616_181448\voltage_state_layer05_iter009.csv,76,csv,voltage,3.545
results\LayerwiseLossOptimize\run_20260616_181448\voltage_state_layer05_iter010.csv,76,csv,voltage,3.545
results\LayerwiseLossOptimize\run_20260616_181448\voltage_state_layer05_iter011.csv,76,csv,voltage,3.545
results\LayerwiseLossOptimize\run_20260616_181448\voltage_state_layer05_iter012.csv,76,csv,voltage,3.545
results\LayerwiseLossOptimize\run_20260616_181448\voltage_state_layer05_iter013.csv,76,csv,voltage,3.545
results\LayerwiseLossOptimize\run_20260616_181448\voltage_state_layer05_iter014.csv,76,csv,voltage,3.545
results\LayerwiseLossOptimize\run_20260616_181448\voltage_state_layer06_iter000.csv,76,csv,voltage,3.545
results\LayerwiseLossOptimize\run_20260616_181448\voltage_state_layer06_iter001.csv,76,csv,voltage,3.545
results\LayerwiseLossOptimize\run_20260616_181448\voltage_state_layer06_iter002.csv,76,csv,voltage,3.545
results\LayerwiseLossOptimize\run_20260616_181448\voltage_state_layer06_iter003.csv,76,csv,voltage,3.545
results\LayerwiseLossOptimize\run_20260616_181448\voltage_state_layer06_iter004.csv,76,csv,voltage,3.545
results\LayerwiseLossOptimize\run_20260616_181448\voltage_state_layer06_iter005.csv,76,csv,voltage,3.545
results\LayerwiseLossOptimize\run_20260616_181448\voltage_state_layer06_iter006.csv,76,csv,voltage,3.545
results\LayerwiseLossOptimize\run_20260616_181448\voltage_state_layer06_iter007.csv,76,csv,voltage,3.545
results\LayerwiseLossOptimize\run_20260616_181448\voltage_state_layer06_iter008.csv,76,csv,voltage,3.545
results\LayerwiseLossOptimize\run_20260616_181448\voltage_state_layer06_iter009.csv,76,csv,voltage,3.545
results\LayerwiseLossOptimize\run_20260616_181448\voltage_state_layer07_iter000.csv,76,csv,voltage,3.545
results\LayerwiseLossOptimize\run_20260616_181448\voltage_state_layer07_iter001.csv,76,csv,voltage,3.545
results\LayerwiseLossOptimize\run_20260616_181448\voltage_state_layer07_iter002.csv,76,csv,voltage,3.545
results\LayerwiseLossOptimize\run_20260616_181448\voltage_state_layer07_iter003.csv,76,csv,voltage,3.545
results\LayerwiseLossOptimize\run_20260616_181448\voltage_state_layer07_iter004.csv,76,csv,voltage,3.545
results\LayerwiseLossOptimize\run_20260616_181448\voltage_state_layer07_iter005.csv,76,csv,voltage,3.545
results\LayerwiseLossOptimize\run_20260616_181448\voltage_state_layer07_iter006.csv,76,csv,voltage,3.545
results\LayerwiseLossOptimize\run_20260616_181448\voltage_state_layer07_iter007.csv,76,csv,voltage,3.545
results\LayerwiseLossOptimize\run_20260616_181448\voltage_state_layer07_iter008.csv,76,csv,voltage,3.545
results\LayerwiseLossOptimize\run_20260616_181448\voltage_state_layer07_iter009.csv,76,csv,voltage,3.545
results\LayerwiseLossOptimize\run_20260616_181448\voltage_state_layer08_iter000.csv,76,csv,voltage,3.545
results\LayerwiseLossOptimize\run_20260616_181448\voltage_state_layer08_iter001.csv,76,csv,voltage,3.545
results\LayerwiseLossOptimize\run_20260616_181448\voltage_state_layer08_iter002.csv,76,csv,voltage,3.545
results\LayerwiseLossOptimize\run_20260616_181448\voltage_state_layer08_iter003.csv,76,csv,voltage,3.545
results\LayerwiseLossOptimize\run_20260704_064718\heater_update_log.csv,107,csv,voltage_after,3.544324576209109
results\LayerwiseLossOptimize\run_20260704_064718\heater_update_log.csv,115,csv,voltage_before,3.544
results\LayerwiseLossOptimize\run_20260704_064718\voltage_state_layer03_iter005.csv,76,csv,voltage,3.544
results\LayerwiseLossOptimize\run_20260616_181448\heater_update_log.csv,204,csv,voltage_before,3.543
results\LayerwiseLossOptimize\run_20260616_181448\voltage_state_layer03_iter014.csv,76,csv,voltage,3.543
results\LayerwiseLossOptimize\run_20260616_181448\heater_update_log.csv,196,csv,voltage_after,3.542516969010777
results\LayerwiseLossOptimize\run_20260705_112145\heater_update_log.csv,115,csv,voltage_before,3.542
results\LayerwiseLossOptimize\run_20260705_112145\voltage_state_layer03_iter004.csv,76,csv,voltage,3.542
results\LayerwiseLossOptimize\run_20260705_112145\heater_update_log.csv,107,csv,voltage_after,3.5418037295817872
results\LayerwiseLossOptimize\run_20260623_174638\heater_update_log.csv,164,csv,voltage_before,3.541
results\LayerwiseLossOptimize\run_20260623_174638\voltage_state_layer03_iter007.csv,76,csv,voltage,3.541
results\LayerwiseLossOptimize\run_20260623_174638\heater_update_log.csv,155,csv,voltage_after,3.540643317421412
results\LayerwiseLossOptimize\run_20260616_181448\heater_update_log.csv,196,csv,voltage_before,3.54
results\LayerwiseLossOptimize\run_20260616_181448\voltage_state_layer03_iter013.csv,76,csv,voltage,3.54
results\LayerwiseLossOptimize\run_20260616_181448\heater_update_log.csv,188,csv,voltage_after,3.5396224713385056
results\LayerwiseLossOptimize\run_20260623_174638\heater_update_log.csv,155,csv,voltage_before,3.539
results\LayerwiseLossOptimize\run_20260623_174638\voltage_state_layer03_iter006.csv,76,csv,voltage,3.539
results\LayerwiseLossOptimize\run_20260706_085735\heater_update_log.csv,107,csv,voltage_before,3.539
results\LayerwiseLossOptimize\run_20260706_085735\voltage_state_layer03_iter003.csv,76,csv,voltage,3.539
results\LayerwiseLossOptimize\run_20260706_085735\heater_update_log.csv,99,csv,voltage_after,3.5386967686834563
results\LayerwiseLossOptimize\run_20260623_174638\heater_update_log.csv,148,csv,voltage_after,3.538646165815211
results\LayerwiseLossOptimize\run_20260704_064718\heater_update_log.csv,99,csv,voltage_after,3.5382226570734163
results\LayerwiseLossOptimize\run_20260704_064718\heater_update_log.csv,107,csv,voltage_before,3.538
results\LayerwiseLossOptimize\run_20260704_064718\voltage_state_layer03_iter004.csv,76,csv,voltage,3.538
results\LayerwiseLossOptimize\run_20260615_231845\final_voltage.csv,76,csv,voltage,3.537
results\LayerwiseLossOptimize\run_20260616_181448\heater_update_log.csv,188,csv,voltage_before,3.537
results\LayerwiseLossOptimize\run_20260616_181448\voltage_state_layer03_iter012.csv,76,csv,voltage,3.537
results\LayerwiseLossOptimize\run_20260705_112145\heater_update_log.csv,107,csv,voltage_before,3.537
results\LayerwiseLossOptimize\run_20260705_112145\voltage_state_layer03_iter003.csv,76,csv,voltage,3.537
results\LayerwiseLossOptimize\run_20260705_112145\heater_update_log.csv,99,csv,voltage_after,3.536817296406568
results\LayerwiseLossOptimize\run_20260616_181448\heater_update_log.csv,180,csv,voltage_after,3.5367166711829015
results\LayerwiseLossOptimize\run_20260615_231845\heater_update_log.csv,92,csv,voltage_after,3.536552094575549
results\LayerwiseLossOptimize\run_20260615_231845\heater_update_log.csv,84,csv,voltage_after,3.535231744089581
results\LayerwiseLossOptimize\run_20260615_231845\heater_update_log.csv,92,csv,voltage_before,3.535
results\LayerwiseLossOptimize\run_20260615_231845\voltage_state_layer03_iter009.csv,76,csv,voltage,3.535
results\LayerwiseLossOptimize\run_20260616_181448\heater_update_log.csv,180,csv,voltage_before,3.534
results\LayerwiseLossOptimize\run_20260616_181448\voltage_state_layer03_iter011.csv,76,csv,voltage,3.534
results\LayerwiseLossOptimize\run_20260616_181448\heater_update_log.csv,172,csv,voltage_after,3.5337904505554443
results\LayerwiseLossOptimize\run_20260703_092339_layer3_resume\heater_update_log.csv,19,csv,voltage_after,3.532254213609897
results\LayerwiseLossOptimize\run_20260623_174638\heater_update_log.csv,139,csv,voltage_after,3.5320371146536726
results\LayerwiseLossOptimize\run_20260623_174638\heater_update_log.csv,148,csv,voltage_before,3.532
results\LayerwiseLossOptimize\run_20260623_174638\voltage_state_layer03_iter005.csv,76,csv,voltage,3.532
results\LayerwiseLossOptimize\run_20260703_092339_layer3_resume\heater_update_log.csv,27,csv,voltage_before,3.532
results\LayerwiseLossOptimize\run_20260703_092339_layer3_resume\voltage_state_layer03_iter003.csv,76,csv,voltage,3.532
results\LayerwiseLossOptimize\run_20260704_064718\heater_update_log.csv,91,csv,voltage_after,3.531498630497806
results\LayerwiseLossOptimize\run_20260616_181448\heater_update_log.csv,164,csv,voltage_after,3.5312168129459764
results\LayerwiseLossOptimize\run_20260616_181448\heater_update_log.csv,172,csv,voltage_before,3.531
results\LayerwiseLossOptimize\run_20260616_181448\voltage_state_layer03_iter010.csv,76,csv,voltage,3.531
results\LayerwiseLossOptimize\run_20260704_064718\heater_update_log.csv,99,csv,voltage_before,3.531
results\LayerwiseLossOptimize\run_20260704_064718\voltage_state_layer03_iter003.csv,76,csv,voltage,3.531
results\LayerwiseLossOptimize\run_20260616_181448\heater_update_log.csv,156,csv,voltage_after,3.529057549785734
results\LayerwiseLossOptimize\run_20260616_181448\heater_update_log.csv,164,csv,voltage_before,3.529
results\LayerwiseLossOptimize\run_20260616_181448\voltage_state_layer03_iter009.csv,76,csv,voltage,3.529
results\LayerwiseLossOptimize\run_20260706_085735\heater_update_log.csv,91,csv,voltage_after,3.528496256873007
results\LayerwiseLossOptimize\run_20260706_085735\heater_update_log.csv,99,csv,voltage_before,3.528
results\LayerwiseLossOptimize\run_20260706_085735\voltage_state_layer03_iter002.csv,76,csv,voltage,3.528
results\LayerwiseLossOptimize\run_20260705_112145\heater_update_log.csv,91,csv,voltage_after,3.5261469561265626
results\LayerwiseLossOptimize\run_20260616_181448\heater_update_log.csv,148,csv,voltage_after,3.526143448087858
results\LayerwiseLossOptimize\run_20260616_181448\heater_update_log.csv,156,csv,voltage_before,3.526
results\LayerwiseLossOptimize\run_20260616_181448\voltage_state_layer03_iter008.csv,76,csv,voltage,3.526
results\LayerwiseLossOptimize\run_20260705_112145\heater_update_log.csv,99,csv,voltage_before,3.526
results\LayerwiseLossOptimize\run_20260705_112145\voltage_state_layer03_iter002.csv,76,csv,voltage,3.526
results\LayerwiseLossOptimize\run_20260623_174638\heater_update_log.csv,131,csv,voltage_after,3.525362746236165
results\LayerwiseLossOptimize\run_20260623_174638\heater_update_log.csv,139,csv,voltage_before,3.525
results\LayerwiseLossOptimize\run_20260623_174638\voltage_state_layer03_iter004.csv,76,csv,voltage,3.525
results\LayerwiseLossOptimize\run_20260615_231845\heater_update_log.csv,76,csv,voltage_after,3.524295916382487
results\LayerwiseLossOptimize\run_20260615_231845\heater_update_log.csv,84,csv,voltage_before,3.524
results\LayerwiseLossOptimize\run_20260615_231845\voltage_state_layer03_iter008.csv,76,csv,voltage,3.524
results\LayerwiseLossOptimize\run_20260616_181448\heater_update_log.csv,140,csv,voltage_after,3.5231830922967693
results\LayerwiseLossOptimize\run_20260703_092339_layer3_resume\heater_update_log.csv,11,csv,voltage_after,3.5230423254207515
results\LayerwiseLossOptimize\run_20260616_181448\heater_update_log.csv,148,csv,voltage_before,3.523
results\LayerwiseLossOptimize\run_20260616_181448\voltage_state_layer03_iter007.csv,76,csv,voltage,3.523
results\LayerwiseLossOptimize\run_20260703_092339_layer3_resume\heater_update_log.csv,19,csv,voltage_before,3.523
results\LayerwiseLossOptimize\run_20260703_092339_layer3_resume\voltage_state_layer03_iter002.csv,76,csv,voltage,3.523
results\LayerwiseLossOptimize\run_20260704_064718\heater_update_log.csv,91,csv,voltage_before,3.523
results\LayerwiseLossOptimize\run_20260704_064718\voltage_state_layer03_iter002.csv,76,csv,voltage,3.523
results\LayerwiseLossOptimize\run_20260704_064718\heater_update_log.csv,83,csv,voltage_after,3.522812593007878
results\LayerwiseLossOptimize\run_20260616_181448\heater_update_log.csv,132,csv,voltage_after,3.5202624933664532
results\LayerwiseLossOptimize\run_20260616_181448\heater_update_log.csv,140,csv,voltage_before,3.52
results\LayerwiseLossOptimize\run_20260616_181448\voltage_state_layer03_iter006.csv,76,csv,voltage,3.52
results\LayerwiseLossOptimize\run_20260623_174638\heater_update_log.csv,123,csv,voltage_after,3.518
results\LayerwiseLossOptimize\run_20260623_174638\heater_update_log.csv,123,csv,voltage_before,3.518
results\LayerwiseLossOptimize\run_20260623_174638\heater_update_log.csv,131,csv,voltage_before,3.518
results\LayerwiseLossOptimize\run_20260623_174638\voltage_state_layer03_iter002.csv,76,csv,voltage,3.518
results\LayerwiseLossOptimize\run_20260623_174638\voltage_state_layer03_iter003.csv,76,csv,voltage,3.518
results\LayerwiseLossOptimize\run_20260623_174638\heater_update_log.csv,116,csv,voltage_after,3.5175127679058997
results\LayerwiseLossOptimize\run_20260616_181448\heater_update_log.csv,124,csv,voltage_after,3.5172883726183093
results\LayerwiseLossOptimize\run_20260616_181448\heater_update_log.csv,132,csv,voltage_before,3.517
results\LayerwiseLossOptimize\run_20260616_181448\voltage_state_layer03_iter005.csv,76,csv,voltage,3.517
results\LayerwiseLossOptimize\run_20260706_085735\heater_update_log.csv,91,csv,voltage_before,3.516
results\LayerwiseLossOptimize\run_20260706_085735\voltage_state_layer03_iter001.csv,76,csv,voltage,3.516
results\LayerwiseLossOptimize\run_20260706_085735\heater_update_log.csv,84,csv,voltage_after,3.5156600088656735
results\LayerwiseLossOptimize\run_20260616_181448\heater_update_log.csv,116,csv,voltage_after,3.514321338484325
results\LayerwiseLossOptimize\run_20260705_112145\heater_update_log.csv,84,csv,voltage_after,3.51406537574513
results\LayerwiseLossOptimize\run_20260616_181448\heater_update_log.csv,124,csv,voltage_before,3.514
results\LayerwiseLossOptimize\run_20260616_181448\voltage_state_layer03_iter004.csv,76,csv,voltage,3.514
results\LayerwiseLossOptimize\run_20260705_112145\heater_update_log.csv,91,csv,voltage_before,3.514
results\LayerwiseLossOptimize\run_20260705_112145\voltage_state_layer03_iter001.csv,76,csv,voltage,3.514
results\LayerwiseLossOptimize\run_20260703_092339_layer3_resume\heater_update_log.csv,4,csv,voltage_after,3.513118822256793
results\LayerwiseLossOptimize\run_20260703_092339_layer3_resume\heater_update_log.csv,11,csv,voltage_before,3.513
results\LayerwiseLossOptimize\run_20260703_092339_layer3_resume\voltage_state_layer03_iter001.csv,76,csv,voltage,3.513
results\LayerwiseLossOptimize\run_20260704_064718\heater_update_log.csv,83,csv,voltage_before,3.513
results\LayerwiseLossOptimize\run_20260704_064718\voltage_state_layer03_iter001.csv,76,csv,voltage,3.513
results\LayerwiseLossOptimize\run_20260704_064718\heater_update_log.csv,76,csv,voltage_after,3.512618463457352
results\LayerwiseLossOptimize\run_20260616_181448\heater_update_log.csv,108,csv,voltage_after,3.5113486918492867
results\LayerwiseLossOptimize\run_20260616_181448\heater_update_log.csv,116,csv,voltage_before,3.511
results\LayerwiseLossOptimize\run_20260616_181448\voltage_state_layer03_iter003.csv,76,csv,voltage,3.511
results\LayerwiseLossOptimize\run_20260623_174638\heater_update_log.csv,116,csv,voltage_before,3.51
results\LayerwiseLossOptimize\run_20260623_174638\voltage_state_layer03_iter001.csv,76,csv,voltage,3.51
results\LayerwiseLossOptimize\run_20260623_174638\heater_update_log.csv,108,csv,voltage_after,3.509516842945854
results\LayerwiseLossOptimize\run_20260616_181448\heater_update_log.csv,100,csv,voltage_after,3.5083547406095543
results\LayerwiseLossOptimize\run_20260616_181448\heater_update_log.csv,108,csv,voltage_before,3.508
results\LayerwiseLossOptimize\run_20260616_181448\voltage_state_layer03_iter002.csv,76,csv,voltage,3.508
results\LayerwiseLossOptimize\run_20260615_231845\heater_update_log.csv,60,csv,voltage_after,3.5073980651333283
results\LayerwiseLossOptimize\run_20260615_231845\heater_update_log.csv,68,csv,voltage_after,3.507
results\LayerwiseLossOptimize\run_20260615_231845\heater_update_log.csv,68,csv,voltage_before,3.507
results\LayerwiseLossOptimize\run_20260615_231845\heater_update_log.csv,76,csv,voltage_before,3.507
results\LayerwiseLossOptimize\run_20260615_231845\voltage_state_layer03_iter006.csv,76,csv,voltage,3.507
results\LayerwiseLossOptimize\run_20260615_231845\voltage_state_layer03_iter007.csv,76,csv,voltage,3.507
results\LayerwiseLossOptimize\run_20260616_181448\heater_update_log.csv,92,csv,voltage_after,3.505312995691246
results\LayerwiseLossOptimize\run_20260616_181448\heater_update_log.csv,100,csv,voltage_before,3.505
results\LayerwiseLossOptimize\run_20260616_181448\voltage_state_layer03_iter001.csv,76,csv,voltage,3.505
results\LayerwiseLossOptimize\run_20260615_231845\heater_update_log.csv,36,csv,voltage_after,3.504
results\LayerwiseLossOptimize\run_20260615_231845\heater_update_log.csv,44,csv,voltage_after,3.504
results\LayerwiseLossOptimize\run_20260615_231845\heater_update_log.csv,52,csv,voltage_after,3.504
results\LayerwiseLossOptimize\run_20260615_231845\heater_update_log.csv,36,csv,voltage_before,3.504
results\LayerwiseLossOptimize\run_20260615_231845\heater_update_log.csv,44,csv,voltage_before,3.504
results\LayerwiseLossOptimize\run_20260615_231845\heater_update_log.csv,52,csv,voltage_before,3.504
results\LayerwiseLossOptimize\run_20260615_231845\heater_update_log.csv,60,csv,voltage_before,3.504
results\LayerwiseLossOptimize\run_20260615_231845\voltage_state_layer03_iter002.csv,76,csv,voltage,3.504
results\LayerwiseLossOptimize\run_20260615_231845\voltage_state_layer03_iter003.csv,76,csv,voltage,3.504
results\LayerwiseLossOptimize\run_20260615_231845\voltage_state_layer03_iter004.csv,76,csv,voltage,3.504
results\LayerwiseLossOptimize\run_20260615_231845\voltage_state_layer03_iter005.csv,76,csv,voltage,3.504
results\LayerwiseLossOptimize\run_20260615_231845\heater_update_log.csv,28,csv,voltage_after,3.503689557953868
results\LayerwiseLossOptimize\run_20260615_231845\initial_voltage_plan.csv,12,csv,initial_voltage,3.502115091987512
results\LayerwiseLossOptimize\run_20260616_181448\initial_voltage_plan.csv,12,csv,initial_voltage,3.502115091987512
results\LayerwiseLossOptimize\run_20260623_174638\initial_voltage_plan.csv,12,csv,initial_voltage,3.502115091987512
results\LayerwiseLossOptimize\run_20260703_092339_layer3_resume\initial_voltage_plan.csv,4,csv,initial_voltage,3.502115091987512
results\LayerwiseLossOptimize\run_20260704_064718\initial_voltage_plan.csv,12,csv,initial_voltage,3.502115091987512
results\LayerwiseLossOptimize\run_20260705_112145\initial_voltage_plan.csv,12,csv,initial_voltage,3.502115091987512
results\LayerwiseLossOptimize\run_20260706_085735\initial_voltage_plan.csv,12,csv,initial_voltage,3.502115091987512
results\LayerwiseLossOptimize\run_20260615_231845\heater_update_log.csv,20,csv,voltage_after,3.502
results\LayerwiseLossOptimize\run_20260615_231845\heater_update_log.csv,20,csv,voltage_before,3.502
results\LayerwiseLossOptimize\run_20260615_231845\heater_update_log.csv,28,csv,voltage_before,3.502
results\LayerwiseLossOptimize\run_20260615_231845\voltage_state_layer03_iter000.csv,76,csv,voltage,3.502
results\LayerwiseLossOptimize\run_20260615_231845\voltage_state_layer03_iter001.csv,76,csv,voltage,3.502
results\LayerwiseLossOptimize\run_20260616_181448\heater_update_log.csv,92,csv,voltage_before,3.502
results\LayerwiseLossOptimize\run_20260616_181448\voltage_state_layer03_iter000.csv,76,csv,voltage,3.502
results\LayerwiseLossOptimize\run_20260623_174638\heater_update_log.csv,108,csv,voltage_before,3.502
results\LayerwiseLossOptimize\run_20260623_174638\voltage_state_layer03_iter000.csv,76,csv,voltage,3.502
results\LayerwiseLossOptimize\run_20260703_092339_layer3_resume\heater_update_log.csv,4,csv,voltage_before,3.502
results\LayerwiseLossOptimize\run_20260703_092339_layer3_resume\voltage_state_layer03_iter000.csv,76,csv,voltage,3.502
results\LayerwiseLossOptimize\run_20260704_064718\heater_update_log.csv,76,csv,voltage_before,3.502
results\LayerwiseLossOptimize\run_20260704_064718\voltage_state_layer03_iter000.csv,76,csv,voltage,3.502
results\LayerwiseLossOptimize\run_20260705_112145\heater_update_log.csv,84,csv,voltage_before,3.502
results\LayerwiseLossOptimize\run_20260705_112145\voltage_state_layer03_iter000.csv,76,csv,voltage,3.502
results\LayerwiseLossOptimize\run_20260706_085735\heater_update_log.csv,84,csv,voltage_before,3.502
results\LayerwiseLossOptimize\run_20260706_085735\voltage_state_layer03_iter000.csv,76,csv,voltage,3.502
results\LayerwiseLossOptimizeBarInit\run_20260708_100039\upload_voltage_failure_log.csv,358,csv,min_check_voltage,0.5
results\LayerwiseLossOptimizeBarInit\run_20260708_100039\upload_voltage_failure_log.csv,559,csv,min_check_voltage,0.5
results\LayerwiseLossOptimize\run_20260616_181448\upload_voltage_failure_log.csv,267,csv,min_check_voltage,0.5
results\LayerwiseLossOptimize\run_20260623_141324\upload_voltage_failure_log.csv,36,csv,min_check_voltage,0.5
results\LayerwiseLossOptimize\run_20260701_170402_2x2\upload_voltage_failure_log.csv,36,csv,min_check_voltage,0.5
results\LayerwiseLossOptimize\run_20260702_092754\upload_voltage_failure_log.csv,231,csv,min_check_voltage,0.5
results\LayerwiseLossOptimize\run_20260702_092754\upload_voltage_failure_log.csv,248,csv,min_check_voltage,0.5
results\LayerwiseLossOptimize\run_20260702_092754\upload_voltage_failure_log.csv,310,csv,min_check_voltage,0.5
results\LayerwiseLossOptimize\run_20260703_092339_layer3_resume\upload_voltage_failure_log.csv,3,csv,min_check_voltage,0.5
results\LayerwiseLossOptimize\run_20260704_064718\upload_voltage_failure_log.csv,60,csv,min_check_voltage,0.5
results\LayerwiseLossOptimize\run_20260704_064718\upload_voltage_failure_log.csv,170,csv,min_check_voltage,0.5
results\LayerwiseLossOptimize\run_20260705_112145\upload_voltage_failure_log.csv,111,csv,min_check_voltage,0.5
results\LayerwiseLossOptimize\run_20260706_085735\upload_voltage_failure_log.csv,452,csv,min_check_voltage,0.5
results\ColumnPhaseOptimize\run_20260609_162958\heater_update_snapshots.csv,76,csv,voltage_v,0.0
results\ColumnPhaseOptimize\run_20260609_162958\heater_update_snapshots.csv,204,csv,voltage_v,0.0
results\ColumnPhaseOptimize\run_20260609_162958\heater_update_snapshots.csv,332,csv,voltage_v,0.0
results\ColumnPhaseOptimize\run_20260609_162958\heater_update_snapshots.csv,460,csv,voltage_v,0.0
results\ColumnPhaseOptimize\run_20260609_162958\heater_update_snapshots.csv,588,csv,voltage_v,0.0
results\ColumnPhaseOptimize\run_20260609_162958\heater_update_snapshots.csv,716,csv,voltage_v,0.0
results\ColumnPhaseOptimize\run_20260609_162958\heater_update_snapshots.csv,844,csv,voltage_v,0.0
results\ColumnPhaseOptimize\run_20260609_162958\heater_update_snapshots.csv,972,csv,voltage_v,0.0
results\ColumnPhaseOptimize\run_20260609_162958\heater_update_snapshots.csv,1100,csv,voltage_v,0.0
results\ColumnPhaseOptimize\run_20260609_162958\heater_update_snapshots.csv,1228,csv,voltage_v,0.0
results\ColumnPhaseOptimize\run_20260609_162958\heater_update_snapshots.csv,1356,csv,voltage_v,0.0
results\ColumnPhaseOptimize\run_20260609_162958\heater_update_snapshots.csv,1484,csv,voltage_v,0.0
results\ColumnPhaseOptimize\run_20260609_162958\heater_update_snapshots.csv,1612,csv,voltage_v,0.0
results\ColumnPhaseOptimize\run_20260609_162958\heater_update_snapshots.csv,1740,csv,voltage_v,0.0
results\ColumnPhaseOptimize\run_20260609_162958\heater_update_snapshots.csv,1868,csv,voltage_v,0.0
results\ColumnPhaseOptimize\run_20260609_162958\heater_update_snapshots.csv,1996,csv,voltage_v,0.0
results\ColumnPhaseOptimize\run_20260609_162958\heater_update_snapshots.csv,2124,csv,voltage_v,0.0
results\ColumnPhaseOptimize\run_20260609_162958\heater_update_snapshots.csv,2252,csv,voltage_v,0.0
results\ColumnPhaseOptimize\run_20260609_162958\heater_update_snapshots.csv,2380,csv,voltage_v,0.0
results\ColumnPhaseOptimize\run_20260609_162958\heater_update_snapshots.csv,2508,csv,voltage_v,0.0
results\ColumnPhaseOptimize\run_20260609_162958\heater_update_snapshots.csv,2636,csv,voltage_v,0.0
results\ColumnPhaseOptimize\run_20260609_162958\heater_update_snapshots.csv,2764,csv,voltage_v,0.0
results\ColumnPhaseOptimize\run_20260609_162958\heater_update_snapshots.csv,2892,csv,voltage_v,0.0
results\ColumnPhaseOptimize\run_20260609_162958\heater_update_snapshots.csv,3020,csv,voltage_v,0.0
results\ColumnPhaseOptimize\run_20260609_162958\heater_update_snapshots.csv,3148,csv,voltage_v,0.0
results\ColumnPhaseOptimize\run_20260609_162958\heater_update_snapshots.csv,3276,csv,voltage_v,0.0
results\ColumnPhaseOptimize\run_20260609_162958\heater_update_snapshots.csv,3404,csv,voltage_v,0.0
results\ColumnPhaseOptimize\run_20260609_162958\heater_update_snapshots.csv,3532,csv,voltage_v,0.0
results\ColumnPhaseOptimize\run_20260609_162958\heater_update_snapshots.csv,3660,csv,voltage_v,0.0
results\ColumnPhaseOptimize\run_20260609_162958\heater_update_snapshots.csv,3788,csv,voltage_v,0.0
results\ColumnPhaseOptimize\run_20260609_162958\heater_update_snapshots.csv,3916,csv,voltage_v,0.0
results\ColumnPhaseOptimize\run_20260609_162958\heater_update_snapshots.csv,4044,csv,voltage_v,0.0
results\ColumnPhaseOptimize\run_20260609_162958\heater_update_snapshots.csv,4172,csv,voltage_v,0.0
results\ColumnPhaseOptimize\run_20260609_162958\heater_update_snapshots.csv,4300,csv,voltage_v,0.0
results\ColumnPhaseOptimize\run_20260609_162958\heater_update_snapshots.csv,4428,csv,voltage_v,0.0
results\ColumnPhaseOptimize\run_20260609_162958\heater_update_snapshots.csv,4556,csv,voltage_v,0.0
results\ColumnPhaseOptimize\run_20260609_162958\heater_update_snapshots.csv,4684,csv,voltage_v,0.0
results\ColumnPhaseOptimize\run_20260609_162958\heater_update_snapshots.csv,4812,csv,voltage_v,0.0
results\ColumnPhaseOptimize\run_20260609_162958\heater_update_snapshots.csv,4940,csv,voltage_v,0.0
results\ColumnPhaseOptimize\run_20260609_162958\heater_update_snapshots.csv,5068,csv,voltage_v,0.0
results\ColumnPhaseOptimize\run_20260609_162958\heater_update_snapshots.csv,5196,csv,voltage_v,0.0
results\ColumnPhaseOptimize\run_20260609_162958\heater_update_snapshots.csv,5324,csv,voltage_v,0.0
results\ColumnPhaseOptimize\run_20260609_162958\heater_update_snapshots.csv,5452,csv,voltage_v,0.0
results\ColumnPhaseOptimize\run_20260609_162958\heater_update_snapshots.csv,5580,csv,voltage_v,0.0
results\ColumnPhaseOptimize\run_20260609_162958\heater_update_snapshots.csv,5708,csv,voltage_v,0.0
results\ColumnPhaseOptimize\run_20260609_162958\heater_update_snapshots.csv,5836,csv,voltage_v,0.0
results\ColumnPhaseOptimize\run_20260609_162958\heater_update_snapshots.csv,5964,csv,voltage_v,0.0
results\ColumnPhaseOptimize\run_20260609_162958\heater_update_snapshots.csv,6092,csv,voltage_v,0.0
results\ColumnPhaseOptimize\run_20260609_162958\heater_update_snapshots.csv,6220,csv,voltage_v,0.0
results\ColumnPhaseOptimize\run_20260609_162958\heater_update_snapshots.csv,6348,csv,voltage_v,0.0
results\ColumnPhaseOptimize\run_20260609_162958\heater_update_snapshots.csv,6476,csv,voltage_v,0.0
results\ColumnPhaseOptimize\run_20260609_162958\heater_update_snapshots.csv,6604,csv,voltage_v,0.0
results\ColumnPhaseOptimize\run_20260609_162958\heater_update_snapshots.csv,6732,csv,voltage_v,0.0
results\ColumnPhaseOptimize\run_20260609_162958\heater_update_snapshots.csv,6860,csv,voltage_v,0.0
results\ColumnPhaseOptimize\run_20260609_162958\heater_update_snapshots.csv,6988,csv,voltage_v,0.0
results\ColumnPhaseOptimize\run_20260609_162958\heater_update_snapshots.csv,7116,csv,voltage_v,0.0
results\ColumnPhaseOptimize\run_20260609_162958\heater_update_snapshots.csv,7244,csv,voltage_v,0.0
results\ColumnPhaseOptimize\run_20260609_162958\heater_update_snapshots.csv,7372,csv,voltage_v,0.0
results\ColumnPhaseOptimize\run_20260609_162958\heater_update_snapshots.csv,7500,csv,voltage_v,0.0
results\ColumnPhaseOptimize\run_20260609_162958\heater_update_snapshots.csv,7628,csv,voltage_v,0.0
results\ColumnPhaseOptimize\run_20260609_162958\heater_update_snapshots.csv,7756,csv,voltage_v,0.0
results\ColumnPhaseOptimize\run_20260609_162958\heater_update_snapshots.csv,7884,csv,voltage_v,0.0
results\ColumnPhaseOptimize\run_20260609_162958\heater_update_snapshots.csv,8012,csv,voltage_v,0.0
results\ColumnPhaseOptimize\run_20260609_162958\heater_update_snapshots.csv,8140,csv,voltage_v,0.0
results\ColumnPhaseOptimize\run_20260609_162958\heater_update_snapshots.csv,8268,csv,voltage_v,0.0
results\ColumnPhaseOptimize\run_20260609_162958\heater_update_snapshots.csv,8396,csv,voltage_v,0.0
results\ColumnPhaseOptimize\run_20260609_162958\heater_update_snapshots.csv,8524,csv,voltage_v,0.0
results\ColumnPhaseOptimize\run_20260609_162958\heater_update_snapshots.csv,8652,csv,voltage_v,0.0
results\ColumnPhaseOptimize\run_20260609_162958\heater_update_snapshots.csv,8780,csv,voltage_v,0.0
results\ColumnPhaseOptimize\run_20260609_162958\heater_update_snapshots.csv,8908,csv,voltage_v,0.0
results\ColumnPhaseOptimize\run_20260609_162958\heater_update_snapshots.csv,9036,csv,voltage_v,0.0
results\ColumnPhaseOptimize\run_20260609_162958\heater_update_snapshots.csv,9164,csv,voltage_v,0.0
results\ColumnPhaseOptimize\run_20260609_162958\heater_update_snapshots.csv,9292,csv,voltage_v,0.0
results\ColumnPhaseOptimize\run_20260609_162958\heater_update_snapshots.csv,9420,csv,voltage_v,0.0
results\ColumnPhaseOptimize\run_20260609_162958\heater_update_snapshots.csv,9548,csv,voltage_v,0.0
results\ColumnPhaseOptimize\run_20260609_162958\heater_update_snapshots.csv,9676,csv,voltage_v,0.0
results\ColumnPhaseOptimize\run_20260609_162958\heater_update_snapshots.csv,9804,csv,voltage_v,0.0
results\ColumnPhaseOptimize\run_20260609_162958\heater_update_snapshots.csv,9932,csv,voltage_v,0.0
results\ColumnPhaseOptimize\run_20260609_162958\heater_update_snapshots.csv,10060,csv,voltage_v,0.0
results\ColumnPhaseOptimize\run_20260609_162958\heater_update_snapshots.csv,10188,csv,voltage_v,0.0
results\ColumnPhaseOptimize\run_20260609_162958\heater_update_snapshots.csv,10316,csv,voltage_v,0.0
results\ColumnPhaseOptimize\run_20260609_162958\heater_update_snapshots.csv,10444,csv,voltage_v,0.0
results\ColumnPhaseOptimize\run_20260609_162958\heater_update_snapshots.csv,10572,csv,voltage_v,0.0
results\ColumnPhaseOptimize\run_20260609_162958\heater_update_snapshots.csv,10700,csv,voltage_v,0.0
results\ColumnPhaseOptimize\run_20260609_162958\heater_update_snapshots.csv,10828,csv,voltage_v,0.0
results\ColumnPhaseOptimize\run_20260609_162958\heater_update_snapshots.csv,10956,csv,voltage_v,0.0
results\ColumnPhaseOptimize\run_20260609_162958\heater_update_snapshots.csv,11084,csv,voltage_v,0.0
results\ColumnPhaseOptimize\run_20260609_162958\heater_update_snapshots.csv,11212,csv,voltage_v,0.0
results\ColumnPhaseOptimize\run_20260609_162958\heater_update_snapshots.csv,11340,csv,voltage_v,0.0
results\ColumnPhaseOptimize\run_20260609_162958\heater_update_snapshots.csv,11468,csv,voltage_v,0.0
