global_target_layer,current_layer,layer_status,skip_reason,layer_iter,loss_before_iter,loss_after_iter,heater_label,heater_role,heater_port,mzi_id,arm_index,voltage_before,voltage_after,gradient,accepted,line_search_trials,lr_used
7,2,optimized,,0,0.012818455780465763,0.010024559315674784,MZI5_arm0,current_layer,11,5,0,3.971,3.9903015956792145,-0.1930159567921442,True,1,0.1
7,2,optimized,,0,0.010024559315674784,0.008378250187643653,MZI5_arm1,current_layer,7,5,1,4.593,4.578443169521317,0.14556830478683147,True,1,0.1
7,2,optimized,,0,0.008378250187643653,0.006845250518961662,MZI6_arm0,current_layer,12,6,0,2.702,2.689124979787842,0.12875020212157862,True,1,0.1
7,2,optimized,,0,0.006845250518961662,0.005405163777825101,MZI6_arm1,current_layer,8,6,1,3.563,3.576143797009436,-0.13143797009435815,True,1,0.1
7,2,optimized,,0,0.005405163777825101,0.005266957804792773,MZI7_arm0,current_layer,13,7,0,2.91,2.9065954253836646,0.034045746163358016,True,1,0.1
7,2,optimized,,0,0.005266957804792773,0.00518950457833836,MZI7_arm1,current_layer,9,7,1,3.503,3.5064123304284163,-0.034123304284162256,True,1,0.1
7,2,optimized,,0,0.00518950457833836,0.005160525299455386,MZI1_arm0,previous_layer_compensation,65,1,0,4.694,4.693890297955859,0.0010970204414101669,True,1,0.1
7,2,optimized,,0,0.005160525299455386,0.004971566784185736,MZI2_arm0,previous_layer_compensation,67,2,0,4.427,4.4317256188277225,-0.04725618827722916,True,1,0.1
7,2,optimized,,0,0.004971566784185736,0.004962444918816919,MZI3_arm0,previous_layer_compensation,66,3,0,4.294,4.293314329042505,0.006856709574948886,True,1,0.1
7,2,optimized,,0,0.004962444918816919,0.004922264110136172,MZI4_arm0,previous_layer_compensation,68,4,0,4.309,4.309192068314264,-0.0019206831426417184,True,1,0.1
7,2,optimized,,1,0.004959124182963874,0.004684971586182936,MZI5_arm0,current_layer,11,5,0,3.99,3.995561404838068,-0.05561404838067875,True,1,0.1
7,2,optimized,,1,0.004684971586182936,0.004558483878444269,MZI5_arm1,current_layer,7,5,1,4.578,4.573503818841238,0.04496181158762522,True,1,0.1
7,2,optimized,,1,0.004558483878444269,0.0037799955723022746,MZI6_arm1,current_layer,8,6,1,3.576,3.585332049638288,-0.0933204963828778,True,1,0.1
7,2,optimized,,1,0.0037799955723022746,0.0035486067236324267,MZI6_arm0,current_layer,12,6,0,2.689,2.683697012907044,0.053029870929563065,True,1,0.1
7,2,optimized,,1,0.0035486067236324267,0.003433224479181971,MZI7_arm1,current_layer,9,7,1,3.506,3.5089220687678235,-0.02922068767823931,True,1,0.1
7,2,optimized,,1,0.003433224479181971,0.0033726235206806947,MZI7_arm0,current_layer,13,7,0,2.907,2.904604587260437,0.023954127395629993,True,1,0.1
7,2,optimized,,1,0.0033726235206806947,0.003311782186534455,MZI2_arm0,previous_layer_compensation,67,2,0,4.432,4.435986940507993,-0.03986940507992453,True,1,0.1
7,2,optimized,,1,0.003311782186534455,0.003296678173923534,MZI3_arm0,previous_layer_compensation,66,3,0,4.293,4.292510942785277,0.004890572147231665,True,1,0.1
7,2,optimized,,1,0.003296678173923534,0.003274975023844418,MZI4_arm0,previous_layer_compensation,68,4,0,4.309,4.309127648315582,-0.0012764831558133023,True,1,0.1
7,2,optimized,,1,0.003274975023844418,0.003268519465326265,MZI1_arm0,previous_layer_compensation,65,1,0,4.694,4.693953279972729,0.0004672002727068073,True,1,0.1
7,2,optimized,,2,0.003266665729833427,0.0030576794577994275,MZI6_arm1,current_layer,8,6,1,3.585,3.590460931512467,-0.05460931512467139,True,1,0.1
7,2,optimized,,2,0.0030576794577994275,0.0030271245562676677,MZI5_arm0,current_layer,11,5,0,3.996,3.9976955069742015,-0.016955069742015508,True,1,0.1
7,2,optimized,,2,0.0030271245562676677,0.002952567674774945,MZI6_arm0,current_layer,12,6,0,2.684,2.6808203421940413,0.0317965780595875,True,1,0.1
7,2,optimized,,2,0.002952567674774945,0.002916712337722441,MZI5_arm1,current_layer,7,5,1,4.574,4.5727434083871366,0.012565916128632842,True,1,0.1
7,2,optimized,,2,0.002916712337722441,0.0028762218946679786,MZI7_arm1,current_layer,9,7,1,3.509,3.51138641326375,-0.023864132637496857,True,1,0.1
7,2,optimized,,2,0.0028762218946679786,0.0028518212963439798,MZI7_arm0,current_layer,13,7,0,2.905,2.9033758606514906,0.016241393485093656,True,1,0.1
7,2,optimized,,2,0.0028518212963439798,0.00273007872706224,MZI2_arm0,previous_layer_compensation,67,2,0,4.436,4.439506204498638,-0.035062044986380846,True,1,0.1
7,2,optimized,,2,0.00273007872706224,0.002723949896034885,MZI3_arm0,previous_layer_compensation,66,3,0,4.293,4.292609199671191,0.003908003288089452,True,1,0.1
7,2,optimized,,2,0.002723949896034885,0.0027211378168518307,MZI4_arm0,previous_layer_compensation,68,4,0,4.309,4.309120988231548,-0.0012098823154772567,True,1,0.1
7,2,optimized,,2,0.0027211378168518307,0.0027170934368379194,MZI1_arm0,previous_layer_compensation,65,1,0,4.694,4.693909554702534,0.0009044529746553935,True,1,0.1
7,2,optimized,,3,0.0027139735958621805,0.002632784063035239,MZI6_arm1,current_layer,8,6,1,3.59,3.593363074621402,-0.03363074621402109,True,1,0.1
7,2,optimized,,3,0.002632784063035239,0.002585053298378794,MZI6_arm0,current_layer,12,6,0,2.681,2.6789809485982627,0.020190514017371475,True,1,0.1
7,2,optimized,,3,0.002585053298378794,0.0025556702304979904,MZI7_arm1,current_layer,9,7,1,3.511,3.512842903985363,-0.01842903985362976,True,1,0.1
7,2,optimized,,3,0.0025556702304979904,0.0025556702304979904,MZI5_arm0,current_layer,11,5,0,3.998,3.998,-0.005085460909306635,False,7,0.1
7,2,optimized,,3,0.0025556702304979904,0.002534410658582534,MZI7_arm0,current_layer,13,7,0,2.903,2.9023712619351403,0.012574761297198311,True,2,0.05
7,2,optimized,,3,0.002534410658582534,0.00252784163932883,MZI5_arm1,current_layer,7,5,1,4.573,4.5722474964414,0.007525035586005864,True,1,0.1
7,2,optimized,,3,0.00252784163932883,0.0024375765776699543,MZI2_arm0,previous_layer_compensation,67,2,0,4.44,4.443188501520792,-0.031885015207913946,True,1,0.1
7,2,optimized,,3,0.0024375765776699543,0.0024375765776699543,MZI3_arm0,previous_layer_compensation,66,3,0,4.293,4.293,0.0026218442260708486,False,7,0.1
7,2,optimized,,3,0.0024375765776699543,0.0024337994455853624,MZI4_arm0,previous_layer_compensation,68,4,0,4.309,4.309011576229457,-0.0009260983565764706,True,4,0.0125
7,2,optimized,,3,0.0024337994455853624,0.002431970868875657,MZI1_arm0,previous_layer_compensation,65,1,0,4.694,4.69398458620658,0.0001541379342068401,True,1,0.1
7,2,optimized,,4,0.002472160438617645,0.0024175398540742512,MZI6_arm1,current_layer,8,6,1,3.593,3.5951285476018664,-0.02128547601866622,True,1,0.1
7,2,optimized,,4,0.0024175398540742512,0.002393926672613965,MZI6_arm0,current_layer,12,6,0,2.679,2.6777310394367677,0.012689605632322975,True,1,0.1
7,2,optimized,,4,0.002393926672613965,0.0023750362456313625,MZI7_arm1,current_layer,9,7,1,3.513,3.514172469493546,-0.01172469493546408,True,1,0.1
7,2,optimized,,4,0.0023750362456313625,0.0023750362456313625,MZI7_arm0,current_layer,13,7,0,2.902,2.902,0.008881770323597722,False,7,0.1
7,2,optimized,,4,0.0023750362456313625,0.0023654475600971146,MZI5_arm1,current_layer,7,5,1,4.572,4.57198190516365,0.00018094836349775593,True,1,0.1
7,2,optimized,,4,0.0023654475600971146,0.0023654475600971146,MZI5_arm0,current_layer,11,5,0,3.998,3.998,0.001236112917787329,False,7,0.1
7,2,optimized,,4,0.0023654475600971146,0.0023104732179538897,MZI2_arm0,previous_layer_compensation,67,2,0,4.443,4.445898510383056,-0.028985103830566,True,1,0.1
7,2,optimized,,4,0.0023104732179538897,0.0023104732179538897,MZI3_arm0,previous_layer_compensation,66,3,0,4.293,4.293,0.00262123103544228,False,7,0.1
7,2,optimized,,4,0.0023104732179538897,0.0023045002976786683,MZI4_arm0,previous_layer_compensation,68,4,0,4.309,4.3090404803219,-0.0016192128759837281,True,3,0.025
7,2,optimized,,4,0.0023045002976786683,0.0023045002976786683,MZI1_arm0,previous_layer_compensation,65,1,0,4.694,4.694,0.0004387047370494025,False,7,0.1
7,2,optimized,,5,0.0023133718465050096,0.002311055031870576,MZI6_arm1,current_layer,8,6,1,3.595,3.5963689191724204,-0.01368919172420298,True,1,0.1
7,2,optimized,,5,0.002311055031870576,0.002292657004265889,MZI6_arm0,current_layer,12,6,0,2.678,2.677204013221114,0.007959867788859973,True,1,0.1
7,2,optimized,,5,0.002292657004265889,0.002277481074535134,MZI7_arm1,current_layer,9,7,1,3.514,3.514525467694034,-0.010509353880685506,True,2,0.05
7,2,optimized,,5,0.002277481074535134,0.0022726897318599048,MZI7_arm0,current_layer,13,7,0,2.902,2.9019775468739555,0.007185000334301345,True,6,0.003125
7,2,optimized,,5,0.0022726897318599048,0.0022726897318599048,MZI5_arm0,current_layer,11,5,0,3.998,3.998,0.0014309279339737252,False,7,0.1
7,2,optimized,,5,0.0022726897318599048,0.0022726897318599048,MZI5_arm1,current_layer,7,5,1,4.572,4.572,-0.001184867276559659,False,7,0.1
7,2,optimized,,5,0.0022726897318599048,0.0022139287048574797,MZI2_arm0,previous_layer_compensation,67,2,0,4.446,4.448772608074547,-0.02772608074547015,True,1,0.1
7,2,optimized,,5,0.0022139287048574797,0.002212788670719337,MZI3_arm0,previous_layer_compensation,66,3,0,4.293,4.292966583296108,0.0026733363113520753,True,4,0.0125
7,2,optimized,,5,0.002212788670719337,0.002212788670719337,MZI4_arm0,previous_layer_compensation,68,4,0,4.309,4.309,-0.0017913813825550127,False,7,0.1
7,2,optimized,,5,0.002212788670719337,0.002212788670719337,MZI1_arm0,previous_layer_compensation,65,1,0,4.694,4.694,0.0005308504071340646,False,7,0.1
7,2,optimized,,6,0.002215148859773219,0.002215148859773219,MZI6_arm1,current_layer,8,6,1,3.596,3.596,-0.00736433322097492,False,7,0.1
7,2,optimized,,6,0.002215148859773219,0.0022145042829437,MZI7_arm1,current_layer,9,7,1,3.515,3.5153640890367073,-0.007281780734143451,True,2,0.05
7,2,optimized,,6,0.0022145042829437,0.0022145042829437,MZI6_arm0,current_layer,12,6,0,2.677,2.677,0.00551043326744391,False,7,0.1
7,2,optimized,,6,0.0022145042829437,0.0022145042829437,MZI7_arm0,current_layer,13,7,0,2.902,2.902,0.007104657851181419,False,7,0.1
7,2,optimized,,6,0.0022145042829437,0.0022145042829437,MZI5_arm0,current_layer,11,5,0,3.998,3.998,0.0023937786762438886,False,7,0.1
7,2,optimized,,6,0.0022145042829437,0.0022145042829437,MZI5_arm1,current_layer,7,5,1,4.572,4.572,-0.0012518338148286973,False,7,0.1
7,2,optimized,,6,0.0022145042829437,0.0021746156060272605,MZI2_arm0,previous_layer_compensation,67,2,0,4.449,4.451595273438336,-0.02595273438335952,True,1,0.1
7,2,optimized,,6,0.0021746156060272605,0.002165656955399661,MZI3_arm0,previous_layer_compensation,66,3,0,4.293,4.292869116607017,0.0026176678596648117,True,2,0.05
7,2,optimized,,6,0.002165656955399661,0.0021608037239664707,MZI4_arm0,previous_layer_compensation,68,4,0,4.309,4.309049187354605,-0.001967494184166835,True,3,0.025
7,2,optimized,,6,0.0021608037239664707,0.0021563046409636463,MZI1_arm0,previous_layer_compensation,65,1,0,4.694,4.6939966018699435,0.00027185040452552145,True,4,0.0125
7,2,optimized,,7,0.0021699773223894736,0.002162762814040053,MZI6_arm1,current_layer,8,6,1,3.596,3.5967084717413162,-0.007084717413161322,True,1,0.1
7,2,optimized,,7,0.002162762814040053,0.002151708753144506,MZI7_arm1,current_layer,9,7,1,3.515,3.515093280784137,-0.007462462730939481,True,4,0.0125
7,2,optimized,,7,0.002151708753144506,0.0021446698721137997,MZI7_arm0,current_layer,13,7,0,2.902,2.9013266946649923,0.006733053350077832,True,1,0.1
7,2,optimized,,7,0.0021446698721137997,0.0021400249983295106,MZI6_arm0,current_layer,12,6,0,2.677,2.67655945655673,0.004405434432701409,True,1,0.1
7,2,optimized,,7,0.0021400249983295106,0.0021375147543398515,MZI5_arm0,current_layer,11,5,0,3.998,3.9978011852094033,0.001988147905967887,True,1,0.1
7,2,optimized,,7,0.0021375147543398515,0.0021168331288833045,MZI5_arm1,current_layer,7,5,1,4.572,4.57201433063207,-0.0005732252828230851,True,3,0.025
7,2,optimized,,7,0.0021168331288833045,0.002086833039827253,MZI2_arm0,previous_layer_compensation,67,2,0,4.452,4.454401095130702,-0.024010951307022566,True,1,0.1
7,2,optimized,,7,0.002086833039827253,0.002068965551472245,MZI3_arm0,previous_layer_compensation,66,3,0,4.293,4.292781669952319,0.0021833004768119163,True,1,0.1
7,2,optimized,,7,0.002068965551472245,0.002061931739362258,MZI4_arm0,previous_layer_compensation,68,4,0,4.309,4.309086371353795,-0.001727427075880535,True,2,0.05
7,2,optimized,,7,0.002061931739362258,0.0020518353175336713,MZI1_arm0,previous_layer_compensation,65,1,0,4.694,4.694048565164778,-0.0004856516477757064,True,1,0.1
7,2,optimized,,8,0.002080251394222755,0.0020718242453036956,MZI7_arm1,current_layer,9,7,1,3.515,3.515260759550449,-0.005215191008975932,True,2,0.05
7,2,optimized,,8,0.0020718242453036956,0.0020668874027571587,MZI6_arm1,current_layer,8,6,1,3.597,3.597099379988011,-0.003975199520431744,True,3,0.025
7,2,optimized,,8,0.0020668874027571587,0.0020668874027571587,MZI7_arm0,current_layer,13,7,0,2.901,2.901,0.005394891698217358,False,7,0.1
7,2,optimized,,8,0.0020668874027571587,0.0020667323077580035,MZI6_arm0,current_layer,12,6,0,2.677,2.676925759836895,0.002969606524201712,True,3,0.025
7,2,optimized,,8,0.0020667323077580035,0.0020667323077580035,MZI5_arm0,current_layer,11,5,0,3.998,3.998,-1.241617595461423,False,7,0.1
7,2,optimized,,8,0.0020667323077580035,0.0020667323077580035,MZI5_arm1,current_layer,7,5,1,4.572,4.572,-0.004277757074795982,False,7,0.1
7,2,optimized,,8,0.0020667323077580035,0.002055881268124405,MZI2_arm0,previous_layer_compensation,67,2,0,4.454,4.455175157408118,-0.02350314816237084,True,2,0.05
7,2,optimized,,8,0.002055881268124405,0.002055881268124405,MZI3_arm0,previous_layer_compensation,66,3,0,4.293,4.293,0.0027318849074885986,False,7,0.1
7,2,optimized,,8,0.002055881268124405,0.002055881268124405,MZI4_arm0,previous_layer_compensation,68,4,0,4.309,4.309,-0.0013875570790028492,False,7,0.1
7,2,optimized,,8,0.002055881268124405,0.002055881268124405,MZI1_arm0,previous_layer_compensation,65,1,0,4.694,4.694,4.669401050531323e-05,False,7,0.1
7,2,optimized,,9,0.002083238545082111,0.0020695749434626693,MZI5_arm0,current_layer,11,5,0,3.998,3.997831342704433,0.0033731459113434305,True,2,0.05
7,2,optimized,,9,0.0020695749434626693,0.0020611721081883446,MZI7_arm0,current_layer,13,7,0,2.901,2.900438694000672,0.005613059993280265,True,1,0.1
7,2,optimized,,9,0.0020611721081883446,0.0020148654376546766,MZI7_arm1,current_layer,9,7,1,3.515,3.515036814618993,-0.0058903390388601075,True,5,0.00625
7,2,optimized,,9,0.0020148654376546766,0.0020148654376546766,MZI5_arm1,current_layer,7,5,1,4.572,4.572,-0.0033813503419522334,False,7,0.1
7,2,optimized,,9,0.0020148654376546766,0.0020148654376546766,MZI6_arm1,current_layer,8,6,1,3.597,3.597,-0.004456273167402422,False,7,0.1
7,2,optimized,,9,0.0020148654376546766,0.0020148654376546766,MZI6_arm0,current_layer,12,6,0,2.677,2.677,0.003936260844777675,False,7,0.1
7,2,optimized,,9,0.0020148654376546766,0.0020148654376546766,MZI2_arm0,previous_layer_compensation,67,2,0,4.455,4.455,-0.02201715358286958,False,7,0.1
7,2,optimized,,9,0.0020148654376546766,0.0020148654376546766,MZI3_arm0,previous_layer_compensation,66,3,0,4.293,4.293,0.002731330537765902,False,7,0.1
7,2,optimized,,9,0.0020148654376546766,0.0020148654376546766,MZI4_arm0,previous_layer_compensation,68,4,0,4.309,4.309,-0.0016194731015183492,False,7,0.1
7,2,optimized,,9,0.0020148654376546766,0.0020148654376546766,MZI1_arm0,previous_layer_compensation,65,1,0,4.694,4.694,0.0003222141789217796,False,7,0.1
7,2,optimized,,10,0.002068043779351052,0.0020666941793069478,MZI7_arm1,current_layer,9,7,1,3.515,3.5151977943652075,-0.003955887304148941,True,2,0.05
7,2,optimized,,10,0.0020666941793069478,0.0020577077043401238,MZI7_arm0,current_layer,13,7,0,2.9,2.8998290424471507,0.003419151056981701,True,2,0.05
7,2,optimized,,10,0.0020577077043401238,0.0020577077043401238,MZI6_arm1,current_layer,8,6,1,3.597,3.597,-0.005370462022363739,False,7,0.1
7,2,optimized,,10,0.0020577077043401238,0.0020522721352290397,MZI6_arm0,current_layer,12,6,0,2.677,2.6764950844666355,0.0050491553336461945,True,1,0.1
7,2,optimized,,10,0.0020522721352290397,0.0020508937550591886,MZI5_arm1,current_layer,7,5,1,4.572,4.572090609270345,-0.003624370813793853,True,3,0.025
7,2,optimized,,10,0.0020508937550591886,0.002048000990562881,MZI5_arm0,current_layer,11,5,0,3.998,3.997992342924182,0.0024502642618992373,True,6,0.003125
7,2,optimized,,10,0.002048000990562881,0.002030586282782323,MZI2_arm0,previous_layer_compensation,67,2,0,4.455,4.45722550984346,-0.022255098434597997,True,1,0.1
7,2,optimized,,10,0.002030586282782323,0.0020023134014484816,MZI3_arm0,previous_layer_compensation,66,3,0,4.293,4.292946167741263,0.002153290349483431,True,3,0.025
7,2,optimized,,10,0.0020023134014484816,0.0020004458429869272,MZI4_arm0,previous_layer_compensation,68,4,0,4.309,4.3090044319972565,-0.0014182391219230118,True,6,0.003125
7,2,optimized,,10,0.0020004458429869272,0.0020004458429869272,MZI1_arm0,previous_layer_compensation,65,1,0,4.694,4.694,-0.0002142294927991045,False,7,0.1
7,3,optimized,,0,0.04372241352563352,0.043276274317923254,MZI9_arm0,current_layer,76,9,0,4.333,4.335096237929005,-0.020962379290039645,True,1,0.1
7,3,optimized,,0,0.043276274317923254,0.04316989590949649,MZI9_arm1,current_layer,72,9,1,4.414,4.409842884152885,0.04157115847114557,True,1,0.1
7,3,optimized,,0,0.04316989590949649,0.042726345532341725,MZI10_arm0,current_layer,75,10,0,3.344,3.336830999935232,0.07169000064767746,True,1,0.1
7,3,optimized,,0,0.042726345532341725,0.04165913181523611,MZI10_arm1,current_layer,71,10,1,5.479,5.491004329954092,-0.1200432995409202,True,1,0.1
7,3,optimized,,0,0.04165913181523611,0.041174733416416746,MZI11_arm0,current_layer,74,11,0,4.381,4.377289866198519,0.03710133801480476,True,1,0.1
7,3,optimized,,0,0.041174733416416746,0.041080590346808436,MZI11_arm1,current_layer,70,11,1,5.037,5.041145404044185,-0.04145404044185072,True,1,0.1
7,3,optimized,,0,0.041080590346808436,0.041080590346808436,MZI12_arm0,current_layer,73,12,0,3.532,3.532,-0.011599379895539826,False,7,0.1
7,3,optimized,,0,0.041080590346808436,0.04102202920873645,MZI12_arm1,current_layer,69,12,1,3.646,3.645880613275764,0.009550937938889404,True,4,0.0125
7,3,optimized,,0,0.04102202920873645,0.0219808870115947,MZI5_arm0,previous_layer_compensation,11,5,0,3.998,4.048,-2.957303697137864,True,1,0.1
7,3,optimized,,0,0.0219808870115947,0.016901468999661214,MZI5_arm1,previous_layer_compensation,7,5,1,4.572,4.555202238502353,0.33595522995292854,True,2,0.05
7,3,optimized,,0,0.016901468999661214,0.016789719957952694,MZI6_arm0,previous_layer_compensation,12,6,0,2.676,2.679976636383905,-0.03976636383904759,True,1,0.1
7,3,optimized,,0,0.016789719957952694,0.01652713399482906,MZI6_arm1,previous_layer_compensation,8,6,1,3.597,3.5923767563140023,0.04623243685997797,True,1,0.1
7,3,optimized,,0,0.01652713399482906,0.015363968273053906,MZI7_arm0,previous_layer_compensation,13,7,0,2.9,2.9107661295847898,-0.1076612958478996,True,1,0.1
7,3,optimized,,0,0.015363968273053906,0.014314268492206314,MZI7_arm1,previous_layer_compensation,9,7,1,3.515,3.5036625381028053,0.11337461897194784,True,1,0.1
7,3,optimized,,1,0.014248853398754832,0.0135007391104013,MZI10_arm1,current_layer,71,10,1,5.491,5.5,-0.09124067815101541,True,1,0.1
7,3,optimized,,1,0.0135007391104013,0.013486133082798136,MZI10_arm0,current_layer,75,10,0,3.337,3.3335029440813053,0.034970559186948545,True,1,0.1
7,3,optimized,,1,0.013486133082798136,0.013483555775022991,MZI9_arm1,current_layer,72,9,1,4.41,4.407652776118649,0.02347223881351429,True,1,0.1
7,3,optimized,,1,0.013483555775022991,0.013292434400013101,MZI11_arm1,current_layer,70,11,1,5.041,5.044115737892725,-0.03115737892725167,True,1,0.1
7,3,optimized,,1,0.013292434400013101,0.013260497646791493,MZI11_arm0,current_layer,74,11,0,4.377,4.375708404707273,0.025831905854527822,True,2,0.05
7,3,optimized,,1,0.013260497646791493,0.013260497646791493,MZI9_arm0,current_layer,76,9,0,4.335,4.335,-0.01897149188289802,False,7,0.1
7,3,optimized,,1,0.013260497646791493,0.013260497646791493,MZI12_arm0,current_layer,73,12,0,3.532,3.532,-0.005321351252352735,False,7,0.1
7,3,optimized,,1,0.013260497646791493,0.013222107946712053,MZI12_arm1,current_layer,69,12,1,3.646,3.645974850619856,0.01609560329194169,True,7,0.0015625
7,3,optimized,,1,0.013222107946712053,0.009548118385657481,MZI5_arm0,previous_layer_compensation,11,5,0,4.048,4.069537910391251,-0.2153791039125051,True,1,0.1
7,3,optimized,,1,0.009548118385657481,0.007690267215384241,MZI5_arm1,previous_layer_compensation,7,5,1,4.555,4.5389477426991744,0.1605225730082557,True,1,0.1
7,3,optimized,,1,0.007690267215384241,0.0069759069008669145,MZI7_arm1,previous_layer_compensation,9,7,1,3.504,3.495164393589896,0.08835606410103991,True,1,0.1
7,3,optimized,,1,0.0069759069008669145,0.0069759069008669145,MZI7_arm0,previous_layer_compensation,13,7,0,2.911,2.911,4.0679791820887505,False,7,0.1
7,3,optimized,,1,0.0069759069008669145,0.006848704885858547,MZI6_arm1,previous_layer_compensation,8,6,1,3.592,3.589661156099896,0.02338843900103983,True,1,0.1
7,3,optimized,,1,0.006848704885858547,0.006848704885858547,MZI6_arm0,previous_layer_compensation,12,6,0,2.68,2.68,-0.011763546777570634,False,7,0.1
7,3,optimized,,2,0.006905731925600419,0.006905731925600419,MZI10_arm1,current_layer,71,10,1,5.5,5.5,-0.08645478599842583,False,7,0.1
7,3,optimized,,2,0.006905731925600419,0.006847090431802295,MZI10_arm0,current_layer,75,10,0,3.334,3.3303096355840363,0.03690364415964009,True,1,0.1
7,3,optimized,,2,0.006847090431802295,0.0067192275538606565,MZI11_arm1,current_layer,70,11,1,5.044,5.046253095377819,-0.022530953778192725,True,1,0.1
7,3,optimized,,2,0.0067192275538606565,0.0067192275538606565,MZI11_arm0,current_layer,74,11,0,4.376,4.376,0.020513923946152077,False,7,0.1
7,3,optimized,,2,0.0067192275538606565,0.0067192275538606565,MZI9_arm1,current_layer,72,9,1,4.408,4.408,0.016127371451877634,False,7,0.1
7,3,optimized,,2,0.0067192275538606565,0.0067192275538606565,MZI9_arm0,current_layer,76,9,0,4.335,4.335,-0.011945930518887881,False,7,0.1
7,3,optimized,,2,0.0067192275538606565,0.0067192275538606565,MZI12_arm1,current_layer,69,12,1,3.646,3.646,0.006275360789450489,False,7,0.1
7,3,optimized,,2,0.0067192275538606565,0.0067192275538606565,MZI12_arm0,current_layer,73,12,0,3.532,3.532,-0.005277484903806464,False,7,0.1
7,3,optimized,,2,0.0067192275538606565,0.006422984819800252,MZI7_arm0,previous_layer_compensation,13,7,0,2.911,2.916544706157575,-0.055447061575751765,True,1,0.1
7,3,optimized,,2,0.006422984819800252,0.006065018811271594,MZI5_arm0,previous_layer_compensation,11,5,0,4.07,4.076826777229994,-0.06826777229993297,True,1,0.1
7,3,optimized,,2,0.006065018811271594,0.005899710458658214,MZI5_arm1,previous_layer_compensation,7,5,1,4.539,4.534188542766496,0.048114572335038235,True,1,0.1
7,3,optimized,,2,0.005899710458658214,0.005672226796345122,MZI7_arm1,previous_layer_compensation,9,7,1,3.495,3.4893001489675655,0.05699851032434457,True,1,0.1
7,3,optimized,,2,0.005672226796345122,0.005588124974622585,MZI6_arm1,previous_layer_compensation,8,6,1,3.59,3.5883272624527414,0.016727375472585536,True,1,0.1
7,3,optimized,,2,0.005588124974622585,0.005576661489451151,MZI6_arm0,previous_layer_compensation,12,6,0,2.68,2.6800119013557473,-0.0076168676781066605,True,7,0.0015625
7,3,optimized,,3,0.005600583077574043,0.005581255102587192,MZI10_arm1,current_layer,71,10,1,5.5,5.5,-0.08081568252227811,True,1,0.1
7,3,optimized,,3,0.005581255102587192,0.005459019143683988,MZI10_arm0,current_layer,75,10,0,3.33,3.3264185176035364,0.035814823964638226,True,1,0.1
7,3,optimized,,3,0.005459019143683988,0.005437847845159815,MZI11_arm1,current_layer,70,11,1,5.046,5.046058416651218,-0.018693328389763553,True,6,0.003125
7,3,optimized,,3,0.005437847845159815,0.005433477392477741,MZI11_arm0,current_layer,74,11,0,4.376,4.375798648428602,0.016108125711896733,True,4,0.0125
7,3,optimized,,3,0.005433477392477741,0.005419892069117215,MZI9_arm1,current_layer,72,9,1,4.408,4.406928850531988,0.010711494680129824,True,1,0.1
7,3,optimized,,3,0.005419892069117215,0.005419892069117215,MZI9_arm0,current_layer,76,9,0,4.335,4.335,-0.010434959136683436,False,7,0.1
7,3,optimized,,3,0.005419892069117215,0.005416669258434953,MZI12_arm1,current_layer,69,12,1,3.646,3.645846235958661,0.006150561653539766,True,3,0.025
7,3,optimized,,3,0.005416669258434953,0.005416669258434953,MZI12_arm0,current_layer,73,12,0,3.532,3.532,-0.004232895357204606,False,7,0.1
7,3,optimized,,3,0.005416669258434953,0.005416669258434953,MZI5_arm0,previous_layer_compensation,11,5,0,4.077,4.077,-0.020333586391371748,False,7,0.1
7,3,optimized,,3,0.005416669258434953,0.00528543458945236,MZI7_arm1,previous_layer_compensation,9,7,1,3.489,3.4843489509583727,0.04651049041627324,True,1,0.1
7,3,optimized,,3,0.00528543458945236,0.0051476240821121495,MZI7_arm0,previous_layer_compensation,13,7,0,2.917,2.920107606692081,-0.031076066920812027,True,1,0.1
7,3,optimized,,3,0.0051476240821121495,0.00510183744274482,MZI5_arm1,previous_layer_compensation,7,5,1,4.534,4.531139523363419,0.028604766365807555,True,1,0.1
7,3,optimized,,3,0.00510183744274482,0.005099325806629848,MZI6_arm1,previous_layer_compensation,8,6,1,3.588,3.5879339842799283,0.010562515211468754,True,5,0.00625
7,3,optimized,,3,0.005099325806629848,0.005099325806629848,MZI6_arm0,previous_layer_compensation,12,6,0,2.68,2.68,-0.006458575528532384,False,7,0.1
7,3,optimized,,4,0.005159348527010364,0.00514950678711124,MZI10_arm1,current_layer,71,10,1,5.5,5.5,-0.0792558567579643,True,1,0.1
7,3,optimized,,4,0.00514950678711124,0.0049929757798312996,MZI10_arm0,current_layer,75,10,0,3.326,3.322565946870772,0.03434053129228284,True,1,0.1
7,3,optimized,,4,0.0049929757798312996,0.0049929757798312996,MZI11_arm1,current_layer,70,11,1,5.046,5.046,-0.017138618343629602,False,7,0.1
7,3,optimized,,4,0.0049929757798312996,0.0049929757798312996,MZI11_arm0,current_layer,74,11,0,4.376,4.376,0.016766964102957183,False,7,0.1
7,3,optimized,,4,0.0049929757798312996,0.0049929757798312996,MZI9_arm1,current_layer,72,9,1,4.407,4.407,0.011652950756454061,False,7,0.1
7,3,optimized,,4,0.0049929757798312996,0.004980012209101553,MZI9_arm0,current_layer,76,9,0,4.335,4.335013568929975,-0.008684115184015172,True,7,0.0015625
7,3,optimized,,4,0.004980012209101553,0.004980012209101553,MZI12_arm1,current_layer,69,12,1,3.646,3.646,0.006413556052593864,False,7,0.1
7,3,optimized,,4,0.004980012209101553,0.004980012209101553,MZI12_arm0,current_layer,73,12,0,3.532,3.532,-0.005099169846586476,False,7,0.1
7,3,optimized,,4,0.004980012209101553,0.004980012209101553,MZI7_arm1,previous_layer_compensation,9,7,1,3.484,3.484,0.031525947204167244,False,7,0.1
7,3,optimized,,4,0.004980012209101553,0.00497878135630464,MZI7_arm0,previous_layer_compensation,13,7,0,2.92,2.9223117821221023,-0.023117821221023665,True,1,0.1
7,3,optimized,,4,0.00497878135630464,0.0049335515571121815,MZI5_arm1,previous_layer_compensation,7,5,1,4.531,4.529374365949923,0.01625634050077501,True,1,0.1
7,3,optimized,,4,0.0049335515571121815,0.0049335515571121815,MZI5_arm0,previous_layer_compensation,11,5,0,4.077,4.077,-0.0016621675670317226,False,7,0.1
7,3,optimized,,4,0.0049335515571121815,0.0049335515571121815,MZI6_arm1,previous_layer_compensation,8,6,1,3.588,3.588,0.009861717343855733,False,7,0.1
7,3,optimized,,4,0.0049335515571121815,0.0049335515571121815,MZI6_arm0,previous_layer_compensation,12,6,0,2.68,2.68,-0.007105100111545482,False,7,0.1
7,3,optimized,,5,0.005001601931393353,0.00499339546001816,MZI10_arm1,current_layer,71,10,1,5.5,5.5,-0.0786735531199493,True,2,0.05
7,3,optimized,,5,0.00499339546001816,0.004932306776043126,MZI10_arm0,current_layer,75,10,0,3.323,3.3196770466375156,0.033229533624842836,True,1,0.1
7,3,optimized,,5,0.004932306776043126,0.00490543298347871,MZI11_arm1,current_layer,70,11,1,5.046,5.047632933522484,-0.016329335224842978,True,1,0.1
7,3,optimized,,5,0.00490543298347871,0.004853798416171997,MZI11_arm0,current_layer,74,11,0,4.376,4.374757820182422,0.012421798175778235,True,1,0.1
7,3,optimized,,5,0.004853798416171997,0.004853798416171997,MZI9_arm1,current_layer,72,9,1,4.407,4.407,0.009106381619112265,False,7,0.1
7,3,optimized,,5,0.004853798416171997,0.004831479036980313,MZI9_arm0,current_layer,76,9,0,4.335,4.335852582749965,-0.008525827499646184,True,1,0.1
7,3,optimized,,5,0.004831479036980313,0.0048064162439361655,MZI12_arm1,current_layer,69,12,1,3.646,3.6456562653507194,0.006874692985606292,True,2,0.05
7,3,optimized,,5,0.0048064162439361655,0.0048064162439361655,MZI12_arm0,current_layer,73,12,0,3.532,3.532,-0.0032823604953624024,False,7,0.1
7,3,optimized,,5,0.0048064162439361655,0.004781700949734622,MZI7_arm1,previous_layer_compensation,9,7,1,3.484,3.4812347186254096,0.027652813745905135,True,1,0.1
7,3,optimized,,5,0.004781700949734622,0.004765668790045421,MZI7_arm0,previous_layer_compensation,13,7,0,2.922,2.9236906726487537,-0.016906726487534173,True,1,0.1
7,3,optimized,,5,0.004765668790045421,0.004749814602583802,MZI5_arm1,previous_layer_compensation,7,5,1,4.529,4.528795201045375,0.008191958185011602,True,3,0.025
7,3,optimized,,5,0.004749814602583802,0.004749814602583802,MZI6_arm1,previous_layer_compensation,8,6,1,3.588,3.588,0.01111109763020456,False,7,0.1
7,3,optimized,,5,0.004749814602583802,0.004748158862715666,MZI6_arm0,previous_layer_compensation,12,6,0,2.68,2.680085493192021,-0.006839455361682316,True,4,0.0125
7,3,optimized,,5,0.004748158862715666,0.004748158862715666,MZI5_arm0,previous_layer_compensation,11,5,0,4.077,4.077,-0.004203436356425711,False,7,0.1
7,3,optimized,,6,0.004769302177662084,0.004751492317138417,MZI10_arm1,current_layer,71,10,1,5.5,5.5,-0.07531510264748584,True,5,0.00625
7,3,optimized,,6,0.004751492317138417,0.004669036197875636,MZI10_arm0,current_layer,75,10,0,3.32,3.3166492096366214,0.03350790363378509,True,1,0.1
7,3,optimized,,6,0.004669036197875636,0.004669036197875636,MZI11_arm1,current_layer,70,11,1,5.048,5.048,-0.011773007392801349,False,7,0.1
7,3,optimized,,6,0.004669036197875636,0.004669036197875636,MZI11_arm0,current_layer,74,11,0,4.375,4.375,0.012715223202103049,False,7,0.1
7,3,optimized,,6,0.004669036197875636,0.004669036197875636,MZI9_arm1,current_layer,72,9,1,4.407,4.407,0.00867576045030053,False,7,0.1
7,3,optimized,,6,0.004669036197875636,0.004631552308835421,MZI9_arm0,current_layer,76,9,0,4.336,4.336046364236967,-0.007418277914669677,True,5,0.00625
7,3,optimized,,6,0.004631552308835421,0.004631552308835421,MZI12_arm1,current_layer,69,12,1,3.646,3.646,0.006033234611270807,False,7,0.1
7,3,optimized,,6,0.004631552308835421,0.004631552308835421,MZI12_arm0,current_layer,73,12,0,3.532,3.532,-0.0056194322006344576,False,7,0.1
7,3,optimized,,6,0.004631552308835421,0.004631552308835421,MZI7_arm1,previous_layer_compensation,9,7,1,3.481,3.481,0.01849614292079932,False,7,0.1
7,3,optimized,,6,0.004631552308835421,0.004631552308835421,MZI7_arm0,previous_layer_compensation,13,7,0,2.924,2.924,-0.01623838894996692,False,7,0.1
7,3,optimized,,6,0.004631552308835421,0.004631552308835421,MZI6_arm1,previous_layer_compensation,8,6,1,3.588,3.588,0.010549544585676932,False,7,0.1
7,3,optimized,,6,0.004631552308835421,0.004631552308835421,MZI5_arm1,previous_layer_compensation,7,5,1,4.529,4.529,0.008036745041027506,False,7,0.1
7,3,optimized,,6,0.004631552308835421,0.004631552308835421,MZI6_arm0,previous_layer_compensation,12,6,0,2.68,2.68,-0.006864309479443392,False,7,0.1
7,3,optimized,,6,0.004631552308835421,0.004631552308835421,MZI5_arm0,previous_layer_compensation,11,5,0,4.077,4.077,-0.6458501196221611,False,7,0.1
7,3,optimized,,7,0.004695175532643494,0.004689167209490548,MZI10_arm1,current_layer,71,10,1,5.5,5.5,-0.07642330785020524,True,2,0.05
7,3,optimized,,7,0.004689167209490548,0.004603213122336407,MZI10_arm0,current_layer,75,10,0,3.317,3.313896269631911,0.031037303680891616,True,1,0.1
7,3,optimized,,7,0.004603213122336407,0.004603213122336407,MZI11_arm0,current_layer,74,11,0,4.375,4.375,0.012337324726754867,False,7,0.1
7,3,optimized,,7,0.004603213122336407,0.004603213122336407,MZI11_arm1,current_layer,70,11,1,5.048,5.048,-0.011995899738806432,False,7,0.1
7,3,optimized,,7,0.004603213122336407,0.004591218355221074,MZI9_arm1,current_layer,72,9,1,4.407,4.406719029276916,0.011238828923376146,True,3,0.025
7,3,optimized,,7,0.004591218355221074,0.004591218355221074,MZI9_arm0,current_layer,76,9,0,4.336,4.336,-0.008021617926722032,False,7,0.1
7,3,optimized,,7,0.004591218355221074,0.004591218355221074,MZI12_arm1,current_layer,69,12,1,3.646,3.646,0.0050554560509055105,False,7,0.1
7,3,optimized,,7,0.004591218355221074,0.004591218355221074,MZI12_arm0,current_layer,73,12,0,3.532,3.532,-0.00404521019249054,False,7,0.1
7,3,optimized,,7,0.004591218355221074,0.004591218355221074,MZI5_arm0,previous_layer_compensation,11,5,0,4.077,4.077,-0.0010484994358102215,False,7,0.1
7,3,optimized,,7,0.004591218355221074,0.004582194902096926,MZI7_arm1,previous_layer_compensation,9,7,1,3.481,3.480885006685232,0.018398930362827283,True,5,0.00625
7,3,optimized,,7,0.004582194902096926,0.004582194902096926,MZI7_arm0,previous_layer_compensation,13,7,0,2.924,2.924,-0.013931471760186819,False,7,0.1
7,3,optimized,,7,0.004582194902096926,0.004582194902096926,MZI6_arm1,previous_layer_compensation,8,6,1,3.588,3.588,0.0077257634420416586,False,7,0.1
7,3,optimized,,7,0.004582194902096926,0.004582194902096926,MZI5_arm1,previous_layer_compensation,7,5,1,4.529,4.529,0.05382760391999387,False,7,0.1
7,3,optimized,,7,0.004582194902096926,0.004582194902096926,MZI6_arm0,previous_layer_compensation,12,6,0,2.68,2.68,-0.007085450975417823,False,7,0.1
7,3,optimized,,8,0.0046165284135264925,0.0046165284135264925,MZI10_arm1,current_layer,71,10,1,5.5,5.5,-0.0695373773005391,False,7,0.1
7,3,optimized,,8,0.0046165284135264925,0.004609597785073627,MZI10_arm0,current_layer,75,10,0,3.314,3.3110690535108334,0.029309464891668406,True,1,0.1
7,3,optimized,,8,0.004609597785073627,0.004553957687955025,MZI11_arm0,current_layer,74,11,0,4.375,4.373893194634024,0.011068053659757337,True,1,0.1
7,3,optimized,,8,0.004553957687955025,0.004519875309858665,MZI11_arm1,current_layer,70,11,1,5.048,5.0481262059267245,-0.01009647413798486,True,4,0.0125
7,3,optimized,,8,0.004519875309858665,0.004510079881994531,MZI9_arm1,current_layer,72,9,1,4.407,4.406737663468603,0.010493461255885645,True,3,0.025
7,3,optimized,,8,0.004510079881994531,0.004510079881994531,MZI9_arm0,current_layer,76,9,0,4.336,4.336,-0.008572134835479256,False,7,0.1
7,3,optimized,,8,0.004510079881994531,0.004510079881994531,MZI12_arm1,current_layer,69,12,1,3.646,3.646,0.007655553704773246,False,7,0.1
7,3,optimized,,8,0.004510079881994531,0.004510079881994531,MZI12_arm0,current_layer,73,12,0,3.532,3.532,-0.0032296845803555436,False,7,0.1
7,3,optimized,,8,0.004510079881994531,0.004510079881994531,MZI5_arm1,previous_layer_compensation,7,5,1,4.529,4.529,0.006640840085487957,False,7,0.1
7,3,optimized,,8,0.004510079881994531,0.004459907141023049,MZI7_arm1,previous_layer_compensation,9,7,1,3.481,3.4746009650598153,1.0238455904295547,True,5,0.00625
7,3,optimized,,8,0.004459907141023049,0.004459907141023049,MZI7_arm0,previous_layer_compensation,13,7,0,2.924,2.924,-0.006808544920117778,False,7,0.1
7,3,optimized,,8,0.004459907141023049,0.004448757904895072,MZI6_arm1,previous_layer_compensation,8,6,1,3.588,3.5879345469211796,0.01047249261128823,True,5,0.00625
7,3,optimized,,8,0.004448757904895072,0.004448757904895072,MZI6_arm0,previous_layer_compensation,12,6,0,2.68,2.68,-0.007433463836016773,False,7,0.1
7,3,optimized,,8,0.004448757904895072,0.004448757904895072,MZI5_arm0,previous_layer_compensation,11,5,0,4.077,4.077,-0.0051974226047279215,False,7,0.1
7,3,optimized,,9,0.004498093675649492,0.004488990965925487,MZI10_arm1,current_layer,71,10,1,5.5,5.5,-0.07308436301241761,True,4,0.0125
7,3,optimized,,9,0.004488990965925487,0.004448292931803168,MZI10_arm0,current_layer,75,10,0,3.311,3.3080033731338396,0.02996626866160201,True,1,0.1
7,3,optimized,,9,0.004448292931803168,0.0043821270372912564,MZI11_arm0,current_layer,74,11,0,4.374,4.372866240553738,0.011337594462616138,True,1,0.1
7,3,optimized,,9,0.0043821270372912564,0.004372464678035671,MZI9_arm1,current_layer,72,9,1,4.407,4.406947971642036,0.008324537274276358,True,5,0.00625
7,3,optimized,,9,0.004372464678035671,0.00436366335242362,MZI11_arm1,current_layer,70,11,1,5.048,5.048392734973147,-0.007854699462936762,True,2,0.05
7,3,optimized,,9,0.00436366335242362,0.00436366335242362,MZI9_arm0,current_layer,76,9,0,4.336,4.336,-0.005178845770011447,False,7,0.1
7,3,optimized,,9,0.00436366335242362,0.004338770866164049,MZI12_arm1,current_layer,69,12,1,3.646,3.645869540571708,0.005218377131666037,True,3,0.025
7,3,optimized,,9,0.004338770866164049,0.004338770866164049,MZI12_arm0,current_layer,73,12,0,3.532,3.532,-0.004190820712239646,False,7,0.1
7,3,optimized,,9,0.004338770866164049,0.004338770866164049,MZI7_arm1,previous_layer_compensation,9,7,1,3.475,3.475,0.007919745875741895,False,7,0.1
7,3,optimized,,9,0.004338770866164049,0.004338770866164049,MZI6_arm1,previous_layer_compensation,8,6,1,3.588,3.588,0.011446432407296248,False,7,0.1
7,3,optimized,,9,0.004338770866164049,0.004338770866164049,MZI6_arm0,previous_layer_compensation,12,6,0,2.68,2.68,-0.00642683313684744,False,7,0.1
7,3,optimized,,9,0.004338770866164049,0.004338770866164049,MZI7_arm0,previous_layer_compensation,13,7,0,2.924,2.924,-0.004396993400974801,False,7,0.1
7,3,optimized,,9,0.004338770866164049,0.004338770866164049,MZI5_arm1,previous_layer_compensation,7,5,1,4.529,4.529,0.007729523760531881,False,7,0.1
7,3,optimized,,9,0.004338770866164049,0.004338770866164049,MZI5_arm0,previous_layer_compensation,11,5,0,4.077,4.077,-0.0005784290181123609,False,7,0.1
7,3,optimized,,10,0.004433658383747086,0.004425132851928645,MZI10_arm1,current_layer,71,10,1,5.5,5.5,-0.06612781955635812,True,1,0.1
7,3,optimized,,10,0.004425132851928645,0.004310559087473424,MZI10_arm0,current_layer,75,10,0,3.308,3.3051860942891906,0.028139057108092065,True,1,0.1
7,3,optimized,,10,0.004310559087473424,0.004310559087473424,MZI11_arm0,current_layer,74,11,0,4.373,4.373,0.009349806698867074,False,7,0.1
7,3,optimized,,10,0.004310559087473424,0.004310559087473424,MZI9_arm1,current_layer,72,9,1,4.407,4.407,0.01049576689686359,False,7,0.1
7,3,optimized,,10,0.004310559087473424,0.004310559087473424,MZI11_arm1,current_layer,70,11,1,5.048,5.048,-0.006804870914474592,False,7,0.1
7,3,optimized,,10,0.004310559087473424,0.004310559087473424,MZI12_arm1,current_layer,69,12,1,3.646,3.646,0.006793271648677234,False,7,0.1
7,3,optimized,,10,0.004310559087473424,0.004310559087473424,MZI9_arm0,current_layer,76,9,0,4.336,4.336,-0.008833546921173444,False,7,0.1
7,3,optimized,,10,0.004310559087473424,0.004304992677984553,MZI12_arm0,current_layer,73,12,0,3.532,3.5322022455962965,-0.00404491192592677,True,2,0.05
7,3,optimized,,10,0.004304992677984553,0.004304992677984553,MZI6_arm1,previous_layer_compensation,8,6,1,3.588,3.588,0.010447682193473962,False,7,0.1
7,3,optimized,,10,0.004304992677984553,0.004304992677984553,MZI7_arm1,previous_layer_compensation,9,7,1,3.475,3.475,0.008992942241614201,False,7,0.1
7,3,optimized,,10,0.004304992677984553,0.004304992677984553,MZI5_arm1,previous_layer_compensation,7,5,1,4.529,4.529,0.006780548368990793,False,7,0.1
7,3,optimized,,10,0.004304992677984553,0.004304992677984553,MZI6_arm0,previous_layer_compensation,12,6,0,2.68,2.68,-0.008115930282129544,False,7,0.1
7,3,optimized,,10,0.004304992677984553,0.004291259313310884,MZI7_arm0,previous_layer_compensation,13,7,0,2.924,2.924217754299902,-0.004355085998048008,True,2,0.05
7,3,optimized,,10,0.004291259313310884,0.004291259313310884,MZI5_arm0,previous_layer_compensation,11,5,0,4.077,4.077,-0.0363851422447773,False,7,0.1
7,3,optimized,,11,0.004370449193265132,0.004350584905324549,MZI10_arm1,current_layer,71,10,1,5.5,5.5,-0.06165177701516227,True,2,0.05
7,3,optimized,,11,0.004350584905324549,0.0042714827552405715,MZI10_arm0,current_layer,75,10,0,3.305,3.3024986577690774,0.025013422309228504,True,1,0.1
7,3,optimized,,11,0.0042714827552405715,0.0042714827552405715,MZI9_arm1,current_layer,72,9,1,4.407,4.407,0.01146172712470646,False,7,0.1
7,3,optimized,,11,0.0042714827552405715,0.0042714827552405715,MZI11_arm0,current_layer,74,11,0,4.373,4.373,0.009848739811710928,False,7,0.1
7,3,optimized,,11,0.0042714827552405715,0.0042714827552405715,MZI9_arm0,current_layer,76,9,0,4.336,4.336,-0.008653083094533307,False,7,0.1
7,3,optimized,,11,0.0042714827552405715,0.004270957880875663,MZI11_arm1,current_layer,70,11,1,5.048,5.048089127477474,-0.007130198197886125,True,4,0.0125
7,3,optimized,,11,0.004270957880875663,0.004270957880875663,MZI12_arm1,current_layer,69,12,1,3.646,3.646,0.006621489527239347,False,7,0.1
7,3,optimized,,11,0.004270957880875663,0.004270957880875663,MZI12_arm0,current_layer,73,12,0,3.532,3.532,-0.0028160355011278325,False,7,0.1
7,3,optimized,,11,0.004270957880875663,0.004261905680298167,MZI5_arm0,previous_layer_compensation,11,5,0,4.077,4.077031809654025,-0.0050895446439396105,True,5,0.00625
7,3,optimized,,11,0.004261905680298167,0.004261905680298167,MZI6_arm1,previous_layer_compensation,8,6,1,3.588,3.588,0.009167664224884296,False,7,0.1
7,3,optimized,,11,0.004261905680298167,0.004261905680298167,MZI7_arm1,previous_layer_compensation,9,7,1,3.475,3.475,0.008497713732509975,False,7,0.1
7,3,optimized,,11,0.004261905680298167,0.004261905680298167,MZI6_arm0,previous_layer_compensation,12,6,0,2.68,2.68,-0.006643495907552833,False,7,0.1
7,3,optimized,,11,0.004261905680298167,0.004261905680298167,MZI5_arm1,previous_layer_compensation,7,5,1,4.529,4.529,0.008492471704941417,False,7,0.1
7,3,optimized,,11,0.004261905680298167,0.00424800141499227,MZI7_arm0,previous_layer_compensation,13,7,0,2.924,2.9243187634660215,-0.0063752693204293855,True,2,0.05
7,3,optimized,,12,0.004301344317540706,0.004214870309073243,MZI10_arm1,current_layer,71,10,1,5.5,5.5,-0.06822031171980815,True,1,0.1
7,3,optimized,,12,0.004214870309073243,0.004204233649188679,MZI10_arm0,current_layer,75,10,0,3.302,3.299465178699162,0.02534821300838063,True,1,0.1
7,3,optimized,,12,0.004204233649188679,0.004179415956085171,MZI9_arm1,current_layer,72,9,1,4.407,4.405925126451368,0.01074873548632013,True,1,0.1
7,3,optimized,,12,0.004179415956085171,0.004179415956085171,MZI11_arm0,current_layer,74,11,0,4.373,4.373,0.011798255779547137,False,7,0.1
7,3,optimized,,12,0.004179415956085171,0.004161784097930696,MZI9_arm0,current_layer,76,9,0,4.336,4.33604520081325,-0.0072321301198932115,True,5,0.00625
7,3,optimized,,12,0.004161784097930696,0.00416127032415558,MZI11_arm1,current_layer,70,11,1,5.048,5.048416700107606,-0.00833400215211587,True,2,0.05
7,3,optimized,,12,0.00416127032415558,0.00416127032415558,MZI12_arm1,current_layer,69,12,1,3.646,3.646,0.004306972142109445,False,7,0.1
7,3,optimized,,12,0.00416127032415558,0.00416127032415558,MZI12_arm0,current_layer,73,12,0,3.532,3.532,-0.0042474462108466286,False,7,0.1
7,3,optimized,,12,0.00416127032415558,0.00416127032415558,MZI6_arm1,previous_layer_compensation,8,6,1,3.588,3.588,0.013912874457677844,False,7,0.1
7,3,optimized,,12,0.00416127032415558,0.00416127032415558,MZI7_arm1,previous_layer_compensation,9,7,1,3.475,3.475,0.009392379413957335,False,7,0.1
7,3,optimized,,12,0.00416127032415558,0.004154648013686171,MZI5_arm1,previous_layer_compensation,7,5,1,4.529,4.528432397152097,0.011352056958050366,True,2,0.05
7,3,optimized,,12,0.004154648013686171,0.004146305319802161,MZI6_arm0,previous_layer_compensation,12,6,0,2.68,2.6800427023120448,-0.006832369927126357,True,5,0.00625
7,3,optimized,,12,0.004146305319802161,0.004146305319802161,MZI7_arm0,previous_layer_compensation,13,7,0,2.924,2.924,-0.004589020102763355,False,7,0.1
7,3,optimized,,12,0.004146305319802161,0.004146305319802161,MZI5_arm0,previous_layer_compensation,11,5,0,4.077,4.077,-8.751695402254181e-05,False,7,0.1
7,3,optimized,,13,0.004203498951477581,0.004123581291613687,MZI10_arm1,current_layer,71,10,1,5.5,5.5,-0.05820479717746788,True,1,0.1
7,3,optimized,,13,0.004123581291613687,0.004123581291613687,MZI10_arm0,current_layer,75,10,0,3.299,3.299,0.021131748972868767,False,7,0.1
7,3,optimized,,13,0.004123581291613687,0.004123581291613687,MZI11_arm0,current_layer,74,11,0,4.373,4.373,0.009764893347684878,False,7,0.1
7,3,optimized,,13,0.004123581291613687,0.004123581291613687,MZI9_arm1,current_layer,72,9,1,4.406,4.406,0.0100115428971639,False,7,0.1
7,3,optimized,,13,0.004123581291613687,0.004123581291613687,MZI11_arm1,current_layer,70,11,1,5.048,5.048,-0.009930261646846532,False,7,0.1
7,3,optimized,,13,0.004123581291613687,0.004123581291613687,MZI9_arm0,current_layer,76,9,0,4.336,4.336,-0.009533641009203453,False,7,0.1
7,3,optimized,,13,0.004123581291613687,0.004123581291613687,MZI12_arm1,current_layer,69,12,1,3.646,3.646,0.005498559859367611,False,7,0.1
7,3,optimized,,13,0.004123581291613687,0.004123581291613687,MZI12_arm0,current_layer,73,12,0,3.532,3.532,-0.004720538587058634,False,7,0.1
7,3,optimized,,13,0.004123581291613687,0.004123581291613687,MZI6_arm1,previous_layer_compensation,8,6,1,3.588,3.588,0.011968818827069011,False,7,0.1
7,3,optimized,,13,0.004123581291613687,0.004123581291613687,MZI5_arm1,previous_layer_compensation,7,5,1,4.528,4.528,0.006433920814847428,False,7,0.1
7,3,optimized,,13,0.004123581291613687,0.004123581291613687,MZI7_arm1,previous_layer_compensation,9,7,1,3.475,3.475,0.010646829578247521,False,7,0.1
7,3,optimized,,13,0.004123581291613687,0.003899088018270528,MZI6_arm0,previous_layer_compensation,12,6,0,2.68,2.680056029250994,-0.008964680159036939,True,5,0.00625
7,3,optimized,,13,0.003899088018270528,0.003899088018270528,MZI7_arm0,previous_layer_compensation,13,7,0,2.924,2.924,-0.006682069530302168,False,7,0.1
7,3,optimized,,13,0.003899088018270528,0.003899088018270528,MZI5_arm0,previous_layer_compensation,11,5,0,4.077,4.077,-0.0010038733065209635,False,7,0.1
7,3,optimized,,14,0.004209518248619401,0.004207143188662152,MZI10_arm1,current_layer,71,10,1,5.5,5.5,-0.06065807692727984,True,2,0.05
7,3,optimized,,14,0.004207143188662152,0.004171214608219636,MZI10_arm0,current_layer,75,10,0,3.299,3.296815205634486,0.02184794365514163,True,1,0.1
7,3,optimized,,14,0.004171214608219636,0.004143317014005775,MZI9_arm1,current_layer,72,9,1,4.406,4.405105025746582,0.008949742534179062,True,1,0.1
7,3,optimized,,14,0.004143317014005775,0.004112851721361651,MZI11_arm1,current_layer,70,11,1,5.048,5.04804985124192,-0.0079761987072756,True,5,0.00625
7,3,optimized,,14,0.004112851721361651,0.004112851721361651,MZI11_arm0,current_layer,74,11,0,4.373,4.373,0.009786977920199884,False,7,0.1
7,3,optimized,,14,0.004112851721361651,0.004106777191198919,MZI9_arm0,current_layer,76,9,0,4.336,4.336022002689485,-0.007040860635068806,True,6,0.003125
7,3,optimized,,14,0.004106777191198919,0.004106748331738235,MZI12_arm1,current_layer,69,12,1,3.646,3.645727567070811,0.005448658583775268,True,2,0.05
7,3,optimized,,14,0.004106748331738235,0.0040841006120998944,MZI12_arm0,current_layer,73,12,0,3.532,3.5321163349543165,-0.0023266990863306616,True,2,0.05
7,3,optimized,,14,0.0040841006120998944,0.0040841006120998944,MZI6_arm1,previous_layer_compensation,8,6,1,3.588,3.588,0.01158716377162337,False,7,0.1
7,3,optimized,,14,0.0040841006120998944,0.0040841006120998944,MZI7_arm1,previous_layer_compensation,9,7,1,3.475,3.475,0.010987218597240514,False,7,0.1
7,3,optimized,,14,0.0040841006120998944,0.004060249965317797,MZI6_arm0,previous_layer_compensation,12,6,0,2.68,2.6808602942126143,-0.008602942126142524,True,1,0.1
7,3,optimized,,14,0.004060249965317797,0.004060249965317797,MZI7_arm0,previous_layer_compensation,13,7,0,2.924,2.924,-0.0052736202533485875,False,7,0.1
7,3,optimized,,14,0.004060249965317797,0.004060249965317797,MZI5_arm1,previous_layer_compensation,7,5,1,4.528,4.528,0.0033917258809513886,False,7,0.1
7,3,optimized,,14,0.004060249965317797,0.004060249965317797,MZI5_arm0,previous_layer_compensation,11,5,0,4.077,4.077,0.00020666030510700658,False,7,0.1
7,3,optimized,,15,0.0042177700852768915,0.0041620472389314045,MZI10_arm1,current_layer,71,10,1,5.5,5.5,-0.05634498730906341,True,1,0.1
7,3,optimized,,15,0.0041620472389314045,0.004132250875906999,MZI10_arm0,current_layer,75,10,0,3.297,3.294831481833724,0.02168518166276248,True,1,0.1
7,3,optimized,,15,0.004132250875906999,0.004094412288962812,MZI11_arm0,current_layer,74,11,0,4.373,4.372101147122567,0.008988528774325936,True,1,0.1
7,3,optimized,,15,0.004094412288962812,0.0040743453334270005,MZI9_arm1,current_layer,72,9,1,4.405,4.4048713639443084,0.010290884455352357,True,4,0.0125
7,3,optimized,,15,0.0040743453334270005,0.004069107360656556,MZI11_arm1,current_layer,70,11,1,5.048,5.04808892839202,-0.007114271361626347,True,4,0.0125
7,3,optimized,,15,0.004069107360656556,0.004069107360656556,MZI9_arm0,current_layer,76,9,0,4.336,4.336,-0.008982282469073693,False,7,0.1
7,3,optimized,,15,0.004069107360656556,0.004069107360656556,MZI12_arm1,current_layer,69,12,1,3.646,3.646,0.005830193554312791,False,7,0.1
7,3,optimized,,15,0.004069107360656556,0.004069107360656556,MZI12_arm0,current_layer,73,12,0,3.532,3.532,-0.005009678523418635,False,7,0.1
7,3,optimized,,15,0.004069107360656556,0.004032513667755611,MZI6_arm1,previous_layer_compensation,8,6,1,3.588,3.587982814998349,0.010998401056619542,True,7,0.0015625
7,3,optimized,,15,0.004032513667755611,0.004032513667755611,MZI7_arm1,previous_layer_compensation,9,7,1,3.475,3.475,0.01034012038917746,False,7,0.1
7,3,optimized,,15,0.004032513667755611,0.004032513667755611,MZI6_arm0,previous_layer_compensation,12,6,0,2.681,2.681,-0.007421916341960909,False,7,0.1
7,3,optimized,,15,0.004032513667755611,0.004032513667755611,MZI7_arm0,previous_layer_compensation,13,7,0,2.924,2.924,-0.005740632199445001,False,7,0.1
7,3,optimized,,15,0.004032513667755611,0.004032513667755611,MZI5_arm1,previous_layer_compensation,7,5,1,4.528,4.528,0.005641954531723142,False,7,0.1
7,3,optimized,,15,0.004032513667755611,0.004032513667755611,MZI5_arm0,previous_layer_compensation,11,5,0,4.077,4.077,-0.0014674808357939603,False,7,0.1
7,4,optimized,,0,0.0050670387138218274,0.004776428410553162,MZI13_arm0,current_layer,19,13,0,3.941,3.946846861817823,-0.05846861817823431,True,1,0.1
7,4,optimized,,0,0.004776428410553162,0.00440692211066709,MZI13_arm1,current_layer,15,13,1,4.644,4.637571733578079,0.06428266421921915,True,1,0.1
7,4,optimized,,0,0.00440692211066709,0.004398802862845939,MZI14_arm0,current_layer,20,14,0,3.946,3.9505263261053676,-0.09052652210735247,True,2,0.05
7,4,optimized,,0,0.004398802862845939,0.004365824796597483,MZI14_arm1,current_layer,16,14,1,4.648,4.648662828842796,-0.00662828842796034,True,1,0.1
7,4,optimized,,0,0.004365824796597483,0.004365824796597483,MZI15_arm0,current_layer,21,15,0,2.358,2.358,-0.002972275139201199,False,7,0.1
7,4,optimized,,0,0.004365824796597483,0.004365824796597483,MZI15_arm1,current_layer,17,15,1,3.732,3.732,0.0002541960366753569,False,7,0.1
7,4,optimized,,0,0.004365824796597483,0.0043390778628158546,MZI9_arm0,previous_layer_compensation,76,9,0,4.336,4.339032144037152,-0.030321440371520826,True,1,0.1
7,4,optimized,,0,0.0043390778628158546,0.004289940007804626,MZI9_arm1,previous_layer_compensation,72,9,1,4.405,4.405096163237309,-0.0009616323730875046,True,1,0.1
7,4,optimized,,0,0.004289940007804626,0.00424364308706728,MZI10_arm0,previous_layer_compensation,75,10,0,3.295,3.2949791133259874,0.0066837356840427735,True,6,0.003125
7,4,optimized,,0,0.00424364308706728,0.004191592974961885,MZI10_arm1,previous_layer_compensation,71,10,1,5.5,5.498262667333006,0.017373326669939036,True,1,0.1
7,4,optimized,,0,0.004191592974961885,0.004191592974961885,MZI11_arm0,previous_layer_compensation,74,11,0,4.372,4.372,0.00023636107227604093,False,7,0.1
7,4,optimized,,0,0.004191592974961885,0.004191592974961885,MZI11_arm1,previous_layer_compensation,70,11,1,5.048,5.048,-0.006727866025538786,False,7,0.1
7,4,optimized,,0,0.004191592974961885,0.004184397909889746,MZI12_arm0,previous_layer_compensation,73,12,0,3.532,3.532007759716449,-0.0024831092636286973,True,6,0.003125
7,4,optimized,,0,0.004184397909889746,0.004180234633953089,MZI12_arm1,previous_layer_compensation,69,12,1,3.646,3.64601639474465,-0.00016394744649745802,True,1,0.1
7,4,optimized,,1,0.004199687315133918,0.004191262817272087,MZI14_arm0,current_layer,20,14,0,3.951,3.9499003718414327,0.010996281585673983,True,1,0.1
7,4,optimized,,1,0.004191262817272087,0.003991282390753596,MZI13_arm1,current_layer,15,13,1,4.638,4.633230464108453,0.047695358915466904,True,1,0.1
7,4,optimized,,1,0.003991282390753596,0.003884149480377522,MZI13_arm0,current_layer,19,13,0,3.947,3.949991174391935,-0.029911743919348536,True,1,0.1
7,4,optimized,,1,0.003884149480377522,0.0038616881792874406,MZI14_arm1,current_layer,16,14,1,4.649,4.649019383411439,-0.0031013458301236037,True,5,0.00625
7,4,optimized,,1,0.0038616881792874406,0.0038616881792874406,MZI15_arm0,current_layer,21,15,0,2.358,2.358,-0.0030302791593121493,False,7,0.1
7,4,optimized,,1,0.0038616881792874406,0.0038616881792874406,MZI15_arm1,current_layer,17,15,1,3.732,3.732,0.0013056154370761177,False,7,0.1
7,4,optimized,,1,0.0038616881792874406,0.003820997341282139,MZI9_arm0,previous_layer_compensation,76,9,0,4.339,4.341400911588981,-0.024009115889811725,True,1,0.1
7,4,optimized,,1,0.003820997341282139,0.003820997341282139,MZI10_arm1,previous_layer_compensation,71,10,1,5.498,5.498,0.0037754880164429594,False,7,0.1
7,4,optimized,,1,0.003820997341282139,0.003820997341282139,MZI11_arm1,previous_layer_compensation,70,11,1,5.048,5.048,-0.005797688442293884,False,7,0.1
7,4,optimized,,1,0.003820997341282139,0.003799455430118698,MZI10_arm0,previous_layer_compensation,75,10,0,3.295,3.2949486015925817,0.00822374518692315,True,5,0.00625
7,4,optimized,,1,0.003799455430118698,0.003799455430118698,MZI12_arm0,previous_layer_compensation,73,12,0,3.532,3.532,-0.0018593201093371338,False,7,0.1
7,4,optimized,,1,0.003799455430118698,0.003799455430118698,MZI9_arm1,previous_layer_compensation,72,9,1,4.405,4.405,-0.0012541948170325318,False,7,0.1
7,4,optimized,,1,0.003799455430118698,0.003799455430118698,MZI11_arm0,previous_layer_compensation,74,11,0,4.372,4.372,-0.0009674356589861675,False,7,0.1
7,4,optimized,,1,0.003799455430118698,0.003799455430118698,MZI12_arm1,previous_layer_compensation,69,12,1,3.646,3.646,-0.0007527855881308539,False,7,0.1
7,4,optimized,,2,0.0038346225722836816,0.0037171910097547,MZI13_arm1,current_layer,15,13,1,4.633,4.629439910855061,0.035600891449390736,True,1,0.1
7,4,optimized,,2,0.0037171910097547,0.0036626199872163857,MZI13_arm0,current_layer,19,13,0,3.95,3.951987774955613,-0.019877749556128997,True,1,0.1
7,4,optimized,,2,0.0036626199872163857,0.003658355694099561,MZI14_arm0,current_layer,20,14,0,3.95,3.949878295491757,0.009736360659481948,True,4,0.0125
7,4,optimized,,2,0.003658355694099561,0.0036478824168065397,MZI14_arm1,current_layer,16,14,1,4.649,4.64947115049822,-0.0047115049822051055,True,1,0.1
7,4,optimized,,2,0.0036478824168065397,0.0036478824168065397,MZI15_arm0,current_layer,21,15,0,2.358,2.358,-0.0025261085476924075,False,7,0.1
7,4,optimized,,2,0.0036478824168065397,0.0036478824168065397,MZI15_arm1,current_layer,17,15,1,3.732,3.732,0.0015415033737295565,False,7,0.1
7,4,optimized,,2,0.0036478824168065397,0.0036478824168065397,MZI9_arm0,previous_layer_compensation,76,9,0,4.341,4.341,-0.018439997461371434,False,7,0.1
7,4,optimized,,2,0.0036478824168065397,0.0036478824168065397,MZI10_arm0,previous_layer_compensation,75,10,0,3.295,3.295,0.008318760840221328,False,7,0.1
7,4,optimized,,2,0.0036478824168065397,0.0036478824168065397,MZI11_arm1,previous_layer_compensation,70,11,1,5.048,5.048,-0.007445233554459199,False,7,0.1
7,4,optimized,,2,0.0036478824168065397,0.0036478824168065397,MZI10_arm1,previous_layer_compensation,71,10,1,5.498,5.498,0.0010840963774946142,False,7,0.1
7,4,optimized,,2,0.0036478824168065397,0.0035308833282685107,MZI12_arm0,previous_layer_compensation,73,12,0,3.532,3.532006185380309,-0.0004948304246934453,True,4,0.0125
7,4,optimized,,2,0.0035308833282685107,0.0035308833282685107,MZI9_arm1,previous_layer_compensation,72,9,1,4.405,4.405,0.0034249621613517225,False,7,0.1
7,4,optimized,,2,0.0035308833282685107,0.0035308833282685107,MZI11_arm0,previous_layer_compensation,74,11,0,4.372,4.372,0.0005581921422170182,False,7,0.1
7,4,optimized,,2,0.0035308833282685107,0.0035308833282685107,MZI12_arm1,previous_layer_compensation,69,12,1,3.646,3.646,-0.02641621613214116,False,7,0.1
7,4,optimized,,3,0.0036917672325598298,0.003562822868240961,MZI13_arm1,current_layer,15,13,1,4.629,4.626383673229341,0.02616326770657873,True,1,0.1
7,4,optimized,,3,0.003562822868240961,0.003562822868240961,MZI13_arm0,current_layer,19,13,0,3.952,3.952,-0.013709120783073004,False,7,0.1
7,4,optimized,,3,0.003562822868240961,0.0035603122047942574,MZI14_arm0,current_layer,20,14,0,3.95,3.949985183396314,0.009482626359284159,True,7,0.0015625
7,4,optimized,,3,0.0035603122047942574,0.0035603122047942574,MZI14_arm1,current_layer,16,14,1,4.649,4.649,-0.005028969568088162,False,7,0.1
7,4,optimized,,3,0.0035603122047942574,0.0035603122047942574,MZI15_arm0,current_layer,21,15,0,2.358,2.358,-0.003097970720065813,False,7,0.1
7,4,optimized,,3,0.0035603122047942574,0.0035603122047942574,MZI15_arm1,current_layer,17,15,1,3.732,3.732,0.0009839217436792506,False,7,0.1
7,4,optimized,,3,0.0035603122047942574,0.0035603122047942574,MZI12_arm1,previous_layer_compensation,69,12,1,3.646,3.646,-0.0005542446780880931,False,7,0.1
7,4,optimized,,3,0.0035603122047942574,0.0035588717785023784,MZI9_arm0,previous_layer_compensation,76,9,0,4.341,4.342652540967323,-0.01652540967322082,True,1,0.1
7,4,optimized,,3,0.0035588717785023784,0.003533057598170518,MZI10_arm0,previous_layer_compensation,75,10,0,3.295,3.293992295339443,0.010077046605570622,True,1,0.1
7,4,optimized,,3,0.003533057598170518,0.0035257646817409916,MZI11_arm1,previous_layer_compensation,70,11,1,5.048,5.048175365256779,-0.007014610271147134,True,3,0.025
7,4,optimized,,3,0.0035257646817409916,0.0035171904987139424,MZI9_arm1,previous_layer_compensation,72,9,1,4.405,4.404873780422751,0.005048783089971588,True,3,0.025
7,4,optimized,,3,0.0035171904987139424,0.0035171904987139424,MZI10_arm1,previous_layer_compensation,71,10,1,5.498,5.498,-0.00432885481477778,False,7,0.1
7,4,optimized,,3,0.0035171904987139424,0.00351166822367224,MZI11_arm0,previous_layer_compensation,74,11,0,4.372,4.372008884812953,-0.000710785036210674,True,4,0.0125
7,4,optimized,,3,0.00351166822367224,0.00351166822367224,MZI12_arm0,previous_layer_compensation,73,12,0,3.532,3.532,-0.002175453608902875,False,7,0.1
7,4,optimized,,4,0.0035436013200109847,0.003516492083975847,MZI13_arm1,current_layer,15,13,1,4.626,4.623976527686191,0.02023472313809572,True,1,0.1
7,4,optimized,,4,0.003516492083975847,0.003491704927474023,MZI13_arm0,current_layer,19,13,0,3.952,3.9526620627524136,-0.013241255048275533,True,2,0.05
7,4,optimized,,4,0.003491704927474023,0.0034820960880215736,MZI14_arm0,current_layer,20,14,0,3.95,3.9499384438374734,0.009848986004309003,True,5,0.00625
7,4,optimized,,4,0.0034820960880215736,0.00347560770286272,MZI14_arm1,current_layer,16,14,1,4.649,4.64964277182799,-0.006427718279898788,True,1,0.1
7,4,optimized,,4,0.00347560770286272,0.0034718121779879776,MZI15_arm0,current_layer,21,15,0,2.358,2.3580031118140266,-0.0009957804884079516,True,6,0.003125
7,4,optimized,,4,0.0034718121779879776,0.0034619568347632954,MZI15_arm1,current_layer,17,15,1,3.732,3.7318591320291525,0.0014086797084778336,True,1,0.1
7,4,optimized,,4,0.0034619568347632954,0.0034619568347632954,MZI9_arm0,previous_layer_compensation,76,9,0,4.343,4.343,-0.014253833737695428,False,7,0.1
7,4,optimized,,4,0.0034619568347632954,0.0034610260653616773,MZI10_arm0,previous_layer_compensation,75,10,0,3.294,3.293175277369357,0.008247226306430398,True,1,0.1
7,4,optimized,,4,0.0034610260653616773,0.0034610260653616773,MZI11_arm1,previous_layer_compensation,70,11,1,5.048,5.048,-0.0060965476731751145,False,7,0.1
7,4,optimized,,4,0.0034610260653616773,0.0034553556963175316,MZI9_arm1,previous_layer_compensation,72,9,1,4.405,4.4048756478496855,0.004974086012602999,True,3,0.025
7,4,optimized,,4,0.0034553556963175316,0.0034553556963175316,MZI10_arm1,previous_layer_compensation,71,10,1,5.498,5.498,-0.0058569564994720965,False,7,0.1
7,4,optimized,,4,0.0034553556963175316,0.0034553556963175316,MZI12_arm0,previous_layer_compensation,73,12,0,3.532,3.532,-0.0020475412291893367,False,7,0.1
7,4,optimized,,4,0.0034553556963175316,0.0034553556963175316,MZI11_arm0,previous_layer_compensation,74,11,0,4.372,4.372,-0.00021636667372810044,False,7,0.1
7,4,optimized,,4,0.0034553556963175316,0.0034553556963175316,MZI12_arm1,previous_layer_compensation,69,12,1,3.646,3.646,-0.00017796427456721523,False,7,0.1
7,4,optimized,,5,0.0034974499032091365,0.0034739331503160307,MZI13_arm1,current_layer,15,13,1,4.624,4.622400276821085,0.015997231789149788,True,1,0.1
7,4,optimized,,5,0.0034739331503160307,0.0034296204206728962,MZI13_arm0,current_layer,19,13,0,3.953,3.9538216716488623,-0.00821671648862532,True,1,0.1
7,4,optimized,,5,0.0034296204206728962,0.0034104581269868406,MZI14_arm0,current_layer,20,14,0,3.95,3.9490332230124436,0.009667769875565274,True,1,0.1
7,4,optimized,,5,0.0034104581269868406,0.0034104581269868406,MZI14_arm1,current_layer,16,14,1,4.65,4.65,-0.0025918731442728976,False,7,0.1
7,4,optimized,,5,0.0034104581269868406,0.0034104581269868406,MZI15_arm1,current_layer,17,15,1,3.732,3.732,0.001341964983351769,False,7,0.1
7,4,optimized,,5,0.0034104581269868406,0.003397366532866112,MZI15_arm0,current_layer,21,15,0,2.358,2.3581963526479894,-0.0019635264798947886,True,1,0.1
7,4,optimized,,5,0.003397366532866112,0.003397366532866112,MZI9_arm0,previous_layer_compensation,76,9,0,4.343,4.343,-0.010981982910541008,False,7,0.1
7,4,optimized,,5,0.003397366532866112,0.003397366532866112,MZI10_arm0,previous_layer_compensation,75,10,0,3.293,3.293,0.009274584423589116,False,7,0.1
7,4,optimized,,5,0.003397366532866112,0.003397366532866112,MZI11_arm1,previous_layer_compensation,70,11,1,5.048,5.048,-0.007164017112921182,False,7,0.1
7,4,optimized,,5,0.003397366532866112,0.003397366532866112,MZI10_arm1,previous_layer_compensation,71,10,1,5.498,5.498,-0.008518663068510636,False,7,0.1
7,4,optimized,,5,0.003397366532866112,0.003397366532866112,MZI9_arm1,previous_layer_compensation,72,9,1,4.405,4.405,0.005600928830614598,False,7,0.1
7,4,optimized,,5,0.003397366532866112,0.003397366532866112,MZI12_arm0,previous_layer_compensation,73,12,0,3.532,3.532,-0.0017655358530487503,False,7,0.1
7,4,optimized,,5,0.003397366532866112,0.003397366532866112,MZI11_arm0,previous_layer_compensation,74,11,0,4.372,4.372,-0.0014040587668288566,False,7,0.1
7,4,optimized,,5,0.003397366532866112,0.003397366532866112,MZI12_arm1,previous_layer_compensation,69,12,1,3.646,3.646,-0.0007190573895931981,False,7,0.1
7,5,optimized,,0,0.012034200376557615,0.011943537702624555,MZI17_arm0,current_layer,84,17,0,2.77,2.770139573081158,-0.0013957308115793922,True,1,0.1
7,5,optimized,,0,0.011943537702624555,0.011891952136279093,MZI17_arm1,current_layer,80,17,1,3.063,3.0627932341399777,0.004135317200452826,True,2,0.05
7,5,optimized,,0,0.011891952136279093,0.011621945067577431,MZI18_arm0,current_layer,83,18,0,4.327,4.333322274521284,-0.06322274521283971,True,1,0.1
7,5,optimized,,0,0.011621945067577431,0.01122475955547586,MZI18_arm1,current_layer,79,18,1,4.95,4.9439385622819785,0.06061437718021962,True,1,0.1
7,5,optimized,,0,0.01122475955547586,0.011218840186691883,MZI19_arm0,current_layer,82,19,0,3.852,3.854113834790296,-0.021138347902958307,True,1,0.1
7,5,optimized,,0,0.011218840186691883,0.011110008835937593,MZI19_arm1,current_layer,78,19,1,4.512,4.5098599540638045,0.02140045936195481,True,1,0.1
7,5,optimized,,0,0.011110008835937593,0.011110008835937593,MZI20_arm0,current_layer,81,20,0,1.517,1.517,1.0612511115466034e-05,False,7,0.1
7,5,optimized,,0,0.011110008835937593,0.011110008835937593,MZI20_arm1,current_layer,77,20,1,4.585,4.585,-0.00011100916875563556,False,7,0.1
7,5,optimized,,0,0.011110008835937593,0.011055747315689458,MZI13_arm0,previous_layer_compensation,19,13,0,3.954,3.955099327061407,-0.010993270614067326,True,1,0.1
7,5,optimized,,0,0.011055747315689458,0.011055747315689458,MZI13_arm1,previous_layer_compensation,15,13,1,4.622,4.622,0.018877394539673208,False,7,0.1
7,5,optimized,,0,0.011055747315689458,0.010675865673796227,MZI14_arm0,previous_layer_compensation,20,14,0,3.949,3.956417766888845,-0.07417766888844922,True,1,0.1
7,5,optimized,,0,0.010675865673796227,0.009990551188663231,MZI14_arm1,previous_layer_compensation,16,14,1,4.65,4.641536333553255,0.08463666446746064,True,1,0.1
7,5,optimized,,0,0.009990551188663231,0.009990551188663231,MZI15_arm0,previous_layer_compensation,21,15,0,2.358,2.358,-0.021105980853654307,False,7,0.1
7,5,optimized,,0,0.009990551188663231,0.009933618460579854,MZI15_arm1,previous_layer_compensation,17,15,1,3.732,3.729669688822218,0.023303111777823952,True,1,0.1
7,5,optimized,,1,0.009898029828343086,0.009843697835116278,MZI18_arm0,current_layer,83,18,0,4.333,4.33655632959913,-0.035563295991296255,True,1,0.1
7,5,optimized,,1,0.009843697835116278,0.009714230552970285,MZI18_arm1,current_layer,79,18,1,4.944,4.940649558098494,0.0335044190150603,True,1,0.1
7,5,optimized,,1,0.009714230552970285,0.009705592018027486,MZI19_arm1,current_layer,78,19,1,4.51,4.507939228689019,0.020607713109805026,True,1,0.1
7,5,optimized,,1,0.009705592018027486,0.009705066187733194,MZI19_arm0,current_layer,82,19,0,3.854,3.8540669560017746,-0.010712960283920216,True,5,0.00625
7,5,optimized,,1,0.009705066187733194,0.009684731055224572,MZI17_arm1,current_layer,80,17,1,3.063,3.0629569359352002,0.003445125184003015,True,4,0.0125
7,5,optimized,,1,0.009684731055224572,0.009683681014977009,MZI17_arm0,current_layer,84,17,0,2.77,2.770191163531948,-0.0019116353194798055,True,1,0.1
7,5,optimized,,1,0.009683681014977009,0.00964695505150625,MZI20_arm1,current_layer,77,20,1,4.585,4.5850916017887196,-0.003664071548781442,True,3,0.025
7,5,optimized,,1,0.00964695505150625,0.00964407552990124,MZI20_arm0,current_layer,81,20,0,1.517,1.5170895111671456,-0.0008951116714575161,True,1,0.1
7,5,optimized,,1,0.00964407552990124,0.009249417264772169,MZI14_arm1,previous_layer_compensation,16,14,1,4.642,4.635114838391569,0.06885161608431196,True,1,0.1
7,5,optimized,,1,0.009249417264772169,0.009134343449358814,MZI14_arm0,previous_layer_compensation,20,14,0,3.956,3.959853375205326,-0.0385337520532604,True,1,0.1
7,5,optimized,,1,0.009134343449358814,0.009030003233871075,MZI15_arm1,previous_layer_compensation,17,15,1,3.73,3.727850750125533,0.021492498744668673,True,1,0.1
7,5,optimized,,1,0.009030003233871075,0.009030003233871075,MZI15_arm0,previous_layer_compensation,21,15,0,2.358,2.358,-0.02099410227067733,False,7,0.1
7,5,optimized,,1,0.009030003233871075,0.008996522856018766,MZI13_arm1,previous_layer_compensation,15,13,1,4.622,4.619965173704981,0.020348262950195237,True,1,0.1
7,5,optimized,,1,0.008996522856018766,0.008979112319662747,MZI13_arm0,previous_layer_compensation,19,13,0,3.955,3.955020534423746,-0.006571015598632066,True,6,0.003125
7,5,optimized,,2,0.008982622750050994,0.008982622750050994,MZI18_arm0,current_layer,83,18,0,4.337,4.337,-0.018067763388405433,False,7,0.1
7,5,optimized,,2,0.008982622750050994,0.008982622750050994,MZI18_arm1,current_layer,79,18,1,4.941,4.941,0.021857565429988925,False,7,0.1
7,5,optimized,,2,0.008982622750050994,0.008956151274422003,MZI19_arm1,current_layer,78,19,1,4.508,4.507094895039555,0.018102099208897,True,2,0.05
7,5,optimized,,2,0.008956151274422003,0.008941481618706431,MZI19_arm0,current_layer,82,19,0,3.854,3.855138780791135,-0.01138780791134869,True,1,0.1
7,5,optimized,,2,0.008941481618706431,0.008925223688770273,MZI20_arm1,current_layer,77,20,1,4.585,4.585238979548238,-0.0023897954823767155,True,1,0.1
7,5,optimized,,2,0.008925223688770273,0.008921975644657305,MZI17_arm1,current_layer,80,17,1,3.063,3.0625558569533613,0.0044414304663877415,True,1,0.1
7,5,optimized,,2,0.008921975644657305,0.008921975644657305,MZI17_arm0,current_layer,84,17,0,2.77,2.77,-0.004085264312865497,False,7,0.1
7,5,optimized,,2,0.008921975644657305,0.008921975644657305,MZI20_arm0,current_layer,81,20,0,1.517,1.517,0.0007726842768603162,False,7,0.1
7,5,optimized,,2,0.008921975644657305,0.008734816552532802,MZI14_arm1,previous_layer_compensation,16,14,1,4.635,4.630211863233935,0.047881367660649786,True,1,0.1
7,5,optimized,,2,0.008734816552532802,0.008681644903277493,MZI14_arm0,previous_layer_compensation,20,14,0,3.96,3.96228709975743,-0.022870997574300975,True,1,0.1
7,5,optimized,,2,0.008681644903277493,0.008681644903277493,MZI15_arm1,previous_layer_compensation,17,15,1,3.728,3.728,0.019038458768904486,False,7,0.1
7,5,optimized,,2,0.008681644903277493,0.008681644903277493,MZI15_arm0,previous_layer_compensation,21,15,0,2.358,2.358,-0.021758841789177297,False,7,0.1
7,5,optimized,,2,0.008681644903277493,0.008654932555047729,MZI13_arm1,previous_layer_compensation,15,13,1,4.62,4.618302756358578,0.016972436414214715,True,1,0.1
7,5,optimized,,2,0.008654932555047729,0.00864164680572487,MZI13_arm0,previous_layer_compensation,19,13,0,3.955,3.9552568481731383,-0.002568481731380016,True,1,0.1
7,5,optimized,,3,0.008613003142942085,0.00855617892521921,MZI18_arm1,current_layer,79,18,1,4.941,4.938884719145081,0.021152808549188967,True,1,0.1
7,5,optimized,,3,0.00855617892521921,0.00855617892521921,MZI19_arm1,current_layer,78,19,1,4.507,4.507,0.014907524907465495,False,7,0.1
7,5,optimized,,3,0.00855617892521921,0.00855617892521921,MZI18_arm0,current_layer,83,18,0,4.337,4.337,-0.010770260570481097,False,7,0.1
7,5,optimized,,3,0.00855617892521921,0.00855617892521921,MZI19_arm0,current_layer,82,19,0,3.855,3.855,-0.011830530920112551,False,7,0.1
7,5,optimized,,3,0.00855617892521921,0.00855617892521921,MZI17_arm1,current_layer,80,17,1,3.063,3.063,0.0037820732733400003,False,7,0.1
7,5,optimized,,3,0.00855617892521921,0.00855617892521921,MZI17_arm0,current_layer,84,17,0,2.77,2.77,-0.004741070084616048,False,7,0.1
7,5,optimized,,3,0.00855617892521921,0.00855617892521921,MZI20_arm1,current_layer,77,20,1,4.585,4.585,-0.0026591164613695493,False,7,0.1
7,5,optimized,,3,0.00855617892521921,0.00855617892521921,MZI20_arm0,current_layer,81,20,0,1.517,1.517,-0.000999237932110827,False,7,0.1
7,5,optimized,,3,0.00855617892521921,0.00855617892521921,MZI14_arm1,previous_layer_compensation,16,14,1,4.63,4.63,0.03004146253810543,False,7,0.1
7,5,optimized,,3,0.00855617892521921,0.00855617892521921,MZI14_arm0,previous_layer_compensation,20,14,0,3.962,3.962,-0.018894466772787232,False,7,0.1
7,5,optimized,,3,0.00855617892521921,0.008520979582998278,MZI15_arm0,previous_layer_compensation,21,15,0,2.358,2.3600726507512637,-0.02072650751263649,True,1,0.1
7,5,optimized,,3,0.008520979582998278,0.008457200009244013,MZI15_arm1,previous_layer_compensation,17,15,1,3.728,3.726090187184756,0.019098128152446006,True,1,0.1
7,5,optimized,,3,0.008457200009244013,0.008457200009244013,MZI13_arm1,previous_layer_compensation,15,13,1,4.618,4.618,0.016396842706117944,False,7,0.1
7,5,optimized,,3,0.008457200009244013,0.008457200009244013,MZI13_arm0,previous_layer_compensation,19,13,0,3.955,3.955,-0.004359777561020475,False,7,0.1
7,5,optimized,,4,0.00853806284404249,0.008526229069299611,MZI18_arm1,current_layer,79,18,1,4.939,4.938303892922386,0.013922141552285274,True,2,0.05
7,5,optimized,,4,0.008526229069299611,0.008508195769718162,MZI19_arm1,current_layer,78,19,1,4.507,4.50550683005663,0.014931699433693891,True,1,0.1
7,5,optimized,,4,0.008508195769718162,0.008475993908361306,MZI19_arm0,current_layer,82,19,0,3.855,3.855942276725234,-0.009422767252339074,True,1,0.1
7,5,optimized,,4,0.008475993908361306,0.008412515780828158,MZI18_arm0,current_layer,83,18,0,4.337,4.337660716825159,-0.006607168251590936,True,1,0.1
7,5,optimized,,4,0.008412515780828158,0.008412515780828158,MZI17_arm0,current_layer,84,17,0,2.77,2.77,-0.003769082521962735,False,7,0.1
7,5,optimized,,4,0.008412515780828158,0.008412515780828158,MZI17_arm1,current_layer,80,17,1,3.063,3.063,0.004534862143529138,False,7,0.1
7,5,optimized,,4,0.008412515780828158,0.008412515780828158,MZI20_arm1,current_layer,77,20,1,4.585,4.585,-0.0013918550418310102,False,7,0.1
7,5,optimized,,4,0.008412515780828158,0.008412515780828158,MZI20_arm0,current_layer,81,20,0,1.517,1.517,-0.0008005824251330107,False,7,0.1
7,5,optimized,,4,0.008412515780828158,0.008412515780828158,MZI14_arm1,previous_layer_compensation,16,14,1,4.63,4.63,0.031042151419281818,False,7,0.1
7,5,optimized,,4,0.008412515780828158,0.008388942772136839,MZI15_arm0,previous_layer_compensation,21,15,0,2.36,2.362051492086511,-0.02051492086511144,True,1,0.1
7,5,optimized,,4,0.008388942772136839,0.008344238285190453,MZI15_arm1,previous_layer_compensation,17,15,1,3.726,3.723991253163299,0.020087468367011575,True,1,0.1
7,5,optimized,,4,0.008344238285190453,0.00830446322672708,MZI14_arm0,previous_layer_compensation,20,14,0,3.962,3.9637958774309183,-0.0179587743091822,True,1,0.1
7,5,optimized,,4,0.00830446322672708,0.00830446322672708,MZI13_arm1,previous_layer_compensation,15,13,1,4.618,4.618,0.01584118541336936,False,7,0.1
7,5,optimized,,4,0.00830446322672708,0.008293556613213232,MZI13_arm0,previous_layer_compensation,19,13,0,3.955,3.9550606008657097,-0.00484806925675155,True,4,0.0125
7,5,optimized,,5,0.008321840082569351,0.008320849185138852,MZI19_arm1,current_layer,78,19,1,4.506,4.505066062170228,0.00933937829772278,True,1,0.1
7,5,optimized,,5,0.008320849185138852,0.008275501778863827,MZI18_arm1,current_layer,79,18,1,4.938,4.937496877288218,0.010062454235626806,True,2,0.05
7,5,optimized,,5,0.008275501778863827,0.008267863378526337,MZI19_arm0,current_layer,82,19,0,3.856,3.856030196613645,-0.004831458183189191,True,5,0.00625
7,5,optimized,,5,0.008267863378526337,0.008267863378526337,MZI18_arm0,current_layer,83,18,0,4.338,4.338,-0.002647665202468014,False,7,0.1
7,5,optimized,,5,0.008267863378526337,0.008267863378526337,MZI17_arm1,current_layer,80,17,1,3.063,3.063,0.0028572850188249782,False,7,0.1
7,5,optimized,,5,0.008267863378526337,0.008244564424495096,MZI17_arm0,current_layer,84,17,0,2.77,2.7700576350143984,-0.0023054005759417877,True,3,0.025
7,5,optimized,,5,0.008244564424495096,0.008244564424495096,MZI20_arm1,current_layer,77,20,1,4.585,4.585,-0.0005094900074408102,False,7,0.1
7,5,optimized,,5,0.008244564424495096,0.008244564424495096,MZI20_arm0,current_layer,81,20,0,1.517,1.517,0.0007397336400428039,False,7,0.1
7,5,optimized,,5,0.008244564424495096,0.008230561858087048,MZI14_arm1,previous_layer_compensation,16,14,1,4.63,4.627072769750723,0.02927230249277284,True,1,0.1
7,5,optimized,,5,0.008230561858087048,0.008183971178923251,MZI15_arm0,previous_layer_compensation,21,15,0,2.362,2.364033518154011,-0.020335181540105947,True,1,0.1
7,5,optimized,,5,0.008183971178923251,0.008107604727858424,MZI15_arm1,previous_layer_compensation,17,15,1,3.724,3.722173382471483,0.01826617528517111,True,1,0.1
7,5,optimized,,5,0.008107604727858424,0.008107604727858424,MZI14_arm0,previous_layer_compensation,20,14,0,3.964,3.964,-0.010745431216876457,False,7,0.1
7,5,optimized,,5,0.008107604727858424,0.008107604727858424,MZI13_arm1,previous_layer_compensation,15,13,1,4.618,4.618,0.015278590273220162,False,7,0.1
7,5,optimized,,5,0.008107604727858424,0.008095018279453237,MZI13_arm0,previous_layer_compensation,19,13,0,3.955,3.9550216745896885,-0.003467934350149298,True,5,0.00625
7,5,optimized,,6,0.008126037166543745,0.008112219154299178,MZI18_arm1,current_layer,79,18,1,4.937,4.93645190576221,0.005480942377899382,True,1,0.1
7,5,optimized,,6,0.008112219154299178,0.008104204193689367,MZI19_arm1,current_layer,78,19,1,4.505,4.504169770040394,0.00830229959605301,True,1,0.1
7,5,optimized,,6,0.008104204193689367,0.008104204193689367,MZI19_arm0,current_layer,82,19,0,3.856,3.856,-0.005133613007440988,False,7,0.1
7,5,optimized,,6,0.008104204193689367,0.008092206677030882,MZI17_arm1,current_layer,80,17,1,3.063,3.0629879837200775,0.00384520957531311,True,6,0.003125
7,5,optimized,,6,0.008092206677030882,0.008092206677030882,MZI18_arm0,current_layer,83,18,0,4.338,4.338,0.0013047653046094013,False,7,0.1
7,5,optimized,,6,0.008092206677030882,0.008092206677030882,MZI17_arm0,current_layer,84,17,0,2.77,2.77,-0.002161051207183807,False,7,0.1
7,5,optimized,,6,0.008092206677030882,0.008092206677030882,MZI20_arm0,current_layer,81,20,0,1.517,1.517,-0.0006900508648328967,False,7,0.1
7,5,optimized,,6,0.008092206677030882,0.008086368784561773,MZI20_arm1,current_layer,77,20,1,4.585,4.5850084842067975,-0.00033936827189638723,True,3,0.025
7,5,optimized,,6,0.008086368784561773,0.008032103192814905,MZI14_arm1,previous_layer_compensation,16,14,1,4.627,4.624872769558333,0.02127230441666776,True,1,0.1
7,5,optimized,,6,0.008032103192814905,0.008027044421789597,MZI15_arm0,previous_layer_compensation,21,15,0,2.364,2.364964298204635,-0.01928596409270273,True,2,0.05
7,5,optimized,,6,0.008027044421789597,0.008027044421789597,MZI15_arm1,previous_layer_compensation,17,15,1,3.722,3.722,0.016776519818174285,False,7,0.1
7,5,optimized,,6,0.008027044421789597,0.008027044421789597,MZI13_arm1,previous_layer_compensation,15,13,1,4.618,4.618,0.016141317416852333,False,7,0.1
7,5,optimized,,6,0.008027044421789597,0.007973734064695665,MZI14_arm0,previous_layer_compensation,20,14,0,3.964,3.964022420351175,-0.007174512376113692,True,6,0.003125
7,5,optimized,,6,0.007973734064695665,0.007973734064695665,MZI13_arm0,previous_layer_compensation,19,13,0,3.955,3.955,-0.002042874568784464,False,7,0.1
7,5,optimized,,7,0.008100138687884452,0.008074467337826439,MZI19_arm1,current_layer,78,19,1,4.504,4.503511047324654,0.0048895267534576885,True,1,0.1
7,5,optimized,,7,0.008074467337826439,0.008074467337826439,MZI18_arm1,current_layer,79,18,1,4.936,4.936,0.0003389102634351086,False,7,0.1
7,5,optimized,,7,0.008074467337826439,0.008042359350620705,MZI19_arm0,current_layer,82,19,0,3.856,3.8564340221364395,-0.004340221364394202,True,1,0.1
7,5,optimized,,7,0.008042359350620705,0.00800636827509545,MZI17_arm1,current_layer,80,17,1,3.063,3.0625730797731805,0.004269202268195219,True,1,0.1
7,5,optimized,,7,0.00800636827509545,0.00800636827509545,MZI17_arm0,current_layer,84,17,0,2.77,2.77,-0.002361313936772309,False,7,0.1
7,5,optimized,,7,0.00800636827509545,0.00800636827509545,MZI18_arm0,current_layer,83,18,0,4.338,4.338,0.003013640608063986,False,7,0.1
7,5,optimized,,7,0.00800636827509545,0.007977729745974146,MZI20_arm0,current_layer,81,20,0,1.517,1.5170048194813532,-0.0007711170165414394,True,5,0.00625
7,5,optimized,,7,0.007977729745974146,0.007977729745974146,MZI20_arm1,current_layer,77,20,1,4.585,4.585,-0.001407667451451444,False,7,0.1
7,5,optimized,,7,0.007977729745974146,0.007977729745974146,MZI14_arm1,previous_layer_compensation,16,14,1,4.625,4.625,0.017768418844982422,False,7,0.1
7,5,optimized,,7,0.007977729745974146,0.007977729745974146,MZI15_arm0,previous_layer_compensation,21,15,0,2.365,2.365,-0.018952752745831178,False,7,0.1
7,5,optimized,,7,0.007977729745974146,0.007977729745974146,MZI15_arm1,previous_layer_compensation,17,15,1,3.722,3.722,0.017170846901674718,False,7,0.1
7,5,optimized,,7,0.007977729745974146,0.007977729745974146,MZI13_arm1,previous_layer_compensation,15,13,1,4.618,4.618,0.01562926315088548,False,7,0.1
7,5,optimized,,7,0.007977729745974146,0.007977729745974146,MZI14_arm0,previous_layer_compensation,20,14,0,3.964,3.964,-0.007052364386318131,False,7,0.1
7,5,optimized,,7,0.007977729745974146,0.007977729745974146,MZI13_arm0,previous_layer_compensation,19,13,0,3.955,3.955,-0.0038591602008309633,False,7,0.1
7,5,optimized,,8,0.008126186462857494,0.00806959301963681,MZI19_arm1,current_layer,78,19,1,4.504,4.503971827420922,0.004507612652381259,True,5,0.00625
7,5,optimized,,8,0.00806959301963681,0.008059054992698161,MZI19_arm0,current_layer,82,19,0,3.856,3.8561056702223406,-0.004226808893634809,True,3,0.025
7,5,optimized,,8,0.008059054992698161,0.008016217117465193,MZI17_arm1,current_layer,80,17,1,3.063,3.0628737606045986,0.005049575816055796,True,3,0.025
7,5,optimized,,8,0.008016217117465193,0.008015327568215925,MZI18_arm0,current_layer,83,18,0,4.338,4.337647130511735,0.003528694882652617,True,1,0.1
7,5,optimized,,8,0.008015327568215925,0.008015327568215925,MZI17_arm0,current_layer,84,17,0,2.77,2.77,-0.003018679797988806,False,7,0.1
7,5,optimized,,8,0.008015327568215925,0.008015327568215925,MZI20_arm1,current_layer,77,20,1,4.585,4.585,-0.00223833482884597,False,7,0.1
7,5,optimized,,8,0.008015327568215925,0.008015327568215925,MZI20_arm0,current_layer,81,20,0,1.517,1.517,0.0011138781618439178,False,7,0.1
7,5,optimized,,8,0.008015327568215925,0.008015327568215925,MZI18_arm1,current_layer,79,18,1,4.936,4.936,-0.00041261769877905263,False,7,0.1
7,5,optimized,,8,0.008015327568215925,0.008015327568215925,MZI15_arm0,previous_layer_compensation,21,15,0,2.365,2.365,-0.018340343964156642,False,7,0.1
7,5,optimized,,8,0.008015327568215925,0.008012270529970644,MZI14_arm1,previous_layer_compensation,16,14,1,4.625,4.623293311649003,0.017066883509969714,True,1,0.1
7,5,optimized,,8,0.008012270529970644,0.007990395638723648,MZI15_arm1,previous_layer_compensation,17,15,1,3.722,3.7201004770127737,0.01899522987226339,True,1,0.1
7,5,optimized,,8,0.007990395638723648,0.00795420681280874,MZI13_arm1,previous_layer_compensation,15,13,1,4.618,4.616239076043538,0.017609239564621494,True,1,0.1
7,5,optimized,,8,0.00795420681280874,0.007909985572053736,MZI14_arm0,previous_layer_compensation,20,14,0,3.964,3.964199097312393,-0.0019909731239287666,True,1,0.1
7,5,optimized,,8,0.007909985572053736,0.007909985572053736,MZI13_arm0,previous_layer_compensation,19,13,0,3.955,3.955,-1.763654080003092,False,7,0.1
7,6,optimized,,0,0.02226320500909304,0.021391513303189474,MZI21_arm0,current_layer,27,21,0,3.189,3.178577253746589,0.10422746253411375,True,1,0.1
7,6,optimized,,0,0.021391513303189474,0.020044682685672933,MZI21_arm1,current_layer,23,21,1,4.296,4.308103295468598,-0.12103295468597469,True,1,0.1
7,6,optimized,,0,0.020044682685672933,0.015642188495400736,MZI22_arm0,current_layer,28,22,0,5.246,5.221896428026663,0.24103571973337287,True,1,0.1
7,6,optimized,,0,0.015642188495400736,0.014661380276397224,MZI22_arm1,current_layer,24,22,1,4.213,4.22286935834793,-0.09869358347929728,True,1,0.1
7,6,optimized,,0,0.014661380276397224,0.014599857263455028,MZI23_arm0,current_layer,29,23,0,4.337,4.338795906785754,-0.01795906785754669,True,1,0.1
7,6,optimized,,0,0.014599857263455028,0.014567179480827966,MZI23_arm1,current_layer,25,23,1,5.038,5.036541714090264,0.014582859097363747,True,1,0.1
7,6,optimized,,0,0.014567179480827966,0.01448483330330177,MZI17_arm0,previous_layer_compensation,84,17,0,2.77,2.7697838571764515,0.0021614282354864393,True,1,0.1
7,6,optimized,,0,0.01448483330330177,0.01448483330330177,MZI17_arm1,previous_layer_compensation,80,17,1,3.063,3.063,0.0036382943409308277,False,7,0.1
7,6,optimized,,0,0.01448483330330177,0.01448483330330177,MZI18_arm0,previous_layer_compensation,83,18,0,4.338,4.338,-0.043251389251717946,False,7,0.1
7,6,optimized,,0,0.01448483330330177,0.01448483330330177,MZI18_arm1,previous_layer_compensation,79,18,1,4.936,4.936,0.03135685974867475,False,7,0.1
7,6,optimized,,0,0.01448483330330177,0.014480013447315079,MZI19_arm0,previous_layer_compensation,82,19,0,3.856,3.8565802252499024,-0.011604504998049051,True,2,0.05
7,6,optimized,,0,0.014480013447315079,0.0144060568289501,MZI19_arm1,previous_layer_compensation,78,19,1,4.504,4.500865956548048,0.0313404345195125,True,1,0.1
7,6,optimized,,0,0.0144060568289501,0.0144060568289501,MZI20_arm0,previous_layer_compensation,81,20,0,1.517,1.517,-0.0048567920914268205,False,7,0.1
7,6,optimized,,0,0.0144060568289501,0.0144060568289501,MZI20_arm1,previous_layer_compensation,77,20,1,4.585,4.585,-0.009740649636023665,False,7,0.1
7,6,optimized,,1,0.014547230428840277,0.013762363623571637,MZI22_arm0,current_layer,28,22,0,5.222,5.21248450867903,0.0951549132097005,True,1,0.1
7,6,optimized,,1,0.013762363623571637,0.012889196343614524,MZI21_arm1,current_layer,23,21,1,4.308,4.317525530192995,-0.09525530192995116,True,1,0.1
7,6,optimized,,1,0.012889196343614524,0.012647145527550167,MZI21_arm0,current_layer,27,21,0,3.179,3.1735996042156542,0.05400395784345411,True,1,0.1
7,6,optimized,,1,0.012647145527550167,0.012514304319066584,MZI22_arm1,current_layer,24,22,1,4.223,4.227194110263995,-0.04194110263995471,True,1,0.1
7,6,optimized,,1,0.012514304319066584,0.012514304319066584,MZI23_arm0,current_layer,29,23,0,4.339,4.339,-0.014126414434984575,False,7,0.1
7,6,optimized,,1,0.012514304319066584,0.012506851460420682,MZI23_arm1,current_layer,25,23,1,5.037,5.036960899750932,0.01251207970175803,True,6,0.003125
7,6,optimized,,1,0.012506851460420682,0.012397160770328855,MZI18_arm0,previous_layer_compensation,83,18,0,4.338,4.341574424615426,-0.03574424615426116,True,1,0.1
7,6,optimized,,1,0.012397160770328855,0.01232569023904995,MZI18_arm1,previous_layer_compensation,79,18,1,4.936,4.9339885827741385,0.020114172258611736,True,1,0.1
7,6,optimized,,1,0.01232569023904995,0.012243819319219555,MZI19_arm1,previous_layer_compensation,78,19,1,4.501,4.498366938272287,0.026330617277131332,True,1,0.1
7,6,optimized,,1,0.012243819319219555,0.01221349081727171,MZI19_arm0,previous_layer_compensation,82,19,0,3.857,3.8558423202414245,0.023153595171515804,True,2,0.05
7,6,optimized,,1,0.01221349081727171,0.01221349081727171,MZI20_arm1,previous_layer_compensation,77,20,1,4.585,4.585,-0.00706508644218015,False,7,0.1
7,6,optimized,,1,0.01221349081727171,0.01221349081727171,MZI20_arm0,previous_layer_compensation,81,20,0,1.517,1.517,-0.0019126162160459474,False,7,0.1
7,6,optimized,,1,0.01221349081727171,0.01221349081727171,MZI17_arm1,previous_layer_compensation,80,17,1,3.063,3.063,0.00371580246651447,False,7,0.1
7,6,optimized,,1,0.01221349081727171,0.01221349081727171,MZI17_arm0,previous_layer_compensation,84,17,0,2.77,2.77,0.0031946148818342746,False,7,0.1
7,6,optimized,,2,0.01229091344442928,0.011994959479983636,MZI21_arm1,current_layer,23,21,1,4.318,4.323895307942422,-0.05895307942422462,True,1,0.1
7,6,optimized,,2,0.011994959479983636,0.011978115411048504,MZI22_arm0,current_layer,28,22,0,5.212,5.20785270262204,0.04147297377960553,True,1,0.1
7,6,optimized,,2,0.011978115411048504,0.011875297327656463,MZI21_arm0,current_layer,27,21,0,3.174,3.170685390922689,0.0331460907731084,True,1,0.1
7,6,optimized,,2,0.011875297327656463,0.011812881356690225,MZI22_arm1,current_layer,24,22,1,4.227,4.229103070866237,-0.021030708662364575,True,1,0.1
7,6,optimized,,2,0.011812881356690225,0.011726002781130061,MZI23_arm0,current_layer,29,23,0,4.339,4.340634238615928,-0.016342386159272318,True,1,0.1
7,6,optimized,,2,0.011726002781130061,0.011653878796636262,MZI23_arm1,current_layer,25,23,1,5.037,5.035661143223363,0.01338856776636501,True,1,0.1
7,6,optimized,,2,0.011653878796636262,0.011628254213204629,MZI18_arm0,previous_layer_compensation,83,18,0,4.342,4.344034971760803,-0.020349717608031438,True,1,0.1
7,6,optimized,,2,0.011628254213204629,0.011501919355574824,MZI19_arm1,previous_layer_compensation,78,19,1,4.498,4.4957992963243525,0.022007036756473395,True,1,0.1
7,6,optimized,,2,0.011501919355574824,0.011477578283335461,MZI19_arm0,previous_layer_compensation,82,19,0,3.856,3.8559336979373837,0.0006630206261615512,True,1,0.1
7,6,optimized,,2,0.011477578283335461,0.011477578283335461,MZI18_arm1,previous_layer_compensation,79,18,1,4.934,4.934,-0.9128331036379309,False,7,0.1
7,6,optimized,,2,0.011477578283335461,0.011477578283335461,MZI20_arm1,previous_layer_compensation,77,20,1,4.585,4.585,-0.006830244794999768,False,7,0.1
7,6,optimized,,2,0.011477578283335461,0.011477578283335461,MZI17_arm1,previous_layer_compensation,80,17,1,3.063,3.063,0.0002679809550886617,False,7,0.1
7,6,optimized,,2,0.011477578283335461,0.011448330806711992,MZI17_arm0,previous_layer_compensation,84,17,0,2.77,2.769982248940132,0.0014200847894582026,True,4,0.0125
7,6,optimized,,2,0.011448330806711992,0.011447711618303623,MZI20_arm0,previous_layer_compensation,81,20,0,1.517,1.5169789480417406,0.00042103916518786106,True,2,0.05
7,6,optimized,,3,0.011519322842853728,0.011419148014740237,MZI21_arm1,current_layer,23,21,1,4.324,4.3283952131669,-0.04395213166899623,True,1,0.1
7,6,optimized,,3,0.011419148014740237,0.011417606320332604,MZI22_arm0,current_layer,28,22,0,5.208,5.207004511641097,0.019909767178055825,True,2,0.05
7,6,optimized,,3,0.011417606320332604,0.011386989617511792,MZI21_arm0,current_layer,27,21,0,3.171,3.168676342685869,0.023236573141309353,True,1,0.1
7,6,optimized,,3,0.011386989617511792,0.011368142093600358,MZI22_arm1,current_layer,24,22,1,4.229,4.230105046695633,-0.011050466956328477,True,1,0.1
7,6,optimized,,3,0.011368142093600358,0.011329602934697024,MZI23_arm0,current_layer,29,23,0,4.341,4.341022940301138,-0.014681792728179098,True,7,0.0015625
7,6,optimized,,3,0.011329602934697024,0.011293625015247286,MZI23_arm1,current_layer,25,23,1,5.036,5.034866720239927,0.011332797600723522,True,1,0.1
7,6,optimized,,3,0.011293625015247286,0.011272105497847839,MZI18_arm1,previous_layer_compensation,79,18,1,4.934,4.933248098522155,0.007519014778455762,True,1,0.1
7,6,optimized,,3,0.011272105497847839,0.011179337020281416,MZI19_arm1,previous_layer_compensation,78,19,1,4.496,4.493909211857142,0.020907881428588723,True,1,0.1
7,6,optimized,,3,0.011179337020281416,0.011137722563067118,MZI18_arm0,previous_layer_compensation,83,18,0,4.344,4.345577067978876,-0.015770679788757194,True,1,0.1
7,6,optimized,,3,0.011137722563067118,0.011079846267704044,MZI20_arm1,previous_layer_compensation,77,20,1,4.585,4.585907301497573,-0.009073014975734801,True,1,0.1
7,6,optimized,,3,0.011079846267704044,0.011079846267704044,MZI17_arm0,previous_layer_compensation,84,17,0,2.77,2.77,0.0005765892825684496,False,7,0.1
7,6,optimized,,3,0.011079846267704044,0.011079846267704044,MZI19_arm0,previous_layer_compensation,82,19,0,3.856,3.856,0.0003287767404681286,False,7,0.1
7,6,optimized,,3,0.011079846267704044,0.011079846267704044,MZI20_arm0,previous_layer_compensation,81,20,0,1.517,1.517,-0.0013865751922725517,False,7,0.1
7,6,optimized,,3,0.011079846267704044,0.011079846267704044,MZI17_arm1,previous_layer_compensation,80,17,1,3.063,3.063,0.0029956699881275124,False,7,0.1
7,6,optimized,,4,0.011121842863989356,0.01103509855063416,MZI21_arm1,current_layer,23,21,1,4.328,4.330029152648203,-0.020291526482030555,True,1,0.1
7,6,optimized,,4,0.01103509855063416,0.01103509855063416,MZI21_arm0,current_layer,27,21,0,3.169,3.169,0.017449396198795656,False,7,0.1
7,6,optimized,,4,0.01103509855063416,0.01103509855063416,MZI22_arm0,current_layer,28,22,0,5.207,5.207,0.012311068747422433,False,7,0.1
7,6,optimized,,4,0.01103509855063416,0.01103509855063416,MZI23_arm0,current_layer,29,23,0,4.341,4.341,-0.013496552940406201,False,7,0.1
7,6,optimized,,4,0.01103509855063416,0.01102299579563505,MZI23_arm1,current_layer,25,23,1,5.035,5.034980440161522,0.012518296625733045,True,7,0.0015625
7,6,optimized,,4,0.01102299579563505,0.01102299579563505,MZI22_arm1,current_layer,24,22,1,4.23,4.23,-0.0073219742126566425,False,7,0.1
7,6,optimized,,4,0.01102299579563505,0.01102299579563505,MZI19_arm1,previous_layer_compensation,78,19,1,4.494,4.494,0.01507902738652844,False,7,0.1
7,6,optimized,,4,0.01102299579563505,0.01102299579563505,MZI18_arm0,previous_layer_compensation,83,18,0,4.346,4.346,-0.010760406745939612,False,7,0.1
7,6,optimized,,4,0.01102299579563505,0.01102299579563505,MZI20_arm1,previous_layer_compensation,77,20,1,4.586,4.586,-0.00733778195441688,False,7,0.1
7,6,optimized,,4,0.01102299579563505,0.010545582131593425,MZI18_arm1,previous_layer_compensation,79,18,1,4.933,4.9329968340004,0.002026239743946291,True,7,0.0015625
7,6,optimized,,4,0.010545582131593425,0.010545582131593425,MZI17_arm1,previous_layer_compensation,80,17,1,3.063,3.063,0.004737729938920688,False,7,0.1
7,6,optimized,,4,0.010545582131593425,0.010545582131593425,MZI20_arm0,previous_layer_compensation,81,20,0,1.517,1.517,4.711766293569007,False,7,0.1
7,6,optimized,,4,0.010545582131593425,0.010545582131593425,MZI17_arm0,previous_layer_compensation,84,17,0,2.77,2.77,0.0021084155636086673,False,7,0.1
7,6,optimized,,4,0.010545582131593425,0.010545582131593425,MZI19_arm0,previous_layer_compensation,82,19,0,3.856,3.856,0.002080574852862626,False,7,0.1
7,6,optimized,,5,0.011050309132309135,0.011050309132309135,MZI21_arm1,current_layer,23,21,1,4.33,4.33,-0.02746411016504725,False,7,0.1
7,6,optimized,,5,0.011050309132309135,0.011050309132309135,MZI21_arm0,current_layer,27,21,0,3.169,3.169,0.020002622674741087,False,7,0.1
7,6,optimized,,5,0.011050309132309135,0.011002950010999338,MZI23_arm0,current_layer,29,23,0,4.341,4.341319186096369,-0.012767443854731136,True,3,0.025
7,6,optimized,,5,0.011002950010999338,0.011002950010999338,MZI23_arm1,current_layer,25,23,1,5.035,5.035,0.01052302264367635,False,7,0.1
7,6,optimized,,5,0.011002950010999338,0.011002950010999338,MZI22_arm0,current_layer,28,22,0,5.207,5.207,0.00946308111022829,False,7,0.1
7,6,optimized,,5,0.011002950010999338,0.011002950010999338,MZI22_arm1,current_layer,24,22,1,4.23,4.23,-0.011457358337378161,False,7,0.1
7,6,optimized,,5,0.011002950010999338,0.011002950010999338,MZI20_arm0,previous_layer_compensation,81,20,0,1.517,1.517,-0.0008966943711364697,False,7,0.1
7,6,optimized,,5,0.011002950010999338,0.011002950010999338,MZI19_arm1,previous_layer_compensation,78,19,1,4.494,4.494,0.015064179628839214,False,7,0.1
7,6,optimized,,5,0.011002950010999338,0.011002950010999338,MZI18_arm0,previous_layer_compensation,83,18,0,4.346,4.346,-0.008580541323615761,False,7,0.1
7,6,optimized,,5,0.011002950010999338,0.010996705953059642,MZI20_arm1,previous_layer_compensation,77,20,1,4.586,4.586020235176239,-0.006475256396409767,True,6,0.003125
7,6,optimized,,5,0.010996705953059642,0.010996705953059642,MZI17_arm1,previous_layer_compensation,80,17,1,3.063,3.063,0.0015856705058591648,False,7,0.1
7,6,optimized,,5,0.010996705953059642,0.010996705953059642,MZI17_arm0,previous_layer_compensation,84,17,0,2.77,2.77,-0.0008734861292432158,False,7,0.1
7,6,optimized,,5,0.010996705953059642,0.010996705953059642,MZI19_arm0,previous_layer_compensation,82,19,0,3.856,3.856,-0.0006291676272504853,False,7,0.1
7,6,optimized,,5,0.010996705953059642,0.010996705953059642,MZI18_arm1,previous_layer_compensation,79,18,1,4.933,4.933,4.0319779829766325e-05,False,7,0.1
7,6,optimized,,6,0.011070589235120663,0.011070589235120663,MZI21_arm1,current_layer,23,21,1,4.33,4.33,-0.028195109695798967,False,7,0.1
7,6,optimized,,6,0.011070589235120663,0.011070589235120663,MZI21_arm0,current_layer,27,21,0,3.169,3.169,0.021742442238173346,False,7,0.1
7,6,optimized,,6,0.011070589235120663,0.011013682883576598,MZI23_arm0,current_layer,29,23,0,4.341,4.34160872661988,-0.01217453239758348,True,2,0.05
7,6,optimized,,6,0.011013682883576598,0.010962110385237013,MZI22_arm1,current_layer,24,22,1,4.23,4.230788498116594,-0.007884981165936876,True,1,0.1
7,6,optimized,,6,0.010962110385237013,0.010962110385237013,MZI23_arm1,current_layer,25,23,1,5.035,5.035,0.010055677692429736,False,7,0.1
7,6,optimized,,6,0.010962110385237013,0.010962110385237013,MZI22_arm0,current_layer,28,22,0,5.207,5.207,0.010765558735235645,False,7,0.1
7,6,optimized,,6,0.010962110385237013,0.010962110385237013,MZI19_arm1,previous_layer_compensation,78,19,1,4.494,4.494,0.01685161462901603,False,7,0.1
7,6,optimized,,6,0.010962110385237013,0.010962110385237013,MZI18_arm0,previous_layer_compensation,83,18,0,4.346,4.346,-0.02117184040439613,False,7,0.1
7,6,optimized,,6,0.010962110385237013,0.010962110385237013,MZI20_arm1,previous_layer_compensation,77,20,1,4.586,4.586,-0.006974264878317474,False,7,0.1
7,6,optimized,,6,0.010962110385237013,0.010962110385237013,MZI17_arm1,previous_layer_compensation,80,17,1,3.063,3.063,0.002065597454194372,False,7,0.1
7,6,optimized,,6,0.010962110385237013,0.010962110385237013,MZI20_arm0,previous_layer_compensation,81,20,0,1.517,1.517,-0.001971861606094763,False,7,0.1
7,6,optimized,,6,0.010962110385237013,0.010962110385237013,MZI17_arm0,previous_layer_compensation,84,17,0,2.77,2.77,0.002249706658461303,False,7,0.1
7,6,optimized,,6,0.010962110385237013,0.010962110385237013,MZI19_arm0,previous_layer_compensation,82,19,0,3.856,3.856,-0.0004339417212886536,False,7,0.1
7,6,optimized,,6,0.010962110385237013,0.010962110385237013,MZI18_arm1,previous_layer_compensation,79,18,1,4.933,4.933,-0.0028484647036749935,False,7,0.1
7,6,optimized,,7,0.01114735875490292,0.01102269812915662,MZI21_arm1,current_layer,23,21,1,4.33,4.332417853381867,-0.024178533818665443,True,1,0.1
7,6,optimized,,7,0.01102269812915662,0.01093780630258947,MZI21_arm0,current_layer,27,21,0,3.169,3.167410503351857,0.01589496648143313,True,1,0.1
7,6,optimized,,7,0.01093780630258947,0.010934011357374642,MZI23_arm0,current_layer,29,23,0,4.342,4.343307107551337,-0.013071075513376693,True,1,0.1
7,6,optimized,,7,0.010934011357374642,0.010890686768422945,MZI22_arm0,current_layer,28,22,0,5.207,5.205887627541,0.011123724589993922,True,1,0.1
7,6,optimized,,7,0.010890686768422945,0.010890686768422945,MZI23_arm1,current_layer,25,23,1,5.035,5.035,0.011298831320950161,False,7,0.1
7,6,optimized,,7,0.010890686768422945,0.010890686768422945,MZI22_arm1,current_layer,24,22,1,4.231,4.231,-0.004111876502427932,False,7,0.1
7,6,optimized,,7,0.010890686768422945,0.010874532754709185,MZI18_arm0,previous_layer_compensation,83,18,0,4.346,4.346230119517581,-0.009204780703227071,True,3,0.025
7,6,optimized,,7,0.010874532754709185,0.010864286049258544,MZI19_arm1,previous_layer_compensation,78,19,1,4.494,4.49230013513586,0.016998648641401815,True,1,0.1
7,6,optimized,,7,0.010864286049258544,0.010864286049258544,MZI20_arm1,previous_layer_compensation,77,20,1,4.586,4.586,-0.006561412941342828,False,7,0.1
7,6,optimized,,7,0.010864286049258544,0.010864286049258544,MZI18_arm1,previous_layer_compensation,79,18,1,4.933,4.933,0.0020319069312605114,False,7,0.1
7,6,optimized,,7,0.010864286049258544,0.010855272876982508,MZI17_arm0,previous_layer_compensation,84,17,0,2.77,2.769955329094093,0.003573672472573314,True,4,0.0125
7,6,optimized,,7,0.010855272876982508,0.010848215697976978,MZI17_arm1,previous_layer_compensation,80,17,1,3.063,3.0627361619283744,0.0026383807162582893,True,1,0.1
7,6,optimized,,7,0.010848215697976978,0.010848215697976978,MZI20_arm0,previous_layer_compensation,81,20,0,1.517,1.517,-0.00428409618664616,False,7,0.1
7,6,optimized,,7,0.010848215697976978,0.010848215697976978,MZI19_arm0,previous_layer_compensation,82,19,0,3.856,3.856,0.005003045767713568,False,7,0.1
7,6,optimized,,8,0.010910903195477372,0.01086654833897329,MZI21_arm1,current_layer,23,21,1,4.332,4.333874069028607,-0.018740690286063594,True,1,0.1
7,6,optimized,,8,0.01086654833897329,0.010842484722045822,MZI21_arm0,current_layer,27,21,0,3.167,3.165914866003083,0.010851339969167264,True,1,0.1
7,6,optimized,,8,0.010842484722045822,0.010842484722045822,MZI23_arm0,current_layer,29,23,0,4.343,4.343,-0.01129147705736585,False,7,0.1
7,6,optimized,,8,0.010842484722045822,0.010797866989030552,MZI23_arm1,current_layer,25,23,1,5.035,5.0349812347333565,0.012009770651933822,True,7,0.0015625
7,6,optimized,,8,0.010797866989030552,0.010791875145292654,MZI22_arm0,current_layer,28,22,0,5.206,5.205672078069644,0.0032792193035606665,True,1,0.1
7,6,optimized,,8,0.010791875145292654,0.010788710351479937,MZI22_arm1,current_layer,24,22,1,4.231,4.2310283013905305,-0.0005660278106212872,True,2,0.05
7,6,optimized,,8,0.010788710351479937,0.010788710351479937,MZI19_arm1,previous_layer_compensation,78,19,1,4.492,4.492,0.012343711259834746,False,7,0.1
7,6,optimized,,8,0.010788710351479937,0.010788710351479937,MZI18_arm0,previous_layer_compensation,83,18,0,4.346,4.346,-0.009011171188955523,False,7,0.1
7,6,optimized,,8,0.010788710351479937,0.010780470553982792,MZI20_arm1,previous_layer_compensation,77,20,1,4.586,4.586350460369998,-0.007009207399947981,True,2,0.05
7,6,optimized,,8,0.010780470553982792,0.010780470553982792,MZI19_arm0,previous_layer_compensation,82,19,0,3.856,3.856,0.0023598343832057964,False,7,0.1
7,6,optimized,,8,0.010780470553982792,0.010780470553982792,MZI20_arm0,previous_layer_compensation,81,20,0,1.517,1.517,-0.0028622873677423633,False,7,0.1
7,6,optimized,,8,0.010780470553982792,0.010755487986070797,MZI17_arm0,previous_layer_compensation,84,17,0,2.77,2.769999400389908,0.0003837504586184055,True,7,0.0015625
7,6,optimized,,8,0.010755487986070797,0.010755487986070797,MZI17_arm1,previous_layer_compensation,80,17,1,3.063,3.063,0.001960302043581316,False,7,0.1
7,6,optimized,,8,0.010755487986070797,0.010755487986070797,MZI18_arm1,previous_layer_compensation,79,18,1,4.933,4.933,-0.0003302650015364687,False,7,0.1
7,6,optimized,,9,0.010877207829324026,0.010829614148418624,MZI21_arm1,current_layer,23,21,1,4.334,4.335398893296362,-0.013988932963617836,True,1,0.1
7,6,optimized,,9,0.010829614148418624,0.01082840638115073,MZI23_arm1,current_layer,25,23,1,5.035,5.033649880514623,0.013501194853772996,True,1,0.1
7,6,optimized,,9,0.01082840638115073,0.010690666789355836,MZI23_arm0,current_layer,29,23,0,4.343,4.344231234179552,-0.012312341795517238,True,1,0.1
7,6,optimized,,9,0.010690666789355836,0.010690666789355836,MZI21_arm0,current_layer,27,21,0,3.166,3.166,0.008493662171762206,False,7,0.1
7,6,optimized,,9,0.010690666789355836,0.010690666789355836,MZI22_arm0,current_layer,28,22,0,5.206,5.206,0.005567255023122125,False,7,0.1
7,6,optimized,,9,0.010690666789355836,0.010690666789355836,MZI22_arm1,current_layer,24,22,1,4.231,4.231,-0.0016707489491960695,False,7,0.1
7,6,optimized,,9,0.010690666789355836,0.010690666789355836,MZI19_arm1,previous_layer_compensation,78,19,1,4.492,4.492,0.013768402957568761,False,7,0.1
7,6,optimized,,9,0.010690666789355836,0.010690666789355836,MZI18_arm0,previous_layer_compensation,83,18,0,4.346,4.346,-0.008868762033316786,False,7,0.1
7,6,optimized,,9,0.010690666789355836,0.010690666789355836,MZI20_arm1,previous_layer_compensation,77,20,1,4.586,4.586,-0.009038329987672507,False,7,0.1
7,6,optimized,,9,0.010690666789355836,0.010690666789355836,MZI20_arm0,previous_layer_compensation,81,20,0,1.517,1.517,-0.002372244355674242,False,7,0.1
7,6,optimized,,9,0.010690666789355836,0.010690666789355836,MZI19_arm0,previous_layer_compensation,82,19,0,3.856,3.856,0.003073117636442433,False,7,0.1
7,6,optimized,,9,0.010690666789355836,0.010690666789355836,MZI17_arm1,previous_layer_compensation,80,17,1,3.063,3.063,0.0023168399433310684,False,7,0.1
7,6,optimized,,9,0.010690666789355836,0.010690666789355836,MZI17_arm0,previous_layer_compensation,84,17,0,2.77,2.77,0.001256338427115801,False,7,0.1
7,6,optimized,,9,0.010690666789355836,0.010690666789355836,MZI18_arm1,previous_layer_compensation,79,18,1,4.933,4.933,-0.000437641323444193,False,7,0.1
7,6,optimized,,10,0.0109392544505398,0.010800227542106354,MZI21_arm1,current_layer,23,21,1,4.335,4.336467973419115,-0.01467973419114586,True,1,0.1
7,6,optimized,,10,0.010800227542106354,0.010774006836053528,MZI23_arm1,current_layer,25,23,1,5.034,5.032971260321447,0.010287396785526239,True,1,0.1
7,6,optimized,,10,0.010774006836053528,0.010750537801214854,MZI23_arm0,current_layer,29,23,0,4.344,4.34494265898145,-0.009426589814500792,True,1,0.1
7,6,optimized,,10,0.010750537801214854,0.01074941517329324,MZI21_arm0,current_layer,27,21,0,3.166,3.165267964156732,0.007320358432680735,True,1,0.1
7,6,optimized,,10,0.01074941517329324,0.010719886964030386,MZI22_arm0,current_layer,28,22,0,5.206,5.205626262095866,0.003737379041344106,True,1,0.1
7,6,optimized,,10,0.010719886964030386,0.010719886964030386,MZI22_arm1,current_layer,24,22,1,4.231,4.231,-0.0023547190010900377,False,7,0.1
7,6,optimized,,10,0.010719886964030386,0.010719886964030386,MZI19_arm1,previous_layer_compensation,78,19,1,4.492,4.492,0.013606545906721324,False,7,0.1
7,6,optimized,,10,0.010719886964030386,0.010708424358258141,MZI20_arm1,previous_layer_compensation,77,20,1,4.586,4.586019635156465,-0.006283250068519524,True,6,0.003125
7,6,optimized,,10,0.010708424358258141,0.010708424358258141,MZI18_arm0,previous_layer_compensation,83,18,0,4.346,4.346,-0.00995441135435478,False,7,0.1
7,6,optimized,,10,0.010708424358258141,0.010708424358258141,MZI19_arm0,previous_layer_compensation,82,19,0,3.856,3.856,0.0027990750122082785,False,7,0.1
7,6,optimized,,10,0.010708424358258141,0.010701374851327891,MZI20_arm0,previous_layer_compensation,81,20,0,1.517,1.5172331482096928,-0.0023314820969293367,True,1,0.1
7,6,optimized,,10,0.010701374851327891,0.010671103529370217,MZI17_arm1,previous_layer_compensation,80,17,1,3.063,3.0629889568283755,0.0008834537299715661,True,4,0.0125
7,6,optimized,,10,0.010671103529370217,0.010671103529370217,MZI17_arm0,previous_layer_compensation,84,17,0,2.77,2.77,-0.0014649362774837326,False,7,0.1
7,6,optimized,,10,0.010671103529370217,0.010671103529370217,MZI18_arm1,previous_layer_compensation,79,18,1,4.933,4.933,-0.0036370795236820726,False,7,0.1
7,7,optimized,,0,0.012760331623111541,0.012687535715486647,MZI25_arm0,current_layer,100,25,0,2.709,2.708986084457712,0.0005566216915347475,True,3,0.025
7,7,optimized,,0,0.012687535715486647,0.012687535715486647,MZI25_arm1,current_layer,104,25,1,3.02,3.02,0.004883359166098305,False,7,0.1
7,7,optimized,,0,0.012687535715486647,0.012687535715486647,MZI26_arm0,current_layer,99,26,0,3.823,3.823,-0.010423654879864247,False,7,0.1
7,7,optimized,,0,0.012687535715486647,0.012687535715486647,MZI26_arm1,current_layer,103,26,1,4.595,4.595,0.01658564897689115,False,7,0.1
7,7,optimized,,0,0.012687535715486647,0.012687535715486647,MZI27_arm0,current_layer,102,27,0,3.797,3.797,0.019839467356424778,False,7,0.1
7,7,optimized,,0,0.012687535715486647,0.012687535715486647,MZI27_arm1,current_layer,98,27,1,4.083,4.083,-0.018786750753521618,False,7,0.1
7,7,optimized,,0,0.012687535715486647,0.012687535715486647,MZI28_arm0,current_layer,101,28,0,2.478,2.478,-0.0028151443902488657,False,7,0.1
7,7,optimized,,0,0.012687535715486647,0.012687535715486647,MZI28_arm1,current_layer,97,28,1,4.936,4.936,0.0032900252167328723,False,7,0.1
7,7,optimized,,0,0.012687535715486647,0.012687535715486647,MZI21_arm0,previous_layer_compensation,27,21,0,3.165,3.165,0.01120211664958872,False,7,0.1
7,7,optimized,,0,0.012687535715486647,0.012687535715486647,MZI21_arm1,previous_layer_compensation,23,21,1,4.336,4.336,-0.008104956196671375,False,7,0.1
7,7,optimized,,0,0.012687535715486647,0.012687535715486647,MZI22_arm0,previous_layer_compensation,28,22,0,5.206,5.206,-0.023769251785798105,False,7,0.1
7,7,optimized,,0,0.012687535715486647,0.012687535715486647,MZI22_arm1,previous_layer_compensation,24,22,1,4.231,4.231,0.019586018399090563,False,7,0.1
7,7,optimized,,0,0.012687535715486647,0.012687535715486647,MZI23_arm0,previous_layer_compensation,29,23,0,4.345,4.345,-0.03213115325207083,False,7,0.1
7,7,optimized,,0,0.012687535715486647,0.012686382267216923,MZI23_arm1,previous_layer_compensation,25,23,1,5.033,5.030911989038066,0.04176021923868311,True,2,0.05
7,7,optimized,,1,0.012730394300371118,0.012665135168991707,MZI27_arm0,current_layer,102,27,0,3.797,3.7951805926065663,0.018194073934338258,True,1,0.1
7,7,optimized,,1,0.012665135168991707,0.012665135168991707,MZI27_arm1,current_layer,98,27,1,4.083,4.083,-0.01857884970741498,False,7,0.1
7,7,optimized,,1,0.012665135168991707,0.012635313227180502,MZI26_arm1,current_layer,103,26,1,4.595,4.5945607505186405,0.01756997925437016,True,3,0.025
7,7,optimized,,1,0.012635313227180502,0.012635313227180502,MZI26_arm0,current_layer,99,26,0,3.823,3.823,-0.006086872412571935,False,7,0.1
7,7,optimized,,1,0.012635313227180502,0.012635313227180502,MZI25_arm1,current_layer,104,25,1,3.02,3.02,0.004186877292675688,False,7,0.1
7,7,optimized,,1,0.012635313227180502,0.012635313227180502,MZI28_arm1,current_layer,97,28,1,4.936,4.936,0.005225580621236032,False,7,0.1
7,7,optimized,,1,0.012635313227180502,0.012608270698425334,MZI28_arm0,current_layer,101,28,0,2.478,2.4780555614999527,-0.004444919996199506,True,4,0.0125
7,7,optimized,,1,0.012608270698425334,0.012603971012138619,MZI25_arm0,current_layer,100,25,0,2.709,2.709237453856483,-0.0023745385648307033,True,1,0.1
7,7,optimized,,1,0.012603971012138619,0.012560252419632503,MZI23_arm1,previous_layer_compensation,25,23,1,5.031,5.027313820992792,0.03686179007207258,True,1,0.1
7,7,optimized,,1,0.012560252419632503,0.012541903914206233,MZI23_arm0,previous_layer_compensation,29,23,0,4.345,4.345741915969644,-0.029676638785791094,True,3,0.025
7,7,optimized,,1,0.012541903914206233,0.012513105446902085,MZI22_arm0,previous_layer_compensation,28,22,0,5.206,5.2060894317926305,-0.0286181736416652,True,6,0.003125
7,7,optimized,,1,0.012513105446902085,0.01247039162678876,MZI22_arm1,previous_layer_compensation,24,22,1,4.231,4.228697439794115,0.0230256020588422,True,1,0.1
7,7,optimized,,1,0.01247039162678876,0.012333385308005344,MZI21_arm0,previous_layer_compensation,27,21,0,3.165,3.1639636125569637,0.01036387443036274,True,1,0.1
7,7,optimized,,1,0.012333385308005344,0.012333385308005344,MZI21_arm1,previous_layer_compensation,23,21,1,4.336,4.336,-0.010464845731303575,False,7,0.1
7,7,optimized,,2,0.012486033345558051,0.012460433266926743,MZI27_arm1,current_layer,98,27,1,4.083,4.08312765753367,-0.020425205387194667,True,5,0.00625
7,7,optimized,,2,0.012460433266926743,0.012413087274658476,MZI27_arm0,current_layer,102,27,0,3.795,3.7940192912059345,0.019614175881305772,True,2,0.05
7,7,optimized,,2,0.012413087274658476,0.012348736462050468,MZI26_arm1,current_layer,103,26,1,4.595,4.594955198145695,0.014336593377517255,True,6,0.003125
7,7,optimized,,2,0.012348736462050468,0.012348736462050468,MZI26_arm0,current_layer,99,26,0,3.823,3.823,4.592109328368296,False,7,0.1
7,7,optimized,,2,0.012348736462050468,0.012348736462050468,MZI28_arm1,current_layer,97,28,1,4.936,4.936,0.006898328606624064,False,7,0.1
7,7,optimized,,2,0.012348736462050468,0.012348736462050468,MZI28_arm0,current_layer,101,28,0,2.478,2.478,-0.001662869367079904,False,7,0.1
7,7,optimized,,2,0.012348736462050468,0.012348736462050468,MZI25_arm1,current_layer,104,25,1,3.02,3.02,0.002668153852182669,False,7,0.1
7,7,optimized,,2,0.012348736462050468,0.012348736462050468,MZI25_arm0,current_layer,100,25,0,2.709,2.709,-0.0011450363857063047,False,7,0.1
7,7,optimized,,2,0.012348736462050468,0.012336237704452559,MZI23_arm1,previous_layer_compensation,25,23,1,5.027,5.026786679990721,0.03413120148458574,True,5,0.00625
7,7,optimized,,2,0.012336237704452559,0.012313397003357726,MZI23_arm0,previous_layer_compensation,29,23,0,4.346,4.348571178643599,-0.025711786435989453,True,1,0.1
7,7,optimized,,2,0.012313397003357726,0.012272671565387144,MZI22_arm0,previous_layer_compensation,28,22,0,5.206,5.206884112822633,-0.01768225645263822,True,2,0.05
7,7,optimized,,2,0.012272671565387144,0.012272671565387144,MZI22_arm1,previous_layer_compensation,24,22,1,4.229,4.229,0.012917788721537106,False,7,0.1
7,7,optimized,,2,0.012272671565387144,0.012272671565387144,MZI21_arm1,previous_layer_compensation,23,21,1,4.336,4.336,0.0023568253015618795,False,7,0.1
7,7,optimized,,2,0.012272671565387144,0.012238530638923491,MZI21_arm0,previous_layer_compensation,27,21,0,3.164,3.1633775467783054,0.012449064433893334,True,2,0.05
7,7,optimized,,3,0.012239586707476177,0.012239586707476177,MZI26_arm0,current_layer,99,26,0,3.823,3.823,-0.01365211502727374,False,7,0.1
7,7,optimized,,3,0.012239586707476177,0.012239586707476177,MZI27_arm1,current_layer,98,27,1,4.083,4.083,-0.019654357463033446,False,7,0.1
7,7,optimized,,3,0.012239586707476177,0.012239586707476177,MZI27_arm0,current_layer,102,27,0,3.794,3.794,0.01607653719539677,False,7,0.1
7,7,optimized,,3,0.012239586707476177,0.012239586707476177,MZI26_arm1,current_layer,103,26,1,4.595,4.595,0.013304849262096007,False,7,0.1
7,7,optimized,,3,0.012239586707476177,0.012239586707476177,MZI28_arm1,current_layer,97,28,1,4.936,4.936,0.004894582171597701,False,7,0.1
7,7,optimized,,3,0.012239586707476177,0.012239586707476177,MZI25_arm1,current_layer,104,25,1,3.02,3.02,0.005097544842461899,False,7,0.1
7,7,optimized,,3,0.012239586707476177,0.012239586707476177,MZI28_arm0,current_layer,101,28,0,2.478,2.478,-0.0032912699683596146,False,7,0.1
7,7,optimized,,3,0.012239586707476177,0.012239586707476177,MZI25_arm0,current_layer,100,25,0,2.709,2.709,-0.001982495256914062,False,7,0.1
7,7,optimized,,3,0.012239586707476177,0.012145438698433188,MZI23_arm1,previous_layer_compensation,25,23,1,5.027,5.024036922789804,0.029630772101956634,True,1,0.1
7,7,optimized,,3,0.012145438698433188,0.012144192279615664,MZI23_arm0,previous_layer_compensation,29,23,0,4.349,4.349621103581594,-0.024844143263763573,True,3,0.025
7,7,optimized,,3,0.012144192279615664,0.012067375289597093,MZI22_arm0,previous_layer_compensation,28,22,0,5.207,5.208655920863229,-0.01655920863228942,True,1,0.1
7,7,optimized,,3,0.012067375289597093,0.012067375289597093,MZI22_arm1,previous_layer_compensation,24,22,1,4.229,4.229,0.008001568154295367,False,7,0.1
7,7,optimized,,3,0.012067375289597093,0.012067375289597093,MZI21_arm0,previous_layer_compensation,27,21,0,3.163,3.163,0.008484491497373098,False,7,0.1
7,7,optimized,,3,0.012067375289597093,0.012058493495757912,MZI21_arm1,previous_layer_compensation,23,21,1,4.336,4.33610799151759,-0.008639321407199172,True,4,0.0125
7,7,optimized,,4,0.012313287671982472,0.012176420847693829,MZI27_arm1,current_layer,98,27,1,4.083,4.084847453092103,-0.01847453092103111,True,1,0.1
7,7,optimized,,4,0.012176420847693829,0.012082912891553275,MZI27_arm0,current_layer,102,27,0,3.794,3.7922519002217396,0.01748099778260324,True,1,0.1
7,7,optimized,,4,0.012082912891553275,0.012058274628158748,MZI26_arm0,current_layer,99,26,0,3.823,3.8237283169105076,-0.007283169105078184,True,1,0.1
7,7,optimized,,4,0.012058274628158748,0.011980393393148325,MZI26_arm1,current_layer,103,26,1,4.595,4.594241056528028,0.015178869439443314,True,2,0.05
7,7,optimized,,4,0.011980393393148325,0.011967323110633867,MZI25_arm1,current_layer,104,25,1,3.02,3.0199516621708207,0.003867026334356153,True,4,0.0125
7,7,optimized,,4,0.011967323110633867,0.011967323110633867,MZI28_arm1,current_layer,97,28,1,4.936,4.936,0.005807212586746499,False,7,0.1
7,7,optimized,,4,0.011967323110633867,0.011967323110633867,MZI28_arm0,current_layer,101,28,0,2.478,2.478,-0.0026616627679617168,False,7,0.1
7,7,optimized,,4,0.011967323110633867,0.011967323110633867,MZI25_arm0,current_layer,100,25,0,2.709,2.709,-0.003710145936898975,False,7,0.1
7,7,optimized,,4,0.011967323110633867,0.011963393672057182,MZI23_arm1,previous_layer_compensation,25,23,1,5.024,5.022418668919842,0.031626621603155006,True,2,0.05
7,7,optimized,,4,0.011963393672057182,0.011963393672057182,MZI23_arm0,previous_layer_compensation,29,23,0,4.35,4.35,-0.019224066412316138,False,7,0.1
7,7,optimized,,4,0.011963393672057182,0.011943873069597644,MZI22_arm0,previous_layer_compensation,28,22,0,5.209,5.209035731551238,-0.01143409639647413,True,6,0.003125
7,7,optimized,,4,0.011943873069597644,0.011909249152598759,MZI21_arm1,previous_layer_compensation,23,21,1,4.336,4.3361978702463935,-0.007914809855728839,True,3,0.025
7,7,optimized,,4,0.011909249152598759,0.011909249152598759,MZI21_arm0,previous_layer_compensation,27,21,0,3.163,3.163,0.008929491437693407,False,7,0.1
7,7,optimized,,4,0.011909249152598759,0.011905375803221322,MZI22_arm1,previous_layer_compensation,24,22,1,4.229,4.228946314820976,0.03435851457540503,True,7,0.0015625
7,7,optimized,,5,0.011944827709473969,0.011834691161774375,MZI27_arm1,current_layer,98,27,1,4.085,4.086666916950472,-0.016669169504720655,True,1,0.1
7,7,optimized,,5,0.011834691161774375,0.011802437307111854,MZI27_arm0,current_layer,102,27,0,3.792,3.7910817504691914,0.018364990616167517,True,2,0.05
7,7,optimized,,5,0.011802437307111854,0.011802437307111854,MZI26_arm1,current_layer,103,26,1,4.594,4.594,0.013091748140057707,False,7,0.1
7,7,optimized,,5,0.011802437307111854,0.011802437307111854,MZI26_arm0,current_layer,99,26,0,3.824,3.824,-0.008071886258940567,False,7,0.1
7,7,optimized,,5,0.011802437307111854,0.011802437307111854,MZI28_arm1,current_layer,97,28,1,4.936,4.936,0.0051744048195813295,False,7,0.1
7,7,optimized,,5,0.011802437307111854,0.011802437307111854,MZI25_arm1,current_layer,104,25,1,3.02,3.02,0.0028764558224443773,False,7,0.1
7,7,optimized,,5,0.011802437307111854,0.011802437307111854,MZI25_arm0,current_layer,100,25,0,2.709,2.709,-0.0005740896404606959,False,7,0.1
7,7,optimized,,5,0.011802437307111854,0.011765756944581224,MZI28_arm0,current_layer,101,28,0,2.478,2.478048812702082,-0.0019525080832670239,True,3,0.025
7,7,optimized,,5,0.011765756944581224,0.011765756944581224,MZI22_arm1,previous_layer_compensation,24,22,1,4.229,4.229,0.010976139780912164,False,7,0.1
7,7,optimized,,5,0.011765756944581224,0.011765756944581224,MZI23_arm1,previous_layer_compensation,25,23,1,5.022,5.022,0.0249398169827921,False,7,0.1
7,7,optimized,,5,0.011765756944581224,0.011765756944581224,MZI23_arm0,previous_layer_compensation,29,23,0,4.35,4.35,-0.02309326274897275,False,7,0.1
7,7,optimized,,5,0.011765756944581224,0.011765756944581224,MZI22_arm0,previous_layer_compensation,28,22,0,5.209,5.209,-0.07680664192141216,False,7,0.1
7,7,optimized,,5,0.011765756944581224,0.011765756944581224,MZI21_arm0,previous_layer_compensation,27,21,0,3.163,3.163,0.012187747896662954,False,7,0.1
7,7,optimized,,5,0.011765756944581224,0.011765155605202828,MZI21_arm1,previous_layer_compensation,23,21,1,4.336,4.336923759769689,-0.00923759769688173,True,1,0.1
7,7,optimized,,6,0.011820222567557132,0.011792041010108431,MZI27_arm0,current_layer,102,27,0,3.791,3.7892327205868215,0.01767279413178566,True,1,0.1
7,7,optimized,,6,0.011792041010108431,0.011770892723336373,MZI27_arm1,current_layer,98,27,1,4.087,4.087425160725377,-0.01700642901508789,True,3,0.025
7,7,optimized,,6,0.011770892723336373,0.01171127373338785,MZI26_arm1,current_layer,103,26,1,4.594,4.593453370548449,0.010932589031028134,True,2,0.05
7,7,optimized,,6,0.01171127373338785,0.01171127373338785,MZI26_arm0,current_layer,99,26,0,3.824,3.824,-0.007261396387857847,False,7,0.1
7,7,optimized,,6,0.01171127373338785,0.011705975602809615,MZI28_arm1,current_layer,97,28,1,4.936,4.93599170129477,0.005311171347074955,True,7,0.0015625
7,7,optimized,,6,0.011705975602809615,0.011614832132407856,MZI25_arm1,current_layer,104,25,1,3.02,3.019622875962688,0.003771240373120259,True,1,0.1
7,7,optimized,,6,0.011614832132407856,0.011614832132407856,MZI28_arm0,current_layer,101,28,0,2.478,2.478,-0.0014492378798125296,False,7,0.1
7,7,optimized,,6,0.011614832132407856,0.011614832132407856,MZI25_arm0,current_layer,100,25,0,2.709,2.709,0.0005449664263534183,False,7,0.1
7,7,optimized,,6,0.011614832132407856,0.011614832132407856,MZI22_arm0,previous_layer_compensation,28,22,0,5.209,5.209,-0.0059271449614098585,False,7,0.1
7,7,optimized,,6,0.011614832132407856,0.011614832132407856,MZI23_arm1,previous_layer_compensation,25,23,1,5.022,5.022,0.026785574059880978,False,7,0.1
7,7,optimized,,6,0.011614832132407856,0.011614832132407856,MZI23_arm0,previous_layer_compensation,29,23,0,4.35,4.35,-0.024977144197690287,False,7,0.1
7,7,optimized,,6,0.011614832132407856,0.011614832132407856,MZI21_arm0,previous_layer_compensation,27,21,0,3.163,3.163,0.010953481682010201,False,7,0.1
7,7,optimized,,6,0.011614832132407856,0.011614832132407856,MZI22_arm1,previous_layer_compensation,24,22,1,4.229,4.229,0.010995073572743026,False,7,0.1
7,7,optimized,,6,0.011614832132407856,0.011614832132407856,MZI21_arm1,previous_layer_compensation,23,21,1,4.337,4.337,-0.007231299820245859,False,7,0.1
7,7,optimized,,7,0.01192200933830417,0.011822765236568882,MZI27_arm0,current_layer,102,27,0,3.789,3.787291082773337,0.017089172266632275,True,1,0.1
7,7,optimized,,7,0.011822765236568882,0.011763070966997802,MZI27_arm1,current_layer,98,27,1,4.087,4.088349206043358,-0.013492060433588821,True,1,0.1
7,7,optimized,,7,0.011763070966997802,0.01175436310912481,MZI26_arm1,current_layer,103,26,1,4.593,4.592440580220998,0.011188395580030555,True,2,0.05
7,7,optimized,,7,0.01175436310912481,0.011662984608671824,MZI26_arm0,current_layer,99,26,0,3.824,3.8243691040251404,-0.003691040251407436,True,1,0.1
7,7,optimized,,7,0.011662984608671824,0.011630978322323196,MZI28_arm1,current_layer,97,28,1,4.936,4.935347721690796,0.00652278309203805,True,1,0.1
7,7,optimized,,7,0.011630978322323196,0.011630978322323196,MZI25_arm1,current_layer,104,25,1,3.02,3.02,0.003204766093585582,False,7,0.1
7,7,optimized,,7,0.011630978322323196,0.011630978322323196,MZI28_arm0,current_layer,101,28,0,2.478,2.478,-0.00306429557062654,False,7,0.1
7,7,optimized,,7,0.011630978322323196,0.011589869165167806,MZI25_arm0,current_layer,100,25,0,2.709,2.7090030744093077,-0.0009838109784269635,True,6,0.003125
7,7,optimized,,7,0.011589869165167806,0.011589869165167806,MZI23_arm1,previous_layer_compensation,25,23,1,5.022,5.022,0.0231741320497042,False,7,0.1
7,7,optimized,,7,0.011589869165167806,0.011589869165167806,MZI23_arm0,previous_layer_compensation,29,23,0,4.35,4.35,-0.021434537399055178,False,7,0.1
7,7,optimized,,7,0.011589869165167806,0.011589869165167806,MZI22_arm1,previous_layer_compensation,24,22,1,4.229,4.229,0.008011449172927971,False,7,0.1
7,7,optimized,,7,0.011589869165167806,0.011564990899442826,MZI21_arm0,previous_layer_compensation,27,21,0,3.163,3.161866713734282,0.011332862657175032,True,1,0.1
7,7,optimized,,7,0.011564990899442826,0.011564990899442826,MZI21_arm1,previous_layer_compensation,23,21,1,4.337,4.337,-0.006768614896120328,False,7,0.1
7,7,optimized,,7,0.011564990899442826,0.011564990899442826,MZI22_arm0,previous_layer_compensation,28,22,0,5.209,5.209,-0.007147637881923663,False,7,0.1
7,7,optimized,,8,0.011684576141873152,0.01160769559365429,MZI27_arm0,current_layer,102,27,0,3.787,3.7855830068500547,0.014169931499454672,True,1,0.1
7,7,optimized,,8,0.01160769559365429,0.011576859926540367,MZI27_arm1,current_layer,98,27,1,4.088,4.088668374566881,-0.013367491337610445,True,2,0.05
7,7,optimized,,8,0.011576859926540367,0.011550901225888806,MZI26_arm1,current_layer,103,26,1,4.592,4.591245429203143,0.007545707968569207,True,1,0.1
7,7,optimized,,8,0.011550901225888806,0.011550901225888806,MZI28_arm1,current_layer,97,28,1,4.935,4.935,0.005711132249855587,False,7,0.1
7,7,optimized,,8,0.011550901225888806,0.011548890259162382,MZI26_arm0,current_layer,99,26,0,3.824,3.824030804328664,-0.004928692586259743,True,5,0.00625
7,7,optimized,,8,0.011548890259162382,0.011485502687558399,MZI25_arm1,current_layer,104,25,1,3.02,3.0198916139951115,0.0021677200977730862,True,2,0.05
7,7,optimized,,8,0.011485502687558399,0.011485502687558399,MZI28_arm0,current_layer,101,28,0,2.478,2.478,-0.00018095526315813055,False,7,0.1
7,7,optimized,,8,0.011485502687558399,0.011485502687558399,MZI25_arm0,current_layer,100,25,0,2.709,2.709,-0.0020230699409139515,False,7,0.1
7,7,optimized,,8,0.011485502687558399,0.011485502687558399,MZI23_arm1,previous_layer_compensation,25,23,1,5.022,5.022,0.025800179199890978,False,7,0.1
7,7,optimized,,8,0.011485502687558399,0.011485502687558399,MZI23_arm0,previous_layer_compensation,29,23,0,4.35,4.35,-0.017161258535774795,False,7,0.1
7,7,optimized,,8,0.011485502687558399,0.01146739621408491,MZI21_arm0,previous_layer_compensation,27,21,0,3.162,3.161970550766567,0.009423754698511082,True,6,0.003125
7,7,optimized,,8,0.01146739621408491,0.01146739621408491,MZI22_arm1,previous_layer_compensation,24,22,1,4.229,4.229,0.009719086132077158,False,7,0.1
7,7,optimized,,8,0.01146739621408491,0.01146739621408491,MZI22_arm0,previous_layer_compensation,28,22,0,5.209,5.209,-0.012049007649721262,False,7,0.1
7,7,optimized,,8,0.01146739621408491,0.01146739621408491,MZI21_arm1,previous_layer_compensation,23,21,1,4.337,4.337,-4.539730924409387,False,7,0.1
7,7,optimized,,9,0.011543501133930973,0.011440012879562528,MZI27_arm0,current_layer,102,27,0,3.786,3.7844297315575965,0.015702684424036432,True,1,0.1
7,7,optimized,,9,0.011440012879562528,0.011440012879562528,MZI27_arm1,current_layer,98,27,1,4.089,4.089,-0.0148690873554978,False,7,0.1
7,7,optimized,,9,0.011440012879562528,0.011440012879562528,MZI26_arm1,current_layer,103,26,1,4.591,4.591,0.006019855108999439,False,7,0.1
7,7,optimized,,9,0.011440012879562528,0.011440012879562528,MZI28_arm1,current_layer,97,28,1,4.935,4.935,0.0046118276939421535,False,7,0.1
7,7,optimized,,9,0.011440012879562528,0.011440012879562528,MZI26_arm0,current_layer,99,26,0,3.824,3.824,-0.0065029926411604355,False,7,0.1
7,7,optimized,,9,0.011440012879562528,0.011440012879562528,MZI25_arm1,current_layer,104,25,1,3.02,3.02,0.0034971385079060583,False,7,0.1
7,7,optimized,,9,0.011440012879562528,0.011424866878113022,MZI25_arm0,current_layer,100,25,0,2.709,2.709004154094458,-0.0013293102264329531,True,6,0.003125
7,7,optimized,,9,0.011424866878113022,0.011424866878113022,MZI28_arm0,current_layer,101,28,0,2.478,2.478,-0.0022718908124060868,False,7,0.1
7,7,optimized,,9,0.011424866878113022,0.011424866878113022,MZI21_arm1,previous_layer_compensation,23,21,1,4.337,4.337,-0.010943967112094133,False,7,0.1
7,7,optimized,,9,0.011424866878113022,0.011424866878113022,MZI23_arm1,previous_layer_compensation,25,23,1,5.022,5.022,0.022271475426076638,False,7,0.1
7,7,optimized,,9,0.011424866878113022,0.0114210340629692,MZI23_arm0,previous_layer_compensation,29,23,0,4.35,4.352096475468222,-0.020964754682215744,True,1,0.1
7,7,optimized,,9,0.0114210340629692,0.011391105390802124,MZI22_arm0,previous_layer_compensation,28,22,0,5.209,5.209377571635816,-0.007551432716322569,True,2,0.05
7,7,optimized,,9,0.011391105390802124,0.011391105390802124,MZI22_arm1,previous_layer_compensation,24,22,1,4.229,4.229,0.011307405450203237,False,7,0.1
7,7,optimized,,9,0.011391105390802124,0.011391105390802124,MZI21_arm0,previous_layer_compensation,27,21,0,3.162,3.162,0.013353743257621255,False,7,0.1
7,7,optimized,,10,0.011492058550354681,0.011464259971985408,MZI27_arm0,current_layer,102,27,0,3.784,3.7823224401178193,0.016775598821804707,True,1,0.1
7,7,optimized,,10,0.011464259971985408,0.011429110092293911,MZI27_arm1,current_layer,98,27,1,4.089,4.089947607088686,-0.018952141773715816,True,2,0.05
7,7,optimized,,10,0.011429110092293911,0.011422590928971604,MZI26_arm0,current_layer,99,26,0,3.824,3.823084536578022,0.018309268439549903,True,2,0.05
7,7,optimized,,10,0.011422590928971604,0.011413055774781643,MZI26_arm1,current_layer,103,26,1,4.591,4.590582700254113,0.008345994917738358,True,2,0.05
7,7,optimized,,10,0.011413055774781643,0.0114004226081435,MZI28_arm1,current_layer,97,28,1,4.935,4.934950695746059,0.001972170157649556,True,3,0.025
7,7,optimized,,10,0.0114004226081435,0.0114004226081435,MZI25_arm1,current_layer,104,25,1,3.02,3.02,0.002146668509256376,False,7,0.1
7,7,optimized,,10,0.0114004226081435,0.011378477979402613,MZI28_arm0,current_layer,101,28,0,2.478,2.4780018114073146,-0.0005796503406256531,True,6,0.003125
7,7,optimized,,10,0.011378477979402613,0.011315881601773074,MZI25_arm0,current_layer,100,25,0,2.709,2.7090236333943163,-0.0009453357726552343,True,3,0.025
7,7,optimized,,10,0.011315881601773074,0.011315881601773074,MZI23_arm1,previous_layer_compensation,25,23,1,5.022,5.022,0.021388613947528695,False,7,0.1
7,7,optimized,,10,0.011315881601773074,0.011315881601773074,MZI23_arm0,previous_layer_compensation,29,23,0,4.352,4.352,-0.0198701016490011,False,7,0.1
7,7,optimized,,10,0.011315881601773074,0.011315881601773074,MZI21_arm0,previous_layer_compensation,27,21,0,3.162,3.162,0.009695039205611464,False,7,0.1
7,7,optimized,,10,0.011315881601773074,0.011315881601773074,MZI22_arm1,previous_layer_compensation,24,22,1,4.229,4.229,0.010135869999661163,False,7,0.1
7,7,optimized,,10,0.011315881601773074,0.011315881601773074,MZI21_arm1,previous_layer_compensation,23,21,1,4.337,4.337,-0.00511905191005952,False,7,0.1
7,7,optimized,,10,0.011315881601773074,0.011315881601773074,MZI22_arm0,previous_layer_compensation,28,22,0,5.209,5.209,-0.009604181937324431,False,7,0.1
7,7,optimized,,11,0.011442047685014741,0.011433694174133658,MZI27_arm1,current_layer,98,27,1,4.09,4.090858880119361,-0.017177602387231122,True,2,0.05
7,7,optimized,,11,0.011433694174133658,0.011433694174133658,MZI26_arm0,current_layer,99,26,0,3.823,3.823,-0.004958709282228478,False,7,0.1
7,7,optimized,,11,0.011433694174133658,0.011351096649940377,MZI27_arm0,current_layer,102,27,0,3.782,3.781213823223578,0.01572353552843846,True,2,0.05
7,7,optimized,,11,0.011351096649940377,0.011339774223230124,MZI26_arm1,current_layer,103,26,1,4.591,4.590739651296921,0.010413948123165099,True,3,0.025
7,7,optimized,,11,0.011339774223230124,0.011339774223230124,MZI25_arm1,current_layer,104,25,1,3.02,3.02,0.005624608464261299,False,7,0.1
7,7,optimized,,11,0.011339774223230124,0.011339774223230124,MZI28_arm1,current_layer,97,28,1,4.935,4.935,0.0038840756494004174,False,7,0.1
7,7,optimized,,11,0.011339774223230124,0.011295619599146182,MZI25_arm0,current_layer,100,25,0,2.709,2.7091831396516306,-0.0018313965163054332,True,1,0.1
7,7,optimized,,11,0.011295619599146182,0.011295619599146182,MZI28_arm0,current_layer,101,28,0,2.478,2.478,-0.0030949327138142238,False,7,0.1
7,7,optimized,,11,0.011295619599146182,0.011295619599146182,MZI23_arm1,previous_layer_compensation,25,23,1,5.022,5.022,0.022194780098920862,False,7,0.1
7,7,optimized,,11,0.011295619599146182,0.011284060530492057,MZI23_arm0,previous_layer_compensation,29,23,0,4.352,4.3542030521302975,-0.022030521302974098,True,1,0.1
7,7,optimized,,11,0.011284060530492057,0.011284060530492057,MZI22_arm1,previous_layer_compensation,24,22,1,4.229,4.229,0.008758951071461994,False,7,0.1
7,7,optimized,,11,0.011284060530492057,0.011284060530492057,MZI21_arm0,previous_layer_compensation,27,21,0,3.162,3.162,0.010550044470890299,False,7,0.1
7,7,optimized,,11,0.011284060530492057,0.011284060530492057,MZI22_arm0,previous_layer_compensation,28,22,0,5.209,5.209,-0.007438746627073192,False,7,0.1
7,7,optimized,,11,0.011284060530492057,0.01125868797377182,MZI21_arm1,previous_layer_compensation,23,21,1,4.337,4.337468574983921,-0.009371499678425214,True,2,0.05
7,7,optimized,,12,0.011296518761782297,0.011276429270791295,MZI27_arm1,current_layer,98,27,1,4.091,4.092474105304989,-0.014741053049888424,True,1,0.1
7,7,optimized,,12,0.011276429270791295,0.011276429270791295,MZI27_arm0,current_layer,102,27,0,3.781,3.781,0.012986432907149426,False,7,0.1
7,7,optimized,,12,0.011276429270791295,0.011276429270791295,MZI26_arm1,current_layer,103,26,1,4.591,4.591,0.006213089874646191,False,7,0.1
7,7,optimized,,12,0.011276429270791295,0.011253560278627417,MZI25_arm1,current_layer,104,25,1,3.02,3.0197773669906582,0.004452660186832036,True,2,0.05
7,7,optimized,,12,0.011253560278627417,0.011253560278627417,MZI26_arm0,current_layer,99,26,0,3.823,3.823,-0.0021160063660059947,False,7,0.1
7,7,optimized,,12,0.011253560278627417,0.011253560278627417,MZI28_arm1,current_layer,97,28,1,4.935,4.935,0.0025861703121514974,False,7,0.1
7,7,optimized,,12,0.011253560278627417,0.011253560278627417,MZI28_arm0,current_layer,101,28,0,2.478,2.478,-0.002606679640854753,False,7,0.1
7,7,optimized,,12,0.011253560278627417,0.011253560278627417,MZI25_arm0,current_layer,100,25,0,2.709,2.709,-0.004390713336977801,False,7,0.1
7,7,optimized,,12,0.011253560278627417,0.011253560278627417,MZI23_arm1,previous_layer_compensation,25,23,1,5.022,5.022,0.026264767086985656,False,7,0.1
7,7,optimized,,12,0.011253560278627417,0.011247477793563141,MZI23_arm0,previous_layer_compensation,29,23,0,4.354,4.354422109749726,-0.016884389989050265,True,3,0.025
7,7,optimized,,12,0.011247477793563141,0.011155472532247761,MZI21_arm0,previous_layer_compensation,27,21,0,3.162,3.16077681770837,0.012231822916299333,True,1,0.1
7,7,optimized,,12,0.011155472532247761,0.011155472532247761,MZI21_arm1,previous_layer_compensation,23,21,1,4.337,4.337,-0.008703684549905845,False,7,0.1
7,7,optimized,,12,0.011155472532247761,0.011155472532247761,MZI22_arm1,previous_layer_compensation,24,22,1,4.229,4.229,0.008384899161301362,False,7,0.1
7,7,optimized,,12,0.011155472532247761,0.011155472532247761,MZI22_arm0,previous_layer_compensation,28,22,0,5.209,5.209,-0.010630625041383476,False,7,0.1
7,7,optimized,,13,0.011287863676880127,0.011248062645738082,MZI27_arm1,current_layer,98,27,1,4.092,4.0921802073789175,-0.01441659031342544,True,4,0.0125
7,7,optimized,,13,0.011248062645738082,0.011248062645738082,MZI27_arm0,current_layer,102,27,0,3.781,3.781,0.014369961046217739,False,7,0.1
7,7,optimized,,13,0.011248062645738082,0.01124054219734631,MZI26_arm1,current_layer,103,26,1,4.591,4.590500064617633,0.009998707647344013,True,2,0.05
7,7,optimized,,13,0.01124054219734631,0.011183335622767404,MZI25_arm1,current_layer,104,25,1,3.02,3.0199988468658345,0.00036900293288789356,True,6,0.003125
7,7,optimized,,13,0.011183335622767404,0.011183335622767404,MZI25_arm0,current_layer,100,25,0,2.709,2.709,-0.0026116457056478653,False,7,0.1
7,7,optimized,,13,0.011183335622767404,0.011183335622767404,MZI28_arm0,current_layer,101,28,0,2.478,2.478,0.0003914642397300109,False,7,0.1
7,7,optimized,,13,0.011183335622767404,0.011183335622767404,MZI28_arm1,current_layer,97,28,1,4.935,4.935,0.004452901075226869,False,7,0.1
7,7,optimized,,13,0.011183335622767404,0.011183335622767404,MZI26_arm0,current_layer,99,26,0,3.823,3.823,-0.004823236861440593,False,7,0.1
7,7,optimized,,13,0.011183335622767404,0.011183335622767404,MZI23_arm1,previous_layer_compensation,25,23,1,5.022,5.022,0.021745379620707696,False,7,0.1
7,7,optimized,,13,0.011183335622767404,0.011183335622767404,MZI23_arm0,previous_layer_compensation,29,23,0,4.354,4.354,-0.017459067298648153,False,7,0.1
7,7,optimized,,13,0.011183335622767404,0.011183335622767404,MZI21_arm0,previous_layer_compensation,27,21,0,3.161,3.161,0.006422645355587608,False,7,0.1
7,7,optimized,,13,0.011183335622767404,0.011183335622767404,MZI22_arm0,previous_layer_compensation,28,22,0,5.209,5.209,-0.010088885973557301,False,7,0.1
7,7,optimized,,13,0.011183335622767404,0.011183335622767404,MZI21_arm1,previous_layer_compensation,23,21,1,4.337,4.337,-0.0027703926811704378,False,7,0.1
7,7,optimized,,13,0.011183335622767404,0.011183335622767404,MZI22_arm1,previous_layer_compensation,24,22,1,4.229,4.229,0.010405816479544402,False,7,0.1
7,7,optimized,,14,0.011417880018749294,0.011386059435561506,MZI27_arm1,current_layer,98,27,1,4.092,4.093316709073513,-0.013167090735137,True,1,0.1
7,7,optimized,,14,0.011386059435561506,0.011268820309808303,MZI27_arm0,current_layer,102,27,0,3.781,3.7797779734329464,0.012220265670537408,True,1,0.1
7,7,optimized,,14,0.011268820309808303,0.011209091247373201,MZI26_arm1,current_layer,103,26,1,4.591,4.5904573623051395,0.010852753897213678,True,2,0.05
7,7,optimized,,14,0.011209091247373201,0.011209091247373201,MZI26_arm0,current_layer,99,26,0,3.823,3.823,-0.002738376999825325,False,7,0.1
7,7,optimized,,14,0.011209091247373201,0.011209091247373201,MZI28_arm1,current_layer,97,28,1,4.935,4.935,0.004520990255943966,False,7,0.1
7,7,optimized,,14,0.011209091247373201,0.011194809914801958,MZI25_arm0,current_layer,100,25,0,2.709,2.709008188247921,-0.002620239334789451,True,6,0.003125
7,7,optimized,,14,0.011194809914801958,0.011194809914801958,MZI28_arm0,current_layer,101,28,0,2.478,2.478,-0.00216774404770783,False,7,0.1
7,7,optimized,,14,0.011194809914801958,0.011194809914801958,MZI25_arm1,current_layer,104,25,1,3.02,3.02,0.003136021386508081,False,7,0.1
7,7,optimized,,14,0.011194809914801958,0.011194809914801958,MZI23_arm1,previous_layer_compensation,25,23,1,5.022,5.022,0.020845515258475764,False,7,0.1
7,7,optimized,,14,0.011194809914801958,0.011194809914801958,MZI23_arm0,previous_layer_compensation,29,23,0,4.354,4.354,-0.015773789837436287,False,7,0.1
7,7,optimized,,14,0.011194809914801958,0.011194809914801958,MZI22_arm1,previous_layer_compensation,24,22,1,4.229,4.229,0.01222060577858266,False,7,0.1
7,7,optimized,,14,0.011194809914801958,0.011194809914801958,MZI22_arm0,previous_layer_compensation,28,22,0,5.209,5.209,-0.006842689014614739,False,7,0.1
7,7,optimized,,14,0.011194809914801958,0.011194809914801958,MZI21_arm0,previous_layer_compensation,27,21,0,3.161,3.161,0.007941784054197019,False,7,0.1
7,7,optimized,,14,0.011194809914801958,0.011164633359045707,MZI21_arm1,previous_layer_compensation,23,21,1,4.337,4.337085914188164,-0.006873135053136478,True,4,0.0125
7,7,optimized,,15,0.011284884836053999,0.011175752275318467,MZI27_arm1,current_layer,98,27,1,4.093,4.094421026478391,-0.014210264783903357,True,1,0.1
7,7,optimized,,15,0.011175752275318467,0.011175752275318467,MZI27_arm0,current_layer,102,27,0,3.78,3.78,0.013712037271412085,False,7,0.1
7,7,optimized,,15,0.011175752275318467,0.011175752275318467,MZI26_arm1,current_layer,103,26,1,4.59,4.59,0.009436496371027505,False,7,0.1
7,7,optimized,,15,0.011175752275318467,0.011159593902714376,MZI28_arm1,current_layer,97,28,1,4.935,4.9346084365562835,0.007831268874325299,True,2,0.05
7,7,optimized,,15,0.011159593902714376,0.011159593902714376,MZI25_arm1,current_layer,104,25,1,3.02,3.02,0.004040489910308488,False,7,0.1
7,7,optimized,,15,0.011159593902714376,0.011159593902714376,MZI26_arm0,current_layer,99,26,0,3.823,3.823,-0.003575912769788718,False,7,0.1
7,7,optimized,,15,0.011159593902714376,0.011131336957559551,MZI25_arm0,current_layer,100,25,0,2.709,2.7090039339900662,-0.0006294384106068565,True,5,0.00625
7,7,optimized,,15,0.011131336957559551,0.011131336957559551,MZI28_arm0,current_layer,101,28,0,2.478,2.478,-0.002501254088832633,False,7,0.1
7,7,optimized,,15,0.011131336957559551,0.011131336957559551,MZI23_arm1,previous_layer_compensation,25,23,1,5.022,5.022,0.022664756746450725,False,7,0.1
7,7,optimized,,15,0.011131336957559551,0.011131336957559551,MZI23_arm0,previous_layer_compensation,29,23,0,4.354,4.354,-0.01889076034055083,False,7,0.1
7,7,optimized,,15,0.011131336957559551,0.011131336957559551,MZI22_arm1,previous_layer_compensation,24,22,1,4.229,4.229,0.007546022987334794,False,7,0.1
7,7,optimized,,15,0.011131336957559551,0.011131336957559551,MZI21_arm0,previous_layer_compensation,27,21,0,3.161,3.161,0.010905156967695458,False,7,0.1
7,7,optimized,,15,0.011131336957559551,0.011131336957559551,MZI21_arm1,previous_layer_compensation,23,21,1,4.337,4.337,-0.00812367635897853,False,7,0.1
7,7,optimized,,15,0.011131336957559551,0.011131336957559551,MZI22_arm0,previous_layer_compensation,28,22,0,5.209,5.209,-0.009052873386073657,False,7,0.1
7,7,optimized,,16,0.011224812434990539,0.011218238395256144,MZI27_arm1,current_layer,98,27,1,4.094,4.095318460222591,-0.013184602225912804,True,1,0.1
7,7,optimized,,16,0.011218238395256144,0.011208649865796852,MZI27_arm0,current_layer,102,27,0,3.78,3.7799181934254102,0.013089051934320356,True,5,0.00625
7,7,optimized,,16,0.011208649865796852,0.011182800585355932,MZI26_arm1,current_layer,103,26,1,4.59,4.589950953181336,0.007847490986279597,True,5,0.00625
7,7,optimized,,16,0.011182800585355932,0.011182800585355932,MZI28_arm1,current_layer,97,28,1,4.935,4.935,0.003433995326845621,False,7,0.1
7,7,optimized,,16,0.011182800585355932,0.011182800585355932,MZI25_arm1,current_layer,104,25,1,3.02,3.02,0.004542432590042039,False,7,0.1
7,7,optimized,,16,0.011182800585355932,0.011182800585355932,MZI26_arm0,current_layer,99,26,0,3.823,3.823,-0.005371068800837961,False,7,0.1
7,7,optimized,,16,0.011182800585355932,0.011171401065076855,MZI28_arm0,current_layer,101,28,0,2.478,2.4780261296421213,-0.0005225928424184511,True,2,0.05
7,7,optimized,,16,0.011171401065076855,0.011171401065076855,MZI25_arm0,current_layer,100,25,0,2.709,2.709,-0.0017541440972161373,False,7,0.1
7,7,optimized,,16,0.011171401065076855,0.011135588789997273,MZI23_arm1,previous_layer_compensation,25,23,1,5.022,5.021934138807226,0.021075581687756615,True,6,0.003125
7,7,optimized,,16,0.011135588789997273,0.011135588789997273,MZI23_arm0,previous_layer_compensation,29,23,0,4.354,4.354,-0.017083826959847608,False,7,0.1
7,7,optimized,,16,0.011135588789997273,0.011135588789997273,MZI21_arm0,previous_layer_compensation,27,21,0,3.161,3.161,0.010063771008654568,False,7,0.1
7,7,optimized,,16,0.011135588789997273,0.011135588789997273,MZI22_arm0,previous_layer_compensation,28,22,0,5.209,5.209,-0.008127653255089089,False,7,0.1
7,7,optimized,,16,0.011135588789997273,0.011135588789997273,MZI21_arm1,previous_layer_compensation,23,21,1,4.337,4.337,-0.00936251317891137,False,7,0.1
7,7,optimized,,16,0.011135588789997273,0.011135588789997273,MZI22_arm1,previous_layer_compensation,24,22,1,4.229,4.229,0.011007163377178067,False,7,0.1
7,7,optimized,,17,0.011194272350387249,0.011135208550603373,MZI27_arm1,current_layer,98,27,1,4.095,4.0953045736748495,-0.012182946993971036,True,3,0.025
7,7,optimized,,17,0.011135208550603373,0.011123456378076216,MZI27_arm0,current_layer,102,27,0,3.78,3.778492006531993,0.015079934680066234,True,1,0.1
7,7,optimized,,17,0.011123456378076216,0.011123456378076216,MZI26_arm1,current_layer,103,26,1,4.59,4.59,0.010785658775788323,False,7,0.1
7,7,optimized,,17,0.011123456378076216,0.011122541087084749,MZI26_arm0,current_layer,99,26,0,3.823,3.8232645698624994,-0.005291397249991511,True,2,0.05
7,7,optimized,,17,0.011122541087084749,0.01105867947723323,MZI25_arm1,current_layer,104,25,1,3.02,3.0195148717316305,0.004851282683697657,True,1,0.1
7,7,optimized,,17,0.01105867947723323,0.01105867947723323,MZI28_arm1,current_layer,97,28,1,4.935,4.935,0.0037670797132436013,False,7,0.1
7,7,optimized,,17,0.01105867947723323,0.01105867947723323,MZI25_arm0,current_layer,100,25,0,2.709,2.709,-0.0019653033625968864,False,7,0.1
7,7,optimized,,17,0.01105867947723323,0.010186851023702133,MZI28_arm0,current_layer,101,28,0,2.478,2.4781855159065365,-0.001855159065362268,True,1,0.1
7,7,optimized,,17,0.010186851023702133,0.010186851023702133,MZI23_arm1,previous_layer_compensation,25,23,1,5.022,5.022,0.01966424735033925,False,7,0.1
7,7,optimized,,17,0.010186851023702133,0.010186851023702133,MZI23_arm0,previous_layer_compensation,29,23,0,4.354,4.354,-0.014254607480258287,False,7,0.1
7,7,optimized,,17,0.010186851023702133,0.010186851023702133,MZI22_arm1,previous_layer_compensation,24,22,1,4.229,4.229,0.010341233119952335,False,7,0.1
7,7,optimized,,17,0.010186851023702133,0.010186851023702133,MZI21_arm0,previous_layer_compensation,27,21,0,3.161,3.161,0.008505592621946141,False,7,0.1
7,7,optimized,,17,0.010186851023702133,0.010186851023702133,MZI21_arm1,previous_layer_compensation,23,21,1,4.337,4.337,-0.009640202616079367,False,7,0.1
7,7,optimized,,17,0.010186851023702133,0.010186851023702133,MZI22_arm0,previous_layer_compensation,28,22,0,5.209,5.209,-0.009202367514929921,False,7,0.1
7,7,optimized,,18,0.011164235159479887,0.011102379714339205,MZI27_arm0,current_layer,102,27,0,3.778,3.77772955656609,0.010817737356409415,True,3,0.025
7,7,optimized,,18,0.011102379714339205,0.011087952109349146,MZI27_arm1,current_layer,98,27,1,4.095,4.096169368432368,-0.01169368432368433,True,1,0.1
7,7,optimized,,18,0.011087952109349146,0.011087952109349146,MZI26_arm1,current_layer,103,26,1,4.59,4.59,0.006771699117407113,False,7,0.1
7,7,optimized,,18,0.011087952109349146,0.01106869783874035,MZI26_arm0,current_layer,99,26,0,3.823,3.8229864203297663,0.0002715934046749588,True,2,0.05
7,7,optimized,,18,0.01106869783874035,0.01106869783874035,MZI25_arm1,current_layer,104,25,1,3.02,3.02,0.007110774626057275,False,7,0.1
7,7,optimized,,18,0.01106869783874035,0.01106869783874035,MZI28_arm1,current_layer,97,28,1,4.935,4.935,0.0035160676636419746,False,7,0.1
7,7,optimized,,18,0.01106869783874035,0.011061694015251903,MZI25_arm0,current_layer,100,25,0,2.709,2.708998378250291,0.001037919813920255,True,7,0.0015625
7,7,optimized,,18,0.011061694015251903,0.011061694015251903,MZI28_arm0,current_layer,101,28,0,2.478,2.478,-0.0004925593506240485,False,7,0.1
7,7,optimized,,18,0.011061694015251903,0.011061694015251903,MZI23_arm1,previous_layer_compensation,25,23,1,5.022,5.022,0.0197510709226389,False,7,0.1
7,7,optimized,,18,0.011061694015251903,0.011061694015251903,MZI23_arm0,previous_layer_compensation,29,23,0,4.354,4.354,-0.019036342323692983,False,7,0.1
7,7,optimized,,18,0.011061694015251903,0.011061694015251903,MZI22_arm1,previous_layer_compensation,24,22,1,4.229,4.229,0.009520551552902786,False,7,0.1
7,7,optimized,,18,0.011061694015251903,0.011061694015251903,MZI21_arm1,previous_layer_compensation,23,21,1,4.337,4.337,-0.011214629384718382,False,7,0.1
7,7,optimized,,18,0.011061694015251903,0.011061694015251903,MZI22_arm0,previous_layer_compensation,28,22,0,5.209,5.209,-0.005843966638345615,False,7,0.1
7,7,optimized,,18,0.011061694015251903,0.011061694015251903,MZI21_arm0,previous_layer_compensation,27,21,0,3.161,3.161,0.008041105572034218,False,7,0.1
7,7,optimized,,19,0.011124487024689166,0.011124487024689166,MZI27_arm1,current_layer,98,27,1,4.096,4.096,-0.01476680117374207,False,7,0.1
7,7,optimized,,19,0.011124487024689166,0.011095595365723267,MZI27_arm0,current_layer,102,27,0,3.778,3.7767792118209487,0.012207881790514788,True,1,0.1
7,7,optimized,,19,0.011095595365723267,0.011095380295167816,MZI25_arm1,current_layer,104,25,1,3.02,3.0192780345157337,0.014439309685325103,True,2,0.05
7,7,optimized,,19,0.011095380295167816,0.0110838128622377,MZI26_arm1,current_layer,103,26,1,4.59,4.589815764887236,0.007369404510551379,True,3,0.025
7,7,optimized,,19,0.0110838128622377,0.0110838128622377,MZI28_arm1,current_layer,97,28,1,4.935,4.935,0.0043862211500006795,False,7,0.1
7,7,optimized,,19,0.0110838128622377,0.011016071363891733,MZI25_arm0,current_layer,100,25,0,2.709,2.708962384572562,0.0015046170975356586,True,3,0.025
7,7,optimized,,19,0.011016071363891733,0.011016071363891733,MZI28_arm0,current_layer,101,28,0,2.478,2.478,-0.002273069393253543,False,7,0.1
7,7,optimized,,19,0.011016071363891733,0.011016071363891733,MZI26_arm0,current_layer,99,26,0,3.823,3.823,0.001753835783027548,False,7,0.1
7,7,optimized,,19,0.011016071363891733,0.011016071363891733,MZI23_arm1,previous_layer_compensation,25,23,1,5.022,5.022,0.01921755025432101,False,7,0.1
7,7,optimized,,19,0.011016071363891733,0.011016071363891733,MZI23_arm0,previous_layer_compensation,29,23,0,4.354,4.354,-0.017881667562482557,False,7,0.1
7,7,optimized,,19,0.011016071363891733,0.011016071363891733,MZI21_arm1,previous_layer_compensation,23,21,1,4.337,4.337,-0.005698136842218872,False,7,0.1
7,7,optimized,,19,0.011016071363891733,0.011016071363891733,MZI22_arm1,previous_layer_compensation,24,22,1,4.229,4.229,0.011082676094296948,False,7,0.1
7,7,optimized,,19,0.011016071363891733,0.011016071363891733,MZI21_arm0,previous_layer_compensation,27,21,0,3.161,3.161,0.011331890222783254,False,7,0.1
7,7,optimized,,19,0.011016071363891733,0.011016071363891733,MZI22_arm0,previous_layer_compensation,28,22,0,5.209,5.209,-0.3071612779489566,False,7,0.1
