global_target_layer,current_layer,layer_status,skip_reason,layer_iter,loss_before_iter,loss_after_iter,heater_label,heater_port,mzi_id,arm_index,voltage_before,voltage_after,gradient,accepted,line_search_trials,lr_start,lr_used,lr_next,update_mode,coarse_search_trials,coarse_search_step_v
8,2,optimized,,0,1.0426933627957082,1.0426933627957082,MZI5_arm0,11,5,0,4.0,4.0,-0.09558077398091988,False,7,0.1,0.1,0.05,rejected,0,0.0
8,2,optimized,,0,1.0426933627957082,0.7072599440962851,MZI5_arm1,7,5,1,0.0,2.5,0.008794997824068673,True,0,0.1,0.1,0.15000000000000002,lower_boundary_coarse_search,11,2.5
8,2,optimized,,0,0.7072599440962851,0.7068723633898764,MZI6_arm0,12,6,0,4.191,4.190687209709749,0.050046446440108985,True,5,0.1,0.00625,0.009375000000000001,line_search,0,0.0
8,2,optimized,,0,0.7068723633898764,0.34248466373473113,MZI6_arm1,8,6,1,0.0,5.5,-0.03176787209764331,True,7,0.1,0.1,0.15000000000000002,lower_boundary_coarse_search,11,5.5
8,2,optimized,,0,0.34248466373473113,0.31245935369028477,MZI7_arm0,13,7,0,4.039,4.09046258419012,-0.5146258419012005,True,1,0.1,0.1,0.15000000000000002,line_search,0,0.0
8,2,optimized,,0,0.31245935369028477,0.015316567253803332,MZI7_arm1,9,7,1,0.0,5.0,0.006436756775479724,True,0,0.1,0.1,0.15000000000000002,lower_boundary_coarse_search,11,5.0
8,2,optimized,,0,0.015316567253803332,0.01528336994208015,MZI8_arm0,14,8,0,4.0,3.9999737265399817,0.002101876801470395,True,4,0.1,0.0125,0.018750000000000003,line_search,0,0.0
8,2,optimized,,0,0.01528336994208015,0.013416548743042137,MZI8_arm1,10,8,1,0.0,4.0,0.022541046845632202,True,0,0.1,0.1,0.15000000000000002,lower_boundary_coarse_search,11,4.0
8,2,optimized,,1,0.013347059299574275,0.013171682157875352,MZI7_arm0,13,7,0,4.09,4.085914157748644,0.027238948342368757,True,1,0.15000000000000002,0.15000000000000002,0.22500000000000003,line_search,0,0.0
8,2,optimized,,1,0.013171682157875352,0.01276096693018985,MZI5_arm0,11,5,0,4.0,4.005050280941957,-0.10100561883913432,True,1,0.05,0.05,0.07500000000000001,line_search,0,0.0
8,2,optimized,,1,0.01276096693018985,0.01276096693018985,MZI6_arm0,12,6,0,4.191,4.191,-0.13559097964189065,False,4,0.009375000000000001,0.009375000000000001,0.004687500000000001,rejected,0,0.0
8,2,optimized,,1,0.01276096693018985,0.01276096693018985,MZI6_arm1,8,6,1,5.5,5.5,-0.009103623950368366,False,0,0.15000000000000002,0.15000000000000002,0.07500000000000001,rejected,0,0.0
8,2,optimized,,1,0.01276096693018985,0.01276096693018985,MZI8_arm1,10,8,1,4.0,4.0,-7.462791474189829e-05,False,8,0.15000000000000002,0.15000000000000002,0.07500000000000001,rejected,0,0.0
8,2,optimized,,1,0.01276096693018985,0.01276096693018985,MZI5_arm1,7,5,1,2.5,2.5,0.07124380410530796,False,8,0.15000000000000002,0.15000000000000002,0.07500000000000001,rejected,0,0.0
8,2,optimized,,1,0.01276096693018985,0.01276096693018985,MZI7_arm1,9,7,1,5.0,5.0,-0.035761970696639105,False,8,0.15000000000000002,0.15000000000000002,0.07500000000000001,rejected,0,0.0
8,2,optimized,,1,0.01276096693018985,0.01276096693018985,MZI8_arm0,14,8,0,4.0,4.0,0.002129733751372767,False,5,0.018750000000000003,0.018750000000000003,0.009375000000000001,rejected,0,0.0
8,2,optimized,,2,0.013081029503805264,0.013081029503805264,MZI6_arm0,12,6,0,4.191,4.191,-0.13017392859105736,False,3,0.004687500000000001,0.004687500000000001,0.0023437500000000003,rejected,0,0.0
8,2,optimized,,2,0.013081029503805264,0.012495438042127676,MZI5_arm0,11,5,0,4.005,4.011007650803305,-0.08010201071073264,True,1,0.07500000000000001,0.07500000000000001,0.11250000000000002,line_search,0,0.0
8,2,optimized,,2,0.012495438042127676,0.01210161323865999,MZI5_arm1,7,5,1,2.5,2.4999304882207762,0.059316718270966275,True,7,0.07500000000000001,0.0011718750000000002,0.0017578125000000003,line_search,0,0.0
8,2,optimized,,2,0.01210161323865999,0.012094265279040797,MZI7_arm1,9,7,1,5.0,5.001119551754361,-0.02985471344964231,True,2,0.07500000000000001,0.037500000000000006,0.05625000000000001,line_search,0,0.0
8,2,optimized,,2,0.012094265279040797,0.012094265279040797,MZI7_arm0,13,7,0,4.086,4.086,0.021993820384155666,False,8,0.22500000000000003,0.22500000000000003,0.11250000000000002,rejected,0,0.0
8,2,optimized,,2,0.012094265279040797,0.012094265279040797,MZI6_arm1,8,6,1,5.5,5.5,-0.007312455214658516,False,0,0.07500000000000001,0.07500000000000001,0.037500000000000006,rejected,0,0.0
8,2,optimized,,2,0.012094265279040797,0.012094265279040797,MZI8_arm0,14,8,0,4.0,4.0,0.0005116200751043333,False,4,0.009375000000000001,0.009375000000000001,0.004687500000000001,rejected,0,0.0
8,2,optimized,,2,0.012094265279040797,0.012094265279040797,MZI8_arm1,10,8,1,4.0,4.0,-0.006879624529914442,False,7,0.07500000000000001,0.07500000000000001,0.037500000000000006,rejected,0,0.0
8,2,optimized,,3,0.012984200472183393,0.012225855625703889,MZI6_arm0,12,6,0,4.191,4.191288623470266,-0.12314601398014295,True,1,0.0023437500000000003,0.0023437500000000003,0.0035156250000000005,line_search,0,0.0
8,2,optimized,,3,0.012225855625703889,0.011992033125157358,MZI5_arm0,11,5,0,4.011,4.023032256596215,-0.10695339196635391,True,1,0.11250000000000002,0.11250000000000002,0.16875,line_search,0,0.0
8,2,optimized,,3,0.011992033125157358,0.011983380681278211,MZI5_arm1,7,5,1,2.5,2.49990114768437,0.056235984002833646,True,1,0.0017578125000000003,0.0017578125000000003,0.00263671875,line_search,0,0.0
8,2,optimized,,3,0.011983380681278211,0.011800123846182066,MZI7_arm1,9,7,1,5.001,5.003240015699493,-0.03982250132431624,True,1,0.05625000000000001,0.05625000000000001,0.084375,line_search,0,0.0
8,2,optimized,,3,0.011800123846182066,0.011677091253730232,MZI7_arm0,13,7,0,4.086,4.085257479755624,0.013200359900020154,True,2,0.11250000000000002,0.05625000000000001,0.084375,line_search,0,0.0
8,2,optimized,,3,0.011677091253730232,0.011677091253730232,MZI6_arm1,8,6,1,5.5,5.5,0.0023018894706248465,False,6,0.037500000000000006,0.037500000000000006,0.018750000000000003,rejected,0,0.0
8,2,optimized,,3,0.011677091253730232,0.01133955267684338,MZI8_arm1,10,8,1,4.0,3.999693582555453,0.008171131854583544,True,1,0.037500000000000006,0.037500000000000006,0.05625000000000001,line_search,0,0.0
8,2,optimized,,3,0.01133955267684338,0.01133955267684338,MZI8_arm0,14,8,0,4.0,4.0,-0.001931312902588346,False,3,0.004687500000000001,0.004687500000000001,0.0023437500000000003,rejected,0,0.0
8,2,optimized,,4,0.012036673223955003,0.011118748827986783,MZI6_arm0,12,6,0,4.191,4.191406508353162,-0.11562904267715528,True,1,0.0035156250000000005,0.0035156250000000005,0.0052734375,line_search,0,0.0
8,2,optimized,,4,0.011118748827986783,0.009099525096451629,MZI5_arm0,11,5,0,4.023,4.037575410863952,-0.0863728051197158,True,1,0.16875,0.16875,0.25312500000000004,line_search,0,0.0
8,2,optimized,,4,0.009099525096451629,0.009099525096451629,MZI5_arm1,7,5,1,2.5,2.5,0.04611046437556182,False,2,0.00263671875,0.00263671875,0.001318359375,rejected,0,0.0
8,2,optimized,,4,0.009099525096451629,0.008917761853744053,MZI7_arm1,9,7,1,5.003,5.004978731981622,-0.023451638300709256,True,1,0.084375,0.084375,0.12656250000000002,line_search,0,0.0
8,2,optimized,,4,0.008917761853744053,0.008917761853744053,MZI7_arm0,13,7,0,4.085,4.085,0.021505590905562012,False,7,0.084375,0.084375,0.0421875,rejected,0,0.0
8,2,optimized,,4,0.008917761853744053,0.008917761853744053,MZI8_arm1,10,8,1,4.0,4.0,-0.01630390101927578,False,6,0.05625000000000001,0.05625000000000001,0.028125000000000004,rejected,0,0.0
8,2,optimized,,4,0.008917761853744053,0.008917761853744053,MZI6_arm1,8,6,1,5.5,5.5,0.018541301182117706,False,5,0.018750000000000003,0.018750000000000003,0.009375000000000001,rejected,0,0.0
8,2,optimized,,4,0.008917761853744053,0.008917761853744053,MZI8_arm0,14,8,0,4.0,4.0,0.024577078626791763,False,2,0.0023437500000000003,0.0023437500000000003,0.0011718750000000002,rejected,0,0.0
8,2,optimized,,5,0.009223467735226391,0.009223467735226391,MZI6_arm0,12,6,0,4.191,4.191,-0.11219679810343015,False,3,0.0052734375,0.0052734375,0.00263671875,rejected,0,0.0
8,2,optimized,,5,0.009223467735226391,0.007862447307378149,MZI5_arm0,11,5,0,4.038,4.055048263041028,-0.06735116263122178,True,1,0.25312500000000004,0.25312500000000004,0.37968750000000007,line_search,0,0.0
8,2,optimized,,5,0.007862447307378149,0.007862447307378149,MZI5_arm1,7,5,1,2.5,2.5,0.0275903286655104,False,1,0.001318359375,0.001318359375,0.001,rejected,0,0.0
8,2,optimized,,5,0.007862447307378149,0.007862447307378149,MZI8_arm0,14,8,0,4.0,4.0,0.012405538936957916,False,1,0.0011718750000000002,0.0011718750000000002,0.001,rejected,0,0.0
8,2,optimized,,5,0.007862447307378149,0.007862447307378149,MZI7_arm1,9,7,1,5.005,5.005,-0.024312507406015496,False,7,0.12656250000000002,0.12656250000000002,0.06328125000000001,rejected,0,0.0
8,2,optimized,,5,0.007862447307378149,0.00777270246844438,MZI7_arm0,13,7,0,4.085,4.084335342984483,0.0315096659208216,True,2,0.0421875,0.02109375,0.031640625000000006,line_search,0,0.0
8,2,optimized,,5,0.00777270246844438,0.00777270246844438,MZI6_arm1,8,6,1,5.5,5.5,-0.0020046575613711765,False,0,0.009375000000000001,0.009375000000000001,0.004687500000000001,rejected,0,0.0
8,2,optimized,,5,0.00777270246844438,0.00777270246844438,MZI8_arm1,10,8,1,4.0,4.0,0.002534226241385179,False,5,0.028125000000000004,0.028125000000000004,0.014062500000000002,rejected,0,0.0
8,2,optimized,,6,0.007845489022422863,0.007845489022422863,MZI6_arm0,12,6,0,4.191,4.191,-0.10170641676590442,False,2,0.00263671875,0.00263671875,0.001318359375,rejected,0,0.0
8,2,optimized,,6,0.007845489022422863,0.0071077677108990125,MZI5_arm0,11,5,0,4.055,4.073891241436442,-0.049754709956061176,True,1,0.37968750000000007,0.37968750000000007,0.56953125,line_search,0,0.0
8,2,optimized,,6,0.0071077677108990125,0.006986177168275963,MZI7_arm0,13,7,0,4.084,4.083501712188606,0.015748355520583793,True,1,0.031640625000000006,0.031640625000000006,0.04746093750000001,line_search,0,0.0
8,2,optimized,,6,0.006986177168275963,0.006986177168275963,MZI5_arm1,7,5,1,2.5,2.5,0.019091678613025596,False,1,0.001,0.001,0.001,rejected,0,0.0
8,2,optimized,,6,0.006986177168275963,0.006986177168275963,MZI7_arm1,9,7,1,5.005,5.005,-0.01890236497818623,False,6,0.06328125000000001,0.06328125000000001,0.031640625000000006,rejected,0,0.0
8,2,optimized,,6,0.006986177168275963,0.006986177168275963,MZI8_arm0,14,8,0,4.0,4.0,0.006199240911937711,False,1,0.001,0.001,0.001,rejected,0,0.0
8,2,optimized,,6,0.006986177168275963,0.006957574595927858,MZI8_arm1,10,8,1,4.0,3.9999025153061707,0.006932244894518981,True,1,0.014062500000000002,0.014062500000000002,0.02109375,line_search,0,0.0
8,2,optimized,,6,0.006957574595927858,0.006957574595927858,MZI6_arm1,8,6,1,5.5,5.5,-0.0031861118442698387,False,0,0.004687500000000001,0.004687500000000001,0.0023437500000000003,rejected,0,0.0
8,2,optimized,,7,0.00698230299782193,0.00698230299782193,MZI6_arm0,12,6,0,4.191,4.191,-0.12457656067437049,False,1,0.001318359375,0.001318359375,0.001,rejected,0,0.0
8,2,optimized,,7,0.00698230299782193,0.00698230299782193,MZI5_arm0,11,5,0,4.074,4.074,-0.015756820829234536,False,10,0.56953125,0.56953125,0.284765625,rejected,0,0.0
8,2,optimized,,7,0.00698230299782193,0.00698230299782193,MZI5_arm1,7,5,1,2.5,2.5,0.020992050198810557,False,1,0.001,0.001,0.001,rejected,0,0.0
8,2,optimized,,7,0.00698230299782193,0.006971825195873483,MZI7_arm1,9,7,1,5.005,5.0051962278247055,-0.024807073147977306,True,3,0.031640625000000006,0.007910156250000001,0.011865234375000002,line_search,0,0.0
8,2,optimized,,7,0.006971825195873483,0.006863547513035496,MZI7_arm0,13,7,0,4.084,4.083864871742796,0.02277717454746078,True,4,0.04746093750000001,0.005932617187500001,0.00889892578125,line_search,0,0.0
8,2,optimized,,7,0.006863547513035496,0.006863547513035496,MZI8_arm1,10,8,1,4.0,4.0,-0.0022228446937636653,False,5,0.02109375,0.02109375,0.010546875,rejected,0,0.0
8,2,optimized,,7,0.006863547513035496,0.006863547513035496,MZI8_arm0,14,8,0,4.0,4.0,0.005391732631957944,False,1,0.001,0.001,0.001,rejected,0,0.0
8,2,optimized,,7,0.006863547513035496,0.006863547513035496,MZI6_arm1,8,6,1,5.5,5.5,-0.5076253741545573,False,0,0.0023437500000000003,0.0023437500000000003,0.0011718750000000002,rejected,0,0.0
8,2,optimized,,8,0.0076698952097323,0.007020953736880807,MZI6_arm1,8,6,1,5.5,5.499997216798054,0.0023749989942405893,True,1,0.0011718750000000002,0.0011718750000000002,0.0017578125000000003,line_search,0,0.0
8,2,optimized,,8,0.007020953736880807,0.007020953736880807,MZI6_arm0,12,6,0,4.191,4.191,-0.10480957146369078,False,1,0.001,0.001,0.001,rejected,0,0.0
8,2,optimized,,8,0.007020953736880807,0.006954351179183385,MZI7_arm1,9,7,1,5.005,5.005082752253737,-0.027897385292962987,True,3,0.011865234375000002,0.0029663085937500005,0.004449462890625,line_search,0,0.0
8,2,optimized,,8,0.006954351179183385,0.006954351179183385,MZI7_arm0,13,7,0,4.084,4.084,0.018954231902890306,False,4,0.00889892578125,0.00889892578125,0.004449462890625,rejected,0,0.0
8,2,optimized,,8,0.006954351179183385,0.006954351179183385,MZI5_arm1,7,5,1,2.5,2.5,0.019266381013015685,False,1,0.001,0.001,0.001,rejected,0,0.0
8,2,optimized,,8,0.006954351179183385,0.0066737628721802835,MZI5_arm0,11,5,0,4.074,4.082891164192649,-0.031222743941264182,True,1,0.284765625,0.284765625,0.42714843750000003,line_search,0,0.0
8,2,optimized,,8,0.0066737628721802835,0.0066737628721802835,MZI8_arm0,14,8,0,4.0,4.0,0.0021096409009419394,False,1,0.001,0.001,0.001,rejected,0,0.0
8,2,optimized,,8,0.0066737628721802835,0.0066737628721802835,MZI8_arm1,10,8,1,4.0,4.0,0.0013064815180283567,False,4,0.010546875,0.010546875,0.0052734375,rejected,0,0.0
8,2,optimized,,9,0.006687844523867444,0.006687844523867444,MZI6_arm0,12,6,0,4.191,4.191,-0.10363841085072574,False,1,0.001,0.001,0.001,rejected,0,0.0
8,2,optimized,,9,0.006687844523867444,0.006592332597327551,MZI5_arm0,11,5,0,4.083,4.09042375020528,-0.017379790146789434,True,1,0.42714843750000003,0.42714843750000003,0.64072265625,line_search,0,0.0
8,2,optimized,,9,0.006592332597327551,0.006592332597327551,MZI7_arm1,9,7,1,5.005,5.005,-0.031951547428748076,False,3,0.004449462890625,0.004449462890625,0.0022247314453125,rejected,0,0.0
8,2,optimized,,9,0.006592332597327551,0.006592332597327551,MZI5_arm1,7,5,1,2.5,2.5,0.009571479567905251,False,1,0.001,0.001,0.001,rejected,0,0.0
8,2,optimized,,9,0.006592332597327551,0.006592332597327551,MZI7_arm0,13,7,0,4.084,4.084,0.016421074906006784,False,3,0.004449462890625,0.004449462890625,0.0022247314453125,rejected,0,0.0
8,2,optimized,,9,0.006592332597327551,0.006592332597327551,MZI6_arm1,8,6,1,5.5,5.5,0.014481389455634456,False,1,0.0017578125000000003,0.0017578125000000003,0.001,rejected,0,0.0
8,2,optimized,,9,0.006592332597327551,0.006592332597327551,MZI8_arm0,14,8,0,4.0,4.0,0.005577851256364253,False,1,0.001,0.001,0.001,rejected,0,0.0
8,2,optimized,,9,0.006592332597327551,0.006592332597327551,MZI8_arm1,10,8,1,4.0,4.0,-0.0036721158689295126,False,3,0.0052734375,0.0052734375,0.00263671875,rejected,0,0.0
8,2,optimized,,10,0.006611045780216656,0.006611045780216656,MZI6_arm0,12,6,0,4.191,4.191,-0.10357571429233482,False,1,0.001,0.001,0.001,rejected,0,0.0
8,2,optimized,,10,0.006611045780216656,0.006611045780216656,MZI7_arm1,9,7,1,5.005,5.005,-0.033664794772938614,False,2,0.0022247314453125,0.0022247314453125,0.00111236572265625,rejected,0,0.0
8,2,optimized,,10,0.006611045780216656,0.006611045780216656,MZI5_arm0,11,5,0,4.09,4.09,-0.005162985401549991,False,10,0.64072265625,0.64072265625,0.320361328125,rejected,0,0.0
8,2,optimized,,10,0.006611045780216656,0.006611045780216656,MZI7_arm0,13,7,0,4.084,4.084,0.019975471548023867,False,2,0.0022247314453125,0.0022247314453125,0.00111236572265625,rejected,0,0.0
8,2,optimized,,10,0.006611045780216656,0.006611045780216656,MZI6_arm1,8,6,1,5.5,5.5,-0.004155749029710264,False,0,0.001,0.001,0.001,rejected,0,0.0
8,2,optimized,,10,0.006611045780216656,0.006611045780216656,MZI5_arm1,7,5,1,2.5,2.5,0.010407120230585109,False,1,0.001,0.001,0.001,rejected,0,0.0
8,2,optimized,,10,0.006611045780216656,0.006611045780216656,MZI8_arm0,14,8,0,4.0,4.0,0.006326832215287903,False,1,0.001,0.001,0.001,rejected,0,0.0
8,2,optimized,,10,0.006611045780216656,0.006611045780216656,MZI8_arm1,10,8,1,4.0,4.0,0.009535959751029954,False,2,0.00263671875,0.00263671875,0.001318359375,rejected,0,0.0
8,2,optimized,,11,0.007867612457395116,0.007867612457395116,MZI6_arm0,12,6,0,4.191,4.191,-0.12685093832669245,False,1,0.001,0.001,0.001,rejected,0,0.0
8,2,optimized,,11,0.007867612457395116,0.007867612457395116,MZI7_arm1,9,7,1,5.005,5.005,-0.025952701914773522,False,1,0.00111236572265625,0.00111236572265625,0.001,rejected,0,0.0
8,2,optimized,,11,0.007867612457395116,0.007860908758375137,MZI7_arm0,13,7,0,4.084,4.083973474738892,0.02384580949140858,True,1,0.00111236572265625,0.00111236572265625,0.0016685485839843751,line_search,0,0.0
8,2,optimized,,11,0.007860908758375137,0.007860908758375137,MZI5_arm1,7,5,1,2.5,2.5,0.007852370890044895,False,1,0.001,0.001,0.001,rejected,0,0.0
8,2,optimized,,11,0.007860908758375137,0.007818103138979753,MZI8_arm1,10,8,1,4.0,3.999996432247169,0.0027062065919141957,True,1,0.001318359375,0.001318359375,0.0019775390625000003,line_search,0,0.0
8,2,optimized,,11,0.007818103138979753,0.007818103138979753,MZI8_arm0,14,8,0,4.0,4.0,0.0014569290800849996,False,1,0.001,0.001,0.001,rejected,0,0.0
8,2,optimized,,11,0.007818103138979753,0.007781608422138309,MZI5_arm0,11,5,0,4.09,4.092047130888105,-0.0127801373535721,True,2,0.320361328125,0.1601806640625,0.24027099609375002,line_search,0,0.0
8,2,optimized,,11,0.007781608422138309,0.007781608422138309,MZI6_arm1,8,6,1,5.5,5.5,-0.0014366659517616638,False,0,0.001,0.001,0.001,rejected,0,0.0
8,2,optimized,,12,0.007941112081220664,0.007625014166119359,MZI6_arm0,12,6,0,4.191,4.19112136352695,-0.12136352695019992,True,1,0.001,0.001,0.0015,line_search,0,0.0
8,2,optimized,,12,0.007625014166119359,0.007609411271639362,MZI7_arm1,9,7,1,5.005,5.0050170494452955,-0.01704944529565613,True,1,0.001,0.001,0.0015,line_search,0,0.0
8,2,optimized,,12,0.007609411271639362,0.007609411271639362,MZI7_arm0,13,7,0,4.084,4.084,0.013216848161725735,False,1,0.0016685485839843751,0.0016685485839843751,0.001,rejected,0,0.0
8,2,optimized,,12,0.007609411271639362,0.007609411271639362,MZI5_arm0,11,5,0,4.092,4.092,-0.0022714863424478735,False,8,0.24027099609375002,0.24027099609375002,0.12013549804687501,rejected,0,0.0
8,2,optimized,,12,0.007609411271639362,0.007609411271639362,MZI5_arm1,7,5,1,2.5,2.5,0.0058042274356752445,False,1,0.001,0.001,0.001,rejected,0,0.0
8,2,optimized,,12,0.007609411271639362,0.007609411271639362,MZI8_arm1,10,8,1,4.0,4.0,0.003661957808553153,False,1,0.0019775390625000003,0.0019775390625000003,0.001,rejected,0,0.0
8,2,optimized,,12,0.007609411271639362,0.007609411271639362,MZI8_arm0,14,8,0,4.0,4.0,0.0043337263843468195,False,1,0.001,0.001,0.001,rejected,0,0.0
8,2,optimized,,12,0.007609411271639362,0.007609411271639362,MZI6_arm1,8,6,1,5.5,5.5,-0.002751305222626931,False,0,0.001,0.001,0.001,rejected,0,0.0
8,3,optimized,,0,1.6113917728457734,1.6112455411394082,MZI9_arm0,76,9,0,4.133,4.121621877973965,0.11378122026035296,True,1,0.1,0.1,0.15000000000000002,line_search,0,0.0
8,3,optimized,,0,1.6112455411394082,1.1640371287847713,MZI9_arm1,72,9,1,0.0,2.5,0.005181676833532212,True,0,0.1,0.1,0.15000000000000002,lower_boundary_coarse_search,11,2.5
8,3,optimized,,0,1.1640371287847713,1.1322437247194337,MZI10_arm0,75,10,0,4.332,4.275196170373756,0.5680382962624363,True,1,0.1,0.1,0.15000000000000002,line_search,0,0.0
8,3,optimized,,0,1.1322437247194337,1.131699569017182,MZI10_arm1,71,10,1,0.0,0.0006344402578206676,-0.006344402578206676,True,1,0.1,0.1,0.15000000000000002,line_search,0,0.0
8,3,optimized,,0,1.131699569017182,1.1172909103695292,MZI11_arm0,74,11,0,4.394,4.433763197192692,-0.3976319719269235,True,1,0.1,0.1,0.15000000000000002,line_search,0,0.0
8,3,optimized,,0,1.1172909103695292,1.1161970428449108,MZI11_arm1,70,11,1,0.0,0.0016815271863984682,-0.033630543727969364,True,2,0.1,0.05,0.07500000000000001,line_search,0,0.0
8,3,optimized,,0,1.1161970428449108,1.0995508509773477,MZI12_arm0,73,12,0,4.16,4.123334242007485,0.36665757992515263,True,1,0.1,0.1,0.15000000000000002,line_search,0,0.0
8,3,optimized,,0,1.0995508509773477,0.693605713868389,MZI12_arm1,69,12,1,0.0,2.0,0.03571932629569119,True,0,0.1,0.1,0.15000000000000002,lower_boundary_coarse_search,11,2.0
8,3,optimized,,1,0.696662230788163,0.6205325054678317,MZI10_arm0,75,10,0,4.275,4.175000000000001,0.6781967277374573,True,1,0.15000000000000002,0.15000000000000002,0.22500000000000003,line_search,0,0.0
8,3,optimized,,1,0.6205325054678317,0.5806255044461428,MZI11_arm0,74,11,0,4.434,4.502689931386179,-0.4579328759078586,True,1,0.15000000000000002,0.15000000000000002,0.22500000000000003,line_search,0,0.0
8,3,optimized,,1,0.5806255044461428,0.5700346407852501,MZI12_arm0,73,12,0,4.123,4.078060837811047,0.29959441459301933,True,1,0.15000000000000002,0.15000000000000002,0.22500000000000003,line_search,0,0.0
8,3,optimized,,1,0.5700346407852501,0.5677657073664663,MZI9_arm0,76,9,0,4.122,4.133937893798752,-0.07958595865834475,True,1,0.15000000000000002,0.15000000000000002,0.22500000000000003,line_search,0,0.0
8,3,optimized,,1,0.5677657073664663,0.5665203439184727,MZI12_arm1,69,12,1,2.0,2.013607651505025,-0.09071767670016653,True,1,0.15000000000000002,0.15000000000000002,0.22500000000000003,line_search,0,0.0
8,3,optimized,,1,0.5665203439184727,0.5664456585558421,MZI11_arm1,70,11,1,0.002,0.0023264391919332514,-0.008705045118220033,True,2,0.07500000000000001,0.037500000000000006,0.05625000000000001,line_search,0,0.0
8,3,optimized,,1,0.5664456585558421,0.5660011369625809,MZI10_arm1,71,10,1,0.001,0.0,3.0602166790582186,True,1,0.15000000000000002,0.15000000000000002,0.22500000000000003,line_search,0,0.0
8,3,optimized,,1,0.5660011369625809,0.5660011369625809,MZI9_arm1,72,9,1,2.5,2.5,0.051100901250664084,False,8,0.15000000000000002,0.15000000000000002,0.07500000000000001,rejected,0,0.0
8,3,optimized,,2,0.5677802601553835,0.3341294613518891,MZI10_arm1,71,10,1,0.0,3.0,0.004885432500506548,True,0,0.22500000000000003,0.22500000000000003,0.3375,lower_boundary_coarse_search,11,3.0
8,3,optimized,,2,0.3341294613518891,0.3318748696609183,MZI10_arm0,75,10,0,4.175,4.136231432218292,0.17230474569647858,True,1,0.22500000000000003,0.22500000000000003,0.3375,line_search,0,0.0
8,3,optimized,,2,0.3318748696609183,0.2530850962203348,MZI11_arm0,74,11,0,4.503,4.603,-0.6228953056361142,True,1,0.22500000000000003,0.22500000000000003,0.3375,line_search,0,0.0
8,3,optimized,,2,0.2530850962203348,0.24960417423334252,MZI12_arm0,73,12,0,4.078,4.04099947895218,0.16444676021253257,True,1,0.22500000000000003,0.22500000000000003,0.3375,line_search,0,0.0
8,3,optimized,,2,0.24960417423334252,0.24763499191479263,MZI12_arm1,69,12,1,2.014,2.01145420901169,0.01131462661471196,True,1,0.22500000000000003,0.22500000000000003,0.3375,line_search,0,0.0
8,3,optimized,,2,0.24763499191479263,0.24594640239333584,MZI9_arm0,76,9,0,4.134,4.1588065414847835,-0.11025129548792338,True,1,0.22500000000000003,0.22500000000000003,0.3375,line_search,0,0.0
8,3,optimized,,2,0.24594640239333584,0.24524304416652717,MZI9_arm1,72,9,1,2.5,2.495674918274447,0.05766775634070543,True,1,0.07500000000000001,0.07500000000000001,0.11250000000000002,line_search,0,0.0
8,3,optimized,,2,0.24524304416652717,0.24459945491519122,MZI11_arm1,70,11,1,0.002,0.0021707664750825082,-0.024286787567290052,True,4,0.05625000000000001,0.007031250000000001,0.010546875,line_search,0,0.0
8,3,optimized,,3,0.24409520291991033,0.15581894438279398,MZI11_arm0,74,11,0,4.603,4.702999999999999,-0.8672703899318344,True,1,0.3375,0.3375,0.5062500000000001,line_search,0,0.0
8,3,optimized,,3,0.15581894438279398,0.15510793789582303,MZI10_arm0,75,10,0,4.136,4.116157226099956,0.05879340414828003,True,1,0.3375,0.3375,0.5062500000000001,line_search,0,0.0
8,3,optimized,,3,0.15510793789582303,0.15510176588718289,MZI12_arm0,73,12,0,4.041,4.016664478383811,0.07210524923315172,True,1,0.3375,0.3375,0.5062500000000001,line_search,0,0.0
8,3,optimized,,3,0.15510176588718289,0.15405427562618587,MZI9_arm0,76,9,0,4.159,4.180504872611854,-0.06371814107215959,True,1,0.3375,0.3375,0.5062500000000001,line_search,0,0.0
8,3,optimized,,3,0.15405427562618587,0.15353863569312795,MZI9_arm1,72,9,1,2.496,2.4930430967890036,0.02628358409774709,True,1,0.11250000000000002,0.11250000000000002,0.16875,line_search,0,0.0
8,3,optimized,,3,0.15353863569312795,0.15310804454973334,MZI11_arm1,70,11,1,0.002,0.0017878247609427454,0.020117355999502658,True,1,0.010546875,0.010546875,0.015820312500000003,line_search,0,0.0
8,3,optimized,,3,0.15310804454973334,0.15248625826810946,MZI12_arm1,69,12,1,2.011,2.017246223008468,-0.5922344778398955,True,6,0.3375,0.010546875,0.015820312500000003,line_search,0,0.0
8,3,optimized,,3,0.15248625826810946,0.15248625826810946,MZI10_arm1,71,10,1,3.0,3.0,0.003470507829195915,False,9,0.3375,0.3375,0.16875,rejected,0,0.0
8,3,optimized,,4,0.15300440805174886,0.07711967765317046,MZI11_arm0,74,11,0,4.703,4.803,-0.8335356495655183,True,1,0.5062500000000001,0.5062500000000001,0.7593750000000001,line_search,0,0.0
8,3,optimized,,4,0.07711967765317046,0.07692217641586527,MZI12_arm1,69,12,1,2.017,2.0168906089165097,0.006914596882337178,True,1,0.015820312500000003,0.015820312500000003,0.023730468750000004,line_search,0,0.0
8,3,optimized,,4,0.07692217641586527,0.07684120628146704,MZI12_arm0,73,12,0,4.017,4.01397606618353,0.01194640520087142,True,2,0.5062500000000001,0.25312500000000004,0.37968750000000007,line_search,0,0.0
8,3,optimized,,4,0.07684120628146704,0.07634153222731198,MZI9_arm0,76,9,0,4.181,4.184093534049669,-0.006110684542556246,True,1,0.5062500000000001,0.5062500000000001,0.7593750000000001,line_search,0,0.0
8,3,optimized,,4,0.07634153222731198,0.07627487958073839,MZI10_arm0,75,10,0,4.116,4.133105135780095,-0.033787922528583814,True,1,0.5062500000000001,0.5062500000000001,0.7593750000000001,line_search,0,0.0
8,3,optimized,,4,0.07627487958073839,0.07585227389519107,MZI9_arm1,72,9,1,2.493,2.4920758832130954,0.005476247626101655,True,1,0.16875,0.16875,0.25312500000000004,line_search,0,0.0
8,3,optimized,,4,0.07585227389519107,0.07585227389519107,MZI11_arm1,70,11,1,0.002,0.002,-0.013239522910622747,False,4,0.015820312500000003,0.015820312500000003,0.007910156250000001,rejected,0,0.0
8,3,optimized,,4,0.07585227389519107,0.07585227389519107,MZI10_arm1,71,10,1,3.0,3.0,-0.020567199195195198,False,8,0.16875,0.16875,0.084375,rejected,0,0.0
8,3,optimized,,5,0.0766518157605436,0.029452271000338193,MZI11_arm0,74,11,0,4.803,4.903,-0.6262108438131622,True,1,0.7593750000000001,0.7593750000000001,1.0,line_search,0,0.0
8,3,optimized,,5,0.029452271000338193,0.029174945545238928,MZI10_arm0,75,10,0,4.133,4.120372139046968,0.0166292819134579,True,1,0.7593750000000001,0.7593750000000001,1.0,line_search,0,0.0
8,3,optimized,,5,0.029174945545238928,0.028173053580252405,MZI10_arm1,71,10,1,3.0,2.999981195573228,0.014263505936754668,True,7,0.084375,0.001318359375,0.0019775390625000003,line_search,0,0.0
8,3,optimized,,5,0.028173053580252405,0.028173053580252405,MZI11_arm1,70,11,1,0.002,0.002,-0.012089637432337352,False,3,0.007910156250000001,0.007910156250000001,0.003955078125000001,rejected,0,0.0
8,3,optimized,,5,0.028173053580252405,0.028173053580252405,MZI12_arm0,73,12,0,4.014,4.014,-0.0005603591904100302,False,9,0.37968750000000007,0.37968750000000007,0.18984375000000003,rejected,0,0.0
8,3,optimized,,5,0.028173053580252405,0.028173053580252405,MZI12_arm1,69,12,1,2.017,2.017,0.00105251868966899,False,5,0.023730468750000004,0.023730468750000004,0.011865234375000002,rejected,0,0.0
8,3,optimized,,5,0.028173053580252405,0.028173053580252405,MZI9_arm0,76,9,0,4.184,4.184,0.003455200892597027,False,10,0.7593750000000001,0.7593750000000001,0.37968750000000007,rejected,0,0.0
8,3,optimized,,5,0.028173053580252405,0.028173053580252405,MZI9_arm1,72,9,1,2.492,2.492,-0.004603848510040336,False,8,0.25312500000000004,0.25312500000000004,0.12656250000000002,rejected,0,0.0
8,3,optimized,,6,0.03069935504322379,0.019801661746530815,MZI11_arm0,74,11,0,4.903,5.002999999999999,-0.2823811214558196,True,1,1.0,1.0,1.0,line_search,0,0.0
8,3,optimized,,6,0.019801661746530815,0.019321637854415707,MZI10_arm0,75,10,0,4.12,4.206673992666279,-0.08667399266627929,True,1,1.0,1.0,1.0,line_search,0,0.0
8,3,optimized,,6,0.019321637854415707,0.019321637854415707,MZI10_arm1,71,10,1,3.0,3.0,-0.04166188718321717,False,1,0.0019775390625000003,0.0019775390625000003,0.001,rejected,0,0.0
8,3,optimized,,6,0.019321637854415707,0.0191214228507668,MZI11_arm1,70,11,1,0.002,0.0020030644029336788,-0.0015496042489318196,True,2,0.003955078125000001,0.0019775390625000003,0.0029663085937500005,line_search,0,0.0
8,3,optimized,,6,0.0191214228507668,0.019079627437085443,MZI9_arm1,72,9,1,2.492,2.4920526500726,-0.0033280045890289917,True,4,0.12656250000000002,0.015820312500000003,0.023730468750000004,line_search,0,0.0
8,3,optimized,,6,0.019079627437085443,0.019079627437085443,MZI9_arm0,76,9,0,4.184,4.184,0.0011163176177470219,False,9,0.37968750000000007,0.37968750000000007,0.18984375000000003,rejected,0,0.0
8,3,optimized,,6,0.019079627437085443,0.019079627437085443,MZI12_arm1,69,12,1,2.017,2.017,0.0007709128726903971,False,4,0.011865234375000002,0.011865234375000002,0.005932617187500001,rejected,0,0.0
8,3,optimized,,6,0.019079627437085443,0.01898568352047539,MZI12_arm0,73,12,0,4.014,4.013976036089679,0.001009837208577901,True,4,0.18984375000000003,0.023730468750000004,0.035595703125,line_search,0,0.0
8,3,optimized,,7,0.019123356250947823,0.018847389860439764,MZI11_arm0,74,11,0,5.003,4.981497521052436,0.0430049578951279,True,2,1.0,0.5,0.75,line_search,0,0.0
8,3,optimized,,7,0.018847389860439764,0.0180976872243244,MZI10_arm0,75,10,0,4.207,4.141446266388815,0.06555373361118445,True,1,1.0,1.0,1.0,line_search,0,0.0
8,3,optimized,,7,0.0180976872243244,0.018028278080622386,MZI10_arm1,71,10,1,3.0,2.999953755996458,0.04624400354212052,True,1,0.001,0.001,0.0015,line_search,0,0.0
8,3,optimized,,7,0.018028278080622386,0.01793501507941206,MZI9_arm1,72,9,1,2.492,2.492010864795498,-0.0036627327045118396,True,4,0.023730468750000004,0.0029663085937500005,0.004449462890625,line_search,0,0.0
8,3,optimized,,7,0.01793501507941206,0.01793501507941206,MZI11_arm1,70,11,1,0.002,0.002,-0.0005194465031415553,False,2,0.0029663085937500005,0.0029663085937500005,0.0014831542968750003,rejected,0,0.0
8,3,optimized,,7,0.01793501507941206,0.01793501507941206,MZI9_arm0,76,9,0,4.184,4.184,0.005706133957769765,False,8,0.18984375000000003,0.18984375000000003,0.09492187500000002,rejected,0,0.0
8,3,optimized,,7,0.01793501507941206,0.01793501507941206,MZI12_arm0,73,12,0,4.014,4.014,0.0017792952558962427,False,6,0.035595703125,0.035595703125,0.0177978515625,rejected,0,0.0
8,3,optimized,,7,0.01793501507941206,0.01793501507941206,MZI12_arm1,69,12,1,2.017,2.017,-0.002510309461448404,False,3,0.005932617187500001,0.005932617187500001,0.0029663085937500005,rejected,0,0.0
8,3,optimized,,8,0.018009701360844878,0.017927604774191384,MZI10_arm0,75,10,0,4.141,4.18969876117178,-0.04869876117177948,True,1,1.0,1.0,1.0,line_search,0,0.0
8,3,optimized,,8,0.017927604774191384,0.017927604774191384,MZI10_arm1,71,10,1,3.0,3.0,-0.022744648942818274,False,1,0.0015,0.0015,0.001,rejected,0,0.0
8,3,optimized,,8,0.017927604774191384,0.017779743385776217,MZI11_arm0,74,11,0,4.981,4.982932320058715,-0.02061141395962698,True,4,0.75,0.09375,0.140625,line_search,0,0.0
8,3,optimized,,8,0.017779743385776217,0.017779743385776217,MZI9_arm0,76,9,0,4.184,4.184,0.0042744016527465145,False,7,0.09492187500000002,0.09492187500000002,0.04746093750000001,rejected,0,0.0
8,3,optimized,,8,0.017779743385776217,0.017779743385776217,MZI9_arm1,72,9,1,2.492,2.492,-0.007177264596052579,False,3,0.004449462890625,0.004449462890625,0.0022247314453125,rejected,0,0.0
8,3,optimized,,8,0.017779743385776217,0.017779743385776217,MZI12_arm1,69,12,1,2.017,2.017,0.0003200343236310109,False,2,0.0029663085937500005,0.0029663085937500005,0.0014831542968750003,rejected,0,0.0
8,3,optimized,,8,0.017779743385776217,0.017779743385776217,MZI12_arm0,73,12,0,4.014,4.014,-0.0008317022273706275,False,5,0.0177978515625,0.0177978515625,0.00889892578125,rejected,0,0.0
8,3,optimized,,8,0.017779743385776217,0.017779743385776217,MZI11_arm1,70,11,1,0.002,0.002,0.00023984635878834058,False,1,0.0014831542968750003,0.0014831542968750003,0.001,rejected,0,0.0
8,4,optimized,,0,1.0322983240945303,1.030654535310249,MZI13_arm0,19,13,0,4.119,4.1306089938985355,-0.1160899389853556,True,1,0.1,0.1,0.15000000000000002,line_search,0,0.0
8,4,optimized,,0,1.030654535310249,0.6867215860321242,MZI13_arm1,15,13,1,0.0,5.5,0.02100410135180697,True,0,0.1,0.1,0.15000000000000002,lower_boundary_coarse_search,11,5.5
8,4,optimized,,0,0.6867215860321242,0.677275911118733,MZI14_arm0,20,14,0,4.285,4.28597994930544,-0.01959898610878516,True,2,0.1,0.05,0.07500000000000001,line_search,0,0.0
8,4,optimized,,0,0.677275911118733,0.3645500860716686,MZI14_arm1,16,14,1,0.0,2.5,0.001239998082025462,True,0,0.1,0.1,0.15000000000000002,lower_boundary_coarse_search,11,2.5
8,4,optimized,,0,0.3645500860716686,0.34445980854642383,MZI15_arm0,21,15,0,4.157,4.197301712086303,-0.4030171208630337,True,1,0.1,0.1,0.15000000000000002,line_search,0,0.0
8,4,optimized,,0,0.34445980854642383,0.3435709762409305,MZI15_arm1,17,15,1,0.0,0.0007582598543892649,-0.007582598543892649,True,1,0.1,0.1,0.15000000000000002,line_search,0,0.0
8,4,optimized,,0,0.3435709762409305,0.3431306296544879,MZI16_arm0,22,16,0,3.957,3.952211931365865,0.04788068634134636,True,1,0.1,0.1,0.15000000000000002,line_search,0,0.0
8,4,optimized,,0,0.3431306296544879,0.3429233011370779,MZI16_arm1,18,16,1,0.0,0.00031085229459285046,-0.006217045891857009,True,2,0.1,0.05,0.07500000000000001,line_search,0,0.0
8,4,optimized,,1,0.34341541003471376,0.2845963297406508,MZI15_arm0,21,15,0,4.197,4.2845635894743195,-0.5837572631621296,True,1,0.15000000000000002,0.15000000000000002,0.22500000000000003,line_search,0,0.0
8,4,optimized,,1,0.2845963297406508,0.2845963297406508,MZI13_arm0,19,13,0,4.131,4.131,0.3107981136449927,False,8,0.15000000000000002,0.15000000000000002,0.07500000000000001,rejected,0,0.0
8,4,optimized,,1,0.2845963297406508,0.28407769081613504,MZI16_arm0,22,16,0,3.952,3.9432916004677407,0.05805599688172842,True,1,0.15000000000000002,0.15000000000000002,0.22500000000000003,line_search,0,0.0
8,4,optimized,,1,0.28407769081613504,0.2838134643290295,MZI13_arm1,15,13,1,5.5,5.49943704722007,0.007506037065729991,True,2,0.15000000000000002,0.07500000000000001,0.11250000000000002,line_search,0,0.0
8,4,optimized,,1,0.2838134643290295,0.2838134643290295,MZI14_arm0,20,14,0,4.286,4.286,-0.008508769810400456,False,7,0.07500000000000001,0.07500000000000001,0.037500000000000006,rejected,0,0.0
8,4,optimized,,1,0.2838134643290295,0.28374416985682777,MZI15_arm1,17,15,1,0.001,0.0030965716253893273,-0.01397714416926218,True,1,0.15000000000000002,0.15000000000000002,0.22500000000000003,line_search,0,0.0
8,4,optimized,,1,0.28374416985682777,0.28374416985682777,MZI16_arm1,18,16,1,0.0,0.0,0.002612890375125465,False,0,0.07500000000000001,0.07500000000000001,0.037500000000000006,rejected,11,0.0
8,4,optimized,,1,0.28374416985682777,0.2835118550108581,MZI14_arm1,16,14,1,2.5,2.499054588716036,0.05042193514475514,True,4,0.15000000000000002,0.018750000000000003,0.028125000000000004,line_search,0,0.0
8,4,optimized,,2,0.2838967013151825,0.20899506199109372,MZI15_arm0,21,15,0,4.285,4.385,-0.7462068781841725,True,1,0.22500000000000003,0.22500000000000003,0.3375,line_search,0,0.0
8,4,optimized,,2,0.20899506199109372,0.20858872230893308,MZI13_arm0,19,13,0,4.131,4.133283665873494,-0.030448878313246674,True,1,0.07500000000000001,0.07500000000000001,0.11250000000000002,line_search,0,0.0
8,4,optimized,,2,0.20858872230893308,0.20798905599011555,MZI16_arm0,22,16,0,3.943,3.9367301696370833,0.027865912724073908,True,1,0.22500000000000003,0.22500000000000003,0.3375,line_search,0,0.0
8,4,optimized,,2,0.20798905599011555,0.20798905599011555,MZI14_arm1,16,14,1,2.499,2.499,0.02587709765419913,False,5,0.028125000000000004,0.028125000000000004,0.014062500000000002,rejected,0,0.0
8,4,optimized,,2,0.20798905599011555,0.20774592667187616,MZI15_arm1,17,15,1,0.003,0.003047090265934597,-0.026789129065015207,True,8,0.22500000000000003,0.0017578125000000003,0.00263671875,line_search,0,0.0
8,4,optimized,,2,0.20774592667187616,0.20693312639475456,MZI14_arm0,20,14,0,4.286,4.286070740772911,-0.030182729775617093,True,5,0.037500000000000006,0.0023437500000000003,0.0035156250000000005,line_search,0,0.0
8,4,optimized,,2,0.20693312639475456,0.20693312639475456,MZI13_arm1,15,13,1,5.499,5.499,-0.06331157314732593,False,7,0.11250000000000002,0.11250000000000002,0.05625000000000001,rejected,0,0.0
8,4,optimized,,2,0.20693312639475456,0.20693312639475456,MZI16_arm1,18,16,1,0.0,0.0,0.0081258048006988,False,0,0.037500000000000006,0.037500000000000006,0.018750000000000003,rejected,11,0.0
8,4,optimized,,3,0.20932320825001036,0.1408948277401208,MZI15_arm0,21,15,0,4.385,4.484999999999999,-0.7326486033835307,True,1,0.3375,0.3375,0.5062500000000001,line_search,0,0.0
8,4,optimized,,3,0.1408948277401208,0.14065945661377083,MZI13_arm1,15,13,1,5.499,5.5,-0.06797738827884538,True,1,0.05625000000000001,0.05625000000000001,0.084375,line_search,0,0.0
8,4,optimized,,3,0.14065945661377083,0.14045831792059876,MZI13_arm0,19,13,0,4.133,4.13676646173609,-0.0334796598763565,True,1,0.11250000000000002,0.11250000000000002,0.16875,line_search,0,0.0
8,4,optimized,,3,0.14045831792059876,0.14035217367526154,MZI14_arm0,20,14,0,4.286,4.286080198038061,-0.04562377276388738,True,2,0.0035156250000000005,0.0017578125000000003,0.00263671875,line_search,0,0.0
8,4,optimized,,3,0.14035217367526154,0.14035217367526154,MZI16_arm0,22,16,0,3.937,3.937,0.024883962208455797,False,9,0.3375,0.3375,0.16875,rejected,0,0.0
8,4,optimized,,3,0.14035217367526154,0.14035217367526154,MZI15_arm1,17,15,1,0.003,0.003,-0.011644930507447932,False,2,0.00263671875,0.00263671875,0.001318359375,rejected,0,0.0
8,4,optimized,,3,0.14035217367526154,0.14035217367526154,MZI14_arm1,16,14,1,2.499,2.499,0.036191861059073314,False,4,0.014062500000000002,0.014062500000000002,0.007031250000000001,rejected,0,0.0
8,4,optimized,,3,0.14035217367526154,0.14035217367526154,MZI16_arm1,18,16,1,0.0,0.0,0.0028774315663560035,False,0,0.018750000000000003,0.018750000000000003,0.009375000000000001,rejected,11,0.0
8,4,optimized,,4,0.13995448096937516,0.09489240247292789,MZI15_arm0,21,15,0,4.485,4.585,-0.596051806876854,True,1,0.5062500000000001,0.5062500000000001,0.7593750000000001,line_search,0,0.0
8,4,optimized,,4,0.09489240247292789,0.09489240247292789,MZI13_arm1,15,13,1,5.5,5.5,0.018787017977848052,False,7,0.084375,0.084375,0.0421875,rejected,0,0.0
8,4,optimized,,4,0.09489240247292789,0.09489240247292789,MZI14_arm0,20,14,0,4.286,4.286,-0.059487783987755234,False,2,0.00263671875,0.00263671875,0.001318359375,rejected,0,0.0
8,4,optimized,,4,0.09489240247292789,0.09489240247292789,MZI14_arm1,16,14,1,2.499,2.499,0.025837569740907982,False,3,0.007031250000000001,0.007031250000000001,0.0035156250000000005,rejected,0,0.0
8,4,optimized,,4,0.09489240247292789,0.09489240247292789,MZI13_arm0,19,13,0,4.137,4.137,-0.025427205865240762,False,8,0.16875,0.16875,0.084375,rejected,0,0.0
8,4,optimized,,4,0.09489240247292789,0.09427237508733931,MZI16_arm0,22,16,0,3.937,3.936999471145688,0.00020057289464650555,True,7,0.16875,0.00263671875,0.003955078125000001,line_search,0,0.0
8,4,optimized,,4,0.09427237508733931,0.09427237508733931,MZI15_arm1,17,15,1,0.003,0.003,0.011618750131924647,False,1,0.001318359375,0.001318359375,0.001,rejected,0,0.0
8,4,optimized,,4,0.09427237508733931,0.09427237508733931,MZI16_arm1,18,16,1,0.0,0.0,-0.006246406466425131,False,4,0.009375000000000001,0.009375000000000001,0.004687500000000001,rejected,11,0.0
8,4,optimized,,5,0.09388003520684157,0.07929839262282552,MZI15_arm0,21,15,0,4.585,4.685,-0.3160512021127463,True,1,0.7593750000000001,0.7593750000000001,1.0,line_search,0,0.0
8,4,optimized,,5,0.07929839262282552,0.07929839262282552,MZI14_arm0,20,14,0,4.286,4.286,-0.05197387315931189,False,1,0.001318359375,0.001318359375,0.001,rejected,0,0.0
8,4,optimized,,5,0.07929839262282552,0.07929839262282552,MZI14_arm1,16,14,1,2.499,2.499,0.03358724670470996,False,2,0.0035156250000000005,0.0035156250000000005,0.0017578125000000003,rejected,0,0.0
8,4,optimized,,5,0.07929839262282552,0.07929839262282552,MZI13_arm0,19,13,0,4.137,4.137,-0.025717445339371932,False,7,0.084375,0.084375,0.0421875,rejected,0,0.0
8,4,optimized,,5,0.07929839262282552,0.07929839262282552,MZI13_arm1,15,13,1,5.5,5.5,0.013329141128293483,False,6,0.0421875,0.0421875,0.02109375,rejected,0,0.0
8,4,optimized,,5,0.07929839262282552,0.07929839262282552,MZI15_arm1,17,15,1,0.003,0.003,0.0062336327433442475,False,1,0.001,0.001,0.001,rejected,0,0.0
8,4,optimized,,5,0.07929839262282552,0.07929839262282552,MZI16_arm1,18,16,1,0.0,0.0,0.005922598680589003,False,0,0.004687500000000001,0.004687500000000001,0.0023437500000000003,rejected,11,0.0
8,4,optimized,,5,0.07929839262282552,0.07929839262282552,MZI16_arm0,22,16,0,3.937,3.937,-0.021190609043789787,False,2,0.003955078125000001,0.003955078125000001,0.0019775390625000003,rejected,0,0.0
8,4,optimized,,6,0.07990041697951697,0.07965184395967995,MZI15_arm0,21,15,0,4.685,4.690422857870762,-0.02169143148304774,True,3,1.0,0.25,0.375,line_search,0,0.0
8,4,optimized,,6,0.07965184395967995,0.07961066500990979,MZI14_arm0,20,14,0,4.286,4.286063036091195,-0.06303609119582723,True,1,0.001,0.001,0.0015,line_search,0,0.0
8,4,optimized,,6,0.07961066500990979,0.07961066500990979,MZI14_arm1,16,14,1,2.499,2.499,0.031737910810976,False,1,0.0017578125000000003,0.0017578125000000003,0.001,rejected,0,0.0
8,4,optimized,,6,0.07961066500990979,0.07915680059976975,MZI13_arm0,19,13,0,4.137,4.137448105566542,-0.021243523154620383,True,2,0.0421875,0.02109375,0.031640625000000006,line_search,0,0.0
8,4,optimized,,6,0.07915680059976975,0.07915680059976975,MZI16_arm0,22,16,0,3.937,3.937,-0.0078118442104740185,False,1,0.0019775390625000003,0.0019775390625000003,0.001,rejected,0,0.0
8,4,optimized,,6,0.07915680059976975,0.07915680059976975,MZI13_arm1,15,13,1,5.5,5.5,0.011360206956010747,False,5,0.02109375,0.02109375,0.010546875,rejected,0,0.0
8,4,optimized,,6,0.07915680059976975,0.07915680059976975,MZI15_arm1,17,15,1,0.003,0.003,0.0023619735755115133,False,1,0.001,0.001,0.001,rejected,0,0.0
8,4,optimized,,6,0.07915680059976975,0.07915680059976975,MZI16_arm1,18,16,1,0.0,0.0,0.0021765023486323976,False,0,0.0023437500000000003,0.0023437500000000003,0.0011718750000000002,rejected,11,0.0
8,4,optimized,,7,0.07953517244638252,0.07953517244638252,MZI14_arm0,20,14,0,4.286,4.286,-0.04936486704197747,False,1,0.0015,0.0015,0.001,rejected,0,0.0
8,4,optimized,,7,0.07953517244638252,0.07953517244638252,MZI14_arm1,16,14,1,2.499,2.499,0.03587672668268583,False,1,0.001,0.001,0.001,rejected,0,0.0
8,4,optimized,,7,0.07953517244638252,0.07953517244638252,MZI15_arm0,21,15,0,4.69,4.69,0.008216717370772808,False,9,0.375,0.375,0.1875,rejected,0,0.0
8,4,optimized,,7,0.07953517244638252,0.07953517244638252,MZI13_arm0,19,13,0,4.137,4.137,-0.014236200562230085,False,5,0.031640625000000006,0.031640625000000006,0.015820312500000003,rejected,0,0.0
8,4,optimized,,7,0.07953517244638252,0.07953517244638252,MZI13_arm1,15,13,1,5.5,5.5,-0.012921277285563996,False,0,0.010546875,0.010546875,0.0052734375,rejected,0,0.0
8,4,optimized,,7,0.07953517244638252,0.07953517244638252,MZI16_arm0,22,16,0,3.937,3.937,-0.007620728341633028,False,1,0.001,0.001,0.001,rejected,0,0.0
8,4,optimized,,7,0.07953517244638252,0.07953517244638252,MZI15_arm1,17,15,1,0.003,0.003,0.007990178004299697,False,1,0.001,0.001,0.001,rejected,0,0.0
8,4,optimized,,7,0.07953517244638252,0.07953517244638252,MZI16_arm1,18,16,1,0.0,0.0,-0.00241575956203971,False,1,0.0011718750000000002,0.0011718750000000002,0.001,rejected,11,0.0
8,5,optimized,,0,0.8675123786091802,0.8675123786091802,MZI17_arm0,84,17,0,4.004,4.004,-0.08657337921180264,False,7,0.1,0.1,0.05,rejected,0,0.0
8,5,optimized,,0,0.8675123786091802,0.7219814251503679,MZI17_arm1,80,17,1,0.0,5.0,0.0784198546763204,True,0,0.1,0.1,0.15000000000000002,lower_boundary_coarse_search,11,5.0
8,5,optimized,,0,0.7219814251503679,0.7189052317896711,MZI18_arm0,83,18,0,4.269,4.254757344173083,0.14242655826917663,True,1,0.1,0.1,0.15000000000000002,line_search,0,0.0
8,5,optimized,,0,0.7189052317896711,0.7186615167206641,MZI18_arm1,79,18,1,0.0,0.00010929047136634673,-0.004371618854653869,True,3,0.1,0.025,0.037500000000000006,line_search,0,0.0
8,5,optimized,,0,0.7186615167206641,0.7109135254567094,MZI19_arm0,82,19,0,4.255,4.2825108694844225,-0.27510869484422584,True,1,0.1,0.1,0.15000000000000002,line_search,0,0.0
8,5,optimized,,0,0.7109135254567094,0.7100778971877291,MZI19_arm1,78,19,1,0.0,0.0006521820027516334,-0.006521820027516334,True,1,0.1,0.1,0.15000000000000002,line_search,0,0.0
8,5,optimized,,0,0.7100778971877291,0.7100353440076176,MZI20_arm0,81,20,0,4.131,4.131025352619896,-0.004056419183298774,True,5,0.1,0.00625,0.009375000000000001,line_search,0,0.0
8,5,optimized,,0,0.7100353440076176,0.6155136351789974,MZI20_arm1,77,20,1,0.0,2.5,0.015938141618404567,True,0,0.1,0.1,0.15000000000000002,lower_boundary_coarse_search,11,2.5
8,5,optimized,,1,0.6173076681244806,0.583670304677625,MZI19_arm0,82,19,0,4.283,4.3790984589654585,-0.6406563931030532,True,1,0.15000000000000002,0.15000000000000002,0.22500000000000003,line_search,0,0.0
8,5,optimized,,1,0.583670304677625,0.5761367260062034,MZI18_arm0,83,18,0,4.255,4.22487263756286,0.20084908291426878,True,1,0.15000000000000002,0.15000000000000002,0.22500000000000003,line_search,0,0.0
8,5,optimized,,1,0.5761367260062034,0.5760623126700207,MZI17_arm0,84,17,0,4.004,4.005526639305136,-0.03053278610271635,True,1,0.05,0.05,0.07500000000000001,line_search,0,0.0
8,5,optimized,,1,0.5760623126700207,0.575467993340941,MZI17_arm1,80,17,1,5.0,4.994108459906739,0.03927693395507443,True,1,0.15000000000000002,0.15000000000000002,0.22500000000000003,line_search,0,0.0
8,5,optimized,,1,0.575467993340941,0.573750327278827,MZI20_arm1,77,20,1,2.5,2.486318612975436,0.09120924683042589,True,1,0.15000000000000002,0.15000000000000002,0.22500000000000003,line_search,0,0.0
8,5,optimized,,1,0.573750327278827,0.573750327278827,MZI19_arm1,78,19,1,0.001,0.001,-0.01143181146751313,False,8,0.15000000000000002,0.15000000000000002,0.07500000000000001,rejected,0,0.0
8,5,optimized,,1,0.573750327278827,0.5737232828965411,MZI18_arm1,79,18,1,0.0,0.001086905569441521,-0.05796829703688111,True,2,0.037500000000000006,0.018750000000000003,0.028125000000000004,line_search,0,0.0
8,5,optimized,,1,0.5737232828965411,0.5737232828965411,MZI20_arm0,81,20,0,4.131,4.131,-0.1924325781019739,False,4,0.009375000000000001,0.009375000000000001,0.004687500000000001,rejected,0,0.0
8,5,optimized,,2,0.5746481041287012,0.5365754083329652,MZI19_arm0,82,19,0,4.379,4.468405300946608,-0.3973568930960349,True,1,0.22500000000000003,0.22500000000000003,0.3375,line_search,0,0.0
8,5,optimized,,2,0.5365754083329652,0.516844734950904,MZI18_arm0,83,18,0,4.225,4.165897189223343,0.26267915900736466,True,1,0.22500000000000003,0.22500000000000003,0.3375,line_search,0,0.0
8,5,optimized,,2,0.516844734950904,0.516844734950904,MZI20_arm0,81,20,0,4.131,4.131,-0.16178260351768015,False,3,0.004687500000000001,0.004687500000000001,0.0023437500000000003,rejected,0,0.0
8,5,optimized,,2,0.516844734950904,0.5165060984861752,MZI20_arm1,77,20,1,2.486,2.472323034231493,0.060786514526697755,True,1,0.22500000000000003,0.22500000000000003,0.3375,line_search,0,0.0
8,5,optimized,,2,0.5165060984861752,0.5160737950839974,MZI18_arm1,79,18,1,0.001,0.0003773186153338756,0.02213978256590664,True,1,0.028125000000000004,0.028125000000000004,0.0421875,line_search,0,0.0
8,5,optimized,,2,0.5160737950839974,0.5156300413588574,MZI17_arm1,80,17,1,4.994,4.993932592400161,0.00479342932185888,True,5,0.22500000000000003,0.014062500000000002,0.02109375,line_search,0,0.0
8,5,optimized,,2,0.5156300413588574,0.5152771911242137,MZI17_arm0,84,17,0,4.006,4.006135650632612,-0.028938801623931993,True,5,0.07500000000000001,0.004687500000000001,0.007031250000000001,line_search,0,0.0
8,5,optimized,,2,0.5152771911242137,0.5152771911242137,MZI19_arm1,78,19,1,0.001,0.001,-0.0076906417080934205,False,7,0.07500000000000001,0.07500000000000001,0.037500000000000006,rejected,0,0.0
8,5,optimized,,3,0.5155242573882571,0.4715368508650068,MZI19_arm0,82,19,0,4.468,4.568,-0.45974236271966323,True,1,0.3375,0.3375,0.5062500000000001,line_search,0,0.0
8,5,optimized,,3,0.4715368508650068,0.42758363734022703,MZI18_arm0,83,18,0,4.166,4.066000000000001,0.37594881758811866,True,1,0.3375,0.3375,0.5062500000000001,line_search,0,0.0
8,5,optimized,,3,0.42758363734022703,0.42711945160496795,MZI20_arm0,81,20,0,4.131,4.1311675511952615,-0.1429770199565697,True,2,0.0023437500000000003,0.0011718750000000002,0.0017578125000000003,line_search,0,0.0
8,5,optimized,,3,0.42711945160496795,0.42604621956756056,MZI20_arm1,77,20,1,2.472,2.44777305781682,0.07178353239460776,True,1,0.3375,0.3375,0.5062500000000001,line_search,0,0.0
8,5,optimized,,3,0.42604621956756056,0.4250887646460623,MZI17_arm0,84,17,0,4.006,4.006002857853683,-0.0016258012060802074,True,3,0.007031250000000001,0.0017578125000000003,0.00263671875,line_search,0,0.0
8,5,optimized,,3,0.4250887646460623,0.20575095271987423,MZI18_arm1,79,18,1,0.0,2.0,0.0023737354250902287,True,0,0.0421875,0.0421875,0.06328125000000001,lower_boundary_coarse_search,11,2.0
8,5,optimized,,3,0.20575095271987423,0.20575095271987423,MZI19_arm1,78,19,1,0.001,0.001,-0.06213126761626875,False,6,0.037500000000000006,0.037500000000000006,0.018750000000000003,rejected,0,0.0
8,5,optimized,,3,0.20575095271987423,0.20575095271987423,MZI17_arm1,80,17,1,4.994,4.994,-0.004004078509004057,False,5,0.02109375,0.02109375,0.010546875,rejected,0,0.0
8,5,optimized,,4,0.20691192536898298,0.17173321249674334,MZI19_arm0,82,19,0,4.568,4.667999999999999,-0.44587939015691186,True,1,0.5062500000000001,0.5062500000000001,0.7593750000000001,line_search,0,0.0
8,5,optimized,,4,0.17173321249674334,0.16797527606805862,MZI18_arm0,83,18,0,4.066,4.082617482254576,-0.03282465630533444,True,1,0.5062500000000001,0.5062500000000001,0.7593750000000001,line_search,0,0.0
8,5,optimized,,4,0.16797527606805862,0.16796022437765998,MZI20_arm0,81,20,0,4.131,4.131153674379545,-0.08742364703029337,True,1,0.0017578125000000003,0.0017578125000000003,0.00263671875,line_search,0,0.0
8,5,optimized,,4,0.16796022437765998,0.16567184506281823,MZI20_arm1,77,20,1,2.448,2.3830121131203943,0.12837113457699878,True,1,0.5062500000000001,0.5062500000000001,0.7593750000000001,line_search,0,0.0
8,5,optimized,,4,0.16567184506281823,0.16549124778859842,MZI19_arm1,78,19,1,0.001,0.0009906318666822755,0.0009992675538906233,True,2,0.018750000000000003,0.009375000000000001,0.014062500000000002,line_search,0,0.0
8,5,optimized,,4,0.16549124778859842,0.16549124778859842,MZI17_arm1,80,17,1,4.994,4.994,-0.012957077912708751,False,4,0.010546875,0.010546875,0.0052734375,rejected,0,0.0
8,5,optimized,,4,0.16549124778859842,0.16549124778859842,MZI18_arm1,79,18,1,2.0,2.0,-0.0234337059515456,False,6,0.06328125000000001,0.06328125000000001,0.031640625000000006,rejected,0,0.0
8,5,optimized,,4,0.16549124778859842,0.16541869809065451,MZI17_arm0,84,17,0,4.006,4.005976510818384,0.017816979241295536,True,2,0.00263671875,0.001318359375,0.0019775390625000003,line_search,0,0.0
8,5,optimized,,5,0.16593965620423629,0.1443112111274291,MZI19_arm0,82,19,0,4.668,4.768,-0.2993250049776819,True,1,0.7593750000000001,0.7593750000000001,1.0,line_search,0,0.0
8,5,optimized,,5,0.1443112111274291,0.14406831547136012,MZI20_arm1,77,20,1,2.383,2.3620428746534277,0.02759786053869587,True,1,0.7593750000000001,0.7593750000000001,1.0,line_search,0,0.0
8,5,optimized,,5,0.14406831547136012,0.14406831547136012,MZI20_arm0,81,20,0,4.131,4.131,0.009561683243140337,False,2,0.00263671875,0.00263671875,0.001318359375,rejected,0,0.0
8,5,optimized,,5,0.14406831547136012,0.14406831547136012,MZI18_arm0,83,18,0,4.083,4.083,0.0029088487820371554,False,10,0.7593750000000001,0.7593750000000001,0.37968750000000007,rejected,0,0.0
8,5,optimized,,5,0.14406831547136012,0.14406831547136012,MZI18_arm1,79,18,1,2.0,2.0,-0.027986121465760325,False,5,0.031640625000000006,0.031640625000000006,0.015820312500000003,rejected,0,0.0
8,5,optimized,,5,0.14406831547136012,0.14406831547136012,MZI17_arm0,84,17,0,4.006,4.006,0.016766158949990843,False,1,0.0019775390625000003,0.0019775390625000003,0.001,rejected,0,0.0
8,5,optimized,,5,0.14406831547136012,0.14406831547136012,MZI17_arm1,80,17,1,4.994,4.994,-0.016000591526425446,False,3,0.0052734375,0.0052734375,0.00263671875,rejected,0,0.0
8,5,optimized,,5,0.14406831547136012,0.14406831547136012,MZI19_arm1,78,19,1,0.001,0.001,-0.0019107169509144503,False,4,0.014062500000000002,0.014062500000000002,0.007031250000000001,rejected,0,0.0
8,5,optimized,,6,0.14524357290076828,0.1440501705048918,MZI19_arm0,82,19,0,4.768,4.867999999999999,-0.10895460162579178,True,1,1.0,1.0,1.0,line_search,0,0.0
8,5,optimized,,6,0.1440501705048918,0.14383159338753737,MZI18_arm1,79,18,1,2.0,2.0005183189045255,-0.032762873965056616,True,1,0.015820312500000003,0.015820312500000003,0.023730468750000004,line_search,0,0.0
8,5,optimized,,6,0.14383159338753737,0.14356727776258973,MZI20_arm1,77,20,1,2.362,2.37630636193426,-0.014306361934259675,True,1,1.0,1.0,1.0,line_search,0,0.0
8,5,optimized,,6,0.14356727776258973,0.1433928818644404,MZI17_arm0,84,17,0,4.006,4.00598233087722,0.017669122780323607,True,1,0.001,0.001,0.0015,line_search,0,0.0
8,5,optimized,,6,0.1433928818644404,0.1433928818644404,MZI17_arm1,80,17,1,4.994,4.994,-0.026196447065712645,False,2,0.00263671875,0.00263671875,0.001318359375,rejected,0,0.0
8,5,optimized,,6,0.1433928818644404,0.1433928818644404,MZI20_arm0,81,20,0,4.131,4.131,-0.0014418036740515869,False,1,0.001318359375,0.001318359375,0.001,rejected,0,0.0
8,5,optimized,,6,0.1433928818644404,0.14329772998968252,MZI18_arm0,83,18,0,4.083,4.077078212284453,0.031192955867900107,True,2,0.37968750000000007,0.18984375000000003,0.284765625,line_search,0,0.0
8,5,optimized,,6,0.14329772998968252,0.14329772998968252,MZI19_arm1,78,19,1,0.001,0.001,-0.0037830281767564904,False,3,0.007031250000000001,0.007031250000000001,0.0035156250000000005,rejected,0,0.0
8,5,optimized,,7,0.14457466485744686,0.1436676103560465,MZI19_arm0,82,19,0,4.868,4.784703284317483,0.08329671568251787,True,1,1.0,1.0,1.0,line_search,0,0.0
8,5,optimized,,7,0.1436676103560465,0.14363522822467814,MZI18_arm1,79,18,1,2.001,2.0014555378593886,-0.019196327901808263,True,1,0.023730468750000004,0.023730468750000004,0.035595703125,line_search,0,0.0
8,5,optimized,,7,0.14363522822467814,0.14337098734817993,MZI18_arm0,83,18,0,4.077,4.075886357346101,0.007821468296244527,True,2,0.284765625,0.1423828125,0.21357421875000002,line_search,0,0.0
8,5,optimized,,7,0.14337098734817993,0.14337098734817993,MZI17_arm1,80,17,1,4.994,4.994,-0.01658956273814343,False,1,0.001318359375,0.001318359375,0.001,rejected,0,0.0
8,5,optimized,,7,0.14337098734817993,0.14337098734817993,MZI17_arm0,84,17,0,4.006,4.006,0.021989988666346275,False,1,0.0015,0.0015,0.001,rejected,0,0.0
8,5,optimized,,7,0.14337098734817993,0.14337098734817993,MZI20_arm1,77,20,1,2.376,2.376,0.008840570083951107,False,10,1.0,1.0,0.5,rejected,0,0.0
8,5,optimized,,7,0.14337098734817993,0.14337098734817993,MZI19_arm1,78,19,1,0.001,0.001,0.00022390491785122322,False,2,0.0035156250000000005,0.0035156250000000005,0.0017578125000000003,rejected,0,0.0
8,5,optimized,,7,0.14337098734817993,0.14337098734817993,MZI20_arm0,81,20,0,4.131,4.131,0.009900774844088595,False,1,0.001,0.001,0.001,rejected,0,0.0
8,5,optimized,,8,0.14462215709409254,0.14329271482617373,MZI19_arm0,82,19,0,4.785,4.836884081163293,-0.05188408116329312,True,1,1.0,1.0,1.0,line_search,0,0.0
8,5,optimized,,8,0.14329271482617373,0.1429688515975297,MZI17_arm0,84,17,0,4.006,4.005985689808881,0.014310191119464168,True,1,0.001,0.001,0.0015,line_search,0,0.0
8,5,optimized,,8,0.1429688515975297,0.14288028796105745,MZI18_arm1,79,18,1,2.001,2.001022633483516,-0.020347160160635158,True,6,0.035595703125,0.00111236572265625,0.0016685485839843751,line_search,0,0.0
8,5,optimized,,8,0.14288028796105745,0.14288028796105745,MZI17_arm1,80,17,1,4.994,4.994,-0.00740254926004257,False,1,0.001,0.001,0.001,rejected,0,0.0
8,5,optimized,,8,0.14288028796105745,0.14288028796105745,MZI20_arm0,81,20,0,4.131,4.131,-0.0005439583288240185,False,1,0.001,0.001,0.001,rejected,0,0.0
8,5,optimized,,8,0.14288028796105745,0.14274538359998235,MZI20_arm1,77,20,1,2.376,2.376458039449133,-0.007328631186125083,True,4,0.5,0.0625,0.09375,line_search,0,0.0
8,5,optimized,,8,0.14274538359998235,0.13900650554458024,MZI18_arm0,83,18,0,4.076,4.075655082539954,0.012919816336048466,True,4,0.21357421875000002,0.026696777343750002,0.040045166015625,line_search,0,0.0
8,5,optimized,,8,0.13900650554458024,0.13900650554458024,MZI19_arm1,78,19,1,0.001,0.001,-0.08757417565083546,False,1,0.0017578125000000003,0.0017578125000000003,0.001,rejected,0,0.0
8,5,optimized,,9,0.1409331691392746,0.1409331691392746,MZI19_arm1,78,19,1,0.001,0.001,-0.03836259399028366,False,1,0.001,0.001,0.001,rejected,0,0.0
8,5,optimized,,9,0.1409331691392746,0.13910310325931607,MZI19_arm0,82,19,0,4.837,4.83632780576007,0.04302043135552777,True,7,1.0,0.015625,0.0234375,line_search,0,0.0
8,5,optimized,,9,0.13910310325931607,0.13910310325931607,MZI18_arm1,79,18,1,2.001,2.001,-0.052208095432312814,False,1,0.0016685485839843751,0.0016685485839843751,0.001,rejected,0,0.0
8,5,optimized,,9,0.13910310325931607,0.13910310325931607,MZI17_arm0,84,17,0,4.006,4.006,-0.017876845101273176,False,1,0.0015,0.0015,0.001,rejected,0,0.0
8,5,optimized,,9,0.13910310325931607,0.13910310325931607,MZI18_arm0,83,18,0,4.076,4.076,0.00237869591525613,False,6,0.040045166015625,0.040045166015625,0.0200225830078125,rejected,0,0.0
8,5,optimized,,9,0.13910310325931607,0.13889613789377214,MZI17_arm1,80,17,1,4.994,4.994046193786901,-0.04619378690143798,True,1,0.001,0.001,0.0015,line_search,0,0.0
8,5,optimized,,9,0.13889613789377214,0.13889613789377214,MZI20_arm1,77,20,1,2.376,2.376,-0.014241001659923135,False,7,0.09375,0.09375,0.046875,rejected,0,0.0
8,5,optimized,,9,0.13889613789377214,0.13889613789377214,MZI20_arm0,81,20,0,4.131,4.131,-0.020467524098274646,False,1,0.001,0.001,0.001,rejected,0,0.0
8,5,optimized,,10,0.14001970932151764,0.14000517967099996,MZI18_arm1,79,18,1,2.001,2.0010075911717236,-0.007591171723638622,True,1,0.001,0.001,0.0015,line_search,0,0.0
8,5,optimized,,10,0.14000517967099996,0.14000517967099996,MZI17_arm1,80,17,1,4.994,4.994,-0.05271891508427219,False,1,0.0015,0.0015,0.001,rejected,0,0.0
8,5,optimized,,10,0.14000517967099996,0.13991061700624483,MZI19_arm0,82,19,0,4.836,4.835715287284847,0.02429548502644856,True,2,0.0234375,0.01171875,0.017578125,line_search,0,0.0
8,5,optimized,,10,0.13991061700624483,0.13847434975366948,MZI19_arm1,78,19,1,0.001,0.0010314072869353134,-0.0314072869353133,True,1,0.001,0.001,0.0015,line_search,0,0.0
8,5,optimized,,10,0.13847434975366948,0.13847434975366948,MZI20_arm0,81,20,0,4.131,4.131,-0.051504931899324216,False,1,0.001,0.001,0.001,rejected,0,0.0
8,5,optimized,,10,0.13847434975366948,0.13847434975366948,MZI17_arm0,84,17,0,4.006,4.006,-0.008748023008096996,False,1,0.001,0.001,0.001,rejected,0,0.0
8,5,optimized,,10,0.13847434975366948,0.13847434975366948,MZI20_arm1,77,20,1,2.376,2.376,-0.001758015187124788,False,6,0.046875,0.046875,0.0234375,rejected,0,0.0
8,5,optimized,,10,0.13847434975366948,0.13847434975366948,MZI18_arm0,83,18,0,4.076,4.076,0.001465586712182141,False,5,0.0200225830078125,0.0200225830078125,0.01001129150390625,rejected,0,0.0
8,5,optimized,,11,0.14293115442896207,0.14293115442896207,MZI17_arm1,80,17,1,4.994,4.994,-0.016367665086889156,False,1,0.001,0.001,0.001,rejected,0,0.0
8,5,optimized,,11,0.14293115442896207,0.14269248156211975,MZI20_arm0,81,20,0,4.131,4.13098536141281,0.01463858719060216,True,1,0.001,0.001,0.0015,line_search,0,0.0
8,5,optimized,,11,0.14269248156211975,0.13894485931063716,MZI19_arm1,78,19,1,0.001,0.0009298452875796403,0.04676980828023977,True,1,0.0015,0.0015,0.0022500000000000003,line_search,0,0.0
8,5,optimized,,11,0.13894485931063716,0.13865034520711803,MZI19_arm0,82,19,0,4.836,4.835373855849249,0.03562064502051077,True,1,0.017578125,0.017578125,0.0263671875,line_search,0,0.0
8,5,optimized,,11,0.13865034520711803,0.13865034520711803,MZI17_arm0,84,17,0,4.006,4.006,0.018935805638749442,False,1,0.001,0.001,0.001,rejected,0,0.0
8,5,optimized,,11,0.13865034520711803,0.13858706533426168,MZI18_arm1,79,18,1,2.001,2.0010739030631752,-0.049268708783623646,True,1,0.0015,0.0015,0.0022500000000000003,line_search,0,0.0
8,5,optimized,,11,0.13858706533426168,0.13828317159401687,MZI20_arm1,77,20,1,2.376,2.3760664819181065,-0.011346247356846379,True,3,0.0234375,0.005859375,0.0087890625,line_search,0,0.0
8,5,optimized,,11,0.13828317159401687,0.13828317159401687,MZI18_arm0,83,18,0,4.076,4.076,0.02223598477943656,False,4,0.01001129150390625,0.01001129150390625,0.005005645751953125,rejected,0,0.0
8,5,optimized,,12,0.13899157391368114,0.1388700113278394,MZI18_arm1,79,18,1,2.001,2.001041426291729,-0.018411685212958006,True,1,0.0022500000000000003,0.0022500000000000003,0.0033750000000000004,line_search,0,0.0
8,5,optimized,,12,0.1388700113278394,0.13828274287846262,MZI19_arm1,78,19,1,0.001,0.0010816662236976923,-0.03629609942119662,True,1,0.0022500000000000003,0.0022500000000000003,0.0033750000000000004,line_search,0,0.0
8,5,optimized,,12,0.13828274287846262,0.13828274287846262,MZI19_arm0,82,19,0,4.835,4.835,-0.005626792058290151,False,5,0.0263671875,0.0263671875,0.01318359375,rejected,0,0.0
8,5,optimized,,12,0.13828274287846262,0.13828274287846262,MZI18_arm0,83,18,0,4.076,4.076,-0.03242927392757486,False,3,0.005005645751953125,0.005005645751953125,0.0025028228759765626,rejected,0,0.0
8,5,optimized,,12,0.13828274287846262,0.13828274287846262,MZI17_arm0,84,17,0,4.006,4.006,0.033707732462046405,False,1,0.001,0.001,0.001,rejected,0,0.0
8,5,optimized,,12,0.13828274287846262,0.13828274287846262,MZI17_arm1,80,17,1,4.994,4.994,-0.02010125419866131,False,1,0.001,0.001,0.001,rejected,0,0.0
8,5,optimized,,12,0.13828274287846262,0.13828274287846262,MZI20_arm0,81,20,0,4.131,4.131,-0.048348584003455104,False,1,0.0015,0.0015,0.001,rejected,0,0.0
8,5,optimized,,12,0.13828274287846262,0.13828274287846262,MZI20_arm1,77,20,1,2.376,2.376,0.0052785819889510045,False,4,0.0087890625,0.0087890625,0.00439453125,rejected,0,0.0
8,5,optimized,,13,0.13923606384175452,0.13854246644041512,MZI20_arm0,81,20,0,4.131,4.1309848006305,0.01519936950016181,True,1,0.001,0.001,0.0015,line_search,0,0.0
8,5,optimized,,13,0.13854246644041512,0.13854246644041512,MZI19_arm1,78,19,1,0.001,0.001,-0.020353078783102465,False,2,0.0033750000000000004,0.0033750000000000004,0.0016875000000000002,rejected,0,0.0
8,5,optimized,,13,0.13854246644041512,0.13854246644041512,MZI17_arm0,84,17,0,4.006,4.006,0.010532145371894393,False,1,0.001,0.001,0.001,rejected,0,0.0
8,5,optimized,,13,0.13854246644041512,0.13854246644041512,MZI18_arm0,83,18,0,4.076,4.076,-0.007056711171798413,False,2,0.0025028228759765626,0.0025028228759765626,0.0012514114379882813,rejected,0,0.0
8,5,optimized,,13,0.13854246644041512,0.13854246644041512,MZI17_arm1,80,17,1,4.994,4.994,-0.03710156040376704,False,1,0.001,0.001,0.001,rejected,0,0.0
8,5,optimized,,13,0.13854246644041512,0.13854246644041512,MZI18_arm1,79,18,1,2.001,2.001,0.0058209150505340816,False,2,0.0033750000000000004,0.0033750000000000004,0.0016875000000000002,rejected,0,0.0
8,5,optimized,,13,0.13854246644041512,0.13854246644041512,MZI19_arm0,82,19,0,4.835,4.835,0.024550519682349333,False,4,0.01318359375,0.01318359375,0.006591796875,rejected,0,0.0
8,5,optimized,,13,0.13854246644041512,0.13854246644041512,MZI20_arm1,77,20,1,2.376,2.376,-0.0277780172353678,False,3,0.00439453125,0.00439453125,0.002197265625,rejected,0,0.0
8,5,optimized,,14,0.14013296141584047,0.1395098099106003,MZI17_arm1,80,17,1,4.994,4.9940157857990295,-0.01578579902938546,True,1,0.001,0.001,0.0015,line_search,0,0.0
8,5,optimized,,14,0.1395098099106003,0.1395098099106003,MZI20_arm1,77,20,1,2.376,2.376,-0.017099688693494167,False,2,0.002197265625,0.002197265625,0.0010986328125,rejected,0,0.0
8,5,optimized,,14,0.1395098099106003,0.13939157769881816,MZI19_arm0,82,19,0,4.835,4.834979401713857,0.0062496725954855285,True,2,0.006591796875,0.0032958984375,0.00494384765625,line_search,0,0.0
8,5,optimized,,14,0.13939157769881816,0.13914064613812507,MZI19_arm1,78,19,1,0.001,0.0009850739744405195,0.008845052183395881,True,1,0.0016875000000000002,0.0016875000000000002,0.0025312500000000005,line_search,0,0.0
8,5,optimized,,14,0.13914064613812507,0.13914064613812507,MZI20_arm0,81,20,0,4.131,4.131,0.00834130649916016,False,1,0.0015,0.0015,0.001,rejected,0,0.0
8,5,optimized,,14,0.13914064613812507,0.13914064613812507,MZI17_arm0,84,17,0,4.006,4.006,0.021066943757031907,False,1,0.001,0.001,0.001,rejected,0,0.0
8,5,optimized,,14,0.13914064613812507,0.13914064613812507,MZI18_arm0,83,18,0,4.076,4.076,-0.0010683989396708066,False,1,0.0012514114379882813,0.0012514114379882813,0.001,rejected,0,0.0
8,5,optimized,,14,0.13914064613812507,0.13914064613812507,MZI18_arm1,79,18,1,2.001,2.001,0.0033297356912986823,False,1,0.0016875000000000002,0.0016875000000000002,0.001,rejected,0,0.0
8,5,optimized,,15,0.14056045999009315,0.1392550188765482,MZI17_arm0,84,17,0,4.006,4.005952323486509,0.047676513491080666,True,1,0.001,0.001,0.0015,line_search,0,0.0
8,5,optimized,,15,0.1392550188765482,0.1392550188765482,MZI20_arm1,77,20,1,2.376,2.376,-0.009889241252767486,False,1,0.0010986328125,0.0010986328125,0.001,rejected,0,0.0
8,5,optimized,,15,0.1392550188765482,0.1392550188765482,MZI17_arm1,80,17,1,4.994,4.994,0.015441696213679464,False,1,0.0015,0.0015,0.001,rejected,0,0.0
8,5,optimized,,15,0.1392550188765482,0.1389522919286178,MZI19_arm1,78,19,1,0.001,0.0010918085012898999,-0.03627002520094809,True,1,0.0025312500000000005,0.0025312500000000005,0.0037968750000000008,line_search,0,0.0
8,5,optimized,,15,0.1389522919286178,0.1389522919286178,MZI20_arm0,81,20,0,4.131,4.131,0.008255965515072303,False,1,0.001,0.001,0.001,rejected,0,0.0
8,5,optimized,,15,0.1389522919286178,0.1389522919286178,MZI19_arm0,82,19,0,4.835,4.835,0.022329164407960043,False,3,0.00494384765625,0.00494384765625,0.002471923828125,rejected,0,0.0
8,5,optimized,,15,0.1389522919286178,0.1389522919286178,MZI18_arm1,79,18,1,2.001,2.001,-0.03187356844284933,False,1,0.001,0.001,0.001,rejected,0,0.0
8,5,optimized,,15,0.1389522919286178,0.1389522919286178,MZI18_arm0,83,18,0,4.076,4.076,0.00836379415179393,False,1,0.001,0.001,0.001,rejected,0,0.0
8,5,optimized,,16,0.1401764117215583,0.1401764117215583,MZI17_arm0,84,17,0,4.006,4.006,-0.030639075367727316,False,1,0.0015,0.0015,0.001,rejected,0,0.0
8,5,optimized,,16,0.1401764117215583,0.13917134404129033,MZI19_arm1,78,19,1,0.001,0.0010036292613177934,-0.0019117096653396637,True,2,0.0037968750000000008,0.0018984375000000004,0.0028476562500000004,line_search,0,0.0
8,5,optimized,,16,0.13917134404129033,0.13917134404129033,MZI18_arm1,79,18,1,2.001,2.001,-0.03707959009785971,False,1,0.001,0.001,0.001,rejected,0,0.0
8,5,optimized,,16,0.13917134404129033,0.13917134404129033,MZI19_arm0,82,19,0,4.835,4.835,0.0400387612359167,False,2,0.002471923828125,0.002471923828125,0.0012359619140625,rejected,0,0.0
8,5,optimized,,16,0.13917134404129033,0.13917134404129033,MZI17_arm1,80,17,1,4.994,4.994,-0.046943042761566106,False,1,0.001,0.001,0.001,rejected,0,0.0
8,5,optimized,,16,0.13917134404129033,0.13917134404129033,MZI20_arm1,77,20,1,2.376,2.376,0.004950165458349888,False,1,0.001,0.001,0.001,rejected,0,0.0
8,5,optimized,,16,0.13917134404129033,0.13917134404129033,MZI18_arm0,83,18,0,4.076,4.076,-0.01945409221044872,False,1,0.001,0.001,0.001,rejected,0,0.0
8,5,optimized,,16,0.13917134404129033,0.13917134404129033,MZI20_arm0,81,20,0,4.131,4.131,-0.018238490525613854,False,1,0.001,0.001,0.001,rejected,0,0.0
8,5,optimized,,17,0.14351506222741667,0.14268349258381993,MZI17_arm1,80,17,1,4.994,4.994052269922355,-0.052269922354438315,True,1,0.001,0.001,0.0015,line_search,0,0.0
8,5,optimized,,17,0.14268349258381993,0.14119010204171015,MZI19_arm0,82,19,0,4.835,4.834959639929404,0.03265478501951816,True,1,0.0012359619140625,0.0012359619140625,0.00185394287109375,line_search,0,0.0
8,5,optimized,,17,0.14119010204171015,0.14119010204171015,MZI18_arm1,79,18,1,2.001,2.001,-0.014114144425549773,False,1,0.001,0.001,0.001,rejected,0,0.0
8,5,optimized,,17,0.14119010204171015,0.14119010204171015,MZI17_arm0,84,17,0,4.006,4.006,0.036073424886398316,False,1,0.001,0.001,0.001,rejected,0,0.0
8,5,optimized,,17,0.14119010204171015,0.14119010204171015,MZI18_arm0,83,18,0,4.076,4.076,0.007339528551900971,False,1,0.001,0.001,0.001,rejected,0,0.0
8,5,optimized,,17,0.14119010204171015,0.14119010204171015,MZI20_arm0,81,20,0,4.131,4.131,0.009871896022240827,False,1,0.001,0.001,0.001,rejected,0,0.0
8,5,optimized,,17,0.14119010204171015,0.14119010204171015,MZI20_arm1,77,20,1,2.376,2.376,0.033036645899437556,False,1,0.001,0.001,0.001,rejected,0,0.0
8,5,optimized,,17,0.14119010204171015,0.14119010204171015,MZI19_arm1,78,19,1,0.001,0.001,-0.07219722266032672,False,2,0.0028476562500000004,0.0028476562500000004,0.0014238281250000002,rejected,0,0.0
8,5,optimized,,18,0.14561638670730545,0.14559455604639351,MZI19_arm1,78,19,1,0.001,0.0010124202903797094,-0.008723166905913855,True,1,0.0014238281250000002,0.0014238281250000002,0.0021357421875000003,line_search,0,0.0
8,5,optimized,,18,0.14559455604639351,0.14559455604639351,MZI17_arm1,80,17,1,4.994,4.994,-0.026280862566615274,False,1,0.0015,0.0015,0.001,rejected,0,0.0
8,5,optimized,,18,0.14559455604639351,0.14559455604639351,MZI17_arm0,84,17,0,4.006,4.006,0.016495408723565978,False,1,0.001,0.001,0.001,rejected,0,0.0
8,5,optimized,,18,0.14559455604639351,0.14191580348531768,MZI20_arm1,77,20,1,2.376,2.3759553034098158,0.04469659018401444,True,1,0.001,0.001,0.0015,line_search,0,0.0
8,5,optimized,,18,0.14191580348531768,0.14191580348531768,MZI19_arm0,82,19,0,4.835,4.835,0.03213797336275719,False,1,0.00185394287109375,0.00185394287109375,0.001,rejected,0,0.0
8,5,optimized,,18,0.14191580348531768,0.14191580348531768,MZI18_arm1,79,18,1,2.001,2.001,-0.019756136559057735,False,1,0.001,0.001,0.001,rejected,0,0.0
8,5,optimized,,18,0.14191580348531768,0.14191580348531768,MZI20_arm0,81,20,0,4.131,4.131,-0.002814294438774405,False,1,0.001,0.001,0.001,rejected,0,0.0
8,5,optimized,,18,0.14191580348531768,0.14191580348531768,MZI18_arm0,83,18,0,4.076,4.076,-2.8372011123991183,False,1,0.001,0.001,0.001,rejected,0,0.0
8,5,optimized,,19,0.143409251351547,0.13853871511933938,MZI18_arm0,83,18,0,4.076,4.0759338087445895,0.06619125540982057,True,1,0.001,0.001,0.0015,line_search,0,0.0
8,5,optimized,,19,0.13853871511933938,0.13853871511933938,MZI20_arm1,77,20,1,2.376,2.376,-0.04151294746014136,False,1,0.0015,0.0015,0.001,rejected,0,0.0
8,5,optimized,,19,0.13853871511933938,0.13853871511933938,MZI19_arm0,82,19,0,4.835,4.835,0.02588600345436023,False,1,0.001,0.001,0.001,rejected,0,0.0
8,5,optimized,,19,0.13853871511933938,0.13853871511933938,MZI17_arm1,80,17,1,4.994,4.994,0.019255985401571134,False,1,0.001,0.001,0.001,rejected,0,0.0
8,5,optimized,,19,0.13853871511933938,0.13853871511933938,MZI18_arm1,79,18,1,2.001,2.001,-0.035145989978337094,False,1,0.001,0.001,0.001,rejected,0,0.0
8,5,optimized,,19,0.13853871511933938,0.13853871511933938,MZI17_arm0,84,17,0,4.006,4.006,0.02779415924338239,False,1,0.001,0.001,0.001,rejected,0,0.0
8,5,optimized,,19,0.13853871511933938,0.13853871511933938,MZI19_arm1,78,19,1,0.001,0.001,0.028754660264791135,False,2,0.0021357421875000003,0.0021357421875000003,0.0010678710937500001,rejected,0,0.0
8,5,optimized,,19,0.13853871511933938,0.13853871511933938,MZI20_arm0,81,20,0,4.131,4.131,0.009960877156078369,False,1,0.001,0.001,0.001,rejected,0,0.0
8,6,optimized,,0,0.8281862557155598,0.8171854637383643,MZI21_arm0,27,21,0,3.886,3.9208997815424684,-0.3489978154246811,True,1,0.1,0.1,0.15000000000000002,line_search,0,0.0
8,6,optimized,,0,0.8171854637383643,0.6007640728406479,MZI21_arm1,23,21,1,0.0,3.5,0.00733518098084418,True,0,0.1,0.1,0.15000000000000002,lower_boundary_coarse_search,11,3.5
8,6,optimized,,0,0.6007640728406479,0.6007640728406479,MZI22_arm0,28,22,0,3.894,3.894,0.2144112360718984,False,7,0.1,0.1,0.05,rejected,0,0.0
8,6,optimized,,0,0.6007640728406479,0.41773368962625346,MZI22_arm1,24,22,1,0.0,5.5,0.12055637643636485,True,0,0.1,0.1,0.15000000000000002,lower_boundary_coarse_search,11,5.5
8,6,optimized,,0,0.41773368962625346,0.3759626896362665,MZI23_arm0,29,23,0,4.058,4.127203995961138,-0.6920399596113828,True,1,0.1,0.1,0.15000000000000002,line_search,0,0.0
8,6,optimized,,0,0.3759626896362665,0.2431164201271031,MZI23_arm1,25,23,1,0.0,3.5,-0.03519429948478647,True,7,0.1,0.1,0.15000000000000002,lower_boundary_coarse_search,11,3.5
8,6,optimized,,0,0.2431164201271031,0.24221522968068157,MZI24_arm0,26,24,0,4.084,4.082680204843634,0.013197951563650587,True,1,0.1,0.1,0.15000000000000002,line_search,0,0.0
8,6,optimized,,0,0.24221522968068157,0.2421216661788693,MZI24_arm1,30,24,1,0.0,0.00017674682946090814,-0.003534936589218163,True,2,0.1,0.05,0.07500000000000001,line_search,0,0.0
8,6,optimized,,1,0.24264496151280246,0.24252151841800268,MZI23_arm0,29,23,0,4.127,4.131065256270422,-0.027101708469483867,True,1,0.15000000000000002,0.15000000000000002,0.22500000000000003,line_search,0,0.0
8,6,optimized,,1,0.24252151841800268,0.2421871233499485,MZI21_arm0,27,21,0,3.921,3.929063650382774,-0.05375766921849457,True,1,0.15000000000000002,0.15000000000000002,0.22500000000000003,line_search,0,0.0
8,6,optimized,,1,0.2421871233499485,0.24149839355175123,MZI22_arm0,28,22,0,3.894,3.8922159235302356,0.07136305879057649,True,2,0.05,0.025,0.037500000000000006,line_search,0,0.0
8,6,optimized,,1,0.24149839355175123,0.24149839355175123,MZI22_arm1,24,22,1,5.5,5.5,0.0038068195348962253,False,8,0.15000000000000002,0.15000000000000002,0.07500000000000001,rejected,0,0.0
8,6,optimized,,1,0.24149839355175123,0.24149839355175123,MZI23_arm1,25,23,1,3.5,3.5,0.025010714381790818,False,8,0.15000000000000002,0.15000000000000002,0.07500000000000001,rejected,0,0.0
8,6,optimized,,1,0.24149839355175123,0.24149839355175123,MZI24_arm0,26,24,0,4.083,4.083,-0.012758525184023145,False,8,0.15000000000000002,0.15000000000000002,0.07500000000000001,rejected,0,0.0
8,6,optimized,,1,0.24149839355175123,0.24149839355175123,MZI21_arm1,23,21,1,3.5,3.5,0.002964200474191156,False,8,0.15000000000000002,0.15000000000000002,0.07500000000000001,rejected,0,0.0
8,6,optimized,,1,0.24149839355175123,0.24149839355175123,MZI24_arm1,30,24,1,0.0,0.0,0.07213029913331753,False,0,0.07500000000000001,0.07500000000000001,0.037500000000000006,rejected,11,0.0
8,6,optimized,,2,0.24535238131000323,0.24295449686529863,MZI24_arm1,30,24,1,0.0,0.00017159631669552702,-0.0045759017785473866,True,1,0.037500000000000006,0.037500000000000006,0.05625000000000001,line_search,0,0.0
8,6,optimized,,2,0.24295449686529863,0.24240895222133618,MZI22_arm0,28,22,0,3.892,3.889692657425877,0.06152913530994697,True,1,0.037500000000000006,0.037500000000000006,0.05625000000000001,line_search,0,0.0
8,6,optimized,,2,0.24240895222133618,0.24135235844239633,MZI21_arm0,27,21,0,3.929,3.944881454350031,-0.07058424155569475,True,1,0.22500000000000003,0.22500000000000003,0.3375,line_search,0,0.0
8,6,optimized,,2,0.24135235844239633,0.24135235844239633,MZI23_arm0,29,23,0,4.131,4.131,-0.007776900542853959,False,8,0.22500000000000003,0.22500000000000003,0.11250000000000002,rejected,0,0.0
8,6,optimized,,2,0.24135235844239633,0.24135235844239633,MZI23_arm1,25,23,1,3.5,3.5,0.024342409861747412,False,7,0.07500000000000001,0.07500000000000001,0.037500000000000006,rejected,0,0.0
8,6,optimized,,2,0.24135235844239633,0.24135235844239633,MZI24_arm0,26,24,0,4.083,4.083,0.0011082801743743612,False,7,0.07500000000000001,0.07500000000000001,0.037500000000000006,rejected,0,0.0
8,6,optimized,,2,0.24135235844239633,0.24135235844239633,MZI22_arm1,24,22,1,5.5,5.5,-0.07507507346897223,False,0,0.07500000000000001,0.07500000000000001,0.037500000000000006,rejected,0,0.0
8,6,optimized,,2,0.24135235844239633,0.24135235844239633,MZI21_arm1,23,21,1,3.5,3.5,-0.002730413062590473,False,7,0.07500000000000001,0.07500000000000001,0.037500000000000006,rejected,0,0.0
8,6,optimized,,3,0.2446098574522883,0.24443282521026719,MZI22_arm1,24,22,1,5.5,5.499824900562805,0.004669318325188731,True,1,0.037500000000000006,0.037500000000000006,0.05625000000000001,line_search,0,0.0
8,6,optimized,,3,0.24443282521026719,0.24333758565041813,MZI21_arm0,27,21,0,3.945,3.9663489275229247,-0.06325608154940648,True,1,0.3375,0.3375,0.5062500000000001,line_search,0,0.0
8,6,optimized,,3,0.24333758565041813,0.24310844072785523,MZI22_arm0,28,22,0,3.89,3.886401047742116,0.06398137347349975,True,1,0.05625000000000001,0.05625000000000001,0.084375,line_search,0,0.0
8,6,optimized,,3,0.24310844072785523,0.24310844072785523,MZI23_arm1,25,23,1,3.5,3.5,0.03171287212556867,False,6,0.037500000000000006,0.037500000000000006,0.018750000000000003,rejected,0,0.0
8,6,optimized,,3,0.24310844072785523,0.24310844072785523,MZI23_arm0,29,23,0,4.131,4.131,-0.03114080932798202,False,7,0.11250000000000002,0.11250000000000002,0.05625000000000001,rejected,0,0.0
8,6,optimized,,3,0.24310844072785523,0.23971276961153,MZI24_arm1,30,24,1,0.0,4.0,0.000867106400179174,True,0,0.05625000000000001,0.05625000000000001,0.084375,lower_boundary_coarse_search,11,4.0
8,6,optimized,,3,0.23971276961153,0.2392926809323798,MZI21_arm1,23,21,1,3.5,3.499842553772507,0.004198566066483663,True,1,0.037500000000000006,0.037500000000000006,0.05625000000000001,line_search,0,0.0
8,6,optimized,,3,0.2392926809323798,0.23918759176842228,MZI24_arm0,26,24,0,4.083,4.083000282915539,-0.00012071062993543582,True,5,0.037500000000000006,0.0023437500000000003,0.0035156250000000005,line_search,0,0.0
8,6,optimized,,4,0.24073506026512426,0.23934542889610944,MZI22_arm0,28,22,0,3.886,3.8800324185475477,0.07072689128832653,True,1,0.084375,0.084375,0.12656250000000002,line_search,0,0.0
8,6,optimized,,4,0.23934542889610944,0.23819899827664584,MZI21_arm0,27,21,0,3.966,4.004250234500421,-0.07555601876626232,True,1,0.5062500000000001,0.5062500000000001,0.7593750000000001,line_search,0,0.0
8,6,optimized,,4,0.23819899827664584,0.23634396049787346,MZI23_arm1,25,23,1,3.5,3.499443107571687,0.029700929510036833,True,1,0.018750000000000003,0.018750000000000003,0.028125000000000004,line_search,0,0.0
8,6,optimized,,4,0.23634396049787346,0.23634396049787346,MZI23_arm0,29,23,0,4.131,4.131,-0.00044746970273430286,False,6,0.05625000000000001,0.05625000000000001,0.028125000000000004,rejected,0,0.0
8,6,optimized,,4,0.23634396049787346,0.23634396049787346,MZI22_arm1,24,22,1,5.5,5.5,-0.03392831198324803,False,0,0.05625000000000001,0.05625000000000001,0.028125000000000004,rejected,0,0.0
8,6,optimized,,4,0.23634396049787346,0.23634396049787346,MZI21_arm1,23,21,1,3.5,3.5,-0.004822470531911506,False,6,0.05625000000000001,0.05625000000000001,0.028125000000000004,rejected,0,0.0
8,6,optimized,,4,0.23634396049787346,0.23634396049787346,MZI24_arm1,30,24,1,4.0,4.0,-0.005842052677715375,False,7,0.084375,0.084375,0.0421875,rejected,0,0.0
8,6,optimized,,4,0.23634396049787346,0.23634396049787346,MZI24_arm0,26,24,0,4.083,4.083,0.020536625577584088,False,2,0.0035156250000000005,0.0035156250000000005,0.0017578125000000003,rejected,0,0.0
8,6,optimized,,5,0.23945952164362913,0.23767501230539,MZI21_arm0,27,21,0,4.004,4.018261123671413,-0.01878008055494781,True,1,0.7593750000000001,0.7593750000000001,1.0,line_search,0,0.0
8,6,optimized,,5,0.23767501230539,0.23556888230423909,MZI22_arm0,28,22,0,3.88,3.8703603666233035,0.07616500445784886,True,1,0.12656250000000002,0.12656250000000002,0.18984375000000003,line_search,0,0.0
8,6,optimized,,5,0.23556888230423909,0.23517039366029768,MZI22_arm1,24,22,1,5.5,5.499816653801936,0.05215180744923387,True,4,0.028125000000000004,0.0035156250000000005,0.0052734375,line_search,0,0.0
8,6,optimized,,5,0.23517039366029768,0.2350271029585221,MZI23_arm1,25,23,1,3.499,3.49907651935879,-0.005441376625052447,True,2,0.028125000000000004,0.014062500000000002,0.02109375,line_search,0,0.0
8,6,optimized,,5,0.2350271029585221,0.2350271029585221,MZI24_arm0,26,24,0,4.083,4.083,0.018923235946089315,False,1,0.0017578125000000003,0.0017578125000000003,0.001,rejected,0,0.0
8,6,optimized,,5,0.2350271029585221,0.2350271029585221,MZI24_arm1,30,24,1,4.0,4.0,0.036264605245591254,False,6,0.0421875,0.0421875,0.02109375,rejected,0,0.0
8,6,optimized,,5,0.2350271029585221,0.2350271029585221,MZI21_arm1,23,21,1,3.5,3.5,0.022428589850290843,False,5,0.028125000000000004,0.028125000000000004,0.014062500000000002,rejected,0,0.0
8,6,optimized,,5,0.2350271029585221,0.2350271029585221,MZI23_arm0,29,23,0,4.131,4.131,-0.029944417284893887,False,5,0.028125000000000004,0.028125000000000004,0.014062500000000002,rejected,0,0.0
8,6,optimized,,6,0.23876971062087088,0.2377842429812037,MZI22_arm0,28,22,0,3.87,3.8581680682424753,0.0623245788050702,True,1,0.18984375000000003,0.18984375000000003,0.284765625,line_search,0,0.0
8,6,optimized,,6,0.2377842429812037,0.2377842429812037,MZI22_arm1,24,22,1,5.5,5.5,-0.035798139198926146,False,0,0.0052734375,0.0052734375,0.00263671875,rejected,0,0.0
8,6,optimized,,6,0.2377842429812037,0.23632178691310832,MZI24_arm1,30,24,1,4.0,3.9993926071574064,0.02879491994517801,True,1,0.02109375,0.02109375,0.031640625000000006,line_search,0,0.0
8,6,optimized,,6,0.23632178691310832,0.23548980424051524,MZI23_arm0,29,23,0,4.131,4.131717342101525,-0.051010993886209784,True,1,0.014062500000000002,0.014062500000000002,0.02109375,line_search,0,0.0
8,6,optimized,,6,0.23548980424051524,0.23522023042208642,MZI21_arm1,23,21,1,3.5,3.4999306475555887,0.009863458760737956,True,2,0.014062500000000002,0.007031250000000001,0.010546875,line_search,0,0.0
8,6,optimized,,6,0.23522023042208642,0.23507215007429189,MZI24_arm0,26,24,0,4.083,4.083007109867697,-0.007109867697541335,True,1,0.001,0.001,0.0015,line_search,0,0.0
8,6,optimized,,6,0.23507215007429189,0.23306172058908237,MZI21_arm0,27,21,0,4.018,4.082599018566743,-0.06459901856674316,True,1,1.0,1.0,1.0,line_search,0,0.0
8,6,optimized,,6,0.23306172058908237,0.2327210904042602,MZI23_arm1,25,23,1,3.499,3.498518747565044,0.022814930249773192,True,1,0.02109375,0.02109375,0.031640625000000006,line_search,0,0.0
8,6,optimized,,7,0.23333077404123537,0.2318184283086278,MZI21_arm0,27,21,0,4.083,4.140658920957179,-0.05765892095717912,True,1,1.0,1.0,1.0,line_search,0,0.0
8,6,optimized,,7,0.2318184283086278,0.23178474831402737,MZI22_arm0,28,22,0,3.858,3.8579681346911894,0.014323215899928592,True,8,0.284765625,0.0022247314453125,0.0033370971679687503,line_search,0,0.0
8,6,optimized,,7,0.23178474831402737,0.23098995299342864,MZI23_arm0,29,23,0,4.132,4.132825425427803,-0.039131279540286085,True,1,0.02109375,0.02109375,0.031640625000000006,line_search,0,0.0
8,6,optimized,,7,0.23098995299342864,0.23098995299342864,MZI22_arm1,24,22,1,5.5,5.5,0.04557493853981173,False,2,0.00263671875,0.00263671875,0.001318359375,rejected,0,0.0
8,6,optimized,,7,0.23098995299342864,0.23098995299342864,MZI24_arm1,30,24,1,3.999,3.999,-0.01874202244963109,False,5,0.031640625000000006,0.031640625000000006,0.015820312500000003,rejected,0,0.0
8,6,optimized,,7,0.23098995299342864,0.23098995299342864,MZI23_arm1,25,23,1,3.499,3.499,0.025031610030822722,False,5,0.031640625000000006,0.031640625000000006,0.015820312500000003,rejected,0,0.0
8,6,optimized,,7,0.23098995299342864,0.23098995299342864,MZI21_arm1,23,21,1,3.5,3.5,-0.010927605286049902,False,4,0.010546875,0.010546875,0.0052734375,rejected,0,0.0
8,6,optimized,,7,0.23098995299342864,0.23098995299342864,MZI24_arm0,26,24,0,4.083,4.083,0.0050675758277830526,False,1,0.0015,0.0015,0.001,rejected,0,0.0
8,6,optimized,,8,0.23207066826140504,0.231961144472253,MZI21_arm0,27,21,0,4.141,4.130449310704959,0.010550689295040858,True,1,1.0,1.0,1.0,line_search,0,0.0
8,6,optimized,,8,0.231961144472253,0.231961144472253,MZI22_arm1,24,22,1,5.5,5.5,-0.03036965391045236,False,0,0.001318359375,0.001318359375,0.001,rejected,0,0.0
8,6,optimized,,8,0.231961144472253,0.231961144472253,MZI23_arm0,29,23,0,4.133,4.133,-0.03369641789220393,False,5,0.031640625000000006,0.031640625000000006,0.015820312500000003,rejected,0,0.0
8,6,optimized,,8,0.231961144472253,0.231961144472253,MZI23_arm1,25,23,1,3.499,3.499,0.8490566498899648,False,4,0.015820312500000003,0.015820312500000003,0.007910156250000001,rejected,0,0.0
8,6,optimized,,8,0.231961144472253,0.2318835297832809,MZI24_arm1,30,24,1,3.999,3.998631500625767,0.02329279995150408,True,1,0.015820312500000003,0.015820312500000003,0.023730468750000004,line_search,0,0.0
8,6,optimized,,8,0.2318835297832809,0.2318835297832809,MZI22_arm0,28,22,0,3.858,3.858,0.055429301720499126,False,2,0.0033370971679687503,0.0033370971679687503,0.0016685485839843751,rejected,0,0.0
8,6,optimized,,8,0.2318835297832809,0.2318835297832809,MZI21_arm1,23,21,1,3.5,3.5,0.013666188433741193,False,3,0.0052734375,0.0052734375,0.00263671875,rejected,0,0.0
8,6,optimized,,8,0.2318835297832809,0.2318835297832809,MZI24_arm0,26,24,0,4.083,4.083,0.014091692266012973,False,1,0.001,0.001,0.001,rejected,0,0.0
8,6,optimized,,9,0.233789068686322,0.2320195815289005,MZI23_arm1,25,23,1,3.499,3.498657333082997,0.043319867038436835,True,1,0.007910156250000001,0.007910156250000001,0.011865234375000002,line_search,0,0.0
8,6,optimized,,9,0.2320195815289005,0.2320195815289005,MZI22_arm0,28,22,0,3.858,3.858,0.09214482121272508,False,1,0.0016685485839843751,0.0016685485839843751,0.001,rejected,0,0.0
8,6,optimized,,9,0.2320195815289005,0.2320195815289005,MZI23_arm0,29,23,0,4.133,4.133,-0.021970162616475244,False,4,0.015820312500000003,0.015820312500000003,0.007910156250000001,rejected,0,0.0
8,6,optimized,,9,0.2320195815289005,0.2320195815289005,MZI22_arm1,24,22,1,5.5,5.5,-0.021681054878954404,False,0,0.001,0.001,0.001,rejected,0,0.0
8,6,optimized,,9,0.2320195815289005,0.2320195815289005,MZI24_arm1,30,24,1,3.999,3.999,-0.012141726815664822,False,5,0.023730468750000004,0.023730468750000004,0.011865234375000002,rejected,0,0.0
8,6,optimized,,9,0.2320195815289005,0.2320195815289005,MZI24_arm0,26,24,0,4.083,4.083,0.006579820303434654,False,1,0.001,0.001,0.001,rejected,0,0.0
8,6,optimized,,9,0.2320195815289005,0.2320195815289005,MZI21_arm1,23,21,1,3.5,3.5,0.006562061396808005,False,2,0.00263671875,0.00263671875,0.001318359375,rejected,0,0.0
8,6,optimized,,9,0.2320195815289005,0.23151053462766685,MZI21_arm0,27,21,0,4.13,4.1572579516351436,-0.027257951635143465,True,1,1.0,1.0,1.0,line_search,0,0.0
8,6,optimized,,10,0.23214498392159555,0.23214498392159555,MZI22_arm0,28,22,0,3.858,3.858,0.05704754377552144,False,1,0.001,0.001,0.001,rejected,0,0.0
8,6,optimized,,10,0.23214498392159555,0.23214498392159555,MZI23_arm1,25,23,1,3.499,3.499,-0.001963184422480028,False,4,0.011865234375000002,0.011865234375000002,0.005932617187500001,rejected,0,0.0
8,6,optimized,,10,0.23214498392159555,0.2319882493910191,MZI21_arm0,27,21,0,4.157,4.157153631835648,-0.009832437481487254,True,7,1.0,0.015625,0.0234375,line_search,0,0.0
8,6,optimized,,10,0.2319882493910191,0.2319882493910191,MZI23_arm0,29,23,0,4.133,4.133,-0.021222862996466314,False,3,0.007910156250000001,0.007910156250000001,0.003955078125000001,rejected,0,0.0
8,6,optimized,,10,0.2319882493910191,0.2319882493910191,MZI22_arm1,24,22,1,5.5,5.5,0.036604264051123214,False,1,0.001,0.001,0.001,rejected,0,0.0
8,6,optimized,,10,0.2319882493910191,0.2319882493910191,MZI24_arm1,30,24,1,3.999,3.999,-0.008690841079617144,False,4,0.011865234375000002,0.011865234375000002,0.005932617187500001,rejected,0,0.0
8,6,optimized,,10,0.2319882493910191,0.2319882493910191,MZI24_arm0,26,24,0,4.083,4.083,0.01876952342277192,False,1,0.001,0.001,0.001,rejected,0,0.0
8,6,optimized,,10,0.2319882493910191,0.2319882493910191,MZI21_arm1,23,21,1,3.5,3.5,0.007553247844831877,False,1,0.001318359375,0.001318359375,0.001,rejected,0,0.0
8,6,optimized,,11,0.23407463692575214,0.23389704631733008,MZI22_arm0,28,22,0,3.858,3.857944232451344,0.05576754865573153,True,1,0.001,0.001,0.0015,line_search,0,0.0
8,6,optimized,,11,0.23389704631733008,0.23389704631733008,MZI22_arm1,24,22,1,5.5,5.5,-0.024526185602311536,False,0,0.001,0.001,0.001,rejected,0,0.0
8,6,optimized,,11,0.23389704631733008,0.23389704631733008,MZI23_arm0,29,23,0,4.133,4.133,-0.03074617261648867,False,2,0.003955078125000001,0.003955078125000001,0.0019775390625000003,rejected,0,0.0
8,6,optimized,,11,0.23389704631733008,0.23389704631733008,MZI24_arm0,26,24,0,4.083,4.083,0.006432039219661649,False,1,0.001,0.001,0.001,rejected,0,0.0
8,6,optimized,,11,0.23389704631733008,0.23389704631733008,MZI21_arm0,27,21,0,4.157,4.157,-0.013538769456233484,False,5,0.0234375,0.0234375,0.01171875,rejected,0,0.0
8,6,optimized,,11,0.23389704631733008,0.23389704631733008,MZI24_arm1,30,24,1,3.999,3.999,-0.006623208847368605,False,3,0.005932617187500001,0.005932617187500001,0.0029663085937500005,rejected,0,0.0
8,6,optimized,,11,0.23389704631733008,0.23303626442436878,MZI21_arm1,23,21,1,3.5,3.499962293406864,0.037706593135999854,True,1,0.001,0.001,0.0015,line_search,0,0.0
8,6,optimized,,11,0.23303626442436878,0.23282595920637716,MZI23_arm1,25,23,1,3.499,3.498756479604375,0.04104771771519727,True,1,0.005932617187500001,0.005932617187500001,0.00889892578125,line_search,0,0.0
8,6,optimized,,12,0.23343526332870124,0.23343526332870124,MZI22_arm0,28,22,0,3.858,3.858,0.022216943017358527,False,1,0.0015,0.0015,0.001,rejected,0,0.0
8,6,optimized,,12,0.23343526332870124,0.23343526332870124,MZI23_arm1,25,23,1,3.499,3.499,0.01088950788334166,False,4,0.00889892578125,0.00889892578125,0.004449462890625,rejected,0,0.0
8,6,optimized,,12,0.23343526332870124,0.23343526332870124,MZI21_arm1,23,21,1,3.5,3.5,0.002601467368368302,False,1,0.0015,0.0015,0.001,rejected,0,0.0
8,6,optimized,,12,0.23343526332870124,0.23343526332870124,MZI23_arm0,29,23,0,4.133,4.133,-0.03547140788814011,False,1,0.0019775390625000003,0.0019775390625000003,0.001,rejected,0,0.0
8,6,optimized,,12,0.23343526332870124,0.23343526332870124,MZI22_arm1,24,22,1,5.5,5.5,0.011688949104614571,False,1,0.001,0.001,0.001,rejected,0,0.0
8,6,optimized,,12,0.23343526332870124,0.23343526332870124,MZI21_arm0,27,21,0,4.157,4.157,-0.010448772826449987,False,4,0.01171875,0.01171875,0.005859375,rejected,0,0.0
8,6,optimized,,12,0.23343526332870124,0.23343526332870124,MZI24_arm1,30,24,1,3.999,3.999,-0.004194046832198952,False,2,0.0029663085937500005,0.0029663085937500005,0.0014831542968750003,rejected,0,0.0
8,6,optimized,,12,0.23343526332870124,0.23343526332870124,MZI24_arm0,26,24,0,4.083,4.083,0.009431840146680921,False,1,0.001,0.001,0.001,rejected,0,0.0
8,6,optimized,,13,0.23495845591942952,0.23495845591942952,MZI23_arm0,29,23,0,4.133,4.133,-0.017106413097319976,False,1,0.001,0.001,0.001,rejected,0,0.0
8,6,optimized,,13,0.23495845591942952,0.23495845591942952,MZI22_arm0,28,22,0,3.858,3.858,0.04934859262641779,False,1,0.001,0.001,0.001,rejected,0,0.0
8,6,optimized,,13,0.23495845591942952,0.23495845591942952,MZI22_arm1,24,22,1,5.5,5.5,-0.07349210564406312,False,0,0.001,0.001,0.001,rejected,0,0.0
8,6,optimized,,13,0.23495845591942952,0.23386675165421303,MZI23_arm1,25,23,1,3.499,3.4988854111532524,0.025753411044068784,True,1,0.004449462890625,0.004449462890625,0.0066741943359375005,line_search,0,0.0
8,6,optimized,,13,0.23386675165421303,0.23386675165421303,MZI21_arm0,27,21,0,4.157,4.157,-0.01183273658857423,False,3,0.005859375,0.005859375,0.0029296875,rejected,0,0.0
8,6,optimized,,13,0.23386675165421303,0.23386675165421303,MZI24_arm0,26,24,0,4.083,4.083,0.0037273881584171903,False,1,0.001,0.001,0.001,rejected,0,0.0
8,6,optimized,,13,0.23386675165421303,0.23386675165421303,MZI24_arm1,30,24,1,3.999,3.999,9.059341138165081e-05,False,1,0.0014831542968750003,0.0014831542968750003,0.001,rejected,0,0.0
8,6,optimized,,13,0.23386675165421303,0.23386675165421303,MZI21_arm1,23,21,1,3.5,3.5,0.007364503467525978,False,1,0.001,0.001,0.001,rejected,0,0.0
8,6,optimized,,14,0.2346563007957536,0.2346563007957536,MZI22_arm1,24,22,1,5.5,5.5,0.007369685470978872,False,1,0.001,0.001,0.001,rejected,0,0.0
8,6,optimized,,14,0.2346563007957536,0.23356088246876971,MZI22_arm0,28,22,0,3.858,3.8579405317914435,0.059468208556401975,True,1,0.001,0.001,0.0015,line_search,0,0.0
8,6,optimized,,14,0.23356088246876971,0.23356088246876971,MZI23_arm1,25,23,1,3.499,3.499,0.017173250209810684,False,3,0.0066741943359375005,0.0066741943359375005,0.0033370971679687503,rejected,0,0.0
8,6,optimized,,14,0.23356088246876971,0.23356088246876971,MZI23_arm0,29,23,0,4.133,4.133,-0.009602096161457695,False,1,0.001,0.001,0.001,rejected,0,0.0
8,6,optimized,,14,0.23356088246876971,0.23356088246876971,MZI21_arm0,27,21,0,4.157,4.157,-0.016503594078523882,False,2,0.0029296875,0.0029296875,0.00146484375,rejected,0,0.0
8,6,optimized,,14,0.23356088246876971,0.23356088246876971,MZI21_arm1,23,21,1,3.5,3.5,-0.0012715566947311952,False,1,0.001,0.001,0.001,rejected,0,0.0
8,6,optimized,,14,0.23356088246876971,0.23356088246876971,MZI24_arm0,26,24,0,4.083,4.083,0.025025558782710268,False,1,0.001,0.001,0.001,rejected,0,0.0
8,6,optimized,,14,0.23356088246876971,0.23356088246876971,MZI24_arm1,30,24,1,3.999,3.999,0.011272863585191906,False,1,0.001,0.001,0.001,rejected,0,0.0
8,6,optimized,,15,0.2346937810016623,0.2346937810016623,MZI22_arm0,28,22,0,3.858,3.858,0.05141448403447805,False,1,0.0015,0.0015,0.001,rejected,0,0.0
8,6,optimized,,15,0.2346937810016623,0.2346937810016623,MZI24_arm0,26,24,0,4.083,4.083,-0.001951232952575363,False,1,0.001,0.001,0.001,rejected,0,0.0
8,6,optimized,,15,0.2346937810016623,0.2346937810016623,MZI23_arm1,25,23,1,3.499,3.499,0.014440795346778295,False,2,0.0033370971679687503,0.0033370971679687503,0.0016685485839843751,rejected,0,0.0
8,6,optimized,,15,0.2346937810016623,0.2346937810016623,MZI21_arm0,27,21,0,4.157,4.157,-0.0043254450037257895,False,1,0.00146484375,0.00146484375,0.001,rejected,0,0.0
8,6,optimized,,15,0.2346937810016623,0.2346937810016623,MZI24_arm1,30,24,1,3.999,3.999,0.0009634196417508669,False,1,0.001,0.001,0.001,rejected,0,0.0
8,6,optimized,,15,0.2346937810016623,0.2346937810016623,MZI23_arm0,29,23,0,4.133,4.133,-0.015438132480396684,False,1,0.001,0.001,0.001,rejected,0,0.0
8,6,optimized,,15,0.2346937810016623,0.2346937810016623,MZI22_arm1,24,22,1,5.5,5.5,0.019905516454478835,False,1,0.001,0.001,0.001,rejected,0,0.0
8,6,optimized,,15,0.2346937810016623,0.2346937810016623,MZI21_arm1,23,21,1,3.5,3.5,0.012052072278080628,False,1,0.001,0.001,0.001,rejected,0,0.0
8,6,optimized,,16,0.23517901664031113,0.23517901664031113,MZI22_arm0,28,22,0,3.858,3.858,0.03876219365198729,False,1,0.001,0.001,0.001,rejected,0,0.0
8,6,optimized,,16,0.23517901664031113,0.23517901664031113,MZI22_arm1,24,22,1,5.5,5.5,-0.0032675732405035994,False,0,0.001,0.001,0.001,rejected,0,0.0
8,6,optimized,,16,0.23517901664031113,0.23517901664031113,MZI23_arm0,29,23,0,4.133,4.133,-0.027615847147342033,False,1,0.001,0.001,0.001,rejected,0,0.0
8,6,optimized,,16,0.23517901664031113,0.23517901664031113,MZI23_arm1,25,23,1,3.499,3.499,0.036535330550807564,False,1,0.0016685485839843751,0.0016685485839843751,0.001,rejected,0,0.0
8,6,optimized,,16,0.23517901664031113,0.23517901664031113,MZI21_arm1,23,21,1,3.5,3.5,-0.0016716697731393433,False,1,0.001,0.001,0.001,rejected,0,0.0
8,6,optimized,,16,0.23517901664031113,0.23517901664031113,MZI21_arm0,27,21,0,4.157,4.157,-0.010003184548280438,False,1,0.001,0.001,0.001,rejected,0,0.0
8,6,optimized,,16,0.23517901664031113,0.23517901664031113,MZI24_arm0,26,24,0,4.083,4.083,-0.007358492210074609,False,1,0.001,0.001,0.001,rejected,0,0.0
8,6,optimized,,16,0.23517901664031113,0.23517901664031113,MZI24_arm1,30,24,1,3.999,3.999,0.0045999143730525395,False,1,0.001,0.001,0.001,rejected,0,0.0
8,6,optimized,,17,0.2361800014689218,0.23508097024214059,MZI22_arm0,28,22,0,3.858,3.85793744939136,0.06255060864012793,True,1,0.001,0.001,0.0015,line_search,0,0.0
8,6,optimized,,17,0.23508097024214059,0.23508097024214059,MZI23_arm1,25,23,1,3.499,3.499,0.022517127351553957,False,1,0.001,0.001,0.001,rejected,0,0.0
8,6,optimized,,17,0.23508097024214059,0.23508097024214059,MZI23_arm0,29,23,0,4.133,4.133,-0.025365186437532036,False,1,0.001,0.001,0.001,rejected,0,0.0
8,6,optimized,,17,0.23508097024214059,0.23508097024214059,MZI21_arm0,27,21,0,4.157,4.157,-0.007066431667526197,False,1,0.001,0.001,0.001,rejected,0,0.0
8,6,optimized,,17,0.23508097024214059,0.23508097024214059,MZI24_arm0,26,24,0,4.083,4.083,0.00357075725100222,False,1,0.001,0.001,0.001,rejected,0,0.0
8,6,optimized,,17,0.23508097024214059,0.23508097024214059,MZI24_arm1,30,24,1,3.999,3.999,-0.013038760510317842,False,1,0.001,0.001,0.001,rejected,0,0.0
8,6,optimized,,17,0.23508097024214059,0.23508097024214059,MZI22_arm1,24,22,1,5.5,5.5,0.0020264504821538177,False,1,0.001,0.001,0.001,rejected,0,0.0
8,6,optimized,,17,0.23508097024214059,0.23508097024214059,MZI21_arm1,23,21,1,3.5,3.5,0.01571689066485539,False,1,0.001,0.001,0.001,rejected,0,0.0
8,6,optimized,,18,0.23549307430580335,0.23549307430580335,MZI22_arm0,28,22,0,3.858,3.858,0.050806917776126344,False,1,0.0015,0.0015,0.001,rejected,0,0.0
8,6,optimized,,18,0.23549307430580335,0.23549307430580335,MZI23_arm0,29,23,0,4.133,4.133,-0.01812676489230638,False,1,0.001,0.001,0.001,rejected,0,0.0
8,6,optimized,,18,0.23549307430580335,0.23549307430580335,MZI23_arm1,25,23,1,3.499,3.499,0.017660062221535443,False,1,0.001,0.001,0.001,rejected,0,0.0
8,6,optimized,,18,0.23549307430580335,0.23549307430580335,MZI21_arm1,23,21,1,3.5,3.5,0.015951910003476885,False,1,0.001,0.001,0.001,rejected,0,0.0
8,6,optimized,,18,0.23549307430580335,0.23549307430580335,MZI24_arm1,30,24,1,3.999,3.999,-0.004970306323295866,False,1,0.001,0.001,0.001,rejected,0,0.0
8,6,optimized,,18,0.23549307430580335,0.23549307430580335,MZI21_arm0,27,21,0,4.157,4.157,-0.006570472559238595,False,1,0.001,0.001,0.001,rejected,0,0.0
8,6,optimized,,18,0.23549307430580335,0.23549307430580335,MZI24_arm0,26,24,0,4.083,4.083,0.006990142784865105,False,1,0.001,0.001,0.001,rejected,0,0.0
8,6,optimized,,18,0.23549307430580335,0.23549307430580335,MZI22_arm1,24,22,1,5.5,5.5,-0.006118819529001137,False,0,0.001,0.001,0.001,rejected,0,0.0
8,6,optimized,,19,0.23610864770481924,0.23610864770481924,MZI22_arm0,28,22,0,3.858,3.858,0.06398939039349844,False,1,0.001,0.001,0.001,rejected,0,0.0
8,6,optimized,,19,0.23610864770481924,0.2360528627185984,MZI23_arm0,29,23,0,4.133,4.133036276366817,-0.03627636681676976,True,1,0.001,0.001,0.0015,line_search,0,0.0
8,6,optimized,,19,0.2360528627185984,0.2360528627185984,MZI23_arm1,25,23,1,3.499,3.499,0.03923131329783971,False,1,0.001,0.001,0.001,rejected,0,0.0
8,6,optimized,,19,0.2360528627185984,0.23584350719472277,MZI21_arm1,23,21,1,3.5,3.500006309981164,-0.00630998116365813,True,1,0.001,0.001,0.0015,line_search,0,0.0
8,6,optimized,,19,0.23584350719472277,0.23584350719472277,MZI24_arm0,26,24,0,4.083,4.083,0.001214804569478504,False,1,0.001,0.001,0.001,rejected,0,0.0
8,6,optimized,,19,0.23584350719472277,0.23584350719472277,MZI21_arm0,27,21,0,4.157,4.157,-0.006170965919354142,False,1,0.001,0.001,0.001,rejected,0,0.0
8,6,optimized,,19,0.23584350719472277,0.23584350719472277,MZI22_arm1,24,22,1,5.5,5.5,-0.008090037835191582,False,0,0.001,0.001,0.001,rejected,0,0.0
8,6,optimized,,19,0.23584350719472277,0.23584350719472277,MZI24_arm1,30,24,1,3.999,3.999,-0.017977314411257005,False,1,0.001,0.001,0.001,rejected,0,0.0
8,7,optimized,,0,1.071033153922251,1.0688320507173497,MZI25_arm0,100,25,0,3.921,3.9103115838510183,0.1068841614898174,True,1,0.1,0.1,0.15000000000000002,line_search,0,0.0
8,7,optimized,,0,1.0688320507173497,0.9067948376303699,MZI25_arm1,104,25,1,0.0,2.5,0.17291444438403136,True,0,0.1,0.1,0.15000000000000002,lower_boundary_coarse_search,11,2.5
8,7,optimized,,0,0.9067948376303699,0.9067948376303699,MZI26_arm0,99,26,0,4.196,4.196,0.137822336974114,False,7,0.1,0.1,0.05,rejected,0,0.0
8,7,optimized,,0,0.9067948376303699,0.6360223895859113,MZI26_arm1,103,26,1,0.0,5.0,-0.001396117045526779,True,7,0.1,0.1,0.15000000000000002,lower_boundary_coarse_search,11,5.0
8,7,optimized,,0,0.6360223895859113,0.6197620614511443,MZI27_arm0,102,27,0,3.972,4.007136530637015,-0.3513653063701546,True,1,0.1,0.1,0.15000000000000002,line_search,0,0.0
8,7,optimized,,0,0.6197620614511443,0.34273925750300904,MZI27_arm1,98,27,1,0.0,5.5,-0.0015787746680318016,True,7,0.1,0.1,0.15000000000000002,lower_boundary_coarse_search,11,5.5
8,7,optimized,,0,0.34273925750300904,0.33686070343633695,MZI28_arm0,101,28,0,4.228,4.263381387850963,-0.35381387850963236,True,1,0.1,0.1,0.15000000000000002,line_search,0,0.0
8,7,optimized,,0,0.33686070343633695,0.23059397911330884,MZI28_arm1,97,28,1,0.0,3.0,0.46432157134738417,True,0,0.1,0.1,0.15000000000000002,lower_boundary_coarse_search,11,3.0
8,7,optimized,,1,0.23149046632737136,0.23071193677724508,MZI28_arm1,97,28,1,3.0,2.992700659581389,0.04866226945740497,True,1,0.15000000000000002,0.15000000000000002,0.22500000000000003,line_search,0,0.0
8,7,optimized,,1,0.23071193677724508,0.23033762740506383,MZI28_arm0,101,28,0,4.263,4.299253844345446,-0.24169229563631048,True,1,0.15000000000000002,0.15000000000000002,0.22500000000000003,line_search,0,0.0
8,7,optimized,,1,0.23033762740506383,0.230330063417205,MZI27_arm0,102,27,0,4.007,4.010297755131306,-0.043970068417428544,True,2,0.15000000000000002,0.07500000000000001,0.11250000000000002,line_search,0,0.0
8,7,optimized,,1,0.230330063417205,0.2298480974683295,MZI25_arm1,104,25,1,2.5,2.5070445143131397,-0.04696342875426317,True,1,0.15000000000000002,0.15000000000000002,0.22500000000000003,line_search,0,0.0
8,7,optimized,,1,0.2298480974683295,0.2298480974683295,MZI26_arm0,99,26,0,4.196,4.196,-0.006500177676358743,False,6,0.05,0.05,0.025,rejected,0,0.0
8,7,optimized,,1,0.2298480974683295,0.22954206595115012,MZI25_arm0,100,25,0,3.91,3.9011456697068327,0.059028868621115116,True,1,0.15000000000000002,0.15000000000000002,0.22500000000000003,line_search,0,0.0
8,7,optimized,,1,0.22954206595115012,0.22938013848742747,MZI27_arm1,98,27,1,5.5,5.4993610043742525,0.004259970838319063,True,1,0.15000000000000002,0.15000000000000002,0.22500000000000003,line_search,0,0.0
8,7,optimized,,1,0.22938013848742747,0.22938013848742747,MZI26_arm1,103,26,1,5.0,5.0,0.006411212260736819,False,8,0.15000000000000002,0.15000000000000002,0.07500000000000001,rejected,0,0.0
8,7,optimized,,2,0.22960169930618038,0.2295533099506654,MZI28_arm0,101,28,0,4.299,4.2992461196751846,-0.008750921784330033,True,4,0.22500000000000003,0.028125000000000004,0.0421875,line_search,0,0.0
8,7,optimized,,2,0.2295533099506654,0.2292909440052949,MZI25_arm0,100,25,0,3.901,3.889514538883124,0.05104649385278127,True,1,0.22500000000000003,0.22500000000000003,0.3375,line_search,0,0.0
8,7,optimized,,2,0.2292909440052949,0.22925073070386517,MZI28_arm1,97,28,1,2.993,2.9872158396460247,0.02570737935100179,True,1,0.22500000000000003,0.22500000000000003,0.3375,line_search,0,0.0
8,7,optimized,,2,0.22925073070386517,0.22873831835724606,MZI25_arm1,104,25,1,2.507,2.5139814652728676,-0.03102873454607702,True,1,0.22500000000000003,0.22500000000000003,0.3375,line_search,0,0.0
8,7,optimized,,2,0.22873831835724606,0.22851332174118463,MZI27_arm0,102,27,0,4.01,4.014579326979867,-0.0407051287099236,True,1,0.11250000000000002,0.11250000000000002,0.16875,line_search,0,0.0
8,7,optimized,,2,0.22851332174118463,0.22851332174118463,MZI26_arm0,99,26,0,4.196,4.196,0.001303793669397313,False,5,0.025,0.025,0.0125,rejected,0,0.0
8,7,optimized,,2,0.22851332174118463,0.22839059394268882,MZI26_arm1,103,26,1,5.0,5.000037356217063,-0.003984663153357939,True,4,0.07500000000000001,0.009375000000000001,0.014062500000000002,line_search,0,0.0
8,7,optimized,,2,0.22839059394268882,0.22833584059242937,MZI27_arm1,98,27,1,5.499,5.497957514453495,0.004633269095575127,True,1,0.22500000000000003,0.22500000000000003,0.3375,line_search,0,0.0
8,7,optimized,,3,0.2284679134690402,0.22756809855282362,MZI25_arm0,100,25,0,3.89,3.875524718791189,0.042889722100181125,True,1,0.3375,0.3375,0.5062500000000001,line_search,0,0.0
8,7,optimized,,3,0.22756809855282362,0.22750241307617294,MZI27_arm0,102,27,0,4.015,4.015093798979296,-0.03557413140721605,True,7,0.16875,0.00263671875,0.003955078125000001,line_search,0,0.0
8,7,optimized,,3,0.22750241307617294,0.22750241307617294,MZI25_arm1,104,25,1,2.514,2.514,-0.03775115106764839,False,9,0.3375,0.3375,0.16875,rejected,0,0.0
8,7,optimized,,3,0.22750241307617294,0.22750241307617294,MZI28_arm1,97,28,1,2.987,2.987,0.030226120700377307,False,9,0.3375,0.3375,0.16875,rejected,0,0.0
8,7,optimized,,3,0.22750241307617294,0.22750241307617294,MZI28_arm0,101,28,0,4.299,4.299,-0.010868325639344183,False,6,0.0421875,0.0421875,0.02109375,rejected,0,0.0
8,7,optimized,,3,0.22750241307617294,0.22750241307617294,MZI27_arm1,98,27,1,5.498,5.498,-0.008231019202396186,False,9,0.3375,0.3375,0.16875,rejected,0,0.0
8,7,optimized,,3,0.22750241307617294,0.22750241307617294,MZI26_arm1,103,26,1,5.0,5.0,0.011357947048708482,False,4,0.014062500000000002,0.014062500000000002,0.007031250000000001,rejected,0,0.0
8,7,optimized,,3,0.22750241307617294,0.22750241307617294,MZI26_arm0,99,26,0,4.196,4.196,0.011936142055068549,False,4,0.0125,0.0125,0.00625,rejected,0,0.0
8,7,optimized,,4,0.22775346931569143,0.22752525139600324,MZI25_arm0,100,25,0,3.876,3.858067247633407,0.035422720724134736,True,1,0.5062500000000001,0.5062500000000001,0.7593750000000001,line_search,0,0.0
8,7,optimized,,4,0.22752525139600324,0.22743227861999837,MZI25_arm1,104,25,1,2.514,2.516748145950233,-0.016285309334715378,True,1,0.16875,0.16875,0.25312500000000004,line_search,0,0.0
8,7,optimized,,4,0.22743227861999837,0.22735758560646946,MZI27_arm0,102,27,0,4.015,4.01505473543047,-0.02767855842062503,True,2,0.003955078125000001,0.0019775390625000003,0.0029663085937500005,line_search,0,0.0
8,7,optimized,,4,0.22735758560646946,0.22735758560646946,MZI28_arm1,97,28,1,2.987,2.987,0.031866175970875876,False,8,0.16875,0.16875,0.084375,rejected,0,0.0
8,7,optimized,,4,0.22735758560646946,0.22735758560646946,MZI26_arm0,99,26,0,4.196,4.196,0.005949895165003593,False,3,0.00625,0.00625,0.003125,rejected,0,0.0
8,7,optimized,,4,0.22735758560646946,0.22702510289879035,MZI26_arm1,103,26,1,5.0,4.999982224477423,0.002528074322070332,True,1,0.007031250000000001,0.007031250000000001,0.010546875,line_search,0,0.0
8,7,optimized,,4,0.22702510289879035,0.22702510289879035,MZI28_arm0,101,28,0,4.299,4.299,-0.018194197673579826,False,5,0.02109375,0.02109375,0.010546875,rejected,0,0.0
8,7,optimized,,4,0.22702510289879035,0.22702510289879035,MZI27_arm1,98,27,1,5.498,5.498,-0.01513636494660892,False,8,0.16875,0.16875,0.084375,rejected,0,0.0
8,7,optimized,,5,0.22749069277971906,0.22731633742344348,MZI25_arm0,100,25,0,3.858,3.852471537008957,0.014560560964064344,True,2,0.7593750000000001,0.37968750000000007,0.56953125,line_search,0,0.0
8,7,optimized,,5,0.22731633742344348,0.22698266261789357,MZI28_arm1,97,28,1,2.987,2.980933006210134,0.07190511158359912,True,1,0.084375,0.084375,0.12656250000000002,line_search,0,0.0
8,7,optimized,,5,0.22698266261789357,0.22698266261789357,MZI27_arm0,102,27,0,4.015,4.015,-0.026157260714651787,False,2,0.0029663085937500005,0.0029663085937500005,0.0014831542968750003,rejected,0,0.0
8,7,optimized,,5,0.22698266261789357,0.22698266261789357,MZI28_arm0,101,28,0,4.299,4.299,-0.013371318355688146,False,4,0.010546875,0.010546875,0.0052734375,rejected,0,0.0
8,7,optimized,,5,0.22698266261789357,0.22680076724871817,MZI25_arm1,104,25,1,2.517,2.521570547472174,-0.018056483840687265,True,1,0.25312500000000004,0.25312500000000004,0.37968750000000007,line_search,0,0.0
8,7,optimized,,5,0.22680076724871817,0.22680076724871817,MZI27_arm1,98,27,1,5.498,5.498,-0.026746995908425168,False,7,0.084375,0.084375,0.0421875,rejected,0,0.0
8,7,optimized,,5,0.22680076724871817,0.22649804334837428,MZI26_arm0,99,26,0,4.196,4.1959500528271745,0.015983095304144747,True,1,0.003125,0.003125,0.004687500000000001,line_search,0,0.0
8,7,optimized,,5,0.22649804334837428,0.22644532273206883,MZI26_arm1,103,26,1,5.0,4.9999978743374225,0.001612354429498426,True,4,0.010546875,0.001318359375,0.0019775390625000003,line_search,0,0.0
8,7,optimized,,6,0.226948155444398,0.22684758493240217,MZI28_arm1,97,28,1,2.981,2.9765103086042903,0.03547410485499055,True,1,0.12656250000000002,0.12656250000000002,0.18984375000000003,line_search,0,0.0
8,7,optimized,,6,0.22684758493240217,0.22684758493240217,MZI27_arm1,98,27,1,5.498,5.498,-0.02752295770854285,False,6,0.0421875,0.0421875,0.02109375,rejected,0,0.0
8,7,optimized,,6,0.22684758493240217,0.22684758493240217,MZI27_arm0,102,27,0,4.015,4.015,-0.015745833466875185,False,1,0.0014831542968750003,0.0014831542968750003,0.001,rejected,0,0.0
8,7,optimized,,6,0.22684758493240217,0.22650440976347577,MZI25_arm1,104,25,1,2.522,2.525580673188636,-0.009430579591470497,True,1,0.37968750000000007,0.37968750000000007,0.56953125,line_search,0,0.0
8,7,optimized,,6,0.22650440976347577,0.22650440976347577,MZI26_arm0,99,26,0,4.196,4.196,0.005284356599710828,False,3,0.004687500000000001,0.004687500000000001,0.0023437500000000003,rejected,0,0.0
8,7,optimized,,6,0.22650440976347577,0.22649113273954297,MZI25_arm0,100,25,0,3.852,3.8352535354778166,0.029403943193957005,True,1,0.56953125,0.56953125,0.8542968750000001,line_search,0,0.0
8,7,optimized,,6,0.22649113273954297,0.22639316586188582,MZI28_arm0,101,28,0,4.299,4.299041534655804,-0.00787620139677206,True,1,0.0052734375,0.0052734375,0.007910156250000001,line_search,0,0.0
8,7,optimized,,6,0.22639316586188582,0.22639316586188582,MZI26_arm1,103,26,1,5.0,5.0,-0.002111987102002045,False,1,0.0019775390625000003,0.0019775390625000003,0.001,rejected,0,0.0
8,7,optimized,,7,0.22715216320933782,0.22658319121093887,MZI28_arm1,97,28,1,2.977,2.973356173868273,0.03838763332189712,True,2,0.18984375000000003,0.09492187500000002,0.1423828125,line_search,0,0.0
8,7,optimized,,7,0.22658319121093887,0.22645656977004006,MZI25_arm0,100,25,0,3.835,3.8311557278873707,0.004499925289588864,True,1,0.8542968750000001,0.8542968750000001,1.0,line_search,0,0.0
8,7,optimized,,7,0.22645656977004006,0.22629788536314446,MZI27_arm1,98,27,1,5.498,5.498215484875394,-0.02043115855586227,True,2,0.02109375,0.010546875,0.015820312500000003,line_search,0,0.0
8,7,optimized,,7,0.22629788536314446,0.2258641575365444,MZI27_arm0,102,27,0,4.015,4.01501882558466,-0.018825584660483504,True,1,0.001,0.001,0.0015,line_search,0,0.0
8,7,optimized,,7,0.2258641575365444,0.2258641575365444,MZI25_arm1,104,25,1,2.526,2.526,-0.0075332504853933765,False,10,0.56953125,0.56953125,0.284765625,rejected,0,0.0
8,7,optimized,,7,0.2258641575365444,0.2258641575365444,MZI28_arm0,101,28,0,4.299,4.299,-0.0037413126205643986,False,3,0.007910156250000001,0.007910156250000001,0.003955078125000001,rejected,0,0.0
8,7,optimized,,7,0.2258641575365444,0.2258641575365444,MZI26_arm0,99,26,0,4.196,4.196,0.005029169332785546,False,2,0.0023437500000000003,0.0023437500000000003,0.0011718750000000002,rejected,0,0.0
8,7,optimized,,7,0.2258641575365444,0.2258641575365444,MZI26_arm1,103,26,1,5.0,5.0,0.0004897869390396818,False,1,0.001,0.001,0.001,rejected,0,0.0
8,7,optimized,,8,0.22584484479938022,0.22584484479938022,MZI28_arm1,97,28,1,2.973,2.973,0.03145906654522451,False,8,0.1423828125,0.1423828125,0.07119140625,rejected,0,0.0
8,7,optimized,,8,0.22584484479938022,0.22584484479938022,MZI27_arm1,98,27,1,5.498,5.498,-0.005380362637642831,False,4,0.015820312500000003,0.015820312500000003,0.007910156250000001,rejected,0,0.0
8,7,optimized,,8,0.22584484479938022,0.22584484479938022,MZI27_arm0,102,27,0,4.015,4.015,-0.011081613387248336,False,1,0.0015,0.0015,0.001,rejected,0,0.0
8,7,optimized,,8,0.22584484479938022,0.22584484479938022,MZI25_arm1,104,25,1,2.526,2.526,-0.012826718451863077,False,9,0.284765625,0.284765625,0.1423828125,rejected,0,0.0
8,7,optimized,,8,0.22584484479938022,0.22584484479938022,MZI26_arm0,99,26,0,4.196,4.196,-0.019335758694301732,False,1,0.0011718750000000002,0.0011718750000000002,0.001,rejected,0,0.0
8,7,optimized,,8,0.22584484479938022,0.2258051428590693,MZI25_arm0,100,25,0,3.831,3.8305222497018923,0.01528800953943947,True,6,1.0,0.03125,0.046875,line_search,0,0.0
8,7,optimized,,8,0.2258051428590693,0.2258051428590693,MZI28_arm0,101,28,0,4.299,4.299,-0.010734299072543092,False,2,0.003955078125000001,0.003955078125000001,0.0019775390625000003,rejected,0,0.0
8,7,optimized,,8,0.2258051428590693,0.2258051428590693,MZI26_arm1,103,26,1,5.0,5.0,-0.017466134632891327,False,1,0.001,0.001,0.001,rejected,0,0.0
8,7,optimized,,9,0.2269692274624611,0.2268625129137986,MZI28_arm1,97,28,1,2.973,2.972474276920826,0.029538569716011626,True,3,0.07119140625,0.0177978515625,0.026696777343750002,line_search,0,0.0
8,7,optimized,,9,0.2268625129137986,0.22669118504560107,MZI26_arm0,99,26,0,4.196,4.195995909937062,0.00409006293774503,True,1,0.001,0.001,0.0015,line_search,0,0.0
8,7,optimized,,9,0.22669118504560107,0.22669118504560107,MZI26_arm1,103,26,1,5.0,5.0,0.01736627002601433,False,1,0.001,0.001,0.001,rejected,0,0.0
8,7,optimized,,9,0.22669118504560107,0.22573611233274266,MZI25_arm0,100,25,0,3.831,3.830629796394502,0.01579535383457452,True,2,0.046875,0.0234375,0.03515625,line_search,0,0.0
8,7,optimized,,9,0.22573611233274266,0.22573611233274266,MZI25_arm1,104,25,1,2.526,2.526,-0.008373031917600214,False,8,0.1423828125,0.1423828125,0.07119140625,rejected,0,0.0
8,7,optimized,,9,0.22573611233274266,0.22573611233274266,MZI27_arm0,102,27,0,4.015,4.015,-0.01843350495936235,False,1,0.001,0.001,0.001,rejected,0,0.0
8,7,optimized,,9,0.22573611233274266,0.22573611233274266,MZI28_arm0,101,28,0,4.299,4.299,0.004241952631645153,False,1,0.0019775390625000003,0.0019775390625000003,0.001,rejected,0,0.0
8,7,optimized,,9,0.22573611233274266,0.22573611233274266,MZI27_arm1,98,27,1,5.498,5.498,-0.0930501294983641,False,3,0.007910156250000001,0.007910156250000001,0.003955078125000001,rejected,0,0.0
8,7,optimized,,10,0.2300414458047531,0.2268632183697851,MZI27_arm1,98,27,1,5.498,5.4980288777940425,-0.007301447184971047,True,1,0.003955078125000001,0.003955078125000001,0.005932617187500001,line_search,0,0.0
8,7,optimized,,10,0.2268632183697851,0.2268632183697851,MZI28_arm1,97,28,1,2.972,2.972,0.020254270210774677,False,5,0.026696777343750002,0.026696777343750002,0.013348388671875001,rejected,0,0.0
8,7,optimized,,10,0.2268632183697851,0.2268632183697851,MZI27_arm0,102,27,0,4.015,4.015,-0.023432212292004668,False,1,0.001,0.001,0.001,rejected,0,0.0
8,7,optimized,,10,0.2268632183697851,0.2268632183697851,MZI26_arm1,103,26,1,5.0,5.0,0.016011186101866005,False,1,0.001,0.001,0.001,rejected,0,0.0
8,7,optimized,,10,0.2268632183697851,0.22653563517696,MZI25_arm0,100,25,0,3.831,3.8296911012775716,0.037230896993520994,True,1,0.03515625,0.03515625,0.052734375,line_search,0,0.0
8,7,optimized,,10,0.22653563517696,0.22653563517696,MZI25_arm1,104,25,1,2.526,2.526,-0.027311236034827078,False,7,0.07119140625,0.07119140625,0.035595703125,rejected,0,0.0
8,7,optimized,,10,0.22653563517696,0.22653563517696,MZI28_arm0,101,28,0,4.299,4.299,-0.0020518993373721144,False,1,0.001,0.001,0.001,rejected,0,0.0
8,7,optimized,,10,0.22653563517696,0.22653563517696,MZI26_arm0,99,26,0,4.196,4.196,0.009364404934913478,False,1,0.0015,0.0015,0.001,rejected,0,0.0
8,7,optimized,,11,0.23046423722250833,0.2302723450356936,MZI25_arm0,100,25,0,3.83,3.829933124683404,0.002536308303494742,True,2,0.052734375,0.0263671875,0.03955078125,line_search,0,0.0
8,7,optimized,,11,0.2302723450356936,0.22982921082226504,MZI25_arm1,104,25,1,2.526,2.5269185735307222,-0.025805741987918577,True,1,0.035595703125,0.035595703125,0.053393554687500004,line_search,0,0.0
8,7,optimized,,11,0.22982921082226504,0.22982921082226504,MZI27_arm0,102,27,0,4.015,4.015,-0.04133187617955226,False,1,0.001,0.001,0.001,rejected,0,0.0
8,7,optimized,,11,0.22982921082226504,0.22982921082226504,MZI28_arm1,97,28,1,2.972,2.972,0.08403407520042379,False,4,0.013348388671875001,0.013348388671875001,0.0066741943359375005,rejected,0,0.0
8,7,optimized,,11,0.22982921082226504,0.22979136548020085,MZI26_arm1,103,26,1,5.0,5.0000059408832005,-0.0059408832000966295,True,1,0.001,0.001,0.0015,line_search,0,0.0
8,7,optimized,,11,0.22979136548020085,0.22885122168645214,MZI26_arm0,99,26,0,4.196,4.195951362496566,0.04863750343337379,True,1,0.001,0.001,0.0015,line_search,0,0.0
8,7,optimized,,11,0.22885122168645214,0.22885122168645214,MZI27_arm1,98,27,1,5.498,5.498,-0.055209289736486936,False,3,0.005932617187500001,0.005932617187500001,0.0029663085937500005,rejected,0,0.0
8,7,optimized,,11,0.22885122168645214,0.2287156915949966,MZI28_arm0,101,28,0,4.299,4.299005210728913,-0.005210728912684426,True,1,0.001,0.001,0.0015,line_search,0,0.0
8,7,optimized,,12,0.2287591715857314,0.2287591715857314,MZI28_arm1,97,28,1,2.972,2.972,0.018633602069972176,False,3,0.0066741943359375005,0.0066741943359375005,0.0033370971679687503,rejected,0,0.0
8,7,optimized,,12,0.2287591715857314,0.22817071919509913,MZI27_arm1,98,27,1,5.498,5.498206105142373,-0.13896405977933607,True,2,0.0029663085937500005,0.0014831542968750003,0.0022247314453125,line_search,0,0.0
8,7,optimized,,12,0.22817071919509913,0.22817071919509913,MZI26_arm0,99,26,0,4.196,4.196,0.19473497221262,False,1,0.0015,0.0015,0.001,rejected,0,0.0
8,7,optimized,,12,0.22817071919509913,0.22759738909747454,MZI27_arm0,102,27,0,4.015,4.015007191119115,-0.007191119115728607,True,1,0.001,0.001,0.0015,line_search,0,0.0
8,7,optimized,,12,0.22759738909747454,0.22759738909747454,MZI25_arm1,104,25,1,2.527,2.527,-0.026832761875301956,False,6,0.053393554687500004,0.053393554687500004,0.026696777343750002,rejected,0,0.0
8,7,optimized,,12,0.22759738909747454,0.22759738909747454,MZI26_arm1,103,26,1,5.0,5.0,-0.007523594753500334,False,1,0.0015,0.0015,0.001,rejected,0,0.0
8,7,optimized,,12,0.22759738909747454,0.22759738909747454,MZI28_arm0,101,28,0,4.299,4.299,0.007510292403324092,False,1,0.0015,0.0015,0.001,rejected,0,0.0
8,7,optimized,,12,0.22759738909747454,0.22759738909747454,MZI25_arm0,100,25,0,3.83,3.83,0.007342181519032896,False,6,0.03955078125,0.03955078125,0.019775390625,rejected,0,0.0
8,7,optimized,,13,0.23014628998438766,0.22916582260291543,MZI26_arm0,99,26,0,4.196,4.195999623137477,0.00037686252295638626,True,1,0.001,0.001,0.0015,line_search,0,0.0
8,7,optimized,,13,0.22916582260291543,0.22916582260291543,MZI27_arm1,98,27,1,5.498,5.498,-0.07416803231886009,False,2,0.0022247314453125,0.0022247314453125,0.00111236572265625,rejected,0,0.0
8,7,optimized,,13,0.22916582260291543,0.22916582260291543,MZI25_arm1,104,25,1,2.527,2.527,-0.0024163964750995004,False,5,0.026696777343750002,0.026696777343750002,0.013348388671875001,rejected,0,0.0
8,7,optimized,,13,0.22916582260291543,0.22916582260291543,MZI28_arm1,97,28,1,2.972,2.972,0.007162223387262295,False,2,0.0033370971679687503,0.0033370971679687503,0.0016685485839843751,rejected,0,0.0
8,7,optimized,,13,0.22916582260291543,0.22916582260291543,MZI26_arm1,103,26,1,5.0,5.0,0.002469576310759666,False,1,0.001,0.001,0.001,rejected,0,0.0
8,7,optimized,,13,0.22916582260291543,0.22916582260291543,MZI28_arm0,101,28,0,4.299,4.299,-0.011432371103392118,False,1,0.001,0.001,0.001,rejected,0,0.0
8,7,optimized,,13,0.22916582260291543,0.22916582260291543,MZI25_arm0,100,25,0,3.83,3.83,-0.016549128426718976,False,5,0.019775390625,0.019775390625,0.0098876953125,rejected,0,0.0
8,7,optimized,,13,0.22916582260291543,0.22916582260291543,MZI27_arm0,102,27,0,4.015,4.015,-0.014984000155678925,False,1,0.0015,0.0015,0.001,rejected,0,0.0
8,7,optimized,,14,0.23121081559599238,0.23114807038490695,MZI27_arm1,98,27,1,5.498,5.497924864917495,0.06754530544618136,True,1,0.00111236572265625,0.00111236572265625,0.0016685485839843751,line_search,0,0.0
8,7,optimized,,14,0.23114807038490695,0.23114807038490695,MZI25_arm0,100,25,0,3.83,3.83,-0.02974592509441193,False,4,0.0098876953125,0.0098876953125,0.00494384765625,rejected,0,0.0
8,7,optimized,,14,0.23114807038490695,0.23114807038490695,MZI27_arm0,102,27,0,4.015,4.015,-0.01609232912637928,False,1,0.001,0.001,0.001,rejected,0,0.0
8,7,optimized,,14,0.23114807038490695,0.23053427505169888,MZI28_arm0,101,28,0,4.299,4.298991344927984,0.008655072016644689,True,1,0.001,0.001,0.0015,line_search,0,0.0
8,7,optimized,,14,0.23053427505169888,0.23053427505169888,MZI28_arm1,97,28,1,2.972,2.972,-0.006419283229688871,False,1,0.0016685485839843751,0.0016685485839843751,0.001,rejected,0,0.0
8,7,optimized,,14,0.23053427505169888,0.23053427505169888,MZI26_arm1,103,26,1,5.0,5.0,0.029546015200086005,False,1,0.001,0.001,0.001,rejected,0,0.0
8,7,optimized,,14,0.23053427505169888,0.23016062964848816,MZI25_arm1,104,25,1,2.527,2.52692979322778,0.010519138144125797,True,2,0.013348388671875001,0.0066741943359375005,0.01001129150390625,line_search,0,0.0
8,7,optimized,,14,0.23016062964848816,0.23016062964848816,MZI26_arm0,99,26,0,4.196,4.196,-0.022579913743814777,False,1,0.0015,0.0015,0.001,rejected,0,0.0
8,7,optimized,,15,0.23452520788986875,0.234188406645179,MZI27_arm1,98,27,1,5.498,5.498034749281604,-0.02082605321654446,True,1,0.0016685485839843751,0.0016685485839843751,0.0025028228759765626,line_search,0,0.0
8,7,optimized,,15,0.234188406645179,0.23129584348119003,MZI25_arm0,100,25,0,3.83,3.8299472219575708,0.010675499347647518,True,1,0.00494384765625,0.00494384765625,0.007415771484375,line_search,0,0.0
8,7,optimized,,15,0.23129584348119003,0.231266347933692,MZI26_arm1,103,26,1,5.0,4.999980061075941,0.01993892405968257,True,1,0.001,0.001,0.0015,line_search,0,0.0
8,7,optimized,,15,0.231266347933692,0.231266347933692,MZI26_arm0,99,26,0,4.196,4.196,-0.029379097361908958,False,1,0.001,0.001,0.001,rejected,0,0.0
8,7,optimized,,15,0.231266347933692,0.231266347933692,MZI27_arm0,102,27,0,4.015,4.015,0.004318423169436025,False,1,0.001,0.001,0.001,rejected,0,0.0
8,7,optimized,,15,0.231266347933692,0.231266347933692,MZI25_arm1,104,25,1,2.527,2.527,-0.007501610076351965,False,4,0.01001129150390625,0.01001129150390625,0.005005645751953125,rejected,0,0.0
8,7,optimized,,15,0.231266347933692,0.231266347933692,MZI28_arm0,101,28,0,4.299,4.299,-0.02759138366037462,False,1,0.0015,0.0015,0.001,rejected,0,0.0
8,7,optimized,,15,0.231266347933692,0.231266347933692,MZI28_arm1,97,28,1,2.972,2.972,0.03566691626585152,False,1,0.001,0.001,0.001,rejected,0,0.0
8,7,optimized,,16,0.23515261798892043,0.23515261798892043,MZI28_arm1,97,28,1,2.972,2.972,0.03679232387423511,False,1,0.001,0.001,0.001,rejected,0,0.0
8,7,optimized,,16,0.23515261798892043,0.23251426560101224,MZI26_arm0,99,26,0,4.196,4.195934825950844,0.06517404915576536,True,1,0.001,0.001,0.0015,line_search,0,0.0
8,7,optimized,,16,0.23251426560101224,0.23251426560101224,MZI28_arm0,101,28,0,4.299,4.299,-0.017124457922230666,False,1,0.001,0.001,0.001,rejected,0,0.0
8,7,optimized,,16,0.23251426560101224,0.23132650959248785,MZI27_arm1,98,27,1,5.498,5.498018796156683,-0.0075099827731158735,True,1,0.0025028228759765626,0.0025028228759765626,0.003754234313964844,line_search,0,0.0
8,7,optimized,,16,0.23132650959248785,0.23132650959248785,MZI26_arm1,103,26,1,5.0,5.0,0.012470782511028304,False,1,0.0015,0.0015,0.001,rejected,0,0.0
8,7,optimized,,16,0.23132650959248785,0.23132650959248785,MZI25_arm0,100,25,0,3.83,3.83,-0.005715873835978458,False,3,0.007415771484375,0.007415771484375,0.0037078857421875,rejected,0,0.0
8,7,optimized,,16,0.23132650959248785,0.23132650959248785,MZI25_arm1,104,25,1,2.527,2.527,0.016736843365397477,False,3,0.005005645751953125,0.005005645751953125,0.0025028228759765626,rejected,0,0.0
8,7,optimized,,16,0.23132650959248785,0.23132650959248785,MZI27_arm0,102,27,0,4.015,4.015,0.002605303020464271,False,1,0.001,0.001,0.001,rejected,0,0.0
8,7,optimized,,17,0.2305411339679436,0.2305411339679436,MZI26_arm0,99,26,0,4.196,4.196,-0.0044358527597121,False,1,0.0015,0.0015,0.001,rejected,0,0.0
8,7,optimized,,17,0.2305411339679436,0.2305411339679436,MZI28_arm1,97,28,1,2.972,2.972,0.010350243503923903,False,1,0.001,0.001,0.001,rejected,0,0.0
8,7,optimized,,17,0.2305411339679436,0.2305411339679436,MZI28_arm0,101,28,0,4.299,4.299,-0.02343811905228721,False,1,0.001,0.001,0.001,rejected,0,0.0
8,7,optimized,,17,0.2305411339679436,0.2305411339679436,MZI25_arm1,104,25,1,2.527,2.527,0.044015315371095196,False,2,0.0025028228759765626,0.0025028228759765626,0.0012514114379882813,rejected,0,0.0
8,7,optimized,,17,0.2305411339679436,0.2305411339679436,MZI26_arm1,103,26,1,5.0,5.0,0.004626301416561883,False,1,0.001,0.001,0.001,rejected,0,0.0
8,7,optimized,,17,0.2305411339679436,0.2305411339679436,MZI27_arm1,98,27,1,5.498,5.498,-0.024096173154182325,False,2,0.003754234313964844,0.003754234313964844,0.001877117156982422,rejected,0,0.0
8,7,optimized,,17,0.2305411339679436,0.2305411339679436,MZI25_arm0,100,25,0,3.83,3.83,0.0037056346419636586,False,2,0.0037078857421875,0.0037078857421875,0.00185394287109375,rejected,0,0.0
8,7,optimized,,17,0.2305411339679436,0.2305411339679436,MZI27_arm0,102,27,0,4.015,4.015,-0.034866433294543024,False,1,0.001,0.001,0.001,rejected,0,0.0
8,7,optimized,,18,0.23560090959550045,0.23342650137686988,MZI25_arm1,104,25,1,2.527,2.5269837134258504,0.013014563919937898,True,1,0.0012514114379882813,0.0012514114379882813,0.001877117156982422,line_search,0,0.0
8,7,optimized,,18,0.23342650137686988,0.23175542395186746,MZI27_arm0,102,27,0,4.015,4.01499287930862,0.007120691379963118,True,1,0.001,0.001,0.0015,line_search,0,0.0
8,7,optimized,,18,0.23175542395186746,0.23175542395186746,MZI27_arm1,98,27,1,5.498,5.498,-0.043659226232589686,False,1,0.001877117156982422,0.001877117156982422,0.001,rejected,0,0.0
8,7,optimized,,18,0.23175542395186746,0.23175542395186746,MZI28_arm0,101,28,0,4.299,4.299,-0.04000007323003376,False,1,0.001,0.001,0.001,rejected,0,0.0
8,7,optimized,,18,0.23175542395186746,0.23175542395186746,MZI28_arm1,97,28,1,2.972,2.972,0.02514312779903769,False,1,0.001,0.001,0.001,rejected,0,0.0
8,7,optimized,,18,0.23175542395186746,0.23175542395186746,MZI26_arm1,103,26,1,5.0,5.0,0.014715300700727,False,1,0.001,0.001,0.001,rejected,0,0.0
8,7,optimized,,18,0.23175542395186746,0.23175542395186746,MZI26_arm0,99,26,0,4.196,4.196,-0.0018530254073383496,False,1,0.001,0.001,0.001,rejected,0,0.0
8,7,optimized,,18,0.23175542395186746,0.23175542395186746,MZI25_arm0,100,25,0,3.83,3.83,0.01846475410190866,False,1,0.00185394287109375,0.00185394287109375,0.001,rejected,0,0.0
8,7,optimized,,19,0.23379091727868173,0.2332163094603031,MZI27_arm1,98,27,1,5.498,5.498048871354839,-0.04887135483833271,True,1,0.001,0.001,0.0015,line_search,0,0.0
8,7,optimized,,19,0.2332163094603031,0.23318372378016866,MZI28_arm0,101,28,0,4.299,4.299022580652452,-0.022580652451443178,True,1,0.001,0.001,0.0015,line_search,0,0.0
8,7,optimized,,19,0.23318372378016866,0.2330855476566451,MZI28_arm1,97,28,1,2.972,2.9719764114054295,0.023588594570494288,True,1,0.001,0.001,0.0015,line_search,0,0.0
8,7,optimized,,19,0.2330855476566451,0.2330855476566451,MZI25_arm0,100,25,0,3.83,3.83,0.0397883061173401,False,1,0.001,0.001,0.001,rejected,0,0.0
8,7,optimized,,19,0.2330855476566451,0.2330855476566451,MZI26_arm1,103,26,1,5.0,5.0,0.006809409121423671,False,1,0.001,0.001,0.001,rejected,0,0.0
8,7,optimized,,19,0.2330855476566451,0.2330855476566451,MZI25_arm1,104,25,1,2.527,2.527,-0.007003611164881762,False,1,0.001877117156982422,0.001877117156982422,0.001,rejected,0,0.0
8,7,optimized,,19,0.2330855476566451,0.2330855476566451,MZI27_arm0,102,27,0,4.015,4.015,-0.021999763684296906,False,1,0.0015,0.0015,0.001,rejected,0,0.0
8,7,optimized,,19,0.2330855476566451,0.2330855476566451,MZI26_arm0,99,26,0,4.196,4.196,-0.002668723497055493,False,1,0.001,0.001,0.001,rejected,0,0.0
8,8,optimized,,0,0.9907143638972883,0.9757336924050568,MZI29_arm0,33,29,0,3.928,3.9590145699405506,-0.310145699405506,True,1,0.1,0.1,0.15000000000000002,line_search,0,0.0
8,8,optimized,,0,0.9757336924050568,0.7327666941765935,MZI29_arm1,34,29,1,0.0,5.5,-0.09369026221874299,True,7,0.1,0.1,0.15000000000000002,lower_boundary_coarse_search,11,5.5
8,8,optimized,,0,0.7327666941765935,0.7307062695872273,MZI30_arm0,38,30,0,4.057,4.072070083565954,-0.15070083565954007,True,1,0.1,0.1,0.15000000000000002,line_search,0,0.0
8,8,optimized,,0,0.7307062695872273,0.3566035419342295,MZI30_arm1,35,30,1,0.0,3.5,0.0043972169449790766,True,0,0.1,0.1,0.15000000000000002,lower_boundary_coarse_search,11,3.5
8,8,optimized,,0,0.3566035419342295,0.3554325487585329,MZI31_arm0,36,31,0,4.0,3.9909314597928844,0.09068540207115654,True,1,0.1,0.1,0.15000000000000002,line_search,0,0.0
8,8,optimized,,0,0.3554325487585329,0.25048459237057225,MZI31_arm1,37,31,1,0.0,3.0,0.017915864363590717,True,0,0.1,0.1,0.15000000000000002,lower_boundary_coarse_search,11,3.0
8,8,optimized,,0,0.25048459237057225,0.2499433873055358,MZI32_arm0,40,32,0,3.992,3.992054787252134,-0.035063841365970766,True,7,0.1,0.0015625,0.0023437500000000003,line_search,0,0.0
8,8,optimized,,0,0.2499433873055358,0.2491033737523261,MZI32_arm1,39,32,1,0.0,0.5,0.013805838603818399,True,0,0.1,0.1,0.15000000000000002,lower_boundary_coarse_search,11,0.5
8,8,optimized,,1,0.25157178490590126,0.250908060013813,MZI29_arm0,33,29,0,3.959,3.974278531166673,-0.10185687444448634,True,1,0.15000000000000002,0.15000000000000002,0.22500000000000003,line_search,0,0.0
8,8,optimized,,1,0.250908060013813,0.2480936121856809,MZI30_arm0,38,30,0,4.072,4.09410712306729,-0.14738082044859596,True,1,0.15000000000000002,0.15000000000000002,0.22500000000000003,line_search,0,0.0
8,8,optimized,,1,0.2480936121856809,0.24790821587899908,MZI29_arm1,34,29,1,5.5,5.494403474974461,0.03731016683692575,True,1,0.15000000000000002,0.15000000000000002,0.22500000000000003,line_search,0,0.0
8,8,optimized,,1,0.24790821587899908,0.24613660221264586,MZI31_arm0,36,31,0,3.991,3.97464128663368,0.10905808910879948,True,1,0.15000000000000002,0.15000000000000002,0.22500000000000003,line_search,0,0.0
8,8,optimized,,1,0.24613660221264586,0.2459963893740476,MZI32_arm0,40,32,0,3.992,3.9920682718043956,-0.029129303208838157,True,1,0.0023437500000000003,0.0023437500000000003,0.0035156250000000005,line_search,0,0.0
8,8,optimized,,1,0.2459963893740476,0.2456735259839987,MZI31_arm1,37,31,1,3.0,3.004977764654565,-0.03318509769709846,True,1,0.15000000000000002,0.15000000000000002,0.22500000000000003,line_search,0,0.0
8,8,optimized,,1,0.2456735259839987,0.2456735259839987,MZI32_arm1,39,32,1,0.5,0.5,-0.0056814140856058185,False,8,0.15000000000000002,0.15000000000000002,0.07500000000000001,rejected,0,0.0
8,8,optimized,,1,0.2456735259839987,0.24448658778613291,MZI30_arm1,35,30,1,3.5,3.485738487416586,0.09507675055609308,True,1,0.15000000000000002,0.15000000000000002,0.22500000000000003,line_search,0,0.0
8,8,optimized,,2,0.24452939223804895,0.24191980661419366,MZI30_arm0,38,30,0,4.094,4.128325551102954,-0.15255800490201454,True,1,0.22500000000000003,0.22500000000000003,0.3375,line_search,0,0.0
8,8,optimized,,2,0.24191980661419366,0.23976925506752084,MZI31_arm0,36,31,0,3.975,3.952688747589662,0.09916112182372433,True,1,0.22500000000000003,0.22500000000000003,0.3375,line_search,0,0.0
8,8,optimized,,2,0.23976925506752084,0.2384783783810215,MZI29_arm0,33,29,0,3.974,3.9945385732434735,-0.09128254774877004,True,1,0.22500000000000003,0.22500000000000003,0.3375,line_search,0,0.0
8,8,optimized,,2,0.2384783783810215,0.23693644064559538,MZI30_arm1,35,30,1,3.486,3.4730810724270045,0.057417455879980824,True,1,0.22500000000000003,0.22500000000000003,0.3375,line_search,0,0.0
8,8,optimized,,2,0.23693644064559538,0.23693644064559538,MZI29_arm1,34,29,1,5.494,5.494,-0.0026668649849848273,False,8,0.22500000000000003,0.22500000000000003,0.11250000000000002,rejected,0,0.0
8,8,optimized,,2,0.23693644064559538,0.23693644064559538,MZI31_arm1,37,31,1,3.005,3.005,-0.020639768968092036,False,8,0.22500000000000003,0.22500000000000003,0.11250000000000002,rejected,0,0.0
8,8,optimized,,2,0.23693644064559538,0.23693644064559538,MZI32_arm0,40,32,0,3.992,3.992,-0.04164462270776465,False,2,0.0035156250000000005,0.0035156250000000005,0.0017578125000000003,rejected,0,0.0
8,8,optimized,,2,0.23693644064559538,0.23693644064559538,MZI32_arm1,39,32,1,0.5,0.5,-0.011592131386357191,False,7,0.07500000000000001,0.07500000000000001,0.037500000000000006,rejected,0,0.0
8,8,optimized,,3,0.23745546013021274,0.23655791513235197,MZI30_arm0,38,30,0,4.128,4.1366176088523625,-0.0255336558588523,True,1,0.3375,0.3375,0.5062500000000001,line_search,0,0.0
8,8,optimized,,3,0.23655791513235197,0.23405104889299103,MZI31_arm0,36,31,0,3.953,3.926910201034311,0.07730310804648637,True,1,0.3375,0.3375,0.5062500000000001,line_search,0,0.0
8,8,optimized,,3,0.23405104889299103,0.23291999350586612,MZI29_arm0,33,29,0,3.995,4.022479695166207,-0.08142131901098401,True,1,0.3375,0.3375,0.5062500000000001,line_search,0,0.0
8,8,optimized,,3,0.23291999350586612,0.23284213473722634,MZI30_arm1,35,30,1,3.473,3.470481635914919,0.014923639022701427,True,2,0.3375,0.16875,0.25312500000000004,line_search,0,0.0
8,8,optimized,,3,0.23284213473722634,0.23284213473722634,MZI32_arm0,40,32,0,3.992,3.992,-0.02795323276787471,False,1,0.0017578125000000003,0.0017578125000000003,0.001,rejected,0,0.0
8,8,optimized,,3,0.23284213473722634,0.23278458684568584,MZI31_arm1,37,31,1,3.005,3.00518979751427,-0.006748356062933469,True,3,0.11250000000000002,0.028125000000000004,0.0421875,line_search,0,0.0
8,8,optimized,,3,0.23278458684568584,0.23244777644823203,MZI32_arm1,39,32,1,0.5,0.49961759984767956,0.010197337395211744,True,1,0.037500000000000006,0.037500000000000006,0.05625000000000001,line_search,0,0.0
8,8,optimized,,3,0.23244777644823203,0.23220575940514984,MZI29_arm1,34,29,1,5.494,5.496109114679866,-0.018747686043254982,True,1,0.11250000000000002,0.11250000000000002,0.16875,line_search,0,0.0
8,8,optimized,,4,0.23228469102776408,0.23123159758287926,MZI29_arm0,33,29,0,4.022,4.046110162362105,-0.047625012073292436,True,1,0.5062500000000001,0.5062500000000001,0.7593750000000001,line_search,0,0.0
8,8,optimized,,4,0.23123159758287926,0.22887422513648958,MZI31_arm0,36,31,0,3.927,3.886093467149552,0.08080302785273684,True,1,0.5062500000000001,0.5062500000000001,0.7593750000000001,line_search,0,0.0
8,8,optimized,,4,0.22887422513648958,0.22887422513648958,MZI32_arm0,40,32,0,3.992,3.992,-0.005918898065492761,False,1,0.001,0.001,0.001,rejected,0,0.0
8,8,optimized,,4,0.22887422513648958,0.22868897856067025,MZI30_arm0,38,30,0,4.137,4.143403454587188,-0.02529759836913793,True,2,0.5062500000000001,0.25312500000000004,0.37968750000000007,line_search,0,0.0
8,8,optimized,,4,0.22868897856067025,0.22868897856067025,MZI29_arm1,34,29,1,5.496,5.496,-0.0720396915347898,False,8,0.16875,0.16875,0.084375,rejected,0,0.0
8,8,optimized,,4,0.22868897856067025,0.22838994294408785,MZI30_arm1,35,30,1,3.47,3.4697742664310853,0.028537182045539043,True,6,0.25312500000000004,0.007910156250000001,0.011865234375000002,line_search,0,0.0
8,8,optimized,,4,0.22838994294408785,0.22838994294408785,MZI32_arm1,39,32,1,0.5,0.5,-0.0061995069490748626,False,6,0.05625000000000001,0.05625000000000001,0.028125000000000004,rejected,0,0.0
8,8,optimized,,4,0.22838994294408785,0.22838994294408785,MZI31_arm1,37,31,1,3.005,3.005,0.002964763384109834,False,6,0.0421875,0.0421875,0.02109375,rejected,0,0.0
8,8,optimized,,5,0.23025911169743993,0.22894361571656544,MZI31_arm0,36,31,0,3.886,3.854241105454355,0.04182241257039695,True,1,0.7593750000000001,0.7593750000000001,1.0,line_search,0,0.0
8,8,optimized,,5,0.22894361571656544,0.22893659398336566,MZI29_arm1,34,29,1,5.496,5.5,-0.11390609610710714,True,1,0.084375,0.084375,0.12656250000000002,line_search,0,0.0
8,8,optimized,,5,0.22893659398336566,0.22831485837763113,MZI29_arm0,33,29,0,4.046,4.079225597709959,-0.043753873527517764,True,1,0.7593750000000001,0.7593750000000001,1.0,line_search,0,0.0
8,8,optimized,,5,0.22831485837763113,0.2277009574659314,MZI30_arm1,35,30,1,3.47,3.4694667457282184,0.044942582247288435,True,1,0.011865234375000002,0.011865234375000002,0.0177978515625,line_search,0,0.0
8,8,optimized,,5,0.2277009574659314,0.2277009574659314,MZI30_arm0,38,30,0,4.143,4.143,-0.03517948608125701,False,9,0.37968750000000007,0.37968750000000007,0.18984375000000003,rejected,0,0.0
8,8,optimized,,5,0.2277009574659314,0.22698795285427675,MZI32_arm1,39,32,1,0.5,0.49899663010276396,0.03567537412394805,True,1,0.028125000000000004,0.028125000000000004,0.0421875,line_search,0,0.0
8,8,optimized,,5,0.22698795285427675,0.22698795285427675,MZI32_arm0,40,32,0,3.992,3.992,-0.05118641556359337,False,1,0.001,0.001,0.001,rejected,0,0.0
8,8,optimized,,5,0.22698795285427675,0.2261013673524777,MZI31_arm1,37,31,1,3.005,3.0039751449006373,0.04858572322904357,True,1,0.02109375,0.02109375,0.031640625000000006,line_search,0,0.0
8,8,optimized,,6,0.22681778117563492,0.22681778117563492,MZI29_arm1,34,29,1,5.5,5.5,-0.02139515554875533,False,0,0.12656250000000002,0.12656250000000002,0.06328125000000001,rejected,0,0.0
8,8,optimized,,6,0.22681778117563492,0.22608127563458233,MZI32_arm0,40,32,0,3.992,3.992012564891921,-0.012564891921339322,True,1,0.001,0.001,0.0015,line_search,0,0.0
8,8,optimized,,6,0.22608127563458233,0.22608127563458233,MZI31_arm1,37,31,1,3.004,3.004,0.005482806757711034,False,5,0.031640625000000006,0.031640625000000006,0.015820312500000003,rejected,0,0.0
8,8,optimized,,6,0.22608127563458233,0.22608127563458233,MZI30_arm1,35,30,1,3.469,3.469,0.01360164612214178,False,5,0.0177978515625,0.0177978515625,0.00889892578125,rejected,0,0.0
8,8,optimized,,6,0.22608127563458233,0.22608127563458233,MZI29_arm0,33,29,0,4.079,4.079,-0.03346874081348041,False,10,1.0,1.0,0.5,rejected,0,0.0
8,8,optimized,,6,0.22608127563458233,0.22608127563458233,MZI31_arm0,36,31,0,3.854,3.854,-0.023841924987083575,False,10,1.0,1.0,0.5,rejected,0,0.0
8,8,optimized,,6,0.22608127563458233,0.22608127563458233,MZI32_arm1,39,32,1,0.499,0.499,-0.005625525544944438,False,6,0.0421875,0.0421875,0.02109375,rejected,0,0.0
8,8,optimized,,6,0.22608127563458233,0.22608127563458233,MZI30_arm0,38,30,0,4.143,4.143,-0.028503151450340238,False,8,0.18984375000000003,0.18984375000000003,0.09492187500000002,rejected,0,0.0
8,8,optimized,,7,0.2460997975700072,0.2449994369196694,MZI29_arm0,33,29,0,4.079,4.08544310172487,-0.012886203449740116,True,1,0.5,0.5,0.75,line_search,0,0.0
8,8,optimized,,7,0.2449994369196694,0.2449994369196694,MZI30_arm0,38,30,0,4.143,4.143,-0.0635316888765523,False,7,0.09492187500000002,0.09492187500000002,0.04746093750000001,rejected,0,0.0
8,8,optimized,,7,0.2449994369196694,0.24484338256740668,MZI31_arm0,36,31,0,3.854,3.8578032013785104,-0.030425611028082167,True,3,0.5,0.125,0.1875,line_search,0,0.0
8,8,optimized,,7,0.24484338256740668,0.24481351385963246,MZI29_arm1,34,29,1,5.5,5.496286568356707,0.11736277786208837,True,2,0.06328125000000001,0.031640625000000006,0.04746093750000001,line_search,0,0.0
8,8,optimized,,7,0.24481351385963246,0.24397793318096342,MZI30_arm1,35,30,1,3.469,3.4689750970868403,0.005596835791633887,True,2,0.00889892578125,0.004449462890625,0.0066741943359375005,line_search,0,0.0
8,8,optimized,,7,0.24397793318096342,0.24310644452601243,MZI32_arm0,40,32,0,3.992,3.9920785110091366,-0.052340672757840274,True,1,0.0015,0.0015,0.0022500000000000003,line_search,0,0.0
8,8,optimized,,7,0.24310644452601243,0.2428578711440939,MZI32_arm1,39,32,1,0.499,0.49963124400523945,-0.05985128345974208,True,2,0.02109375,0.010546875,0.015820312500000003,line_search,0,0.0
8,8,optimized,,7,0.2428578711440939,0.23892139450871985,MZI31_arm1,37,31,1,3.004,3.002237111935025,0.11143193694657928,True,1,0.015820312500000003,0.015820312500000003,0.023730468750000004,line_search,0,0.0
8,8,optimized,,8,0.23961548302121669,0.2392453117121136,MZI29_arm1,34,29,1,5.496,5.496346075295501,-0.01458358446883585,True,2,0.04746093750000001,0.023730468750000004,0.035595703125,line_search,0,0.0
8,8,optimized,,8,0.2392453117121136,0.239078443252132,MZI31_arm1,37,31,1,3.002,3.001558403617284,0.03721767044451773,True,2,0.023730468750000004,0.011865234375000002,0.0177978515625,line_search,0,0.0
8,8,optimized,,8,0.239078443252132,0.23903605674258452,MZI30_arm0,38,30,0,4.143,4.14347513060362,-0.08008785812461912,True,4,0.04746093750000001,0.005932617187500001,0.00889892578125,line_search,0,0.0
8,8,optimized,,8,0.23903605674258452,0.23902459323242517,MZI32_arm1,39,32,1,0.5,0.5005523626552726,-0.03491477524686021,True,1,0.015820312500000003,0.015820312500000003,0.023730468750000004,line_search,0,0.0
8,8,optimized,,8,0.23902459323242517,0.23888602507082665,MZI32_arm0,40,32,0,3.992,3.9919568811554855,0.019163930895383013,True,1,0.0022500000000000003,0.0022500000000000003,0.0033750000000000004,line_search,0,0.0
8,8,optimized,,8,0.23888602507082665,0.2379143975126678,MZI31_arm0,36,31,0,3.858,3.8531801692576346,0.025705763959282788,True,1,0.1875,0.1875,0.28125,line_search,0,0.0
8,8,optimized,,8,0.2379143975126678,0.2376756418699729,MZI29_arm0,33,29,0,4.085,4.0852322654285045,-0.009909991616199394,True,6,0.75,0.0234375,0.03515625,line_search,0,0.0
8,8,optimized,,8,0.2376756418699729,0.2376756418699729,MZI30_arm1,35,30,1,3.469,3.469,0.039437337257165715,False,3,0.0066741943359375005,0.0066741943359375005,0.0033370971679687503,rejected,0,0.0
8,8,optimized,,9,0.23861195849173764,0.23765185427257496,MZI30_arm0,38,30,0,4.143,4.143467969521125,-0.0525871922779174,True,1,0.00889892578125,0.00889892578125,0.013348388671875001,line_search,0,0.0
8,8,optimized,,9,0.23765185427257496,0.23765185427257496,MZI30_arm1,35,30,1,3.469,3.469,0.02733101167838659,False,2,0.0033370971679687503,0.0033370971679687503,0.0016685485839843751,rejected,0,0.0
8,8,optimized,,9,0.23765185427257496,0.2367992384959257,MZI31_arm1,37,31,1,3.002,3.001716702382739,0.015917517699581815,True,1,0.0177978515625,0.0177978515625,0.026696777343750002,line_search,0,0.0
8,8,optimized,,9,0.2367992384959257,0.2365254394778261,MZI32_arm1,39,32,1,0.501,0.5010198644910371,-0.006696704138920561,True,4,0.023730468750000004,0.0029663085937500005,0.004449462890625,line_search,0,0.0
8,8,optimized,,9,0.2365254394778261,0.2363124265292343,MZI31_arm0,36,31,0,3.853,3.8446520124141657,0.029681733638522972,True,1,0.28125,0.28125,0.421875,line_search,0,0.0
8,8,optimized,,9,0.2363124265292343,0.2363124265292343,MZI32_arm0,40,32,0,3.992,3.992,-0.014764207626757354,False,2,0.0033750000000000004,0.0033750000000000004,0.0016875000000000002,rejected,0,0.0
8,8,optimized,,9,0.2363124265292343,0.23621912974507914,MZI29_arm1,34,29,1,5.496,5.496147513723467,-0.008288288221096408,True,2,0.035595703125,0.0177978515625,0.026696777343750002,line_search,0,0.0
8,8,optimized,,9,0.23621912974507914,0.23593357569992987,MZI29_arm0,33,29,0,4.085,4.085173486357087,-0.039477784368228415,True,4,0.03515625,0.00439453125,0.006591796875,line_search,0,0.0
8,8,optimized,,10,0.23805672614243734,0.23739077826995605,MZI30_arm0,38,30,0,4.143,4.143447223917889,-0.03350396282897213,True,1,0.013348388671875001,0.013348388671875001,0.0200225830078125,line_search,0,0.0
8,8,optimized,,10,0.23739077826995605,0.2369864621414936,MZI29_arm0,33,29,0,4.085,4.08511941775311,-0.018116115434805815,True,1,0.006591796875,0.006591796875,0.0098876953125,line_search,0,0.0
8,8,optimized,,10,0.2369864621414936,0.23672285368278898,MZI31_arm0,36,31,0,3.845,3.8455626905120224,-0.0013337849173858374,True,1,0.421875,0.421875,0.6328125,line_search,0,0.0
8,8,optimized,,10,0.23672285368278898,0.23672285368278898,MZI30_arm1,35,30,1,3.469,3.469,0.03419853791292862,False,1,0.0016685485839843751,0.0016685485839843751,0.001,rejected,0,0.0
8,8,optimized,,10,0.23672285368278898,0.23636403572689982,MZI31_arm1,37,31,1,3.002,3.00179583969403,0.007647376435786217,True,1,0.026696777343750002,0.026696777343750002,0.040045166015625,line_search,0,0.0
8,8,optimized,,10,0.23636403572689982,0.23636403572689982,MZI32_arm0,40,32,0,3.992,3.992,-0.03429301647410281,False,1,0.0016875000000000002,0.0016875000000000002,0.001,rejected,0,0.0
8,8,optimized,,10,0.23636403572689982,0.23611417530875858,MZI29_arm1,34,29,1,5.496,5.494492607775515,0.903415243016266,True,5,0.026696777343750002,0.0016685485839843751,0.0025028228759765626,line_search,0,0.0
8,8,optimized,,10,0.23611417530875858,0.23557845985468673,MZI32_arm1,39,32,1,0.501,0.5010061840957061,-0.0027797043634467085,True,2,0.004449462890625,0.0022247314453125,0.0033370971679687503,line_search,0,0.0
