timestamp,scan_type,mzi_id,point_index,scan_axis,scan_value,input_channel,output_channel,target_power_w,voltage_v,p_primary,p_secondary,v_primary,v_secondary,bmzi,opm_channel,is_target_output,opm_median_uW,opm_mean_uW,opm_std_uW,opm_relative_std,opm_raw_uW
,delta_current_probe,7,1,probe_axis_power_w,-0.001000000000,6,6,0.030901135489,3.975191009245,,,,,,1,False,0.196451900000,0.196515833333,0.000145127101,0.000738500806,"[0.1963789, 0.1967167, 0.1964519]"
,delta_current_probe,7,1,probe_axis_power_w,-0.001000000000,6,6,0.030901135489,3.975191009245,,,,,,2,False,0.009536535000,0.009645135000,0.000183639476,0.019039596249,"[0.009495132, 0.009536535, 0.009903738]"
,delta_current_probe,7,1,probe_axis_power_w,-0.001000000000,6,6,0.030901135489,3.975191009245,,,,,,3,False,4.400003000000,4.390950000000,0.018498763905,0.004212929754,"[4.400003, 4.40768, 4.365167]"
,delta_current_probe,7,1,probe_axis_power_w,-0.001000000000,6,6,0.030901135489,3.975191009245,,,,,,4,False,19.196110000000,19.180183333333,0.040385591765,0.002105589455,"[19.21972, 19.19611, 19.12472]"
,delta_current_probe,7,1,probe_axis_power_w,-0.001000000000,6,6,0.030901135489,3.975191009245,,,,,,5,False,27.333600000000,27.347590000000,0.023765329088,0.000869009996,"[27.381050000000002, 27.333599999999997, 27.328120000000002]"
,delta_current_probe,7,1,probe_axis_power_w,-0.001000000000,6,6,0.030901135489,3.975191009245,,,,,,6,True,75.016080000000,75.020746666667,0.054992158431,0.000733026008,"[75.01607999999999, 74.95585, 75.09031]"
,delta_current_probe,7,1,probe_axis_power_w,-0.001000000000,6,6,0.030901135489,3.975191009245,,,,,,7,False,6.170468000000,6.171059000000,0.003390229196,0.000549375593,"[6.1754750000000005, 6.167234, 6.170468]"
,delta_current_probe,7,1,probe_axis_power_w,-0.001000000000,6,6,0.030901135489,3.975191009245,,,,,,8,False,0.625717300000,0.625470366667,0.000825139723,0.001319230721,"[0.6243592, 0.6263346, 0.6257172999999999]"
,delta_current_probe,7,2,probe_axis_power_w,-0.000750000000,6,6,0.031151135489,3.991238895379,,,,,,1,False,0.194913700000,0.195043366667,0.000276899601,0.001419682225,"[0.1954282, 0.1949137, 0.1947882]"
,delta_current_probe,7,2,probe_axis_power_w,-0.000750000000,6,6,0.031151135489,3.991238895379,,,,,,2,False,0.010941140000,0.010817176667,0.000229360783,0.021203386999,"[0.01049561, 0.01094114, 0.01101478]"
,delta_current_probe,7,2,probe_axis_power_w,-0.000750000000,6,6,0.031151135489,3.991238895379,,,,,,3,False,4.330052000000,4.324686000000,0.016709286181,0.003863699279,"[4.341933, 4.330051999999999, 4.302073]"
,delta_current_probe,7,2,probe_axis_power_w,-0.000750000000,6,6,0.031151135489,3.991238895379,,,,,,4,False,19.230040000000,19.232986666667,0.011940746301,0.000620847220,"[19.22006, 19.248859999999997, 19.23004]"
,delta_current_probe,7,2,probe_axis_power_w,-0.000750000000,6,6,0.031151135489,3.991238895379,,,,,,5,False,27.228950000000,27.224023333333,0.011101715583,0.000407791143,"[27.234469999999998, 27.22895, 27.20865]"
,delta_current_probe,7,2,probe_axis_power_w,-0.000750000000,6,6,0.031151135489,3.991238895379,,,,,,6,True,74.951040000000,74.945306666667,0.049238625308,0.000656994113,"[74.88234, 74.95103999999999, 75.00254]"
,delta_current_probe,7,2,probe_axis_power_w,-0.000750000000,6,6,0.031151135489,3.991238895379,,,,,,7,False,6.336922000000,6.336163666667,0.002754084764,0.000434661241,"[6.3369219999999995, 6.332476, 6.339093]"
,delta_current_probe,7,2,probe_axis_power_w,-0.000750000000,6,6,0.031151135489,3.991238895379,,,,,,8,False,0.617143500000,0.617195466667,0.001391591287,0.002254701082,"[0.6155177000000001, 0.6171435000000001, 0.6189252]"
,delta_current_probe,7,3,probe_axis_power_w,-0.000500000000,6,6,0.031401135489,4.00722251441,,,,,,1,False,0.194186100000,0.194176233333,0.000226113914,0.001164477806,"[0.19444809999999998, 0.1941861, 0.1938945]"
,delta_current_probe,7,3,probe_axis_power_w,-0.000500000000,6,6,0.031401135489,4.00722251441,,,,,,2,False,0.011337250000,0.011435410000,0.000202226368,0.017684225435,"[0.01125186, 0.01133725, 0.011717120000000001]"
,delta_current_probe,7,3,probe_axis_power_w,-0.000500000000,6,6,0.031401135489,4.00722251441,,,,,,3,False,4.309199000000,4.311751333333,0.006335986444,0.001469469354,"[4.320466, 4.309199, 4.3055889999999994]"
,delta_current_probe,7,3,probe_axis_power_w,-0.000500000000,6,6,0.031401135489,4.00722251441,,,,,,4,False,19.395620000000,19.392580000000,0.004664482822,0.000240529255,"[19.38599, 19.39613, 19.395619999999997]"
,delta_current_probe,7,3,probe_axis_power_w,-0.000500000000,6,6,0.031401135489,4.00722251441,,,,,,5,False,27.100470000000,27.087690000000,0.018208164835,0.000672193341,"[27.10066, 27.10047, 27.06194]"
,delta_current_probe,7,3,probe_axis_power_w,-0.000500000000,6,6,0.031401135489,4.00722251441,,,,,,6,True,74.712470000000,74.665290000000,0.069598852481,0.000932144675,"[74.56689, 74.71651, 74.71247000000001]"
,delta_current_probe,7,3,probe_axis_power_w,-0.000500000000,6,6,0.031401135489,4.00722251441,,,,,,7,False,6.584324000000,6.582764666667,0.003169222968,0.000481442544,"[6.584324, 6.585624, 6.578346]"
,delta_current_probe,7,3,probe_axis_power_w,-0.000500000000,6,6,0.031401135489,4.00722251441,,,,,,8,False,0.634285400000,0.634225900000,0.000461243023,0.000727253528,"[0.6342854, 0.6336336, 0.6347587]"
,delta_current_probe,7,4,probe_axis_power_w,-0.000250000000,6,6,0.031651135489,4.023142632321,,,,,,1,False,0.193619800000,0.193729333333,0.000173978549,0.000898049594,"[0.1936198, 0.1935933, 0.1939749]"
,delta_current_probe,7,4,probe_axis_power_w,-0.000250000000,6,6,0.031651135489,4.023142632321,,,,,,2,False,0.011348380000,0.011324556667,0.000093142835,0.008224854823,"[0.01120045, 0.01142484, 0.01134838]"
,delta_current_probe,7,4,probe_axis_power_w,-0.000250000000,6,6,0.031651135489,4.023142632321,,,,,,3,False,4.307740000000,4.307092666667,0.007915300135,0.001837736206,"[4.30774, 4.316447, 4.297091]"
,delta_current_probe,7,4,probe_axis_power_w,-0.000250000000,6,6,0.031651135489,4.023142632321,,,,,,4,False,19.563970000000,19.565130000000,0.004348340680,0.000222249516,"[19.57094, 19.563969999999998, 19.56048]"
,delta_current_probe,7,4,probe_axis_power_w,-0.000250000000,6,6,0.031651135489,4.023142632321,,,,,,5,False,26.992770000000,26.993513333333,0.006028290710,0.000223323679,"[26.99277, 27.001240000000003, 26.98653]"
,delta_current_probe,7,4,probe_axis_power_w,-0.000250000000,6,6,0.031651135489,4.023142632321,,,,,,6,True,74.371960000000,74.346773333333,0.052979293020,0.000712597072,"[74.27307, 74.39529, 74.37196]"
,delta_current_probe,7,4,probe_axis_power_w,-0.000250000000,6,6,0.031651135489,4.023142632321,,,,,,7,False,6.895620000000,6.897133000000,0.004657326057,0.000675255364,"[6.892338, 6.903441, 6.89562]"
,delta_current_probe,7,4,probe_axis_power_w,-0.000250000000,6,6,0.031651135489,4.023142632321,,,,,,8,False,0.681303700000,0.680892766667,0.000646854179,0.000950008886,"[0.6813950999999999, 0.6813037000000001, 0.6799795000000001]"
,delta_current_probe,7,5,probe_axis_power_w,0.000000000000,6,6,0.031901135489,4.039,,,,,,1,False,0.193749000000,0.193664666667,0.000138058764,0.000712875333,"[0.193749, 0.193775, 0.19347]"
,delta_current_probe,7,5,probe_axis_power_w,0.000000000000,6,6,0.031901135489,4.039,,,,,,2,False,0.011264210000,0.011105683333,0.000247134364,0.022252963300,"[0.010756670000000001, 0.01129617, 0.01126421]"
,delta_current_probe,7,5,probe_axis_power_w,0.000000000000,6,6,0.031901135489,4.039,,,,,,3,False,4.322830000000,4.319427666667,0.004955861602,0.001147342191,"[4.32283, 4.323033000000001, 4.31242]"
,delta_current_probe,7,5,probe_axis_power_w,0.000000000000,6,6,0.031901135489,4.039,,,,,,4,False,19.752110000000,19.745413333333,0.025915066832,0.001312460083,"[19.752110000000002, 19.77327, 19.71086]"
,delta_current_probe,7,5,probe_axis_power_w,0.000000000000,6,6,0.031901135489,4.039,,,,,,5,False,26.809780000000,26.812876666667,0.013081132299,0.000487867544,"[26.83022, 26.79863, 26.80978]"
,delta_current_probe,7,5,probe_axis_power_w,0.000000000000,6,6,0.031901135489,4.039,,,,,,6,True,73.825020000000,73.802166666667,0.035338234566,0.000478823809,"[73.82502, 73.75225, 73.82923000000001]"
,delta_current_probe,7,5,probe_axis_power_w,0.000000000000,6,6,0.031901135489,4.039,,,,,,7,False,7.276845000000,7.274290333333,0.006347022679,0.000872528094,"[7.276845, 7.265561, 7.280465]"
,delta_current_probe,7,5,probe_axis_power_w,0.000000000000,6,6,0.031901135489,4.039,,,,,,8,False,0.755549800000,0.755741633333,0.000693976764,0.000918272507,"[0.7566710999999999, 0.755004, 0.7555498]"
,delta_current_probe,7,6,probe_axis_power_w,0.000250000000,6,6,0.032151135489,4.054795353653,,,,,,1,False,0.193536700000,0.193528666667,0.000125583235,0.000648912831,"[0.1936783, 0.193371, 0.19353669999999998]"
,delta_current_probe,7,6,probe_axis_power_w,0.000250000000,6,6,0.032151135489,4.054795353653,,,,,,2,False,0.010784660000,0.010843603333,0.000130187942,0.012005966852,"[0.01072202, 0.01102413, 0.01078466]"
,delta_current_probe,7,6,probe_axis_power_w,0.000250000000,6,6,0.032151135489,4.054795353653,,,,,,3,False,4.329229000000,4.329233333333,0.006080042562,0.001404415538,"[4.321789, 4.329229, 4.336682000000001]"
,delta_current_probe,7,6,probe_axis_power_w,0.000250000000,6,6,0.032151135489,4.054795353653,,,,,,4,False,19.907670000000,19.905530000000,0.008287947072,0.000416364049,"[19.894479999999998, 19.90767, 19.91444]"
,delta_current_probe,7,6,probe_axis_power_w,0.000250000000,6,6,0.032151135489,4.054795353653,,,,,,5,False,26.651470000000,26.660160000000,0.022386756502,0.000839708258,"[26.63814, 26.69087, 26.65147]"
,delta_current_probe,7,6,probe_axis_power_w,0.000250000000,6,6,0.032151135489,4.054795353653,,,,,,6,True,73.343740000000,73.326783333333,0.076685468564,0.001045804344,"[73.34374, 73.41107, 73.22554]"
,delta_current_probe,7,6,probe_axis_power_w,0.000250000000,6,6,0.032151135489,4.054795353653,,,,,,7,False,7.742284000000,7.745743333333,0.005486678736,0.000708347605,"[7.741458000000001, 7.753488, 7.742284]"
,delta_current_probe,7,6,probe_axis_power_w,0.000250000000,6,6,0.032151135489,4.054795353653,,,,,,8,False,0.862534400000,0.863092700000,0.001025551796,0.001188229024,"[0.8625343999999999, 0.8622126, 0.8645311]"
,delta_current_probe,7,7,probe_axis_power_w,0.000500000000,6,6,0.032401135489,4.0705294152,,,,,,1,False,0.193819300000,0.193737533333,0.000371904417,0.001919630186,"[0.1941466, 0.1938193, 0.1932467]"
,delta_current_probe,7,7,probe_axis_power_w,0.000500000000,6,6,0.032401135489,4.0705294152,,,,,,2,False,0.010804550000,0.010785936667,0.000129383697,0.011995592169,"[0.01080455, 0.01061899, 0.010934270000000001]"
,delta_current_probe,7,7,probe_axis_power_w,0.000500000000,6,6,0.032401135489,4.0705294152,,,,,,3,False,4.331681000000,4.330789000000,0.006323458126,0.001460116881,"[4.331681, 4.322637, 4.338049]"
,delta_current_probe,7,7,probe_axis_power_w,0.000500000000,6,6,0.032401135489,4.0705294152,,,,,,4,False,20.063150000000,20.068826666667,0.010065499932,0.000501548999,"[20.06036, 20.08297, 20.06315]"
,delta_current_probe,7,7,probe_axis_power_w,0.000500000000,6,6,0.032401135489,4.0705294152,,,,,,5,False,26.471450000000,26.477453333333,0.026248881034,0.000991367285,"[26.471449999999997, 26.512179999999997, 26.448729999999998]"
,delta_current_probe,7,7,probe_axis_power_w,0.000500000000,6,6,0.032401135489,4.0705294152,,,,,,6,True,72.707390000000,72.695570000000,0.032101359265,0.000441586183,"[72.6517, 72.72762, 72.70738999999999]"
,delta_current_probe,7,7,probe_axis_power_w,0.000500000000,6,6,0.032401135489,4.0705294152,,,,,,7,False,8.278364000000,8.277628666667,0.001997428402,0.000241304422,"[8.278364, 8.274899, 8.279623]"
,delta_current_probe,7,7,probe_axis_power_w,0.000500000000,6,6,0.032401135489,4.0705294152,,,,,,8,False,1.000734000000,1.000295533333,0.000631433002,0.000631246447,"[0.9994026, 1.0007499999999998, 1.000734]"
,delta_current_probe,7,8,probe_axis_power_w,0.000750000000,6,6,0.032651135489,4.086202892663,,,,,,1,False,0.193576600000,0.193600966667,0.000063497104,0.000327979272,"[0.1935383, 0.193688, 0.1935766]"
,delta_current_probe,7,8,probe_axis_power_w,0.000750000000,6,6,0.032651135489,4.086202892663,,,,,,2,False,0.010415450000,0.010352663333,0.000112762070,0.010892083161,"[0.01041545, 0.01044822, 0.01019432]"
,delta_current_probe,7,8,probe_axis_power_w,0.000750000000,6,6,0.032651135489,4.086202892663,,,,,,3,False,4.331976000000,4.334394000000,0.005044098003,0.001163737769,"[4.341415, 4.331976, 4.329791]"
,delta_current_probe,7,8,probe_axis_power_w,0.000750000000,6,6,0.032651135489,4.086202892663,,,,,,4,False,20.137670000000,20.157930000000,0.030242520838,0.001500279088,"[20.13767, 20.13544, 20.20068]"
,delta_current_probe,7,8,probe_axis_power_w,0.000750000000,6,6,0.032651135489,4.086202892663,,,,,,5,False,26.273080000000,26.278440000000,0.016811718135,0.000639753278,"[26.26106, 26.30118, 26.27308]"
,delta_current_probe,7,8,probe_axis_power_w,0.000750000000,6,6,0.032651135489,4.086202892663,,,,,,6,True,72.017350000000,72.017273333333,0.073243845854,0.001017031643,"[71.92753, 72.01735, 72.10694000000001]"
,delta_current_probe,7,8,probe_axis_power_w,0.000750000000,6,6,0.032651135489,4.086202892663,,,,,,7,False,8.842767000000,8.843451000000,0.005415417989,0.000612364787,"[8.842766999999998, 8.850399, 8.837187]"
,delta_current_probe,7,8,probe_axis_power_w,0.000750000000,6,6,0.032651135489,4.086202892663,,,,,,8,False,1.155429000000,1.155928333333,0.000924917774,0.000800151486,"[1.155429, 1.155131, 1.157225]"
,delta_current_probe,7,9,probe_axis_power_w,0.001000000000,6,6,0.032901135489,4.101816480538,,,,,,1,False,0.193620100000,0.193555266667,0.000106808063,0.000551822042,"[0.193641, 0.1934047, 0.1936201]"
,delta_current_probe,7,9,probe_axis_power_w,0.001000000000,6,6,0.032901135489,4.101816480538,,,,,,2,False,0.009841556000,0.009837896000,0.000028288581,0.002875470603,"[0.009841556000000001, 0.009801565, 0.009870567]"
,delta_current_probe,7,9,probe_axis_power_w,0.001000000000,6,6,0.032901135489,4.101816480538,,,,,,3,False,4.329044000000,4.335408000000,0.010586440006,0.002441855531,"[4.350326, 4.329044, 4.326854]"
,delta_current_probe,7,9,probe_axis_power_w,0.001000000000,6,6,0.032901135489,4.101816480538,,,,,,4,False,20.335110000000,20.328206666667,0.011509046683,0.000566161436,"[20.33752, 20.31199, 20.33511]"
,delta_current_probe,7,9,probe_axis_power_w,0.001000000000,6,6,0.032901135489,4.101816480538,,,,,,5,False,26.043750000000,26.039370000000,0.006229644185,0.000239239436,"[26.04375, 26.030559999999998, 26.0438]"
,delta_current_probe,7,9,probe_axis_power_w,0.001000000000,6,6,0.032901135489,4.101816480538,,,,,,6,True,71.162680000000,71.147400000000,0.069544462516,0.000977470189,"[71.16268, 71.2239, 71.05562]"
,delta_current_probe,7,9,probe_axis_power_w,0.001000000000,6,6,0.032901135489,4.101816480538,,,,,,7,False,9.525242000000,9.526564333333,0.003266715612,0.000342905952,"[9.525242, 9.531059, 9.523392000000001]"
,delta_current_probe,7,9,probe_axis_power_w,0.001000000000,6,6,0.032901135489,4.101816480538,,,,,,8,False,1.354215000000,1.353885000000,0.000655324347,0.000484032504,"[1.3544699999999998, 1.3542150000000002, 1.35297]"
,delta_current_probe,8,1,probe_axis_power_w,-0.001000000000,8,8,0.030120426485,3.93520879096,,,,,,1,False,0.173990900000,0.173995400000,0.000030824125,0.000177154826,"[0.1739601, 0.1739909, 0.1740352]"
,delta_current_probe,8,1,probe_axis_power_w,-0.001000000000,8,8,0.030120426485,3.93520879096,,,,,,2,False,0.038410240000,0.038402870000,0.000044920772,0.001169724359,"[0.03841024, 0.03834454, 0.03845383]"
,delta_current_probe,8,1,probe_axis_power_w,-0.001000000000,8,8,0.030120426485,3.93520879096,,,,,,3,False,0.149551900000,0.149502000000,0.000285391462,0.001908947453,"[0.1498239, 0.1491302, 0.1495519]"
,delta_current_probe,8,1,probe_axis_power_w,-0.001000000000,8,8,0.030120426485,3.93520879096,,,,,,4,False,0.040289760000,0.040247000000,0.000065926099,0.001638037581,"[0.04028976, 0.04029737, 0.04015387]"
,delta_current_probe,8,1,probe_axis_power_w,-0.001000000000,8,8,0.030120426485,3.93520879096,,,,,,5,False,0.092996840000,0.092923503333,0.000109225242,0.001175431813,"[0.0927691, 0.09300457000000001, 0.09299684]"
,delta_current_probe,8,1,probe_axis_power_w,-0.001000000000,8,8,0.030120426485,3.93520879096,,,,,,6,False,0.150449500000,0.150533266667,0.000352472640,0.002341493334,"[0.1510007, 0.1504495, 0.15014960000000002]"
,delta_current_probe,8,1,probe_axis_power_w,-0.001000000000,8,8,0.030120426485,3.93520879096,,,,,,7,False,21.462720000000,21.457913333333,0.007720454794,0.000359795227,"[21.447020000000002, 21.462719999999997, 21.464]"
,delta_current_probe,8,1,probe_axis_power_w,-0.001000000000,8,8,0.030120426485,3.93520879096,,,,,,8,True,74.657150000000,74.667913333333,0.028018299179,0.000375238813,"[74.70631999999999, 74.65715, 74.64027]"
,delta_current_probe,8,2,probe_axis_power_w,-0.000750000000,8,8,0.030370426485,3.951506190218,,,,,,1,False,0.173836000000,0.173740266667,0.000178812646,0.001029195183,"[0.1734897, 0.1738951, 0.173836]"
,delta_current_probe,8,2,probe_axis_power_w,-0.000750000000,8,8,0.030370426485,3.951506190218,,,,,,2,False,0.038347090000,0.038361443333,0.000047490533,0.001237975647,"[0.03834709, 0.0383118, 0.038425440000000005]"
,delta_current_probe,8,2,probe_axis_power_w,-0.000750000000,8,8,0.030370426485,3.951506190218,,,,,,3,False,0.149073200000,0.149093666667,0.000064434842,0.000432176924,"[0.14907320000000002, 0.1491808, 0.149027]"
,delta_current_probe,8,2,probe_axis_power_w,-0.000750000000,8,8,0.030370426485,3.951506190218,,,,,,4,False,0.040499610000,0.040536756667,0.000071928419,0.001774399955,"[0.04047332, 0.04049961, 0.04063734]"
,delta_current_probe,8,2,probe_axis_power_w,-0.000750000000,8,8,0.030370426485,3.951506190218,,,,,,5,False,0.093776920000,0.093872416667,0.000200653287,0.002137510612,"[0.09368875, 0.09415158, 0.09377692]"
,delta_current_probe,8,2,probe_axis_power_w,-0.000750000000,8,8,0.030370426485,3.951506190218,,,,,,6,False,0.157620700000,0.157691033333,0.000268697653,0.001703950108,"[0.1576207, 0.1574028, 0.15804959999999998]"
,delta_current_probe,8,2,probe_axis_power_w,-0.000750000000,8,8,0.030370426485,3.951506190218,,,,,,7,False,22.178890000000,22.162310000000,0.027045576348,0.001220341036,"[22.183870000000002, 22.178890000000003, 22.12417]"
,delta_current_probe,8,2,probe_axis_power_w,-0.000750000000,8,8,0.030370426485,3.951506190218,,,,,,8,True,75.928500000000,75.917443333333,0.042621720858,0.000561421973,"[75.9285, 75.96323, 75.86059999999999]"
,delta_current_probe,8,3,probe_axis_power_w,-0.000500000000,8,8,0.030620426485,3.967736648799,,,,,,1,False,0.174149600000,0.174074366667,0.000148916449,0.000855476037,"[0.17414960000000002, 0.1738664, 0.1742071]"
,delta_current_probe,8,3,probe_axis_power_w,-0.000500000000,8,8,0.030620426485,3.967736648799,,,,,,2,False,0.038357380000,0.038351736667,0.000044706089,0.001165686178,"[0.03840345, 0.03829438, 0.038357379999999996]"
,delta_current_probe,8,3,probe_axis_power_w,-0.000500000000,8,8,0.030620426485,3.967736648799,,,,,,3,False,0.149092900000,0.149047633333,0.000178521359,0.001197747021,"[0.1490929, 0.1488099, 0.1492401]"
,delta_current_probe,8,3,probe_axis_power_w,-0.000500000000,8,8,0.030620426485,3.967736648799,,,,,,4,False,0.040759440000,0.040748360000,0.000056645911,0.001390139660,"[0.04075944, 0.04081153, 0.04067411]"
,delta_current_probe,8,3,probe_axis_power_w,-0.000500000000,8,8,0.030620426485,3.967736648799,,,,,,5,False,0.094818990000,0.094864736667,0.000080550980,0.000849114045,"[0.09497796, 0.09479726000000001, 0.09481899]"
,delta_current_probe,8,3,probe_axis_power_w,-0.000500000000,8,8,0.030620426485,3.967736648799,,,,,,6,False,0.164972800000,0.164891333333,0.000302655826,0.001835486558,"[0.1644867, 0.1649728, 0.1652145]"
,delta_current_probe,8,3,probe_axis_power_w,-0.000500000000,8,8,0.030620426485,3.967736648799,,,,,,7,False,22.804810000000,22.806316666667,0.008298953080,0.000363888356,"[22.80481, 22.817149999999998, 22.79699]"
,delta_current_probe,8,3,probe_axis_power_w,-0.000500000000,8,8,0.030620426485,3.967736648799,,,,,,8,True,77.228620000000,77.235430000000,0.076921963487,0.000995941416,"[77.14480999999999, 77.33286, 77.22862]"
,delta_current_probe,8,4,probe_axis_power_w,-0.000250000000,8,8,0.030870426485,3.983900984853,,,,,,1,False,0.173832000000,0.173901300000,0.000119920168,0.000689587530,"[0.173832, 0.17380189999999998, 0.17407]"
,delta_current_probe,8,4,probe_axis_power_w,-0.000250000000,8,8,0.030870426485,3.983900984853,,,,,,2,False,0.038327250000,0.038329433333,0.000033703614,0.000879314184,"[0.03837176, 0.03832725, 0.03828929]"
,delta_current_probe,8,4,probe_axis_power_w,-0.000250000000,8,8,0.030870426485,3.983900984853,,,,,,3,False,0.149386500000,0.149348733333,0.000153032553,0.001024665890,"[0.1491453, 0.1493865, 0.1495144]"
,delta_current_probe,8,4,probe_axis_power_w,-0.000250000000,8,8,0.030870426485,3.983900984853,,,,,,4,False,0.040842220000,0.040857326667,0.000057807352,0.001414858896,"[0.04084222, 0.0407953, 0.04093446]"
,delta_current_probe,8,4,probe_axis_power_w,-0.000250000000,8,8,0.030870426485,3.983900984853,,,,,,5,False,0.096006870000,0.095943666667,0.000089644768,0.000934347947,"[0.09581689, 0.09600724000000001, 0.09600687]"
,delta_current_probe,8,4,probe_axis_power_w,-0.000250000000,8,8,0.030870426485,3.983900984853,,,,,,6,False,0.172045900000,0.172045100000,0.000196939788,0.001144698615,"[0.1720459, 0.1718035, 0.1722859]"
,delta_current_probe,8,4,probe_axis_power_w,-0.000250000000,8,8,0.030870426485,3.983900984853,,,,,,7,False,23.470500000000,23.476110000000,0.009964339751,0.000424445947,"[23.46772, 23.49011, 23.470499999999998]"
,delta_current_probe,8,4,probe_axis_power_w,-0.000250000000,8,8,0.030870426485,3.983900984853,,,,,,8,True,78.386500000000,78.415936666667,0.046477155918,0.000592700386,"[78.3865, 78.48155, 78.37976]"
,delta_current_probe,8,5,probe_axis_power_w,0.000000000000,8,8,0.031120426485,4.0,,,,,,1,False,0.173820100000,0.173731300000,0.000221772150,0.001276523864,"[0.1739474, 0.1738201, 0.1734264]"
,delta_current_probe,8,5,probe_axis_power_w,0.000000000000,8,8,0.031120426485,4.0,,,,,,2,False,0.038339790000,0.038306076667,0.000052370435,0.001367157376,"[0.03823211, 0.03834633, 0.03833979]"
,delta_current_probe,8,5,probe_axis_power_w,0.000000000000,8,8,0.031120426485,4.0,,,,,,3,False,0.149306200000,0.149210866667,0.000204221356,0.001368676159,"[0.1493062, 0.1489271, 0.1493993]"
,delta_current_probe,8,5,probe_axis_power_w,0.000000000000,8,8,0.031120426485,4.0,,,,,,4,False,0.041113130000,0.041122236667,0.000045851634,0.001115008275,"[0.041182390000000006, 0.04111313, 0.04107119]"
,delta_current_probe,8,5,probe_axis_power_w,0.000000000000,8,8,0.031120426485,4.0,,,,,,5,False,0.096495450000,0.096517733333,0.000131282268,0.001360188055,"[0.09649545, 0.09636925, 0.0966885]"
,delta_current_probe,8,5,probe_axis_power_w,0.000000000000,8,8,0.031120426485,4.0,,,,,,6,False,0.179273100000,0.179191666667,0.000195292334,0.001089851650,"[0.17927310000000002, 0.17892239999999998, 0.1793795]"
,delta_current_probe,8,5,probe_axis_power_w,0.000000000000,8,8,0.031120426485,4.0,,,,,,7,False,24.140610000000,24.134656666667,0.009911667648,0.000410681941,"[24.14267, 24.140610000000002, 24.12069]"
,delta_current_probe,8,5,probe_axis_power_w,0.000000000000,8,8,0.031120426485,4.0,,,,,,8,True,79.558330000000,79.547886666667,0.032461758356,0.000408078199,"[79.55833, 79.50395, 79.58138]"
,delta_current_probe,8,6,probe_axis_power_w,0.000250000000,8,8,0.031370426485,4.016034479793,,,,,,1,False,0.173486100000,0.173560633333,0.000164074177,0.000945342120,"[0.17348609999999998, 0.1734076, 0.1737882]"
,delta_current_probe,8,6,probe_axis_power_w,0.000250000000,8,8,0.031370426485,4.016034479793,,,,,,2,False,0.038341860000,0.038345156667,0.000030027468,0.000783083717,"[0.03834186, 0.038383469999999996, 0.03831014]"
,delta_current_probe,8,6,probe_axis_power_w,0.000250000000,8,8,0.031370426485,4.016034479793,,,,,,3,False,0.149238800000,0.149199900000,0.000058728244,0.000393621203,"[0.1491169, 0.1492388, 0.14924400000000002]"
,delta_current_probe,8,6,probe_axis_power_w,0.000250000000,8,8,0.031370426485,4.016034479793,,,,,,4,False,0.041285170000,0.041258953333,0.000037557824,0.000910295127,"[0.04120584, 0.041285169999999996, 0.04128585]"
,delta_current_probe,8,6,probe_axis_power_w,0.000250000000,8,8,0.031370426485,4.016034479793,,,,,,5,False,0.097259730000,0.097241203333,0.000064148661,0.000659686009,"[0.09725973, 0.09715503, 0.09730885]"
,delta_current_probe,8,6,probe_axis_power_w,0.000250000000,8,8,0.031370426485,4.016034479793,,,,,,6,False,0.186844700000,0.187241066667,0.000576030800,0.003076412723,"[0.1868447, 0.18682290000000001, 0.18805560000000002]"
,delta_current_probe,8,6,probe_axis_power_w,0.000250000000,8,8,0.031370426485,4.016034479793,,,,,,7,False,24.753890000000,24.754746666667,0.006864936675,0.000277317994,"[24.75389, 24.763550000000002, 24.7468]"
,delta_current_probe,8,6,probe_axis_power_w,0.000250000000,8,8,0.031370426485,4.016034479793,,,,,,8,True,80.692920000000,80.686733333333,0.058445476206,0.000724350507,"[80.69292, 80.61225999999999, 80.75502]"
,delta_current_probe,8,7,probe_axis_power_w,0.000500000000,8,8,0.031620426485,4.032005194165,,,,,,1,False,0.173680600000,0.173715233333,0.000081302330,0.000468020729,"[0.17368060000000002, 0.1738275, 0.17363759999999998]"
,delta_current_probe,8,7,probe_axis_power_w,0.000500000000,8,8,0.031620426485,4.032005194165,,,,,,2,False,0.038293010000,0.038309826667,0.000041241350,0.001076521448,"[0.038269870000000004, 0.0383666, 0.03829301]"
,delta_current_probe,8,7,probe_axis_power_w,0.000500000000,8,8,0.031620426485,4.032005194165,,,,,,3,False,0.149209500000,0.149207033333,0.000087137643,0.000584004932,"[0.14909909999999998, 0.1493125, 0.14920950000000002]"
,delta_current_probe,8,7,probe_axis_power_w,0.000500000000,8,8,0.031620426485,4.032005194165,,,,,,4,False,0.041460880000,0.041478133333,0.000064652279,0.001558707531,"[0.041408999999999994, 0.04156452, 0.04146088]"
,delta_current_probe,8,7,probe_axis_power_w,0.000500000000,8,8,0.031620426485,4.032005194165,,,,,,5,False,0.097894950000,0.097828886667,0.000119007048,0.001216481671,"[0.09792991, 0.09766179999999999, 0.09789495]"
,delta_current_probe,8,7,probe_axis_power_w,0.000500000000,8,8,0.031620426485,4.032005194165,,,,,,6,False,0.194234100000,0.194212666667,0.000198864549,0.001023952518,"[0.1944448, 0.1939591, 0.19423410000000002]"
,delta_current_probe,8,7,probe_axis_power_w,0.000500000000,8,8,0.031620426485,4.032005194165,,,,,,7,False,25.361860000000,25.360170000000,0.003666251492,0.000144567307,"[25.36357, 25.355079999999997, 25.36186]"
,delta_current_probe,8,7,probe_axis_power_w,0.000500000000,8,8,0.031620426485,4.032005194165,,,,,,8,True,81.701470000000,81.708680000000,0.070326178625,0.000860694098,"[81.62638, 81.79819, 81.70147]"
,delta_current_probe,8,8,probe_axis_power_w,0.000750000000,8,8,0.031870426485,4.04791289786,,,,,,1,False,0.173340700000,0.173298266667,0.000101339506,0.000584769302,"[0.1733956, 0.1733407, 0.17315850000000002]"
,delta_current_probe,8,8,probe_axis_power_w,0.000750000000,8,8,0.031870426485,4.04791289786,,,,,,2,False,0.038312300000,0.038310106667,0.000007638221,0.000199378749,"[0.0383123, 0.038299849999999996, 0.03831817]"
,delta_current_probe,8,8,probe_axis_power_w,0.000750000000,8,8,0.031870426485,4.04791289786,,,,,,3,False,0.148982200000,0.149089566667,0.000182197372,0.001222066545,"[0.1489404, 0.1493461, 0.14898219999999998]"
,delta_current_probe,8,8,probe_axis_power_w,0.000750000000,8,8,0.031870426485,4.04791289786,,,,,,4,False,0.041712100000,0.041683420000,0.000055019248,0.001319931223,"[0.041606439999999995, 0.0417121, 0.04173172]"
,delta_current_probe,8,8,probe_axis_power_w,0.000750000000,8,8,0.031870426485,4.04791289786,,,,,,5,False,0.098640210000,0.098624680000,0.000025638855,0.000259963882,"[0.09858854, 0.09864020999999999, 0.09864529]"
,delta_current_probe,8,8,probe_axis_power_w,0.000750000000,8,8,0.031870426485,4.04791289786,,,,,,6,False,0.202027800000,0.201911366667,0.000185692153,0.000919671615,"[0.2016493, 0.2020278, 0.202057]"
,delta_current_probe,8,8,probe_axis_power_w,0.000750000000,8,8,0.031870426485,4.04791289786,,,,,,7,False,26.026250000000,26.012240000000,0.027085982845,0.001041278369,"[26.026249999999997, 26.03611, 25.97436]"
,delta_current_probe,8,8,probe_axis_power_w,0.000750000000,8,8,0.031870426485,4.04791289786,,,,,,8,True,82.704940000000,82.674566666667,0.048501079942,0.000586650549,"[82.71264, 82.60611999999999, 82.70494]"
,delta_current_probe,8,9,probe_axis_power_w,0.001000000000,8,8,0.032120426485,4.06375833085,,,,,,1,False,0.173255100000,0.173236433333,0.000068882380,0.000397620629,"[0.1732551, 0.1733099, 0.1731443]"
,delta_current_probe,8,9,probe_axis_power_w,0.001000000000,8,8,0.032120426485,4.06375833085,,,,,,2,False,0.038286800000,0.038281180000,0.000021653840,0.000565652373,"[0.038304439999999995, 0.0382868, 0.0382523]"
,delta_current_probe,8,9,probe_axis_power_w,0.001000000000,8,8,0.032120426485,4.06375833085,,,,,,3,False,0.148991700000,0.149044866667,0.000114493154,0.000768179114,"[0.1492039, 0.14893900000000002, 0.1489917]"
,delta_current_probe,8,9,probe_axis_power_w,0.001000000000,8,8,0.032120426485,4.06375833085,,,,,,4,False,0.042007490000,0.041960873333,0.000115304498,0.002747905100,"[0.04207289, 0.042007489999999995, 0.041802240000000004]"
,delta_current_probe,8,9,probe_axis_power_w,0.001000000000,8,8,0.032120426485,4.06375833085,,,,,,5,False,0.099050420000,0.099059113333,0.000061041324,0.000616211092,"[0.09898908, 0.09905042, 0.09913784]"
,delta_current_probe,8,9,probe_axis_power_w,0.001000000000,8,8,0.032120426485,4.06375833085,,,,,,6,False,0.210005300000,0.209950866667,0.000204232161,0.000972761695,"[0.2101693, 0.2100053, 0.209678]"
,delta_current_probe,8,9,probe_axis_power_w,0.001000000000,8,8,0.032120426485,4.06375833085,,,,,,7,False,26.628360000000,26.623693333333,0.014983175750,0.000562776004,"[26.62836, 26.63926, 26.603460000000002]"
,delta_current_probe,8,9,probe_axis_power_w,0.001000000000,8,8,0.032120426485,4.06375833085,,,,,,8,True,83.563700000000,83.558686666667,0.020854720222,0.000249581714,"[83.5637, 83.58135, 83.53101]"
,sigma_current_sync,7,1,dp,0.000000000000,5,1,,,0.031901135489,0.036905118519,4.039,4.345,6,1,True,8.004116000000,8.008823666667,0.007378245245,0.000921264539,"[8.004116, 8.019241999999998, 8.003113]"
,sigma_current_sync,7,1,dp,0.000000000000,5,1,,,0.031901135489,0.036905118519,4.039,4.345,6,2,False,9.059131000000,9.058001333333,0.003265973294,0.000360562245,"[9.061315, 9.059130999999999, 9.053557999999999]"
,sigma_current_sync,7,1,dp,0.000000000000,5,1,,,0.031901135489,0.036905118519,4.039,4.345,6,3,False,66.252350000000,66.277570000000,0.052203731667,0.000787653073,"[66.25234999999999, 66.35027000000001, 66.23009]"
,sigma_current_sync,7,1,dp,0.000000000000,5,1,,,0.031901135489,0.036905118519,4.039,4.345,6,4,False,30.364040000000,30.369303333333,0.015291484195,0.000503517780,"[30.353769999999997, 30.3901, 30.36404]"
,sigma_current_sync,7,1,dp,0.000000000000,5,1,,,0.031901135489,0.036905118519,4.039,4.345,6,5,False,3.016068000000,3.016108666667,0.000214227812,0.000071027883,"[3.016068, 3.0163889999999998, 3.015869]"
,sigma_current_sync,7,1,dp,0.000000000000,5,1,,,0.031901135489,0.036905118519,4.039,4.345,6,6,False,18.685920000000,18.677296666667,0.024273058224,0.001299602328,"[18.64421, 18.685920000000003, 18.70176]"
,sigma_current_sync,7,1,dp,0.000000000000,5,1,,,0.031901135489,0.036905118519,4.039,4.345,6,7,False,8.219386000000,8.218914000000,0.006480967880,0.000788543095,"[8.226605000000001, 8.210751, 8.219386]"
,sigma_current_sync,7,1,dp,0.000000000000,5,1,,,0.031901135489,0.036905118519,4.039,4.345,6,8,False,1.388797000000,1.388517333333,0.000500044220,0.000360128180,"[1.387815, 1.388797, 1.38894]"
,sigma_current_sync,7,2,dp,0.785398163000,5,1,,,0.036243818532,0.04128331447,4.305144728949,4.595510444379,6,1,True,10.798940000000,10.799396666667,0.004995159880,0.000462540643,"[10.805729999999999, 10.79894, 10.793520000000001]"
,sigma_current_sync,7,2,dp,0.785398163000,5,1,,,0.036243818532,0.04128331447,4.305144728949,4.595510444379,6,2,False,11.222760000000,11.217620000000,0.007625343708,0.000679764844,"[11.20684, 11.22276, 11.22326]"
,sigma_current_sync,7,2,dp,0.785398163000,5,1,,,0.036243818532,0.04128331447,4.305144728949,4.595510444379,6,3,False,84.801450000000,84.779993333333,0.043036782976,0.000507628997,"[84.81859, 84.71994, 84.80144999999999]"
,sigma_current_sync,7,2,dp,0.785398163000,5,1,,,0.036243818532,0.04128331447,4.305144728949,4.595510444379,6,4,False,40.464520000000,40.442690000000,0.035722156523,0.000883278450,"[40.46452, 40.47123, 40.39232]"
,sigma_current_sync,7,2,dp,0.785398163000,5,1,,,0.036243818532,0.04128331447,4.305144728949,4.595510444379,6,5,False,1.095050000000,1.094281000000,0.002761967053,0.002524001653,"[1.09058, 1.09505, 1.097213]"
,sigma_current_sync,7,2,dp,0.785398163000,5,1,,,0.036243818532,0.04128331447,4.305144728949,4.595510444379,6,6,False,0.340902900000,0.341022966667,0.000420420816,0.001232822586,"[0.3405787, 0.3409029, 0.3415873]"
,sigma_current_sync,7,2,dp,0.785398163000,5,1,,,0.036243818532,0.04128331447,4.305144728949,4.595510444379,6,7,False,2.949975000000,2.950237000000,0.001112899816,0.000377223869,"[2.9499750000000002, 2.949024, 2.951712]"
,sigma_current_sync,7,2,dp,0.785398163000,5,1,,,0.036243818532,0.04128331447,4.305144728949,4.595510444379,6,8,False,0.482302100000,0.482149666667,0.000320871691,0.000665502257,"[0.4823021, 0.4817033, 0.48244360000000003]"
,sigma_current_sync,7,3,dp,1.570796327000,5,1,,,0.04058650158,0.045661510427,4.555767913011,4.833053640469,6,1,True,10.447060000000,10.444940000000,0.007603845518,0.000727993221,"[10.45301, 10.434750000000001, 10.447059999999999]"
,sigma_current_sync,7,3,dp,1.570796327000,5,1,,,0.04058650158,0.045661510427,4.555767913011,4.833053640469,6,2,False,10.069910000000,10.074000000000,0.010887212683,0.001080723911,"[10.06319, 10.06991, 10.088899999999999]"
,sigma_current_sync,7,3,dp,1.570796327000,5,1,,,0.04058650158,0.045661510427,4.555767913011,4.833053640469,6,3,False,78.042880000000,78.050363333333,0.022731121593,0.000291236589,"[78.04288, 78.02703000000001, 78.08118]"
,sigma_current_sync,7,3,dp,1.570796327000,5,1,,,0.04058650158,0.045661510427,4.555767913011,4.833053640469,6,4,False,39.067420000000,39.065860000000,0.035722430862,0.000914415576,"[39.021350000000005, 39.10881, 39.06742]"
,sigma_current_sync,7,3,dp,1.570796327000,5,1,,,0.04058650158,0.045661510427,4.555767913011,4.833053640469,6,5,False,0.519423500000,0.519857500000,0.001033278781,0.001987619264,"[0.5188661, 0.5194234999999999, 0.5212829]"
,sigma_current_sync,7,3,dp,1.570796327000,5,1,,,0.04058650158,0.045661510427,4.555767913011,4.833053640469,6,6,False,10.734230000000,10.730483333333,0.009371881111,0.000873388534,"[10.73423, 10.739619999999999, 10.717600000000001]"
,sigma_current_sync,7,3,dp,1.570796327000,5,1,,,0.04058650158,0.045661510427,4.555767913011,4.833053640469,6,7,False,0.272585900000,0.272631433333,0.000167164138,0.000613150639,"[0.2724533, 0.27285509999999996, 0.2725859]"
,sigma_current_sync,7,3,dp,1.570796327000,5,1,,,0.04058650158,0.045661510427,4.555767913011,4.833053640469,6,8,False,0.004720354000,0.004686402667,0.000052889840,0.011285807815,"[0.0047203539999999995, 0.004727146, 0.004611708]"
,sigma_current_sync,7,4,dp,2.356194490000,5,1,,,0.044929184623,0.050039706378,4.793304853066,5.059456367639,6,1,True,7.097490000000,7.102060000000,0.007559566787,0.001064418885,"[7.112715, 7.095975, 7.0974900000000005]"
,sigma_current_sync,7,4,dp,2.356194490000,5,1,,,0.044929184623,0.050039706378,4.793304853066,5.059456367639,6,2,False,6.356405000000,6.356781333333,0.001797725662,0.000282804389,"[6.354792000000001, 6.359147, 6.3564050000000005]"
,sigma_current_sync,7,4,dp,2.356194490000,5,1,,,0.044929184623,0.050039706378,4.793304853066,5.059456367639,6,3,False,49.724420000000,49.674353333333,0.076509817380,0.001540227748,"[49.732389999999995, 49.566250000000004, 49.72442]"
,sigma_current_sync,7,4,dp,2.356194490000,5,1,,,0.044929184623,0.050039706378,4.793304853066,5.059456367639,6,4,False,27.147250000000,27.154633333333,0.011127336708,0.000409776725,"[27.14629, 27.14725, 27.170360000000002]"
,sigma_current_sync,7,4,dp,2.356194490000,5,1,,,0.044929184623,0.050039706378,4.793304853066,5.059456367639,6,5,False,1.676217000000,1.677524333333,0.002516054628,0.001499861777,"[1.681044, 1.675312, 1.676217]"
,sigma_current_sync,7,4,dp,2.356194490000,5,1,,,0.044929184623,0.050039706378,4.793304853066,5.059456367639,6,6,False,44.848810000000,44.819056666667,0.044115346788,0.000984298869,"[44.84881, 44.85167, 44.75669]"
,sigma_current_sync,7,4,dp,2.356194490000,5,1,,,0.044929184623,0.050039706378,4.793304853066,5.059456367639,6,7,False,3.492006000000,3.492456666667,0.006758310900,0.001935116608,"[3.492006, 3.484414, 3.50095]"
,sigma_current_sync,7,4,dp,2.356194490000,5,1,,,0.044929184623,0.050039706378,4.793304853066,5.059456367639,6,8,False,0.589262100000,0.588992733333,0.001135545949,0.001927945601,"[0.5902291, 0.5892621, 0.5874870000000001]"
,sigma_current_sync,7,5,dp,3.141592654000,5,1,,,0.049271867671,0.054417902335,5.019613685778,5.276152952985,6,1,True,3.179419000000,3.180105333333,0.002168505220,0.000681897294,"[3.1830369999999997, 3.1794189999999998, 3.17786]"
,sigma_current_sync,7,5,dp,3.141592654000,5,1,,,0.049271867671,0.054417902335,5.019613685778,5.276152952985,6,2,False,2.640487000000,2.641497000000,0.001647260149,0.000623608563,"[2.640487, 2.640184, 2.6438200000000003]"
,sigma_current_sync,7,5,dp,3.141592654000,5,1,,,0.049271867671,0.054417902335,5.019613685778,5.276152952985,6,3,False,19.353820000000,19.354190000000,0.003956420942,0.000204421934,"[19.35382, 19.34954, 19.35921]"
,sigma_current_sync,7,5,dp,3.141592654000,5,1,,,0.049271867671,0.054417902335,5.019613685778,5.276152952985,6,4,False,13.070540000000,13.070266666667,0.007473443353,0.000571789662,"[13.07928, 13.070540000000001, 13.060979999999999]"
,sigma_current_sync,7,5,dp,3.141592654000,5,1,,,0.049271867671,0.054417902335,5.019613685778,5.276152952985,6,5,False,3.907299000000,3.907741666667,0.002882134202,0.000737544712,"[3.911472, 3.9044539999999994, 3.9072989999999996]"
,sigma_current_sync,7,5,dp,3.141592654000,5,1,,,0.049271867671,0.054417902335,5.019613685778,5.276152952985,6,6,False,82.548800000000,82.513390000000,0.092960303714,0.001126608708,"[82.38604, 82.5488, 82.60533]"
,sigma_current_sync,7,5,dp,3.141592654000,5,1,,,0.049271867671,0.054417902335,5.019613685778,5.276152952985,6,7,False,8.945848000000,8.945157000000,0.009808911357,0.001096561118,"[8.956809999999999, 8.932813000000001, 8.945848]"
,sigma_current_sync,7,5,dp,3.141592654000,5,1,,,0.049271867671,0.054417902335,5.019613685778,5.276152952985,6,8,False,1.463325000000,1.463312333333,0.000525900075,0.000359390175,"[1.463325, 1.46395, 1.462662]"
,sigma_current_sync,7,6,dp,3.926990817000,5,1,,,0.053614550714,0.023770530658,5.236150464955,3.487112166743,6,1,True,0.545657300000,0.545693066667,0.000458385386,0.000840005883,"[0.5456573, 0.5451503999999999, 0.5462715]"
,sigma_current_sync,7,6,dp,3.926990817000,5,1,,,0.053614550714,0.023770530658,5.236150464955,3.487112166743,6,2,False,0.517642700000,0.517705866667,0.000152396245,0.000294368395,"[0.5176427, 0.517559, 0.5179159]"
,sigma_current_sync,7,6,dp,3.926990817000,5,1,,,0.053614550714,0.023770530658,5.236150464955,3.487112166743,6,3,False,1.391269000000,1.390192000000,0.002670993199,0.001921312451,"[1.3865180000000001, 1.3912689999999999, 1.3927889999999998]"
,sigma_current_sync,7,6,dp,3.926990817000,5,1,,,0.053614550714,0.023770530658,5.236150464955,3.487112166743,6,4,False,3.239715000000,3.238933666667,0.001108509610,0.000342245234,"[3.2397199999999997, 3.239715, 3.237366]"
,sigma_current_sync,7,6,dp,3.926990817000,5,1,,,0.053614550714,0.023770530658,5.236150464955,3.487112166743,6,5,False,5.521067000000,5.520511666667,0.004618498481,0.000836606960,"[5.521067, 5.52587, 5.514598]"
,sigma_current_sync,7,6,dp,3.926990817000,5,1,,,0.053614550714,0.023770530658,5.236150464955,3.487112166743,6,6,False,104.963900000000,104.917966666667,0.158977489671,0.001515255153,"[105.0856, 104.7044, 104.9639]"
,sigma_current_sync,7,6,dp,3.926990817000,5,1,,,0.053614550714,0.023770530658,5.236150464955,3.487112166743,6,7,False,12.600460000000,12.594416666667,0.014847528040,0.001178897636,"[12.60881, 12.60046, 12.57398]"
,sigma_current_sync,7,6,dp,3.926990817000,5,1,,,0.053614550714,0.023770530658,5.236150464955,3.487112166743,6,8,False,1.972169000000,1.971897666667,0.001791084836,0.000908305165,"[1.9695809999999998, 1.973943, 1.972169]"
,sigma_current_sync,7,7,dp,4.712388980000,5,1,,,0.023215769397,0.028148726609,3.445579881858,3.794686088182,6,1,True,0.645640800000,0.645782000000,0.000261192700,0.000404459555,"[0.6461482, 0.6456408, 0.6455569999999999]"
,sigma_current_sync,7,7,dp,4.712388980000,5,1,,,0.023215769397,0.028148726609,3.445579881858,3.794686088182,6,2,False,1.289617000000,1.289715333333,0.000967193305,0.000749927740,"[1.290946, 1.289617, 1.288583]"
,sigma_current_sync,7,7,dp,4.712388980000,5,1,,,0.023215769397,0.028148726609,3.445579881858,3.794686088182,6,3,False,6.385181000000,6.384250666667,0.001601639230,0.000250873487,"[6.385574, 6.385181, 6.381997]"
,sigma_current_sync,7,7,dp,4.712388980000,5,1,,,0.023215769397,0.028148726609,3.445579881858,3.794686088182,6,4,False,3.408112000000,3.409129333333,0.002240688337,0.000657261171,"[3.412237, 3.407039, 3.408112]"
,sigma_current_sync,7,7,dp,4.712388980000,5,1,,,0.023215769397,0.028148726609,3.445579881858,3.794686088182,6,5,False,6.340500000000,6.340466666667,0.003448962098,0.000543960292,"[6.344674, 6.3405, 6.336226]"
,sigma_current_sync,7,7,dp,4.712388980000,5,1,,,0.023215769397,0.028148726609,3.445579881858,3.794686088182,6,6,False,93.735430000000,93.730023333333,0.045061618060,0.000480759702,"[93.73543, 93.78231, 93.67233]"
,sigma_current_sync,7,7,dp,4.712388980000,5,1,,,0.023215769397,0.028148726609,3.445579881858,3.794686088182,6,7,False,16.158060000000,16.160330000000,0.006389851328,0.000395403518,"[16.16904, 16.158060000000003, 16.15389]"
,sigma_current_sync,7,7,dp,4.712388980000,5,1,,,0.023215769397,0.028148726609,3.445579881858,3.794686088182,6,8,False,2.703761000000,2.703191333333,0.002254294026,0.000833938019,"[2.70019, 2.705623, 2.7037609999999996]"
,sigma_current_sync,7,8,dp,5.497787144000,5,1,,,0.027558452445,0.032526922566,3.754033945277,4.079133946696,6,1,True,3.594374000000,3.594158666667,0.003847896164,0.001070597189,"[3.594374, 3.59876, 3.589342]"
,sigma_current_sync,7,8,dp,5.497787144000,5,1,,,0.027558452445,0.032526922566,3.754033945277,4.079133946696,6,2,False,4.769879000000,4.769484000000,0.001106661948,0.000232029701,"[4.770598, 4.767975, 4.7698789999999995]"
,sigma_current_sync,7,8,dp,5.497787144000,5,1,,,0.027558452445,0.032526922566,3.754033945277,4.079133946696,6,3,False,32.154960000000,32.162026666667,0.025799913867,0.000802185575,"[32.19656, 32.154959999999996, 32.13456]"
,sigma_current_sync,7,8,dp,5.497787144000,5,1,,,0.027558452445,0.032526922566,3.754033945277,4.079133946696,6,4,False,14.048940000000,14.054290000000,0.009494177163,0.000675535880,"[14.06763, 14.0463, 14.04894]"
,sigma_current_sync,7,8,dp,5.497787144000,5,1,,,0.027558452445,0.032526922566,3.754033945277,4.079133946696,6,5,False,5.222563000000,5.222172000000,0.002299200006,0.000440276576,"[5.222563, 5.219181, 5.224772]"
,sigma_current_sync,7,8,dp,5.497787144000,5,1,,,0.027558452445,0.032526922566,3.754033945277,4.079133946696,6,6,False,58.397630000000,58.407470000000,0.014830167452,0.000253908746,"[58.42843, 58.39635, 58.39763]"
,sigma_current_sync,7,8,dp,5.497787144000,5,1,,,0.027558452445,0.032526922566,3.754033945277,4.079133946696,6,7,False,14.185810000000,14.182436666667,0.004977083037,0.000350932858,"[14.1861, 14.1754, 14.18581]"
,sigma_current_sync,7,8,dp,5.497787144000,5,1,,,0.027558452445,0.032526922566,3.754033945277,4.079133946696,6,8,False,2.381143000000,2.381364666667,0.000692798351,0.000290924931,"[2.380649, 2.382302, 2.3811430000000002]"
,sigma_current_sync,7,9,dp,6.283185307000,5,1,,,0.031901135488,0.036905118518,4.038999999937,4.344999999941,6,1,True,5.720665000000,5.721724333333,0.002724323076,0.000476136723,"[5.719046, 5.725462, 5.720665]"
,sigma_current_sync,7,9,dp,6.283185307000,5,1,,,0.031901135488,0.036905118518,4.038999999937,4.344999999941,6,2,False,6.962979000000,6.962254000000,0.002139890807,0.000307356038,"[6.959347, 6.964436, 6.962979]"
,sigma_current_sync,7,9,dp,6.283185307000,5,1,,,0.031901135488,0.036905118518,4.038999999937,4.344999999941,6,3,False,48.773490000000,48.774163333333,0.006785481232,0.000139120402,"[48.77349, 48.76621, 48.782790000000006]"
,sigma_current_sync,7,9,dp,6.283185307000,5,1,,,0.031901135488,0.036905118518,4.038999999937,4.344999999941,6,4,False,22.336010000000,22.329866666667,0.032020997625,0.001433998604,"[22.33601, 22.365650000000002, 22.28794]"
,sigma_current_sync,7,9,dp,6.283185307000,5,1,,,0.031901135488,0.036905118518,4.038999999937,4.344999999941,6,5,False,4.276437000000,4.277053666667,0.003090330870,0.000722537315,"[4.281109, 4.276437, 4.273615]"
,sigma_current_sync,7,9,dp,6.283185307000,5,1,,,0.031901135488,0.036905118518,4.038999999937,4.344999999941,6,6,False,40.798440000000,40.791076666667,0.027687386217,0.000678760859,"[40.8207, 40.754090000000005, 40.79844]"
,sigma_current_sync,7,9,dp,6.283185307000,5,1,,,0.031901135488,0.036905118518,4.038999999937,4.344999999941,6,7,False,8.526647000000,8.526680333333,0.005105607527,0.000598780220,"[8.53295, 8.520444, 8.526646999999999]"
,sigma_current_sync,7,9,dp,6.283185307000,5,1,,,0.031901135488,0.036905118518,4.038999999937,4.344999999941,6,8,False,1.599311000000,1.599296333333,0.000537354838,0.000335994542,"[1.599947, 1.599311, 1.5986310000000001]"
,sigma_current_sync,8,1,dp,0.000000000000,7,1,,,0.031120426485,0.037625082991,4.0,4.396,7,1,True,3.946217000000,3.948726333333,0.006370902675,0.001613406992,"[3.9462170000000003, 3.9424870000000003, 3.9574749999999996]"
,sigma_current_sync,8,1,dp,0.000000000000,7,1,,,0.031120426485,0.037625082991,4.0,4.396,7,2,False,0.280892100000,0.280855233333,0.000090702162,0.000322949874,"[0.28073040000000005, 0.2809432, 0.28089210000000003]"
,sigma_current_sync,8,1,dp,0.000000000000,7,1,,,0.031120426485,0.037625082991,4.0,4.396,7,3,False,13.067500000000,13.065940000000,0.010728469913,0.000821102034,"[13.067499999999999, 13.05209, 13.07823]"
,sigma_current_sync,8,1,dp,0.000000000000,7,1,,,0.031120426485,0.037625082991,4.0,4.396,7,4,False,1.963589000000,1.963141666667,0.000824097216,0.000419784894,"[1.963589, 1.961986, 1.9638499999999999]"
,sigma_current_sync,8,1,dp,0.000000000000,7,1,,,0.031120426485,0.037625082991,4.0,4.396,7,5,False,108.450800000000,108.446933333333,0.033506450457,0.000308966325,"[108.4508, 108.4859, 108.4041]"
,sigma_current_sync,8,1,dp,0.000000000000,7,1,,,0.031120426485,0.037625082991,4.0,4.396,7,6,False,5.720520000000,5.722572666667,0.006694480131,0.001169837505,"[5.7205200000000005, 5.7155949999999995, 5.731603]"
,sigma_current_sync,8,1,dp,0.000000000000,7,1,,,0.031120426485,0.037625082991,4.0,4.396,7,7,False,2.231415000000,2.229564000000,0.003618373760,0.001622906434,"[2.231415, 2.224507, 2.23277]"
,sigma_current_sync,8,1,dp,0.000000000000,7,1,,,0.031120426485,0.037625082991,4.0,4.396,7,8,False,3.229697000000,3.230747333333,0.005336706621,0.001651848959,"[3.2377450000000003, 3.229697, 3.2248]"
,sigma_current_sync,8,2,dp,0.785398163000,7,1,,,0.035449400259,0.041980655261,4.269152486795,4.643479761275,7,1,True,3.875871000000,3.873261333333,0.012371555449,0.003194092622,"[3.856974, 3.875871, 3.886939]"
,sigma_current_sync,8,2,dp,0.785398163000,7,1,,,0.035449400259,0.041980655261,4.269152486795,4.643479761275,7,2,False,0.146958000000,0.146962033333,0.000080924258,0.000550647377,"[0.1470631, 0.14686500000000002, 0.146958]"
,sigma_current_sync,8,2,dp,0.785398163000,7,1,,,0.035449400259,0.041980655261,4.269152486795,4.643479761275,7,3,False,12.863910000000,12.863136666667,0.001341276341,0.000104272883,"[12.86425, 12.863909999999999, 12.86125]"
,sigma_current_sync,8,2,dp,0.785398163000,7,1,,,0.035449400259,0.041980655261,4.269152486795,4.643479761275,7,4,False,1.943683000000,1.943827666667,0.002051142338,0.001055207914,"[1.946409, 1.9436829999999998, 1.941391]"
,sigma_current_sync,8,2,dp,0.785398163000,7,1,,,0.035449400259,0.041980655261,4.269152486795,4.643479761275,7,5,False,104.917700000000,104.881200000000,0.106739901942,0.001017721974,"[104.9898, 104.73610000000001, 104.9177]"
,sigma_current_sync,8,2,dp,0.785398163000,7,1,,,0.035449400259,0.041980655261,4.269152486795,4.643479761275,7,6,False,5.139117000000,5.138514000000,0.000954210669,0.000185697785,"[5.139258, 5.139117000000001, 5.137167000000001]"
,sigma_current_sync,8,2,dp,0.785398163000,7,1,,,0.035449400259,0.041980655261,4.269152486795,4.643479761275,7,7,False,0.610419600000,0.610372400000,0.000429225419,0.000703218918,"[0.6104196, 0.6108729, 0.6098247]"
,sigma_current_sync,8,2,dp,0.785398163000,7,1,,,0.035449400259,0.041980655261,4.269152486795,4.643479761275,7,8,False,7.051158000000,7.051306666667,0.005722157247,0.000811503104,"[7.051158, 7.044374, 7.058388]"
,sigma_current_sync,8,3,dp,1.570796327000,7,1,,,0.039778374038,0.046336227536,4.522314221043,4.878421116467,7,1,True,2.677847000000,2.675358000000,0.005614309753,0.002098526535,"[2.667584, 2.677847, 2.680643]"
,sigma_current_sync,8,3,dp,1.570796327000,7,1,,,0.039778374038,0.046336227536,4.522314221043,4.878421116467,7,2,False,0.057995850000,0.058005983333,0.000044741788,0.000771330572,"[0.05806514, 0.057995849999999995, 0.05795696]"
,sigma_current_sync,8,3,dp,1.570796327000,7,1,,,0.039778374038,0.046336227536,4.522314221043,4.878421116467,7,3,False,8.871584000000,8.872071333333,0.002261163319,0.000254863068,"[8.875052, 8.871583999999999, 8.869578]"
,sigma_current_sync,8,3,dp,1.570796327000,7,1,,,0.039778374038,0.046336227536,4.522314221043,4.878421116467,7,4,False,1.374133000000,1.374077000000,0.000091480417,0.000066575903,"[1.373948, 1.37415, 1.374133]"
,sigma_current_sync,8,3,dp,1.570796327000,7,1,,,0.039778374038,0.046336227536,4.522314221043,4.878421116467,7,5,False,71.278880000000,71.305303333333,0.040664313866,0.000570284565,"[71.27428, 71.36274999999999, 71.27888]"
,sigma_current_sync,8,3,dp,1.570796327000,7,1,,,0.039778374038,0.046336227536,4.522314221043,4.878421116467,7,6,False,3.167652000000,3.166638666667,0.002117188912,0.000668591884,"[3.167652, 3.163692, 3.168572]"
,sigma_current_sync,8,3,dp,1.570796327000,7,1,,,0.039778374038,0.046336227536,4.522314221043,4.878421116467,7,7,False,6.366432000000,6.366242666667,0.002131997707,0.000334891052,"[6.366432, 6.368754, 6.363542]"
,sigma_current_sync,8,3,dp,1.570796327000,7,1,,,0.039778374038,0.046336227536,4.522314221043,4.878421116467,7,8,False,32.293980000000,32.283120000000,0.029535962261,0.000914904206,"[32.29398, 32.24276, 32.31262]"
,sigma_current_sync,8,4,dp,2.356194490000,7,1,,,0.044107347813,0.050691799806,4.762036210421,5.102556308652,7,1,True,1.163705000000,1.163836333333,0.001062246780,0.000912711478,"[1.162606, 1.163705, 1.165198]"
,sigma_current_sync,8,4,dp,2.356194490000,7,1,,,0.044107347813,0.050691799806,4.762036210421,5.102556308652,7,2,False,0.064492060000,0.064495196667,0.000014544530,0.000225513385,"[0.06449206, 0.06451437, 0.06447916000000001]"
,sigma_current_sync,8,4,dp,2.356194490000,7,1,,,0.044107347813,0.050691799806,4.762036210421,5.102556308652,7,3,False,3.792089000000,3.790366333333,0.002560958978,0.000675649463,"[3.786746, 3.792264, 3.792089]"
,sigma_current_sync,8,4,dp,2.356194490000,7,1,,,0.044107347813,0.050691799806,4.762036210421,5.102556308652,7,4,False,0.610212100000,0.610496066667,0.000776643686,0.001272151827,"[0.6115569000000001, 0.6097192, 0.6102120999999999]"
,sigma_current_sync,8,4,dp,2.356194490000,7,1,,,0.044107347813,0.050691799806,4.762036210421,5.102556308652,7,5,False,29.606230000000,29.600543333333,0.025822357668,0.000872360935,"[29.62894, 29.60623, 29.56646]"
,sigma_current_sync,8,4,dp,2.356194490000,7,1,,,0.044107347813,0.050691799806,4.762036210421,5.102556308652,7,6,False,1.099898000000,1.100142333333,0.000453472773,0.000412194640,"[1.100778, 1.099751, 1.099898]"
,sigma_current_sync,8,4,dp,2.356194490000,7,1,,,0.044107347813,0.050691799806,4.762036210421,5.102556308652,7,7,False,15.984800000000,15.982906666667,0.009056468529,0.000566634638,"[15.9848, 15.99293, 15.970989999999999]"
,sigma_current_sync,8,4,dp,2.356194490000,7,1,,,0.044107347813,0.050691799806,4.762036210421,5.102556308652,7,8,False,62.765920000000,62.766510000000,0.018306525248,0.000291660716,"[62.765919999999994, 62.744389999999996, 62.78922]"
,sigma_current_sync,8,5,dp,3.141592654000,7,1,,,0.048436321592,0.020202793903,4.990255687608,3.221251747869,7,1,True,0.195672200000,0.195587000000,0.000144529328,0.000738951607,"[0.19538350000000002, 0.1956722, 0.1957053]"
,sigma_current_sync,8,5,dp,3.141592654000,7,1,,,0.048436321592,0.020202793903,4.990255687608,3.221251747869,7,2,False,0.143693000000,0.143605933333,0.000222526498,0.001549563396,"[0.14382430000000002, 0.1433005, 0.143693]"
,sigma_current_sync,8,5,dp,3.141592654000,7,1,,,0.048436321592,0.020202793903,4.990255687608,3.221251747869,7,3,False,0.548770900000,0.548560733333,0.000382190252,0.000696714564,"[0.5480244, 0.5487709000000001, 0.5488869]"
,sigma_current_sync,8,5,dp,3.141592654000,7,1,,,0.048436321592,0.020202793903,4.990255687608,3.221251747869,7,4,False,0.091710010000,0.091722476667,0.000289174184,0.003152707982,"[0.09208271, 0.09137471, 0.09171001000000001]"
,sigma_current_sync,8,5,dp,3.141592654000,7,1,,,0.048436321592,0.020202793903,4.990255687608,3.221251747869,7,5,False,4.592358000000,4.589696333333,0.005854380829,0.001275548621,"[4.595155, 4.592358000000001, 4.581576]"
,sigma_current_sync,8,5,dp,3.141592654000,7,1,,,0.048436321592,0.020202793903,4.990255687608,3.221251747869,7,6,False,0.102447700000,0.102521533333,0.000172414391,0.001681738318,"[0.10235720000000001, 0.1024477, 0.1027597]"
,sigma_current_sync,8,5,dp,3.141592654000,7,1,,,0.048436321592,0.020202793903,4.990255687608,3.221251747869,7,7,False,23.685030000000,23.688080000000,0.030055150418,0.001268787948,"[23.72632, 23.68503, 23.652890000000003]"
,sigma_current_sync,8,5,dp,3.141592654000,7,1,,,0.048436321592,0.020202793903,4.990255687608,3.221251747869,7,8,False,81.803050000000,81.816220000000,0.021155722630,0.000258576143,"[81.79954000000001, 81.80305000000001, 81.84607]"
,sigma_current_sync,8,6,dp,3.926990817000,7,1,,,0.052765295366,0.024558366174,5.20848488365,3.551556154212,7,1,True,0.139291400000,0.139295500000,0.000158875863,0.001140567093,"[0.1394921, 0.139103, 0.13929139999999998]"
,sigma_current_sync,8,6,dp,3.926990817000,7,1,,,0.052765295366,0.024558366174,5.20848488365,3.551556154212,7,2,False,0.263333900000,0.263332100000,0.000082884176,0.000314751510,"[0.26322969999999996, 0.26333389999999995, 0.2634327]"
,sigma_current_sync,8,6,dp,3.926990817000,7,1,,,0.052765295366,0.024558366174,5.20848488365,3.551556154212,7,3,False,0.492686200000,0.492890633333,0.000387212899,0.000785595977,"[0.49255289999999996, 0.49268619999999996, 0.4934328]"
,sigma_current_sync,8,6,dp,3.926990817000,7,1,,,0.052765295366,0.024558366174,5.20848488365,3.551556154212,7,4,False,0.127226700000,0.127323933333,0.000143632734,0.001128089041,"[0.1272267, 0.1272181, 0.127527]"
,sigma_current_sync,8,6,dp,3.926990817000,7,1,,,0.052765295366,0.024558366174,5.20848488365,3.551556154212,7,5,False,7.449199000000,7.451483000000,0.005624902547,0.000754870211,"[7.449199, 7.446026, 7.459224000000001]"
,sigma_current_sync,8,6,dp,3.926990817000,7,1,,,0.052765295366,0.024558366174,5.20848488365,3.551556154212,7,6,False,0.601992600000,0.602787466667,0.001448767965,0.002403447392,"[0.6019926, 0.6048203, 0.6015495]"
,sigma_current_sync,8,6,dp,3.926990817000,7,1,,,0.052765295366,0.024558366174,5.20848488365,3.551556154212,7,7,False,25.482730000000,25.480093333333,0.019152076186,0.000751648588,"[25.48273, 25.45543, 25.502119999999998]"
,sigma_current_sync,8,6,dp,3.926990817000,7,1,,,0.052765295366,0.024558366174,5.20848488365,3.551556154212,7,8,False,78.791650000000,78.733160000000,0.098535023553,0.001251506018,"[78.59438, 78.81345, 78.79165]"
,sigma_current_sync,8,7,dp,4.712388980000,7,1,,,0.02246247893,0.028913938444,3.398334016197,3.853652736028,7,1,True,1.342828000000,1.342762333333,0.000829636199,0.000617857813,"[1.343744, 1.342828, 1.341715]"
,sigma_current_sync,8,7,dp,4.712388980000,7,1,,,0.02246247893,0.028913938444,3.398334016197,3.853652736028,7,2,False,0.390020800000,0.390141333333,0.000177792807,0.000455713845,"[0.3903927, 0.3900208, 0.3900105]"
,sigma_current_sync,8,7,dp,4.712388980000,7,1,,,0.02246247893,0.028913938444,3.398334016197,3.853652736028,7,3,False,4.371811000000,4.373133000000,0.002630194416,0.000601443957,"[4.376805, 4.371811, 4.370783]"
,sigma_current_sync,8,7,dp,4.712388980000,7,1,,,0.02246247893,0.028913938444,3.398334016197,3.853652736028,7,4,False,0.685172900000,0.685186100000,0.000297922551,0.000434805305,"[0.684828, 0.6855574, 0.6851729]"
,sigma_current_sync,8,7,dp,4.712388980000,7,1,,,0.02246247893,0.028913938444,3.398334016197,3.853652736028,7,5,False,38.981690000000,38.981100000000,0.040120728641,0.001029235415,"[39.02994, 38.98169, 38.931670000000004]"
,sigma_current_sync,8,7,dp,4.712388980000,7,1,,,0.02246247893,0.028913938444,3.398334016197,3.853652736028,7,6,False,2.538553000000,2.537218000000,0.003364783203,0.001326170318,"[2.5405059999999997, 2.538553, 2.532595]"
,sigma_current_sync,8,7,dp,4.712388980000,7,1,,,0.02246247893,0.028913938444,3.398334016197,3.853652736028,7,7,False,21.037010000000,21.036790000000,0.014020109367,0.000666456687,"[21.03701, 21.01951, 21.053849999999997]"
,sigma_current_sync,8,7,dp,4.712388980000,7,1,,,0.02246247893,0.028913938444,3.398334016197,3.853652736028,7,8,False,55.725120000000,55.722863333333,0.010648957174,0.000191105707,"[55.70884, 55.73463, 55.725120000000004]"
,sigma_current_sync,8,8,dp,5.497787144000,7,1,,,0.026791452709,0.033269510719,3.711379399089,4.133730483004,7,1,True,3.032254000000,3.035433000000,0.006366017122,0.002097235262,"[3.044317, 3.032254, 3.029728]"
,sigma_current_sync,8,8,dp,5.497787144000,7,1,,,0.026791452709,0.033269510719,3.711379399089,4.133730483004,7,2,False,0.387975900000,0.387744833333,0.000500498560,0.001290793628,"[0.3882087, 0.3870499, 0.38797590000000004]"
,sigma_current_sync,8,8,dp,5.497787144000,7,1,,,0.026791452709,0.033269510719,3.711379399089,4.133730483004,7,3,False,9.856686000000,9.858577666667,0.010000899437,0.001014436339,"[9.871662, 9.856686, 9.847385000000001]"
,sigma_current_sync,8,8,dp,5.497787144000,7,1,,,0.026791452709,0.033269510719,3.711379399089,4.133730483004,7,4,False,1.465921000000,1.466497333333,0.001371211711,0.000935025028,"[1.465921, 1.468389, 1.4651820000000002]"
,sigma_current_sync,8,8,dp,5.497787144000,7,1,,,0.026791452709,0.033269510719,3.711379399089,4.133730483004,7,5,False,82.501600000000,82.529230000000,0.042065055173,0.000509698869,"[82.58867, 82.49741999999999, 82.5016]"
,sigma_current_sync,8,8,dp,5.497787144000,7,1,,,0.026791452709,0.033269510719,3.711379399089,4.133730483004,7,6,False,4.749337000000,4.748146666667,0.001944980948,0.000409629501,"[4.749699000000001, 4.749337, 4.745404]"
,sigma_current_sync,8,8,dp,5.497787144000,7,1,,,0.026791452709,0.033269510719,3.711379399089,4.133730483004,7,7,False,10.148890000000,10.144930000000,0.005928529891,0.000584383519,"[10.14935, 10.13655, 10.14889]"
,sigma_current_sync,8,8,dp,5.497787144000,7,1,,,0.026791452709,0.033269510719,3.711379399089,4.133730483004,7,8,False,22.085990000000,22.081030000000,0.016247586487,0.000735816513,"[22.09798, 22.085990000000002, 22.05912]"
,sigma_current_sync,8,9,dp,6.283185307000,7,1,,,0.031120426484,0.03762508299,3.999999999936,4.395999999942,7,1,True,4.012311000000,4.011262666667,0.002436398754,0.000607389482,"[4.013580999999999, 4.0123109999999995, 4.007896]"
,sigma_current_sync,8,9,dp,6.283185307000,7,1,,,0.031120426484,0.03762508299,3.999999999936,4.395999999942,7,2,False,0.281937700000,0.282060800000,0.000196784197,0.000697665881,"[0.2819377, 0.2823385, 0.2819062]"
,sigma_current_sync,8,9,dp,6.283185307000,7,1,,,0.031120426484,0.03762508299,3.999999999936,4.395999999942,7,3,False,13.159830000000,13.157763333333,0.006972605125,0.000529923282,"[13.15983, 13.165080000000001, 13.14838]"
,sigma_current_sync,8,9,dp,6.283185307000,7,1,,,0.031120426484,0.03762508299,3.999999999936,4.395999999942,7,4,False,1.953481000000,1.953926666667,0.001073236952,0.000549271869,"[1.953481, 1.9554060000000002, 1.952893]"
,sigma_current_sync,8,9,dp,6.283185307000,7,1,,,0.031120426484,0.03762508299,3.999999999936,4.395999999942,7,5,False,108.227900000000,108.235100000000,0.022387049828,0.000206837244,"[108.212, 108.2279, 108.2654]"
,sigma_current_sync,8,9,dp,6.283185307000,7,1,,,0.031120426484,0.03762508299,3.999999999936,4.395999999942,7,6,False,5.737711000000,5.740827000000,0.004665003608,0.000812601322,"[5.747421, 5.737349, 5.737711]"
,sigma_current_sync,8,9,dp,6.283185307000,7,1,,,0.031120426484,0.03762508299,3.999999999936,4.395999999942,7,7,False,2.207132000000,2.207979333333,0.002118741975,0.000959584151,"[2.210892, 2.207132, 2.205914]"
,sigma_current_sync,8,9,dp,6.283185307000,7,1,,,0.031120426484,0.03762508299,3.999999999936,4.395999999942,7,8,False,3.211354000000,3.211449000000,0.000314664901,0.000097982220,"[3.211873, 3.21112, 3.211354]"
2026-06-03T08:36:37,delta_current_probe,7,1,probe_axis_power_w,-0.001000000000,6,6,0.030901135489,3.975191009245,,,,,,1,False,0.228046000000,0.228074533333,0.000209913352,0.000920371729,"[0.22834469999999998, 0.228046, 0.2278329]"
2026-06-03T08:36:37,delta_current_probe,7,1,probe_axis_power_w,-0.001000000000,6,6,0.030901135489,3.975191009245,,,,,,2,False,0.013341660000,0.013413826667,0.000224191492,0.016713462737,"[0.01371728, 0.01334166, 0.01318254]"
2026-06-03T08:36:37,delta_current_probe,7,1,probe_axis_power_w,-0.001000000000,6,6,0.030901135489,3.975191009245,,,,,,3,False,4.233593000000,4.225424333333,0.014146641352,0.003347981229,"[4.205524, 4.237156000000001, 4.233593]"
2026-06-03T08:36:37,delta_current_probe,7,1,probe_axis_power_w,-0.001000000000,6,6,0.030901135489,3.975191009245,,,,,,4,False,18.952800000000,18.933893333333,0.028972250325,0.001530179230,"[18.892960000000002, 18.95592, 18.9528]"
2026-06-03T08:36:37,delta_current_probe,7,1,probe_axis_power_w,-0.001000000000,6,6,0.030901135489,3.975191009245,,,,,,5,False,27.621850000000,27.621763333333,0.011235160089,0.000406750284,"[27.635479999999998, 27.621850000000002, 27.607960000000002]"
2026-06-03T08:36:37,delta_current_probe,7,1,probe_axis_power_w,-0.001000000000,6,6,0.030901135489,3.975191009245,,,,,,6,True,77.645040000000,77.686833333333,0.063149212364,0.000812868921,"[77.63938, 77.77608000000001, 77.64504]"
2026-06-03T08:36:37,delta_current_probe,7,1,probe_axis_power_w,-0.001000000000,6,6,0.030901135489,3.975191009245,,,,,,7,False,6.313318000000,6.312401000000,0.001758915006,0.000278644371,"[6.30994, 6.313318000000001, 6.313945]"
2026-06-03T08:36:37,delta_current_probe,7,1,probe_axis_power_w,-0.001000000000,6,6,0.030901135489,3.975191009245,,,,,,8,False,0.618432500000,0.618166300000,0.000861321152,0.001393348605,"[0.6184325, 0.6170038, 0.6190626]"
2026-06-03T08:36:50,delta_current_probe,7,2,probe_axis_power_w,-0.000750000000,6,6,0.031151135489,3.991238895379,,,,,,1,False,0.227385000000,0.227395100000,0.000240360244,0.001057015932,"[0.2276944, 0.227385, 0.2271059]"
2026-06-03T08:36:50,delta_current_probe,7,2,probe_axis_power_w,-0.000750000000,6,6,0.031151135489,3.991238895379,,,,,,2,False,0.013489180000,0.013483770000,0.000103639134,0.007686213415,"[0.01335422, 0.01348918, 0.013607909999999999]"
2026-06-03T08:36:50,delta_current_probe,7,2,probe_axis_power_w,-0.000750000000,6,6,0.031151135489,3.991238895379,,,,,,3,False,4.229881000000,4.226458666667,0.006469658741,0.001530751689,"[4.232096, 4.229881, 4.217399]"
2026-06-03T08:36:50,delta_current_probe,7,2,probe_axis_power_w,-0.000750000000,6,6,0.031151135489,3.991238895379,,,,,,4,False,19.117170000000,19.113623333333,0.044781631155,0.002342916901,"[19.166610000000002, 19.117169999999998, 19.05709]"
2026-06-03T08:36:50,delta_current_probe,7,2,probe_axis_power_w,-0.000750000000,6,6,0.031151135489,3.991238895379,,,,,,5,False,27.541660000000,27.542873333333,0.007301074502,0.000265080350,"[27.55236, 27.534599999999998, 27.54166]"
2026-06-03T08:36:50,delta_current_probe,7,2,probe_axis_power_w,-0.000750000000,6,6,0.031151135489,3.991238895379,,,,,,6,True,77.514340000000,77.489466666667,0.056476809006,0.000728832078,"[77.51434, 77.4113, 77.54276]"
2026-06-03T08:36:50,delta_current_probe,7,2,probe_axis_power_w,-0.000750000000,6,6,0.031151135489,3.991238895379,,,,,,7,False,6.492586000000,6.493454333333,0.003930290264,0.000605269563,"[6.489134, 6.492586, 6.498643]"
2026-06-03T08:36:50,delta_current_probe,7,2,probe_axis_power_w,-0.000750000000,6,6,0.031151135489,3.991238895379,,,,,,8,False,0.609688700000,0.609784533333,0.000690212326,0.001131895430,"[0.6089912, 0.6096887000000001, 0.6106737]"
2026-06-03T08:37:03,delta_current_probe,7,3,probe_axis_power_w,-0.000500000000,6,6,0.031401135489,4.007222514410,,,,,,1,False,0.227004400000,0.227096833333,0.000177221149,0.000780377014,"[0.22734479999999999, 0.2270044, 0.22694129999999998]"
2026-06-03T08:37:03,delta_current_probe,7,3,probe_axis_power_w,-0.000500000000,6,6,0.031401135489,4.007222514410,,,,,,2,False,0.013619400000,0.013596040000,0.000252169493,0.018547274996,"[0.01327618, 0.0136194, 0.01389254]"
2026-06-03T08:37:03,delta_current_probe,7,3,probe_axis_power_w,-0.000500000000,6,6,0.031401135489,4.007222514410,,,,,,3,False,4.237001000000,4.235807666667,0.010769222638,0.002542424842,"[4.237000999999999, 4.24836, 4.222062]"
2026-06-03T08:37:03,delta_current_probe,7,3,probe_axis_power_w,-0.000500000000,6,6,0.031401135489,4.007222514410,,,,,,4,False,19.288260000000,19.288706666667,0.008277138529,0.000429118379,"[19.28826, 19.29906, 19.2788]"
2026-06-03T08:37:03,delta_current_probe,7,3,probe_axis_power_w,-0.000500000000,6,6,0.031401135489,4.007222514410,,,,,,5,False,27.398590000000,27.399206666667,0.006102580511,0.000222728365,"[27.398590000000002, 27.392059999999997, 27.40697]"
2026-06-03T08:37:03,delta_current_probe,7,3,probe_axis_power_w,-0.000500000000,6,6,0.031401135489,4.007222514410,,,,,,6,True,77.155160000000,77.179636666667,0.039030111737,0.000505704787,"[77.14903000000001, 77.23472, 77.15516]"
2026-06-03T08:37:03,delta_current_probe,7,3,probe_axis_power_w,-0.000500000000,6,6,0.031401135489,4.007222514410,,,,,,7,False,6.754424000000,6.752009000000,0.004049829215,0.000599796181,"[6.754424, 6.755299, 6.746304]"
2026-06-03T08:37:03,delta_current_probe,7,3,probe_axis_power_w,-0.000500000000,6,6,0.031401135489,4.007222514410,,,,,,8,False,0.627374100000,0.627470766667,0.000293755390,0.000468157889,"[0.6271692, 0.6273740999999999, 0.627869]"
2026-06-03T08:37:16,delta_current_probe,7,4,probe_axis_power_w,-0.000250000000,6,6,0.031651135489,4.023142632321,,,,,,1,False,0.226469900000,0.226661700000,0.000286727269,0.001265000963,"[0.2264699, 0.227067, 0.2264482]"
2026-06-03T08:37:16,delta_current_probe,7,4,probe_axis_power_w,-0.000250000000,6,6,0.031651135489,4.023142632321,,,,,,2,False,0.013247250000,0.013350026667,0.000158254043,0.011854211727,"[0.01357359, 0.01324725, 0.01322924]"
2026-06-03T08:37:16,delta_current_probe,7,4,probe_axis_power_w,-0.000250000000,6,6,0.031651135489,4.023142632321,,,,,,3,False,4.237312000000,4.241674666667,0.006639731236,0.001565356082,"[4.236655, 4.237312, 4.251056999999999]"
2026-06-03T08:37:16,delta_current_probe,7,4,probe_axis_power_w,-0.000250000000,6,6,0.031651135489,4.023142632321,,,,,,4,False,19.530020000000,19.498210000000,0.049893647558,0.002558883485,"[19.427760000000003, 19.53002, 19.536849999999998]"
2026-06-03T08:37:16,delta_current_probe,7,4,probe_axis_power_w,-0.000250000000,6,6,0.031651135489,4.023142632321,,,,,,5,False,27.290230000000,27.282676666667,0.021052208646,0.000771632817,"[27.25396, 27.29023, 27.30384]"
2026-06-03T08:37:16,delta_current_probe,7,4,probe_axis_power_w,-0.000250000000,6,6,0.031651135489,4.023142632321,,,,,,6,True,76.786900000000,76.753673333333,0.051102152162,0.000665794221,"[76.68148, 76.79263999999999, 76.7869]"
2026-06-03T08:37:16,delta_current_probe,7,4,probe_axis_power_w,-0.000250000000,6,6,0.031651135489,4.023142632321,,,,,,7,False,7.079099000000,7.082894333333,0.006477232760,0.000914489537,"[7.092012, 7.079099, 7.077572]"
2026-06-03T08:37:16,delta_current_probe,7,4,probe_axis_power_w,-0.000250000000,6,6,0.031651135489,4.023142632321,,,,,,8,False,0.675887400000,0.675624633333,0.000699513232,0.001035357798,"[0.6763192, 0.6746673000000001, 0.6758874]"
2026-06-03T08:37:28,delta_current_probe,7,5,probe_axis_power_w,0.000000000000,6,6,0.031901135489,4.039000000000,,,,,,1,False,0.226905800000,0.226771133333,0.000191225771,0.000843254467,"[0.2269069, 0.2265007, 0.2269058]"
2026-06-03T08:37:28,delta_current_probe,7,5,probe_axis_power_w,0.000000000000,6,6,0.031901135489,4.039000000000,,,,,,2,False,0.012877380000,0.012922956667,0.000104964195,0.008122304979,"[0.01287738, 0.0128234, 0.013068090000000001]"
2026-06-03T08:37:28,delta_current_probe,7,5,probe_axis_power_w,0.000000000000,6,6,0.031901135489,4.039000000000,,,,,,3,False,4.263688000000,4.262043666667,0.005889764361,0.001381910844,"[4.263688, 4.268293, 4.25415]"
2026-06-03T08:37:28,delta_current_probe,7,5,probe_axis_power_w,0.000000000000,6,6,0.031901135489,4.039000000000,,,,,,4,False,19.692390000000,19.715936666667,0.046740519419,0.002370697381,"[19.7812, 19.69239, 19.674220000000002]"
2026-06-03T08:37:28,delta_current_probe,7,5,probe_axis_power_w,0.000000000000,6,6,0.031901135489,4.039000000000,,,,,,5,False,27.133970000000,27.140286666667,0.009526042667,0.000350992706,"[27.153750000000002, 27.133139999999997, 27.133969999999998]"
2026-06-03T08:37:28,delta_current_probe,7,5,probe_axis_power_w,0.000000000000,6,6,0.031901135489,4.039000000000,,,,,,6,True,76.214270000000,76.209230000000,0.041874902587,0.000549472847,"[76.21427, 76.15561, 76.25781]"
2026-06-03T08:37:28,delta_current_probe,7,5,probe_axis_power_w,0.000000000000,6,6,0.031901135489,4.039000000000,,,,,,7,False,7.479741000000,7.480045000000,0.001571827175,0.000210136059,"[7.47829, 7.479741000000001, 7.482104]"
2026-06-03T08:37:28,delta_current_probe,7,5,probe_axis_power_w,0.000000000000,6,6,0.031901135489,4.039000000000,,,,,,8,False,0.753292100000,0.753105866667,0.001036653129,0.001376503855,"[0.7517534, 0.7532921, 0.7542721]"
2026-06-03T08:37:41,delta_current_probe,7,6,probe_axis_power_w,0.000250000000,6,6,0.032151135489,4.054795353653,,,,,,1,False,0.226216600000,0.226213233333,0.000144661958,0.000639493792,"[0.2263887, 0.2262166, 0.2260344]"
2026-06-03T08:37:41,delta_current_probe,7,6,probe_axis_power_w,0.000250000000,6,6,0.032151135489,4.054795353653,,,,,,2,False,0.012691350000,0.012681680000,0.000047924668,0.003779047253,"[0.01261875, 0.01269135, 0.01273494]"
2026-06-03T08:37:41,delta_current_probe,7,6,probe_axis_power_w,0.000250000000,6,6,0.032151135489,4.054795353653,,,,,,3,False,4.276719000000,4.280076333333,0.005765587009,0.001347075743,"[4.28819, 4.27532, 4.276719]"
2026-06-03T08:37:41,delta_current_probe,7,6,probe_axis_power_w,0.000250000000,6,6,0.032151135489,4.054795353653,,,,,,4,False,19.920390000000,19.903810000000,0.029107721770,0.001462419596,"[19.920389999999998, 19.86289, 19.92815]"
2026-06-03T08:37:41,delta_current_probe,7,6,probe_axis_power_w,0.000250000000,6,6,0.032151135489,4.054795353653,,,,,,5,False,26.951650000000,26.956523333333,0.006920237632,0.000256718478,"[26.95161, 26.96631, 26.95165]"
2026-06-03T08:37:41,delta_current_probe,7,6,probe_axis_power_w,0.000250000000,6,6,0.032151135489,4.054795353653,,,,,,6,True,75.680400000000,75.670210000000,0.023554239533,0.000311274933,"[75.63765, 75.68039999999999, 75.69258]"
2026-06-03T08:37:41,delta_current_probe,7,6,probe_axis_power_w,0.000250000000,6,6,0.032151135489,4.054795353653,,,,,,7,False,7.956502000000,7.957610000000,0.002463881626,0.000309625833,"[7.961025, 7.955303, 7.9565019999999995]"
2026-06-03T08:37:41,delta_current_probe,7,6,probe_axis_power_w,0.000250000000,6,6,0.032151135489,4.054795353653,,,,,,8,False,0.864602300000,0.864472166667,0.000625061519,0.000723055690,"[0.8636499000000001, 0.8646023, 0.8651643]"
2026-06-03T08:37:54,delta_current_probe,7,7,probe_axis_power_w,0.000500000000,6,6,0.032401135489,4.070529415200,,,,,,1,False,0.226266300000,0.226062700000,0.000458775159,0.002029415552,"[0.2262663, 0.2264944, 0.2254274]"
2026-06-03T08:37:54,delta_current_probe,7,7,probe_axis_power_w,0.000500000000,6,6,0.032401135489,4.070529415200,,,,,,2,False,0.012406400000,0.012432863333,0.000127419999,0.010248644711,"[0.012600459999999999, 0.0124064, 0.01229173]"
2026-06-03T08:37:54,delta_current_probe,7,7,probe_axis_power_w,0.000500000000,6,6,0.032401135489,4.070529415200,,,,,,3,False,4.276466000000,4.277170000000,0.002184450656,0.000510723365,"[4.274917, 4.280126999999999, 4.276466]"
2026-06-03T08:37:54,delta_current_probe,7,7,probe_axis_power_w,0.000500000000,6,6,0.032401135489,4.070529415200,,,,,,4,False,20.061710000000,20.060993333333,0.005847702303,0.000291496149,"[20.06777, 20.061709999999998, 20.0535]"
2026-06-03T08:37:54,delta_current_probe,7,7,probe_axis_power_w,0.000500000000,6,6,0.032401135489,4.070529415200,,,,,,5,False,26.746450000000,26.754346666667,0.013642532349,0.000509918352,"[26.77354, 26.74645, 26.74305]"
2026-06-03T08:37:54,delta_current_probe,7,7,probe_axis_power_w,0.000500000000,6,6,0.032401135489,4.070529415200,,,,,,6,True,74.913300000000,74.956706666667,0.064077745140,0.000854863400,"[74.9133, 75.04729999999999, 74.90952]"
2026-06-03T08:37:54,delta_current_probe,7,7,probe_axis_power_w,0.000500000000,6,6,0.032401135489,4.070529415200,,,,,,7,False,8.515084000000,8.512350333333,0.005279076455,0.000620166728,"[8.515084, 8.504967, 8.517]"
2026-06-03T08:37:54,delta_current_probe,7,7,probe_axis_power_w,0.000500000000,6,6,0.032401135489,4.070529415200,,,,,,8,False,1.008203000000,1.008291000000,0.000340497675,0.000337697822,"[1.008745, 1.007925, 1.008203]"
2026-06-03T08:38:07,delta_current_probe,7,8,probe_axis_power_w,0.000750000000,6,6,0.032651135489,4.086202892663,,,,,,1,False,0.225560700000,0.225504733333,0.000113090711,0.000501500386,"[0.22534700000000002, 0.22560650000000002, 0.22556069999999998]"
2026-06-03T08:38:07,delta_current_probe,7,8,probe_axis_power_w,0.000750000000,6,6,0.032651135489,4.086202892663,,,,,,2,False,0.012445170000,0.012366356667,0.000168803986,0.013650260198,"[0.0125221, 0.0121318, 0.01244517]"
2026-06-03T08:38:07,delta_current_probe,7,8,probe_axis_power_w,0.000750000000,6,6,0.032651135489,4.086202892663,,,,,,3,False,4.262660000000,4.267175000000,0.009121208948,0.002137528681,"[4.279896999999999, 4.258968, 4.2626599999999994]"
2026-06-03T08:38:07,delta_current_probe,7,8,probe_axis_power_w,0.000750000000,6,6,0.032651135489,4.086202892663,,,,,,4,False,20.185660000000,20.192260000000,0.025384819611,0.001257155940,"[20.18566, 20.165, 20.22612]"
2026-06-03T08:38:07,delta_current_probe,7,8,probe_axis_power_w,0.000750000000,6,6,0.032651135489,4.086202892663,,,,,,5,False,26.582350000000,26.587386666667,0.016949199260,0.000637490231,"[26.58235, 26.56961, 26.610200000000003]"
2026-06-03T08:38:07,delta_current_probe,7,8,probe_axis_power_w,0.000750000000,6,6,0.032651135489,4.086202892663,,,,,,6,True,74.325340000000,74.292213333333,0.055253935808,0.000743737914,"[74.21436, 74.33694, 74.32534]"
2026-06-03T08:38:07,delta_current_probe,7,8,probe_axis_power_w,0.000750000000,6,6,0.032651135489,4.086202892663,,,,,,7,False,9.094246000000,9.092960000000,0.002088724651,0.000229707889,"[9.090014, 9.09462, 9.094246]"
2026-06-03T08:38:07,delta_current_probe,7,8,probe_axis_power_w,0.000750000000,6,6,0.032651135489,4.086202892663,,,,,,8,False,1.169519000000,1.169891333333,0.000675958743,0.000577796180,"[1.1693149999999999, 1.169519, 1.1708399999999999]"
2026-06-03T08:38:20,delta_current_probe,7,9,probe_axis_power_w,0.001000000000,6,6,0.032901135489,4.101816480538,,,,,,1,False,0.225189500000,0.225241766667,0.000146798850,0.000651739026,"[0.2254419, 0.22518950000000001, 0.22509389999999999]"
2026-06-03T08:38:20,delta_current_probe,7,9,probe_axis_power_w,0.001000000000,6,6,0.032901135489,4.101816480538,,,,,,2,False,0.011920140000,0.011920156667,0.000011631000,0.000975742190,"[0.01190592, 0.01193441, 0.011920140000000001]"
2026-06-03T08:38:20,delta_current_probe,7,9,probe_axis_power_w,0.001000000000,6,6,0.032901135489,4.101816480538,,,,,,3,False,4.262641000000,4.264313000000,0.003304293066,0.000774871138,"[4.268928, 4.26137, 4.262641]"
2026-06-03T08:38:20,delta_current_probe,7,9,probe_axis_power_w,0.001000000000,6,6,0.032901135489,4.101816480538,,,,,,4,False,20.292980000000,20.297916666667,0.011092310650,0.000546475327,"[20.29298, 20.287490000000002, 20.31328]"
2026-06-03T08:38:20,delta_current_probe,7,9,probe_axis_power_w,0.001000000000,6,6,0.032901135489,4.101816480538,,,,,,5,False,26.345450000000,26.338693333333,0.023487679513,0.000891755685,"[26.363480000000003, 26.34545, 26.30715]"
2026-06-03T08:38:20,delta_current_probe,7,9,probe_axis_power_w,0.001000000000,6,6,0.032901135489,4.101816480538,,,,,,6,True,73.464190000000,73.480533333333,0.038513014539,0.000524125408,"[73.5337, 73.44371000000001, 73.46419]"
2026-06-03T08:38:20,delta_current_probe,7,9,probe_axis_power_w,0.001000000000,6,6,0.032901135489,4.101816480538,,,,,,7,False,9.777952000000,9.777729666667,0.000673041026,0.000068834080,"[9.77842, 9.777952, 9.776817000000001]"
2026-06-03T08:38:20,delta_current_probe,7,9,probe_axis_power_w,0.001000000000,6,6,0.032901135489,4.101816480538,,,,,,8,False,1.373853000000,1.373515666667,0.001214114035,0.000883946259,"[1.3718890000000001, 1.373853, 1.374805]"
2026-06-03T08:38:33,delta_current_probe,8,1,probe_axis_power_w,-0.001000000000,8,8,0.030120426485,3.935208790960,,,,,,1,False,0.206565700000,0.206582866667,0.000240560572,0.001164474944,"[0.2065657, 0.2062972, 0.20688569999999998]"
2026-06-03T08:38:33,delta_current_probe,8,1,probe_axis_power_w,-0.001000000000,8,8,0.030120426485,3.935208790960,,,,,,2,False,0.036943920000,0.036915006667,0.000073573633,0.001993054851,"[0.03694392, 0.036987110000000004, 0.03681399]"
2026-06-03T08:38:33,delta_current_probe,8,1,probe_axis_power_w,-0.001000000000,8,8,0.030120426485,3.935208790960,,,,,,3,False,0.159237500000,0.159267100000,0.000120549520,0.000756901580,"[0.1591365, 0.1594273, 0.1592375]"
2026-06-03T08:38:33,delta_current_probe,8,1,probe_axis_power_w,-0.001000000000,8,8,0.030120426485,3.935208790960,,,,,,4,False,0.045291500000,0.045267336667,0.000046225433,0.001021165298,"[0.04530786, 0.0452915, 0.04520265]"
2026-06-03T08:38:33,delta_current_probe,8,1,probe_axis_power_w,-0.001000000000,8,8,0.030120426485,3.935208790960,,,,,,5,False,0.100414000000,0.100361733333,0.000087620939,0.000873051269,"[0.100414, 0.1002383, 0.1004329]"
2026-06-03T08:38:33,delta_current_probe,8,1,probe_axis_power_w,-0.001000000000,8,8,0.030120426485,3.935208790960,,,,,,6,False,0.175256500000,0.175297200000,0.000197697699,0.001127785832,"[0.1755571, 0.175078, 0.1752565]"
2026-06-03T08:38:33,delta_current_probe,8,1,probe_axis_power_w,-0.001000000000,8,8,0.030120426485,3.935208790960,,,,,,7,False,21.743040000000,21.740610000000,0.004546258535,0.000209113660,"[21.744549999999997, 21.73424, 21.74304]"
2026-06-03T08:38:33,delta_current_probe,8,1,probe_axis_power_w,-0.001000000000,8,8,0.030120426485,3.935208790960,,,,,,8,True,75.715380000000,75.710790000000,0.033929970036,0.000448152371,"[75.71538, 75.66713, 75.74986]"
2026-06-03T08:38:46,delta_current_probe,8,2,probe_axis_power_w,-0.000750000000,8,8,0.030370426485,3.951506190218,,,,,,1,False,0.206071300000,0.206055266667,0.000179782949,0.000872498686,"[0.20607129999999999, 0.2058275, 0.206267]"
2026-06-03T08:38:46,delta_current_probe,8,2,probe_axis_power_w,-0.000750000000,8,8,0.030370426485,3.951506190218,,,,,,2,False,0.036859170000,0.036867506667,0.000015001467,0.000406902139,"[0.03688857, 0.03685478, 0.036859170000000004]"
2026-06-03T08:38:46,delta_current_probe,8,2,probe_axis_power_w,-0.000750000000,8,8,0.030370426485,3.951506190218,,,,,,3,False,0.158975300000,0.158940200000,0.000071902851,0.000452389333,"[0.1589753, 0.15884, 0.1590053]"
2026-06-03T08:38:46,delta_current_probe,8,2,probe_axis_power_w,-0.000750000000,8,8,0.030370426485,3.951506190218,,,,,,4,False,0.045264970000,0.045278463333,0.000033234246,0.000733996768,"[0.04524622, 0.0453242, 0.04526497]"
2026-06-03T08:38:46,delta_current_probe,8,2,probe_axis_power_w,-0.000750000000,8,8,0.030370426485,3.951506190218,,,,,,5,False,0.101670600000,0.101660833333,0.000060043558,0.000590626265,"[0.1016706, 0.101729, 0.1015829]"
2026-06-03T08:38:46,delta_current_probe,8,2,probe_axis_power_w,-0.000750000000,8,8,0.030370426485,3.951506190218,,,,,,6,False,0.182806000000,0.182845333333,0.000166697377,0.000911685161,"[0.18266369999999998, 0.182806, 0.18306630000000002]"
2026-06-03T08:38:46,delta_current_probe,8,2,probe_axis_power_w,-0.000750000000,8,8,0.030370426485,3.951506190218,,,,,,7,False,22.418950000000,22.408566666667,0.022142755525,0.000988137968,"[22.41895, 22.42896, 22.37779]"
2026-06-03T08:38:46,delta_current_probe,8,2,probe_axis_power_w,-0.000750000000,8,8,0.030370426485,3.951506190218,,,,,,8,True,77.031010000000,77.034143333333,0.080251379358,0.001041763767,"[77.03101000000001, 76.93746, 77.13395999999999]"
2026-06-03T08:38:59,delta_current_probe,8,3,probe_axis_power_w,-0.000500000000,8,8,0.030620426485,3.967736648799,,,,,,1,False,0.205832700000,0.205879500000,0.000121436650,0.000589843331,"[0.2058327, 0.2057598, 0.20604599999999998]"
2026-06-03T08:38:59,delta_current_probe,8,3,probe_axis_power_w,-0.000500000000,8,8,0.030620426485,3.967736648799,,,,,,2,False,0.036931070000,0.036929086667,0.000038764058,0.001049689040,"[0.03697554, 0.036931069999999996, 0.03688065]"
2026-06-03T08:38:59,delta_current_probe,8,3,probe_axis_power_w,-0.000500000000,8,8,0.030620426485,3.967736648799,,,,,,3,False,0.158723700000,0.158795233333,0.000157052376,0.000989024500,"[0.1590131, 0.15872370000000002, 0.15864889999999998]"
2026-06-03T08:38:59,delta_current_probe,8,3,probe_axis_power_w,-0.000500000000,8,8,0.030620426485,3.967736648799,,,,,,4,False,0.045696120000,0.045632966667,0.000148059019,0.003244562648,"[0.045428500000000004, 0.04577428, 0.04569612]"
2026-06-03T08:38:59,delta_current_probe,8,3,probe_axis_power_w,-0.000500000000,8,8,0.030620426485,3.967736648799,,,,,,5,False,0.102368400000,0.102418033333,0.000081693424,0.000797646875,"[0.1023684, 0.1025332, 0.1023525]"
2026-06-03T08:38:59,delta_current_probe,8,3,probe_axis_power_w,-0.000500000000,8,8,0.030620426485,3.967736648799,,,,,,6,False,0.191174100000,0.191139400000,0.000300697822,0.001573185967,"[0.1911741, 0.19075499999999998, 0.1914891]"
2026-06-03T08:38:59,delta_current_probe,8,3,probe_axis_power_w,-0.000500000000,8,8,0.030620426485,3.967736648799,,,,,,7,False,23.121460000000,23.106926666667,0.022112646960,0.000956970491,"[23.123639999999998, 23.12146, 23.07568]"
2026-06-03T08:38:59,delta_current_probe,8,3,probe_axis_power_w,-0.000500000000,8,8,0.030620426485,3.967736648799,,,,,,8,True,78.335030000000,78.323016666667,0.114991137726,0.001468165331,"[78.33503, 78.17656000000001, 78.45746]"
2026-06-03T08:39:12,delta_current_probe,8,4,probe_axis_power_w,-0.000250000000,8,8,0.030870426485,3.983900984853,,,,,,1,False,0.205720400000,0.205682900000,0.000067970141,0.000330460823,"[0.20558749999999998, 0.2057204, 0.2057408]"
2026-06-03T08:39:12,delta_current_probe,8,4,probe_axis_power_w,-0.000250000000,8,8,0.030870426485,3.983900984853,,,,,,2,False,0.036826630000,0.036843706667,0.000057845315,0.001570018867,"[0.03692153, 0.036782959999999996, 0.03682663]"
2026-06-03T08:39:12,delta_current_probe,8,4,probe_axis_power_w,-0.000250000000,8,8,0.030870426485,3.983900984853,,,,,,3,False,0.158655200000,0.158662500000,0.000115771873,0.000729673826,"[0.1588078, 0.1586552, 0.1585245]"
2026-06-03T08:39:12,delta_current_probe,8,4,probe_axis_power_w,-0.000250000000,8,8,0.030870426485,3.983900984853,,,,,,4,False,0.045804750000,0.045820170000,0.000052702023,0.001150192649,"[0.04580475, 0.04589103, 0.045764729999999997]"
2026-06-03T08:39:12,delta_current_probe,8,4,probe_axis_power_w,-0.000250000000,8,8,0.030870426485,3.983900984853,,,,,,5,False,0.103458400000,0.103544766667,0.000146394680,0.001413829828,"[0.1037509, 0.10345839999999999, 0.103425]"
2026-06-03T08:39:12,delta_current_probe,8,4,probe_axis_power_w,-0.000250000000,8,8,0.030870426485,3.983900984853,,,,,,6,False,0.198410000000,0.198267000000,0.000321908103,0.001623609087,"[0.1985698, 0.19840999999999998, 0.1978212]"
2026-06-03T08:39:12,delta_current_probe,8,4,probe_axis_power_w,-0.000250000000,8,8,0.030870426485,3.983900984853,,,,,,7,False,23.755710000000,23.757680000000,0.015197738867,0.000639697936,"[23.7772, 23.75571, 23.740129999999997]"
2026-06-03T08:39:12,delta_current_probe,8,4,probe_axis_power_w,-0.000250000000,8,8,0.030870426485,3.983900984853,,,,,,8,True,79.380040000000,79.388400000000,0.065602934894,0.000826354164,"[79.31256, 79.4726, 79.38004000000001]"
2026-06-03T08:39:24,delta_current_probe,8,5,probe_axis_power_w,0.000000000000,8,8,0.031120426485,4.000000000000,,,,,,1,False,0.205521500000,0.205577900000,0.000159704060,0.000776854222,"[0.2055215, 0.20579550000000002, 0.20541669999999998]"
2026-06-03T08:39:24,delta_current_probe,8,5,probe_axis_power_w,0.000000000000,8,8,0.031120426485,4.000000000000,,,,,,2,False,0.036940630000,0.036934003333,0.000066578926,0.001802645807,"[0.03684935, 0.037012029999999994, 0.03694063]"
2026-06-03T08:39:24,delta_current_probe,8,5,probe_axis_power_w,0.000000000000,8,8,0.031120426485,4.000000000000,,,,,,3,False,0.158450800000,0.158469033333,0.000094495020,0.000596299595,"[0.1585928, 0.1584508, 0.1583635]"
2026-06-03T08:39:24,delta_current_probe,8,5,probe_axis_power_w,0.000000000000,8,8,0.031120426485,4.000000000000,,,,,,4,False,0.046123130000,0.046118990000,0.000030059322,0.000651777553,"[0.04612313, 0.04615356, 0.04608028]"
2026-06-03T08:39:24,delta_current_probe,8,5,probe_axis_power_w,0.000000000000,8,8,0.031120426485,4.000000000000,,,,,,5,False,0.104272200000,0.104273266667,0.000079775282,0.000765059772,"[0.1043715, 0.10427220000000001, 0.1041761]"
2026-06-03T08:39:24,delta_current_probe,8,5,probe_axis_power_w,0.000000000000,8,8,0.031120426485,4.000000000000,,,,,,6,False,0.206771600000,0.206730133333,0.000079497855,0.000384548945,"[0.2067999, 0.2066189, 0.2067716]"
2026-06-03T08:39:24,delta_current_probe,8,5,probe_axis_power_w,0.000000000000,8,8,0.031120426485,4.000000000000,,,,,,7,False,24.403060000000,24.402173333333,0.001635467993,0.000067021407,"[24.40306, 24.40358, 24.39988]"
2026-06-03T08:39:24,delta_current_probe,8,5,probe_axis_power_w,0.000000000000,8,8,0.031120426485,4.000000000000,,,,,,8,True,80.638690000000,80.658490000000,0.046509442769,0.000576621789,"[80.63869, 80.72271, 80.61407]"
2026-06-03T08:39:37,delta_current_probe,8,6,probe_axis_power_w,0.000250000000,8,8,0.031370426485,4.016034479793,,,,,,1,False,0.205066300000,0.205067666667,0.000250462191,0.001221363634,"[0.2050663, 0.20537509999999998, 0.2047616]"
2026-06-03T08:39:37,delta_current_probe,8,6,probe_axis_power_w,0.000250000000,8,8,0.031370426485,4.016034479793,,,,,,2,False,0.036901760000,0.036902150000,0.000033146826,0.000898235628,"[0.03694294, 0.03690176, 0.036861750000000006]"
2026-06-03T08:39:37,delta_current_probe,8,6,probe_axis_power_w,0.000250000000,8,8,0.031370426485,4.016034479793,,,,,,3,False,0.158085200000,0.158080066667,0.000109797156,0.000694566739,"[0.1580852, 0.1582119, 0.1579431]"
2026-06-03T08:39:37,delta_current_probe,8,6,probe_axis_power_w,0.000250000000,8,8,0.031370426485,4.016034479793,,,,,,4,False,0.046200160000,0.046212600000,0.000072752859,0.001574307847,"[0.046200160000000004, 0.04630727, 0.046130370000000004]"
2026-06-03T08:39:37,delta_current_probe,8,6,probe_axis_power_w,0.000250000000,8,8,0.031370426485,4.016034479793,,,,,,5,False,0.105234000000,0.105154700000,0.000154065852,0.001465135193,"[0.1052908, 0.1049393, 0.10523400000000001]"
2026-06-03T08:39:37,delta_current_probe,8,6,probe_axis_power_w,0.000250000000,8,8,0.031370426485,4.016034479793,,,,,,6,False,0.214713400000,0.214738366667,0.000372210624,0.001733321484,"[0.2142955, 0.21520620000000001, 0.2147134]"
2026-06-03T08:39:37,delta_current_probe,8,6,probe_axis_power_w,0.000250000000,8,8,0.031370426485,4.016034479793,,,,,,7,False,25.035150000000,25.039966666667,0.018840793213,0.000752428846,"[25.019679999999997, 25.06507, 25.03515]"
2026-06-03T08:39:37,delta_current_probe,8,6,probe_axis_power_w,0.000250000000,8,8,0.031370426485,4.016034479793,,,,,,8,True,81.709440000000,81.711263333333,0.050129060323,0.000613490213,"[81.70944, 81.65079999999999, 81.77355]"
2026-06-03T08:39:50,delta_current_probe,8,7,probe_axis_power_w,0.000500000000,8,8,0.031620426485,4.032005194165,,,,,,1,False,0.204930200000,0.204915066667,0.000044577747,0.000217542556,"[0.2049605, 0.2049302, 0.2048545]"
2026-06-03T08:39:50,delta_current_probe,8,7,probe_axis_power_w,0.000500000000,8,8,0.031620426485,4.032005194165,,,,,,2,False,0.037033960000,0.037027936667,0.000021752027,0.000587449077,"[0.03703396, 0.0369988, 0.03705105]"
2026-06-03T08:39:50,delta_current_probe,8,7,probe_axis_power_w,0.000500000000,8,8,0.031620426485,4.032005194165,,,,,,3,False,0.158210400000,0.158240233333,0.000091742187,0.000579765241,"[0.1581458, 0.1583645, 0.1582104]"
2026-06-03T08:39:50,delta_current_probe,8,7,probe_axis_power_w,0.000500000000,8,8,0.031620426485,4.032005194165,,,,,,4,False,0.046513820000,0.046532680000,0.000061556125,0.001322857925,"[0.04651382, 0.04661571, 0.04646851]"
2026-06-03T08:39:50,delta_current_probe,8,7,probe_axis_power_w,0.000500000000,8,8,0.031620426485,4.032005194165,,,,,,5,False,0.105670100000,0.105653233333,0.000188579980,0.001784895494,"[0.1056701, 0.1058753, 0.1054143]"
2026-06-03T08:39:50,delta_current_probe,8,7,probe_axis_power_w,0.000500000000,8,8,0.031620426485,4.032005194165,,,,,,6,False,0.223278200000,0.223034966667,0.000513168889,0.002300845006,"[0.2223212, 0.2235055, 0.2232782]"
2026-06-03T08:39:50,delta_current_probe,8,7,probe_axis_power_w,0.000500000000,8,8,0.031620426485,4.032005194165,,,,,,7,False,25.666860000000,25.664196666667,0.020112941660,0.000783696522,"[25.66686, 25.68739, 25.63834]"
2026-06-03T08:39:50,delta_current_probe,8,7,probe_axis_power_w,0.000500000000,8,8,0.031620426485,4.032005194165,,,,,,8,True,82.702120000000,82.754226666667,0.076156791920,0.000920276764,"[82.69865, 82.86191, 82.70212000000001]"
2026-06-03T08:40:03,delta_current_probe,8,8,probe_axis_power_w,0.000750000000,8,8,0.031870426485,4.047912897860,,,,,,1,False,0.204355300000,0.204544633333,0.000313805771,0.001534167709,"[0.20435530000000002, 0.2049869, 0.20429170000000002]"
2026-06-03T08:40:03,delta_current_probe,8,8,probe_axis_power_w,0.000750000000,8,8,0.031870426485,4.047912897860,,,,,,2,False,0.037147740000,0.037148896667,0.000017039512,0.000458681499,"[0.03717032, 0.03714774, 0.03712863]"
2026-06-03T08:40:03,delta_current_probe,8,8,probe_axis_power_w,0.000750000000,8,8,0.031870426485,4.047912897860,,,,,,3,False,0.158271700000,0.158129266667,0.000223272395,0.001411961235,"[0.1582717, 0.1583021, 0.157814]"
2026-06-03T08:40:03,delta_current_probe,8,8,probe_axis_power_w,0.000750000000,8,8,0.031870426485,4.047912897860,,,,,,4,False,0.046743340000,0.046724946667,0.000130781549,0.002798966260,"[0.04674334, 0.04687513, 0.04655637]"
2026-06-03T08:40:03,delta_current_probe,8,8,probe_axis_power_w,0.000750000000,8,8,0.031870426485,4.047912897860,,,,,,5,False,0.106026500000,0.106040100000,0.000034124576,0.000321808219,"[0.106087, 0.1060068, 0.1060265]"
2026-06-03T08:40:03,delta_current_probe,8,8,probe_axis_power_w,0.000750000000,8,8,0.031870426485,4.047912897860,,,,,,6,False,0.230640800000,0.230914433333,0.000425221874,0.001841469448,"[0.231515, 0.2306408, 0.2305875]"
2026-06-03T08:40:03,delta_current_probe,8,8,probe_axis_power_w,0.000750000000,8,8,0.031870426485,4.047912897860,,,,,,7,False,26.277100000000,26.287423333333,0.018406727635,0.000700210416,"[26.2771, 26.31328, 26.271890000000003]"
2026-06-03T08:40:03,delta_current_probe,8,8,probe_axis_power_w,0.000750000000,8,8,0.031870426485,4.047912897860,,,,,,8,True,83.619930000000,83.623943333333,0.037608908815,0.000449738524,"[83.58001999999999, 83.67188, 83.61993]"
2026-06-03T08:40:16,delta_current_probe,8,9,probe_axis_power_w,0.001000000000,8,8,0.032120426485,4.063758330850,,,,,,1,False,0.204195700000,0.204155266667,0.000189594907,0.000928679972,"[0.2043646, 0.2041957, 0.20390550000000002]"
2026-06-03T08:40:16,delta_current_probe,8,9,probe_axis_power_w,0.001000000000,8,8,0.032120426485,4.063758330850,,,,,,2,False,0.037145680000,0.037128830000,0.000025682680,0.000691718007,"[0.03714568, 0.03709254, 0.037148270000000004]"
2026-06-03T08:40:16,delta_current_probe,8,9,probe_axis_power_w,0.001000000000,8,8,0.032120426485,4.063758330850,,,,,,3,False,0.158085400000,0.158165033333,0.000117244768,0.000741281213,"[0.1580789, 0.1580854, 0.1583308]"
2026-06-03T08:40:16,delta_current_probe,8,9,probe_axis_power_w,0.001000000000,8,8,0.032120426485,4.063758330850,,,,,,4,False,0.046733240000,0.046779316667,0.000123466528,0.002639340143,"[0.04694821, 0.0466565, 0.04673324]"
2026-06-03T08:40:16,delta_current_probe,8,9,probe_axis_power_w,0.001000000000,8,8,0.032120426485,4.063758330850,,,,,,5,False,0.106674300000,0.106618733333,0.000123928322,0.001162350346,"[0.10673490000000001, 0.106447, 0.1066743]"
2026-06-03T08:40:16,delta_current_probe,8,9,probe_axis_power_w,0.001000000000,8,8,0.032120426485,4.063758330850,,,,,,6,False,0.239179200000,0.239205266667,0.000085297922,0.000356588814,"[0.2391792, 0.23932029999999999, 0.2391163]"
2026-06-03T08:40:16,delta_current_probe,8,9,probe_axis_power_w,0.001000000000,8,8,0.032120426485,4.063758330850,,,,,,7,False,26.887200000000,26.899853333333,0.025251356839,0.000938717268,"[26.9351, 26.877260000000003, 26.8872]"
2026-06-03T08:40:16,delta_current_probe,8,9,probe_axis_power_w,0.001000000000,8,8,0.032120426485,4.063758330850,,,,,,8,True,84.553540000000,84.567610000000,0.053479215277,0.000632384139,"[84.639, 84.51029, 84.55354]"
2026-06-03T08:40:29,sigma_current_sync,7,1,dp,0.000000000000,5,1,,,0.031901135489,0.036905118519,4.039000000000,4.345000000000,6,1,True,7.928074000000,7.923818666667,0.011753244129,0.001483280300,"[7.907776, 7.935606000000001, 7.9280740000000005]"
2026-06-03T08:40:29,sigma_current_sync,7,1,dp,0.000000000000,5,1,,,0.031901135489,0.036905118519,4.039000000000,4.345000000000,6,2,False,9.378134000000,9.379860666667,0.005116993214,0.000545529768,"[9.38681, 9.374638000000001, 9.378134000000001]"
2026-06-03T08:40:29,sigma_current_sync,7,1,dp,0.000000000000,5,1,,,0.031901135489,0.036905118519,4.039000000000,4.345000000000,6,3,False,67.096570000000,67.146276666667,0.081796805697,0.001218188256,"[67.09657, 67.26159000000001, 67.08067]"
2026-06-03T08:40:29,sigma_current_sync,7,1,dp,0.000000000000,5,1,,,0.031901135489,0.036905118519,4.039000000000,4.345000000000,6,4,False,30.612580000000,30.606650000000,0.008799594688,0.000287505973,"[30.613159999999997, 30.612579999999998, 30.59421]"
2026-06-03T08:40:29,sigma_current_sync,7,1,dp,0.000000000000,5,1,,,0.031901135489,0.036905118519,4.039000000000,4.345000000000,6,5,False,3.025353000000,3.024658666667,0.001178764985,0.000389718350,"[3.022999, 3.025353, 3.025624]"
2026-06-03T08:40:29,sigma_current_sync,7,1,dp,0.000000000000,5,1,,,0.031901135489,0.036905118519,4.039000000000,4.345000000000,6,6,False,19.309310000000,19.321643333333,0.027521679132,0.001424396396,"[19.29584, 19.30931, 19.35978]"
2026-06-03T08:40:29,sigma_current_sync,7,1,dp,0.000000000000,5,1,,,0.031901135489,0.036905118519,4.039000000000,4.345000000000,6,7,False,8.372754000000,8.366360000000,0.010466427216,0.001251013250,"[8.372754, 8.374724, 8.351602]"
2026-06-03T08:40:29,sigma_current_sync,7,1,dp,0.000000000000,5,1,,,0.031901135489,0.036905118519,4.039000000000,4.345000000000,6,8,False,1.363695000000,1.362833666667,0.001719182428,0.001261476342,"[1.3643720000000001, 1.363695, 1.360434]"
2026-06-03T08:40:43,sigma_current_sync,7,2,dp,0.785398163000,5,1,,,0.036243818532,0.041283314470,4.305144728949,4.595510444379,6,1,True,10.774630000000,10.779556666667,0.011443383338,0.001061582001,"[10.79537, 10.76867, 10.77463]"
2026-06-03T08:40:43,sigma_current_sync,7,2,dp,0.785398163000,5,1,,,0.036243818532,0.041283314470,4.305144728949,4.595510444379,6,2,False,11.622630000000,11.628120000000,0.007849038158,0.000675004915,"[11.62251, 11.62263, 11.63922]"
2026-06-03T08:40:43,sigma_current_sync,7,2,dp,0.785398163000,5,1,,,0.036243818532,0.041283314470,4.305144728949,4.595510444379,6,3,False,86.043270000000,86.032353333333,0.045400970866,0.000527719737,"[86.08169, 85.9721, 86.04326999999999]"
2026-06-03T08:40:43,sigma_current_sync,7,2,dp,0.785398163000,5,1,,,0.036243818532,0.041283314470,4.305144728949,4.595510444379,6,4,False,40.931500000000,40.934336666667,0.005868846186,0.000143372207,"[40.94251, 40.9315, 40.929]"
2026-06-03T08:40:43,sigma_current_sync,7,2,dp,0.785398163000,5,1,,,0.036243818532,0.041283314470,4.305144728949,4.595510444379,6,5,False,1.068860000000,1.068819666667,0.000288412128,0.000269841711,"[1.068448, 1.069151, 1.06886]"
2026-06-03T08:40:43,sigma_current_sync,7,2,dp,0.785398163000,5,1,,,0.036243818532,0.041283314470,4.305144728949,4.595510444379,6,6,False,0.365302700000,0.365413233333,0.000278355951,0.000761756625,"[0.3657957, 0.36530270000000004, 0.3651413]"
2026-06-03T08:40:43,sigma_current_sync,7,2,dp,0.785398163000,5,1,,,0.036243818532,0.041283314470,4.305144728949,4.595510444379,6,7,False,3.005097000000,3.006648666667,0.002492866400,0.000829117957,"[3.005097, 3.004683, 3.010166]"
2026-06-03T08:40:43,sigma_current_sync,7,2,dp,0.785398163000,5,1,,,0.036243818532,0.041283314470,4.305144728949,4.595510444379,6,8,False,0.465179000000,0.465156666667,0.000344352313,0.000740293191,"[0.4647242, 0.465179, 0.4655668]"
2026-06-03T08:40:56,sigma_current_sync,7,3,dp,1.570796327000,5,1,,,0.040586501580,0.045661510427,4.555767913011,4.833053640469,6,1,True,10.526200000000,10.524296666667,0.004310238457,0.000409551212,"[10.5262, 10.518329999999999, 10.52836]"
2026-06-03T08:40:56,sigma_current_sync,7,3,dp,1.570796327000,5,1,,,0.040586501580,0.045661510427,4.555767913011,4.833053640469,6,2,False,10.483770000000,10.484796666667,0.004404008275,0.000420037547,"[10.483770000000002, 10.47999, 10.49063]"
2026-06-03T08:40:56,sigma_current_sync,7,3,dp,1.570796327000,5,1,,,0.040586501580,0.045661510427,4.555767913011,4.833053640469,6,3,False,79.654820000000,79.676220000000,0.077515340847,0.000972879246,"[79.78003, 79.65482, 79.59380999999999]"
2026-06-03T08:40:56,sigma_current_sync,7,3,dp,1.570796327000,5,1,,,0.040586501580,0.045661510427,4.555767913011,4.833053640469,6,4,False,39.718920000000,39.721690000000,0.033146445762,0.000834467158,"[39.68255, 39.71892, 39.7636]"
2026-06-03T08:40:56,sigma_current_sync,7,3,dp,1.570796327000,5,1,,,0.040586501580,0.045661510427,4.555767913011,4.833053640469,6,5,False,0.493726500000,0.493940666667,0.000424541779,0.000859499547,"[0.49453349999999996, 0.4937265, 0.49356200000000006]"
2026-06-03T08:40:56,sigma_current_sync,7,3,dp,1.570796327000,5,1,,,0.040586501580,0.045661510427,4.555767913011,4.833053640469,6,6,False,10.847150000000,10.846370000000,0.005920850164,0.000545883108,"[10.84715, 10.8532, 10.838759999999999]"
2026-06-03T08:40:56,sigma_current_sync,7,3,dp,1.570796327000,5,1,,,0.040586501580,0.045661510427,4.555767913011,4.833053640469,6,7,False,0.310249700000,0.310174433333,0.000308042598,0.000993126979,"[0.3097652, 0.3105084, 0.31024969999999996]"
2026-06-03T08:40:56,sigma_current_sync,7,3,dp,1.570796327000,5,1,,,0.040586501580,0.045661510427,4.555767913011,4.833053640469,6,8,False,0.005332276000,0.005333415667,0.000005229662,0.000980546433,"[0.0053322759999999995, 0.0053403140000000005, 0.0053276569999999995]"
2026-06-03T08:41:09,sigma_current_sync,7,4,dp,2.356194490000,5,1,,,0.044929184623,0.050039706378,4.793304853066,5.059456367639,6,1,True,7.190622000000,7.194271000000,0.005181692967,0.000720252680,"[7.190622, 7.201599000000001, 7.190592]"
2026-06-03T08:41:09,sigma_current_sync,7,4,dp,2.356194490000,5,1,,,0.044929184623,0.050039706378,4.793304853066,5.059456367639,6,2,False,6.614580000000,6.615063333333,0.004461383368,0.000674427914,"[6.620753, 6.609857, 6.614579999999999]"
2026-06-03T08:41:09,sigma_current_sync,7,4,dp,2.356194490000,5,1,,,0.044929184623,0.050039706378,4.793304853066,5.059456367639,6,3,False,50.580370000000,50.586620000000,0.016441064442,0.000325008163,"[50.570350000000005, 50.58037, 50.60914]"
2026-06-03T08:41:09,sigma_current_sync,7,4,dp,2.356194490000,5,1,,,0.044929184623,0.050039706378,4.793304853066,5.059456367639,6,4,False,27.591050000000,27.558546666667,0.048132262453,0.001746545746,"[27.4905, 27.59409, 27.59105]"
2026-06-03T08:41:09,sigma_current_sync,7,4,dp,2.356194490000,5,1,,,0.044929184623,0.050039706378,4.793304853066,5.059456367639,6,5,False,1.671570000000,1.671755000000,0.002623808809,0.001569493621,"[1.67157, 1.675057, 1.668638]"
2026-06-03T08:41:09,sigma_current_sync,7,4,dp,2.356194490000,5,1,,,0.044929184623,0.050039706378,4.793304853066,5.059456367639,6,6,False,45.610100000000,45.617193333333,0.018178678598,0.000398504977,"[45.59934, 45.610099999999996, 45.64214]"
2026-06-03T08:41:09,sigma_current_sync,7,4,dp,2.356194490000,5,1,,,0.044929184623,0.050039706378,4.793304853066,5.059456367639,6,7,False,3.576537000000,3.577665333333,0.003276036664,0.000915691200,"[3.576537, 3.574338, 3.582121]"
2026-06-03T08:41:09,sigma_current_sync,7,4,dp,2.356194490000,5,1,,,0.044929184623,0.050039706378,4.793304853066,5.059456367639,6,8,False,0.607368600000,0.608124366667,0.001280479067,0.002105620392,"[0.6073686, 0.6070771, 0.6099273999999999]"
2026-06-03T08:41:22,sigma_current_sync,7,5,dp,3.141592654000,5,1,,,0.049271867671,0.054417902335,5.019613685778,5.276152952985,6,1,True,3.213507000000,3.214707000000,0.002618543616,0.000814551253,"[3.212273, 3.213507, 3.2183409999999997]"
2026-06-03T08:41:22,sigma_current_sync,7,5,dp,3.141592654000,5,1,,,0.049271867671,0.054417902335,5.019613685778,5.276152952985,6,2,False,2.724100000000,2.722300000000,0.005190540691,0.001906674757,"[2.727563, 2.7152369999999997, 2.7241]"
2026-06-03T08:41:22,sigma_current_sync,7,5,dp,3.141592654000,5,1,,,0.049271867671,0.054417902335,5.019613685778,5.276152952985,6,3,False,19.539130000000,19.535413333333,0.006712646440,0.000343614252,"[19.53913, 19.525989999999997, 19.54112]"
2026-06-03T08:41:22,sigma_current_sync,7,5,dp,3.141592654000,5,1,,,0.049271867671,0.054417902335,5.019613685778,5.276152952985,6,4,False,13.187800000000,13.188990000000,0.010822763048,0.000820590739,"[13.2028, 13.1878, 13.176369999999999]"
2026-06-03T08:41:22,sigma_current_sync,7,5,dp,3.141592654000,5,1,,,0.049271867671,0.054417902335,5.019613685778,5.276152952985,6,5,False,3.935344000000,3.937173666667,0.005226966382,0.001327593554,"[3.9318859999999995, 3.944291, 3.9353439999999997]"
2026-06-03T08:41:22,sigma_current_sync,7,5,dp,3.141592654000,5,1,,,0.049271867671,0.054417902335,5.019613685778,5.276152952985,6,6,False,84.232430000000,84.227390000000,0.032999834343,0.000391794574,"[84.26505, 84.23243000000001, 84.18469]"
2026-06-03T08:41:22,sigma_current_sync,7,5,dp,3.141592654000,5,1,,,0.049271867671,0.054417902335,5.019613685778,5.276152952985,6,7,False,9.297393000000,9.297307000000,0.002177629139,0.000234221494,"[9.297393, 9.294598, 9.29993]"
2026-06-03T08:41:22,sigma_current_sync,7,5,dp,3.141592654000,5,1,,,0.049271867671,0.054417902335,5.019613685778,5.276152952985,6,8,False,1.515843000000,1.516388333333,0.001415454069,0.000933437721,"[1.5149929999999998, 1.515843, 1.518329]"
2026-06-03T08:41:37,sigma_current_sync,7,6,dp,3.926990817000,5,1,,,0.053614550714,0.023770530658,5.236150464955,3.487112166743,6,1,True,0.582138900000,0.582182733333,0.000498089245,0.000855554822,"[0.5815958, 0.5821389, 0.5828135]"
2026-06-03T08:41:37,sigma_current_sync,7,6,dp,3.926990817000,5,1,,,0.053614550714,0.023770530658,5.236150464955,3.487112166743,6,2,False,0.569091500000,0.568792966667,0.000597199717,0.001049942162,"[0.5690915, 0.5693279, 0.5679595000000001]"
2026-06-03T08:41:37,sigma_current_sync,7,6,dp,3.926990817000,5,1,,,0.053614550714,0.023770530658,5.236150464955,3.487112166743,6,3,False,1.445292000000,1.444555333333,0.001067361024,0.000738885524,"[1.445292, 1.4453280000000002, 1.443046]"
2026-06-03T08:41:37,sigma_current_sync,7,6,dp,3.926990817000,5,1,,,0.053614550714,0.023770530658,5.236150464955,3.487112166743,6,4,False,3.328362000000,3.327284000000,0.001831786560,0.000550535079,"[3.328362, 3.328785, 3.3247050000000002]"
2026-06-03T08:41:37,sigma_current_sync,7,6,dp,3.926990817000,5,1,,,0.053614550714,0.023770530658,5.236150464955,3.487112166743,6,5,False,5.586071000000,5.588226333333,0.005134466628,0.000918800765,"[5.595309, 5.583299, 5.586071]"
2026-06-03T08:41:37,sigma_current_sync,7,6,dp,3.926990817000,5,1,,,0.053614550714,0.023770530658,5.236150464955,3.487112166743,6,6,False,107.190100000000,107.202200000000,0.047761979300,0.000445531708,"[107.1507, 107.2658, 107.1901]"
2026-06-03T08:41:37,sigma_current_sync,7,6,dp,3.926990817000,5,1,,,0.053614550714,0.023770530658,5.236150464955,3.487112166743,6,7,False,12.975040000000,12.979086666667,0.011475008594,0.000884115261,"[12.994720000000001, 12.967500000000001, 12.97504]"
2026-06-03T08:41:37,sigma_current_sync,7,6,dp,3.926990817000,5,1,,,0.053614550714,0.023770530658,5.236150464955,3.487112166743,6,8,False,2.011673000000,2.011386666667,0.001977739506,0.000983271660,"[2.008834, 2.013653, 2.011673]"
2026-06-03T08:41:49,sigma_current_sync,7,7,dp,4.712388980000,5,1,,,0.023215769397,0.028148726609,3.445579881858,3.794686088182,6,1,True,0.645577000000,0.645473866667,0.000448831909,0.000695352565,"[0.645577, 0.6459647, 0.6448799]"
2026-06-03T08:41:49,sigma_current_sync,7,7,dp,4.712388980000,5,1,,,0.023215769397,0.028148726609,3.445579881858,3.794686088182,6,2,False,1.368712000000,1.368222666667,0.001040637412,0.000760576065,"[1.36918, 1.366776, 1.368712]"
2026-06-03T08:41:49,sigma_current_sync,7,7,dp,4.712388980000,5,1,,,0.023215769397,0.028148726609,3.445579881858,3.794686088182,6,3,False,6.509589000000,6.508679333333,0.002670589240,0.000410312001,"[6.509589, 6.511399, 6.50505]"
2026-06-03T08:41:49,sigma_current_sync,7,7,dp,4.712388980000,5,1,,,0.023215769397,0.028148726609,3.445579881858,3.794686088182,6,4,False,3.538485000000,3.537750333333,0.001691082953,0.000478010824,"[3.539354, 3.535412, 3.538485]"
2026-06-03T08:41:49,sigma_current_sync,7,7,dp,4.712388980000,5,1,,,0.023215769397,0.028148726609,3.445579881858,3.794686088182,6,5,False,6.537613000000,6.534366333333,0.009450700762,0.001446307152,"[6.521515, 6.5376129999999995, 6.543971]"
2026-06-03T08:41:49,sigma_current_sync,7,7,dp,4.712388980000,5,1,,,0.023215769397,0.028148726609,3.445579881858,3.794686088182,6,6,False,95.821310000000,95.757690000000,0.091155684774,0.000951941142,"[95.82298, 95.82131, 95.62878]"
2026-06-03T08:41:49,sigma_current_sync,7,7,dp,4.712388980000,5,1,,,0.023215769397,0.028148726609,3.445579881858,3.794686088182,6,7,False,16.561380000000,16.559806666667,0.007925008237,0.000478568886,"[16.568630000000002, 16.549409999999998, 16.56138]"
2026-06-03T08:41:49,sigma_current_sync,7,7,dp,4.712388980000,5,1,,,0.023215769397,0.028148726609,3.445579881858,3.794686088182,6,8,False,2.749760000000,2.749308666667,0.004244732605,0.001543927263,"[2.743899, 2.74976, 2.754267]"
2026-06-03T08:42:02,sigma_current_sync,7,8,dp,5.497787144000,5,1,,,0.027558452445,0.032526922566,3.754033945277,4.079133946696,6,1,True,3.528592000000,3.529069000000,0.000718866237,0.000203698550,"[3.52853, 3.530085, 3.528592]"
2026-06-03T08:42:02,sigma_current_sync,7,8,dp,5.497787144000,5,1,,,0.027558452445,0.032526922566,3.754033945277,4.079133946696,6,2,False,4.917872000000,4.920535666667,0.004398759850,0.000893959550,"[4.917872, 4.926736, 4.916999000000001]"
2026-06-03T08:42:02,sigma_current_sync,7,8,dp,5.497787144000,5,1,,,0.027558452445,0.032526922566,3.754033945277,4.079133946696,6,3,False,32.498100000000,32.492810000000,0.007594607736,0.000233731947,"[32.48207, 32.498259999999995, 32.4981]"
2026-06-03T08:42:02,sigma_current_sync,7,8,dp,5.497787144000,5,1,,,0.027558452445,0.032526922566,3.754033945277,4.079133946696,6,4,False,14.164070000000,14.167413333333,0.015164045927,0.001070346828,"[14.16407, 14.187429999999999, 14.150739999999999]"
2026-06-03T08:42:02,sigma_current_sync,7,8,dp,5.497787144000,5,1,,,0.027558452445,0.032526922566,3.754033945277,4.079133946696,6,5,False,5.333705000000,5.334838333333,0.001808048365,0.000338913431,"[5.333705, 5.33739, 5.33342]"
2026-06-03T08:42:02,sigma_current_sync,7,8,dp,5.497787144000,5,1,,,0.027558452445,0.032526922566,3.754033945277,4.079133946696,6,6,False,60.297570000000,60.296760000000,0.012713512497,0.000210849016,"[60.311910000000005, 60.29757, 60.2808]"
2026-06-03T08:42:02,sigma_current_sync,7,8,dp,5.497787144000,5,1,,,0.027558452445,0.032526922566,3.754033945277,4.079133946696,6,7,False,14.403650000000,14.404373333333,0.002029192505,0.000140873362,"[14.40233, 14.40714, 14.40365]"
2026-06-03T08:42:02,sigma_current_sync,7,8,dp,5.497787144000,5,1,,,0.027558452445,0.032526922566,3.754033945277,4.079133946696,6,8,False,2.381039000000,2.380417000000,0.000923828267,0.000388095139,"[2.381101, 2.379111, 2.3810390000000003]"
2026-06-03T08:42:17,sigma_current_sync,7,9,dp,6.283185307000,5,1,,,0.031901135488,0.036905118518,4.038999999937,4.344999999941,6,1,True,7.853793000000,7.850960666667,0.004638755892,0.000590852010,"[7.84442, 7.8537930000000005, 7.8546689999999995]"
2026-06-03T08:42:17,sigma_current_sync,7,9,dp,6.283185307000,5,1,,,0.031901135488,0.036905118518,4.038999999937,4.344999999941,6,2,False,9.352702000000,9.358322333333,0.010632693993,0.001136175226,"[9.352702, 9.373211000000001, 9.349054]"
2026-06-03T08:42:17,sigma_current_sync,7,9,dp,6.283185307000,5,1,,,0.031901135488,0.036905118518,4.038999999937,4.344999999941,6,3,False,66.235610000000,66.197713333333,0.061793613658,0.000933470517,"[66.11057, 66.23561, 66.24696]"
2026-06-03T08:42:17,sigma_current_sync,7,9,dp,6.283185307000,5,1,,,0.031901135488,0.036905118518,4.038999999937,4.344999999941,6,4,False,30.202070000000,30.214923333333,0.028003091893,0.000926796722,"[30.202070000000003, 30.253790000000002, 30.18891]"
2026-06-03T08:42:17,sigma_current_sync,7,9,dp,6.283185307000,5,1,,,0.031901135488,0.036905118518,4.038999999937,4.344999999941,6,5,False,3.036786000000,3.036952666667,0.000705567069,0.000232327318,"[3.0378879999999997, 3.0367859999999998, 3.036184]"
2026-06-03T08:42:17,sigma_current_sync,7,9,dp,6.283185307000,5,1,,,0.031901135488,0.036905118518,4.038999999937,4.344999999941,6,6,False,19.537100000000,19.540576666667,0.012119725886,0.000620233788,"[19.556849999999997, 19.52778, 19.5371]"
2026-06-03T08:42:17,sigma_current_sync,7,9,dp,6.283185307000,5,1,,,0.031901135488,0.036905118518,4.038999999937,4.344999999941,6,7,False,8.369746000000,8.364735666667,0.012734283394,0.001522377263,"[8.34725, 8.369746, 8.377211]"
2026-06-03T08:42:17,sigma_current_sync,7,9,dp,6.283185307000,5,1,,,0.031901135488,0.036905118518,4.038999999937,4.344999999941,6,8,False,1.360887000000,1.360071333333,0.001608118224,0.001182377854,"[1.360887, 1.361502, 1.357825]"
2026-06-03T08:42:32,sigma_current_sync,8,1,dp,0.000000000000,7,1,,,0.031120426485,0.037625082991,4.000000000000,4.396000000000,7,1,True,3.994044000000,3.991898333333,0.008669047481,0.002171660387,"[3.980372, 3.9940439999999997, 4.001279]"
2026-06-03T08:42:32,sigma_current_sync,8,1,dp,0.000000000000,7,1,,,0.031120426485,0.037625082991,4.000000000000,4.396000000000,7,2,False,0.314806900000,0.314857900000,0.000126342497,0.000401268310,"[0.3148069, 0.3147351, 0.3150317]"
2026-06-03T08:42:32,sigma_current_sync,8,1,dp,0.000000000000,7,1,,,0.031120426485,0.037625082991,4.000000000000,4.396000000000,7,3,False,13.304500000000,13.314726666667,0.016145606902,0.001212612719,"[13.30216, 13.304499999999999, 13.33752]"
2026-06-03T08:42:32,sigma_current_sync,8,1,dp,0.000000000000,7,1,,,0.031120426485,0.037625082991,4.000000000000,4.396000000000,7,4,False,1.994832000000,1.995019333333,0.000772417993,0.000387173187,"[1.9960449999999998, 1.994832, 1.994181]"
2026-06-03T08:42:32,sigma_current_sync,8,1,dp,0.000000000000,7,1,,,0.031120426485,0.037625082991,4.000000000000,4.396000000000,7,5,False,111.442100000000,111.445566666667,0.009309970760,0.000083538278,"[111.4583, 111.4363, 111.4421]"
2026-06-03T08:42:32,sigma_current_sync,8,1,dp,0.000000000000,7,1,,,0.031120426485,0.037625082991,4.000000000000,4.396000000000,7,6,False,5.840890000000,5.842000000000,0.003889784141,0.000665830904,"[5.8378890000000006, 5.847220999999999, 5.840890000000001]"
2026-06-03T08:42:32,sigma_current_sync,8,1,dp,0.000000000000,7,1,,,0.031120426485,0.037625082991,4.000000000000,4.396000000000,7,7,False,2.144084000000,2.144755333333,0.002039290290,0.000950826539,"[2.14752, 2.142662, 2.144084]"
2026-06-03T08:42:32,sigma_current_sync,8,1,dp,0.000000000000,7,1,,,0.031120426485,0.037625082991,4.000000000000,4.396000000000,7,8,False,3.262407000000,3.264055666667,0.002553907507,0.000782433809,"[3.267663, 3.262407, 3.2620970000000002]"
2026-06-03T08:42:45,sigma_current_sync,8,2,dp,0.785398163000,7,1,,,0.035449400259,0.041980655261,4.269152486795,4.643479761275,7,1,True,3.930105000000,3.923150666667,0.013666952119,0.003483667409,"[3.904056, 3.930105, 3.935291]"
2026-06-03T08:42:45,sigma_current_sync,8,2,dp,0.785398163000,7,1,,,0.035449400259,0.041980655261,4.269152486795,4.643479761275,7,2,False,0.171056100000,0.171062466667,0.000064456514,0.000376801033,"[0.1709869, 0.17105610000000002, 0.1711444]"
2026-06-03T08:42:45,sigma_current_sync,8,2,dp,0.785398163000,7,1,,,0.035449400259,0.041980655261,4.269152486795,4.643479761275,7,3,False,13.136980000000,13.137916666667,0.011543865134,0.000878667861,"[13.124270000000001, 13.13698, 13.1525]"
2026-06-03T08:42:45,sigma_current_sync,8,2,dp,0.785398163000,7,1,,,0.035449400259,0.041980655261,4.269152486795,4.643479761275,7,4,False,1.956762000000,1.957130666667,0.000543441094,0.000277672361,"[1.956762, 1.957899, 1.956731]"
2026-06-03T08:42:45,sigma_current_sync,8,2,dp,0.785398163000,7,1,,,0.035449400259,0.041980655261,4.269152486795,4.643479761275,7,5,False,107.691700000000,107.653966666667,0.059986072458,0.000557211911,"[107.5693, 107.6917, 107.7009]"
2026-06-03T08:42:45,sigma_current_sync,8,2,dp,0.785398163000,7,1,,,0.035449400259,0.041980655261,4.269152486795,4.643479761275,7,6,False,5.204331000000,5.203305000000,0.005001681584,0.000961250894,"[5.196731000000001, 5.204331, 5.208853]"
2026-06-03T08:42:45,sigma_current_sync,8,2,dp,0.785398163000,7,1,,,0.035449400259,0.041980655261,4.269152486795,4.643479761275,7,7,False,0.670891200000,0.671363666667,0.001028311812,0.001531676292,"[0.672791, 0.6704088, 0.6708911999999999]"
2026-06-03T08:42:45,sigma_current_sync,8,2,dp,0.785398163000,7,1,,,0.035449400259,0.041980655261,4.269152486795,4.643479761275,7,8,False,7.215199000000,7.217986000000,0.004659012556,0.000645472651,"[7.215199, 7.22455, 7.214209]"
2026-06-03T08:43:01,sigma_current_sync,8,3,dp,1.570796327000,7,1,,,0.039778374038,0.046336227536,4.522314221043,4.878421116467,7,1,True,2.722084000000,2.715442000000,0.009492373500,0.003495701068,"[2.7020180000000003, 2.722224, 2.722084]"
2026-06-03T08:43:01,sigma_current_sync,8,3,dp,1.570796327000,7,1,,,0.039778374038,0.046336227536,4.522314221043,4.878421116467,7,2,False,0.072759530000,0.072785370000,0.000087098677,0.001196650874,"[0.07290258999999999, 0.07269399, 0.07275953]"
2026-06-03T08:43:01,sigma_current_sync,8,3,dp,1.570796327000,7,1,,,0.039778374038,0.046336227536,4.522314221043,4.878421116467,7,3,False,9.079510000000,9.076254666667,0.012570232598,0.001384958120,"[9.059492, 9.07951, 9.089762]"
2026-06-03T08:43:01,sigma_current_sync,8,3,dp,1.570796327000,7,1,,,0.039778374038,0.046336227536,4.522314221043,4.878421116467,7,4,False,1.367542000000,1.368047333333,0.001020706400,0.000746104594,"[1.369471, 1.367129, 1.367542]"
2026-06-03T08:43:01,sigma_current_sync,8,3,dp,1.570796327000,7,1,,,0.039778374038,0.046336227536,4.522314221043,4.878421116467,7,5,False,73.132250000000,73.126433333333,0.037089497465,0.000507196861,"[73.13225, 73.16866999999999, 73.07838]"
2026-06-03T08:43:01,sigma_current_sync,8,3,dp,1.570796327000,7,1,,,0.039778374038,0.046336227536,4.522314221043,4.878421116467,7,6,False,3.184876000000,3.184648000000,0.000758705916,0.000238238548,"[3.184876, 3.1836260000000003, 3.185442]"
2026-06-03T08:43:01,sigma_current_sync,8,3,dp,1.570796327000,7,1,,,0.039778374038,0.046336227536,4.522314221043,4.878421116467,7,7,False,6.569298000000,6.569711333333,0.000647035462,0.000098487655,"[6.570625000000001, 6.569211, 6.569298000000001]"
2026-06-03T08:43:01,sigma_current_sync,8,3,dp,1.570796327000,7,1,,,0.039778374038,0.046336227536,4.522314221043,4.878421116467,7,8,False,33.074100000000,33.068290000000,0.012728631767,0.000384919564,"[33.08014, 33.05063, 33.0741]"
2026-06-03T08:43:14,sigma_current_sync,8,4,dp,2.356194490000,7,1,,,0.044107347813,0.050691799806,4.762036210421,5.102556308652,7,1,True,1.164437000000,1.163797000000,0.001021790585,0.000877980082,"[1.164437, 1.164599, 1.1623549999999998]"
2026-06-03T08:43:14,sigma_current_sync,8,4,dp,2.356194490000,7,1,,,0.044107347813,0.050691799806,4.762036210421,5.102556308652,7,2,False,0.082307710000,0.082307563333,0.000018167345,0.000220725097,"[0.08230771, 0.08228524, 0.08232974000000001]"
2026-06-03T08:43:14,sigma_current_sync,8,4,dp,2.356194490000,7,1,,,0.044107347813,0.050691799806,4.762036210421,5.102556308652,7,3,False,3.853177000000,3.853958000000,0.002427014764,0.000629746034,"[3.853177, 3.8572430000000004, 3.8514540000000004]"
2026-06-03T08:43:14,sigma_current_sync,8,4,dp,2.356194490000,7,1,,,0.044107347813,0.050691799806,4.762036210421,5.102556308652,7,4,False,0.601852700000,0.601841566667,0.000669818410,0.001112948070,"[0.6018526999999999, 0.6026563, 0.6010157]"
2026-06-03T08:43:14,sigma_current_sync,8,4,dp,2.356194490000,7,1,,,0.044107347813,0.050691799806,4.762036210421,5.102556308652,7,5,False,30.171780000000,30.147650000000,0.041680717364,0.001382552782,"[30.18216, 30.089010000000002, 30.17178]"
2026-06-03T08:43:14,sigma_current_sync,8,4,dp,2.356194490000,7,1,,,0.044107347813,0.050691799806,4.762036210421,5.102556308652,7,6,False,1.080927000000,1.080732000000,0.000564558234,0.000522385045,"[1.080927, 1.081305, 1.0799640000000001]"
2026-06-03T08:43:14,sigma_current_sync,8,4,dp,2.356194490000,7,1,,,0.044107347813,0.050691799806,4.762036210421,5.102556308652,7,7,False,16.256520000000,16.254396666667,0.008924947557,0.000549078981,"[16.26411, 16.256520000000002, 16.24256]"
2026-06-03T08:43:14,sigma_current_sync,8,4,dp,2.356194490000,7,1,,,0.044107347813,0.050691799806,4.762036210421,5.102556308652,7,8,False,64.310380000000,64.323966666667,0.044559116040,0.000692729605,"[64.38405, 64.27747, 64.31038]"
2026-06-03T08:43:29,sigma_current_sync,8,5,dp,3.141592654000,7,1,,,0.048436321592,0.020202793903,4.990255687608,3.221251747869,7,1,True,0.198059900000,0.198304366667,0.000348560328,0.001757703745,"[0.19805589999999998, 0.1987973, 0.19805989999999998]"
2026-06-03T08:43:29,sigma_current_sync,8,5,dp,3.141592654000,7,1,,,0.048436321592,0.020202793903,4.990255687608,3.221251747869,7,2,False,0.169128500000,0.169220500000,0.000184153921,0.001088248298,"[0.1694775, 0.1691285, 0.1690555]"
2026-06-03T08:43:29,sigma_current_sync,8,5,dp,3.141592654000,7,1,,,0.048436321592,0.020202793903,4.990255687608,3.221251747869,7,3,False,0.556417400000,0.556349566667,0.000306815192,0.000551479161,"[0.5559445, 0.5564174, 0.5566867999999999]"
2026-06-03T08:43:29,sigma_current_sync,8,5,dp,3.141592654000,7,1,,,0.048436321592,0.020202793903,4.990255687608,3.221251747869,7,4,False,0.086500920000,0.086435486667,0.000220640506,0.002552661116,"[0.08650092000000001, 0.08613855, 0.08666699]"
2026-06-03T08:43:29,sigma_current_sync,8,5,dp,3.141592654000,7,1,,,0.048436321592,0.020202793903,4.990255687608,3.221251747869,7,5,False,4.692733000000,4.692137000000,0.005595015699,0.001192423772,"[4.6927330000000005, 4.698671999999999, 4.685006]"
2026-06-03T08:43:29,sigma_current_sync,8,5,dp,3.141592654000,7,1,,,0.048436321592,0.020202793903,4.990255687608,3.221251747869,7,6,False,0.104926600000,0.104916933333,0.000018762433,0.000178831313,"[0.1049335, 0.10492660000000001, 0.1048907]"
2026-06-03T08:43:29,sigma_current_sync,8,5,dp,3.141592654000,7,1,,,0.048436321592,0.020202793903,4.990255687608,3.221251747869,7,7,False,24.087010000000,24.084926666667,0.009831386248,0.000408196644,"[24.08701, 24.07198, 24.09579]"
2026-06-03T08:43:29,sigma_current_sync,8,5,dp,3.141592654000,7,1,,,0.048436321592,0.020202793903,4.990255687608,3.221251747869,7,8,False,83.531140000000,83.533726666667,0.028000315871,0.000335197734,"[83.56924000000001, 83.53114000000001, 83.5008]"
2026-06-03T08:43:42,sigma_current_sync,8,6,dp,3.926990817000,7,1,,,0.052765295366,0.024558366174,5.208484883650,3.551556154212,7,1,True,0.142296400000,0.142412933333,0.000226046976,0.001587264381,"[0.142729, 0.1422134, 0.1422964]"
2026-06-03T08:43:42,sigma_current_sync,8,6,dp,3.926990817000,7,1,,,0.052765295366,0.024558366174,5.208484883650,3.551556154212,7,2,False,0.299480300000,0.299454966667,0.000136474230,0.000455742083,"[0.29960800000000004, 0.29948030000000003, 0.2992766]"
2026-06-03T08:43:42,sigma_current_sync,8,6,dp,3.926990817000,7,1,,,0.052765295366,0.024558366174,5.208484883650,3.551556154212,7,3,False,0.510318600000,0.510139366667,0.000571927002,0.001121119128,"[0.5107328, 0.5093667, 0.5103186000000001]"
2026-06-03T08:43:42,sigma_current_sync,8,6,dp,3.926990817000,7,1,,,0.052765295366,0.024558366174,5.208484883650,3.551556154212,7,4,False,0.142261700000,0.142244433333,0.000060681921,0.000426603135,"[0.142163, 0.1422617, 0.1423086]"
2026-06-03T08:43:42,sigma_current_sync,8,6,dp,3.926990817000,7,1,,,0.052765295366,0.024558366174,5.208484883650,3.551556154212,7,5,False,7.804314000000,7.804876666667,0.001869333987,0.000239508460,"[7.802921, 7.8073950000000005, 7.804314000000001]"
2026-06-03T08:43:42,sigma_current_sync,8,6,dp,3.926990817000,7,1,,,0.052765295366,0.024558366174,5.208484883650,3.551556154212,7,6,False,0.653489000000,0.653307200000,0.000509643294,0.000780097470,"[0.6538203, 0.653489, 0.6526123]"
2026-06-03T08:43:42,sigma_current_sync,8,6,dp,3.926990817000,7,1,,,0.052765295366,0.024558366174,5.208484883650,3.551556154212,7,7,False,25.629690000000,25.641600000000,0.031318994237,0.001221413416,"[25.62969, 25.610609999999998, 25.6845]"
2026-06-03T08:43:42,sigma_current_sync,8,6,dp,3.926990817000,7,1,,,0.052765295366,0.024558366174,5.208484883650,3.551556154212,7,8,False,80.433530000000,80.462530000000,0.048522500623,0.000603044680,"[80.53089, 80.43353, 80.42317]"
2026-06-03T08:43:55,sigma_current_sync,8,7,dp,4.712388980000,7,1,,,0.022462478930,0.028913938444,3.398334016197,3.853652736028,7,1,True,1.348864000000,1.348812000000,0.000183353938,0.000135937357,"[1.348864, 1.348566, 1.3490060000000001]"
2026-06-03T08:43:55,sigma_current_sync,8,7,dp,4.712388980000,7,1,,,0.022462478930,0.028913938444,3.398334016197,3.853652736028,7,2,False,0.435461900000,0.435935800000,0.000794259282,0.001821963880,"[0.43529080000000003, 0.4370547, 0.4354619]"
2026-06-03T08:43:55,sigma_current_sync,8,7,dp,4.712388980000,7,1,,,0.022462478930,0.028913938444,3.398334016197,3.853652736028,7,3,False,4.451942000000,4.449637000000,0.003438054198,0.000772659477,"[4.451942000000001, 4.444777, 4.452192]"
2026-06-03T08:43:55,sigma_current_sync,8,7,dp,4.712388980000,7,1,,,0.022462478930,0.028913938444,3.398334016197,3.853652736028,7,4,False,0.708061200000,0.706994566667,0.002663469555,0.003767312622,"[0.7033327, 0.7080612000000001, 0.7095898]"
2026-06-03T08:43:55,sigma_current_sync,8,7,dp,4.712388980000,7,1,,,0.022462478930,0.028913938444,3.398334016197,3.853652736028,7,5,False,40.218480000000,40.232983333333,0.028948391243,0.000719518883,"[40.27339, 40.207080000000005, 40.21848]"
2026-06-03T08:43:55,sigma_current_sync,8,7,dp,4.712388980000,7,1,,,0.022462478930,0.028913938444,3.398334016197,3.853652736028,7,6,False,2.622318000000,2.622410666667,0.001176764302,0.000448733799,"[2.622318, 2.621018, 2.623896]"
2026-06-03T08:43:55,sigma_current_sync,8,7,dp,4.712388980000,7,1,,,0.022462478930,0.028913938444,3.398334016197,3.853652736028,7,7,False,21.231420000000,21.246756666667,0.031043524642,0.001461094751,"[21.29005, 21.23142, 21.2188]"
2026-06-03T08:43:55,sigma_current_sync,8,7,dp,4.712388980000,7,1,,,0.022462478930,0.028913938444,3.398334016197,3.853652736028,7,8,False,56.859870000000,56.845793333333,0.035531817041,0.000625056226,"[56.88053, 56.85987, 56.79698]"
2026-06-03T08:44:08,sigma_current_sync,8,8,dp,5.497787144000,7,1,,,0.026791452709,0.033269510719,3.711379399089,4.133730483004,7,1,True,3.067884000000,3.067543000000,0.000616193152,0.000200875147,"[3.066678, 3.067884, 3.068067]"
2026-06-03T08:44:08,sigma_current_sync,8,8,dp,5.497787144000,7,1,,,0.026791452709,0.033269510719,3.711379399089,4.133730483004,7,2,False,0.434551100000,0.434609200000,0.000373811191,0.000860108786,"[0.4341832, 0.4345511, 0.4350933]"
2026-06-03T08:44:08,sigma_current_sync,8,8,dp,5.497787144000,7,1,,,0.026791452709,0.033269510719,3.711379399089,4.133730483004,7,3,False,10.035380000000,10.039233333333,0.008321579711,0.000828905897,"[10.03538, 10.03153, 10.05079]"
2026-06-03T08:44:08,sigma_current_sync,8,8,dp,5.497787144000,7,1,,,0.026791452709,0.033269510719,3.711379399089,4.133730483004,7,4,False,1.488522000000,1.487588666667,0.001535477631,0.001032192343,"[1.488522, 1.48882, 1.485424]"
2026-06-03T08:44:08,sigma_current_sync,8,8,dp,5.497787144000,7,1,,,0.026791452709,0.033269510719,3.711379399089,4.133730483004,7,5,False,85.069190000000,85.064413333333,0.049745543407,0.000584798525,"[85.00124, 85.06918999999999, 85.12281]"
2026-06-03T08:44:08,sigma_current_sync,8,8,dp,5.497787144000,7,1,,,0.026791452709,0.033269510719,3.711379399089,4.133730483004,7,6,False,4.866083000000,4.864629000000,0.003202791699,0.000658383548,"[4.860187, 4.866083, 4.867616999999999]"
2026-06-03T08:44:08,sigma_current_sync,8,8,dp,5.497787144000,7,1,,,0.026791452709,0.033269510719,3.711379399089,4.133730483004,7,7,False,10.146060000000,10.138353333333,0.013644215706,0.001345801952,"[10.11918, 10.14982, 10.14606]"
2026-06-03T08:44:08,sigma_current_sync,8,8,dp,5.497787144000,7,1,,,0.026791452709,0.033269510719,3.711379399089,4.133730483004,7,8,False,22.573820000000,22.580156666667,0.010385587235,0.000459943099,"[22.57185, 22.573819999999998, 22.5948]"
2026-06-03T08:44:21,sigma_current_sync,8,9,dp,6.283185307000,7,1,,,0.031120426484,0.037625082990,3.999999999936,4.395999999942,7,1,True,4.061680000000,4.065390333333,0.005851231228,0.001439279073,"[4.060840000000001, 4.06168, 4.073651]"
2026-06-03T08:44:21,sigma_current_sync,8,9,dp,6.283185307000,7,1,,,0.031120426484,0.037625082990,3.999999999936,4.395999999942,7,2,False,0.315892400000,0.316009733333,0.000232953348,0.000737171432,"[0.31580179999999997, 0.31589239999999996, 0.31633500000000003]"
2026-06-03T08:44:21,sigma_current_sync,8,9,dp,6.283185307000,7,1,,,0.031120426484,0.037625082990,3.999999999936,4.395999999942,7,3,False,13.415260000000,13.418576666667,0.007028676183,0.000523801917,"[13.42835, 13.41526, 13.41212]"
2026-06-03T08:44:21,sigma_current_sync,8,9,dp,6.283185307000,7,1,,,0.031120426484,0.037625082990,3.999999999936,4.395999999942,7,4,False,1.977576000000,1.978431666667,0.002034886456,0.001028535122,"[1.97648, 1.977576, 1.9812390000000002]"
2026-06-03T08:44:21,sigma_current_sync,8,9,dp,6.283185307000,7,1,,,0.031120426484,0.037625082990,3.999999999936,4.395999999942,7,5,False,111.272700000000,111.269233333333,0.087481134474,0.000786211353,"[111.2727, 111.1604, 111.3746]"
2026-06-03T08:44:21,sigma_current_sync,8,9,dp,6.283185307000,7,1,,,0.031120426484,0.037625082990,3.999999999936,4.395999999942,7,6,False,5.858013000000,5.856743666667,0.002232848903,0.000381244089,"[5.858013000000001, 5.858613, 5.853605]"
2026-06-03T08:44:21,sigma_current_sync,8,9,dp,6.283185307000,7,1,,,0.031120426484,0.037625082990,3.999999999936,4.395999999942,7,7,False,2.137894000000,2.136788000000,0.002139493398,0.001001266105,"[2.137894, 2.1337960000000002, 2.138674]"
2026-06-03T08:44:21,sigma_current_sync,8,9,dp,6.283185307000,7,1,,,0.031120426484,0.037625082990,3.999999999936,4.395999999942,7,8,False,3.243554000000,3.244723000000,0.002307466576,0.000711144395,"[3.2426690000000002, 3.2479459999999998, 3.243554]"
