sample_index,feature_0,feature_1,feature_2,feature_3,feature_4,feature_5,feature_6,feature_7,expected_input_power_0,expected_input_power_1,expected_input_power_2,expected_input_power_3,expected_input_power_4,expected_input_power_5,expected_input_power_6,expected_input_power_7,feature_sum,expected_input_power_sum,feature_min,feature_max,feature_valid,finite_ok,nonnegative_ok,sum_ok,upper_bound_ok,nonzero_ok,feature_validation_mode
0,0.0,1.0,0.0,0.0,0.0,0.0,0.0,0.0,0.0,120.0,0.0,0.0,0.0,0.0,0.0,0.0,1.0,120.0,0.0,1.0,True,True,True,True,True,True,bounded
1,0.0,0.0,1.0,0.0,0.0,0.0,0.0,0.0,0.0,0.0,120.0,0.0,0.0,0.0,0.0,0.0,1.0,120.0,0.0,1.0,True,True,True,True,True,True,bounded
2,0.0,0.0,0.0,1.0,0.0,0.0,0.0,0.0,0.0,0.0,0.0,120.0,0.0,0.0,0.0,0.0,1.0,120.0,0.0,1.0,True,True,True,True,True,True,bounded
3,0.0,0.0,0.0,0.0,1.0,0.0,0.0,0.0,0.0,0.0,0.0,0.0,120.0,0.0,0.0,0.0,1.0,120.0,0.0,1.0,True,True,True,True,True,True,bounded
4,0.0,0.0,0.0,0.0,0.968627450980392,0.0,0.0,0.0,0.0,0.0,0.0,0.0,116.23529411764704,0.0,0.0,0.0,0.968627450980392,116.23529411764704,0.0,0.968627450980392,True,True,True,True,True,True,bounded
5,0.0,0.0,0.0,0.968627450980392,0.0,0.0,0.0,0.0,0.0,0.0,0.0,116.23529411764704,0.0,0.0,0.0,0.0,0.968627450980392,116.23529411764704,0.0,0.968627450980392,True,True,True,True,True,True,bounded
6,0.0,0.0,0.0,0.0,0.9372549019607842,0.0,0.0,0.0,0.0,0.0,0.0,0.0,112.4705882352941,0.0,0.0,0.0,0.9372549019607842,112.4705882352941,0.0,0.9372549019607842,True,True,True,True,True,True,bounded
7,0.0,0.0,0.0,0.9372549019607842,0.0,0.0,0.0,0.0,0.0,0.0,0.0,112.4705882352941,0.0,0.0,0.0,0.0,0.9372549019607842,112.4705882352941,0.0,0.9372549019607842,True,True,True,True,True,True,bounded
8,0.0,0.0,0.0,0.0,0.9607843137254904,0.0,0.0,0.0,0.0,0.0,0.0,0.0,115.29411764705885,0.0,0.0,0.0,0.9607843137254904,115.29411764705885,0.0,0.9607843137254904,True,True,True,True,True,True,bounded
9,0.0,0.0,0.0,0.9607843137254904,0.0,0.0,0.0,0.0,0.0,0.0,0.0,115.29411764705885,0.0,0.0,0.0,0.0,0.9607843137254904,115.29411764705885,0.0,0.9607843137254904,True,True,True,True,True,True,bounded
10,0.0,0.0,0.0,0.0,0.9333333333333332,0.0,0.0,0.0,0.0,0.0,0.0,0.0,111.99999999999999,0.0,0.0,0.0,0.9333333333333332,111.99999999999999,0.0,0.9333333333333332,True,True,True,True,True,True,bounded
11,0.0,0.0,0.0,0.9333333333333332,0.0,0.0,0.0,0.0,0.0,0.0,0.0,111.99999999999999,0.0,0.0,0.0,0.0,0.9333333333333332,111.99999999999999,0.0,0.9333333333333332,True,True,True,True,True,True,bounded
12,0.0,0.0,0.0,0.0,0.9568627450980391,0.0,0.0,0.0,0.0,0.0,0.0,0.0,114.8235294117647,0.0,0.0,0.0,0.9568627450980391,114.8235294117647,0.0,0.9568627450980391,True,True,True,True,True,True,bounded
13,0.0,0.0,0.0,0.9568627450980391,0.0,0.0,0.0,0.0,0.0,0.0,0.0,114.8235294117647,0.0,0.0,0.0,0.0,0.9568627450980391,114.8235294117647,0.0,0.9568627450980391,True,True,True,True,True,True,bounded
14,0.0,0.0,0.0,0.0,0.7921568627450978,0.0,0.0,0.0,0.0,0.0,0.0,0.0,95.05882352941174,0.0,0.0,0.0,0.7921568627450978,95.05882352941174,0.0,0.7921568627450978,True,True,True,True,True,True,bounded
15,0.0,0.0,0.0,0.7921568627450978,0.0,0.0,0.0,0.0,0.0,0.0,0.0,95.05882352941174,0.0,0.0,0.0,0.0,0.7921568627450978,95.05882352941174,0.0,0.7921568627450978,True,True,True,True,True,True,bounded
16,0.0,0.0,0.0,0.0,0.6862745098039214,0.0,0.0,0.0,0.0,0.0,0.0,0.0,82.35294117647057,0.0,0.0,0.0,0.6862745098039214,82.35294117647057,0.0,0.6862745098039214,True,True,True,True,True,True,bounded
17,0.0,0.0,0.0,0.6862745098039214,0.0,0.0,0.0,0.0,0.0,0.0,0.0,82.35294117647057,0.0,0.0,0.0,0.0,0.6862745098039214,82.35294117647057,0.0,0.6862745098039214,True,True,True,True,True,True,bounded
18,0.0,0.0,0.0,0.0,0.7019607843137254,0.0,0.0,0.0,0.0,0.0,0.0,0.0,84.23529411764706,0.0,0.0,0.0,0.7019607843137254,84.23529411764706,0.0,0.7019607843137254,True,True,True,True,True,True,bounded
19,0.0,0.0,0.0,0.7019607843137254,0.0,0.0,0.0,0.0,0.0,0.0,0.0,84.23529411764706,0.0,0.0,0.0,0.0,0.7019607843137254,84.23529411764706,0.0,0.7019607843137254,True,True,True,True,True,True,bounded
20,0.0,0.0,0.0,0.0,0.6980392156862745,0.0,0.0,0.0,0.0,0.0,0.0,0.0,83.76470588235294,0.0,0.0,0.0,0.6980392156862745,83.76470588235294,0.0,0.6980392156862745,True,True,True,True,True,True,bounded
21,0.0,0.0,0.0,0.6980392156862745,0.0,0.0,0.0,0.0,0.0,0.0,0.0,83.76470588235294,0.0,0.0,0.0,0.0,0.6980392156862745,83.76470588235294,0.0,0.6980392156862745,True,True,True,True,True,True,bounded
22,0.0,0.0,0.0,0.0,0.7098039215686274,0.0,0.0,0.0,0.0,0.0,0.0,0.0,85.17647058823529,0.0,0.0,0.0,0.7098039215686274,85.17647058823529,0.0,0.7098039215686274,True,True,True,True,True,True,bounded
23,0.0,0.0,0.0,0.7098039215686274,0.0,0.0,0.0,0.0,0.0,0.0,0.0,85.17647058823529,0.0,0.0,0.0,0.0,0.7098039215686274,85.17647058823529,0.0,0.7098039215686274,True,True,True,True,True,True,bounded
24,0.0,0.0,0.0,0.0,0.945098039215686,0.0,0.0,0.0,0.0,0.0,0.0,0.0,113.41176470588232,0.0,0.0,0.0,0.945098039215686,113.41176470588232,0.0,0.945098039215686,True,True,True,True,True,True,bounded
25,0.0,0.0,0.0,0.945098039215686,0.0,0.0,0.0,0.0,0.0,0.0,0.0,113.41176470588232,0.0,0.0,0.0,0.0,0.945098039215686,113.41176470588232,0.0,0.945098039215686,True,True,True,True,True,True,bounded
26,0.0,0.0,0.0,0.0,0.8156862745098039,0.0,0.0,0.0,0.0,0.0,0.0,0.0,97.88235294117646,0.0,0.0,0.0,0.8156862745098039,97.88235294117646,0.0,0.8156862745098039,True,True,True,True,True,True,bounded
27,0.0,0.0,0.0,0.8156862745098039,0.0,0.0,0.0,0.0,0.0,0.0,0.0,97.88235294117646,0.0,0.0,0.0,0.0,0.8156862745098039,97.88235294117646,0.0,0.8156862745098039,True,True,True,True,True,True,bounded
28,0.0,0.0,0.0,0.0,0.6823529411764705,0.0,0.0,0.0,0.0,0.0,0.0,0.0,81.88235294117646,0.0,0.0,0.0,0.6823529411764705,81.88235294117646,0.0,0.6823529411764705,True,True,True,True,True,True,bounded
29,0.0,0.0,0.0,0.6823529411764705,0.0,0.0,0.0,0.0,0.0,0.0,0.0,81.88235294117646,0.0,0.0,0.0,0.0,0.6823529411764705,81.88235294117646,0.0,0.6823529411764705,True,True,True,True,True,True,bounded
30,0.0,0.0,0.0,0.0,0.6901960784313725,0.0,0.0,0.0,0.0,0.0,0.0,0.0,82.82352941176471,0.0,0.0,0.0,0.6901960784313725,82.82352941176471,0.0,0.6901960784313725,True,True,True,True,True,True,bounded
31,0.0,0.0,0.0,0.6901960784313725,0.0,0.0,0.0,0.0,0.0,0.0,0.0,82.82352941176471,0.0,0.0,0.0,0.0,0.6901960784313725,82.82352941176471,0.0,0.6901960784313725,True,True,True,True,True,True,bounded
32,0.0,0.0,0.0,0.0,0.7411764705882352,0.0,0.0,0.0,0.0,0.0,0.0,0.0,88.94117647058823,0.0,0.0,0.0,0.7411764705882352,88.94117647058823,0.0,0.7411764705882352,True,True,True,True,True,True,bounded
33,0.0,0.0,0.0,0.7411764705882352,0.0,0.0,0.0,0.0,0.0,0.0,0.0,88.94117647058823,0.0,0.0,0.0,0.0,0.7411764705882352,88.94117647058823,0.0,0.7411764705882352,True,True,True,True,True,True,bounded
34,0.0,0.0,0.0,0.0,0.980392156862745,0.0,0.0,0.0,0.0,0.0,0.0,0.0,117.64705882352939,0.0,0.0,0.0,0.980392156862745,117.64705882352939,0.0,0.980392156862745,True,True,True,True,True,True,bounded
35,0.0,0.0,0.0,0.980392156862745,0.0,0.0,0.0,0.0,0.0,0.0,0.0,117.64705882352939,0.0,0.0,0.0,0.0,0.980392156862745,117.64705882352939,0.0,0.980392156862745,True,True,True,True,True,True,bounded
36,0.0,0.0,0.0,0.0,0.7529411764705882,0.0,0.0,0.0,0.0,0.0,0.0,0.0,90.35294117647058,0.0,0.0,0.0,0.7529411764705882,90.35294117647058,0.0,0.7529411764705882,True,True,True,True,True,True,bounded
37,0.0,0.0,0.0,0.7529411764705882,0.0,0.0,0.0,0.0,0.0,0.0,0.0,90.35294117647058,0.0,0.0,0.0,0.0,0.7529411764705882,90.35294117647058,0.0,0.7529411764705882,True,True,True,True,True,True,bounded
38,0.0,0.0,0.0,0.0,0.5215686274509804,0.0,0.0,0.0,0.0,0.0,0.0,0.0,62.58823529411765,0.0,0.0,0.0,0.5215686274509804,62.58823529411765,0.0,0.5215686274509804,True,True,True,True,True,True,bounded
39,0.0,0.0,0.968627450980392,0.0,0.0,0.0,0.0,0.0,0.0,0.0,116.23529411764704,0.0,0.0,0.0,0.0,0.0,0.968627450980392,116.23529411764704,0.0,0.968627450980392,True,True,True,True,True,True,bounded
40,0.0,0.0,0.0,0.5215686274509804,0.0,0.0,0.0,0.0,0.0,0.0,0.0,62.58823529411765,0.0,0.0,0.0,0.0,0.5215686274509804,62.58823529411765,0.0,0.5215686274509804,True,True,True,True,True,True,bounded
41,0.0,0.0,0.0,0.0,0.3843137254901961,0.0,0.0,0.0,0.0,0.0,0.0,0.0,46.11764705882353,0.0,0.0,0.0,0.3843137254901961,46.11764705882353,0.0,0.3843137254901961,True,True,True,True,True,True,bounded
42,0.0,0.968627450980392,0.0,0.0,0.0,0.0,0.0,0.0,0.0,116.23529411764704,0.0,0.0,0.0,0.0,0.0,0.0,0.968627450980392,116.23529411764704,0.0,0.968627450980392,True,True,True,True,True,True,bounded
43,0.0,0.0,0.9372549019607842,0.0,0.0,0.0,0.0,0.0,0.0,0.0,112.4705882352941,0.0,0.0,0.0,0.0,0.0,0.9372549019607842,112.4705882352941,0.0,0.9372549019607842,True,True,True,True,True,True,bounded
44,0.0,0.0,0.0,0.3843137254901961,0.0,0.0,0.0,0.0,0.0,0.0,0.0,46.11764705882353,0.0,0.0,0.0,0.0,0.3843137254901961,46.11764705882353,0.0,0.3843137254901961,True,True,True,True,True,True,bounded
45,0.0,0.0,0.0,0.0,0.3372549019607843,0.0,0.0,0.0,0.0,0.0,0.0,0.0,40.470588235294116,0.0,0.0,0.0,0.3372549019607843,40.470588235294116,0.0,0.3372549019607843,True,True,True,True,True,True,bounded
46,0.0,0.9372549019607842,0.0,0.0,0.0,0.0,0.0,0.0,0.0,112.4705882352941,0.0,0.0,0.0,0.0,0.0,0.0,0.9372549019607842,112.4705882352941,0.0,0.9372549019607842,True,True,True,True,True,True,bounded
47,0.0,0.0,0.0,0.3372549019607843,0.0,0.0,0.0,0.0,0.0,0.0,0.0,40.470588235294116,0.0,0.0,0.0,0.0,0.3372549019607843,40.470588235294116,0.0,0.3372549019607843,True,True,True,True,True,True,bounded
48,0.0,0.0,0.0,0.0,0.3215686274509804,0.0,0.0,0.0,0.0,0.0,0.0,0.0,38.58823529411765,0.0,0.0,0.0,0.3215686274509804,38.58823529411765,0.0,0.3215686274509804,True,True,True,True,True,True,bounded
49,0.0,0.0,0.9607843137254904,0.0,0.0,0.0,0.0,0.0,0.0,0.0,115.29411764705885,0.0,0.0,0.0,0.0,0.0,0.9607843137254904,115.29411764705885,0.0,0.9607843137254904,True,True,True,True,True,True,bounded
50,0.0,0.0,0.0,0.3215686274509804,0.0,0.0,0.0,0.0,0.0,0.0,0.0,38.58823529411765,0.0,0.0,0.0,0.0,0.3215686274509804,38.58823529411765,0.0,0.3215686274509804,True,True,True,True,True,True,bounded
51,0.0,0.0,0.0,0.0,0.4509803921568627,0.0,0.0,0.0,0.0,0.0,0.0,0.0,54.11764705882352,0.0,0.0,0.0,0.4509803921568627,54.11764705882352,0.0,0.4509803921568627,True,True,True,True,True,True,bounded
52,0.0,0.9607843137254904,0.0,0.0,0.0,0.0,0.0,0.0,0.0,115.29411764705885,0.0,0.0,0.0,0.0,0.0,0.0,0.9607843137254904,115.29411764705885,0.0,0.9607843137254904,True,True,True,True,True,True,bounded
53,0.0,0.0,0.0,0.4509803921568627,0.0,0.0,0.0,0.0,0.0,0.0,0.0,54.11764705882352,0.0,0.0,0.0,0.0,0.4509803921568627,54.11764705882352,0.0,0.4509803921568627,True,True,True,True,True,True,bounded
54,0.0,0.0,0.0,0.0,0.8117647058823529,0.0,0.0,0.0,0.0,0.0,0.0,0.0,97.41176470588235,0.0,0.0,0.0,0.8117647058823529,97.41176470588235,0.0,0.8117647058823529,True,True,True,True,True,True,bounded
55,0.0,0.0,0.0,0.8117647058823529,0.0,0.0,0.0,0.0,0.0,0.0,0.0,97.41176470588235,0.0,0.0,0.0,0.0,0.8117647058823529,97.41176470588235,0.0,0.8117647058823529,True,True,True,True,True,True,bounded
56,0.0,0.0,0.0,0.0,0.7490196078431371,0.0,0.0,0.0,0.0,0.0,0.0,0.0,89.88235294117646,0.0,0.0,0.0,0.7490196078431371,89.88235294117646,0.0,0.7490196078431371,True,True,True,True,True,True,bounded
57,0.0,0.0,0.0,0.7490196078431371,0.0,0.0,0.0,0.0,0.0,0.0,0.0,89.88235294117646,0.0,0.0,0.0,0.0,0.7490196078431371,89.88235294117646,0.0,0.7490196078431371,True,True,True,True,True,True,bounded
58,0.0,0.0,0.0,0.0,0.8901960784313725,0.0,0.0,0.0,0.0,0.0,0.0,0.0,106.8235294117647,0.0,0.0,0.0,0.8901960784313725,106.8235294117647,0.0,0.8901960784313725,True,True,True,True,True,True,bounded
59,0.0,0.0,0.0,0.8901960784313725,0.0,0.0,0.0,0.0,0.0,0.0,0.0,106.8235294117647,0.0,0.0,0.0,0.0,0.8901960784313725,106.8235294117647,0.0,0.8901960784313725,True,True,True,True,True,True,bounded
60,0.0,0.0,0.0,0.0,0.7058823529411764,0.0,0.0,0.0,0.0,0.0,0.0,0.0,84.70588235294117,0.0,0.0,0.0,0.7058823529411764,84.70588235294117,0.0,0.7058823529411764,True,True,True,True,True,True,bounded
61,0.0,0.0,0.0,0.7058823529411764,0.0,0.0,0.0,0.0,0.0,0.0,0.0,84.70588235294117,0.0,0.0,0.0,0.0,0.7058823529411764,84.70588235294117,0.0,0.7058823529411764,True,True,True,True,True,True,bounded
62,0.0,0.0,0.0,0.0,0.8666666666666667,0.0,0.0,0.0,0.0,0.0,0.0,0.0,104.0,0.0,0.0,0.0,0.8666666666666667,104.0,0.0,0.8666666666666667,True,True,True,True,True,True,bounded
63,0.0,0.0,0.0,0.8666666666666667,0.0,0.0,0.0,0.0,0.0,0.0,0.0,104.0,0.0,0.0,0.0,0.0,0.8666666666666667,104.0,0.0,0.8666666666666667,True,True,True,True,True,True,bounded
64,0.0,0.0,0.0,0.0,0.615686274509804,0.0,0.0,0.0,0.0,0.0,0.0,0.0,73.88235294117648,0.0,0.0,0.0,0.615686274509804,73.88235294117648,0.0,0.615686274509804,True,True,True,True,True,True,bounded
65,0.0,0.0,0.0,0.615686274509804,0.0,0.0,0.0,0.0,0.0,0.0,0.0,73.88235294117648,0.0,0.0,0.0,0.0,0.615686274509804,73.88235294117648,0.0,0.615686274509804,True,True,True,True,True,True,bounded
66,0.0,0.0,0.0,0.0,0.403921568627451,0.0,0.0,0.0,0.0,0.0,0.0,0.0,48.470588235294116,0.0,0.0,0.0,0.403921568627451,48.470588235294116,0.0,0.403921568627451,True,True,True,True,True,True,bounded
67,0.0,0.0,0.0,0.403921568627451,0.0,0.0,0.0,0.0,0.0,0.0,0.0,48.470588235294116,0.0,0.0,0.0,0.0,0.403921568627451,48.470588235294116,0.0,0.403921568627451,True,True,True,True,True,True,bounded
68,0.0,0.0,0.0,0.0,0.2862745098039215,0.0,0.0,0.0,0.0,0.0,0.0,0.0,34.35294117647058,0.0,0.0,0.0,0.2862745098039215,34.35294117647058,0.0,0.2862745098039215,True,True,True,True,True,True,bounded
69,0.0,0.0,0.9333333333333332,0.0,0.0,0.0,0.0,0.0,0.0,0.0,111.99999999999999,0.0,0.0,0.0,0.0,0.0,0.9333333333333332,111.99999999999999,0.0,0.9333333333333332,True,True,True,True,True,True,bounded
70,0.0,0.0,0.0,0.2862745098039215,0.0,0.0,0.0,0.0,0.0,0.0,0.0,34.35294117647058,0.0,0.0,0.0,0.0,0.2862745098039215,34.35294117647058,0.0,0.2862745098039215,True,True,True,True,True,True,bounded
71,0.0,0.0,0.0,0.0,0.2392156862745098,0.0,0.0,0.0,0.0,0.0,0.0,0.0,28.705882352941174,0.0,0.0,0.0,0.2392156862745098,28.705882352941174,0.0,0.2392156862745098,True,True,True,True,True,True,bounded
72,0.0,0.9333333333333332,0.0,0.0,0.0,0.0,0.0,0.0,0.0,111.99999999999999,0.0,0.0,0.0,0.0,0.0,0.0,0.9333333333333332,111.99999999999999,0.0,0.9333333333333332,True,True,True,True,True,True,bounded
73,0.0,0.0,0.0,0.2392156862745098,0.0,0.0,0.0,0.0,0.0,0.0,0.0,28.705882352941174,0.0,0.0,0.0,0.0,0.2392156862745098,28.705882352941174,0.0,0.2392156862745098,True,True,True,True,True,True,bounded
74,0.0,0.0,0.9568627450980391,0.0,0.0,0.0,0.0,0.0,0.0,0.0,114.8235294117647,0.0,0.0,0.0,0.0,0.0,0.9568627450980391,114.8235294117647,0.0,0.9568627450980391,True,True,True,True,True,True,bounded
75,0.0,0.0,0.0,0.0,0.2823529411764705,0.0,0.0,0.0,0.0,0.0,0.0,0.0,33.88235294117646,0.0,0.0,0.0,0.2823529411764705,33.88235294117646,0.0,0.2823529411764705,True,True,True,True,True,True,bounded
76,0.0,0.9568627450980391,0.0,0.0,0.0,0.0,0.0,0.0,0.0,114.8235294117647,0.0,0.0,0.0,0.0,0.0,0.0,0.9568627450980391,114.8235294117647,0.0,0.9568627450980391,True,True,True,True,True,True,bounded
77,0.0,0.0,0.0,0.2823529411764705,0.0,0.0,0.0,0.0,0.0,0.0,0.0,33.88235294117646,0.0,0.0,0.0,0.0,0.2823529411764705,33.88235294117646,0.0,0.2823529411764705,True,True,True,True,True,True,bounded
78,0.0,0.0,0.0,0.0,0.3921568627450979,0.0,0.0,0.0,0.0,0.0,0.0,0.0,47.058823529411754,0.0,0.0,0.0,0.3921568627450979,47.058823529411754,0.0,0.3921568627450979,True,True,True,True,True,True,bounded
79,0.0,0.0,0.0,0.3921568627450979,0.0,0.0,0.0,0.0,0.0,0.0,0.0,47.058823529411754,0.0,0.0,0.0,0.0,0.3921568627450979,47.058823529411754,0.0,0.3921568627450979,True,True,True,True,True,True,bounded
80,0.0,0.0,0.0,0.0,0.6,0.0,0.0,0.0,0.0,0.0,0.0,0.0,72.0,0.0,0.0,0.0,0.6,72.0,0.0,0.6,True,True,True,True,True,True,bounded
81,0.0,0.0,0.0,0.6,0.0,0.0,0.0,0.0,0.0,0.0,0.0,72.0,0.0,0.0,0.0,0.0,0.6,72.0,0.0,0.6,True,True,True,True,True,True,bounded
82,0.0,0.0,0.0,0.0,0.8784313725490196,0.0,0.0,0.0,0.0,0.0,0.0,0.0,105.41176470588235,0.0,0.0,0.0,0.8784313725490196,105.41176470588235,0.0,0.8784313725490196,True,True,True,True,True,True,bounded
83,0.0,0.0,0.0,0.8784313725490196,0.0,0.0,0.0,0.0,0.0,0.0,0.0,105.41176470588235,0.0,0.0,0.0,0.0,0.8784313725490196,105.41176470588235,0.0,0.8784313725490196,True,True,True,True,True,True,bounded
84,0.0,0.0,0.0,0.0,0.952941176470588,0.0,0.0,0.0,0.0,0.0,0.0,0.0,114.35294117647055,0.0,0.0,0.0,0.952941176470588,114.35294117647055,0.0,0.952941176470588,True,True,True,True,True,True,bounded
85,0.0,0.0,0.7921568627450978,0.0,0.0,0.0,0.0,0.0,0.0,0.0,95.05882352941174,0.0,0.0,0.0,0.0,0.0,0.7921568627450978,95.05882352941174,0.0,0.7921568627450978,True,True,True,True,True,True,bounded
86,0.0,0.0,0.0,0.952941176470588,0.0,0.0,0.0,0.0,0.0,0.0,0.0,114.35294117647055,0.0,0.0,0.0,0.0,0.952941176470588,114.35294117647055,0.0,0.952941176470588,True,True,True,True,True,True,bounded
87,0.0,0.0,0.0,0.0,0.2666666666666666,0.0,0.0,0.0,0.0,0.0,0.0,0.0,31.999999999999993,0.0,0.0,0.0,0.2666666666666666,31.999999999999993,0.0,0.2666666666666666,True,True,True,True,True,True,bounded
88,0.0,0.7921568627450978,0.0,0.0,0.0,0.0,0.0,0.0,0.0,95.05882352941174,0.0,0.0,0.0,0.0,0.0,0.0,0.7921568627450978,95.05882352941174,0.0,0.7921568627450978,True,True,True,True,True,True,bounded
89,0.0,0.0,0.6862745098039214,0.0,0.0,0.0,0.0,0.0,0.0,0.0,82.35294117647057,0.0,0.0,0.0,0.0,0.0,0.6862745098039214,82.35294117647057,0.0,0.6862745098039214,True,True,True,True,True,True,bounded
90,0.0,0.0,0.0,0.2666666666666666,0.0,0.0,0.0,0.0,0.0,0.0,0.0,31.999999999999993,0.0,0.0,0.0,0.0,0.2666666666666666,31.999999999999993,0.0,0.2666666666666666,True,True,True,True,True,True,bounded
91,0.0,0.0,0.0,0.0,0.0627450980392156,0.0,0.0,0.0,0.0,0.0,0.0,0.0,7.5294117647058725,0.0,0.0,0.0,0.0627450980392156,7.5294117647058725,0.0,0.0627450980392156,True,True,True,True,True,True,bounded
92,0.0,0.6862745098039214,0.0,0.0,0.0,0.0,0.0,0.0,0.0,82.35294117647057,0.0,0.0,0.0,0.0,0.0,0.0,0.6862745098039214,82.35294117647057,0.0,0.6862745098039214,True,True,True,True,True,True,bounded
93,0.0,0.0,0.7019607843137254,0.0,0.0,0.0,0.0,0.0,0.0,0.0,84.23529411764706,0.0,0.0,0.0,0.0,0.0,0.7019607843137254,84.23529411764706,0.0,0.7019607843137254,True,True,True,True,True,True,bounded
94,0.0,0.0,0.0,0.0627450980392156,0.0,0.0,0.0,0.0,0.0,0.0,0.0,7.5294117647058725,0.0,0.0,0.0,0.0,0.0627450980392156,7.5294117647058725,0.0,0.0627450980392156,True,True,True,True,True,True,bounded
95,0.0,0.0,0.0,0.0,0.0980392156862744,0.0,0.0,0.0,0.0,0.0,0.0,0.0,11.764705882352928,0.0,0.0,0.0,0.0980392156862744,11.764705882352928,0.0,0.0980392156862744,True,True,True,True,True,True,bounded
96,0.0,0.7019607843137254,0.0,0.0,0.0,0.0,0.0,0.0,0.0,84.23529411764706,0.0,0.0,0.0,0.0,0.0,0.0,0.7019607843137254,84.23529411764706,0.0,0.7019607843137254,True,True,True,True,True,True,bounded
97,0.0,0.0,0.0,0.0980392156862744,0.0,0.0,0.0,0.0,0.0,0.0,0.0,11.764705882352928,0.0,0.0,0.0,0.0,0.0980392156862744,11.764705882352928,0.0,0.0980392156862744,True,True,True,True,True,True,bounded
98,0.0,0.0,0.6980392156862745,0.0,0.0,0.0,0.0,0.0,0.0,0.0,83.76470588235294,0.0,0.0,0.0,0.0,0.0,0.6980392156862745,83.76470588235294,0.0,0.6980392156862745,True,True,True,True,True,True,bounded
99,0.0,0.0,0.0,0.0,0.0941176470588235,0.0,0.0,0.0,0.0,0.0,0.0,0.0,11.29411764705882,0.0,0.0,0.0,0.0941176470588235,11.29411764705882,0.0,0.0941176470588235,True,True,True,True,True,True,bounded
100,0.0,0.6980392156862745,0.0,0.0,0.0,0.0,0.0,0.0,0.0,83.76470588235294,0.0,0.0,0.0,0.0,0.0,0.0,0.6980392156862745,83.76470588235294,0.0,0.6980392156862745,True,True,True,True,True,True,bounded
101,0.0,0.0,0.7098039215686274,0.0,0.0,0.0,0.0,0.0,0.0,0.0,85.17647058823529,0.0,0.0,0.0,0.0,0.0,0.7098039215686274,85.17647058823529,0.0,0.7098039215686274,True,True,True,True,True,True,bounded
102,0.0,0.0,0.0,0.0941176470588235,0.0,0.0,0.0,0.0,0.0,0.0,0.0,11.29411764705882,0.0,0.0,0.0,0.0,0.0941176470588235,11.29411764705882,0.0,0.0941176470588235,True,True,True,True,True,True,bounded
103,0.0,0.0,0.0,0.0,0.0666666666666666,0.0,0.0,0.0,0.0,0.0,0.0,0.0,7.999999999999991,0.0,0.0,0.0,0.0666666666666666,7.999999999999991,0.0,0.0666666666666666,True,True,True,True,True,True,bounded
104,0.0,0.7098039215686274,0.0,0.0,0.0,0.0,0.0,0.0,0.0,85.17647058823529,0.0,0.0,0.0,0.0,0.0,0.0,0.7098039215686274,85.17647058823529,0.0,0.7098039215686274,True,True,True,True,True,True,bounded
105,0.0,0.0,0.945098039215686,0.0,0.0,0.0,0.0,0.0,0.0,0.0,113.41176470588232,0.0,0.0,0.0,0.0,0.0,0.945098039215686,113.41176470588232,0.0,0.945098039215686,True,True,True,True,True,True,bounded
106,0.0,0.0,0.0,0.0666666666666666,0.0,0.0,0.0,0.0,0.0,0.0,0.0,7.999999999999991,0.0,0.0,0.0,0.0,0.0666666666666666,7.999999999999991,0.0,0.0666666666666666,True,True,True,True,True,True,bounded
107,0.0,0.0,0.0,0.0,0.6078431372549019,0.0,0.0,0.0,0.0,0.0,0.0,0.0,72.94117647058823,0.0,0.0,0.0,0.6078431372549019,72.94117647058823,0.0,0.6078431372549019,True,True,True,True,True,True,bounded
108,0.0,0.945098039215686,0.0,0.0,0.0,0.0,0.0,0.0,0.0,113.41176470588232,0.0,0.0,0.0,0.0,0.0,0.0,0.945098039215686,113.41176470588232,0.0,0.945098039215686,True,True,True,True,True,True,bounded
109,0.0,0.0,0.0,0.6078431372549019,0.0,0.0,0.0,0.0,0.0,0.0,0.0,72.94117647058823,0.0,0.0,0.0,0.0,0.6078431372549019,72.94117647058823,0.0,0.6078431372549019,True,True,True,True,True,True,bounded
110,0.0,0.0,0.0,0.0,0.984313725490196,0.0,0.0,0.0,0.0,0.0,0.0,0.0,118.11764705882352,0.0,0.0,0.0,0.984313725490196,118.11764705882352,0.0,0.984313725490196,True,True,True,True,True,True,bounded
111,0.0,0.0,0.8156862745098039,0.0,0.0,0.0,0.0,0.0,0.0,0.0,97.88235294117646,0.0,0.0,0.0,0.0,0.0,0.8156862745098039,97.88235294117646,0.0,0.8156862745098039,True,True,True,True,True,True,bounded
112,0.0,0.0,0.0,0.984313725490196,0.0,0.0,0.0,0.0,0.0,0.0,0.0,118.11764705882352,0.0,0.0,0.0,0.0,0.984313725490196,118.11764705882352,0.0,0.984313725490196,True,True,True,True,True,True,bounded
113,0.0,0.8156862745098039,0.0,0.0,0.0,0.0,0.0,0.0,0.0,97.88235294117646,0.0,0.0,0.0,0.0,0.0,0.0,0.8156862745098039,97.88235294117646,0.0,0.8156862745098039,True,True,True,True,True,True,bounded
114,0.0,0.0,0.6823529411764705,0.0,0.0,0.0,0.0,0.0,0.0,0.0,81.88235294117646,0.0,0.0,0.0,0.0,0.0,0.6823529411764705,81.88235294117646,0.0,0.6823529411764705,True,True,True,True,True,True,bounded
115,0.0,0.0,0.0,0.0,0.0549019607843137,0.0,0.0,0.0,0.0,0.0,0.0,0.0,6.588235294117643,0.0,0.0,0.0,0.0549019607843137,6.588235294117643,0.0,0.0549019607843137,True,True,True,True,True,True,bounded
116,0.0,0.6823529411764705,0.0,0.0,0.0,0.0,0.0,0.0,0.0,81.88235294117646,0.0,0.0,0.0,0.0,0.0,0.0,0.6823529411764705,81.88235294117646,0.0,0.6823529411764705,True,True,True,True,True,True,bounded
117,0.0,0.0,0.0,0.0549019607843137,0.0,0.0,0.0,0.0,0.0,0.0,0.0,6.588235294117643,0.0,0.0,0.0,0.0,0.0549019607843137,6.588235294117643,0.0,0.0549019607843137,True,True,True,True,True,True,bounded
118,0.0,0.0,0.6901960784313725,0.0,0.0,0.0,0.0,0.0,0.0,0.0,82.82352941176471,0.0,0.0,0.0,0.0,0.0,0.6901960784313725,82.82352941176471,0.0,0.6901960784313725,True,True,True,True,True,True,bounded
119,0.0,0.0,0.0,0.0,0.0509803921568627,0.0,0.0,0.0,0.0,0.0,0.0,0.0,6.1176470588235246,0.0,0.0,0.0,0.0509803921568627,6.1176470588235246,0.0,0.0509803921568627,True,True,True,True,True,True,bounded
120,0.0,0.6901960784313725,0.0,0.0,0.0,0.0,0.0,0.0,0.0,82.82352941176471,0.0,0.0,0.0,0.0,0.0,0.0,0.6901960784313725,82.82352941176471,0.0,0.6901960784313725,True,True,True,True,True,True,bounded
121,0.0,0.0,0.7411764705882352,0.0,0.0,0.0,0.0,0.0,0.0,0.0,88.94117647058823,0.0,0.0,0.0,0.0,0.0,0.7411764705882352,88.94117647058823,0.0,0.7411764705882352,True,True,True,True,True,True,bounded
122,0.0,0.0,0.0,0.0509803921568627,0.0,0.0,0.0,0.0,0.0,0.0,0.0,6.1176470588235246,0.0,0.0,0.0,0.0,0.0509803921568627,6.1176470588235246,0.0,0.0509803921568627,True,True,True,True,True,True,bounded
123,0.0,0.0,0.0,0.0,0.3490196078431372,0.0,0.0,0.0,0.0,0.0,0.0,0.0,41.882352941176464,0.0,0.0,0.0,0.3490196078431372,41.882352941176464,0.0,0.3490196078431372,True,True,True,True,True,True,bounded
124,0.0,0.7411764705882352,0.0,0.0,0.0,0.0,0.0,0.0,0.0,88.94117647058823,0.0,0.0,0.0,0.0,0.0,0.0,0.7411764705882352,88.94117647058823,0.0,0.7411764705882352,True,True,True,True,True,True,bounded
125,0.0,0.0,0.980392156862745,0.0,0.0,0.0,0.0,0.0,0.0,0.0,117.64705882352939,0.0,0.0,0.0,0.0,0.0,0.980392156862745,117.64705882352939,0.0,0.980392156862745,True,True,True,True,True,True,bounded
126,0.0,0.0,0.0,0.3490196078431372,0.0,0.0,0.0,0.0,0.0,0.0,0.0,41.882352941176464,0.0,0.0,0.0,0.0,0.3490196078431372,41.882352941176464,0.0,0.3490196078431372,True,True,True,True,True,True,bounded
127,0.0,0.0,0.0,0.0,0.9882352941176468,0.0,0.0,0.0,0.0,0.0,0.0,0.0,118.58823529411761,0.0,0.0,0.0,0.9882352941176468,118.58823529411761,0.0,0.9882352941176468,True,True,True,True,True,True,bounded
128,0.0,0.980392156862745,0.0,0.0,0.0,0.0,0.0,0.0,0.0,117.64705882352939,0.0,0.0,0.0,0.0,0.0,0.0,0.980392156862745,117.64705882352939,0.0,0.980392156862745,True,True,True,True,True,True,bounded
129,0.0,0.0,0.0,0.9882352941176468,0.0,0.0,0.0,0.0,0.0,0.0,0.0,118.58823529411761,0.0,0.0,0.0,0.0,0.9882352941176468,118.58823529411761,0.0,0.9882352941176468,True,True,True,True,True,True,bounded
130,0.0,0.0,0.0,0.0,0.4117647058823528,0.0,0.0,0.0,0.0,0.0,0.0,0.0,49.411764705882334,0.0,0.0,0.0,0.4117647058823528,49.411764705882334,0.0,0.4117647058823528,True,True,True,True,True,True,bounded
131,0.0,0.0,0.7529411764705882,0.0,0.0,0.0,0.0,0.0,0.0,0.0,90.35294117647058,0.0,0.0,0.0,0.0,0.0,0.7529411764705882,90.35294117647058,0.0,0.7529411764705882,True,True,True,True,True,True,bounded
132,0.0,0.0,0.0,0.4117647058823528,0.0,0.0,0.0,0.0,0.0,0.0,0.0,49.411764705882334,0.0,0.0,0.0,0.0,0.4117647058823528,49.411764705882334,0.0,0.4117647058823528,True,True,True,True,True,True,bounded
133,0.0,0.0,0.0,0.0,0.2235294117647059,0.0,0.0,0.0,0.0,0.0,0.0,0.0,26.823529411764707,0.0,0.0,0.0,0.2235294117647059,26.823529411764707,0.0,0.2235294117647059,True,True,True,True,True,True,bounded
134,0.0,0.7529411764705882,0.0,0.0,0.0,0.0,0.0,0.0,0.0,90.35294117647058,0.0,0.0,0.0,0.0,0.0,0.0,0.7529411764705882,90.35294117647058,0.0,0.7529411764705882,True,True,True,True,True,True,bounded
135,0.0,0.0,0.5215686274509804,0.0,0.0,0.0,0.0,0.0,0.0,0.0,62.58823529411765,0.0,0.0,0.0,0.0,0.0,0.5215686274509804,62.58823529411765,0.0,0.5215686274509804,True,True,True,True,True,True,bounded
136,0.0,0.0,0.0,0.2235294117647059,0.0,0.0,0.0,0.0,0.0,0.0,0.0,26.823529411764707,0.0,0.0,0.0,0.0,0.2235294117647059,26.823529411764707,0.0,0.2235294117647059,True,True,True,True,True,True,bounded
137,0.0,0.0,0.0,0.0,0.207843137254902,0.0,0.0,0.0,0.0,0.0,0.0,0.0,24.94117647058824,0.0,0.0,0.0,0.207843137254902,24.94117647058824,0.0,0.207843137254902,True,True,True,True,True,True,bounded
138,0.0,0.5215686274509804,0.0,0.0,0.0,0.0,0.0,0.0,0.0,62.58823529411765,0.0,0.0,0.0,0.0,0.0,0.0,0.5215686274509804,62.58823529411765,0.0,0.5215686274509804,True,True,True,True,True,True,bounded
139,0.0,0.0,0.3843137254901961,0.0,0.0,0.0,0.0,0.0,0.0,0.0,46.11764705882353,0.0,0.0,0.0,0.0,0.0,0.3843137254901961,46.11764705882353,0.0,0.3843137254901961,True,True,True,True,True,True,bounded
140,0.0,0.0,0.0,0.207843137254902,0.0,0.0,0.0,0.0,0.0,0.0,0.0,24.94117647058824,0.0,0.0,0.0,0.0,0.207843137254902,24.94117647058824,0.0,0.207843137254902,True,True,True,True,True,True,bounded
141,0.0,0.0,0.0,0.0,0.2313725490196078,0.0,0.0,0.0,0.0,0.0,0.0,0.0,27.764705882352935,0.0,0.0,0.0,0.2313725490196078,27.764705882352935,0.0,0.2313725490196078,True,True,True,True,True,True,bounded
142,0.0,0.3843137254901961,0.0,0.0,0.0,0.0,0.0,0.0,0.0,46.11764705882353,0.0,0.0,0.0,0.0,0.0,0.0,0.3843137254901961,46.11764705882353,0.0,0.3843137254901961,True,True,True,True,True,True,bounded
143,0.0,0.0,0.3372549019607843,0.0,0.0,0.0,0.0,0.0,0.0,0.0,40.470588235294116,0.0,0.0,0.0,0.0,0.0,0.3372549019607843,40.470588235294116,0.0,0.3372549019607843,True,True,True,True,True,True,bounded
144,0.0,0.0,0.0,0.2313725490196078,0.0,0.0,0.0,0.0,0.0,0.0,0.0,27.764705882352935,0.0,0.0,0.0,0.0,0.2313725490196078,27.764705882352935,0.0,0.2313725490196078,True,True,True,True,True,True,bounded
145,0.0,0.0,0.0,0.0,0.2470588235294117,0.0,0.0,0.0,0.0,0.0,0.0,0.0,29.647058823529402,0.0,0.0,0.0,0.2470588235294117,29.647058823529402,0.0,0.2470588235294117,True,True,True,True,True,True,bounded
146,0.0,0.3372549019607843,0.0,0.0,0.0,0.0,0.0,0.0,0.0,40.470588235294116,0.0,0.0,0.0,0.0,0.0,0.0,0.3372549019607843,40.470588235294116,0.0,0.3372549019607843,True,True,True,True,True,True,bounded
147,0.0,0.0,0.3215686274509804,0.0,0.0,0.0,0.0,0.0,0.0,0.0,38.58823529411765,0.0,0.0,0.0,0.0,0.0,0.3215686274509804,38.58823529411765,0.0,0.3215686274509804,True,True,True,True,True,True,bounded
148,0.0,0.0,0.0,0.2470588235294117,0.0,0.0,0.0,0.0,0.0,0.0,0.0,29.647058823529402,0.0,0.0,0.0,0.0,0.2470588235294117,29.647058823529402,0.0,0.2470588235294117,True,True,True,True,True,True,bounded
149,0.0,0.3215686274509804,0.0,0.0,0.0,0.0,0.0,0.0,0.0,38.58823529411765,0.0,0.0,0.0,0.0,0.0,0.0,0.3215686274509804,38.58823529411765,0.0,0.3215686274509804,True,True,True,True,True,True,bounded
150,0.0,0.0,0.4509803921568627,0.0,0.0,0.0,0.0,0.0,0.0,0.0,54.11764705882352,0.0,0.0,0.0,0.0,0.0,0.4509803921568627,54.11764705882352,0.0,0.4509803921568627,True,True,True,True,True,True,bounded
151,0.0,0.4509803921568627,0.0,0.0,0.0,0.0,0.0,0.0,0.0,54.11764705882352,0.0,0.0,0.0,0.0,0.0,0.0,0.4509803921568627,54.11764705882352,0.0,0.4509803921568627,True,True,True,True,True,True,bounded
152,0.0,0.0,0.8117647058823529,0.0,0.0,0.0,0.0,0.0,0.0,0.0,97.41176470588235,0.0,0.0,0.0,0.0,0.0,0.8117647058823529,97.41176470588235,0.0,0.8117647058823529,True,True,True,True,True,True,bounded
153,0.0,0.0,0.0,0.0,0.6431372549019608,0.0,0.0,0.0,0.0,0.0,0.0,0.0,77.1764705882353,0.0,0.0,0.0,0.6431372549019608,77.1764705882353,0.0,0.6431372549019608,True,True,True,True,True,True,bounded
154,0.0,0.8117647058823529,0.0,0.0,0.0,0.0,0.0,0.0,0.0,97.41176470588235,0.0,0.0,0.0,0.0,0.0,0.0,0.8117647058823529,97.41176470588235,0.0,0.8117647058823529,True,True,True,True,True,True,bounded
155,0.0,0.0,0.7490196078431371,0.0,0.0,0.0,0.0,0.0,0.0,0.0,89.88235294117646,0.0,0.0,0.0,0.0,0.0,0.7490196078431371,89.88235294117646,0.0,0.7490196078431371,True,True,True,True,True,True,bounded
156,0.0,0.0,0.0,0.6431372549019608,0.0,0.0,0.0,0.0,0.0,0.0,0.0,77.1764705882353,0.0,0.0,0.0,0.0,0.6431372549019608,77.1764705882353,0.0,0.6431372549019608,True,True,True,True,True,True,bounded
157,0.0,0.0,0.0,0.0,0.196078431372549,0.0,0.0,0.0,0.0,0.0,0.0,0.0,23.529411764705877,0.0,0.0,0.0,0.196078431372549,23.529411764705877,0.0,0.196078431372549,True,True,True,True,True,True,bounded
158,0.0,0.7490196078431371,0.0,0.0,0.0,0.0,0.0,0.0,0.0,89.88235294117646,0.0,0.0,0.0,0.0,0.0,0.0,0.7490196078431371,89.88235294117646,0.0,0.7490196078431371,True,True,True,True,True,True,bounded
159,0.0,0.0,0.0,0.196078431372549,0.0,0.0,0.0,0.0,0.0,0.0,0.0,23.529411764705877,0.0,0.0,0.0,0.0,0.196078431372549,23.529411764705877,0.0,0.196078431372549,True,True,True,True,True,True,bounded
160,0.0,0.0,0.0,0.0,0.3764705882352941,0.0,0.0,0.0,0.0,0.0,0.0,0.0,45.17647058823529,0.0,0.0,0.0,0.3764705882352941,45.17647058823529,0.0,0.3764705882352941,True,True,True,True,True,True,bounded
161,0.0,0.0,0.0,0.3764705882352941,0.0,0.0,0.0,0.0,0.0,0.0,0.0,45.17647058823529,0.0,0.0,0.0,0.0,0.3764705882352941,45.17647058823529,0.0,0.3764705882352941,True,True,True,True,True,True,bounded
162,0.0,0.0,0.0,0.0,0.7803921568627451,0.0,0.0,0.0,0.0,0.0,0.0,0.0,93.6470588235294,0.0,0.0,0.0,0.7803921568627451,93.6470588235294,0.0,0.7803921568627451,True,True,True,True,True,True,bounded
163,0.0,0.0,0.0,0.7803921568627451,0.0,0.0,0.0,0.0,0.0,0.0,0.0,93.6470588235294,0.0,0.0,0.0,0.0,0.7803921568627451,93.6470588235294,0.0,0.7803921568627451,True,True,True,True,True,True,bounded
164,0.0,0.0,0.0,0.0,0.0823529411764705,0.0,0.0,0.0,0.0,0.0,0.0,0.0,9.88235294117646,0.0,0.0,0.0,0.0823529411764705,9.88235294117646,0.0,0.0823529411764705,True,True,True,True,True,True,bounded
165,0.0,0.0,0.0,0.0823529411764705,0.0,0.0,0.0,0.0,0.0,0.0,0.0,9.88235294117646,0.0,0.0,0.0,0.0,0.0823529411764705,9.88235294117646,0.0,0.0823529411764705,True,True,True,True,True,True,bounded
166,0.0,0.0,0.0,0.0,0.0862745098039215,0.0,0.0,0.0,0.0,0.0,0.0,0.0,10.35294117647058,0.0,0.0,0.0,0.0862745098039215,10.35294117647058,0.0,0.0862745098039215,True,True,True,True,True,True,bounded
167,0.0,0.0,0.0,0.0862745098039215,0.0,0.0,0.0,0.0,0.0,0.0,0.0,10.35294117647058,0.0,0.0,0.0,0.0,0.0862745098039215,10.35294117647058,0.0,0.0862745098039215,True,True,True,True,True,True,bounded
168,0.0,0.0,0.0,0.0,0.3725490196078431,0.0,0.0,0.0,0.0,0.0,0.0,0.0,44.705882352941174,0.0,0.0,0.0,0.3725490196078431,44.705882352941174,0.0,0.3725490196078431,True,True,True,True,True,True,bounded
169,0.0,0.0,0.0,0.3725490196078431,0.0,0.0,0.0,0.0,0.0,0.0,0.0,44.705882352941174,0.0,0.0,0.0,0.0,0.3725490196078431,44.705882352941174,0.0,0.3725490196078431,True,True,True,True,True,True,bounded
170,0.0,0.0,0.8901960784313725,0.0,0.0,0.0,0.0,0.0,0.0,0.0,106.8235294117647,0.0,0.0,0.0,0.0,0.0,0.8901960784313725,106.8235294117647,0.0,0.8901960784313725,True,True,True,True,True,True,bounded
171,0.0,0.0,0.0,0.0,0.5058823529411764,0.0,0.0,0.0,0.0,0.0,0.0,0.0,60.705882352941174,0.0,0.0,0.0,0.5058823529411764,60.705882352941174,0.0,0.5058823529411764,True,True,True,True,True,True,bounded
172,0.0,0.8901960784313725,0.0,0.0,0.0,0.0,0.0,0.0,0.0,106.8235294117647,0.0,0.0,0.0,0.0,0.0,0.0,0.8901960784313725,106.8235294117647,0.0,0.8901960784313725,True,True,True,True,True,True,bounded
173,0.0,0.0,0.0,0.5058823529411764,0.0,0.0,0.0,0.0,0.0,0.0,0.0,60.705882352941174,0.0,0.0,0.0,0.0,0.5058823529411764,60.705882352941174,0.0,0.5058823529411764,True,True,True,True,True,True,bounded
174,0.0,0.0,0.0,0.0,0.0705882352941176,0.0,0.0,0.0,0.0,0.0,0.0,0.0,8.470588235294112,0.0,0.0,0.0,0.0705882352941176,8.470588235294112,0.0,0.0705882352941176,True,True,True,True,True,True,bounded
175,0.0,0.0,0.7058823529411764,0.0,0.0,0.0,0.0,0.0,0.0,0.0,84.70588235294117,0.0,0.0,0.0,0.0,0.0,0.7058823529411764,84.70588235294117,0.0,0.7058823529411764,True,True,True,True,True,True,bounded
176,0.0,0.0,0.0,0.0705882352941176,0.0,0.0,0.0,0.0,0.0,0.0,0.0,8.470588235294112,0.0,0.0,0.0,0.0,0.0705882352941176,8.470588235294112,0.0,0.0705882352941176,True,True,True,True,True,True,bounded
177,0.0,0.0,0.0,0.0,0.2039215686274509,0.0,0.0,0.0,0.0,0.0,0.0,0.0,24.47058823529411,0.0,0.0,0.0,0.2039215686274509,24.47058823529411,0.0,0.2039215686274509,True,True,True,True,True,True,bounded
178,0.0,0.7058823529411764,0.0,0.0,0.0,0.0,0.0,0.0,0.0,84.70588235294117,0.0,0.0,0.0,0.0,0.0,0.0,0.7058823529411764,84.70588235294117,0.0,0.7058823529411764,True,True,True,True,True,True,bounded
179,0.0,0.0,0.0,0.2039215686274509,0.0,0.0,0.0,0.0,0.0,0.0,0.0,24.47058823529411,0.0,0.0,0.0,0.0,0.2039215686274509,24.47058823529411,0.0,0.2039215686274509,True,True,True,True,True,True,bounded
180,0.0,0.0,0.0,0.0,0.9058823529411764,0.0,0.0,0.0,0.0,0.0,0.0,0.0,108.70588235294116,0.0,0.0,0.0,0.9058823529411764,108.70588235294116,0.0,0.9058823529411764,True,True,True,True,True,True,bounded
181,0.0,0.0,0.0,0.9058823529411764,0.0,0.0,0.0,0.0,0.0,0.0,0.0,108.70588235294116,0.0,0.0,0.0,0.0,0.9058823529411764,108.70588235294116,0.0,0.9058823529411764,True,True,True,True,True,True,bounded
182,0.0,0.0,0.0,0.0,0.9098039215686275,0.0,0.0,0.0,0.0,0.0,0.0,0.0,109.1764705882353,0.0,0.0,0.0,0.9098039215686275,109.1764705882353,0.0,0.9098039215686275,True,True,True,True,True,True,bounded
183,0.0,0.0,0.0,0.9098039215686275,0.0,0.0,0.0,0.0,0.0,0.0,0.0,109.1764705882353,0.0,0.0,0.0,0.0,0.9098039215686275,109.1764705882353,0.0,0.9098039215686275,True,True,True,True,True,True,bounded
184,0.0,0.0,0.8666666666666667,0.0,0.0,0.0,0.0,0.0,0.0,0.0,104.0,0.0,0.0,0.0,0.0,0.0,0.8666666666666667,104.0,0.0,0.8666666666666667,True,True,True,True,True,True,bounded
185,0.0,0.0,0.0,0.0,0.184313725490196,0.0,0.0,0.0,0.0,0.0,0.0,0.0,22.117647058823522,0.0,0.0,0.0,0.184313725490196,22.117647058823522,0.0,0.184313725490196,True,True,True,True,True,True,bounded
186,0.0,0.8666666666666667,0.0,0.0,0.0,0.0,0.0,0.0,0.0,104.0,0.0,0.0,0.0,0.0,0.0,0.0,0.8666666666666667,104.0,0.0,0.8666666666666667,True,True,True,True,True,True,bounded
187,0.0,0.0,0.615686274509804,0.0,0.0,0.0,0.0,0.0,0.0,0.0,73.88235294117648,0.0,0.0,0.0,0.0,0.0,0.615686274509804,73.88235294117648,0.0,0.615686274509804,True,True,True,True,True,True,bounded
188,0.0,0.0,0.0,0.184313725490196,0.0,0.0,0.0,0.0,0.0,0.0,0.0,22.117647058823522,0.0,0.0,0.0,0.0,0.184313725490196,22.117647058823522,0.0,0.184313725490196,True,True,True,True,True,True,bounded
189,0.0,0.0,0.0,0.0,0.0745098039215686,0.0,0.0,0.0,0.0,0.0,0.0,0.0,8.941176470588232,0.0,0.0,0.0,0.0745098039215686,8.941176470588232,0.0,0.0745098039215686,True,True,True,True,True,True,bounded
190,0.0,0.615686274509804,0.0,0.0,0.0,0.0,0.0,0.0,0.0,73.88235294117648,0.0,0.0,0.0,0.0,0.0,0.0,0.615686274509804,73.88235294117648,0.0,0.615686274509804,True,True,True,True,True,True,bounded
191,0.0,0.0,0.403921568627451,0.0,0.0,0.0,0.0,0.0,0.0,0.0,48.470588235294116,0.0,0.0,0.0,0.0,0.0,0.403921568627451,48.470588235294116,0.0,0.403921568627451,True,True,True,True,True,True,bounded
192,0.0,0.0,0.0,0.0745098039215686,0.0,0.0,0.0,0.0,0.0,0.0,0.0,8.941176470588232,0.0,0.0,0.0,0.0,0.0745098039215686,8.941176470588232,0.0,0.0745098039215686,True,True,True,True,True,True,bounded
193,0.0,0.403921568627451,0.0,0.0,0.0,0.0,0.0,0.0,0.0,48.470588235294116,0.0,0.0,0.0,0.0,0.0,0.0,0.403921568627451,48.470588235294116,0.0,0.403921568627451,True,True,True,True,True,True,bounded
194,0.0,0.0,0.2862745098039215,0.0,0.0,0.0,0.0,0.0,0.0,0.0,34.35294117647058,0.0,0.0,0.0,0.0,0.0,0.2862745098039215,34.35294117647058,0.0,0.2862745098039215,True,True,True,True,True,True,bounded
195,0.0,0.0,0.0,0.0,0.0784313725490195,0.0,0.0,0.0,0.0,0.0,0.0,0.0,9.411764705882339,0.0,0.0,0.0,0.0784313725490195,9.411764705882339,0.0,0.0784313725490195,True,True,True,True,True,True,bounded
196,0.0,0.2862745098039215,0.0,0.0,0.0,0.0,0.0,0.0,0.0,34.35294117647058,0.0,0.0,0.0,0.0,0.0,0.0,0.2862745098039215,34.35294117647058,0.0,0.2862745098039215,True,True,True,True,True,True,bounded
197,0.0,0.0,0.2392156862745098,0.0,0.0,0.0,0.0,0.0,0.0,0.0,28.705882352941174,0.0,0.0,0.0,0.0,0.0,0.2392156862745098,28.705882352941174,0.0,0.2392156862745098,True,True,True,True,True,True,bounded
198,0.0,0.0,0.0,0.0784313725490195,0.0,0.0,0.0,0.0,0.0,0.0,0.0,9.411764705882339,0.0,0.0,0.0,0.0,0.0784313725490195,9.411764705882339,0.0,0.0784313725490195,True,True,True,True,True,True,bounded
199,0.0,0.2392156862745098,0.0,0.0,0.0,0.0,0.0,0.0,0.0,28.705882352941174,0.0,0.0,0.0,0.0,0.0,0.0,0.2392156862745098,28.705882352941174,0.0,0.2392156862745098,True,True,True,True,True,True,bounded
200,0.0,0.0,0.2823529411764705,0.0,0.0,0.0,0.0,0.0,0.0,0.0,33.88235294117646,0.0,0.0,0.0,0.0,0.0,0.2823529411764705,33.88235294117646,0.0,0.2823529411764705,True,True,True,True,True,True,bounded
201,0.0,0.2823529411764705,0.0,0.0,0.0,0.0,0.0,0.0,0.0,33.88235294117646,0.0,0.0,0.0,0.0,0.0,0.0,0.2823529411764705,33.88235294117646,0.0,0.2823529411764705,True,True,True,True,True,True,bounded
202,0.0,0.0,0.3921568627450979,0.0,0.0,0.0,0.0,0.0,0.0,0.0,47.058823529411754,0.0,0.0,0.0,0.0,0.0,0.3921568627450979,47.058823529411754,0.0,0.3921568627450979,True,True,True,True,True,True,bounded
203,0.0,0.3921568627450979,0.0,0.0,0.0,0.0,0.0,0.0,0.0,47.058823529411754,0.0,0.0,0.0,0.0,0.0,0.0,0.3921568627450979,47.058823529411754,0.0,0.3921568627450979,True,True,True,True,True,True,bounded
204,0.0,0.0,0.6,0.0,0.0,0.0,0.0,0.0,0.0,0.0,72.0,0.0,0.0,0.0,0.0,0.0,0.6,72.0,0.0,0.6,True,True,True,True,True,True,bounded
205,0.0,0.6,0.0,0.0,0.0,0.0,0.0,0.0,0.0,72.0,0.0,0.0,0.0,0.0,0.0,0.0,0.6,72.0,0.0,0.6,True,True,True,True,True,True,bounded
206,0.0,0.0,0.8784313725490196,0.0,0.0,0.0,0.0,0.0,0.0,0.0,105.41176470588235,0.0,0.0,0.0,0.0,0.0,0.8784313725490196,105.41176470588235,0.0,0.8784313725490196,True,True,True,True,True,True,bounded
207,0.0,0.0,0.0,0.0,0.192156862745098,0.0,0.0,0.0,0.0,0.0,0.0,0.0,23.05882352941176,0.0,0.0,0.0,0.192156862745098,23.05882352941176,0.0,0.192156862745098,True,True,True,True,True,True,bounded
208,0.0,0.8784313725490196,0.0,0.0,0.0,0.0,0.0,0.0,0.0,105.41176470588235,0.0,0.0,0.0,0.0,0.0,0.0,0.8784313725490196,105.41176470588235,0.0,0.8784313725490196,True,True,True,True,True,True,bounded
209,0.0,0.0,0.0,0.192156862745098,0.0,0.0,0.0,0.0,0.0,0.0,0.0,23.05882352941176,0.0,0.0,0.0,0.0,0.192156862745098,23.05882352941176,0.0,0.192156862745098,True,True,True,True,True,True,bounded
210,0.0,0.0,0.0,0.0,0.6039215686274509,0.0,0.0,0.0,0.0,0.0,0.0,0.0,72.47058823529412,0.0,0.0,0.0,0.6039215686274509,72.47058823529412,0.0,0.6039215686274509,True,True,True,True,True,True,bounded
211,0.0,0.0,0.0,0.6039215686274509,0.0,0.0,0.0,0.0,0.0,0.0,0.0,72.47058823529412,0.0,0.0,0.0,0.0,0.6039215686274509,72.47058823529412,0.0,0.6039215686274509,True,True,True,True,True,True,bounded
212,0.0,0.0,0.0,0.0,0.996078431372549,0.0,0.0,0.0,0.0,0.0,0.0,0.0,119.52941176470588,0.0,0.0,0.0,0.996078431372549,119.52941176470588,0.0,0.996078431372549,True,True,True,True,True,True,bounded
213,0.0,0.0,0.0,0.996078431372549,0.0,0.0,0.0,0.0,0.0,0.0,0.0,119.52941176470588,0.0,0.0,0.0,0.0,0.996078431372549,119.52941176470588,0.0,0.996078431372549,True,True,True,True,True,True,bounded
214,0.0,0.0,0.952941176470588,0.0,0.0,0.0,0.0,0.0,0.0,0.0,114.35294117647055,0.0,0.0,0.0,0.0,0.0,0.952941176470588,114.35294117647055,0.0,0.952941176470588,True,True,True,True,True,True,bounded
215,0.0,0.0,0.0,0.0,0.8039215686274511,0.0,0.0,0.0,0.0,0.0,0.0,0.0,96.47058823529413,0.0,0.0,0.0,0.8039215686274511,96.47058823529413,0.0,0.8039215686274511,True,True,True,True,True,True,bounded
216,0.0,0.952941176470588,0.0,0.0,0.0,0.0,0.0,0.0,0.0,114.35294117647055,0.0,0.0,0.0,0.0,0.0,0.0,0.952941176470588,114.35294117647055,0.0,0.952941176470588,True,True,True,True,True,True,bounded
217,0.0,0.0,0.2666666666666666,0.0,0.0,0.0,0.0,0.0,0.0,0.0,31.999999999999993,0.0,0.0,0.0,0.0,0.0,0.2666666666666666,31.999999999999993,0.0,0.2666666666666666,True,True,True,True,True,True,bounded
218,0.0,0.0,0.0,0.8039215686274511,0.0,0.0,0.0,0.0,0.0,0.0,0.0,96.47058823529413,0.0,0.0,0.0,0.0,0.8039215686274511,96.47058823529413,0.0,0.8039215686274511,True,True,True,True,True,True,bounded
219,0.0,0.0,0.0,0.0,0.1294117647058823,0.0,0.0,0.0,0.0,0.0,0.0,0.0,15.529411764705877,0.0,0.0,0.0,0.1294117647058823,15.529411764705877,0.0,0.1294117647058823,True,True,True,True,True,True,bounded
220,0.0,0.2666666666666666,0.0,0.0,0.0,0.0,0.0,0.0,0.0,31.999999999999993,0.0,0.0,0.0,0.0,0.0,0.0,0.2666666666666666,31.999999999999993,0.0,0.2666666666666666,True,True,True,True,True,True,bounded
221,0.0,0.0,0.0627450980392156,0.0,0.0,0.0,0.0,0.0,0.0,0.0,7.5294117647058725,0.0,0.0,0.0,0.0,0.0,0.0627450980392156,7.5294117647058725,0.0,0.0627450980392156,True,True,True,True,True,True,bounded
222,0.0,0.0,0.0,0.1294117647058823,0.0,0.0,0.0,0.0,0.0,0.0,0.0,15.529411764705877,0.0,0.0,0.0,0.0,0.1294117647058823,15.529411764705877,0.0,0.1294117647058823,True,True,True,True,True,True,bounded
223,0.0,0.0,0.0,0.0,0.0901960784313725,0.0,0.0,0.0,0.0,0.0,0.0,0.0,10.823529411764701,0.0,0.0,0.0,0.0901960784313725,10.823529411764701,0.0,0.0901960784313725,True,True,True,True,True,True,bounded
224,0.0,0.0627450980392156,0.0,0.0,0.0,0.0,0.0,0.0,0.0,7.5294117647058725,0.0,0.0,0.0,0.0,0.0,0.0,0.0627450980392156,7.5294117647058725,0.0,0.0627450980392156,True,True,True,True,True,True,bounded
225,0.0,0.0,0.0980392156862744,0.0,0.0,0.0,0.0,0.0,0.0,0.0,11.764705882352928,0.0,0.0,0.0,0.0,0.0,0.0980392156862744,11.764705882352928,0.0,0.0980392156862744,True,True,True,True,True,True,bounded
226,0.0,0.0,0.0,0.0901960784313725,0.0,0.0,0.0,0.0,0.0,0.0,0.0,10.823529411764701,0.0,0.0,0.0,0.0,0.0901960784313725,10.823529411764701,0.0,0.0901960784313725,True,True,True,True,True,True,bounded
227,0.0,0.0,0.0,0.0,0.1098039215686274,0.0,0.0,0.0,0.0,0.0,0.0,0.0,13.176470588235286,0.0,0.0,0.0,0.1098039215686274,13.176470588235286,0.0,0.1098039215686274,True,True,True,True,True,True,bounded
228,0.0,0.0980392156862744,0.0,0.0,0.0,0.0,0.0,0.0,0.0,11.764705882352928,0.0,0.0,0.0,0.0,0.0,0.0,0.0980392156862744,11.764705882352928,0.0,0.0980392156862744,True,True,True,True,True,True,bounded
229,0.0,0.0,0.0,0.1098039215686274,0.0,0.0,0.0,0.0,0.0,0.0,0.0,13.176470588235286,0.0,0.0,0.0,0.0,0.1098039215686274,13.176470588235286,0.0,0.1098039215686274,True,True,True,True,True,True,bounded
230,0.0,0.0,0.0941176470588235,0.0,0.0,0.0,0.0,0.0,0.0,0.0,11.29411764705882,0.0,0.0,0.0,0.0,0.0,0.0941176470588235,11.29411764705882,0.0,0.0941176470588235,True,True,True,True,True,True,bounded
231,0.0,0.0941176470588235,0.0,0.0,0.0,0.0,0.0,0.0,0.0,11.29411764705882,0.0,0.0,0.0,0.0,0.0,0.0,0.0941176470588235,11.29411764705882,0.0,0.0941176470588235,True,True,True,True,True,True,bounded
232,0.0,0.0,0.0666666666666666,0.0,0.0,0.0,0.0,0.0,0.0,0.0,7.999999999999991,0.0,0.0,0.0,0.0,0.0,0.0666666666666666,7.999999999999991,0.0,0.0666666666666666,True,True,True,True,True,True,bounded
233,0.0,0.0666666666666666,0.0,0.0,0.0,0.0,0.0,0.0,0.0,7.999999999999991,0.0,0.0,0.0,0.0,0.0,0.0,0.0666666666666666,7.999999999999991,0.0,0.0666666666666666,True,True,True,True,True,True,bounded
234,0.0,0.0,0.6078431372549019,0.0,0.0,0.0,0.0,0.0,0.0,0.0,72.94117647058823,0.0,0.0,0.0,0.0,0.0,0.6078431372549019,72.94117647058823,0.0,0.6078431372549019,True,True,True,True,True,True,bounded
235,0.0,0.6078431372549019,0.0,0.0,0.0,0.0,0.0,0.0,0.0,72.94117647058823,0.0,0.0,0.0,0.0,0.0,0.0,0.6078431372549019,72.94117647058823,0.0,0.6078431372549019,True,True,True,True,True,True,bounded
236,0.0,0.0,0.0,0.0,0.9490196078431372,0.0,0.0,0.0,0.0,0.0,0.0,0.0,113.88235294117646,0.0,0.0,0.0,0.9490196078431372,113.88235294117646,0.0,0.9490196078431372,True,True,True,True,True,True,bounded
237,0.0,0.0,0.0,0.9490196078431372,0.0,0.0,0.0,0.0,0.0,0.0,0.0,113.88235294117646,0.0,0.0,0.0,0.0,0.9490196078431372,113.88235294117646,0.0,0.9490196078431372,True,True,True,True,True,True,bounded
238,0.0,0.0,0.984313725490196,0.0,0.0,0.0,0.0,0.0,0.0,0.0,118.11764705882352,0.0,0.0,0.0,0.0,0.0,0.984313725490196,118.11764705882352,0.0,0.984313725490196,True,True,True,True,True,True,bounded
239,0.0,0.0,0.0,0.0,0.8549019607843135,0.0,0.0,0.0,0.0,0.0,0.0,0.0,102.58823529411761,0.0,0.0,0.0,0.8549019607843135,102.58823529411761,0.0,0.8549019607843135,True,True,True,True,True,True,bounded
240,0.0,0.984313725490196,0.0,0.0,0.0,0.0,0.0,0.0,0.0,118.11764705882352,0.0,0.0,0.0,0.0,0.0,0.0,0.984313725490196,118.11764705882352,0.0,0.984313725490196,True,True,True,True,True,True,bounded
241,0.0,0.0,0.0,0.8549019607843135,0.0,0.0,0.0,0.0,0.0,0.0,0.0,102.58823529411761,0.0,0.0,0.0,0.0,0.8549019607843135,102.58823529411761,0.0,0.8549019607843135,True,True,True,True,True,True,bounded
242,0.0,0.0,0.0,0.0,0.1686274509803921,0.0,0.0,0.0,0.0,0.0,0.0,0.0,20.235294117647054,0.0,0.0,0.0,0.1686274509803921,20.235294117647054,0.0,0.1686274509803921,True,True,True,True,True,True,bounded
243,0.0,0.0,0.0549019607843137,0.0,0.0,0.0,0.0,0.0,0.0,0.0,6.588235294117643,0.0,0.0,0.0,0.0,0.0,0.0549019607843137,6.588235294117643,0.0,0.0549019607843137,True,True,True,True,True,True,bounded
244,0.0,0.0,0.0,0.1686274509803921,0.0,0.0,0.0,0.0,0.0,0.0,0.0,20.235294117647054,0.0,0.0,0.0,0.0,0.1686274509803921,20.235294117647054,0.0,0.1686274509803921,True,True,True,True,True,True,bounded
245,0.0,0.0549019607843137,0.0,0.0,0.0,0.0,0.0,0.0,0.0,6.588235294117643,0.0,0.0,0.0,0.0,0.0,0.0,0.0549019607843137,6.588235294117643,0.0,0.0549019607843137,True,True,True,True,True,True,bounded
246,0.0,0.0,0.0,0.0,0.1019607843137254,0.0,0.0,0.0,0.0,0.0,0.0,0.0,12.235294117647049,0.0,0.0,0.0,0.1019607843137254,12.235294117647049,0.0,0.1019607843137254,True,True,True,True,True,True,bounded
247,0.0,0.0,0.0509803921568627,0.0,0.0,0.0,0.0,0.0,0.0,0.0,6.1176470588235246,0.0,0.0,0.0,0.0,0.0,0.0509803921568627,6.1176470588235246,0.0,0.0509803921568627,True,True,True,True,True,True,bounded
248,0.0,0.0,0.0,0.1019607843137254,0.0,0.0,0.0,0.0,0.0,0.0,0.0,12.235294117647049,0.0,0.0,0.0,0.0,0.1019607843137254,12.235294117647049,0.0,0.1019607843137254,True,True,True,True,True,True,bounded
249,0.0,0.0,0.0,0.0,0.0588235294117647,0.0,0.0,0.0,0.0,0.0,0.0,0.0,7.058823529411764,0.0,0.0,0.0,0.0588235294117647,7.058823529411764,0.0,0.0588235294117647,True,True,True,True,True,True,bounded
250,0.0,0.0509803921568627,0.0,0.0,0.0,0.0,0.0,0.0,0.0,6.1176470588235246,0.0,0.0,0.0,0.0,0.0,0.0,0.0509803921568627,6.1176470588235246,0.0,0.0509803921568627,True,True,True,True,True,True,bounded
251,0.0,0.0,0.3490196078431372,0.0,0.0,0.0,0.0,0.0,0.0,0.0,41.882352941176464,0.0,0.0,0.0,0.0,0.0,0.3490196078431372,41.882352941176464,0.0,0.3490196078431372,True,True,True,True,True,True,bounded
252,0.0,0.0,0.0,0.0588235294117647,0.0,0.0,0.0,0.0,0.0,0.0,0.0,7.058823529411764,0.0,0.0,0.0,0.0,0.0588235294117647,7.058823529411764,0.0,0.0588235294117647,True,True,True,True,True,True,bounded
253,0.0,0.0,0.0,0.0,0.576470588235294,0.0,0.0,0.0,0.0,0.0,0.0,0.0,69.17647058823528,0.0,0.0,0.0,0.576470588235294,69.17647058823528,0.0,0.576470588235294,True,True,True,True,True,True,bounded
254,0.0,0.3490196078431372,0.0,0.0,0.0,0.0,0.0,0.0,0.0,41.882352941176464,0.0,0.0,0.0,0.0,0.0,0.0,0.3490196078431372,41.882352941176464,0.0,0.3490196078431372,True,True,True,True,True,True,bounded
255,0.0,0.0,0.9882352941176468,0.0,0.0,0.0,0.0,0.0,0.0,0.0,118.58823529411761,0.0,0.0,0.0,0.0,0.0,0.9882352941176468,118.58823529411761,0.0,0.9882352941176468,True,True,True,True,True,True,bounded
256,0.0,0.0,0.0,0.576470588235294,0.0,0.0,0.0,0.0,0.0,0.0,0.0,69.17647058823528,0.0,0.0,0.0,0.0,0.576470588235294,69.17647058823528,0.0,0.576470588235294,True,True,True,True,True,True,bounded
257,0.0,0.9882352941176468,0.0,0.0,0.0,0.0,0.0,0.0,0.0,118.58823529411761,0.0,0.0,0.0,0.0,0.0,0.0,0.9882352941176468,118.58823529411761,0.0,0.9882352941176468,True,True,True,True,True,True,bounded
258,0.0,0.0,0.0,0.0,0.2549019607843137,0.0,0.0,0.0,0.0,0.0,0.0,0.0,30.588235294117645,0.0,0.0,0.0,0.2549019607843137,30.588235294117645,0.0,0.2549019607843137,True,True,True,True,True,True,bounded
259,0.0,0.0,0.4117647058823528,0.0,0.0,0.0,0.0,0.0,0.0,0.0,49.411764705882334,0.0,0.0,0.0,0.0,0.0,0.4117647058823528,49.411764705882334,0.0,0.4117647058823528,True,True,True,True,True,True,bounded
260,0.0,0.0,0.0,0.2549019607843137,0.0,0.0,0.0,0.0,0.0,0.0,0.0,30.588235294117645,0.0,0.0,0.0,0.0,0.2549019607843137,30.588235294117645,0.0,0.2549019607843137,True,True,True,True,True,True,bounded
261,0.0,0.0,0.0,0.0,0.2117647058823529,0.0,0.0,0.0,0.0,0.0,0.0,0.0,25.411764705882348,0.0,0.0,0.0,0.2117647058823529,25.411764705882348,0.0,0.2117647058823529,True,True,True,True,True,True,bounded
262,0.0,0.4117647058823528,0.0,0.0,0.0,0.0,0.0,0.0,0.0,49.411764705882334,0.0,0.0,0.0,0.0,0.0,0.0,0.4117647058823528,49.411764705882334,0.0,0.4117647058823528,True,True,True,True,True,True,bounded
263,0.0,0.0,0.2235294117647059,0.0,0.0,0.0,0.0,0.0,0.0,0.0,26.823529411764707,0.0,0.0,0.0,0.0,0.0,0.2235294117647059,26.823529411764707,0.0,0.2235294117647059,True,True,True,True,True,True,bounded
264,0.0,0.0,0.0,0.2117647058823529,0.0,0.0,0.0,0.0,0.0,0.0,0.0,25.411764705882348,0.0,0.0,0.0,0.0,0.2117647058823529,25.411764705882348,0.0,0.2117647058823529,True,True,True,True,True,True,bounded
265,0.0,0.0,0.0,0.0,0.2705882352941175,0.0,0.0,0.0,0.0,0.0,0.0,0.0,32.4705882352941,0.0,0.0,0.0,0.2705882352941175,32.4705882352941,0.0,0.2705882352941175,True,True,True,True,True,True,bounded
266,0.0,0.2235294117647059,0.0,0.0,0.0,0.0,0.0,0.0,0.0,26.823529411764707,0.0,0.0,0.0,0.0,0.0,0.0,0.2235294117647059,26.823529411764707,0.0,0.2235294117647059,True,True,True,True,True,True,bounded
267,0.0,0.0,0.207843137254902,0.0,0.0,0.0,0.0,0.0,0.0,0.0,24.94117647058824,0.0,0.0,0.0,0.0,0.0,0.207843137254902,24.94117647058824,0.0,0.207843137254902,True,True,True,True,True,True,bounded
268,0.0,0.0,0.0,0.2705882352941175,0.0,0.0,0.0,0.0,0.0,0.0,0.0,32.4705882352941,0.0,0.0,0.0,0.0,0.2705882352941175,32.4705882352941,0.0,0.2705882352941175,True,True,True,True,True,True,bounded
269,0.0,0.0,0.0,0.0,0.2980392156862745,0.0,0.0,0.0,0.0,0.0,0.0,0.0,35.76470588235294,0.0,0.0,0.0,0.2980392156862745,35.76470588235294,0.0,0.2980392156862745,True,True,True,True,True,True,bounded
270,0.0,0.207843137254902,0.0,0.0,0.0,0.0,0.0,0.0,0.0,24.94117647058824,0.0,0.0,0.0,0.0,0.0,0.0,0.207843137254902,24.94117647058824,0.0,0.207843137254902,True,True,True,True,True,True,bounded
271,0.0,0.0,0.2313725490196078,0.0,0.0,0.0,0.0,0.0,0.0,0.0,27.764705882352935,0.0,0.0,0.0,0.0,0.0,0.2313725490196078,27.764705882352935,0.0,0.2313725490196078,True,True,True,True,True,True,bounded
272,0.0,0.0,0.0,0.2980392156862745,0.0,0.0,0.0,0.0,0.0,0.0,0.0,35.76470588235294,0.0,0.0,0.0,0.0,0.2980392156862745,35.76470588235294,0.0,0.2980392156862745,True,True,True,True,True,True,bounded
273,0.0,0.0,0.0,0.0,0.3058823529411764,0.0,0.0,0.0,0.0,0.0,0.0,0.0,36.70588235294117,0.0,0.0,0.0,0.3058823529411764,36.70588235294117,0.0,0.3058823529411764,True,True,True,True,True,True,bounded
274,0.0,0.2313725490196078,0.0,0.0,0.0,0.0,0.0,0.0,0.0,27.764705882352935,0.0,0.0,0.0,0.0,0.0,0.0,0.2313725490196078,27.764705882352935,0.0,0.2313725490196078,True,True,True,True,True,True,bounded
275,0.0,0.0,0.2470588235294117,0.0,0.0,0.0,0.0,0.0,0.0,0.0,29.647058823529402,0.0,0.0,0.0,0.0,0.0,0.2470588235294117,29.647058823529402,0.0,0.2470588235294117,True,True,True,True,True,True,bounded
276,0.0,0.0,0.0,0.3058823529411764,0.0,0.0,0.0,0.0,0.0,0.0,0.0,36.70588235294117,0.0,0.0,0.0,0.0,0.3058823529411764,36.70588235294117,0.0,0.3058823529411764,True,True,True,True,True,True,bounded
277,0.0,0.0,0.0,0.0,0.3098039215686274,0.0,0.0,0.0,0.0,0.0,0.0,0.0,37.17647058823529,0.0,0.0,0.0,0.3098039215686274,37.17647058823529,0.0,0.3098039215686274,True,True,True,True,True,True,bounded
278,0.0,0.2470588235294117,0.0,0.0,0.0,0.0,0.0,0.0,0.0,29.647058823529402,0.0,0.0,0.0,0.0,0.0,0.0,0.2470588235294117,29.647058823529402,0.0,0.2470588235294117,True,True,True,True,True,True,bounded
279,0.0,0.0,0.0,0.3098039215686274,0.0,0.0,0.0,0.0,0.0,0.0,0.0,37.17647058823529,0.0,0.0,0.0,0.0,0.3098039215686274,37.17647058823529,0.0,0.3098039215686274,True,True,True,True,True,True,bounded
280,0.0,0.0,0.0,0.0,0.6470588235294118,0.0,0.0,0.0,0.0,0.0,0.0,0.0,77.64705882352942,0.0,0.0,0.0,0.6470588235294118,77.64705882352942,0.0,0.6470588235294118,True,True,True,True,True,True,bounded
281,0.0,0.0,0.6431372549019608,0.0,0.0,0.0,0.0,0.0,0.0,0.0,77.1764705882353,0.0,0.0,0.0,0.0,0.0,0.6431372549019608,77.1764705882353,0.0,0.6431372549019608,True,True,True,True,True,True,bounded
282,0.0,0.0,0.0,0.6470588235294118,0.0,0.0,0.0,0.0,0.0,0.0,0.0,77.64705882352942,0.0,0.0,0.0,0.0,0.6470588235294118,77.64705882352942,0.0,0.6470588235294118,True,True,True,True,True,True,bounded
283,0.0,0.0,0.0,0.0,0.5568627450980391,0.0,0.0,0.0,0.0,0.0,0.0,0.0,66.8235294117647,0.0,0.0,0.0,0.5568627450980391,66.8235294117647,0.0,0.5568627450980391,True,True,True,True,True,True,bounded
284,0.0,0.6431372549019608,0.0,0.0,0.0,0.0,0.0,0.0,0.0,77.1764705882353,0.0,0.0,0.0,0.0,0.0,0.0,0.6431372549019608,77.1764705882353,0.0,0.6431372549019608,True,True,True,True,True,True,bounded
285,0.0,0.0,0.196078431372549,0.0,0.0,0.0,0.0,0.0,0.0,0.0,23.529411764705877,0.0,0.0,0.0,0.0,0.0,0.196078431372549,23.529411764705877,0.0,0.196078431372549,True,True,True,True,True,True,bounded
286,0.0,0.0,0.0,0.5568627450980391,0.0,0.0,0.0,0.0,0.0,0.0,0.0,66.8235294117647,0.0,0.0,0.0,0.0,0.5568627450980391,66.8235294117647,0.0,0.5568627450980391,True,True,True,True,True,True,bounded
287,0.0,0.0,0.0,0.0,0.2352941176470588,0.0,0.0,0.0,0.0,0.0,0.0,0.0,28.235294117647054,0.0,0.0,0.0,0.2352941176470588,28.235294117647054,0.0,0.2352941176470588,True,True,True,True,True,True,bounded
288,0.0,0.196078431372549,0.0,0.0,0.0,0.0,0.0,0.0,0.0,23.529411764705877,0.0,0.0,0.0,0.0,0.0,0.0,0.196078431372549,23.529411764705877,0.0,0.196078431372549,True,True,True,True,True,True,bounded
289,0.0,0.0,0.3764705882352941,0.0,0.0,0.0,0.0,0.0,0.0,0.0,45.17647058823529,0.0,0.0,0.0,0.0,0.0,0.3764705882352941,45.17647058823529,0.0,0.3764705882352941,True,True,True,True,True,True,bounded
290,0.0,0.0,0.0,0.2352941176470588,0.0,0.0,0.0,0.0,0.0,0.0,0.0,28.235294117647054,0.0,0.0,0.0,0.0,0.2352941176470588,28.235294117647054,0.0,0.2352941176470588,True,True,True,True,True,True,bounded
291,0.0,0.3764705882352941,0.0,0.0,0.0,0.0,0.0,0.0,0.0,45.17647058823529,0.0,0.0,0.0,0.0,0.0,0.0,0.3764705882352941,45.17647058823529,0.0,0.3764705882352941,True,True,True,True,True,True,bounded
292,0.0,0.0,0.7803921568627451,0.0,0.0,0.0,0.0,0.0,0.0,0.0,93.6470588235294,0.0,0.0,0.0,0.0,0.0,0.7803921568627451,93.6470588235294,0.0,0.7803921568627451,True,True,True,True,True,True,bounded
293,0.0,0.7803921568627451,0.0,0.0,0.0,0.0,0.0,0.0,0.0,93.6470588235294,0.0,0.0,0.0,0.0,0.0,0.0,0.7803921568627451,93.6470588235294,0.0,0.7803921568627451,True,True,True,True,True,True,bounded
294,0.0,0.0,0.0,0.0,0.6627450980392156,0.0,0.0,0.0,0.0,0.0,0.0,0.0,79.52941176470587,0.0,0.0,0.0,0.6627450980392156,79.52941176470587,0.0,0.6627450980392156,True,True,True,True,True,True,bounded
295,0.0,0.0,0.0,0.6627450980392156,0.0,0.0,0.0,0.0,0.0,0.0,0.0,79.52941176470587,0.0,0.0,0.0,0.0,0.6627450980392156,79.52941176470587,0.0,0.6627450980392156,True,True,True,True,True,True,bounded
296,0.0,0.0,0.0,0.0,0.4745098039215686,0.0,0.0,0.0,0.0,0.0,0.0,0.0,56.94117647058823,0.0,0.0,0.0,0.4745098039215686,56.94117647058823,0.0,0.4745098039215686,True,True,True,True,True,True,bounded
297,0.0,0.0,0.0823529411764705,0.0,0.0,0.0,0.0,0.0,0.0,0.0,9.88235294117646,0.0,0.0,0.0,0.0,0.0,0.0823529411764705,9.88235294117646,0.0,0.0823529411764705,True,True,True,True,True,True,bounded
298,0.0,0.0,0.0,0.4745098039215686,0.0,0.0,0.0,0.0,0.0,0.0,0.0,56.94117647058823,0.0,0.0,0.0,0.0,0.4745098039215686,56.94117647058823,0.0,0.4745098039215686,True,True,True,True,True,True,bounded
299,0.0,0.0823529411764705,0.0,0.0,0.0,0.0,0.0,0.0,0.0,9.88235294117646,0.0,0.0,0.0,0.0,0.0,0.0,0.0823529411764705,9.88235294117646,0.0,0.0823529411764705,True,True,True,True,True,True,bounded
300,0.0,0.0,0.0862745098039215,0.0,0.0,0.0,0.0,0.0,0.0,0.0,10.35294117647058,0.0,0.0,0.0,0.0,0.0,0.0862745098039215,10.35294117647058,0.0,0.0862745098039215,True,True,True,True,True,True,bounded
301,0.0,0.0,0.0,0.0,0.1058823529411764,0.0,0.0,0.0,0.0,0.0,0.0,0.0,12.705882352941169,0.0,0.0,0.0,0.1058823529411764,12.705882352941169,0.0,0.1058823529411764,True,True,True,True,True,True,bounded
302,0.0,0.0862745098039215,0.0,0.0,0.0,0.0,0.0,0.0,0.0,10.35294117647058,0.0,0.0,0.0,0.0,0.0,0.0,0.0862745098039215,10.35294117647058,0.0,0.0862745098039215,True,True,True,True,True,True,bounded
303,0.0,0.0,0.0,0.1058823529411764,0.0,0.0,0.0,0.0,0.0,0.0,0.0,12.705882352941169,0.0,0.0,0.0,0.0,0.1058823529411764,12.705882352941169,0.0,0.1058823529411764,True,True,True,True,True,True,bounded
304,0.0,0.0,0.3725490196078431,0.0,0.0,0.0,0.0,0.0,0.0,0.0,44.705882352941174,0.0,0.0,0.0,0.0,0.0,0.3725490196078431,44.705882352941174,0.0,0.3725490196078431,True,True,True,True,True,True,bounded
305,0.0,0.3725490196078431,0.0,0.0,0.0,0.0,0.0,0.0,0.0,44.705882352941174,0.0,0.0,0.0,0.0,0.0,0.0,0.3725490196078431,44.705882352941174,0.0,0.3725490196078431,True,True,True,True,True,True,bounded
306,0.0,0.0,0.5058823529411764,0.0,0.0,0.0,0.0,0.0,0.0,0.0,60.705882352941174,0.0,0.0,0.0,0.0,0.0,0.5058823529411764,60.705882352941174,0.0,0.5058823529411764,True,True,True,True,True,True,bounded
307,0.0,0.5058823529411764,0.0,0.0,0.0,0.0,0.0,0.0,0.0,60.705882352941174,0.0,0.0,0.0,0.0,0.0,0.0,0.5058823529411764,60.705882352941174,0.0,0.5058823529411764,True,True,True,True,True,True,bounded
308,0.0,0.0,0.0705882352941176,0.0,0.0,0.0,0.0,0.0,0.0,0.0,8.470588235294112,0.0,0.0,0.0,0.0,0.0,0.0705882352941176,8.470588235294112,0.0,0.0705882352941176,True,True,True,True,True,True,bounded
309,0.0,0.0705882352941176,0.0,0.0,0.0,0.0,0.0,0.0,0.0,8.470588235294112,0.0,0.0,0.0,0.0,0.0,0.0,0.0705882352941176,8.470588235294112,0.0,0.0705882352941176,True,True,True,True,True,True,bounded
310,0.0,0.0,0.2039215686274509,0.0,0.0,0.0,0.0,0.0,0.0,0.0,24.47058823529411,0.0,0.0,0.0,0.0,0.0,0.2039215686274509,24.47058823529411,0.0,0.2039215686274509,True,True,True,True,True,True,bounded
311,0.0,0.0,0.0,0.0,0.388235294117647,0.0,0.0,0.0,0.0,0.0,0.0,0.0,46.58823529411764,0.0,0.0,0.0,0.388235294117647,46.58823529411764,0.0,0.388235294117647,True,True,True,True,True,True,bounded
312,0.0,0.2039215686274509,0.0,0.0,0.0,0.0,0.0,0.0,0.0,24.47058823529411,0.0,0.0,0.0,0.0,0.0,0.0,0.2039215686274509,24.47058823529411,0.0,0.2039215686274509,True,True,True,True,True,True,bounded
313,0.0,0.0,0.9058823529411764,0.0,0.0,0.0,0.0,0.0,0.0,0.0,108.70588235294116,0.0,0.0,0.0,0.0,0.0,0.9058823529411764,108.70588235294116,0.0,0.9058823529411764,True,True,True,True,True,True,bounded
314,0.0,0.0,0.0,0.388235294117647,0.0,0.0,0.0,0.0,0.0,0.0,0.0,46.58823529411764,0.0,0.0,0.0,0.0,0.388235294117647,46.58823529411764,0.0,0.388235294117647,True,True,True,True,True,True,bounded
315,0.0,0.9058823529411764,0.0,0.0,0.0,0.0,0.0,0.0,0.0,108.70588235294116,0.0,0.0,0.0,0.0,0.0,0.0,0.9058823529411764,108.70588235294116,0.0,0.9058823529411764,True,True,True,True,True,True,bounded
316,0.0,0.0,0.9098039215686275,0.0,0.0,0.0,0.0,0.0,0.0,0.0,109.1764705882353,0.0,0.0,0.0,0.0,0.0,0.9098039215686275,109.1764705882353,0.0,0.9098039215686275,True,True,True,True,True,True,bounded
317,0.0,0.9098039215686275,0.0,0.0,0.0,0.0,0.0,0.0,0.0,109.1764705882353,0.0,0.0,0.0,0.0,0.0,0.0,0.9098039215686275,109.1764705882353,0.0,0.9098039215686275,True,True,True,True,True,True,bounded
318,0.0,0.0,0.184313725490196,0.0,0.0,0.0,0.0,0.0,0.0,0.0,22.117647058823522,0.0,0.0,0.0,0.0,0.0,0.184313725490196,22.117647058823522,0.0,0.184313725490196,True,True,True,True,True,True,bounded
319,0.0,0.184313725490196,0.0,0.0,0.0,0.0,0.0,0.0,0.0,22.117647058823522,0.0,0.0,0.0,0.0,0.0,0.0,0.184313725490196,22.117647058823522,0.0,0.184313725490196,True,True,True,True,True,True,bounded
320,0.0,0.0,0.0745098039215686,0.0,0.0,0.0,0.0,0.0,0.0,0.0,8.941176470588232,0.0,0.0,0.0,0.0,0.0,0.0745098039215686,8.941176470588232,0.0,0.0745098039215686,True,True,True,True,True,True,bounded
321,0.0,0.0,0.0,0.0,0.1137254901960784,0.0,0.0,0.0,0.0,0.0,0.0,0.0,13.647058823529408,0.0,0.0,0.0,0.1137254901960784,13.647058823529408,0.0,0.1137254901960784,True,True,True,True,True,True,bounded
322,0.0,0.0745098039215686,0.0,0.0,0.0,0.0,0.0,0.0,0.0,8.941176470588232,0.0,0.0,0.0,0.0,0.0,0.0,0.0745098039215686,8.941176470588232,0.0,0.0745098039215686,True,True,True,True,True,True,bounded
323,0.0,0.0,0.0,0.1137254901960784,0.0,0.0,0.0,0.0,0.0,0.0,0.0,13.647058823529408,0.0,0.0,0.0,0.0,0.1137254901960784,13.647058823529408,0.0,0.1137254901960784,True,True,True,True,True,True,bounded
324,0.0,0.0,0.0,0.0,0.1176470588235294,0.0,0.0,0.0,0.0,0.0,0.0,0.0,14.117647058823527,0.0,0.0,0.0,0.1176470588235294,14.117647058823527,0.0,0.1176470588235294,True,True,True,True,True,True,bounded
325,0.0,0.0,0.0784313725490195,0.0,0.0,0.0,0.0,0.0,0.0,0.0,9.411764705882339,0.0,0.0,0.0,0.0,0.0,0.0784313725490195,9.411764705882339,0.0,0.0784313725490195,True,True,True,True,True,True,bounded
326,0.0,0.0,0.0,0.1176470588235294,0.0,0.0,0.0,0.0,0.0,0.0,0.0,14.117647058823527,0.0,0.0,0.0,0.0,0.1176470588235294,14.117647058823527,0.0,0.1176470588235294,True,True,True,True,True,True,bounded
327,0.0,0.0784313725490195,0.0,0.0,0.0,0.0,0.0,0.0,0.0,9.411764705882339,0.0,0.0,0.0,0.0,0.0,0.0,0.0784313725490195,9.411764705882339,0.0,0.0784313725490195,True,True,True,True,True,True,bounded
328,0.0,0.0,0.192156862745098,0.0,0.0,0.0,0.0,0.0,0.0,0.0,23.05882352941176,0.0,0.0,0.0,0.0,0.0,0.192156862745098,23.05882352941176,0.0,0.192156862745098,True,True,True,True,True,True,bounded
329,0.0,0.192156862745098,0.0,0.0,0.0,0.0,0.0,0.0,0.0,23.05882352941176,0.0,0.0,0.0,0.0,0.0,0.0,0.192156862745098,23.05882352941176,0.0,0.192156862745098,True,True,True,True,True,True,bounded
330,0.0,0.0,0.6039215686274509,0.0,0.0,0.0,0.0,0.0,0.0,0.0,72.47058823529412,0.0,0.0,0.0,0.0,0.0,0.6039215686274509,72.47058823529412,0.0,0.6039215686274509,True,True,True,True,True,True,bounded
331,0.0,0.6039215686274509,0.0,0.0,0.0,0.0,0.0,0.0,0.0,72.47058823529412,0.0,0.0,0.0,0.0,0.0,0.0,0.6039215686274509,72.47058823529412,0.0,0.6039215686274509,True,True,True,True,True,True,bounded
332,0.0,0.0,0.996078431372549,0.0,0.0,0.0,0.0,0.0,0.0,0.0,119.52941176470588,0.0,0.0,0.0,0.0,0.0,0.996078431372549,119.52941176470588,0.0,0.996078431372549,True,True,True,True,True,True,bounded
333,0.0,0.0,0.0,0.0,0.5019607843137254,0.0,0.0,0.0,0.0,0.0,0.0,0.0,60.235294117647044,0.0,0.0,0.0,0.5019607843137254,60.235294117647044,0.0,0.5019607843137254,True,True,True,True,True,True,bounded
334,0.0,0.996078431372549,0.0,0.0,0.0,0.0,0.0,0.0,0.0,119.52941176470588,0.0,0.0,0.0,0.0,0.0,0.0,0.996078431372549,119.52941176470588,0.0,0.996078431372549,True,True,True,True,True,True,bounded
335,0.0,0.0,0.0,0.5019607843137254,0.0,0.0,0.0,0.0,0.0,0.0,0.0,60.235294117647044,0.0,0.0,0.0,0.0,0.5019607843137254,60.235294117647044,0.0,0.5019607843137254,True,True,True,True,True,True,bounded
336,0.0,0.0,0.0,0.0,0.992156862745098,0.0,0.0,0.0,0.0,0.0,0.0,0.0,119.05882352941175,0.0,0.0,0.0,0.992156862745098,119.05882352941175,0.0,0.992156862745098,True,True,True,True,True,True,bounded
337,0.0,0.0,0.0,0.992156862745098,0.0,0.0,0.0,0.0,0.0,0.0,0.0,119.05882352941175,0.0,0.0,0.0,0.0,0.992156862745098,119.05882352941175,0.0,0.992156862745098,True,True,True,True,True,True,bounded
338,0.0,0.0,0.8039215686274511,0.0,0.0,0.0,0.0,0.0,0.0,0.0,96.47058823529413,0.0,0.0,0.0,0.0,0.0,0.8039215686274511,96.47058823529413,0.0,0.8039215686274511,True,True,True,True,True,True,bounded
339,0.0,0.8039215686274511,0.0,0.0,0.0,0.0,0.0,0.0,0.0,96.47058823529413,0.0,0.0,0.0,0.0,0.0,0.0,0.8039215686274511,96.47058823529413,0.0,0.8039215686274511,True,True,True,True,True,True,bounded
340,0.0,0.0,0.1294117647058823,0.0,0.0,0.0,0.0,0.0,0.0,0.0,15.529411764705877,0.0,0.0,0.0,0.0,0.0,0.1294117647058823,15.529411764705877,0.0,0.1294117647058823,True,True,True,True,True,True,bounded
341,0.0,0.1294117647058823,0.0,0.0,0.0,0.0,0.0,0.0,0.0,15.529411764705877,0.0,0.0,0.0,0.0,0.0,0.0,0.1294117647058823,15.529411764705877,0.0,0.1294117647058823,True,True,True,True,True,True,bounded
342,0.0,0.0,0.0901960784313725,0.0,0.0,0.0,0.0,0.0,0.0,0.0,10.823529411764701,0.0,0.0,0.0,0.0,0.0,0.0901960784313725,10.823529411764701,0.0,0.0901960784313725,True,True,True,True,True,True,bounded
343,0.0,0.0901960784313725,0.0,0.0,0.0,0.0,0.0,0.0,0.0,10.823529411764701,0.0,0.0,0.0,0.0,0.0,0.0,0.0901960784313725,10.823529411764701,0.0,0.0901960784313725,True,True,True,True,True,True,bounded
344,0.0,0.0,0.1098039215686274,0.0,0.0,0.0,0.0,0.0,0.0,0.0,13.176470588235286,0.0,0.0,0.0,0.0,0.0,0.1098039215686274,13.176470588235286,0.0,0.1098039215686274,True,True,True,True,True,True,bounded
345,0.0,0.1098039215686274,0.0,0.0,0.0,0.0,0.0,0.0,0.0,13.176470588235286,0.0,0.0,0.0,0.0,0.0,0.0,0.1098039215686274,13.176470588235286,0.0,0.1098039215686274,True,True,True,True,True,True,bounded
346,0.0,0.0,0.9490196078431372,0.0,0.0,0.0,0.0,0.0,0.0,0.0,113.88235294117646,0.0,0.0,0.0,0.0,0.0,0.9490196078431372,113.88235294117646,0.0,0.9490196078431372,True,True,True,True,True,True,bounded
347,0.0,0.0,0.0,0.0,0.6666666666666666,0.0,0.0,0.0,0.0,0.0,0.0,0.0,80.0,0.0,0.0,0.0,0.6666666666666666,80.0,0.0,0.6666666666666666,True,True,True,True,True,True,bounded
348,0.0,0.9490196078431372,0.0,0.0,0.0,0.0,0.0,0.0,0.0,113.88235294117646,0.0,0.0,0.0,0.0,0.0,0.0,0.9490196078431372,113.88235294117646,0.0,0.9490196078431372,True,True,True,True,True,True,bounded
349,0.0,0.0,0.0,0.6666666666666666,0.0,0.0,0.0,0.0,0.0,0.0,0.0,80.0,0.0,0.0,0.0,0.0,0.6666666666666666,80.0,0.0,0.6666666666666666,True,True,True,True,True,True,bounded
350,0.0,0.0,0.8549019607843135,0.0,0.0,0.0,0.0,0.0,0.0,0.0,102.58823529411761,0.0,0.0,0.0,0.0,0.0,0.8549019607843135,102.58823529411761,0.0,0.8549019607843135,True,True,True,True,True,True,bounded
351,0.0,0.0,0.0,0.0,0.6705882352941174,0.0,0.0,0.0,0.0,0.0,0.0,0.0,80.47058823529409,0.0,0.0,0.0,0.6705882352941174,80.47058823529409,0.0,0.6705882352941174,True,True,True,True,True,True,bounded
352,0.0,0.8549019607843135,0.0,0.0,0.0,0.0,0.0,0.0,0.0,102.58823529411761,0.0,0.0,0.0,0.0,0.0,0.0,0.8549019607843135,102.58823529411761,0.0,0.8549019607843135,True,True,True,True,True,True,bounded
353,0.0,0.0,0.1686274509803921,0.0,0.0,0.0,0.0,0.0,0.0,0.0,20.235294117647054,0.0,0.0,0.0,0.0,0.0,0.1686274509803921,20.235294117647054,0.0,0.1686274509803921,True,True,True,True,True,True,bounded
354,0.0,0.0,0.0,0.6705882352941174,0.0,0.0,0.0,0.0,0.0,0.0,0.0,80.47058823529409,0.0,0.0,0.0,0.0,0.6705882352941174,80.47058823529409,0.0,0.6705882352941174,True,True,True,True,True,True,bounded
355,0.0,0.1686274509803921,0.0,0.0,0.0,0.0,0.0,0.0,0.0,20.235294117647054,0.0,0.0,0.0,0.0,0.0,0.0,0.1686274509803921,20.235294117647054,0.0,0.1686274509803921,True,True,True,True,True,True,bounded
356,0.0,0.0,0.1019607843137254,0.0,0.0,0.0,0.0,0.0,0.0,0.0,12.235294117647049,0.0,0.0,0.0,0.0,0.0,0.1019607843137254,12.235294117647049,0.0,0.1019607843137254,True,True,True,True,True,True,bounded
357,0.0,0.1019607843137254,0.0,0.0,0.0,0.0,0.0,0.0,0.0,12.235294117647049,0.0,0.0,0.0,0.0,0.0,0.0,0.1019607843137254,12.235294117647049,0.0,0.1019607843137254,True,True,True,True,True,True,bounded
358,0.0,0.0,0.0588235294117647,0.0,0.0,0.0,0.0,0.0,0.0,0.0,7.058823529411764,0.0,0.0,0.0,0.0,0.0,0.0588235294117647,7.058823529411764,0.0,0.0588235294117647,True,True,True,True,True,True,bounded
359,0.0,0.0,0.0,0.0,0.1254901960784313,0.0,0.0,0.0,0.0,0.0,0.0,0.0,15.058823529411754,0.0,0.0,0.0,0.1254901960784313,15.058823529411754,0.0,0.1254901960784313,True,True,True,True,True,True,bounded
360,0.0,0.0588235294117647,0.0,0.0,0.0,0.0,0.0,0.0,0.0,7.058823529411764,0.0,0.0,0.0,0.0,0.0,0.0,0.0588235294117647,7.058823529411764,0.0,0.0588235294117647,True,True,True,True,True,True,bounded
361,0.0,0.0,0.576470588235294,0.0,0.0,0.0,0.0,0.0,0.0,0.0,69.17647058823528,0.0,0.0,0.0,0.0,0.0,0.576470588235294,69.17647058823528,0.0,0.576470588235294,True,True,True,True,True,True,bounded
362,0.0,0.0,0.0,0.1254901960784313,0.0,0.0,0.0,0.0,0.0,0.0,0.0,15.058823529411754,0.0,0.0,0.0,0.0,0.1254901960784313,15.058823529411754,0.0,0.1254901960784313,True,True,True,True,True,True,bounded
363,0.0,0.0,0.0,0.0,0.788235294117647,0.0,0.0,0.0,0.0,0.0,0.0,0.0,94.58823529411764,0.0,0.0,0.0,0.788235294117647,94.58823529411764,0.0,0.788235294117647,True,True,True,True,True,True,bounded
364,0.0,0.576470588235294,0.0,0.0,0.0,0.0,0.0,0.0,0.0,69.17647058823528,0.0,0.0,0.0,0.0,0.0,0.0,0.576470588235294,69.17647058823528,0.0,0.576470588235294,True,True,True,True,True,True,bounded
365,0.0,0.0,0.0,0.788235294117647,0.0,0.0,0.0,0.0,0.0,0.0,0.0,94.58823529411764,0.0,0.0,0.0,0.0,0.788235294117647,94.58823529411764,0.0,0.788235294117647,True,True,True,True,True,True,bounded
366,0.0,0.0,0.2549019607843137,0.0,0.0,0.0,0.0,0.0,0.0,0.0,30.588235294117645,0.0,0.0,0.0,0.0,0.0,0.2549019607843137,30.588235294117645,0.0,0.2549019607843137,True,True,True,True,True,True,bounded
367,0.0,0.2549019607843137,0.0,0.0,0.0,0.0,0.0,0.0,0.0,30.588235294117645,0.0,0.0,0.0,0.0,0.0,0.0,0.2549019607843137,30.588235294117645,0.0,0.2549019607843137,True,True,True,True,True,True,bounded
368,0.0,0.0,0.2117647058823529,0.0,0.0,0.0,0.0,0.0,0.0,0.0,25.411764705882348,0.0,0.0,0.0,0.0,0.0,0.2117647058823529,25.411764705882348,0.0,0.2117647058823529,True,True,True,True,True,True,bounded
369,0.0,0.2117647058823529,0.0,0.0,0.0,0.0,0.0,0.0,0.0,25.411764705882348,0.0,0.0,0.0,0.0,0.0,0.0,0.2117647058823529,25.411764705882348,0.0,0.2117647058823529,True,True,True,True,True,True,bounded
370,0.0,0.0,0.2705882352941175,0.0,0.0,0.0,0.0,0.0,0.0,0.0,32.4705882352941,0.0,0.0,0.0,0.0,0.0,0.2705882352941175,32.4705882352941,0.0,0.2705882352941175,True,True,True,True,True,True,bounded
371,0.0,0.0,0.0,0.0,0.3137254901960783,0.0,0.0,0.0,0.0,0.0,0.0,0.0,37.6470588235294,0.0,0.0,0.0,0.3137254901960783,37.6470588235294,0.0,0.3137254901960783,True,True,True,True,True,True,bounded
372,0.0,0.2705882352941175,0.0,0.0,0.0,0.0,0.0,0.0,0.0,32.4705882352941,0.0,0.0,0.0,0.0,0.0,0.0,0.2705882352941175,32.4705882352941,0.0,0.2705882352941175,True,True,True,True,True,True,bounded
373,0.0,0.0,0.2980392156862745,0.0,0.0,0.0,0.0,0.0,0.0,0.0,35.76470588235294,0.0,0.0,0.0,0.0,0.0,0.2980392156862745,35.76470588235294,0.0,0.2980392156862745,True,True,True,True,True,True,bounded
374,0.0,0.0,0.0,0.3137254901960783,0.0,0.0,0.0,0.0,0.0,0.0,0.0,37.6470588235294,0.0,0.0,0.0,0.0,0.3137254901960783,37.6470588235294,0.0,0.3137254901960783,True,True,True,True,True,True,bounded
375,0.0,0.0,0.0,0.0,0.3294117647058823,0.0,0.0,0.0,0.0,0.0,0.0,0.0,39.52941176470588,0.0,0.0,0.0,0.3294117647058823,39.52941176470588,0.0,0.3294117647058823,True,True,True,True,True,True,bounded
376,0.0,0.2980392156862745,0.0,0.0,0.0,0.0,0.0,0.0,0.0,35.76470588235294,0.0,0.0,0.0,0.0,0.0,0.0,0.2980392156862745,35.76470588235294,0.0,0.2980392156862745,True,True,True,True,True,True,bounded
377,0.0,0.0,0.3058823529411764,0.0,0.0,0.0,0.0,0.0,0.0,0.0,36.70588235294117,0.0,0.0,0.0,0.0,0.0,0.3058823529411764,36.70588235294117,0.0,0.3058823529411764,True,True,True,True,True,True,bounded
378,0.0,0.0,0.0,0.3294117647058823,0.0,0.0,0.0,0.0,0.0,0.0,0.0,39.52941176470588,0.0,0.0,0.0,0.0,0.3294117647058823,39.52941176470588,0.0,0.3294117647058823,True,True,True,True,True,True,bounded
379,0.0,0.0,0.0,0.0,0.3450980392156862,0.0,0.0,0.0,0.0,0.0,0.0,0.0,41.41176470588235,0.0,0.0,0.0,0.3450980392156862,41.41176470588235,0.0,0.3450980392156862,True,True,True,True,True,True,bounded
380,0.0,0.3058823529411764,0.0,0.0,0.0,0.0,0.0,0.0,0.0,36.70588235294117,0.0,0.0,0.0,0.0,0.0,0.0,0.3058823529411764,36.70588235294117,0.0,0.3058823529411764,True,True,True,True,True,True,bounded
381,0.0,0.0,0.3098039215686274,0.0,0.0,0.0,0.0,0.0,0.0,0.0,37.17647058823529,0.0,0.0,0.0,0.0,0.0,0.3098039215686274,37.17647058823529,0.0,0.3098039215686274,True,True,True,True,True,True,bounded
382,0.0,0.0,0.0,0.3450980392156862,0.0,0.0,0.0,0.0,0.0,0.0,0.0,41.41176470588235,0.0,0.0,0.0,0.0,0.3450980392156862,41.41176470588235,0.0,0.3450980392156862,True,True,True,True,True,True,bounded
383,0.0,0.3098039215686274,0.0,0.0,0.0,0.0,0.0,0.0,0.0,37.17647058823529,0.0,0.0,0.0,0.0,0.0,0.0,0.3098039215686274,37.17647058823529,0.0,0.3098039215686274,True,True,True,True,True,True,bounded
384,0.0,0.0,0.0,0.0,0.3647058823529411,0.0,0.0,0.0,0.0,0.0,0.0,0.0,43.764705882352935,0.0,0.0,0.0,0.3647058823529411,43.764705882352935,0.0,0.3647058823529411,True,True,True,True,True,True,bounded
385,0.0,0.0,0.6470588235294118,0.0,0.0,0.0,0.0,0.0,0.0,0.0,77.64705882352942,0.0,0.0,0.0,0.0,0.0,0.6470588235294118,77.64705882352942,0.0,0.6470588235294118,True,True,True,True,True,True,bounded
386,0.0,0.0,0.0,0.3647058823529411,0.0,0.0,0.0,0.0,0.0,0.0,0.0,43.764705882352935,0.0,0.0,0.0,0.0,0.3647058823529411,43.764705882352935,0.0,0.3647058823529411,True,True,True,True,True,True,bounded
387,0.0,0.0,0.0,0.0,0.7450980392156864,0.0,0.0,0.0,0.0,0.0,0.0,0.0,89.41176470588236,0.0,0.0,0.0,0.7450980392156864,89.41176470588236,0.0,0.7450980392156864,True,True,True,True,True,True,bounded
388,0.0,0.6470588235294118,0.0,0.0,0.0,0.0,0.0,0.0,0.0,77.64705882352942,0.0,0.0,0.0,0.0,0.0,0.0,0.6470588235294118,77.64705882352942,0.0,0.6470588235294118,True,True,True,True,True,True,bounded
389,0.0,0.0,0.5568627450980391,0.0,0.0,0.0,0.0,0.0,0.0,0.0,66.8235294117647,0.0,0.0,0.0,0.0,0.0,0.5568627450980391,66.8235294117647,0.0,0.5568627450980391,True,True,True,True,True,True,bounded
390,0.0,0.0,0.0,0.7450980392156864,0.0,0.0,0.0,0.0,0.0,0.0,0.0,89.41176470588236,0.0,0.0,0.0,0.0,0.7450980392156864,89.41176470588236,0.0,0.7450980392156864,True,True,True,True,True,True,bounded
391,0.0,0.0,0.0,0.0,0.4431372549019607,0.0,0.0,0.0,0.0,0.0,0.0,0.0,53.17647058823528,0.0,0.0,0.0,0.4431372549019607,53.17647058823528,0.0,0.4431372549019607,True,True,True,True,True,True,bounded
392,0.0,0.5568627450980391,0.0,0.0,0.0,0.0,0.0,0.0,0.0,66.8235294117647,0.0,0.0,0.0,0.0,0.0,0.0,0.5568627450980391,66.8235294117647,0.0,0.5568627450980391,True,True,True,True,True,True,bounded
393,0.0,0.0,0.2352941176470588,0.0,0.0,0.0,0.0,0.0,0.0,0.0,28.235294117647054,0.0,0.0,0.0,0.0,0.0,0.2352941176470588,28.235294117647054,0.0,0.2352941176470588,True,True,True,True,True,True,bounded
394,0.0,0.0,0.0,0.4431372549019607,0.0,0.0,0.0,0.0,0.0,0.0,0.0,53.17647058823528,0.0,0.0,0.0,0.0,0.4431372549019607,53.17647058823528,0.0,0.4431372549019607,True,True,True,True,True,True,bounded
395,0.0,0.0,0.0,0.0,0.2901960784313725,0.0,0.0,0.0,0.0,0.0,0.0,0.0,34.8235294117647,0.0,0.0,0.0,0.2901960784313725,34.8235294117647,0.0,0.2901960784313725,True,True,True,True,True,True,bounded
396,0.0,0.2352941176470588,0.0,0.0,0.0,0.0,0.0,0.0,0.0,28.235294117647054,0.0,0.0,0.0,0.0,0.0,0.0,0.2352941176470588,28.235294117647054,0.0,0.2352941176470588,True,True,True,True,True,True,bounded
397,0.0,0.0,0.0,0.2901960784313725,0.0,0.0,0.0,0.0,0.0,0.0,0.0,34.8235294117647,0.0,0.0,0.0,0.0,0.2901960784313725,34.8235294117647,0.0,0.2901960784313725,True,True,True,True,True,True,bounded
398,0.0,0.0,0.0,0.0,0.2941176470588234,0.0,0.0,0.0,0.0,0.0,0.0,0.0,35.294117647058805,0.0,0.0,0.0,0.2941176470588234,35.294117647058805,0.0,0.2941176470588234,True,True,True,True,True,True,bounded
399,0.0,0.0,0.0,0.2941176470588234,0.0,0.0,0.0,0.0,0.0,0.0,0.0,35.294117647058805,0.0,0.0,0.0,0.0,0.2941176470588234,35.294117647058805,0.0,0.2941176470588234,True,True,True,True,True,True,bounded
400,0.0,0.0,0.6627450980392156,0.0,0.0,0.0,0.0,0.0,0.0,0.0,79.52941176470587,0.0,0.0,0.0,0.0,0.0,0.6627450980392156,79.52941176470587,0.0,0.6627450980392156,True,True,True,True,True,True,bounded
401,0.0,0.6627450980392156,0.0,0.0,0.0,0.0,0.0,0.0,0.0,79.52941176470587,0.0,0.0,0.0,0.0,0.0,0.0,0.6627450980392156,79.52941176470587,0.0,0.6627450980392156,True,True,True,True,True,True,bounded
402,0.0,0.0,0.0,0.0,0.9647058823529412,0.0,0.0,0.0,0.0,0.0,0.0,0.0,115.76470588235294,0.0,0.0,0.0,0.9647058823529412,115.76470588235294,0.0,0.9647058823529412,True,True,True,True,True,True,bounded
403,0.0,0.0,0.4745098039215686,0.0,0.0,0.0,0.0,0.0,0.0,0.0,56.94117647058823,0.0,0.0,0.0,0.0,0.0,0.4745098039215686,56.94117647058823,0.0,0.4745098039215686,True,True,True,True,True,True,bounded
404,0.0,0.0,0.0,0.9647058823529412,0.0,0.0,0.0,0.0,0.0,0.0,0.0,115.76470588235294,0.0,0.0,0.0,0.0,0.9647058823529412,115.76470588235294,0.0,0.9647058823529412,True,True,True,True,True,True,bounded
405,0.0,0.4745098039215686,0.0,0.0,0.0,0.0,0.0,0.0,0.0,56.94117647058823,0.0,0.0,0.0,0.0,0.0,0.0,0.4745098039215686,56.94117647058823,0.0,0.4745098039215686,True,True,True,True,True,True,bounded
406,0.0,0.0,0.1058823529411764,0.0,0.0,0.0,0.0,0.0,0.0,0.0,12.705882352941169,0.0,0.0,0.0,0.0,0.0,0.1058823529411764,12.705882352941169,0.0,0.1058823529411764,True,True,True,True,True,True,bounded
407,0.0,0.1058823529411764,0.0,0.0,0.0,0.0,0.0,0.0,0.0,12.705882352941169,0.0,0.0,0.0,0.0,0.0,0.0,0.1058823529411764,12.705882352941169,0.0,0.1058823529411764,True,True,True,True,True,True,bounded
408,0.0,0.0,0.0,0.0,0.8431372549019607,0.0,0.0,0.0,0.0,0.0,0.0,0.0,101.17647058823528,0.0,0.0,0.0,0.8431372549019607,101.17647058823528,0.0,0.8431372549019607,True,True,True,True,True,True,bounded
409,0.0,0.0,0.0,0.8431372549019607,0.0,0.0,0.0,0.0,0.0,0.0,0.0,101.17647058823528,0.0,0.0,0.0,0.0,0.8431372549019607,101.17647058823528,0.0,0.8431372549019607,True,True,True,True,True,True,bounded
410,0.0,0.0,0.0,0.0,0.8823529411764706,0.0,0.0,0.0,0.0,0.0,0.0,0.0,105.88235294117646,0.0,0.0,0.0,0.8823529411764706,105.88235294117646,0.0,0.8823529411764706,True,True,True,True,True,True,bounded
411,0.0,0.0,0.0,0.8823529411764706,0.0,0.0,0.0,0.0,0.0,0.0,0.0,105.88235294117646,0.0,0.0,0.0,0.0,0.8823529411764706,105.88235294117646,0.0,0.8823529411764706,True,True,True,True,True,True,bounded
412,0.0,0.0,0.0,0.0,0.1568627450980392,0.0,0.0,0.0,0.0,0.0,0.0,0.0,18.823529411764707,0.0,0.0,0.0,0.1568627450980392,18.823529411764707,0.0,0.1568627450980392,True,True,True,True,True,True,bounded
413,0.0,0.0,0.0,0.1568627450980392,0.0,0.0,0.0,0.0,0.0,0.0,0.0,18.823529411764707,0.0,0.0,0.0,0.0,0.1568627450980392,18.823529411764707,0.0,0.1568627450980392,True,True,True,True,True,True,bounded
414,0.0,0.0,0.388235294117647,0.0,0.0,0.0,0.0,0.0,0.0,0.0,46.58823529411764,0.0,0.0,0.0,0.0,0.0,0.388235294117647,46.58823529411764,0.0,0.388235294117647,True,True,True,True,True,True,bounded
415,0.0,0.0,0.0,0.0,0.6117647058823529,0.0,0.0,0.0,0.0,0.0,0.0,0.0,73.41176470588235,0.0,0.0,0.0,0.6117647058823529,73.41176470588235,0.0,0.6117647058823529,True,True,True,True,True,True,bounded
416,0.0,0.388235294117647,0.0,0.0,0.0,0.0,0.0,0.0,0.0,46.58823529411764,0.0,0.0,0.0,0.0,0.0,0.0,0.388235294117647,46.58823529411764,0.0,0.388235294117647,True,True,True,True,True,True,bounded
417,0.0,0.0,0.0,0.6117647058823529,0.0,0.0,0.0,0.0,0.0,0.0,0.0,73.41176470588235,0.0,0.0,0.0,0.0,0.6117647058823529,73.41176470588235,0.0,0.6117647058823529,True,True,True,True,True,True,bounded
418,0.0,0.0,0.0,0.0,0.1764705882352941,0.0,0.0,0.0,0.0,0.0,0.0,0.0,21.176470588235293,0.0,0.0,0.0,0.1764705882352941,21.176470588235293,0.0,0.1764705882352941,True,True,True,True,True,True,bounded
419,0.0,0.0,0.0,0.1764705882352941,0.0,0.0,0.0,0.0,0.0,0.0,0.0,21.176470588235293,0.0,0.0,0.0,0.0,0.1764705882352941,21.176470588235293,0.0,0.1764705882352941,True,True,True,True,True,True,bounded
420,0.0,0.0,0.1137254901960784,0.0,0.0,0.0,0.0,0.0,0.0,0.0,13.647058823529408,0.0,0.0,0.0,0.0,0.0,0.1137254901960784,13.647058823529408,0.0,0.1137254901960784,True,True,True,True,True,True,bounded
421,0.0,0.1137254901960784,0.0,0.0,0.0,0.0,0.0,0.0,0.0,13.647058823529408,0.0,0.0,0.0,0.0,0.0,0.0,0.1137254901960784,13.647058823529408,0.0,0.1137254901960784,True,True,True,True,True,True,bounded
422,0.0,0.0,0.1176470588235294,0.0,0.0,0.0,0.0,0.0,0.0,0.0,14.117647058823527,0.0,0.0,0.0,0.0,0.0,0.1176470588235294,14.117647058823527,0.0,0.1176470588235294,True,True,True,True,True,True,bounded
423,0.0,0.1176470588235294,0.0,0.0,0.0,0.0,0.0,0.0,0.0,14.117647058823527,0.0,0.0,0.0,0.0,0.0,0.0,0.1176470588235294,14.117647058823527,0.0,0.1176470588235294,True,True,True,True,True,True,bounded
424,0.0,0.0,0.5019607843137254,0.0,0.0,0.0,0.0,0.0,0.0,0.0,60.235294117647044,0.0,0.0,0.0,0.0,0.0,0.5019607843137254,60.235294117647044,0.0,0.5019607843137254,True,True,True,True,True,True,bounded
425,0.0,0.5019607843137254,0.0,0.0,0.0,0.0,0.0,0.0,0.0,60.235294117647044,0.0,0.0,0.0,0.0,0.0,0.0,0.5019607843137254,60.235294117647044,0.0,0.5019607843137254,True,True,True,True,True,True,bounded
426,0.0,0.0,0.992156862745098,0.0,0.0,0.0,0.0,0.0,0.0,0.0,119.05882352941175,0.0,0.0,0.0,0.0,0.0,0.992156862745098,119.05882352941175,0.0,0.992156862745098,True,True,True,True,True,True,bounded
427,0.0,0.992156862745098,0.0,0.0,0.0,0.0,0.0,0.0,0.0,119.05882352941175,0.0,0.0,0.0,0.0,0.0,0.0,0.992156862745098,119.05882352941175,0.0,0.992156862745098,True,True,True,True,True,True,bounded
428,0.0,0.0,0.0,0.0,0.3960784313725489,0.0,0.0,0.0,0.0,0.0,0.0,0.0,47.52941176470587,0.0,0.0,0.0,0.3960784313725489,47.52941176470587,0.0,0.3960784313725489,True,True,True,True,True,True,bounded
429,0.0,0.0,0.0,0.3960784313725489,0.0,0.0,0.0,0.0,0.0,0.0,0.0,47.52941176470587,0.0,0.0,0.0,0.0,0.3960784313725489,47.52941176470587,0.0,0.3960784313725489,True,True,True,True,True,True,bounded
430,0.0,0.0,0.6666666666666666,0.0,0.0,0.0,0.0,0.0,0.0,0.0,80.0,0.0,0.0,0.0,0.0,0.0,0.6666666666666666,80.0,0.0,0.6666666666666666,True,True,True,True,True,True,bounded
431,0.0,0.6666666666666666,0.0,0.0,0.0,0.0,0.0,0.0,0.0,80.0,0.0,0.0,0.0,0.0,0.0,0.0,0.6666666666666666,80.0,0.0,0.6666666666666666,True,True,True,True,True,True,bounded
432,0.0,0.0,0.0,0.0,0.9764705882352942,0.0,0.0,0.0,0.0,0.0,0.0,0.0,117.1764705882353,0.0,0.0,0.0,0.9764705882352942,117.1764705882353,0.0,0.9764705882352942,True,True,True,True,True,True,bounded
433,0.0,0.0,0.0,0.9764705882352942,0.0,0.0,0.0,0.0,0.0,0.0,0.0,117.1764705882353,0.0,0.0,0.0,0.0,0.9764705882352942,117.1764705882353,0.0,0.9764705882352942,True,True,True,True,True,True,bounded
434,0.0,0.0,0.6705882352941174,0.0,0.0,0.0,0.0,0.0,0.0,0.0,80.47058823529409,0.0,0.0,0.0,0.0,0.0,0.6705882352941174,80.47058823529409,0.0,0.6705882352941174,True,True,True,True,True,True,bounded
435,0.0,0.0,0.0,0.0,0.4588235294117646,0.0,0.0,0.0,0.0,0.0,0.0,0.0,55.05882352941175,0.0,0.0,0.0,0.4588235294117646,55.05882352941175,0.0,0.4588235294117646,True,True,True,True,True,True,bounded
436,0.0,0.6705882352941174,0.0,0.0,0.0,0.0,0.0,0.0,0.0,80.47058823529409,0.0,0.0,0.0,0.0,0.0,0.0,0.6705882352941174,80.47058823529409,0.0,0.6705882352941174,True,True,True,True,True,True,bounded
437,0.0,0.0,0.0,0.4588235294117646,0.0,0.0,0.0,0.0,0.0,0.0,0.0,55.05882352941175,0.0,0.0,0.0,0.0,0.4588235294117646,55.05882352941175,0.0,0.4588235294117646,True,True,True,True,True,True,bounded
438,0.0,0.0,0.1254901960784313,0.0,0.0,0.0,0.0,0.0,0.0,0.0,15.058823529411754,0.0,0.0,0.0,0.0,0.0,0.1254901960784313,15.058823529411754,0.0,0.1254901960784313,True,True,True,True,True,True,bounded
439,0.0,0.1254901960784313,0.0,0.0,0.0,0.0,0.0,0.0,0.0,15.058823529411754,0.0,0.0,0.0,0.0,0.0,0.0,0.1254901960784313,15.058823529411754,0.0,0.1254901960784313,True,True,True,True,True,True,bounded
440,0.0,0.0,0.788235294117647,0.0,0.0,0.0,0.0,0.0,0.0,0.0,94.58823529411764,0.0,0.0,0.0,0.0,0.0,0.788235294117647,94.58823529411764,0.0,0.788235294117647,True,True,True,True,True,True,bounded
441,0.0,0.788235294117647,0.0,0.0,0.0,0.0,0.0,0.0,0.0,94.58823529411764,0.0,0.0,0.0,0.0,0.0,0.0,0.788235294117647,94.58823529411764,0.0,0.788235294117647,True,True,True,True,True,True,bounded
442,0.0,0.0,0.0,0.0,0.9294117647058824,0.0,0.0,0.0,0.0,0.0,0.0,0.0,111.52941176470588,0.0,0.0,0.0,0.9294117647058824,111.52941176470588,0.0,0.9294117647058824,True,True,True,True,True,True,bounded
443,0.0,0.0,0.0,0.9294117647058824,0.0,0.0,0.0,0.0,0.0,0.0,0.0,111.52941176470588,0.0,0.0,0.0,0.0,0.9294117647058824,111.52941176470588,0.0,0.9294117647058824,True,True,True,True,True,True,bounded
444,0.0,0.0,0.0,0.0,0.3176470588235293,0.0,0.0,0.0,0.0,0.0,0.0,0.0,38.117647058823515,0.0,0.0,0.0,0.3176470588235293,38.117647058823515,0.0,0.3176470588235293,True,True,True,True,True,True,bounded
445,0.0,0.0,0.0,0.3176470588235293,0.0,0.0,0.0,0.0,0.0,0.0,0.0,38.117647058823515,0.0,0.0,0.0,0.0,0.3176470588235293,38.117647058823515,0.0,0.3176470588235293,True,True,True,True,True,True,bounded
446,0.0,0.0,0.0,0.0,0.3019607843137254,0.0,0.0,0.0,0.0,0.0,0.0,0.0,36.23529411764705,0.0,0.0,0.0,0.3019607843137254,36.23529411764705,0.0,0.3019607843137254,True,True,True,True,True,True,bounded
447,0.0,0.0,0.0,0.3019607843137254,0.0,0.0,0.0,0.0,0.0,0.0,0.0,36.23529411764705,0.0,0.0,0.0,0.0,0.3019607843137254,36.23529411764705,0.0,0.3019607843137254,True,True,True,True,True,True,bounded
448,0.0,0.0,0.3137254901960783,0.0,0.0,0.0,0.0,0.0,0.0,0.0,37.6470588235294,0.0,0.0,0.0,0.0,0.0,0.3137254901960783,37.6470588235294,0.0,0.3137254901960783,True,True,True,True,True,True,bounded
449,0.0,0.3137254901960783,0.0,0.0,0.0,0.0,0.0,0.0,0.0,37.6470588235294,0.0,0.0,0.0,0.0,0.0,0.0,0.3137254901960783,37.6470588235294,0.0,0.3137254901960783,True,True,True,True,True,True,bounded
450,0.0,0.0,0.3294117647058823,0.0,0.0,0.0,0.0,0.0,0.0,0.0,39.52941176470588,0.0,0.0,0.0,0.0,0.0,0.3294117647058823,39.52941176470588,0.0,0.3294117647058823,True,True,True,True,True,True,bounded
451,0.0,0.3294117647058823,0.0,0.0,0.0,0.0,0.0,0.0,0.0,39.52941176470588,0.0,0.0,0.0,0.0,0.0,0.0,0.3294117647058823,39.52941176470588,0.0,0.3294117647058823,True,True,True,True,True,True,bounded
452,0.0,0.0,0.3450980392156862,0.0,0.0,0.0,0.0,0.0,0.0,0.0,41.41176470588235,0.0,0.0,0.0,0.0,0.0,0.3450980392156862,41.41176470588235,0.0,0.3450980392156862,True,True,True,True,True,True,bounded
453,0.0,0.0,0.0,0.0,0.4,0.0,0.0,0.0,0.0,0.0,0.0,0.0,48.0,0.0,0.0,0.0,0.4,48.0,0.0,0.4,True,True,True,True,True,True,bounded
454,0.0,0.3450980392156862,0.0,0.0,0.0,0.0,0.0,0.0,0.0,41.41176470588235,0.0,0.0,0.0,0.0,0.0,0.0,0.3450980392156862,41.41176470588235,0.0,0.3450980392156862,True,True,True,True,True,True,bounded
455,0.0,0.0,0.0,0.4,0.0,0.0,0.0,0.0,0.0,0.0,0.0,48.0,0.0,0.0,0.0,0.0,0.4,48.0,0.0,0.4,True,True,True,True,True,True,bounded
456,0.0,0.0,0.3647058823529411,0.0,0.0,0.0,0.0,0.0,0.0,0.0,43.764705882352935,0.0,0.0,0.0,0.0,0.0,0.3647058823529411,43.764705882352935,0.0,0.3647058823529411,True,True,True,True,True,True,bounded
457,0.0,0.3647058823529411,0.0,0.0,0.0,0.0,0.0,0.0,0.0,43.764705882352935,0.0,0.0,0.0,0.0,0.0,0.0,0.3647058823529411,43.764705882352935,0.0,0.3647058823529411,True,True,True,True,True,True,bounded
458,0.0,0.0,0.7450980392156864,0.0,0.0,0.0,0.0,0.0,0.0,0.0,89.41176470588236,0.0,0.0,0.0,0.0,0.0,0.7450980392156864,89.41176470588236,0.0,0.7450980392156864,True,True,True,True,True,True,bounded
459,0.0,0.0,0.0,0.0,0.76078431372549,0.0,0.0,0.0,0.0,0.0,0.0,0.0,91.29411764705881,0.0,0.0,0.0,0.76078431372549,91.29411764705881,0.0,0.76078431372549,True,True,True,True,True,True,bounded
460,0.0,0.7450980392156864,0.0,0.0,0.0,0.0,0.0,0.0,0.0,89.41176470588236,0.0,0.0,0.0,0.0,0.0,0.0,0.7450980392156864,89.41176470588236,0.0,0.7450980392156864,True,True,True,True,True,True,bounded
461,0.0,0.0,0.4431372549019607,0.0,0.0,0.0,0.0,0.0,0.0,0.0,53.17647058823528,0.0,0.0,0.0,0.0,0.0,0.4431372549019607,53.17647058823528,0.0,0.4431372549019607,True,True,True,True,True,True,bounded
462,0.0,0.0,0.0,0.76078431372549,0.0,0.0,0.0,0.0,0.0,0.0,0.0,91.29411764705881,0.0,0.0,0.0,0.0,0.76078431372549,91.29411764705881,0.0,0.76078431372549,True,True,True,True,True,True,bounded
463,0.0,0.4431372549019607,0.0,0.0,0.0,0.0,0.0,0.0,0.0,53.17647058823528,0.0,0.0,0.0,0.0,0.0,0.0,0.4431372549019607,53.17647058823528,0.0,0.4431372549019607,True,True,True,True,True,True,bounded
464,0.0,0.0,0.2901960784313725,0.0,0.0,0.0,0.0,0.0,0.0,0.0,34.8235294117647,0.0,0.0,0.0,0.0,0.0,0.2901960784313725,34.8235294117647,0.0,0.2901960784313725,True,True,True,True,True,True,bounded
465,0.0,0.2901960784313725,0.0,0.0,0.0,0.0,0.0,0.0,0.0,34.8235294117647,0.0,0.0,0.0,0.0,0.0,0.0,0.2901960784313725,34.8235294117647,0.0,0.2901960784313725,True,True,True,True,True,True,bounded
466,0.0,0.0,0.2941176470588234,0.0,0.0,0.0,0.0,0.0,0.0,0.0,35.294117647058805,0.0,0.0,0.0,0.0,0.0,0.2941176470588234,35.294117647058805,0.0,0.2941176470588234,True,True,True,True,True,True,bounded
467,0.0,0.2941176470588234,0.0,0.0,0.0,0.0,0.0,0.0,0.0,35.294117647058805,0.0,0.0,0.0,0.0,0.0,0.0,0.2941176470588234,35.294117647058805,0.0,0.2941176470588234,True,True,True,True,True,True,bounded
468,0.0,0.0,0.0,0.0,0.2274509803921568,0.0,0.0,0.0,0.0,0.0,0.0,0.0,27.294117647058815,0.0,0.0,0.0,0.2274509803921568,27.294117647058815,0.0,0.2274509803921568,True,True,True,True,True,True,bounded
469,0.0,0.0,0.0,0.2274509803921568,0.0,0.0,0.0,0.0,0.0,0.0,0.0,27.294117647058815,0.0,0.0,0.0,0.0,0.2274509803921568,27.294117647058815,0.0,0.2274509803921568,True,True,True,True,True,True,bounded
470,0.0,0.0,0.0,0.0,0.2784313725490196,0.0,0.0,0.0,0.0,0.0,0.0,0.0,33.411764705882355,0.0,0.0,0.0,0.2784313725490196,33.411764705882355,0.0,0.2784313725490196,True,True,True,True,True,True,bounded
471,0.0,0.0,0.0,0.2784313725490196,0.0,0.0,0.0,0.0,0.0,0.0,0.0,33.411764705882355,0.0,0.0,0.0,0.0,0.2784313725490196,33.411764705882355,0.0,0.2784313725490196,True,True,True,True,True,True,bounded
472,0.0,0.0,0.9647058823529412,0.0,0.0,0.0,0.0,0.0,0.0,0.0,115.76470588235294,0.0,0.0,0.0,0.0,0.0,0.9647058823529412,115.76470588235294,0.0,0.9647058823529412,True,True,True,True,True,True,bounded
473,0.0,0.0,0.0,0.0,0.8235294117647057,0.0,0.0,0.0,0.0,0.0,0.0,0.0,98.82352941176468,0.0,0.0,0.0,0.8235294117647057,98.82352941176468,0.0,0.8235294117647057,True,True,True,True,True,True,bounded
474,0.0,0.9647058823529412,0.0,0.0,0.0,0.0,0.0,0.0,0.0,115.76470588235294,0.0,0.0,0.0,0.0,0.0,0.0,0.9647058823529412,115.76470588235294,0.0,0.9647058823529412,True,True,True,True,True,True,bounded
475,0.0,0.0,0.0,0.8235294117647057,0.0,0.0,0.0,0.0,0.0,0.0,0.0,98.82352941176468,0.0,0.0,0.0,0.0,0.8235294117647057,98.82352941176468,0.0,0.8235294117647057,True,True,True,True,True,True,bounded
476,0.0,0.0,0.0,0.0,0.1450980392156862,0.0,0.0,0.0,0.0,0.0,0.0,0.0,17.411764705882344,0.0,0.0,0.0,0.1450980392156862,17.411764705882344,0.0,0.1450980392156862,True,True,True,True,True,True,bounded
477,0.0,0.0,0.0,0.1450980392156862,0.0,0.0,0.0,0.0,0.0,0.0,0.0,17.411764705882344,0.0,0.0,0.0,0.0,0.1450980392156862,17.411764705882344,0.0,0.1450980392156862,True,True,True,True,True,True,bounded
478,0.0,0.0,0.0,0.0,0.4980392156862745,0.0,0.0,0.0,0.0,0.0,0.0,0.0,59.76470588235294,0.0,0.0,0.0,0.4980392156862745,59.76470588235294,0.0,0.4980392156862745,True,True,True,True,True,True,bounded
479,0.0,0.0,0.0,0.4980392156862745,0.0,0.0,0.0,0.0,0.0,0.0,0.0,59.76470588235294,0.0,0.0,0.0,0.0,0.4980392156862745,59.76470588235294,0.0,0.4980392156862745,True,True,True,True,True,True,bounded
480,0.0,0.0,0.0,0.0,0.4862745098039216,0.0,0.0,0.0,0.0,0.0,0.0,0.0,58.352941176470594,0.0,0.0,0.0,0.4862745098039216,58.352941176470594,0.0,0.4862745098039216,True,True,True,True,True,True,bounded
481,0.0,0.0,0.0,0.4862745098039216,0.0,0.0,0.0,0.0,0.0,0.0,0.0,58.352941176470594,0.0,0.0,0.0,0.0,0.4862745098039216,58.352941176470594,0.0,0.4862745098039216,True,True,True,True,True,True,bounded
482,0.0,0.0,0.0,0.0,0.4705882352941177,0.0,0.0,0.0,0.0,0.0,0.0,0.0,56.47058823529412,0.0,0.0,0.0,0.4705882352941177,56.47058823529412,0.0,0.4705882352941177,True,True,True,True,True,True,bounded
483,0.0,0.0,0.0,0.4705882352941177,0.0,0.0,0.0,0.0,0.0,0.0,0.0,56.47058823529412,0.0,0.0,0.0,0.0,0.4705882352941177,56.47058823529412,0.0,0.4705882352941177,True,True,True,True,True,True,bounded
484,0.0,0.0,0.0,0.0,0.5529411764705882,0.0,0.0,0.0,0.0,0.0,0.0,0.0,66.35294117647058,0.0,0.0,0.0,0.5529411764705882,66.35294117647058,0.0,0.5529411764705882,True,True,True,True,True,True,bounded
485,0.0,0.0,0.8431372549019607,0.0,0.0,0.0,0.0,0.0,0.0,0.0,101.17647058823528,0.0,0.0,0.0,0.0,0.0,0.8431372549019607,101.17647058823528,0.0,0.8431372549019607,True,True,True,True,True,True,bounded
486,0.0,0.0,0.0,0.5529411764705882,0.0,0.0,0.0,0.0,0.0,0.0,0.0,66.35294117647058,0.0,0.0,0.0,0.0,0.5529411764705882,66.35294117647058,0.0,0.5529411764705882,True,True,True,True,True,True,bounded
487,0.0,0.8431372549019607,0.0,0.0,0.0,0.0,0.0,0.0,0.0,101.17647058823528,0.0,0.0,0.0,0.0,0.0,0.0,0.8431372549019607,101.17647058823528,0.0,0.8431372549019607,True,True,True,True,True,True,bounded
488,0.0,0.0,0.8823529411764706,0.0,0.0,0.0,0.0,0.0,0.0,0.0,105.88235294117646,0.0,0.0,0.0,0.0,0.0,0.8823529411764706,105.88235294117646,0.0,0.8823529411764706,True,True,True,True,True,True,bounded
489,0.0,0.8823529411764706,0.0,0.0,0.0,0.0,0.0,0.0,0.0,105.88235294117646,0.0,0.0,0.0,0.0,0.0,0.0,0.8823529411764706,105.88235294117646,0.0,0.8823529411764706,True,True,True,True,True,True,bounded
490,0.0,0.0,0.1568627450980392,0.0,0.0,0.0,0.0,0.0,0.0,0.0,18.823529411764707,0.0,0.0,0.0,0.0,0.0,0.1568627450980392,18.823529411764707,0.0,0.1568627450980392,True,True,True,True,True,True,bounded
491,0.0,0.1568627450980392,0.0,0.0,0.0,0.0,0.0,0.0,0.0,18.823529411764707,0.0,0.0,0.0,0.0,0.0,0.0,0.1568627450980392,18.823529411764707,0.0,0.1568627450980392,True,True,True,True,True,True,bounded
492,0.0,0.0,0.0,0.0,0.1411764705882352,0.0,0.0,0.0,0.0,0.0,0.0,0.0,16.941176470588225,0.0,0.0,0.0,0.1411764705882352,16.941176470588225,0.0,0.1411764705882352,True,True,True,True,True,True,bounded
493,0.0,0.0,0.6117647058823529,0.0,0.0,0.0,0.0,0.0,0.0,0.0,73.41176470588235,0.0,0.0,0.0,0.0,0.0,0.6117647058823529,73.41176470588235,0.0,0.6117647058823529,True,True,True,True,True,True,bounded
494,0.0,0.0,0.0,0.1411764705882352,0.0,0.0,0.0,0.0,0.0,0.0,0.0,16.941176470588225,0.0,0.0,0.0,0.0,0.1411764705882352,16.941176470588225,0.0,0.1411764705882352,True,True,True,True,True,True,bounded
495,0.0,0.6117647058823529,0.0,0.0,0.0,0.0,0.0,0.0,0.0,73.41176470588235,0.0,0.0,0.0,0.0,0.0,0.0,0.6117647058823529,73.41176470588235,0.0,0.6117647058823529,True,True,True,True,True,True,bounded
496,0.0,0.0,0.1764705882352941,0.0,0.0,0.0,0.0,0.0,0.0,0.0,21.176470588235293,0.0,0.0,0.0,0.0,0.0,0.1764705882352941,21.176470588235293,0.0,0.1764705882352941,True,True,True,True,True,True,bounded
497,0.0,0.1764705882352941,0.0,0.0,0.0,0.0,0.0,0.0,0.0,21.176470588235293,0.0,0.0,0.0,0.0,0.0,0.0,0.1764705882352941,21.176470588235293,0.0,0.1764705882352941,True,True,True,True,True,True,bounded
498,0.0,0.0,0.0,0.0,0.1803921568627451,0.0,0.0,0.0,0.0,0.0,0.0,0.0,21.647058823529413,0.0,0.0,0.0,0.1803921568627451,21.647058823529413,0.0,0.1803921568627451,True,True,True,True,True,True,bounded
499,0.0,0.0,0.0,0.1803921568627451,0.0,0.0,0.0,0.0,0.0,0.0,0.0,21.647058823529413,0.0,0.0,0.0,0.0,0.1803921568627451,21.647058823529413,0.0,0.1803921568627451,True,True,True,True,True,True,bounded
500,0.0,0.0,0.0,0.0,0.4078431372549019,0.0,0.0,0.0,0.0,0.0,0.0,0.0,48.941176470588225,0.0,0.0,0.0,0.4078431372549019,48.941176470588225,0.0,0.4078431372549019,True,True,True,True,True,True,bounded
501,0.0,0.0,0.0,0.4078431372549019,0.0,0.0,0.0,0.0,0.0,0.0,0.0,48.941176470588225,0.0,0.0,0.0,0.0,0.4078431372549019,48.941176470588225,0.0,0.4078431372549019,True,True,True,True,True,True,bounded
502,0.0,0.0,0.0,0.0,0.3254901960784313,0.0,0.0,0.0,0.0,0.0,0.0,0.0,39.05882352941176,0.0,0.0,0.0,0.3254901960784313,39.05882352941176,0.0,0.3254901960784313,True,True,True,True,True,True,bounded
503,0.0,0.0,0.0,0.3254901960784313,0.0,0.0,0.0,0.0,0.0,0.0,0.0,39.05882352941176,0.0,0.0,0.0,0.0,0.3254901960784313,39.05882352941176,0.0,0.3254901960784313,True,True,True,True,True,True,bounded
504,0.0,0.0,0.0,0.0,0.1333333333333333,0.0,0.0,0.0,0.0,0.0,0.0,0.0,15.999999999999996,0.0,0.0,0.0,0.1333333333333333,15.999999999999996,0.0,0.1333333333333333,True,True,True,True,True,True,bounded
505,0.0,0.0,0.0,0.1333333333333333,0.0,0.0,0.0,0.0,0.0,0.0,0.0,15.999999999999996,0.0,0.0,0.0,0.0,0.1333333333333333,15.999999999999996,0.0,0.1333333333333333,True,True,True,True,True,True,bounded
506,0.0,0.0,0.0,0.0,0.9176470588235291,0.0,0.0,0.0,0.0,0.0,0.0,0.0,110.1176470588235,0.0,0.0,0.0,0.9176470588235291,110.1176470588235,0.0,0.9176470588235291,True,True,True,True,True,True,bounded
507,0.0,0.0,0.3960784313725489,0.0,0.0,0.0,0.0,0.0,0.0,0.0,47.52941176470587,0.0,0.0,0.0,0.0,0.0,0.3960784313725489,47.52941176470587,0.0,0.3960784313725489,True,True,True,True,True,True,bounded
508,0.0,0.0,0.0,0.9176470588235291,0.0,0.0,0.0,0.0,0.0,0.0,0.0,110.1176470588235,0.0,0.0,0.0,0.0,0.9176470588235291,110.1176470588235,0.0,0.9176470588235291,True,True,True,True,True,True,bounded
509,0.0,0.0,0.0,0.0,0.2196078431372549,0.0,0.0,0.0,0.0,0.0,0.0,0.0,26.352941176470587,0.0,0.0,0.0,0.2196078431372549,26.352941176470587,0.0,0.2196078431372549,True,True,True,True,True,True,bounded
510,0.0,0.3960784313725489,0.0,0.0,0.0,0.0,0.0,0.0,0.0,47.52941176470587,0.0,0.0,0.0,0.0,0.0,0.0,0.3960784313725489,47.52941176470587,0.0,0.3960784313725489,True,True,True,True,True,True,bounded
511,0.0,0.0,0.0,0.2196078431372549,0.0,0.0,0.0,0.0,0.0,0.0,0.0,26.352941176470587,0.0,0.0,0.0,0.0,0.2196078431372549,26.352941176470587,0.0,0.2196078431372549,True,True,True,True,True,True,bounded
512,0.0,0.0,0.9764705882352942,0.0,0.0,0.0,0.0,0.0,0.0,0.0,117.1764705882353,0.0,0.0,0.0,0.0,0.0,0.9764705882352942,117.1764705882353,0.0,0.9764705882352942,True,True,True,True,True,True,bounded
513,0.0,0.0,0.0,0.0,0.7294117647058823,0.0,0.0,0.0,0.0,0.0,0.0,0.0,87.52941176470588,0.0,0.0,0.0,0.7294117647058823,87.52941176470588,0.0,0.7294117647058823,True,True,True,True,True,True,bounded
514,0.0,0.9764705882352942,0.0,0.0,0.0,0.0,0.0,0.0,0.0,117.1764705882353,0.0,0.0,0.0,0.0,0.0,0.0,0.9764705882352942,117.1764705882353,0.0,0.9764705882352942,True,True,True,True,True,True,bounded
515,0.0,0.0,0.0,0.7294117647058823,0.0,0.0,0.0,0.0,0.0,0.0,0.0,87.52941176470588,0.0,0.0,0.0,0.0,0.7294117647058823,87.52941176470588,0.0,0.7294117647058823,True,True,True,True,True,True,bounded
516,0.0,0.0,0.4588235294117646,0.0,0.0,0.0,0.0,0.0,0.0,0.0,55.05882352941175,0.0,0.0,0.0,0.0,0.0,0.4588235294117646,55.05882352941175,0.0,0.4588235294117646,True,True,True,True,True,True,bounded
517,0.0,0.0,0.0,0.0,0.2745098039215686,0.0,0.0,0.0,0.0,0.0,0.0,0.0,32.94117647058823,0.0,0.0,0.0,0.2745098039215686,32.94117647058823,0.0,0.2745098039215686,True,True,True,True,True,True,bounded
518,0.0,0.4588235294117646,0.0,0.0,0.0,0.0,0.0,0.0,0.0,55.05882352941175,0.0,0.0,0.0,0.0,0.0,0.0,0.4588235294117646,55.05882352941175,0.0,0.4588235294117646,True,True,True,True,True,True,bounded
519,0.0,0.0,0.0,0.2745098039215686,0.0,0.0,0.0,0.0,0.0,0.0,0.0,32.94117647058823,0.0,0.0,0.0,0.0,0.2745098039215686,32.94117647058823,0.0,0.2745098039215686,True,True,True,True,True,True,bounded
520,0.0,0.0,0.0,0.0,0.4392156862745097,0.0,0.0,0.0,0.0,0.0,0.0,0.0,52.70588235294116,0.0,0.0,0.0,0.4392156862745097,52.70588235294116,0.0,0.4392156862745097,True,True,True,True,True,True,bounded
521,0.0,0.0,0.0,0.4392156862745097,0.0,0.0,0.0,0.0,0.0,0.0,0.0,52.70588235294116,0.0,0.0,0.0,0.0,0.4392156862745097,52.70588235294116,0.0,0.4392156862745097,True,True,True,True,True,True,bounded
522,0.0,0.0,0.9294117647058824,0.0,0.0,0.0,0.0,0.0,0.0,0.0,111.52941176470588,0.0,0.0,0.0,0.0,0.0,0.9294117647058824,111.52941176470588,0.0,0.9294117647058824,True,True,True,True,True,True,bounded
523,0.0,0.0,0.0,0.0,0.5686274509803921,0.0,0.0,0.0,0.0,0.0,0.0,0.0,68.23529411764706,0.0,0.0,0.0,0.5686274509803921,68.23529411764706,0.0,0.5686274509803921,True,True,True,True,True,True,bounded
524,0.0,0.9294117647058824,0.0,0.0,0.0,0.0,0.0,0.0,0.0,111.52941176470588,0.0,0.0,0.0,0.0,0.0,0.0,0.9294117647058824,111.52941176470588,0.0,0.9294117647058824,True,True,True,True,True,True,bounded
525,0.0,0.0,0.3176470588235293,0.0,0.0,0.0,0.0,0.0,0.0,0.0,38.117647058823515,0.0,0.0,0.0,0.0,0.0,0.3176470588235293,38.117647058823515,0.0,0.3176470588235293,True,True,True,True,True,True,bounded
526,0.0,0.0,0.0,0.5686274509803921,0.0,0.0,0.0,0.0,0.0,0.0,0.0,68.23529411764706,0.0,0.0,0.0,0.0,0.5686274509803921,68.23529411764706,0.0,0.5686274509803921,True,True,True,True,True,True,bounded
527,0.0,0.3176470588235293,0.0,0.0,0.0,0.0,0.0,0.0,0.0,38.117647058823515,0.0,0.0,0.0,0.0,0.0,0.0,0.3176470588235293,38.117647058823515,0.0,0.3176470588235293,True,True,True,True,True,True,bounded
528,0.0,0.0,0.3019607843137254,0.0,0.0,0.0,0.0,0.0,0.0,0.0,36.23529411764705,0.0,0.0,0.0,0.0,0.0,0.3019607843137254,36.23529411764705,0.0,0.3019607843137254,True,True,True,True,True,True,bounded
529,0.0,0.3019607843137254,0.0,0.0,0.0,0.0,0.0,0.0,0.0,36.23529411764705,0.0,0.0,0.0,0.0,0.0,0.0,0.3019607843137254,36.23529411764705,0.0,0.3019607843137254,True,True,True,True,True,True,bounded
530,0.0,0.0,0.0,0.0,0.3529411764705882,0.0,0.0,0.0,0.0,0.0,0.0,0.0,42.35294117647059,0.0,0.0,0.0,0.3529411764705882,42.35294117647059,0.0,0.3529411764705882,True,True,True,True,True,True,bounded
531,0.0,0.0,0.0,0.3529411764705882,0.0,0.0,0.0,0.0,0.0,0.0,0.0,42.35294117647059,0.0,0.0,0.0,0.0,0.3529411764705882,42.35294117647059,0.0,0.3529411764705882,True,True,True,True,True,True,bounded
532,0.0,0.0,0.0,0.0,0.4274509803921567,0.0,0.0,0.0,0.0,0.0,0.0,0.0,51.2941176470588,0.0,0.0,0.0,0.4274509803921567,51.2941176470588,0.0,0.4274509803921567,True,True,True,True,True,True,bounded
533,0.0,0.0,0.4,0.0,0.0,0.0,0.0,0.0,0.0,0.0,48.0,0.0,0.0,0.0,0.0,0.0,0.4,48.0,0.0,0.4,True,True,True,True,True,True,bounded
534,0.0,0.0,0.0,0.4274509803921567,0.0,0.0,0.0,0.0,0.0,0.0,0.0,51.2941176470588,0.0,0.0,0.0,0.0,0.4274509803921567,51.2941176470588,0.0,0.4274509803921567,True,True,True,True,True,True,bounded
535,0.0,0.4,0.0,0.0,0.0,0.0,0.0,0.0,0.0,48.0,0.0,0.0,0.0,0.0,0.0,0.0,0.4,48.0,0.0,0.4,True,True,True,True,True,True,bounded
536,0.0,0.0,0.0,0.0,0.415686274509804,0.0,0.0,0.0,0.0,0.0,0.0,0.0,49.88235294117648,0.0,0.0,0.0,0.415686274509804,49.88235294117648,0.0,0.415686274509804,True,True,True,True,True,True,bounded
537,0.0,0.0,0.0,0.415686274509804,0.0,0.0,0.0,0.0,0.0,0.0,0.0,49.88235294117648,0.0,0.0,0.0,0.0,0.415686274509804,49.88235294117648,0.0,0.415686274509804,True,True,True,True,True,True,bounded
538,0.0,0.0,0.0,0.0,0.6745098039215686,0.0,0.0,0.0,0.0,0.0,0.0,0.0,80.94117647058823,0.0,0.0,0.0,0.6745098039215686,80.94117647058823,0.0,0.6745098039215686,True,True,True,True,True,True,bounded
539,0.0,0.0,0.76078431372549,0.0,0.0,0.0,0.0,0.0,0.0,0.0,91.29411764705881,0.0,0.0,0.0,0.0,0.0,0.76078431372549,91.29411764705881,0.0,0.76078431372549,True,True,True,True,True,True,bounded
540,0.0,0.0,0.0,0.6745098039215686,0.0,0.0,0.0,0.0,0.0,0.0,0.0,80.94117647058823,0.0,0.0,0.0,0.0,0.6745098039215686,80.94117647058823,0.0,0.6745098039215686,True,True,True,True,True,True,bounded
541,0.0,0.0,0.0,0.0,0.7254901960784313,0.0,0.0,0.0,0.0,0.0,0.0,0.0,87.05882352941177,0.0,0.0,0.0,0.7254901960784313,87.05882352941177,0.0,0.7254901960784313,True,True,True,True,True,True,bounded
542,0.0,0.76078431372549,0.0,0.0,0.0,0.0,0.0,0.0,0.0,91.29411764705881,0.0,0.0,0.0,0.0,0.0,0.0,0.76078431372549,91.29411764705881,0.0,0.76078431372549,True,True,True,True,True,True,bounded
543,0.0,0.0,0.0,0.7254901960784313,0.0,0.0,0.0,0.0,0.0,0.0,0.0,87.05882352941177,0.0,0.0,0.0,0.0,0.7254901960784313,87.05882352941177,0.0,0.7254901960784313,True,True,True,True,True,True,bounded
544,0.0,0.0,0.2274509803921568,0.0,0.0,0.0,0.0,0.0,0.0,0.0,27.294117647058815,0.0,0.0,0.0,0.0,0.0,0.2274509803921568,27.294117647058815,0.0,0.2274509803921568,True,True,True,True,True,True,bounded
545,0.0,0.2274509803921568,0.0,0.0,0.0,0.0,0.0,0.0,0.0,27.294117647058815,0.0,0.0,0.0,0.0,0.0,0.0,0.2274509803921568,27.294117647058815,0.0,0.2274509803921568,True,True,True,True,True,True,bounded
546,0.0,0.0,0.2784313725490196,0.0,0.0,0.0,0.0,0.0,0.0,0.0,33.411764705882355,0.0,0.0,0.0,0.0,0.0,0.2784313725490196,33.411764705882355,0.0,0.2784313725490196,True,True,True,True,True,True,bounded
547,0.0,0.0,0.0,0.0,0.188235294117647,0.0,0.0,0.0,0.0,0.0,0.0,0.0,22.58823529411764,0.0,0.0,0.0,0.188235294117647,22.58823529411764,0.0,0.188235294117647,True,True,True,True,True,True,bounded
548,0.0,0.2784313725490196,0.0,0.0,0.0,0.0,0.0,0.0,0.0,33.411764705882355,0.0,0.0,0.0,0.0,0.0,0.0,0.2784313725490196,33.411764705882355,0.0,0.2784313725490196,True,True,True,True,True,True,bounded
549,0.0,0.0,0.0,0.188235294117647,0.0,0.0,0.0,0.0,0.0,0.0,0.0,22.58823529411764,0.0,0.0,0.0,0.0,0.188235294117647,22.58823529411764,0.0,0.188235294117647,True,True,True,True,True,True,bounded
550,0.0,0.0,0.0,0.0,0.5372549019607842,0.0,0.0,0.0,0.0,0.0,0.0,0.0,64.4705882352941,0.0,0.0,0.0,0.5372549019607842,64.4705882352941,0.0,0.5372549019607842,True,True,True,True,True,True,bounded
551,0.0,0.0,0.0,0.5372549019607842,0.0,0.0,0.0,0.0,0.0,0.0,0.0,64.4705882352941,0.0,0.0,0.0,0.0,0.5372549019607842,64.4705882352941,0.0,0.5372549019607842,True,True,True,True,True,True,bounded
552,0.0,0.0,0.8235294117647057,0.0,0.0,0.0,0.0,0.0,0.0,0.0,98.82352941176468,0.0,0.0,0.0,0.0,0.0,0.8235294117647057,98.82352941176468,0.0,0.8235294117647057,True,True,True,True,True,True,bounded
553,0.0,0.0,0.0,0.0,0.6274509803921569,0.0,0.0,0.0,0.0,0.0,0.0,0.0,75.29411764705883,0.0,0.0,0.0,0.6274509803921569,75.29411764705883,0.0,0.6274509803921569,True,True,True,True,True,True,bounded
554,0.0,0.8235294117647057,0.0,0.0,0.0,0.0,0.0,0.0,0.0,98.82352941176468,0.0,0.0,0.0,0.0,0.0,0.0,0.8235294117647057,98.82352941176468,0.0,0.8235294117647057,True,True,True,True,True,True,bounded
555,0.0,0.0,0.1450980392156862,0.0,0.0,0.0,0.0,0.0,0.0,0.0,17.411764705882344,0.0,0.0,0.0,0.0,0.0,0.1450980392156862,17.411764705882344,0.0,0.1450980392156862,True,True,True,True,True,True,bounded
556,0.0,0.0,0.0,0.6274509803921569,0.0,0.0,0.0,0.0,0.0,0.0,0.0,75.29411764705883,0.0,0.0,0.0,0.0,0.6274509803921569,75.29411764705883,0.0,0.6274509803921569,True,True,True,True,True,True,bounded
557,0.0,0.1450980392156862,0.0,0.0,0.0,0.0,0.0,0.0,0.0,17.411764705882344,0.0,0.0,0.0,0.0,0.0,0.0,0.1450980392156862,17.411764705882344,0.0,0.1450980392156862,True,True,True,True,True,True,bounded
558,0.0,0.0,0.4980392156862745,0.0,0.0,0.0,0.0,0.0,0.0,0.0,59.76470588235294,0.0,0.0,0.0,0.0,0.0,0.4980392156862745,59.76470588235294,0.0,0.4980392156862745,True,True,True,True,True,True,bounded
559,0.0,0.4980392156862745,0.0,0.0,0.0,0.0,0.0,0.0,0.0,59.76470588235294,0.0,0.0,0.0,0.0,0.0,0.0,0.4980392156862745,59.76470588235294,0.0,0.4980392156862745,True,True,True,True,True,True,bounded
560,0.0,0.0,0.4862745098039216,0.0,0.0,0.0,0.0,0.0,0.0,0.0,58.352941176470594,0.0,0.0,0.0,0.0,0.0,0.4862745098039216,58.352941176470594,0.0,0.4862745098039216,True,True,True,True,True,True,bounded
561,0.0,0.4862745098039216,0.0,0.0,0.0,0.0,0.0,0.0,0.0,58.352941176470594,0.0,0.0,0.0,0.0,0.0,0.0,0.4862745098039216,58.352941176470594,0.0,0.4862745098039216,True,True,True,True,True,True,bounded
562,0.0,0.0,0.4705882352941177,0.0,0.0,0.0,0.0,0.0,0.0,0.0,56.47058823529412,0.0,0.0,0.0,0.0,0.0,0.4705882352941177,56.47058823529412,0.0,0.4705882352941177,True,True,True,True,True,True,bounded
563,0.0,0.4705882352941177,0.0,0.0,0.0,0.0,0.0,0.0,0.0,56.47058823529412,0.0,0.0,0.0,0.0,0.0,0.0,0.4705882352941177,56.47058823529412,0.0,0.4705882352941177,True,True,True,True,True,True,bounded
564,0.0,0.0,0.5529411764705882,0.0,0.0,0.0,0.0,0.0,0.0,0.0,66.35294117647058,0.0,0.0,0.0,0.0,0.0,0.5529411764705882,66.35294117647058,0.0,0.5529411764705882,True,True,True,True,True,True,bounded
565,0.0,0.5529411764705882,0.0,0.0,0.0,0.0,0.0,0.0,0.0,66.35294117647058,0.0,0.0,0.0,0.0,0.0,0.0,0.5529411764705882,66.35294117647058,0.0,0.5529411764705882,True,True,True,True,True,True,bounded
566,0.0,0.0,0.0,0.0,0.4313725490196078,0.0,0.0,0.0,0.0,0.0,0.0,0.0,51.764705882352935,0.0,0.0,0.0,0.4313725490196078,51.764705882352935,0.0,0.4313725490196078,True,True,True,True,True,True,bounded
567,0.0,0.0,0.0,0.4313725490196078,0.0,0.0,0.0,0.0,0.0,0.0,0.0,51.764705882352935,0.0,0.0,0.0,0.0,0.4313725490196078,51.764705882352935,0.0,0.4313725490196078,True,True,True,True,True,True,bounded
568,0.0,0.0,0.1411764705882352,0.0,0.0,0.0,0.0,0.0,0.0,0.0,16.941176470588225,0.0,0.0,0.0,0.0,0.0,0.1411764705882352,16.941176470588225,0.0,0.1411764705882352,True,True,True,True,True,True,bounded
569,0.0,0.1411764705882352,0.0,0.0,0.0,0.0,0.0,0.0,0.0,16.941176470588225,0.0,0.0,0.0,0.0,0.0,0.0,0.1411764705882352,16.941176470588225,0.0,0.1411764705882352,True,True,True,True,True,True,bounded
570,0.0,0.0,0.0,0.0,0.4235294117647058,0.0,0.0,0.0,0.0,0.0,0.0,0.0,50.823529411764696,0.0,0.0,0.0,0.4235294117647058,50.823529411764696,0.0,0.4235294117647058,True,True,True,True,True,True,bounded
571,0.0,0.0,0.0,0.4235294117647058,0.0,0.0,0.0,0.0,0.0,0.0,0.0,50.823529411764696,0.0,0.0,0.0,0.0,0.4235294117647058,50.823529411764696,0.0,0.4235294117647058,True,True,True,True,True,True,bounded
572,0.0,0.0,0.1803921568627451,0.0,0.0,0.0,0.0,0.0,0.0,0.0,21.647058823529413,0.0,0.0,0.0,0.0,0.0,0.1803921568627451,21.647058823529413,0.0,0.1803921568627451,True,True,True,True,True,True,bounded
573,0.0,0.1803921568627451,0.0,0.0,0.0,0.0,0.0,0.0,0.0,21.647058823529413,0.0,0.0,0.0,0.0,0.0,0.0,0.1803921568627451,21.647058823529413,0.0,0.1803921568627451,True,True,True,True,True,True,bounded
574,0.0,0.0,0.4078431372549019,0.0,0.0,0.0,0.0,0.0,0.0,0.0,48.941176470588225,0.0,0.0,0.0,0.0,0.0,0.4078431372549019,48.941176470588225,0.0,0.4078431372549019,True,True,True,True,True,True,bounded
575,0.0,0.4078431372549019,0.0,0.0,0.0,0.0,0.0,0.0,0.0,48.941176470588225,0.0,0.0,0.0,0.0,0.0,0.0,0.4078431372549019,48.941176470588225,0.0,0.4078431372549019,True,True,True,True,True,True,bounded
576,0.0,0.0,0.3254901960784313,0.0,0.0,0.0,0.0,0.0,0.0,0.0,39.05882352941176,0.0,0.0,0.0,0.0,0.0,0.3254901960784313,39.05882352941176,0.0,0.3254901960784313,True,True,True,True,True,True,bounded
577,0.0,0.3254901960784313,0.0,0.0,0.0,0.0,0.0,0.0,0.0,39.05882352941176,0.0,0.0,0.0,0.0,0.0,0.0,0.3254901960784313,39.05882352941176,0.0,0.3254901960784313,True,True,True,True,True,True,bounded
578,0.0,0.0,0.1333333333333333,0.0,0.0,0.0,0.0,0.0,0.0,0.0,15.999999999999996,0.0,0.0,0.0,0.0,0.0,0.1333333333333333,15.999999999999996,0.0,0.1333333333333333,True,True,True,True,True,True,bounded
579,0.0,0.0,0.0,0.0,0.7372549019607842,0.0,0.0,0.0,0.0,0.0,0.0,0.0,88.47058823529412,0.0,0.0,0.0,0.7372549019607842,88.47058823529412,0.0,0.7372549019607842,True,True,True,True,True,True,bounded
580,0.0,0.1333333333333333,0.0,0.0,0.0,0.0,0.0,0.0,0.0,15.999999999999996,0.0,0.0,0.0,0.0,0.0,0.0,0.1333333333333333,15.999999999999996,0.0,0.1333333333333333,True,True,True,True,True,True,bounded
581,0.0,0.0,0.0,0.7372549019607842,0.0,0.0,0.0,0.0,0.0,0.0,0.0,88.47058823529412,0.0,0.0,0.0,0.0,0.7372549019607842,88.47058823529412,0.0,0.7372549019607842,True,True,True,True,True,True,bounded
582,0.0,0.0,0.9176470588235291,0.0,0.0,0.0,0.0,0.0,0.0,0.0,110.1176470588235,0.0,0.0,0.0,0.0,0.0,0.9176470588235291,110.1176470588235,0.0,0.9176470588235291,True,True,True,True,True,True,bounded
583,0.0,0.9176470588235291,0.0,0.0,0.0,0.0,0.0,0.0,0.0,110.1176470588235,0.0,0.0,0.0,0.0,0.0,0.0,0.9176470588235291,110.1176470588235,0.0,0.9176470588235291,True,True,True,True,True,True,bounded
584,0.0,0.0,0.2196078431372549,0.0,0.0,0.0,0.0,0.0,0.0,0.0,26.352941176470587,0.0,0.0,0.0,0.0,0.0,0.2196078431372549,26.352941176470587,0.0,0.2196078431372549,True,True,True,True,True,True,bounded
585,0.0,0.2196078431372549,0.0,0.0,0.0,0.0,0.0,0.0,0.0,26.352941176470587,0.0,0.0,0.0,0.0,0.0,0.0,0.2196078431372549,26.352941176470587,0.0,0.2196078431372549,True,True,True,True,True,True,bounded
586,0.0,0.0,0.7294117647058823,0.0,0.0,0.0,0.0,0.0,0.0,0.0,87.52941176470588,0.0,0.0,0.0,0.0,0.0,0.7294117647058823,87.52941176470588,0.0,0.7294117647058823,True,True,True,True,True,True,bounded
587,0.0,0.0,0.0,0.0,0.380392156862745,0.0,0.0,0.0,0.0,0.0,0.0,0.0,45.647058823529406,0.0,0.0,0.0,0.380392156862745,45.647058823529406,0.0,0.380392156862745,True,True,True,True,True,True,bounded
588,0.0,0.7294117647058823,0.0,0.0,0.0,0.0,0.0,0.0,0.0,87.52941176470588,0.0,0.0,0.0,0.0,0.0,0.0,0.7294117647058823,87.52941176470588,0.0,0.7294117647058823,True,True,True,True,True,True,bounded
589,0.0,0.0,0.0,0.380392156862745,0.0,0.0,0.0,0.0,0.0,0.0,0.0,45.647058823529406,0.0,0.0,0.0,0.0,0.380392156862745,45.647058823529406,0.0,0.380392156862745,True,True,True,True,True,True,bounded
590,0.0,0.0,0.0,0.0,0.8078431372549019,0.0,0.0,0.0,0.0,0.0,0.0,0.0,96.94117647058822,0.0,0.0,0.0,0.8078431372549019,96.94117647058822,0.0,0.8078431372549019,True,True,True,True,True,True,bounded
591,0.0,0.0,0.2745098039215686,0.0,0.0,0.0,0.0,0.0,0.0,0.0,32.94117647058823,0.0,0.0,0.0,0.0,0.0,0.2745098039215686,32.94117647058823,0.0,0.2745098039215686,True,True,True,True,True,True,bounded
592,0.0,0.0,0.0,0.8078431372549019,0.0,0.0,0.0,0.0,0.0,0.0,0.0,96.94117647058822,0.0,0.0,0.0,0.0,0.8078431372549019,96.94117647058822,0.0,0.8078431372549019,True,True,True,True,True,True,bounded
593,0.0,0.0,0.0,0.0,0.1372549019607843,0.0,0.0,0.0,0.0,0.0,0.0,0.0,16.470588235294116,0.0,0.0,0.0,0.1372549019607843,16.470588235294116,0.0,0.1372549019607843,True,True,True,True,True,True,bounded
594,0.0,0.2745098039215686,0.0,0.0,0.0,0.0,0.0,0.0,0.0,32.94117647058823,0.0,0.0,0.0,0.0,0.0,0.0,0.2745098039215686,32.94117647058823,0.0,0.2745098039215686,True,True,True,True,True,True,bounded
595,0.0,0.0,0.0,0.1372549019607843,0.0,0.0,0.0,0.0,0.0,0.0,0.0,16.470588235294116,0.0,0.0,0.0,0.0,0.1372549019607843,16.470588235294116,0.0,0.1372549019607843,True,True,True,True,True,True,bounded
596,0.0,0.0,0.4392156862745097,0.0,0.0,0.0,0.0,0.0,0.0,0.0,52.70588235294116,0.0,0.0,0.0,0.0,0.0,0.4392156862745097,52.70588235294116,0.0,0.4392156862745097,True,True,True,True,True,True,bounded
597,0.0,0.0,0.0,0.0,0.6549019607843137,0.0,0.0,0.0,0.0,0.0,0.0,0.0,78.58823529411765,0.0,0.0,0.0,0.6549019607843137,78.58823529411765,0.0,0.6549019607843137,True,True,True,True,True,True,bounded
598,0.0,0.4392156862745097,0.0,0.0,0.0,0.0,0.0,0.0,0.0,52.70588235294116,0.0,0.0,0.0,0.0,0.0,0.0,0.4392156862745097,52.70588235294116,0.0,0.4392156862745097,True,True,True,True,True,True,bounded
599,0.0,0.0,0.0,0.6549019607843137,0.0,0.0,0.0,0.0,0.0,0.0,0.0,78.58823529411765,0.0,0.0,0.0,0.0,0.6549019607843137,78.58823529411765,0.0,0.6549019607843137,True,True,True,True,True,True,bounded
600,0.0,0.0,0.5686274509803921,0.0,0.0,0.0,0.0,0.0,0.0,0.0,68.23529411764706,0.0,0.0,0.0,0.0,0.0,0.5686274509803921,68.23529411764706,0.0,0.5686274509803921,True,True,True,True,True,True,bounded
601,0.0,0.5686274509803921,0.0,0.0,0.0,0.0,0.0,0.0,0.0,68.23529411764706,0.0,0.0,0.0,0.0,0.0,0.0,0.5686274509803921,68.23529411764706,0.0,0.5686274509803921,True,True,True,True,True,True,bounded
602,0.0,0.0,0.3529411764705882,0.0,0.0,0.0,0.0,0.0,0.0,0.0,42.35294117647059,0.0,0.0,0.0,0.0,0.0,0.3529411764705882,42.35294117647059,0.0,0.3529411764705882,True,True,True,True,True,True,bounded
603,0.0,0.0,0.0,0.0,0.3568627450980392,0.0,0.0,0.0,0.0,0.0,0.0,0.0,42.82352941176471,0.0,0.0,0.0,0.3568627450980392,42.82352941176471,0.0,0.3568627450980392,True,True,True,True,True,True,bounded
604,0.0,0.3529411764705882,0.0,0.0,0.0,0.0,0.0,0.0,0.0,42.35294117647059,0.0,0.0,0.0,0.0,0.0,0.0,0.3529411764705882,42.35294117647059,0.0,0.3529411764705882,True,True,True,True,True,True,bounded
605,0.0,0.0,0.0,0.3568627450980392,0.0,0.0,0.0,0.0,0.0,0.0,0.0,42.82352941176471,0.0,0.0,0.0,0.0,0.3568627450980392,42.82352941176471,0.0,0.3568627450980392,True,True,True,True,True,True,bounded
606,0.0,0.0,0.4274509803921567,0.0,0.0,0.0,0.0,0.0,0.0,0.0,51.2941176470588,0.0,0.0,0.0,0.0,0.0,0.4274509803921567,51.2941176470588,0.0,0.4274509803921567,True,True,True,True,True,True,bounded
607,0.0,0.4274509803921567,0.0,0.0,0.0,0.0,0.0,0.0,0.0,51.2941176470588,0.0,0.0,0.0,0.0,0.0,0.0,0.4274509803921567,51.2941176470588,0.0,0.4274509803921567,True,True,True,True,True,True,bounded
608,0.0,0.0,0.415686274509804,0.0,0.0,0.0,0.0,0.0,0.0,0.0,49.88235294117648,0.0,0.0,0.0,0.0,0.0,0.415686274509804,49.88235294117648,0.0,0.415686274509804,True,True,True,True,True,True,bounded
609,0.0,0.0,0.0,0.0,0.5490196078431373,0.0,0.0,0.0,0.0,0.0,0.0,0.0,65.88235294117648,0.0,0.0,0.0,0.5490196078431373,65.88235294117648,0.0,0.5490196078431373,True,True,True,True,True,True,bounded
610,0.0,0.415686274509804,0.0,0.0,0.0,0.0,0.0,0.0,0.0,49.88235294117648,0.0,0.0,0.0,0.0,0.0,0.0,0.415686274509804,49.88235294117648,0.0,0.415686274509804,True,True,True,True,True,True,bounded
611,0.0,0.0,0.6745098039215686,0.0,0.0,0.0,0.0,0.0,0.0,0.0,80.94117647058823,0.0,0.0,0.0,0.0,0.0,0.6745098039215686,80.94117647058823,0.0,0.6745098039215686,True,True,True,True,True,True,bounded
612,0.0,0.0,0.0,0.5490196078431373,0.0,0.0,0.0,0.0,0.0,0.0,0.0,65.88235294117648,0.0,0.0,0.0,0.0,0.5490196078431373,65.88235294117648,0.0,0.5490196078431373,True,True,True,True,True,True,bounded
613,0.0,0.6745098039215686,0.0,0.0,0.0,0.0,0.0,0.0,0.0,80.94117647058823,0.0,0.0,0.0,0.0,0.0,0.0,0.6745098039215686,80.94117647058823,0.0,0.6745098039215686,True,True,True,True,True,True,bounded
614,0.0,0.0,0.7254901960784313,0.0,0.0,0.0,0.0,0.0,0.0,0.0,87.05882352941177,0.0,0.0,0.0,0.0,0.0,0.7254901960784313,87.05882352941177,0.0,0.7254901960784313,True,True,True,True,True,True,bounded
615,0.0,0.0,0.0,0.0,0.7137254901960784,0.0,0.0,0.0,0.0,0.0,0.0,0.0,85.64705882352942,0.0,0.0,0.0,0.7137254901960784,85.64705882352942,0.0,0.7137254901960784,True,True,True,True,True,True,bounded
616,0.0,0.7254901960784313,0.0,0.0,0.0,0.0,0.0,0.0,0.0,87.05882352941177,0.0,0.0,0.0,0.0,0.0,0.0,0.7254901960784313,87.05882352941177,0.0,0.7254901960784313,True,True,True,True,True,True,bounded
617,0.0,0.0,0.0,0.7137254901960784,0.0,0.0,0.0,0.0,0.0,0.0,0.0,85.64705882352942,0.0,0.0,0.0,0.0,0.7137254901960784,85.64705882352942,0.0,0.7137254901960784,True,True,True,True,True,True,bounded
618,0.0,0.0,0.0,0.0,0.4196078431372549,0.0,0.0,0.0,0.0,0.0,0.0,0.0,50.35294117647059,0.0,0.0,0.0,0.4196078431372549,50.35294117647059,0.0,0.4196078431372549,True,True,True,True,True,True,bounded
619,0.0,0.0,0.0,0.4196078431372549,0.0,0.0,0.0,0.0,0.0,0.0,0.0,50.35294117647059,0.0,0.0,0.0,0.0,0.4196078431372549,50.35294117647059,0.0,0.4196078431372549,True,True,True,True,True,True,bounded
620,0.0,0.0,0.0,0.0,0.3333333333333333,0.0,0.0,0.0,0.0,0.0,0.0,0.0,40.0,0.0,0.0,0.0,0.3333333333333333,40.0,0.0,0.3333333333333333,True,True,True,True,True,True,bounded
621,0.0,0.0,0.0,0.3333333333333333,0.0,0.0,0.0,0.0,0.0,0.0,0.0,40.0,0.0,0.0,0.0,0.0,0.3333333333333333,40.0,0.0,0.3333333333333333,True,True,True,True,True,True,bounded
622,0.0,0.0,0.188235294117647,0.0,0.0,0.0,0.0,0.0,0.0,0.0,22.58823529411764,0.0,0.0,0.0,0.0,0.0,0.188235294117647,22.58823529411764,0.0,0.188235294117647,True,True,True,True,True,True,bounded
623,0.0,0.188235294117647,0.0,0.0,0.0,0.0,0.0,0.0,0.0,22.58823529411764,0.0,0.0,0.0,0.0,0.0,0.0,0.188235294117647,22.58823529411764,0.0,0.188235294117647,True,True,True,True,True,True,bounded
624,0.0,0.0,0.5372549019607842,0.0,0.0,0.0,0.0,0.0,0.0,0.0,64.4705882352941,0.0,0.0,0.0,0.0,0.0,0.5372549019607842,64.4705882352941,0.0,0.5372549019607842,True,True,True,True,True,True,bounded
625,0.0,0.5372549019607842,0.0,0.0,0.0,0.0,0.0,0.0,0.0,64.4705882352941,0.0,0.0,0.0,0.0,0.0,0.0,0.5372549019607842,64.4705882352941,0.0,0.5372549019607842,True,True,True,True,True,True,bounded
626,0.0,0.0,0.0,0.0,0.9137254901960784,0.0,0.0,0.0,0.0,0.0,0.0,0.0,109.6470588235294,0.0,0.0,0.0,0.9137254901960784,109.6470588235294,0.0,0.9137254901960784,True,True,True,True,True,True,bounded
627,0.0,0.0,0.0,0.9137254901960784,0.0,0.0,0.0,0.0,0.0,0.0,0.0,109.6470588235294,0.0,0.0,0.0,0.0,0.9137254901960784,109.6470588235294,0.0,0.9137254901960784,True,True,True,True,True,True,bounded
628,0.0,0.0,0.6274509803921569,0.0,0.0,0.0,0.0,0.0,0.0,0.0,75.29411764705883,0.0,0.0,0.0,0.0,0.0,0.6274509803921569,75.29411764705883,0.0,0.6274509803921569,True,True,True,True,True,True,bounded
629,0.0,0.6274509803921569,0.0,0.0,0.0,0.0,0.0,0.0,0.0,75.29411764705883,0.0,0.0,0.0,0.0,0.0,0.0,0.6274509803921569,75.29411764705883,0.0,0.6274509803921569,True,True,True,True,True,True,bounded
630,0.0,0.0,0.4313725490196078,0.0,0.0,0.0,0.0,0.0,0.0,0.0,51.764705882352935,0.0,0.0,0.0,0.0,0.0,0.4313725490196078,51.764705882352935,0.0,0.4313725490196078,True,True,True,True,True,True,bounded
631,0.0,0.0,0.0,0.0,0.2509803921568628,0.0,0.0,0.0,0.0,0.0,0.0,0.0,30.117647058823536,0.0,0.0,0.0,0.2509803921568628,30.117647058823536,0.0,0.2509803921568628,True,True,True,True,True,True,bounded
632,0.0,0.4313725490196078,0.0,0.0,0.0,0.0,0.0,0.0,0.0,51.764705882352935,0.0,0.0,0.0,0.0,0.0,0.0,0.4313725490196078,51.764705882352935,0.0,0.4313725490196078,True,True,True,True,True,True,bounded
633,0.0,0.0,0.0,0.2509803921568628,0.0,0.0,0.0,0.0,0.0,0.0,0.0,30.117647058823536,0.0,0.0,0.0,0.0,0.2509803921568628,30.117647058823536,0.0,0.2509803921568628,True,True,True,True,True,True,bounded
634,0.0,0.0,0.0,0.0,0.4627450980392157,0.0,0.0,0.0,0.0,0.0,0.0,0.0,55.529411764705884,0.0,0.0,0.0,0.4627450980392157,55.529411764705884,0.0,0.4627450980392157,True,True,True,True,True,True,bounded
635,0.0,0.0,0.0,0.4627450980392157,0.0,0.0,0.0,0.0,0.0,0.0,0.0,55.529411764705884,0.0,0.0,0.0,0.0,0.4627450980392157,55.529411764705884,0.0,0.4627450980392157,True,True,True,True,True,True,bounded
636,0.0,0.0,0.4235294117647058,0.0,0.0,0.0,0.0,0.0,0.0,0.0,50.823529411764696,0.0,0.0,0.0,0.0,0.0,0.4235294117647058,50.823529411764696,0.0,0.4235294117647058,True,True,True,True,True,True,bounded
637,0.0,0.4235294117647058,0.0,0.0,0.0,0.0,0.0,0.0,0.0,50.823529411764696,0.0,0.0,0.0,0.0,0.0,0.0,0.4235294117647058,50.823529411764696,0.0,0.4235294117647058,True,True,True,True,True,True,bounded
638,0.0,0.0,0.7372549019607842,0.0,0.0,0.0,0.0,0.0,0.0,0.0,88.47058823529412,0.0,0.0,0.0,0.0,0.0,0.7372549019607842,88.47058823529412,0.0,0.7372549019607842,True,True,True,True,True,True,bounded
639,0.0,0.7372549019607842,0.0,0.0,0.0,0.0,0.0,0.0,0.0,88.47058823529412,0.0,0.0,0.0,0.0,0.0,0.0,0.7372549019607842,88.47058823529412,0.0,0.7372549019607842,True,True,True,True,True,True,bounded
640,0.0,0.0,0.0,0.0,0.0235294117647058,0.0,0.0,0.0,0.0,0.0,0.0,0.0,2.823529411764696,0.0,0.0,0.0,0.0235294117647058,2.823529411764696,0.0,0.0235294117647058,True,True,True,True,True,True,bounded
641,0.0,0.0,0.0,0.0235294117647058,0.0,0.0,0.0,0.0,0.0,0.0,0.0,2.823529411764696,0.0,0.0,0.0,0.0,0.0235294117647058,2.823529411764696,0.0,0.0235294117647058,True,True,True,True,True,True,bounded
642,0.0,0.0,0.380392156862745,0.0,0.0,0.0,0.0,0.0,0.0,0.0,45.647058823529406,0.0,0.0,0.0,0.0,0.0,0.380392156862745,45.647058823529406,0.0,0.380392156862745,True,True,True,True,True,True,bounded
643,0.0,0.380392156862745,0.0,0.0,0.0,0.0,0.0,0.0,0.0,45.647058823529406,0.0,0.0,0.0,0.0,0.0,0.0,0.380392156862745,45.647058823529406,0.0,0.380392156862745,True,True,True,True,True,True,bounded
644,0.0,0.0,0.8078431372549019,0.0,0.0,0.0,0.0,0.0,0.0,0.0,96.94117647058822,0.0,0.0,0.0,0.0,0.0,0.8078431372549019,96.94117647058822,0.0,0.8078431372549019,True,True,True,True,True,True,bounded
645,0.0,0.8078431372549019,0.0,0.0,0.0,0.0,0.0,0.0,0.0,96.94117647058822,0.0,0.0,0.0,0.0,0.0,0.0,0.8078431372549019,96.94117647058822,0.0,0.8078431372549019,True,True,True,True,True,True,bounded
646,0.0,0.0,0.1372549019607843,0.0,0.0,0.0,0.0,0.0,0.0,0.0,16.470588235294116,0.0,0.0,0.0,0.0,0.0,0.1372549019607843,16.470588235294116,0.0,0.1372549019607843,True,True,True,True,True,True,bounded
647,0.0,0.1372549019607843,0.0,0.0,0.0,0.0,0.0,0.0,0.0,16.470588235294116,0.0,0.0,0.0,0.0,0.0,0.0,0.1372549019607843,16.470588235294116,0.0,0.1372549019607843,True,True,True,True,True,True,bounded
648,0.0,0.0,0.0,0.0,0.1529411764705882,0.0,0.0,0.0,0.0,0.0,0.0,0.0,18.352941176470583,0.0,0.0,0.0,0.1529411764705882,18.352941176470583,0.0,0.1529411764705882,True,True,True,True,True,True,bounded
649,0.0,0.0,0.6549019607843137,0.0,0.0,0.0,0.0,0.0,0.0,0.0,78.58823529411765,0.0,0.0,0.0,0.0,0.0,0.6549019607843137,78.58823529411765,0.0,0.6549019607843137,True,True,True,True,True,True,bounded
650,0.0,0.0,0.0,0.1529411764705882,0.0,0.0,0.0,0.0,0.0,0.0,0.0,18.352941176470583,0.0,0.0,0.0,0.0,0.1529411764705882,18.352941176470583,0.0,0.1529411764705882,True,True,True,True,True,True,bounded
651,0.0,0.6549019607843137,0.0,0.0,0.0,0.0,0.0,0.0,0.0,78.58823529411765,0.0,0.0,0.0,0.0,0.0,0.0,0.6549019607843137,78.58823529411765,0.0,0.6549019607843137,True,True,True,True,True,True,bounded
652,0.0,0.0,0.0,0.0,0.8941176470588236,0.0,0.0,0.0,0.0,0.0,0.0,0.0,107.29411764705883,0.0,0.0,0.0,0.8941176470588236,107.29411764705883,0.0,0.8941176470588236,True,True,True,True,True,True,bounded
653,0.0,0.0,0.0,0.8941176470588236,0.0,0.0,0.0,0.0,0.0,0.0,0.0,107.29411764705883,0.0,0.0,0.0,0.0,0.8941176470588236,107.29411764705883,0.0,0.8941176470588236,True,True,True,True,True,True,bounded
654,0.0,0.0,0.0,0.0,0.7333333333333331,0.0,0.0,0.0,0.0,0.0,0.0,0.0,87.99999999999997,0.0,0.0,0.0,0.7333333333333331,87.99999999999997,0.0,0.7333333333333331,True,True,True,True,True,True,bounded
655,0.0,0.0,0.0,0.7333333333333331,0.0,0.0,0.0,0.0,0.0,0.0,0.0,87.99999999999997,0.0,0.0,0.0,0.0,0.7333333333333331,87.99999999999997,0.0,0.7333333333333331,True,True,True,True,True,True,bounded
656,0.0,0.0,0.0,0.0,0.6784313725490196,0.0,0.0,0.0,0.0,0.0,0.0,0.0,81.41176470588236,0.0,0.0,0.0,0.6784313725490196,81.41176470588236,0.0,0.6784313725490196,True,True,True,True,True,True,bounded
657,0.0,0.0,0.3568627450980392,0.0,0.0,0.0,0.0,0.0,0.0,0.0,42.82352941176471,0.0,0.0,0.0,0.0,0.0,0.3568627450980392,42.82352941176471,0.0,0.3568627450980392,True,True,True,True,True,True,bounded
658,0.0,0.0,0.0,0.6784313725490196,0.0,0.0,0.0,0.0,0.0,0.0,0.0,81.41176470588236,0.0,0.0,0.0,0.0,0.6784313725490196,81.41176470588236,0.0,0.6784313725490196,True,True,True,True,True,True,bounded
659,0.0,0.3568627450980392,0.0,0.0,0.0,0.0,0.0,0.0,0.0,42.82352941176471,0.0,0.0,0.0,0.0,0.0,0.0,0.3568627450980392,42.82352941176471,0.0,0.3568627450980392,True,True,True,True,True,True,bounded
660,0.0,0.0,0.5490196078431373,0.0,0.0,0.0,0.0,0.0,0.0,0.0,65.88235294117648,0.0,0.0,0.0,0.0,0.0,0.5490196078431373,65.88235294117648,0.0,0.5490196078431373,True,True,True,True,True,True,bounded
661,0.0,0.5490196078431373,0.0,0.0,0.0,0.0,0.0,0.0,0.0,65.88235294117648,0.0,0.0,0.0,0.0,0.0,0.0,0.5490196078431373,65.88235294117648,0.0,0.5490196078431373,True,True,True,True,True,True,bounded
662,0.0,0.0,0.7137254901960784,0.0,0.0,0.0,0.0,0.0,0.0,0.0,85.64705882352942,0.0,0.0,0.0,0.0,0.0,0.7137254901960784,85.64705882352942,0.0,0.7137254901960784,True,True,True,True,True,True,bounded
663,0.0,0.0,0.0,0.0,0.7960784313725487,0.0,0.0,0.0,0.0,0.0,0.0,0.0,95.52941176470586,0.0,0.0,0.0,0.7960784313725487,95.52941176470586,0.0,0.7960784313725487,True,True,True,True,True,True,bounded
664,0.0,0.7137254901960784,0.0,0.0,0.0,0.0,0.0,0.0,0.0,85.64705882352942,0.0,0.0,0.0,0.0,0.0,0.0,0.7137254901960784,85.64705882352942,0.0,0.7137254901960784,True,True,True,True,True,True,bounded
665,0.0,0.0,0.4196078431372549,0.0,0.0,0.0,0.0,0.0,0.0,0.0,50.35294117647059,0.0,0.0,0.0,0.0,0.0,0.4196078431372549,50.35294117647059,0.0,0.4196078431372549,True,True,True,True,True,True,bounded
666,0.0,0.0,0.0,0.7960784313725487,0.0,0.0,0.0,0.0,0.0,0.0,0.0,95.52941176470586,0.0,0.0,0.0,0.0,0.7960784313725487,95.52941176470586,0.0,0.7960784313725487,True,True,True,True,True,True,bounded
667,0.0,0.4196078431372549,0.0,0.0,0.0,0.0,0.0,0.0,0.0,50.35294117647059,0.0,0.0,0.0,0.0,0.0,0.0,0.4196078431372549,50.35294117647059,0.0,0.4196078431372549,True,True,True,True,True,True,bounded
668,0.0,0.0,0.3333333333333333,0.0,0.0,0.0,0.0,0.0,0.0,0.0,40.0,0.0,0.0,0.0,0.0,0.0,0.3333333333333333,40.0,0.0,0.3333333333333333,True,True,True,True,True,True,bounded
669,0.0,0.3333333333333333,0.0,0.0,0.0,0.0,0.0,0.0,0.0,40.0,0.0,0.0,0.0,0.0,0.0,0.0,0.3333333333333333,40.0,0.0,0.3333333333333333,True,True,True,True,True,True,bounded
670,0.0,0.0,0.0,0.0,0.2156862745098039,0.0,0.0,0.0,0.0,0.0,0.0,0.0,25.882352941176467,0.0,0.0,0.0,0.2156862745098039,25.882352941176467,0.0,0.2156862745098039,True,True,True,True,True,True,bounded
671,0.0,0.0,0.9137254901960784,0.0,0.0,0.0,0.0,0.0,0.0,0.0,109.6470588235294,0.0,0.0,0.0,0.0,0.0,0.9137254901960784,109.6470588235294,0.0,0.9137254901960784,True,True,True,True,True,True,bounded
672,0.0,0.0,0.0,0.2156862745098039,0.0,0.0,0.0,0.0,0.0,0.0,0.0,25.882352941176467,0.0,0.0,0.0,0.0,0.2156862745098039,25.882352941176467,0.0,0.2156862745098039,True,True,True,True,True,True,bounded
673,0.0,0.0,0.0,0.0,0.7647058823529411,0.0,0.0,0.0,0.0,0.0,0.0,0.0,91.76470588235293,0.0,0.0,0.0,0.7647058823529411,91.76470588235293,0.0,0.7647058823529411,True,True,True,True,True,True,bounded
674,0.0,0.9137254901960784,0.0,0.0,0.0,0.0,0.0,0.0,0.0,109.6470588235294,0.0,0.0,0.0,0.0,0.0,0.0,0.9137254901960784,109.6470588235294,0.0,0.9137254901960784,True,True,True,True,True,True,bounded
675,0.0,0.0,0.0,0.7647058823529411,0.0,0.0,0.0,0.0,0.0,0.0,0.0,91.76470588235293,0.0,0.0,0.0,0.0,0.7647058823529411,91.76470588235293,0.0,0.7647058823529411,True,True,True,True,True,True,bounded
676,0.0,0.0,0.0,0.0,0.619607843137255,0.0,0.0,0.0,0.0,0.0,0.0,0.0,74.35294117647061,0.0,0.0,0.0,0.619607843137255,74.35294117647061,0.0,0.619607843137255,True,True,True,True,True,True,bounded
677,0.0,0.0,0.0,0.619607843137255,0.0,0.0,0.0,0.0,0.0,0.0,0.0,74.35294117647061,0.0,0.0,0.0,0.0,0.619607843137255,74.35294117647061,0.0,0.619607843137255,True,True,True,True,True,True,bounded
678,0.0,0.0,0.0,0.0,0.6509803921568628,0.0,0.0,0.0,0.0,0.0,0.0,0.0,78.11764705882354,0.0,0.0,0.0,0.6509803921568628,78.11764705882354,0.0,0.6509803921568628,True,True,True,True,True,True,bounded
679,0.0,0.0,0.0,0.6509803921568628,0.0,0.0,0.0,0.0,0.0,0.0,0.0,78.11764705882354,0.0,0.0,0.0,0.0,0.6509803921568628,78.11764705882354,0.0,0.6509803921568628,True,True,True,True,True,True,bounded
680,0.0,0.0,0.2509803921568628,0.0,0.0,0.0,0.0,0.0,0.0,0.0,30.117647058823536,0.0,0.0,0.0,0.0,0.0,0.2509803921568628,30.117647058823536,0.0,0.2509803921568628,True,True,True,True,True,True,bounded
681,0.0,0.2509803921568628,0.0,0.0,0.0,0.0,0.0,0.0,0.0,30.117647058823536,0.0,0.0,0.0,0.0,0.0,0.0,0.2509803921568628,30.117647058823536,0.0,0.2509803921568628,True,True,True,True,True,True,bounded
682,0.0,0.0,0.4627450980392157,0.0,0.0,0.0,0.0,0.0,0.0,0.0,55.529411764705884,0.0,0.0,0.0,0.0,0.0,0.4627450980392157,55.529411764705884,0.0,0.4627450980392157,True,True,True,True,True,True,bounded
683,0.0,0.4627450980392157,0.0,0.0,0.0,0.0,0.0,0.0,0.0,55.529411764705884,0.0,0.0,0.0,0.0,0.0,0.0,0.4627450980392157,55.529411764705884,0.0,0.4627450980392157,True,True,True,True,True,True,bounded
684,0.0,0.0,0.0,0.0,0.5607843137254902,0.0,0.0,0.0,0.0,0.0,0.0,0.0,67.29411764705883,0.0,0.0,0.0,0.5607843137254902,67.29411764705883,0.0,0.5607843137254902,True,True,True,True,True,True,bounded
685,0.0,0.0,0.0,0.5607843137254902,0.0,0.0,0.0,0.0,0.0,0.0,0.0,67.29411764705883,0.0,0.0,0.0,0.0,0.5607843137254902,67.29411764705883,0.0,0.5607843137254902,True,True,True,True,True,True,bounded
686,0.0,0.0,0.0,0.0,0.4823529411764706,0.0,0.0,0.0,0.0,0.0,0.0,0.0,57.88235294117647,0.0,0.0,0.0,0.4823529411764706,57.88235294117647,0.0,0.4823529411764706,True,True,True,True,True,True,bounded
687,0.0,0.0,0.0,0.4823529411764706,0.0,0.0,0.0,0.0,0.0,0.0,0.0,57.88235294117647,0.0,0.0,0.0,0.0,0.4823529411764706,57.88235294117647,0.0,0.4823529411764706,True,True,True,True,True,True,bounded
688,0.0,0.0,0.0,0.0,0.4941176470588236,0.0,0.0,0.0,0.0,0.0,0.0,0.0,59.29411764705883,0.0,0.0,0.0,0.4941176470588236,59.29411764705883,0.0,0.4941176470588236,True,True,True,True,True,True,bounded
689,0.0,0.0,0.0235294117647058,0.0,0.0,0.0,0.0,0.0,0.0,0.0,2.823529411764696,0.0,0.0,0.0,0.0,0.0,0.0235294117647058,2.823529411764696,0.0,0.0235294117647058,True,True,True,True,True,True,bounded
690,0.0,0.0,0.0,0.4941176470588236,0.0,0.0,0.0,0.0,0.0,0.0,0.0,59.29411764705883,0.0,0.0,0.0,0.0,0.4941176470588236,59.29411764705883,0.0,0.4941176470588236,True,True,True,True,True,True,bounded
691,0.0,0.0235294117647058,0.0,0.0,0.0,0.0,0.0,0.0,0.0,2.823529411764696,0.0,0.0,0.0,0.0,0.0,0.0,0.0235294117647058,2.823529411764696,0.0,0.0235294117647058,True,True,True,True,True,True,bounded
692,0.0,0.0,0.0,0.0,0.4470588235294117,0.0,0.0,0.0,0.0,0.0,0.0,0.0,53.6470588235294,0.0,0.0,0.0,0.4470588235294117,53.6470588235294,0.0,0.4470588235294117,True,True,True,True,True,True,bounded
693,0.0,0.0,0.0,0.4470588235294117,0.0,0.0,0.0,0.0,0.0,0.0,0.0,53.6470588235294,0.0,0.0,0.0,0.0,0.4470588235294117,53.6470588235294,0.0,0.4470588235294117,True,True,True,True,True,True,bounded
694,0.0,0.0,0.1529411764705882,0.0,0.0,0.0,0.0,0.0,0.0,0.0,18.352941176470583,0.0,0.0,0.0,0.0,0.0,0.1529411764705882,18.352941176470583,0.0,0.1529411764705882,True,True,True,True,True,True,bounded
695,0.0,0.1529411764705882,0.0,0.0,0.0,0.0,0.0,0.0,0.0,18.352941176470583,0.0,0.0,0.0,0.0,0.0,0.0,0.1529411764705882,18.352941176470583,0.0,0.1529411764705882,True,True,True,True,True,True,bounded
696,0.0,0.0,0.8941176470588236,0.0,0.0,0.0,0.0,0.0,0.0,0.0,107.29411764705883,0.0,0.0,0.0,0.0,0.0,0.8941176470588236,107.29411764705883,0.0,0.8941176470588236,True,True,True,True,True,True,bounded
697,0.0,0.8941176470588236,0.0,0.0,0.0,0.0,0.0,0.0,0.0,107.29411764705883,0.0,0.0,0.0,0.0,0.0,0.0,0.8941176470588236,107.29411764705883,0.0,0.8941176470588236,True,True,True,True,True,True,bounded
698,0.0,0.0,0.7333333333333331,0.0,0.0,0.0,0.0,0.0,0.0,0.0,87.99999999999997,0.0,0.0,0.0,0.0,0.0,0.7333333333333331,87.99999999999997,0.0,0.7333333333333331,True,True,True,True,True,True,bounded
699,0.0,0.7333333333333331,0.0,0.0,0.0,0.0,0.0,0.0,0.0,87.99999999999997,0.0,0.0,0.0,0.0,0.0,0.0,0.7333333333333331,87.99999999999997,0.0,0.7333333333333331,True,True,True,True,True,True,bounded
700,0.0,0.0,0.6784313725490196,0.0,0.0,0.0,0.0,0.0,0.0,0.0,81.41176470588236,0.0,0.0,0.0,0.0,0.0,0.6784313725490196,81.41176470588236,0.0,0.6784313725490196,True,True,True,True,True,True,bounded
701,0.0,0.0,0.0,0.0,0.5803921568627451,0.0,0.0,0.0,0.0,0.0,0.0,0.0,69.64705882352942,0.0,0.0,0.0,0.5803921568627451,69.64705882352942,0.0,0.5803921568627451,True,True,True,True,True,True,bounded
702,0.0,0.6784313725490196,0.0,0.0,0.0,0.0,0.0,0.0,0.0,81.41176470588236,0.0,0.0,0.0,0.0,0.0,0.0,0.6784313725490196,81.41176470588236,0.0,0.6784313725490196,True,True,True,True,True,True,bounded
703,0.0,0.0,0.0,0.5803921568627451,0.0,0.0,0.0,0.0,0.0,0.0,0.0,69.64705882352942,0.0,0.0,0.0,0.0,0.5803921568627451,69.64705882352942,0.0,0.5803921568627451,True,True,True,True,True,True,bounded
704,0.0,0.0,0.0,0.0,0.8509803921568627,0.0,0.0,0.0,0.0,0.0,0.0,0.0,102.11764705882352,0.0,0.0,0.0,0.8509803921568627,102.11764705882352,0.0,0.8509803921568627,True,True,True,True,True,True,bounded
705,0.0,0.0,0.0,0.8509803921568627,0.0,0.0,0.0,0.0,0.0,0.0,0.0,102.11764705882352,0.0,0.0,0.0,0.0,0.8509803921568627,102.11764705882352,0.0,0.8509803921568627,True,True,True,True,True,True,bounded
706,0.0,0.0,0.0,0.0,0.9725490196078432,0.0,0.0,0.0,0.0,0.0,0.0,0.0,116.70588235294119,0.0,0.0,0.0,0.9725490196078432,116.70588235294119,0.0,0.9725490196078432,True,True,True,True,True,True,bounded
707,0.0,0.0,0.0,0.9725490196078432,0.0,0.0,0.0,0.0,0.0,0.0,0.0,116.70588235294119,0.0,0.0,0.0,0.0,0.9725490196078432,116.70588235294119,0.0,0.9725490196078432,True,True,True,True,True,True,bounded
708,0.0,0.0,0.7960784313725487,0.0,0.0,0.0,0.0,0.0,0.0,0.0,95.52941176470586,0.0,0.0,0.0,0.0,0.0,0.7960784313725487,95.52941176470586,0.0,0.7960784313725487,True,True,True,True,True,True,bounded
709,0.0,0.7960784313725487,0.0,0.0,0.0,0.0,0.0,0.0,0.0,95.52941176470586,0.0,0.0,0.0,0.0,0.0,0.0,0.7960784313725487,95.52941176470586,0.0,0.7960784313725487,True,True,True,True,True,True,bounded
710,0.0,0.0,0.0,0.0,0.5921568627450979,0.0,0.0,0.0,0.0,0.0,0.0,0.0,71.05882352941175,0.0,0.0,0.0,0.5921568627450979,71.05882352941175,0.0,0.5921568627450979,True,True,True,True,True,True,bounded
711,0.0,0.0,0.0,0.5921568627450979,0.0,0.0,0.0,0.0,0.0,0.0,0.0,71.05882352941175,0.0,0.0,0.0,0.0,0.5921568627450979,71.05882352941175,0.0,0.5921568627450979,True,True,True,True,True,True,bounded
712,0.0,0.0,0.0,0.0,0.3607843137254901,0.0,0.0,0.0,0.0,0.0,0.0,0.0,43.29411764705881,0.0,0.0,0.0,0.3607843137254901,43.29411764705881,0.0,0.3607843137254901,True,True,True,True,True,True,bounded
713,0.0,0.0,0.0,0.3607843137254901,0.0,0.0,0.0,0.0,0.0,0.0,0.0,43.29411764705881,0.0,0.0,0.0,0.0,0.3607843137254901,43.29411764705881,0.0,0.3607843137254901,True,True,True,True,True,True,bounded
714,0.0,0.0,0.2156862745098039,0.0,0.0,0.0,0.0,0.0,0.0,0.0,25.882352941176467,0.0,0.0,0.0,0.0,0.0,0.2156862745098039,25.882352941176467,0.0,0.2156862745098039,True,True,True,True,True,True,bounded
715,0.0,0.2156862745098039,0.0,0.0,0.0,0.0,0.0,0.0,0.0,25.882352941176467,0.0,0.0,0.0,0.0,0.0,0.0,0.2156862745098039,25.882352941176467,0.0,0.2156862745098039,True,True,True,True,True,True,bounded
716,0.0,0.0,0.7647058823529411,0.0,0.0,0.0,0.0,0.0,0.0,0.0,91.76470588235293,0.0,0.0,0.0,0.0,0.0,0.7647058823529411,91.76470588235293,0.0,0.7647058823529411,True,True,True,True,True,True,bounded
717,0.0,0.7647058823529411,0.0,0.0,0.0,0.0,0.0,0.0,0.0,91.76470588235293,0.0,0.0,0.0,0.0,0.0,0.0,0.7647058823529411,91.76470588235293,0.0,0.7647058823529411,True,True,True,True,True,True,bounded
718,0.0,0.0,0.0,0.0,0.7686274509803923,0.0,0.0,0.0,0.0,0.0,0.0,0.0,92.23529411764707,0.0,0.0,0.0,0.7686274509803923,92.23529411764707,0.0,0.7686274509803923,True,True,True,True,True,True,bounded
719,0.0,0.0,0.0,0.7686274509803923,0.0,0.0,0.0,0.0,0.0,0.0,0.0,92.23529411764707,0.0,0.0,0.0,0.0,0.7686274509803923,92.23529411764707,0.0,0.7686274509803923,True,True,True,True,True,True,bounded
720,0.0,0.0,0.0,0.0,0.1215686274509804,0.0,0.0,0.0,0.0,0.0,0.0,0.0,14.588235294117649,0.0,0.0,0.0,0.1215686274509804,14.588235294117649,0.0,0.1215686274509804,True,True,True,True,True,True,bounded
721,0.0,0.0,0.0,0.1215686274509804,0.0,0.0,0.0,0.0,0.0,0.0,0.0,14.588235294117649,0.0,0.0,0.0,0.0,0.1215686274509804,14.588235294117649,0.0,0.1215686274509804,True,True,True,True,True,True,bounded
722,0.0,0.0,0.619607843137255,0.0,0.0,0.0,0.0,0.0,0.0,0.0,74.35294117647061,0.0,0.0,0.0,0.0,0.0,0.619607843137255,74.35294117647061,0.0,0.619607843137255,True,True,True,True,True,True,bounded
723,0.0,0.619607843137255,0.0,0.0,0.0,0.0,0.0,0.0,0.0,74.35294117647061,0.0,0.0,0.0,0.0,0.0,0.0,0.619607843137255,74.35294117647061,0.0,0.619607843137255,True,True,True,True,True,True,bounded
724,0.0,0.0,0.0,0.0,0.0392156862745098,0.0,0.0,0.0,0.0,0.0,0.0,0.0,4.705882352941177,0.0,0.0,0.0,0.0392156862745098,4.705882352941177,0.0,0.0392156862745098,True,True,True,True,True,True,bounded
725,0.0,0.0,0.6509803921568628,0.0,0.0,0.0,0.0,0.0,0.0,0.0,78.11764705882354,0.0,0.0,0.0,0.0,0.0,0.6509803921568628,78.11764705882354,0.0,0.6509803921568628,True,True,True,True,True,True,bounded
726,0.0,0.0,0.0,0.0392156862745098,0.0,0.0,0.0,0.0,0.0,0.0,0.0,4.705882352941177,0.0,0.0,0.0,0.0,0.0392156862745098,4.705882352941177,0.0,0.0392156862745098,True,True,True,True,True,True,bounded
727,0.0,0.6509803921568628,0.0,0.0,0.0,0.0,0.0,0.0,0.0,78.11764705882354,0.0,0.0,0.0,0.0,0.0,0.0,0.6509803921568628,78.11764705882354,0.0,0.6509803921568628,True,True,True,True,True,True,bounded
728,0.0,0.0,0.0,0.0,0.596078431372549,0.0,0.0,0.0,0.0,0.0,0.0,0.0,71.52941176470588,0.0,0.0,0.0,0.596078431372549,71.52941176470588,0.0,0.596078431372549,True,True,True,True,True,True,bounded
729,0.0,0.0,0.0,0.596078431372549,0.0,0.0,0.0,0.0,0.0,0.0,0.0,71.52941176470588,0.0,0.0,0.0,0.0,0.596078431372549,71.52941176470588,0.0,0.596078431372549,True,True,True,True,True,True,bounded
730,0.0,0.0,0.0,0.0,0.1725490196078431,0.0,0.0,0.0,0.0,0.0,0.0,0.0,20.705882352941174,0.0,0.0,0.0,0.1725490196078431,20.705882352941174,0.0,0.1725490196078431,True,True,True,True,True,True,bounded
731,0.0,0.0,0.0,0.1725490196078431,0.0,0.0,0.0,0.0,0.0,0.0,0.0,20.705882352941174,0.0,0.0,0.0,0.0,0.1725490196078431,20.705882352941174,0.0,0.1725490196078431,True,True,True,True,True,True,bounded
732,0.0,0.0,0.0,0.0,0.8862745098039215,0.0,0.0,0.0,0.0,0.0,0.0,0.0,106.35294117647058,0.0,0.0,0.0,0.8862745098039215,106.35294117647058,0.0,0.8862745098039215,True,True,True,True,True,True,bounded
733,0.0,0.0,0.0,0.8862745098039215,0.0,0.0,0.0,0.0,0.0,0.0,0.0,106.35294117647058,0.0,0.0,0.0,0.0,0.8862745098039215,106.35294117647058,0.0,0.8862745098039215,True,True,True,True,True,True,bounded
734,0.0,0.0,0.0,0.0,0.2627450980392157,0.0,0.0,0.0,0.0,0.0,0.0,0.0,31.529411764705884,0.0,0.0,0.0,0.2627450980392157,31.529411764705884,0.0,0.2627450980392157,True,True,True,True,True,True,bounded
735,0.0,0.0,0.0,0.2627450980392157,0.0,0.0,0.0,0.0,0.0,0.0,0.0,31.529411764705884,0.0,0.0,0.0,0.0,0.2627450980392157,31.529411764705884,0.0,0.2627450980392157,True,True,True,True,True,True,bounded
736,0.0,0.0,0.0,0.0,0.6352941176470586,0.0,0.0,0.0,0.0,0.0,0.0,0.0,76.23529411764703,0.0,0.0,0.0,0.6352941176470586,76.23529411764703,0.0,0.6352941176470586,True,True,True,True,True,True,bounded
737,0.0,0.0,0.0,0.6352941176470586,0.0,0.0,0.0,0.0,0.0,0.0,0.0,76.23529411764703,0.0,0.0,0.0,0.0,0.6352941176470586,76.23529411764703,0.0,0.6352941176470586,True,True,True,True,True,True,bounded
738,0.0,0.0,0.5607843137254902,0.0,0.0,0.0,0.0,0.0,0.0,0.0,67.29411764705883,0.0,0.0,0.0,0.0,0.0,0.5607843137254902,67.29411764705883,0.0,0.5607843137254902,True,True,True,True,True,True,bounded
739,0.0,0.5607843137254902,0.0,0.0,0.0,0.0,0.0,0.0,0.0,67.29411764705883,0.0,0.0,0.0,0.0,0.0,0.0,0.5607843137254902,67.29411764705883,0.0,0.5607843137254902,True,True,True,True,True,True,bounded
740,0.0,0.0,0.4823529411764706,0.0,0.0,0.0,0.0,0.0,0.0,0.0,57.88235294117647,0.0,0.0,0.0,0.0,0.0,0.4823529411764706,57.88235294117647,0.0,0.4823529411764706,True,True,True,True,True,True,bounded
741,0.0,0.4823529411764706,0.0,0.0,0.0,0.0,0.0,0.0,0.0,57.88235294117647,0.0,0.0,0.0,0.0,0.0,0.0,0.4823529411764706,57.88235294117647,0.0,0.4823529411764706,True,True,True,True,True,True,bounded
742,0.0,0.0,0.4941176470588236,0.0,0.0,0.0,0.0,0.0,0.0,0.0,59.29411764705883,0.0,0.0,0.0,0.0,0.0,0.4941176470588236,59.29411764705883,0.0,0.4941176470588236,True,True,True,True,True,True,bounded
743,0.0,0.4941176470588236,0.0,0.0,0.0,0.0,0.0,0.0,0.0,59.29411764705883,0.0,0.0,0.0,0.0,0.0,0.0,0.4941176470588236,59.29411764705883,0.0,0.4941176470588236,True,True,True,True,True,True,bounded
744,0.0,0.0,0.0,0.0,0.8745098039215687,0.0,0.0,0.0,0.0,0.0,0.0,0.0,104.94117647058825,0.0,0.0,0.0,0.8745098039215687,104.94117647058825,0.0,0.8745098039215687,True,True,True,True,True,True,bounded
745,0.0,0.0,0.0,0.8745098039215687,0.0,0.0,0.0,0.0,0.0,0.0,0.0,104.94117647058825,0.0,0.0,0.0,0.0,0.8745098039215687,104.94117647058825,0.0,0.8745098039215687,True,True,True,True,True,True,bounded
746,0.0,0.0,0.4470588235294117,0.0,0.0,0.0,0.0,0.0,0.0,0.0,53.6470588235294,0.0,0.0,0.0,0.0,0.0,0.4470588235294117,53.6470588235294,0.0,0.4470588235294117,True,True,True,True,True,True,bounded
747,0.0,0.4470588235294117,0.0,0.0,0.0,0.0,0.0,0.0,0.0,53.6470588235294,0.0,0.0,0.0,0.0,0.0,0.0,0.4470588235294117,53.6470588235294,0.0,0.4470588235294117,True,True,True,True,True,True,bounded
748,0.0,0.0,0.0,0.0,0.2588235294117646,0.0,0.0,0.0,0.0,0.0,0.0,0.0,31.058823529411754,0.0,0.0,0.0,0.2588235294117646,31.058823529411754,0.0,0.2588235294117646,True,True,True,True,True,True,bounded
749,0.0,0.0,0.0,0.2588235294117646,0.0,0.0,0.0,0.0,0.0,0.0,0.0,31.058823529411754,0.0,0.0,0.0,0.0,0.2588235294117646,31.058823529411754,0.0,0.2588235294117646,True,True,True,True,True,True,bounded
750,0.0,0.0,0.5803921568627451,0.0,0.0,0.0,0.0,0.0,0.0,0.0,69.64705882352942,0.0,0.0,0.0,0.0,0.0,0.5803921568627451,69.64705882352942,0.0,0.5803921568627451,True,True,True,True,True,True,bounded
751,0.0,0.0,0.0,0.0,0.3411764705882353,0.0,0.0,0.0,0.0,0.0,0.0,0.0,40.94117647058824,0.0,0.0,0.0,0.3411764705882353,40.94117647058824,0.0,0.3411764705882353,True,True,True,True,True,True,bounded
752,0.0,0.5803921568627451,0.0,0.0,0.0,0.0,0.0,0.0,0.0,69.64705882352942,0.0,0.0,0.0,0.0,0.0,0.0,0.5803921568627451,69.64705882352942,0.0,0.5803921568627451,True,True,True,True,True,True,bounded
753,0.0,0.0,0.0,0.3411764705882353,0.0,0.0,0.0,0.0,0.0,0.0,0.0,40.94117647058824,0.0,0.0,0.0,0.0,0.3411764705882353,40.94117647058824,0.0,0.3411764705882353,True,True,True,True,True,True,bounded
754,0.0,0.0,0.8509803921568627,0.0,0.0,0.0,0.0,0.0,0.0,0.0,102.11764705882352,0.0,0.0,0.0,0.0,0.0,0.8509803921568627,102.11764705882352,0.0,0.8509803921568627,True,True,True,True,True,True,bounded
755,0.0,0.0,0.0,0.0,0.5098039215686274,0.0,0.0,0.0,0.0,0.0,0.0,0.0,61.17647058823529,0.0,0.0,0.0,0.5098039215686274,61.17647058823529,0.0,0.5098039215686274,True,True,True,True,True,True,bounded
756,0.0,0.8509803921568627,0.0,0.0,0.0,0.0,0.0,0.0,0.0,102.11764705882352,0.0,0.0,0.0,0.0,0.0,0.0,0.8509803921568627,102.11764705882352,0.0,0.8509803921568627,True,True,True,True,True,True,bounded
757,0.0,0.0,0.9725490196078432,0.0,0.0,0.0,0.0,0.0,0.0,0.0,116.70588235294119,0.0,0.0,0.0,0.0,0.0,0.9725490196078432,116.70588235294119,0.0,0.9725490196078432,True,True,True,True,True,True,bounded
758,0.0,0.0,0.0,0.5098039215686274,0.0,0.0,0.0,0.0,0.0,0.0,0.0,61.17647058823529,0.0,0.0,0.0,0.0,0.5098039215686274,61.17647058823529,0.0,0.5098039215686274,True,True,True,True,True,True,bounded
759,0.0,0.0,0.0,0.0,0.8196078431372548,0.0,0.0,0.0,0.0,0.0,0.0,0.0,98.35294117647057,0.0,0.0,0.0,0.8196078431372548,98.35294117647057,0.0,0.8196078431372548,True,True,True,True,True,True,bounded
760,0.0,0.9725490196078432,0.0,0.0,0.0,0.0,0.0,0.0,0.0,116.70588235294119,0.0,0.0,0.0,0.0,0.0,0.0,0.9725490196078432,116.70588235294119,0.0,0.9725490196078432,True,True,True,True,True,True,bounded
761,0.0,0.0,0.0,0.8196078431372548,0.0,0.0,0.0,0.0,0.0,0.0,0.0,98.35294117647057,0.0,0.0,0.0,0.0,0.8196078431372548,98.35294117647057,0.0,0.8196078431372548,True,True,True,True,True,True,bounded
762,0.0,0.0,0.5921568627450979,0.0,0.0,0.0,0.0,0.0,0.0,0.0,71.05882352941175,0.0,0.0,0.0,0.0,0.0,0.5921568627450979,71.05882352941175,0.0,0.5921568627450979,True,True,True,True,True,True,bounded
763,0.0,0.5921568627450979,0.0,0.0,0.0,0.0,0.0,0.0,0.0,71.05882352941175,0.0,0.0,0.0,0.0,0.0,0.0,0.5921568627450979,71.05882352941175,0.0,0.5921568627450979,True,True,True,True,True,True,bounded
764,0.0,0.0,0.3607843137254901,0.0,0.0,0.0,0.0,0.0,0.0,0.0,43.29411764705881,0.0,0.0,0.0,0.0,0.0,0.3607843137254901,43.29411764705881,0.0,0.3607843137254901,True,True,True,True,True,True,bounded
765,0.0,0.3607843137254901,0.0,0.0,0.0,0.0,0.0,0.0,0.0,43.29411764705881,0.0,0.0,0.0,0.0,0.0,0.0,0.3607843137254901,43.29411764705881,0.0,0.3607843137254901,True,True,True,True,True,True,bounded
766,0.0,0.0,0.7686274509803923,0.0,0.0,0.0,0.0,0.0,0.0,0.0,92.23529411764707,0.0,0.0,0.0,0.0,0.0,0.7686274509803923,92.23529411764707,0.0,0.7686274509803923,True,True,True,True,True,True,bounded
767,0.0,0.0,0.0,0.0,0.564705882352941,0.0,0.0,0.0,0.0,0.0,0.0,0.0,67.76470588235291,0.0,0.0,0.0,0.564705882352941,67.76470588235291,0.0,0.564705882352941,True,True,True,True,True,True,bounded
768,0.0,0.7686274509803923,0.0,0.0,0.0,0.0,0.0,0.0,0.0,92.23529411764707,0.0,0.0,0.0,0.0,0.0,0.0,0.7686274509803923,92.23529411764707,0.0,0.7686274509803923,True,True,True,True,True,True,bounded
769,0.0,0.0,0.0,0.564705882352941,0.0,0.0,0.0,0.0,0.0,0.0,0.0,67.76470588235291,0.0,0.0,0.0,0.0,0.564705882352941,67.76470588235291,0.0,0.564705882352941,True,True,True,True,True,True,bounded
770,0.0,0.0,0.1215686274509804,0.0,0.0,0.0,0.0,0.0,0.0,0.0,14.588235294117649,0.0,0.0,0.0,0.0,0.0,0.1215686274509804,14.588235294117649,0.0,0.1215686274509804,True,True,True,True,True,True,bounded
771,0.0,0.1215686274509804,0.0,0.0,0.0,0.0,0.0,0.0,0.0,14.588235294117649,0.0,0.0,0.0,0.0,0.0,0.0,0.1215686274509804,14.588235294117649,0.0,0.1215686274509804,True,True,True,True,True,True,bounded
772,0.0,0.0,0.0392156862745098,0.0,0.0,0.0,0.0,0.0,0.0,0.0,4.705882352941177,0.0,0.0,0.0,0.0,0.0,0.0392156862745098,4.705882352941177,0.0,0.0392156862745098,True,True,True,True,True,True,bounded
773,0.0,0.0392156862745098,0.0,0.0,0.0,0.0,0.0,0.0,0.0,4.705882352941177,0.0,0.0,0.0,0.0,0.0,0.0,0.0392156862745098,4.705882352941177,0.0,0.0392156862745098,True,True,True,True,True,True,bounded
774,0.0,0.0,0.0,0.0,0.5254901960784313,0.0,0.0,0.0,0.0,0.0,0.0,0.0,63.058823529411754,0.0,0.0,0.0,0.5254901960784313,63.058823529411754,0.0,0.5254901960784313,True,True,True,True,True,True,bounded
775,0.0,0.0,0.0,0.5254901960784313,0.0,0.0,0.0,0.0,0.0,0.0,0.0,63.058823529411754,0.0,0.0,0.0,0.0,0.5254901960784313,63.058823529411754,0.0,0.5254901960784313,True,True,True,True,True,True,bounded
776,0.0,0.0,0.596078431372549,0.0,0.0,0.0,0.0,0.0,0.0,0.0,71.52941176470588,0.0,0.0,0.0,0.0,0.0,0.596078431372549,71.52941176470588,0.0,0.596078431372549,True,True,True,True,True,True,bounded
777,0.0,0.596078431372549,0.0,0.0,0.0,0.0,0.0,0.0,0.0,71.52941176470588,0.0,0.0,0.0,0.0,0.0,0.0,0.596078431372549,71.52941176470588,0.0,0.596078431372549,True,True,True,True,True,True,bounded
778,0.0,0.0,0.1725490196078431,0.0,0.0,0.0,0.0,0.0,0.0,0.0,20.705882352941174,0.0,0.0,0.0,0.0,0.0,0.1725490196078431,20.705882352941174,0.0,0.1725490196078431,True,True,True,True,True,True,bounded
779,0.0,0.1725490196078431,0.0,0.0,0.0,0.0,0.0,0.0,0.0,20.705882352941174,0.0,0.0,0.0,0.0,0.0,0.0,0.1725490196078431,20.705882352941174,0.0,0.1725490196078431,True,True,True,True,True,True,bounded
780,0.0,0.0,0.8862745098039215,0.0,0.0,0.0,0.0,0.0,0.0,0.0,106.35294117647058,0.0,0.0,0.0,0.0,0.0,0.8862745098039215,106.35294117647058,0.0,0.8862745098039215,True,True,True,True,True,True,bounded
781,0.0,0.8862745098039215,0.0,0.0,0.0,0.0,0.0,0.0,0.0,106.35294117647058,0.0,0.0,0.0,0.0,0.0,0.0,0.8862745098039215,106.35294117647058,0.0,0.8862745098039215,True,True,True,True,True,True,bounded
782,0.0,0.0,0.0,0.0,0.8470588235294118,0.0,0.0,0.0,0.0,0.0,0.0,0.0,101.6470588235294,0.0,0.0,0.0,0.8470588235294118,101.6470588235294,0.0,0.8470588235294118,True,True,True,True,True,True,bounded
783,0.0,0.0,0.2627450980392157,0.0,0.0,0.0,0.0,0.0,0.0,0.0,31.529411764705884,0.0,0.0,0.0,0.0,0.0,0.2627450980392157,31.529411764705884,0.0,0.2627450980392157,True,True,True,True,True,True,bounded
784,0.0,0.0,0.0,0.8470588235294118,0.0,0.0,0.0,0.0,0.0,0.0,0.0,101.6470588235294,0.0,0.0,0.0,0.0,0.8470588235294118,101.6470588235294,0.0,0.8470588235294118,True,True,True,True,True,True,bounded
785,0.0,0.2627450980392157,0.0,0.0,0.0,0.0,0.0,0.0,0.0,31.529411764705884,0.0,0.0,0.0,0.0,0.0,0.0,0.2627450980392157,31.529411764705884,0.0,0.2627450980392157,True,True,True,True,True,True,bounded
786,0.0,0.0,0.6352941176470586,0.0,0.0,0.0,0.0,0.0,0.0,0.0,76.23529411764703,0.0,0.0,0.0,0.0,0.0,0.6352941176470586,76.23529411764703,0.0,0.6352941176470586,True,True,True,True,True,True,bounded
787,0.0,0.6352941176470586,0.0,0.0,0.0,0.0,0.0,0.0,0.0,76.23529411764703,0.0,0.0,0.0,0.0,0.0,0.0,0.6352941176470586,76.23529411764703,0.0,0.6352941176470586,True,True,True,True,True,True,bounded
788,0.0,0.0,0.8745098039215687,0.0,0.0,0.0,0.0,0.0,0.0,0.0,104.94117647058825,0.0,0.0,0.0,0.0,0.0,0.8745098039215687,104.94117647058825,0.0,0.8745098039215687,True,True,True,True,True,True,bounded
789,0.0,0.8745098039215687,0.0,0.0,0.0,0.0,0.0,0.0,0.0,104.94117647058825,0.0,0.0,0.0,0.0,0.0,0.0,0.8745098039215687,104.94117647058825,0.0,0.8745098039215687,True,True,True,True,True,True,bounded
790,0.0,0.0,0.0,0.0,0.7999999999999999,0.0,0.0,0.0,0.0,0.0,0.0,0.0,95.99999999999999,0.0,0.0,0.0,0.7999999999999999,95.99999999999999,0.0,0.7999999999999999,True,True,True,True,True,True,bounded
791,0.0,0.0,0.0,0.7999999999999999,0.0,0.0,0.0,0.0,0.0,0.0,0.0,95.99999999999999,0.0,0.0,0.0,0.0,0.7999999999999999,95.99999999999999,0.0,0.7999999999999999,True,True,True,True,True,True,bounded
792,0.0,0.0,0.2588235294117646,0.0,0.0,0.0,0.0,0.0,0.0,0.0,31.058823529411754,0.0,0.0,0.0,0.0,0.0,0.2588235294117646,31.058823529411754,0.0,0.2588235294117646,True,True,True,True,True,True,bounded
793,0.0,0.2588235294117646,0.0,0.0,0.0,0.0,0.0,0.0,0.0,31.058823529411754,0.0,0.0,0.0,0.0,0.0,0.0,0.2588235294117646,31.058823529411754,0.0,0.2588235294117646,True,True,True,True,True,True,bounded
794,0.0,0.0,0.3411764705882353,0.0,0.0,0.0,0.0,0.0,0.0,0.0,40.94117647058824,0.0,0.0,0.0,0.0,0.0,0.3411764705882353,40.94117647058824,0.0,0.3411764705882353,True,True,True,True,True,True,bounded
795,0.0,0.3411764705882353,0.0,0.0,0.0,0.0,0.0,0.0,0.0,40.94117647058824,0.0,0.0,0.0,0.0,0.0,0.0,0.3411764705882353,40.94117647058824,0.0,0.3411764705882353,True,True,True,True,True,True,bounded
796,0.0,0.0,0.5098039215686274,0.0,0.0,0.0,0.0,0.0,0.0,0.0,61.17647058823529,0.0,0.0,0.0,0.0,0.0,0.5098039215686274,61.17647058823529,0.0,0.5098039215686274,True,True,True,True,True,True,bounded
797,0.0,0.5098039215686274,0.0,0.0,0.0,0.0,0.0,0.0,0.0,61.17647058823529,0.0,0.0,0.0,0.0,0.0,0.0,0.5098039215686274,61.17647058823529,0.0,0.5098039215686274,True,True,True,True,True,True,bounded
798,0.0,0.0,0.8196078431372548,0.0,0.0,0.0,0.0,0.0,0.0,0.0,98.35294117647057,0.0,0.0,0.0,0.0,0.0,0.8196078431372548,98.35294117647057,0.0,0.8196078431372548,True,True,True,True,True,True,bounded
799,0.0,0.8196078431372548,0.0,0.0,0.0,0.0,0.0,0.0,0.0,98.35294117647057,0.0,0.0,0.0,0.0,0.0,0.0,0.8196078431372548,98.35294117647057,0.0,0.8196078431372548,True,True,True,True,True,True,bounded
800,0.0,0.0,0.0,0.0,0.8980392156862746,0.0,0.0,0.0,0.0,0.0,0.0,0.0,107.76470588235296,0.0,0.0,0.0,0.8980392156862746,107.76470588235296,0.0,0.8980392156862746,True,True,True,True,True,True,bounded
801,0.0,0.0,0.0,0.8980392156862746,0.0,0.0,0.0,0.0,0.0,0.0,0.0,107.76470588235296,0.0,0.0,0.0,0.0,0.8980392156862746,107.76470588235296,0.0,0.8980392156862746,True,True,True,True,True,True,bounded
802,0.0,0.0,0.564705882352941,0.0,0.0,0.0,0.0,0.0,0.0,0.0,67.76470588235291,0.0,0.0,0.0,0.0,0.0,0.564705882352941,67.76470588235291,0.0,0.564705882352941,True,True,True,True,True,True,bounded
803,0.0,0.564705882352941,0.0,0.0,0.0,0.0,0.0,0.0,0.0,67.76470588235291,0.0,0.0,0.0,0.0,0.0,0.0,0.564705882352941,67.76470588235291,0.0,0.564705882352941,True,True,True,True,True,True,bounded
804,0.0,0.0,0.5254901960784313,0.0,0.0,0.0,0.0,0.0,0.0,0.0,63.058823529411754,0.0,0.0,0.0,0.0,0.0,0.5254901960784313,63.058823529411754,0.0,0.5254901960784313,True,True,True,True,True,True,bounded
805,0.0,0.5254901960784313,0.0,0.0,0.0,0.0,0.0,0.0,0.0,63.058823529411754,0.0,0.0,0.0,0.0,0.0,0.0,0.5254901960784313,63.058823529411754,0.0,0.5254901960784313,True,True,True,True,True,True,bounded
806,0.0,0.0,0.0,0.0,0.5294117647058822,0.0,0.0,0.0,0.0,0.0,0.0,0.0,63.52941176470587,0.0,0.0,0.0,0.5294117647058822,63.52941176470587,0.0,0.5294117647058822,True,True,True,True,True,True,bounded
807,0.0,0.0,0.0,0.5294117647058822,0.0,0.0,0.0,0.0,0.0,0.0,0.0,63.52941176470587,0.0,0.0,0.0,0.0,0.5294117647058822,63.52941176470587,0.0,0.5294117647058822,True,True,True,True,True,True,bounded
808,0.0,0.0,0.8470588235294118,0.0,0.0,0.0,0.0,0.0,0.0,0.0,101.6470588235294,0.0,0.0,0.0,0.0,0.0,0.8470588235294118,101.6470588235294,0.0,0.8470588235294118,True,True,True,True,True,True,bounded
809,0.0,0.8470588235294118,0.0,0.0,0.0,0.0,0.0,0.0,0.0,101.6470588235294,0.0,0.0,0.0,0.0,0.0,0.0,0.8470588235294118,101.6470588235294,0.0,0.8470588235294118,True,True,True,True,True,True,bounded
810,0.0,0.0,0.0,0.0,0.1647058823529411,0.0,0.0,0.0,0.0,0.0,0.0,0.0,19.76470588235293,0.0,0.0,0.0,0.1647058823529411,19.76470588235293,0.0,0.1647058823529411,True,True,True,True,True,True,bounded
811,0.0,0.0,0.0,0.1647058823529411,0.0,0.0,0.0,0.0,0.0,0.0,0.0,19.76470588235293,0.0,0.0,0.0,0.0,0.1647058823529411,19.76470588235293,0.0,0.1647058823529411,True,True,True,True,True,True,bounded
812,0.0,0.0,0.0,0.0,0.4784313725490195,0.0,0.0,0.0,0.0,0.0,0.0,0.0,57.41176470588234,0.0,0.0,0.0,0.4784313725490195,57.41176470588234,0.0,0.4784313725490195,True,True,True,True,True,True,bounded
813,0.0,0.0,0.0,0.4784313725490195,0.0,0.0,0.0,0.0,0.0,0.0,0.0,57.41176470588234,0.0,0.0,0.0,0.0,0.4784313725490195,57.41176470588234,0.0,0.4784313725490195,True,True,True,True,True,True,bounded
814,0.0,0.0,0.0,0.0,0.2431372549019607,0.0,0.0,0.0,0.0,0.0,0.0,0.0,29.176470588235283,0.0,0.0,0.0,0.2431372549019607,29.176470588235283,0.0,0.2431372549019607,True,True,True,True,True,True,bounded
815,0.0,0.0,0.7999999999999999,0.0,0.0,0.0,0.0,0.0,0.0,0.0,95.99999999999999,0.0,0.0,0.0,0.0,0.0,0.7999999999999999,95.99999999999999,0.0,0.7999999999999999,True,True,True,True,True,True,bounded
816,0.0,0.0,0.0,0.2431372549019607,0.0,0.0,0.0,0.0,0.0,0.0,0.0,29.176470588235283,0.0,0.0,0.0,0.0,0.2431372549019607,29.176470588235283,0.0,0.2431372549019607,True,True,True,True,True,True,bounded
817,0.0,0.7999999999999999,0.0,0.0,0.0,0.0,0.0,0.0,0.0,95.99999999999999,0.0,0.0,0.0,0.0,0.0,0.0,0.7999999999999999,95.99999999999999,0.0,0.7999999999999999,True,True,True,True,True,True,bounded
818,0.0,0.0,0.0,0.0,0.4352941176470587,0.0,0.0,0.0,0.0,0.0,0.0,0.0,52.235294117647044,0.0,0.0,0.0,0.4352941176470587,52.235294117647044,0.0,0.4352941176470587,True,True,True,True,True,True,bounded
819,0.0,0.0,0.8980392156862746,0.0,0.0,0.0,0.0,0.0,0.0,0.0,107.76470588235296,0.0,0.0,0.0,0.0,0.0,0.8980392156862746,107.76470588235296,0.0,0.8980392156862746,True,True,True,True,True,True,bounded
820,0.0,0.0,0.0,0.4352941176470587,0.0,0.0,0.0,0.0,0.0,0.0,0.0,52.235294117647044,0.0,0.0,0.0,0.0,0.4352941176470587,52.235294117647044,0.0,0.4352941176470587,True,True,True,True,True,True,bounded
821,0.0,0.0,0.0,0.0,0.7215686274509803,0.0,0.0,0.0,0.0,0.0,0.0,0.0,86.58823529411764,0.0,0.0,0.0,0.7215686274509803,86.58823529411764,0.0,0.7215686274509803,True,True,True,True,True,True,bounded
822,0.0,0.8980392156862746,0.0,0.0,0.0,0.0,0.0,0.0,0.0,107.76470588235296,0.0,0.0,0.0,0.0,0.0,0.0,0.8980392156862746,107.76470588235296,0.0,0.8980392156862746,True,True,True,True,True,True,bounded
823,0.0,0.0,0.0,0.7215686274509803,0.0,0.0,0.0,0.0,0.0,0.0,0.0,86.58823529411764,0.0,0.0,0.0,0.0,0.7215686274509803,86.58823529411764,0.0,0.7215686274509803,True,True,True,True,True,True,bounded
824,0.0,0.0,0.0,0.0,0.8392156862745099,0.0,0.0,0.0,0.0,0.0,0.0,0.0,100.70588235294119,0.0,0.0,0.0,0.8392156862745099,100.70588235294119,0.0,0.8392156862745099,True,True,True,True,True,True,bounded
825,0.0,0.0,0.0,0.8392156862745099,0.0,0.0,0.0,0.0,0.0,0.0,0.0,100.70588235294119,0.0,0.0,0.0,0.0,0.8392156862745099,100.70588235294119,0.0,0.8392156862745099,True,True,True,True,True,True,bounded
826,0.0,0.0,0.0,0.0,0.4666666666666666,0.0,0.0,0.0,0.0,0.0,0.0,0.0,55.99999999999999,0.0,0.0,0.0,0.4666666666666666,55.99999999999999,0.0,0.4666666666666666,True,True,True,True,True,True,bounded
827,0.0,0.0,0.0,0.4666666666666666,0.0,0.0,0.0,0.0,0.0,0.0,0.0,55.99999999999999,0.0,0.0,0.0,0.0,0.4666666666666666,55.99999999999999,0.0,0.4666666666666666,True,True,True,True,True,True,bounded
828,0.0,0.0,0.0,0.0,0.5411764705882351,0.0,0.0,0.0,0.0,0.0,0.0,0.0,64.94117647058822,0.0,0.0,0.0,0.5411764705882351,64.94117647058822,0.0,0.5411764705882351,True,True,True,True,True,True,bounded
829,0.0,0.0,0.0,0.5411764705882351,0.0,0.0,0.0,0.0,0.0,0.0,0.0,64.94117647058822,0.0,0.0,0.0,0.0,0.5411764705882351,64.94117647058822,0.0,0.5411764705882351,True,True,True,True,True,True,bounded
830,0.0,0.0,0.5294117647058822,0.0,0.0,0.0,0.0,0.0,0.0,0.0,63.52941176470587,0.0,0.0,0.0,0.0,0.0,0.5294117647058822,63.52941176470587,0.0,0.5294117647058822,True,True,True,True,True,True,bounded
831,0.0,0.5294117647058822,0.0,0.0,0.0,0.0,0.0,0.0,0.0,63.52941176470587,0.0,0.0,0.0,0.0,0.0,0.0,0.5294117647058822,63.52941176470587,0.0,0.5294117647058822,True,True,True,True,True,True,bounded
832,0.0,0.0,0.1647058823529411,0.0,0.0,0.0,0.0,0.0,0.0,0.0,19.76470588235293,0.0,0.0,0.0,0.0,0.0,0.1647058823529411,19.76470588235293,0.0,0.1647058823529411,True,True,True,True,True,True,bounded
833,0.0,0.1647058823529411,0.0,0.0,0.0,0.0,0.0,0.0,0.0,19.76470588235293,0.0,0.0,0.0,0.0,0.0,0.0,0.1647058823529411,19.76470588235293,0.0,0.1647058823529411,True,True,True,True,True,True,bounded
834,0.0,0.0,0.0,0.0,0.7725490196078431,0.0,0.0,0.0,0.0,0.0,0.0,0.0,92.70588235294116,0.0,0.0,0.0,0.7725490196078431,92.70588235294116,0.0,0.7725490196078431,True,True,True,True,True,True,bounded
835,0.0,0.0,0.0,0.7725490196078431,0.0,0.0,0.0,0.0,0.0,0.0,0.0,92.70588235294116,0.0,0.0,0.0,0.0,0.7725490196078431,92.70588235294116,0.0,0.7725490196078431,True,True,True,True,True,True,bounded
836,0.0,0.0,0.4784313725490195,0.0,0.0,0.0,0.0,0.0,0.0,0.0,57.41176470588234,0.0,0.0,0.0,0.0,0.0,0.4784313725490195,57.41176470588234,0.0,0.4784313725490195,True,True,True,True,True,True,bounded
837,0.0,0.4784313725490195,0.0,0.0,0.0,0.0,0.0,0.0,0.0,57.41176470588234,0.0,0.0,0.0,0.0,0.0,0.0,0.4784313725490195,57.41176470588234,0.0,0.4784313725490195,True,True,True,True,True,True,bounded
838,0.0,0.0,0.2431372549019607,0.0,0.0,0.0,0.0,0.0,0.0,0.0,29.176470588235283,0.0,0.0,0.0,0.0,0.0,0.2431372549019607,29.176470588235283,0.0,0.2431372549019607,True,True,True,True,True,True,bounded
839,0.0,0.2431372549019607,0.0,0.0,0.0,0.0,0.0,0.0,0.0,29.176470588235283,0.0,0.0,0.0,0.0,0.0,0.0,0.2431372549019607,29.176470588235283,0.0,0.2431372549019607,True,True,True,True,True,True,bounded
840,0.0,0.0,0.0,0.0,0.3686274509803922,0.0,0.0,0.0,0.0,0.0,0.0,0.0,44.23529411764706,0.0,0.0,0.0,0.3686274509803922,44.23529411764706,0.0,0.3686274509803922,True,True,True,True,True,True,bounded
841,0.0,0.0,0.0,0.3686274509803922,0.0,0.0,0.0,0.0,0.0,0.0,0.0,44.23529411764706,0.0,0.0,0.0,0.0,0.3686274509803922,44.23529411764706,0.0,0.3686274509803922,True,True,True,True,True,True,bounded
842,0.0,0.0,0.4352941176470587,0.0,0.0,0.0,0.0,0.0,0.0,0.0,52.235294117647044,0.0,0.0,0.0,0.0,0.0,0.4352941176470587,52.235294117647044,0.0,0.4352941176470587,True,True,True,True,True,True,bounded
843,0.0,0.4352941176470587,0.0,0.0,0.0,0.0,0.0,0.0,0.0,52.235294117647044,0.0,0.0,0.0,0.0,0.0,0.0,0.4352941176470587,52.235294117647044,0.0,0.4352941176470587,True,True,True,True,True,True,bounded
844,0.0,0.0,0.7215686274509803,0.0,0.0,0.0,0.0,0.0,0.0,0.0,86.58823529411764,0.0,0.0,0.0,0.0,0.0,0.7215686274509803,86.58823529411764,0.0,0.7215686274509803,True,True,True,True,True,True,bounded
845,0.0,0.7215686274509803,0.0,0.0,0.0,0.0,0.0,0.0,0.0,86.58823529411764,0.0,0.0,0.0,0.0,0.0,0.0,0.7215686274509803,86.58823529411764,0.0,0.7215686274509803,True,True,True,True,True,True,bounded
846,0.0,0.0,0.8392156862745099,0.0,0.0,0.0,0.0,0.0,0.0,0.0,100.70588235294119,0.0,0.0,0.0,0.0,0.0,0.8392156862745099,100.70588235294119,0.0,0.8392156862745099,True,True,True,True,True,True,bounded
847,0.0,0.8392156862745099,0.0,0.0,0.0,0.0,0.0,0.0,0.0,100.70588235294119,0.0,0.0,0.0,0.0,0.0,0.0,0.8392156862745099,100.70588235294119,0.0,0.8392156862745099,True,True,True,True,True,True,bounded
848,0.0,0.0,0.4666666666666666,0.0,0.0,0.0,0.0,0.0,0.0,0.0,55.99999999999999,0.0,0.0,0.0,0.0,0.0,0.4666666666666666,55.99999999999999,0.0,0.4666666666666666,True,True,True,True,True,True,bounded
849,0.0,0.4666666666666666,0.0,0.0,0.0,0.0,0.0,0.0,0.0,55.99999999999999,0.0,0.0,0.0,0.0,0.0,0.0,0.4666666666666666,55.99999999999999,0.0,0.4666666666666666,True,True,True,True,True,True,bounded
850,0.0,0.0,0.5411764705882351,0.0,0.0,0.0,0.0,0.0,0.0,0.0,64.94117647058822,0.0,0.0,0.0,0.0,0.0,0.5411764705882351,64.94117647058822,0.0,0.5411764705882351,True,True,True,True,True,True,bounded
851,0.0,0.5411764705882351,0.0,0.0,0.0,0.0,0.0,0.0,0.0,64.94117647058822,0.0,0.0,0.0,0.0,0.0,0.0,0.5411764705882351,64.94117647058822,0.0,0.5411764705882351,True,True,True,True,True,True,bounded
852,0.0,0.0,0.0,0.0,0.7176470588235294,0.0,0.0,0.0,0.0,0.0,0.0,0.0,86.11764705882354,0.0,0.0,0.0,0.7176470588235294,86.11764705882354,0.0,0.7176470588235294,True,True,True,True,True,True,bounded
853,0.0,0.0,0.0,0.7176470588235294,0.0,0.0,0.0,0.0,0.0,0.0,0.0,86.11764705882354,0.0,0.0,0.0,0.0,0.7176470588235294,86.11764705882354,0.0,0.7176470588235294,True,True,True,True,True,True,bounded
854,0.0,0.0,0.7725490196078431,0.0,0.0,0.0,0.0,0.0,0.0,0.0,92.70588235294116,0.0,0.0,0.0,0.0,0.0,0.7725490196078431,92.70588235294116,0.0,0.7725490196078431,True,True,True,True,True,True,bounded
855,0.0,0.7725490196078431,0.0,0.0,0.0,0.0,0.0,0.0,0.0,92.70588235294116,0.0,0.0,0.0,0.0,0.0,0.0,0.7725490196078431,92.70588235294116,0.0,0.7725490196078431,True,True,True,True,True,True,bounded
856,0.0,0.0,0.0,0.0,0.0431372549019607,0.0,0.0,0.0,0.0,0.0,0.0,0.0,5.176470588235284,0.0,0.0,0.0,0.0431372549019607,5.176470588235284,0.0,0.0431372549019607,True,True,True,True,True,True,bounded
857,0.0,0.0,0.0,0.0431372549019607,0.0,0.0,0.0,0.0,0.0,0.0,0.0,5.176470588235284,0.0,0.0,0.0,0.0,0.0431372549019607,5.176470588235284,0.0,0.0431372549019607,True,True,True,True,True,True,bounded
858,0.0,0.0,0.3686274509803922,0.0,0.0,0.0,0.0,0.0,0.0,0.0,44.23529411764706,0.0,0.0,0.0,0.0,0.0,0.3686274509803922,44.23529411764706,0.0,0.3686274509803922,True,True,True,True,True,True,bounded
859,0.0,0.3686274509803922,0.0,0.0,0.0,0.0,0.0,0.0,0.0,44.23529411764706,0.0,0.0,0.0,0.0,0.0,0.0,0.3686274509803922,44.23529411764706,0.0,0.3686274509803922,True,True,True,True,True,True,bounded
860,0.0,0.0,0.7176470588235294,0.0,0.0,0.0,0.0,0.0,0.0,0.0,86.11764705882354,0.0,0.0,0.0,0.0,0.0,0.7176470588235294,86.11764705882354,0.0,0.7176470588235294,True,True,True,True,True,True,bounded
861,0.0,0.7176470588235294,0.0,0.0,0.0,0.0,0.0,0.0,0.0,86.11764705882354,0.0,0.0,0.0,0.0,0.0,0.0,0.7176470588235294,86.11764705882354,0.0,0.7176470588235294,True,True,True,True,True,True,bounded
862,0.0,0.0,0.0431372549019607,0.0,0.0,0.0,0.0,0.0,0.0,0.0,5.176470588235284,0.0,0.0,0.0,0.0,0.0,0.0431372549019607,5.176470588235284,0.0,0.0431372549019607,True,True,True,True,True,True,bounded
863,0.0,0.0431372549019607,0.0,0.0,0.0,0.0,0.0,0.0,0.0,5.176470588235284,0.0,0.0,0.0,0.0,0.0,0.0,0.0431372549019607,5.176470588235284,0.0,0.0431372549019607,True,True,True,True,True,True,bounded
864,0.0,0.0,0.0,0.0,0.6235294117647057,0.0,0.0,0.0,0.0,0.0,0.0,0.0,74.82352941176468,0.0,0.0,0.0,0.6235294117647057,74.82352941176468,0.0,0.6235294117647057,True,True,True,True,True,True,bounded
865,0.0,0.0,0.0,0.6235294117647057,0.0,0.0,0.0,0.0,0.0,0.0,0.0,74.82352941176468,0.0,0.0,0.0,0.0,0.6235294117647057,74.82352941176468,0.0,0.6235294117647057,True,True,True,True,True,True,bounded
866,0.0,0.0,0.0,0.0,0.8274509803921568,0.0,0.0,0.0,0.0,0.0,0.0,0.0,99.29411764705881,0.0,0.0,0.0,0.8274509803921568,99.29411764705881,0.0,0.8274509803921568,True,True,True,True,True,True,bounded
867,0.0,0.0,0.0,0.8274509803921568,0.0,0.0,0.0,0.0,0.0,0.0,0.0,99.29411764705881,0.0,0.0,0.0,0.0,0.8274509803921568,99.29411764705881,0.0,0.8274509803921568,True,True,True,True,True,True,bounded
868,0.0,0.0,0.0,0.0,0.1607843137254902,0.0,0.0,0.0,0.0,0.0,0.0,0.0,19.294117647058826,0.0,0.0,0.0,0.1607843137254902,19.294117647058826,0.0,0.1607843137254902,True,True,True,True,True,True,bounded
869,0.0,0.0,0.0,0.1607843137254902,0.0,0.0,0.0,0.0,0.0,0.0,0.0,19.294117647058826,0.0,0.0,0.0,0.0,0.1607843137254902,19.294117647058826,0.0,0.1607843137254902,True,True,True,True,True,True,bounded
870,0.0,0.0,0.0,0.0,0.1490196078431372,0.0,0.0,0.0,0.0,0.0,0.0,0.0,17.882352941176464,0.0,0.0,0.0,0.1490196078431372,17.882352941176464,0.0,0.1490196078431372,True,True,True,True,True,True,bounded
871,0.0,0.0,0.0,0.1490196078431372,0.0,0.0,0.0,0.0,0.0,0.0,0.0,17.882352941176464,0.0,0.0,0.0,0.0,0.1490196078431372,17.882352941176464,0.0,0.1490196078431372,True,True,True,True,True,True,bounded
872,0.0,0.0,0.6235294117647057,0.0,0.0,0.0,0.0,0.0,0.0,0.0,74.82352941176468,0.0,0.0,0.0,0.0,0.0,0.6235294117647057,74.82352941176468,0.0,0.6235294117647057,True,True,True,True,True,True,bounded
873,0.0,0.6235294117647057,0.0,0.0,0.0,0.0,0.0,0.0,0.0,74.82352941176468,0.0,0.0,0.0,0.0,0.0,0.0,0.6235294117647057,74.82352941176468,0.0,0.6235294117647057,True,True,True,True,True,True,bounded
874,0.0,0.0,0.8274509803921568,0.0,0.0,0.0,0.0,0.0,0.0,0.0,99.29411764705881,0.0,0.0,0.0,0.0,0.0,0.8274509803921568,99.29411764705881,0.0,0.8274509803921568,True,True,True,True,True,True,bounded
875,0.0,0.8274509803921568,0.0,0.0,0.0,0.0,0.0,0.0,0.0,99.29411764705881,0.0,0.0,0.0,0.0,0.0,0.0,0.8274509803921568,99.29411764705881,0.0,0.8274509803921568,True,True,True,True,True,True,bounded
876,0.0,0.0,0.0,0.0,0.8705882352941176,0.0,0.0,0.0,0.0,0.0,0.0,0.0,104.4705882352941,0.0,0.0,0.0,0.8705882352941176,104.4705882352941,0.0,0.8705882352941176,True,True,True,True,True,True,bounded
877,0.0,0.0,0.0,0.8705882352941176,0.0,0.0,0.0,0.0,0.0,0.0,0.0,104.4705882352941,0.0,0.0,0.0,0.0,0.8705882352941176,104.4705882352941,0.0,0.8705882352941176,True,True,True,True,True,True,bounded
878,0.0,0.0,0.0,0.0,0.8352941176470589,0.0,0.0,0.0,0.0,0.0,0.0,0.0,100.23529411764706,0.0,0.0,0.0,0.8352941176470589,100.23529411764706,0.0,0.8352941176470589,True,True,True,True,True,True,bounded
879,0.0,0.0,0.0,0.8352941176470589,0.0,0.0,0.0,0.0,0.0,0.0,0.0,100.23529411764706,0.0,0.0,0.0,0.0,0.8352941176470589,100.23529411764706,0.0,0.8352941176470589,True,True,True,True,True,True,bounded
880,0.0,0.0,0.0,0.0,0.0313725490196078,0.0,0.0,0.0,0.0,0.0,0.0,0.0,3.7647058823529362,0.0,0.0,0.0,0.0313725490196078,3.7647058823529362,0.0,0.0313725490196078,True,True,True,True,True,True,bounded
881,0.0,0.0,0.0,0.0313725490196078,0.0,0.0,0.0,0.0,0.0,0.0,0.0,3.7647058823529362,0.0,0.0,0.0,0.0,0.0313725490196078,3.7647058823529362,0.0,0.0313725490196078,True,True,True,True,True,True,bounded
882,0.0,0.0,0.1607843137254902,0.0,0.0,0.0,0.0,0.0,0.0,0.0,19.294117647058826,0.0,0.0,0.0,0.0,0.0,0.1607843137254902,19.294117647058826,0.0,0.1607843137254902,True,True,True,True,True,True,bounded
883,0.0,0.1607843137254902,0.0,0.0,0.0,0.0,0.0,0.0,0.0,19.294117647058826,0.0,0.0,0.0,0.0,0.0,0.0,0.1607843137254902,19.294117647058826,0.0,0.1607843137254902,True,True,True,True,True,True,bounded
884,0.0,0.0,0.0,0.0,0.9254901960784314,0.0,0.0,0.0,0.0,0.0,0.0,0.0,111.05882352941177,0.0,0.0,0.0,0.9254901960784314,111.05882352941177,0.0,0.9254901960784314,True,True,True,True,True,True,bounded
885,0.0,0.0,0.0,0.9254901960784314,0.0,0.0,0.0,0.0,0.0,0.0,0.0,111.05882352941177,0.0,0.0,0.0,0.0,0.9254901960784314,111.05882352941177,0.0,0.9254901960784314,True,True,True,True,True,True,bounded
886,0.0,0.0,0.1490196078431372,0.0,0.0,0.0,0.0,0.0,0.0,0.0,17.882352941176464,0.0,0.0,0.0,0.0,0.0,0.1490196078431372,17.882352941176464,0.0,0.1490196078431372,True,True,True,True,True,True,bounded
887,0.0,0.1490196078431372,0.0,0.0,0.0,0.0,0.0,0.0,0.0,17.882352941176464,0.0,0.0,0.0,0.0,0.0,0.0,0.1490196078431372,17.882352941176464,0.0,0.1490196078431372,True,True,True,True,True,True,bounded
888,0.0,0.0,0.8705882352941176,0.0,0.0,0.0,0.0,0.0,0.0,0.0,104.4705882352941,0.0,0.0,0.0,0.0,0.0,0.8705882352941176,104.4705882352941,0.0,0.8705882352941176,True,True,True,True,True,True,bounded
889,0.0,0.8705882352941176,0.0,0.0,0.0,0.0,0.0,0.0,0.0,104.4705882352941,0.0,0.0,0.0,0.0,0.0,0.0,0.8705882352941176,104.4705882352941,0.0,0.8705882352941176,True,True,True,True,True,True,bounded
890,0.0,0.0,0.0,0.0,0.5450980392156863,0.0,0.0,0.0,0.0,0.0,0.0,0.0,65.41176470588236,0.0,0.0,0.0,0.5450980392156863,65.41176470588236,0.0,0.5450980392156863,True,True,True,True,True,True,bounded
891,0.0,0.0,0.0,0.5450980392156863,0.0,0.0,0.0,0.0,0.0,0.0,0.0,65.41176470588236,0.0,0.0,0.0,0.0,0.5450980392156863,65.41176470588236,0.0,0.5450980392156863,True,True,True,True,True,True,bounded
892,0.0,0.0,0.0,0.0,0.6392156862745098,0.0,0.0,0.0,0.0,0.0,0.0,0.0,76.70588235294117,0.0,0.0,0.0,0.6392156862745098,76.70588235294117,0.0,0.6392156862745098,True,True,True,True,True,True,bounded
893,0.0,0.0,0.0,0.6392156862745098,0.0,0.0,0.0,0.0,0.0,0.0,0.0,76.70588235294117,0.0,0.0,0.0,0.0,0.6392156862745098,76.70588235294117,0.0,0.6392156862745098,True,True,True,True,True,True,bounded
894,0.0,0.0,0.8352941176470589,0.0,0.0,0.0,0.0,0.0,0.0,0.0,100.23529411764706,0.0,0.0,0.0,0.0,0.0,0.8352941176470589,100.23529411764706,0.0,0.8352941176470589,True,True,True,True,True,True,bounded
895,0.0,0.8352941176470589,0.0,0.0,0.0,0.0,0.0,0.0,0.0,100.23529411764706,0.0,0.0,0.0,0.0,0.0,0.0,0.8352941176470589,100.23529411764706,0.0,0.8352941176470589,True,True,True,True,True,True,bounded
896,0.0,0.0,0.0313725490196078,0.0,0.0,0.0,0.0,0.0,0.0,0.0,3.7647058823529362,0.0,0.0,0.0,0.0,0.0,0.0313725490196078,3.7647058823529362,0.0,0.0313725490196078,True,True,True,True,True,True,bounded
897,0.0,0.0313725490196078,0.0,0.0,0.0,0.0,0.0,0.0,0.0,3.7647058823529362,0.0,0.0,0.0,0.0,0.0,0.0,0.0313725490196078,3.7647058823529362,0.0,0.0313725490196078,True,True,True,True,True,True,bounded
898,0.0,0.0,0.9254901960784314,0.0,0.0,0.0,0.0,0.0,0.0,0.0,111.05882352941177,0.0,0.0,0.0,0.0,0.0,0.9254901960784314,111.05882352941177,0.0,0.9254901960784314,True,True,True,True,True,True,bounded
899,0.0,0.9254901960784314,0.0,0.0,0.0,0.0,0.0,0.0,0.0,111.05882352941177,0.0,0.0,0.0,0.0,0.0,0.0,0.9254901960784314,111.05882352941177,0.0,0.9254901960784314,True,True,True,True,True,True,bounded
900,0.0,0.0,0.0,0.0,0.784313725490196,0.0,0.0,0.0,0.0,0.0,0.0,0.0,94.11764705882351,0.0,0.0,0.0,0.784313725490196,94.11764705882351,0.0,0.784313725490196,True,True,True,True,True,True,bounded
901,0.0,0.0,0.0,0.784313725490196,0.0,0.0,0.0,0.0,0.0,0.0,0.0,94.11764705882351,0.0,0.0,0.0,0.0,0.784313725490196,94.11764705882351,0.0,0.784313725490196,True,True,True,True,True,True,bounded
902,0.0,0.0,0.0,0.0,0.1999999999999999,0.0,0.0,0.0,0.0,0.0,0.0,0.0,23.99999999999999,0.0,0.0,0.0,0.1999999999999999,23.99999999999999,0.0,0.1999999999999999,True,True,True,True,True,True,bounded
903,0.0,0.0,0.0,0.1999999999999999,0.0,0.0,0.0,0.0,0.0,0.0,0.0,23.99999999999999,0.0,0.0,0.0,0.0,0.1999999999999999,23.99999999999999,0.0,0.1999999999999999,True,True,True,True,True,True,bounded
904,0.0,0.0,0.0,0.0,0.5725490196078431,0.0,0.0,0.0,0.0,0.0,0.0,0.0,68.70588235294117,0.0,0.0,0.0,0.5725490196078431,68.70588235294117,0.0,0.5725490196078431,True,True,True,True,True,True,bounded
905,0.0,0.0,0.0,0.5725490196078431,0.0,0.0,0.0,0.0,0.0,0.0,0.0,68.70588235294117,0.0,0.0,0.0,0.0,0.5725490196078431,68.70588235294117,0.0,0.5725490196078431,True,True,True,True,True,True,bounded
906,0.0,0.0,0.5450980392156863,0.0,0.0,0.0,0.0,0.0,0.0,0.0,65.41176470588236,0.0,0.0,0.0,0.0,0.0,0.5450980392156863,65.41176470588236,0.0,0.5450980392156863,True,True,True,True,True,True,bounded
907,0.0,0.5450980392156863,0.0,0.0,0.0,0.0,0.0,0.0,0.0,65.41176470588236,0.0,0.0,0.0,0.0,0.0,0.0,0.5450980392156863,65.41176470588236,0.0,0.5450980392156863,True,True,True,True,True,True,bounded
908,0.0,0.0,0.6392156862745098,0.0,0.0,0.0,0.0,0.0,0.0,0.0,76.70588235294117,0.0,0.0,0.0,0.0,0.0,0.6392156862745098,76.70588235294117,0.0,0.6392156862745098,True,True,True,True,True,True,bounded
909,0.0,0.6392156862745098,0.0,0.0,0.0,0.0,0.0,0.0,0.0,76.70588235294117,0.0,0.0,0.0,0.0,0.0,0.0,0.6392156862745098,76.70588235294117,0.0,0.6392156862745098,True,True,True,True,True,True,bounded
910,0.0,0.0,0.784313725490196,0.0,0.0,0.0,0.0,0.0,0.0,0.0,94.11764705882351,0.0,0.0,0.0,0.0,0.0,0.784313725490196,94.11764705882351,0.0,0.784313725490196,True,True,True,True,True,True,bounded
911,0.0,0.784313725490196,0.0,0.0,0.0,0.0,0.0,0.0,0.0,94.11764705882351,0.0,0.0,0.0,0.0,0.0,0.0,0.784313725490196,94.11764705882351,0.0,0.784313725490196,True,True,True,True,True,True,bounded
912,0.0,0.0,0.1999999999999999,0.0,0.0,0.0,0.0,0.0,0.0,0.0,23.99999999999999,0.0,0.0,0.0,0.0,0.0,0.1999999999999999,23.99999999999999,0.0,0.1999999999999999,True,True,True,True,True,True,bounded
913,0.0,0.1999999999999999,0.0,0.0,0.0,0.0,0.0,0.0,0.0,23.99999999999999,0.0,0.0,0.0,0.0,0.0,0.0,0.1999999999999999,23.99999999999999,0.0,0.1999999999999999,True,True,True,True,True,True,bounded
914,0.0,0.0,0.5725490196078431,0.0,0.0,0.0,0.0,0.0,0.0,0.0,68.70588235294117,0.0,0.0,0.0,0.0,0.0,0.5725490196078431,68.70588235294117,0.0,0.5725490196078431,True,True,True,True,True,True,bounded
915,0.0,0.5725490196078431,0.0,0.0,0.0,0.0,0.0,0.0,0.0,68.70588235294117,0.0,0.0,0.0,0.0,0.0,0.0,0.5725490196078431,68.70588235294117,0.0,0.5725490196078431,True,True,True,True,True,True,bounded
916,0.0,0.0,0.0,0.0,0.4901960784313725,0.0,0.0,0.0,0.0,0.0,0.0,0.0,58.823529411764696,0.0,0.0,0.0,0.4901960784313725,58.823529411764696,0.0,0.4901960784313725,True,True,True,True,True,True,bounded
917,0.0,0.0,0.0,0.4901960784313725,0.0,0.0,0.0,0.0,0.0,0.0,0.0,58.823529411764696,0.0,0.0,0.0,0.0,0.4901960784313725,58.823529411764696,0.0,0.4901960784313725,True,True,True,True,True,True,bounded
918,0.0,0.0,0.0,0.0,0.7568627450980393,0.0,0.0,0.0,0.0,0.0,0.0,0.0,90.82352941176471,0.0,0.0,0.0,0.7568627450980393,90.82352941176471,0.0,0.7568627450980393,True,True,True,True,True,True,bounded
919,0.0,0.0,0.0,0.7568627450980393,0.0,0.0,0.0,0.0,0.0,0.0,0.0,90.82352941176471,0.0,0.0,0.0,0.0,0.7568627450980393,90.82352941176471,0.0,0.7568627450980393,True,True,True,True,True,True,bounded
920,0.0,0.0,0.4901960784313725,0.0,0.0,0.0,0.0,0.0,0.0,0.0,58.823529411764696,0.0,0.0,0.0,0.0,0.0,0.4901960784313725,58.823529411764696,0.0,0.4901960784313725,True,True,True,True,True,True,bounded
921,0.0,0.4901960784313725,0.0,0.0,0.0,0.0,0.0,0.0,0.0,58.823529411764696,0.0,0.0,0.0,0.0,0.0,0.0,0.4901960784313725,58.823529411764696,0.0,0.4901960784313725,True,True,True,True,True,True,bounded
922,0.0,0.0,0.7568627450980393,0.0,0.0,0.0,0.0,0.0,0.0,0.0,90.82352941176471,0.0,0.0,0.0,0.0,0.0,0.7568627450980393,90.82352941176471,0.0,0.7568627450980393,True,True,True,True,True,True,bounded
923,0.0,0.7568627450980393,0.0,0.0,0.0,0.0,0.0,0.0,0.0,90.82352941176471,0.0,0.0,0.0,0.0,0.0,0.0,0.7568627450980393,90.82352941176471,0.0,0.7568627450980393,True,True,True,True,True,True,bounded
