source_run,sample_index,label,prediction,correct,output_power_0,output_power_1,output_power_2,output_power_3,output_power_4,output_power_5,output_power_6,output_power_7,output_power_norm_0,output_power_norm_1,output_power_norm_2,output_power_norm_3,output_power_norm_4,output_power_norm_5,output_power_norm_6,output_power_norm_7,predicted_output_index,predicted_class,predicted_output_power,output_power_sum,inference_correct
run_20260720_193925,0,7,7,1,5.9069900000000005e-06,9.7065111e-06,8.542057830000002e-06,1.358814286e-05,9.77914818e-06,1.07797257e-05,1.210409969e-05,4.9053711e-06,0.0784335345758708,0.1288839110905764,0.1134221977958983,0.1804245601959174,0.1298483926498257,0.1431341492721933,0.1607193040017678,0.0651339504179501,3,3,1.358814286e-05,7.531204646e-05,False
run_20260720_193925,1,2,2,1,2.5999435400000003e-05,2.25475901e-05,4.09189244e-05,3.683528228e-05,1.896784867e-05,8.806327100000001e-06,1.101526526e-05,9.7211561e-06,0.1487281238496411,0.1289820613913693,0.2340741159308906,0.2107138997709284,0.1085043772201688,0.0503760365345953,0.06301212740281,0.0556092578995963,2,2,4.09189244e-05,0.00017481182931,True
run_20260720_193925,2,1,1,1,5.349689499999999e-06,1.6186434e-05,1.49453025e-05,3.231356378e-05,1.821979342e-05,7.2379793e-06,5.782401489999999e-06,9.53668e-06,0.048823578258738,0.1477243916920595,0.1363972892649682,0.2949075474439316,0.1662817084803539,0.0660569270027122,0.05277269487705,0.0870358629801864,3,3,3.231356378e-05,0.00010957184399,False
run_20260720_193925,3,0,0,1,5.06618783e-05,4.82460492e-05,4.387637064e-05,7.87871912e-06,8.66819048e-06,9.5065948e-06,1.096461016e-05,9.3542577e-06,0.2678302498815818,0.2550586722528818,0.231957829175238,0.0416518175295604,0.0458254549610638,0.0502577825032386,0.0579657600063148,0.0494524336901206,0,0,5.06618783e-05,0.0001891566704,True
run_20260720_193925,4,4,4,1,2.4493069300000004e-05,3.775088687e-05,4.55622277e-05,4.997948894e-05,6.962596942000002e-05,3.41188358e-05,3.882470462000001e-05,1.50029722e-05,0.0776674676817858,0.1197079773883006,0.1444777215977549,0.1584848470583319,0.2207837924886311,0.1081907516113817,0.1231130510592534,0.0475743911145603,4,4,6.962596942000002e-05,0.00031535815485,True
run_20260720_193925,5,1,1,1,2.20668518e-05,5.17091774e-05,2.51007924e-05,3.435127171e-05,1.898249869e-05,8.0600084e-06,9.74872427e-06,1.00909814e-05,0.1225185403406271,0.2870972712683259,0.1393634431460271,0.1907235208220086,0.1053937395599252,0.044750400884153,0.0541264099912814,0.0560266739876513,1,1,5.17091774e-05,0.00018011030607,True
run_20260720_193925,6,4,4,1,3.2099261299999994e-05,4.880473864e-05,5.78304374e-05,6.415162827e-05,8.806893537000001e-05,4.41771679e-05,4.905017089e-05,1.78318269e-05,0.0798460948923454,0.1214005442750035,0.1438517400494273,0.1595755413332484,0.2190692335533858,0.1098895799268277,0.1220110507455416,0.04435621522422,4,4,8.806893537000001e-05,0.00040201416667,True
run_20260720_193925,7,5,5,1,9.81751e-06,1.252887277e-05,1.2724229600000002e-05,2.615466756e-05,1.465381396e-05,3.8671996900000005e-05,2.7847833710000003e-05,6.2765974e-06,0.0660331295598431,0.0842699094638254,0.0855838905920127,0.1759177787019424,0.0985623845319758,0.2601100464003146,0.1873061103409518,0.0422167504091337,5,5,3.8671996900000005e-05,0.0001486755219,True
run_20260720_193925,8,0,0,1,5.09239924e-05,4.808189759999999e-05,4.419095506e-05,7.90670639e-06,8.9801278e-06,9.5645567e-06,1.111688791e-05,8.8340253e-06,0.2685876631072114,0.2535976443619184,0.2330757034289636,0.0417022250628753,0.0473637557962973,0.0504462005361037,0.0586336381742864,0.0465931695323437,0,0,5.09239924e-05,0.0001895991491599,True
run_20260720_193925,9,6,6,1,7.736047869999999e-06,1.6401212300000006e-05,1.2370125900000002e-05,2.8797474860000004e-05,2.61730975e-05,1.72983079e-05,3.525573386e-05,5.35998057e-06,0.0517835551188523,0.1097864304132143,0.0828031453701169,0.1927645293508992,0.1751974728954654,0.1157914086954234,0.2359948216808153,0.0358786364752126,6,6,3.525573386e-05,0.00014939198076,True
run_20260720_193925,10,0,0,1,5.2513676200000016e-05,4.99893438e-05,4.507505745999999e-05,7.201414450000001e-06,8.31139638e-06,8.805113199999999e-06,9.961790231e-06,8.6474304e-06,0.2756547858128833,0.2624040603372495,0.2366079887897793,0.0378016642789245,0.0436281813562097,0.0462197996567642,0.0522914286552876,0.0453920911129016,0,0,5.2513676200000016e-05,0.000190505222121,True
run_20260720_193925,11,1,1,1,2.1841476e-05,5.105698719999999e-05,2.46306274e-05,3.455195897e-05,1.85309983e-05,8.748114499999998e-06,1.070312715e-05,8.944357699999999e-06,0.1220142063157607,0.2852223801212865,0.1375953920545585,0.1930194575851596,0.103520707566339,0.0488700602228941,0.0597914520201803,0.049966344113821,1,1,5.105698719999999e-05,0.00017900764722,True
run_20260720_193925,12,5,5,1,1.01311323e-05,1.6133396469999998e-05,1.02731101e-05,2.535003792e-05,1.315306137e-05,3.73955543e-05,2.651819352e-05,6.111590700000001e-06,0.0698380526437492,0.1112141228275478,0.0708167638852008,0.1747482147457495,0.0906694498880963,0.2577829024940857,0.1828007906941349,0.0421297028214356,5,5,3.73955543e-05,0.0001450660766799,True
run_20260720_193925,13,7,7,1,5.0324028e-06,7.3505008e-06,7.243429089999999e-06,1.348570142e-05,1.028676425e-05,1.12950284e-05,1.635377835e-05,4.59075429e-05,0.0430284847279207,0.0628488863044447,0.0619333925290801,0.1153066081267917,0.0879547794605881,0.096575726611318,0.1398294870149855,0.3925226352248707,7,7,4.59075429e-05,0.00011695514801,True
run_20260720_193925,14,3,3,1,1.11996761e-05,2.852751621e-05,2.09482735e-05,4.6568676750000005e-05,2.784017439e-05,3.2568767e-05,1.5491492290000002e-05,4.703443e-06,0.0596209432780388,0.1518648763261774,0.111517138081908,0.2479061367716767,0.1482058448241107,0.173378282782898,0.0824682227296079,0.0250385552055821,3,3,4.6568676750000005e-05,0.00018784801924,True
run_20260720_193925,15,4,4,1,2.3845245400000003e-05,3.687700965999999e-05,4.45994588e-05,4.854722175e-05,6.753668028e-05,3.30404837e-05,3.727949276e-05,1.495859734e-05,0.0777517922397729,0.120244247664921,0.1454247082155805,0.1582971127369562,0.2202157220698819,0.1077345517334874,0.121556617567024,0.0487752477723756,4,4,6.753668028e-05,0.00030668418969,True
run_20260720_193925,16,6,6,1,1.060924816e-05,1.7757981299999998e-05,1.90995212e-05,2.8069414e-05,2.5517913260000003e-05,1.76808565e-05,3.5219399180000005e-05,5.40073882e-06,0.0665761559948215,0.1114365613238632,0.119855119199851,0.1761438376182942,0.1601324192100041,0.1109525804952095,0.2210120998669871,0.0338912262909691,6,6,3.5219399180000005e-05,0.00015935507242,True
run_20260720_193925,17,6,6,1,9.15673012e-06,1.83344901e-05,1.75725395e-05,2.904191798e-05,2.612356546e-05,1.70912725e-05,3.491794072e-05,5.327390050000001e-06,0.0581136732830484,0.1163608136877889,0.1115250537990588,0.1843160725373447,0.1657945935105018,0.108470667262229,0.221608562459077,0.0338105634609511,6,6,3.491794072e-05,0.0001575658464299,True
run_20260720_193925,18,5,5,1,8.1862652e-06,1.421762876e-05,9.2677274e-06,2.60352743e-05,1.407544244e-05,3.74225782e-05,2.643947464e-05,6.1044976e-06,0.0577518828141634,0.1003015184559132,0.0653813055993363,0.1836718056004589,0.0992984324954905,0.2640061490813012,0.1865233294759772,0.0430655764773589,5,5,3.74225782e-05,0.00014174888854,True
run_20260720_193925,19,4,4,1,2.3354381000000003e-05,3.604801669e-05,4.343984410000001e-05,4.753003464999999e-05,6.619462778e-05,3.25337881e-05,3.684765091e-05,1.42021391e-05,0.0778089071145421,0.1200998126345406,0.1447268842041711,0.1583540172284086,0.220538135624991,0.1083915902698126,0.122763923695741,0.0473167292277927,4,4,6.619462778e-05,0.00030015048233,True
run_20260720_193925,20,0,0,1,5.12064637e-05,4.83285576e-05,4.443957361e-05,7.65718714e-06,9.25786762e-06,8.963516e-06,1.1410951184e-05,8.652307499999999e-06,0.2696263046978616,0.2544727648721768,0.2339954206760212,0.0403187200161644,0.0487470615113495,0.047197160701026,0.0600840670985372,0.0455585004268629,0,0,5.12064637e-05,0.000189916424354,True
run_20260720_193925,21,7,7,1,6.5979012e-06,1.04843888e-05,9.104200399999998e-06,1.3295142090000004e-05,9.41700714e-06,1.13193628e-05,1.554859707e-05,4.55132751e-05,0.0544022759073664,0.0864478862183783,0.075067693053172,0.1096236464116529,0.0776469069667062,0.0933325734161008,0.1282042640733403,0.3752747539532828,7,7,4.55132751e-05,0.0001212798746,True
run_20260720_193925,22,4,4,1,2.50228448e-05,3.807906444000001e-05,4.623368660000001e-05,5.01825215e-05,6.952486704e-05,3.4269976e-05,3.861654371e-05,1.481883923e-05,0.0789991339424947,0.1202186696254636,0.1459634677656126,0.1584302572004372,0.2194955980235748,0.1081930710064621,0.1219155349172166,0.0467842675187381,4,4,6.952486704e-05,0.00031674834332,True
run_20260720_193925,23,0,0,1,5.74479792e-05,5.13492846e-05,4.94796345e-05,8.050936419999999e-06,9.94051529e-06,9.420423e-06,1.20243248597e-05,8.7709743e-06,0.2782199062443232,0.2486839980460978,0.2396293039946195,0.0389905930050783,0.0481418018617452,0.0456230008494688,0.0582336677756807,0.0424777282229862,0,0,5.74479792e-05,0.0002064840721697,True
run_20260720_193925,24,1,1,1,2.370066540000001e-05,5.58477084e-05,2.7752280499999995e-05,3.797146806e-05,2.154490237e-05,8.9375023e-06,1.071495055e-05,1.11360733e-05,0.1199392693902243,0.2826221639589196,0.1404428184148183,0.1921579018954733,0.1090298439191294,0.0452290042470896,0.054223935017427,0.0563550631569181,1,1,5.58477084e-05,0.00019760555088,True
run_20260720_193925,25,3,3,1,9.9220359e-06,2.7025195300000005e-05,2.33414687e-05,4.911987897e-05,3.218860232e-05,3.08586149e-05,3.939387969e-05,1.09294434e-05,0.0445375488354599,0.1213093731561274,0.1047740415974114,0.2204869071697529,0.1444866217196612,0.138516639322319,0.1768293179136358,0.0490595502856319,3,3,4.911987897e-05,0.00022277911918,True
run_20260720_193925,26,1,1,1,2.20950095e-05,5.16682775e-05,2.50605559e-05,3.423386187e-05,1.911706615e-05,8.377042699999999e-06,1.00465821e-05,9.6407633e-06,0.1225871759507503,0.2866651053019322,0.1390405727382427,0.1899357612193546,0.1060649986048742,0.0464773734273274,0.0557402850447454,0.0534887277127731,1,1,5.16682775e-05,0.0001802391590199,True
run_20260720_193925,27,3,3,1,9.9293615e-06,2.788710386e-05,2.45820007e-05,5.330826734e-05,3.634254112999999e-05,2.9462172e-05,2.204910906e-05,1.04026897e-05,0.0464068559370653,0.1303359547673834,0.1148888944298924,0.2491468442056364,0.1698541311651087,0.1376973505896667,0.1030509190030055,0.0486190499022412,3,3,5.330826734e-05,0.00021396324529,True
run_20260720_193925,28,4,4,1,2.71648081e-05,3.9238199890000005e-05,4.7329339e-05,4.1355304130000006e-05,6.038671835e-05,2.38660449e-05,2.947981481e-05,6.221769080000001e-06,0.0987660367211295,0.1426625756729259,0.1720804069902775,0.1503599609936894,0.2195545361509329,0.0867723658604282,0.1071829574992122,0.0226211601114041,4,4,6.038671835e-05,0.00027504199826,True
run_20260720_193925,29,7,7,1,6.4514228e-06,1.055013331e-05,9.11290333e-06,1.425087184e-05,1.007563679e-05,1.27750442e-05,1.56458996e-05,4.44648653e-05,0.0523116142985478,0.0855461689026151,0.073892333353026,0.1155537521292384,0.0816986952972201,0.1035869459427308,0.1268653893260575,0.3605451007505639,7,7,4.44648653e-05,0.00012332677717,True
run_20260720_193925,30,2,2,1,2.67060238e-05,2.30398741e-05,4.16426275e-05,3.618695428e-05,1.8630396670000005e-05,8.3293153e-06,1.053924862e-05,9.7175275e-06,0.1527874772549109,0.13181311700957,0.2382410818487692,0.2070287024150709,0.1065861143832124,0.0476527348840201,0.0602959549827144,0.0555948172217318,2,2,4.16426275e-05,0.00017479196777,True
run_20260720_193925,31,7,7,1,5.915355309999999e-06,9.3373938e-06,8.858455599999998e-06,1.374301439e-05,9.76778928e-06,1.10316306e-05,1.544947413e-05,4.55209684e-05,0.0494495358738073,0.078056137879056,0.0740524440244874,0.114885014927794,0.0816540378551074,0.0922191456832862,0.1291502006534403,0.380533483103021,7,7,4.55209684e-05,0.00011962408151,True
run_20260720_193925,32,1,1,1,4.849572410000001e-05,7.21080855e-05,4.22816512e-05,3.308223701e-05,1.7691475199999996e-05,8.3469686e-06,1.013916894e-05,9.5506352e-06,0.200647652361376,0.2983421392371452,0.1749373621837014,0.1368754320944169,0.0731972360773453,0.0345349963322667,0.041950099363634,0.0395150823501142,1,1,7.21080855e-05,0.00024169594575,True
run_20260720_193925,33,2,2,1,2.55728461e-05,2.27377168e-05,4.04671817e-05,3.65636067e-05,1.826973356e-05,8.6594111e-06,1.120489997e-05,1.04700988e-05,0.1470164325882336,0.1307174804112846,0.2326428848462765,0.2102015160367011,0.1050313696733477,0.0497823247071804,0.0644161551145223,0.0601918366224534,2,2,4.04671817e-05,0.00017394549473,True
run_20260720_193925,34,1,1,1,2.20887855e-05,5.20538546e-05,2.55871513e-05,3.2603328050000006e-05,1.897213137e-05,7.1435718e-06,5.713930449999999e-06,9.2317946e-06,0.1273903118455535,0.3002046794404835,0.1475660661989026,0.1880297188585757,0.1094159627562642,0.0411983646313692,0.0329533455739023,0.0532415506949486,1,1,5.20538546e-05,0.00017339454767,True
run_20260720_193925,35,1,1,1,2.8390587299999995e-05,6.077749689999999e-05,3.1341862500000006e-05,2.894934023e-05,2.499036956000001e-05,6.2890387e-06,5.99006546e-06,6.0391376e-06,0.1472786058142333,0.3152884762024944,0.1625885989551686,0.1501771845458194,0.1296396847549278,0.0326249274754439,0.0310739781591201,0.0313285440927921,1,1,6.077749689999999e-05,0.00019276789825,True
run_20260720_193925,36,7,7,1,5.72929476e-06,9.8381496e-06,8.3886032e-06,1.377891059e-05,9.64701696e-06,1.12049167e-05,1.512007206e-05,4.5115925e-05,0.0482170970129183,0.0827967548471538,0.070597536213563,0.1159617538425196,0.0811882041561408,0.0942993122500069,0.1272488171579665,0.3796905245197309,7,7,4.5115925e-05,0.0001188228888699,True
run_20260720_193925,37,4,4,1,4.01036864e-05,6.945999587e-05,8.59479022e-05,8.649176064e-05,0.00012402111427,4.33795605e-05,4.937119661e-05,2.01715256e-05,0.0772790021544154,0.1338480237687929,0.1656198897286732,0.1666678940726443,0.2389862084315605,0.083591546071363,0.0951373091025931,0.0388701266699573,4,4,0.00012402111427,0.00051894674209,True
run_20260720_193925,38,2,2,1,2.74108137e-05,2.44426759e-05,4.35904451e-05,4.099259472e-05,1.960224346e-05,8.653876e-06,1.697751043e-05,1.08972902e-05,0.1423439619195692,0.126930464947196,0.2263645554371656,0.2128739557194543,0.1017941687958122,0.0449394537966843,0.0881639678626909,0.0565894715214271,2,2,4.35904451e-05,0.00019256744951,True
run_20260720_193925,39,3,3,1,8.672778699999999e-06,2.459243888e-05,2.11641014e-05,4.54852988e-05,3.174567017e-05,2.52172968e-05,1.936203261e-05,7.9620628e-06,0.0470830596792966,0.133508222393187,0.1148963537228139,0.2469320516538767,0.1723419142671516,0.1369004711471465,0.105113224771793,0.0432247023647343,3,3,4.54852988e-05,0.00018420168016,True
run_20260720_193925,40,5,5,1,8.771881300000001e-06,1.540050626e-05,9.7550326e-06,2.570968371e-05,1.398449374e-05,3.70956835e-05,2.65407245e-05,6.132714099999999e-06,0.0611746793498258,0.1074023918085263,0.0680311293487404,0.1792981007557284,0.0975271884281136,0.2587035170408798,0.1850937393554979,0.0427692539126875,5,5,3.70956835e-05,0.00014339071971,True
run_20260720_193925,41,1,1,1,2.2255268e-05,5.20409523e-05,2.54552109e-05,3.416968098000001e-05,1.905032986e-05,8.3787766e-06,1.003479328e-05,8.920695099999999e-06,0.1234307464129872,0.2886262069021891,0.1411780654129624,0.1895097029635885,0.1056557231318634,0.0464698358054224,0.0556543297816242,0.0494753895893627,1,1,5.20409523e-05,0.00018030570702,True
run_20260720_193925,42,2,2,1,2.6644725600000004e-05,2.28584316e-05,4.13434366e-05,3.584150432e-05,1.847481418e-05,8.5928194e-06,1.08341413e-05,9.9001763e-06,0.1527005448556544,0.1310013475937507,0.2369386493147148,0.2054071533808661,0.1058788982759488,0.0492453262204448,0.0620903102696298,0.0567377700889904,2,2,4.13434366e-05,0.0001744900492999,True
run_20260720_193925,43,4,4,1,1.97765681e-05,3.088351366e-05,3.77198552e-05,4.266946846e-05,5.926060500000001e-05,2.92653373e-05,3.267421846000001e-05,1.281797995e-05,0.0746095415630428,0.1165118631492271,0.1423028045142147,0.1609758308136037,0.2235679390600921,0.1104070933136683,0.1232675177970494,0.0483574097891015,4,4,5.926060500000001e-05,0.00026506754613,True
run_20260720_193925,44,4,4,1,2.06571716e-05,3.255195496999999e-05,3.87317896e-05,4.243613018e-05,5.940445473e-05,2.84790105e-05,3.2137064e-05,1.27293439e-05,0.0773309243419273,0.121859507957367,0.1449939589592724,0.1588613018209018,0.2223828839326231,0.1066122821145783,0.1203063474941398,0.0476527933791901,4,4,5.940445473e-05,0.0002671269194799,True
run_20260720_193925,45,6,6,1,1.150837617e-05,2.46493759e-05,1.99007123e-05,2.8424717069e-05,2.5419864272e-05,1.74444447e-05,3.511051288e-05,5.381140020000001e-06,0.0685678915119066,0.1468630941134248,0.1185701494145777,0.1693569003526787,0.1514537298662082,0.1039354965466909,0.2091914447808009,0.0320612934137118,6,6,3.511051288e-05,0.000167839143311,True
run_20260720_193925,46,3,3,1,9.2589865e-06,2.558880237e-05,2.11779962e-05,4.457809636e-05,3.155536219999999e-05,2.4734663800000004e-05,1.957565797e-05,9.0016333e-06,0.0499214248082605,0.1379664473479245,0.1141848241044446,0.2403505054825528,0.1701361851391322,0.1333612117319,0.1055455408020717,0.0485338605837133,3,3,4.457809636e-05,0.0001854711987,True
run_20260720_193925,47,5,5,1,8.7692747e-06,1.526677798e-05,9.422583800000002e-06,2.226688827e-05,1.416576821e-05,9.23365111e-05,1.4673932249999998e-05,7.6243359e-06,0.0475232285333647,0.082735072595192,0.0510636989513147,0.1206706889889205,0.0767683831360082,0.5003981821870482,0.0795222706160478,0.0413184749921036,5,5,9.23365111e-05,0.00018452607221,True
run_20260720_193925,48,5,5,1,9.1948631e-06,1.593066874e-05,9.8520409e-06,2.542048097e-05,1.3773253200000002e-05,3.72592573e-05,2.660561469e-05,6.1488157e-06,0.063771289970281,0.1104877021648132,0.0683291692546208,0.1763046219928908,0.0955248723226016,0.2584128633035992,0.1845241577586465,0.0426453232325467,5,5,3.72592573e-05,0.0001441849946,True
run_20260720_193925,49,6,6,1,8.63374346e-06,1.7243902900000003e-05,1.67962113e-05,2.831089392e-05,2.562287956e-05,1.7514931999999998e-05,3.54000458e-05,5.37295922e-06,0.0557391251574205,0.1113259927629939,0.1084357125224543,0.1827740732436976,0.1654203529795813,0.1130757465049476,0.2285413728779727,0.0346876239509317,6,6,3.54000458e-05,0.00015489556816,True
run_20260720_193925,50,0,0,1,5.248992709999999e-05,4.96626219e-05,4.508848727e-05,7.17306358e-06,8.084795e-06,8.749134499999998e-06,9.82807616e-06,8.6169813e-06,0.2767097524886336,0.2618051228706241,0.2376917790112269,0.0378140484749698,0.0426203987502078,0.0461225796212768,0.0518104076710184,0.0454259111120423,0,0,5.248992709999999e-05,0.0001896930868099,True
run_20260720_193925,51,4,4,1,3.08940063e-05,4.610958170999999e-05,5.53548943e-05,6.249794462000001e-05,8.548718543e-05,4.2250285e-05,4.807972007e-05,1.77389858e-05,0.079539144824572,0.1187128876008588,0.1425157006741652,0.160906067672041,0.2200937475228589,0.1087768127209335,0.1237851698687784,0.0456704691157917,4,4,8.548718543e-05,0.00038841260323,True
run_20260720_193925,52,1,1,1,5.4692735e-06,1.66680407e-05,1.54458315e-05,3.374599502e-05,1.869267966e-05,8.0902091e-06,9.91314988e-06,9.9682106e-06,0.0463523719579045,0.1412624953452943,0.1309042100174947,0.2859990295341117,0.1584214138295107,0.0685649348895103,0.0840144510074723,0.0844810934187012,3,3,3.374599502e-05,0.00011799338996,False
run_20260720_193925,53,5,5,1,8.2709241e-06,1.4517819699999997e-05,9.3790574e-06,2.553353985e-05,1.40418145e-05,3.70009894e-05,2.6617986790000003e-05,6.1476304e-06,0.0584477280925489,0.1025923546224116,0.0662785185853185,0.1804365964853991,0.0992285923433889,0.2614730520385849,0.1881000037556843,0.0434431540766633,5,5,3.70009894e-05,0.00014150976214,True
run_20260720_193925,54,7,7,1,6.2631661e-06,1.00135164e-05,8.516002610000001e-06,1.278892744e-05,9.21108041e-06,1.11554474e-05,1.546192505e-05,4.62813708e-05,0.0523276041989437,0.0836610931999443,0.0711496401050663,0.1068491434722337,0.0769568876576854,0.0932017172926861,0.1291815483178919,0.3866723657555483,7,7,4.62813708e-05,0.00011969143621,True
run_20260720_193925,55,3,3,1,9.9212834e-06,2.858062755e-05,2.4119162e-05,5.232279554e-05,3.5763542849999994e-05,2.96972123e-05,2.192187239e-05,1.01079318e-05,0.0467028037844199,0.1345385860566421,0.1135369734857726,0.2463009224751044,0.1683509740644282,0.1397947244396991,0.103193595378725,0.0475814203152082,3,3,5.232279554e-05,0.00021243442783,True
run_20260720_193925,56,7,7,1,5.661230999999999e-06,3.8258636e-06,6.0526819500000005e-06,7.68981404e-06,7.19403911e-06,1.18772035e-05,1.613401319e-05,5.15942561e-05,0.0514521237734763,0.0347713787845148,0.0550098275185885,0.069888909988145,0.0653830572748135,0.1079460182007706,0.1466340524904885,0.4689146319692024,7,7,5.15942561e-05,0.0001100291024899,True
run_20260720_193925,57,4,4,1,2.41367928e-05,3.69110012e-05,4.49803073e-05,5.050775636e-05,6.943305255000001e-05,3.45029252e-05,3.785510739e-05,1.408241514e-05,0.0772601466203058,0.1181494736373709,0.1439787450561539,0.1616717139750349,0.2222502328606143,0.1104413946736719,0.1211714899950925,0.0450768031817555,4,4,6.943305255000001e-05,0.00031240935794,True
run_20260720_193925,58,6,6,1,9.18789277e-06,1.84108109e-05,1.7720588e-05,2.887452773e-05,2.578391357e-05,1.7092493800000003e-05,3.4815533830000005e-05,5.34177453e-06,0.0584369192228524,0.1170966070591734,0.1127066450882673,0.1836480340808355,0.1639910817700039,0.1087118346405892,0.2214340751523807,0.0339748029858973,6,6,3.4815533830000005e-05,0.00015722753513,True
run_20260720_193925,59,4,4,1,1.96793161e-05,3.111548623e-05,3.701135579999999e-05,4.066037048e-05,5.695298191e-05,2.74285483e-05,3.079992691e-05,1.186055265e-05,0.0770201897156655,0.1217786553329349,0.1448536946540533,0.1591350752417075,0.2229005037213191,0.1073488521123604,0.1205436307736746,0.0464193984482844,4,4,5.695298191e-05,0.0002555085383799,True
run_20260720_193925,60,3,3,1,9.5097954e-06,2.662236843e-05,2.2335476600000004e-05,4.731725811e-05,3.312614214e-05,2.62061421e-05,2.057357248e-05,1.03035914e-05,0.0485207637978306,0.1358323282466049,0.1139598002729453,0.241421545653474,0.1690158043051383,0.1337086632680326,0.1049702342470616,0.0525708602089125,3,3,4.731725811e-05,0.00019599434666,True
run_20260720_193925,61,0,0,1,5.14659462e-05,4.88924977e-05,4.449318452e-05,7.5021016e-06,9.12230354e-06,8.6603536e-06,1.0975288373999998e-05,8.749729000000001e-06,0.2710711338427057,0.2575167808328545,0.2343455987234743,0.0395135684285772,0.0480471718956782,0.0456140816047166,0.0578068428437996,0.0460848218281937,0,0,5.14659462e-05,0.0001898614045339,True
run_20260720_193925,62,7,7,1,5.7233217e-06,8.740726600000002e-06,8.09622828e-06,9.826242929999998e-06,8.720019659999998e-06,8.0101799e-06,8.10768485e-06,4.58469998e-05,0.0555277360493485,0.0848026347224758,0.0785497042612703,0.0953343272271095,0.0846017357412584,0.0777148618423802,0.0786608560413617,0.4448081441147952,7,7,4.58469998e-05,0.00010307140372,True
run_20260720_193925,63,0,0,1,5.104662400000001e-05,4.80978805e-05,4.424036823e-05,7.41245931e-06,8.582482219999998e-06,9.0310931e-06,1.0808633039e-05,9.6547242e-06,0.2702677578037292,0.2546555540645883,0.2342318490236187,0.0392454701318754,0.0454401886790744,0.0478153713486268,0.0572266055513061,0.0511172033971806,0,0,5.104662400000001e-05,0.000188874264599,True
run_20260720_193925,64,2,2,1,2.63116164e-05,2.26571287e-05,4.0944087700000006e-05,3.579730193000001e-05,1.8340632750000003e-05,8.6279612e-06,1.090404083e-05,9.9929554e-06,0.151585807368183,0.1305316668661349,0.2358860245073425,0.2062344947633726,0.1056635814686052,0.0497071880556664,0.0628200794532404,0.0575711575174547,2,2,4.0944087700000006e-05,0.00017357572491,True
run_20260720_193925,65,1,1,1,2.19877574e-05,5.14532884e-05,2.52891073e-05,3.41077909e-05,1.8990199270000003e-05,8.314670099999998e-06,1.013758974e-05,9.4437855e-06,0.1223416701449867,0.2862902806680809,0.1407106494433932,0.1897785220998472,0.1056630129581977,0.0462635005577505,0.0564063736684797,0.0525459904592638,1,1,5.14532884e-05,0.00017972418861,True
run_20260720_193925,66,7,7,1,6.898343100000001e-06,1.13220655e-05,9.050609709999998e-06,1.284577742e-05,9.44156024e-06,1.10755973e-05,1.570358269e-05,4.5685809900000005e-05,0.0565329777788147,0.0927860600789462,0.0741711321404344,0.1052731125299435,0.0773750315847961,0.0907662154478805,0.1286932642218896,0.3744022062172948,7,7,4.5685809900000005e-05,0.00012202334586,True
run_20260720_193925,67,3,3,1,9.5647809e-06,2.68025703e-05,2.30914534e-05,4.870728733e-05,3.371023417000001e-05,2.7152411500000003e-05,2.071566403e-05,9.728612e-06,0.0479502501413128,0.1343668991220825,0.1157622927522018,0.2441798338713954,0.1689964650182139,0.1361207263372712,0.1038519629949804,0.0487715697625418,3,3,4.870728733e-05,0.00019947301363,True
run_20260720_193925,68,2,2,1,2.4528082800000004e-05,2.29231681e-05,3.99066348e-05,3.617452594e-05,1.895197675e-05,8.1333827e-06,1.106358015e-05,1.21772409e-05,0.1410806477729252,0.131849498019293,0.2295350164107224,0.2080686694556366,0.1090079961923243,0.0467815976184287,0.0636355098348606,0.0700410646958089,2,2,3.99066348e-05,0.00017385859214,True
run_20260720_193925,69,7,7,1,5.6262202e-06,5.361305099999999e-06,7.450470839999999e-06,1.329867001e-05,9.67116023e-06,1.1181955e-05,1.571346971e-05,4.53956664e-05,0.0494834983850645,0.047153528092926,0.0655280718979165,0.1169639105066205,0.085059387050458,0.0983470665055669,0.1382024566010667,0.3992620809603804,7,7,4.53956664e-05,0.00011369891749,True
run_20260720_193925,70,7,7,1,6.038166000000001e-06,9.8423713e-06,8.0792718e-06,1.343143468e-05,9.595475190000002e-06,1.13843523e-05,1.569448874e-05,4.56404659e-05,0.0504416210804604,0.082221184983619,0.0674926073151433,0.1122034966735786,0.0801586646708519,0.0951025832948395,0.1311085939132235,0.3812712480682836,7,7,4.56404659e-05,0.00011970602591,True
run_20260720_193925,71,6,6,1,9.0542455e-06,2.0339364900000003e-05,1.85716357e-05,3.3941937960000006e-05,3.0699597749999995e-05,1.98792153e-05,4.1922477270000006e-05,5.539702839999999e-06,0.0503158500401508,0.113029013209362,0.1032054671901166,0.1886206266957818,0.1706024380145149,0.1104718903359392,0.2329697244932171,0.0307849900209175,6,6,4.1922477270000006e-05,0.00017994817722,True
run_20260720_193925,72,2,2,1,2.64778913e-05,2.28681386e-05,4.129574390000001e-05,3.607672772e-05,1.853252643e-05,8.502978300000001e-06,1.066318138e-05,9.7924542e-06,0.1519886673427529,0.1312679273074652,0.2370462591289744,0.2070880081092466,0.1063806011844321,0.0488088845753871,0.0612089047884359,0.0562107475633055,2,2,4.129574390000001e-05,0.00017420964183,True
run_20260720_193925,73,7,7,1,6.0120158e-06,9.6371926e-06,8.66684031e-06,1.350110856e-05,9.5546565e-06,1.12998766e-05,1.550794692e-05,4.51916588e-05,0.0503639986908346,0.0807329141566331,0.0726040563676684,0.1131018008702932,0.080041490818666,0.0946615892607923,0.1299135338893177,0.3785806159457944,7,7,4.51916588e-05,0.0001193712960899,True
run_20260720_193925,74,4,4,1,2.58357604e-05,3.905183186000001e-05,4.69720149e-05,5.2194445440000005e-05,7.217620672000001e-05,3.51345875e-05,4.020234869e-05,1.455530079e-05,0.0792210310331786,0.11974590009294,0.1440318145264975,0.1600455228699903,0.22131624631502,0.1077343265141687,0.123273767207454,0.0446313914407504,4,4,7.217620672000001e-05,0.0003261224963,True
run_20260720_193925,75,7,7,1,6.1239417e-06,1.00412928e-05,8.62352633e-06,1.673750274e-05,1.050078853e-05,1.43966836e-05,2.747977306e-05,4.14791158e-05,0.0452343254527905,0.074169730662518,0.0636974379690663,0.1236310995919726,0.0775637831230415,0.1063407039624908,0.2029785812567202,0.3063843379813998,7,7,4.14791158e-05,0.00013538262456,True
run_20260720_193925,76,3,3,1,8.6827955e-06,2.405362134e-05,2.30536448e-05,4.7768336780000006e-05,3.251115865e-05,2.5520029900000003e-05,1.94803412e-05,9.1992685e-06,0.0456342679317625,0.1264188936568551,0.1211633054823051,0.2510565956866296,0.1708692695349256,0.1341259139505463,0.1023830527533387,0.0483487010036368,3,3,4.7768336780000006e-05,0.00019026919667,True
run_20260720_193925,77,6,6,1,2.254979016e-05,3.4621407900000004e-05,3.22478539e-05,2.9079382720000003e-05,2.942993221e-05,1.46378864e-05,3.023033786e-05,5.20182045e-06,0.1138887427317118,0.1748569981962421,0.1628692555632603,0.1468667474906147,0.1486372136633847,0.0739293122692909,0.1526796988708771,0.026272031214618,1,1,3.4621407900000004e-05,0.0001979984116,False
run_20260720_193925,78,1,1,1,2.18749889e-05,5.1535315e-05,2.52321097e-05,3.412345333e-05,1.889558481e-05,8.2091115e-06,9.94928314e-06,9.4491489e-06,0.1220232693658682,0.2874747801174824,0.1407499922704983,0.1903477691538496,0.105403529374876,0.0457921431822507,0.0554991850345355,0.0527093315006389,1,1,5.1535315e-05,0.00017926899528,True
run_20260720_193925,79,3,3,1,9.502138e-06,2.6335538730000004e-05,2.24793083e-05,4.73470926e-05,3.308341999e-05,2.64054357e-05,2.047574054e-05,9.9093629e-06,0.0485948317649458,0.1346824339978609,0.1149613071322318,0.2421375062597821,0.169191736493734,0.1350398937082997,0.1047148722533793,0.0506774183897661,3,3,4.73470926e-05,0.00019553803676,True
run_20260720_193925,80,6,6,1,7.9302936e-06,1.94326628e-05,1.5835278e-05,5.994930385e-05,1.706098293e-05,1.88840247e-05,4.990183311000001e-05,5.2898315200000006e-06,0.0408180035793069,0.1000218327006032,0.0815057382091528,0.3085649816453527,0.0878145624145913,0.0971979382700686,0.2568496584411397,0.0272272847397844,3,3,5.994930385e-05,0.00019428421051,False
run_20260720_193925,81,3,3,1,8.3643696e-06,2.458312334e-05,1.89383824e-05,4.097970403e-05,2.172095358e-05,2.4067888e-05,1.025606738e-05,9.8629994e-06,0.0526811479648536,0.1548314122934962,0.1192792491414271,0.2581016806766092,0.136804663615737,0.1515863154743335,0.0645955916610008,0.0621199391725423,3,3,4.097970403e-05,0.00015877348773,True
run_20260720_193925,82,1,1,1,2.2262321699999997e-05,5.2139134200000007e-05,2.54162741e-05,3.4248091850000006e-05,1.877196679e-05,8.2355018e-06,1.002921968e-05,8.7661946e-06,0.1237698449802902,0.2898732955305623,0.1413045929227393,0.1904060625961237,0.1043648299976483,0.0457861850554832,0.0557585584196672,0.0487366304974856,1,1,5.2139134200000007e-05,0.0001798687047199,True
run_20260720_193925,83,4,4,1,3.9840953e-05,2.54821672e-05,3.49723523e-05,3.826283566e-05,5.493879131e-05,2.43031932e-05,3.011930414e-05,7.968757790000001e-06,0.1556966242652138,0.0995831453128582,0.1366703551424532,0.1495294137938077,0.2146982866644295,0.0949757687800615,0.1177048646355241,0.0311415414056517,4,4,5.493879131e-05,0.0002558883546,True
run_20260720_193925,84,1,1,1,4.86168567e-05,7.066674450000001e-05,4.1464802099999993e-05,3.19579964e-05,1.7371900049999998e-05,9.3146563e-06,1.05132851e-05,9.4608635e-06,0.2031058393386469,0.2952232914515474,0.173226818950872,0.1335103937808356,0.072574299945688,0.0389136857949624,0.0439211775376253,0.0395244931998219,1,1,7.066674450000001e-05,0.00023936710465,True
run_20260720_193925,85,7,7,1,5.533033220000001e-06,8.432705600000001e-06,9.465109347e-06,1.54437179e-05,1.0570849450000002e-05,1.19286579e-05,1.599142631e-05,4.62081412e-05,0.0447751897451058,0.0682403264704448,0.0765948892983692,0.1249758264314898,0.0855429149024154,0.0965307634420737,0.1294080694720874,0.3739320202380137,7,7,4.62081412e-05,0.000123573640927,True
run_20260720_193925,86,6,6,1,9.672490789999998e-06,1.89574231e-05,1.7714941200000004e-05,2.828954325e-05,2.558697761e-05,1.73294143e-05,3.509898115e-05,5.36650336e-06,0.061211991009729,0.1199713328819649,0.1121083333150715,0.1790293012094294,0.1619262170865772,0.1096685409545342,0.2221225706232438,0.0339617129194496,6,6,3.509898115e-05,0.00015801627476,True
run_20260720_193925,87,6,6,1,8.10927173e-06,1.74444369e-05,1.2788066600000002e-05,2.876064718e-05,2.583867465e-05,1.71170599e-05,3.4854766769999994e-05,5.341760869999999e-06,0.0539701757159057,0.1160991216110143,0.0851092705298587,0.1914126488406338,0.1719658506407726,0.1139203076800442,0.2319712484358706,0.0355513765458997,6,6,3.4854766769999994e-05,0.0001502546846,True
run_20260720_193925,88,0,0,1,5.04555997e-05,4.7816784200000006e-05,4.320893969e-05,6.66821959e-06,5.71620575e-06,7.2249364e-06,1.1032621685e-05,9.1544729e-06,0.2783330627926837,0.2637763118150552,0.2383576173001478,0.0367845391372659,0.0315328539034419,0.0398556094596244,0.0608603089147115,0.0504996966770691,0,0,5.04555997e-05,0.000181277779915,True
run_20260720_193925,89,5,5,1,9.076118e-06,1.5721797649999996e-05,9.8041426e-06,2.533209165e-05,1.3831256409999998e-05,3.71572883e-05,2.653153942e-05,6.1341775e-06,0.0632092653111057,0.1094921065180474,0.0682794836681622,0.1764215606264809,0.0963257150254791,0.2587763727174926,0.184774935089081,0.0427205610441507,5,5,3.71572883e-05,0.00014358841153,True
run_20260720_193925,90,4,4,1,2.8491594400000003e-05,4.734859506e-05,6.81861433e-05,7.126611688999999e-05,0.00010311304852,3.5149107e-05,3.942244405e-05,1.45886619e-05,0.0699067503046427,0.1161741377356916,0.1673009810187979,0.1748579798191536,0.2529973589697792,0.0862415704780695,0.0967265964098555,0.0357946252640096,4,4,0.00010311304852,0.00040756571112,True
run_20260720_193925,91,2,2,1,2.4756901400000003e-05,2.20699876e-05,3.9208897500000007e-05,3.568245921e-05,1.807813757e-05,9.0695203e-06,1.141954198e-05,1.14401571e-05,0.1441654652336044,0.128518911904455,0.2283229576292698,0.2077876487680628,0.1052733971520423,0.0528140251629034,0.0664987736430285,0.0666188205066334,2,2,3.9208897500000007e-05,0.00017172560266,True
run_20260720_193925,92,1,1,1,2.1202195300000003e-05,7.90781981e-05,4.80036146e-05,7.074446627000001e-05,5.066885312e-05,1.01678982e-05,2.133521813e-05,9.3232681e-06,0.0682788286141903,0.2546607395503469,0.1545892077569459,0.2278230730122412,0.1631722512365529,0.0327443535323124,0.0687072108115443,0.0300243354858658,1,1,7.90781981e-05,0.00031052371182,True
run_20260720_193925,93,4,4,1,1.6387292200000003e-05,6.425288442e-05,5.15937675e-05,3.458565401e-05,4.763117529000001e-05,3.15586289e-05,3.6134298e-05,1.421647137e-05,0.0552951906680007,0.216806745837663,0.1740914347760884,0.1167014238545435,0.1607205685513753,0.1064874160385191,0.1219269708002374,0.0479702494735722,1,1,6.425288442e-05,0.00029636017169,False
run_20260720_193925,94,7,7,1,5.632200060000001e-06,1.31068925e-05,9.564214039999998e-06,2.146718656e-05,7.44006335e-06,9.8551647e-06,1.8156966590000003e-05,4.48163033e-05,0.0433116253237372,0.1007920192945883,0.0735488176207482,0.1650826908022666,0.0572140962265586,0.0757862285506458,0.1396270951997566,0.3446374269816986,7,7,4.48163033e-05,0.0001300389911,True
run_20260720_193925,95,3,3,1,9.400526399999998e-06,1.166727644e-05,1.05428019e-05,1.898758154e-05,1.982373586e-05,2.69811179e-05,1.990140815e-05,4.9382542000000005e-05,0.0563962813731575,0.0699951233548636,0.0632490987327965,0.1139115987297916,0.1189279129547165,0.1618669691572526,0.1193938898729598,0.2962591258244616,7,7,4.9382542000000005e-05,0.00016668699019,False
run_20260720_193925,96,7,7,1,7.1194806e-06,1.2317491800000002e-05,9.66417183e-06,1.35804075e-05,9.43213788e-06,1.11190216e-05,1.5470276619999997e-05,4.46180508e-05,0.0577312734233497,0.099881512001826,0.0783659620236852,0.1101223899090347,0.0764844181072723,0.0901632172703344,0.1254471807232783,0.3618040465412191,7,7,4.46180508e-05,0.00012332103863,True
run_20260720_193925,97,4,4,1,3.07550136e-05,4.552127486e-05,5.52497911e-05,6.463182030999999e-05,8.813331939e-05,4.367887509999999e-05,5.088789998e-05,1.52609032e-05,0.0780348615404279,0.1155013757120843,0.1401855923297679,0.1639906655413304,0.2236211456494677,0.1108266448846618,0.1291181425139231,0.0387215718283367,4,4,8.813331939e-05,0.0003941188975399,True
run_20260720_193925,98,4,4,1,2.9671959e-05,4.322376146999999e-05,5.3733665e-05,6.137900044999999e-05,8.379256114e-05,4.1407700100000005e-05,4.7339760900000005e-05,1.82572765e-05,0.0783302896693995,0.114105366502634,0.1418502076134736,0.1620329444667507,0.2212019633161758,0.109311189846839,0.1249710942299804,0.0481969443547465,4,4,8.379256114e-05,0.00037880568456,True
run_20260720_193925,99,4,4,1,2.11258782e-05,3.475096657e-05,4.23815106e-05,4.599579265e-05,6.338289522999999e-05,3.08357522e-05,3.4122684010000004e-05,1.319854292e-05,0.0739199442454063,0.121594448619342,0.1482939014856242,0.1609403593082946,0.221778239804205,0.1078950215375739,0.1193960731782888,0.0461820118212648,4,4,6.338289522999999e-05,0.00028579402238,True
run_20260720_211008,100,2,2,1,2.59216908e-05,2.26179002e-05,4.05042445e-05,3.507576345e-05,1.8051542e-05,8.6581763e-06,1.072954983e-05,1.0727413e-05,0.1504570810163376,0.1312809133118291,0.2350984911926366,0.2035899981920371,0.1047764336871043,0.0502545896050436,0.0622774478909046,0.0622650451041069,2,2,4.05042445e-05,0.00017228628008,True
run_20260720_211008,101,5,5,1,1.2532840299999996e-05,1.224882404e-05,9.6938995e-06,2.593546942e-05,1.4822205889999998e-05,3.6903591e-05,2.640551546e-05,6.0859063e-06,0.08665554713196,0.0846917796366802,0.067026320044526,0.1793250563253662,0.1024848582089178,0.2551617025902004,0.1825750855125578,0.0420796505497913,5,5,3.6903591e-05,0.00014462825191,True
run_20260720_211008,102,4,4,1,2.50199937e-05,3.72275571e-05,4.49987694e-05,5.151412543e-05,7.072163874e-05,3.47188234e-05,4.022210972e-05,1.313223504e-05,0.0787894185363421,0.1172317472421056,0.1417037477462253,0.1622209836542803,0.2227065626424138,0.1093315985907682,0.1266617679901236,0.0413541735977406,4,4,7.072163874e-05,0.00031755525253,True
run_20260720_211008,103,7,7,1,6.40532013e-06,1.04963933e-05,9.20408233e-06,1.33811025e-05,9.071128300000002e-06,1.13544648e-05,1.5491312819999997e-05,4.45679476e-05,0.0533902359094151,0.0874905396000878,0.0767187458167496,0.1115354431477986,0.0756105346918191,0.0946428190931263,0.1291246696839721,0.371487012057031,7,7,4.45679476e-05,0.00011997175178,True
run_20260720_211008,104,6,6,1,9.48560945e-06,1.8915418e-05,1.83989515e-05,3.51296516e-05,2.6984788810000003e-05,2.69650126e-05,5.046676973e-05,6.438260929999999e-06,0.0492031843286936,0.0981169215762186,0.0954379375285363,0.1822224214678779,0.1399738777869774,0.1398712958167748,0.26177820060881,0.0333961608861111,6,6,5.046676973e-05,0.00019278446262,True
run_20260720_211008,105,7,7,1,5.913006000000001e-06,8.8979011e-06,7.528826474999999e-06,1.150751591e-05,8.59441521e-06,1.14558672e-05,1.52042414e-05,4.72972942e-05,0.050799427583507,0.0764430617142376,0.064681157994014,0.0988626125419287,0.0738357737304826,0.0984188915473235,0.1306216770220526,0.4063373978664535,7,7,4.72972942e-05,0.000116399067495,True
run_20260720_211008,106,0,0,1,5.16150776e-05,4.85341601e-05,4.445422585e-05,7.81205873e-06,7.88919181e-06,9.9710351e-06,9.83701468e-06,8.024568900000001e-06,0.2743478757780627,0.2579719792208044,0.2362860427299976,0.0415231714778816,0.0419331543285171,0.0529987055370329,0.0522863513326505,0.042652719595053,0,0,5.16150776e-05,0.0001881373327699,True
run_20260720_211008,107,5,5,1,8.731388899999999e-06,1.5492440430000003e-05,9.6293369e-06,1.766815435e-05,1.185405826e-05,2.28616818e-05,5.753735170000001e-06,4.656526800000001e-06,0.0903427913387077,0.1602987026605641,0.0996337678060381,0.1828105929151925,0.1226527330491561,0.2365474922906402,0.059533311576752,0.048180608362949,5,5,2.28616818e-05,9.664732261e-05,True
run_20260720_211008,108,5,5,1,8.883521600000001e-06,1.5186470249999998e-05,9.619079499999998e-06,2.188641197e-05,1.4048804e-05,9.21734254e-05,1.4733665280000002e-05,7.6534139e-06,0.0482315695468665,0.0824523571861743,0.0522251560553518,0.1188285511752938,0.0762755917851651,0.5004399356166387,0.0799939296182466,0.0415529090162628,5,5,9.21734254e-05,0.0001841847919,True
run_20260720_211008,109,6,6,1,9.32794706e-06,1.82580201e-05,1.7730025799999996e-05,2.825013576e-05,2.5324648190000003e-05,1.72297393e-05,3.4974995450000005e-05,5.3663506e-06,0.0596180240044651,0.1166931023079592,0.1133185144539388,0.180556049582584,0.1618582817831789,0.110121016400588,0.2235368731063703,0.0342981383609156,6,6,3.4974995450000005e-05,0.00015646186226,True
run_20260720_211008,110,6,6,1,9.31760859e-06,1.7848814399999996e-05,1.7633856e-05,2.796275027e-05,2.533009137e-05,1.73658345e-05,3.524711456e-05,5.3676946300000005e-06,0.0597000311397371,0.1143614013397174,0.112984114125966,0.1791636819412366,0.1622956393751443,0.1112668395976828,0.2258362557830821,0.0343920366974333,6,6,3.524711456e-05,0.0001560737643199,True
run_20260720_211008,111,5,5,1,8.7741634e-06,1.5193504519999998e-05,9.7845753e-06,2.54174032e-05,1.395917584e-05,3.70165829e-05,2.655536844e-05,6.1475056e-06,0.0614229548240858,0.1063611308801821,0.0684962769926037,0.1779328623512042,0.097720293994273,0.2591321583102416,0.1858991133020243,0.0430352093453849,5,5,3.70165829e-05,0.0001428482792,True
run_20260720_211008,112,7,7,1,6.3400686e-06,1.02173066e-05,8.299771979999998e-06,1.2306905399999996e-05,8.76558648e-06,1.15062683e-05,1.5592933949999998e-05,4.72776674e-05,0.0526992983836211,0.0849272970311931,0.0689885532295403,0.1022962558880826,0.0728604509763435,0.0956412784593057,0.1296100611446294,0.392976804887284,7,7,4.72776674e-05,0.00012030650871,True
run_20260720_211008,113,1,1,1,2.18663473e-05,5.149010430000001e-05,2.53795698e-05,3.373422048e-05,1.863848545e-05,8.138303999999999e-06,9.93649285e-06,9.499516e-06,0.122375057408764,0.2881644740772845,0.1420368143189939,0.1887936339454329,0.1043103219601823,0.0455460349891165,0.0556096025677102,0.0531640607325153,1,1,5.149010430000001e-05,0.00017868304018,True
run_20260720_211008,114,0,0,1,5.21698282e-05,4.91857106e-05,4.510927e-05,7.35327018e-06,8.568488330000001e-06,8.6939111e-06,1.019585464e-05,8.4176748e-06,0.275020960289126,0.2592897432948618,0.2378001841558961,0.0387638505999334,0.0451700526923101,0.0458312373624088,0.0537489547274595,0.0443750168780041,0,0,5.21698282e-05,0.00018969400785,True
run_20260720_211008,115,1,1,1,2.18682436e-05,5.1591177400000005e-05,2.54854672e-05,3.389680865e-05,1.878130775e-05,8.212924e-06,9.95731064e-06,9.4334593e-06,0.1220144307636142,0.2878543086508165,0.142196823395216,0.1891281205653346,0.1047907923484311,0.0458242218760004,0.05555707225047,0.052634230150117,1,1,5.1591177400000005e-05,0.0001792266985399,True
run_20260720_211008,116,6,6,1,8.583021410000001e-06,1.85591038e-05,1.65975033e-05,2.225746577e-05,2.33766961e-05,6.8187822e-06,1.7938152329999997e-05,4.20605367e-06,0.0725304635886937,0.1568329307481812,0.1402565077329655,0.1880857839556037,0.1975437930668063,0.0576218339033984,0.1515856063115082,0.0355430806928427,4,4,2.33766961e-05,0.0001183367785799,False
run_20260720_211008,117,4,4,1,2.3814415600000004e-05,3.5674598440000006e-05,4.405491440000001e-05,5.01692933e-05,6.917143777999999e-05,3.37630333e-05,3.823250179e-05,1.6268522069999997e-05,0.0765370844337817,0.1146544932617846,0.1415879675483545,0.1612389529846477,0.2223098925750645,0.1085109193451165,0.1228753317640069,0.0522853580872432,4,4,6.917143777999999e-05,0.00031114871668,True
run_20260720_211008,118,6,6,1,9.59959681e-06,1.8772977699999996e-05,1.82686206e-05,2.863170039e-05,2.526707356e-05,1.71742202e-05,3.472699992000001e-05,5.35022314e-06,0.0608372576736437,0.118973380261839,0.1157770269712229,0.1814528431492525,0.1601295861954675,0.1088412857676359,0.2200816851146111,0.033906934866327,6,6,3.472699992000001e-05,0.00015779141232,True
run_20260720_211008,119,7,7,1,6.0320403e-06,9.900207700000004e-06,8.63668071e-06,1.341678584e-05,9.37218414e-06,1.12077746e-05,1.547016809e-05,4.52710361e-05,0.050559032533654,0.0829810310110548,0.0723904681140264,0.1124560974470991,0.0785552713972512,0.0939407252685731,0.1296670268869733,0.3794503473413676,7,7,4.52710361e-05,0.00011930687748,True
run_20260720_211008,120,3,3,1,9.641436900000002e-06,2.706117658e-05,2.34202182e-05,4.856029283e-05,3.3680033440000006e-05,2.73631554e-05,2.094864235e-05,1.00050275e-05,0.0480438394814456,0.1348474130229048,0.1167043061622102,0.2419787567034239,0.1678295607909937,0.1363521910041698,0.1043883002976053,0.0498556325372464,3,3,4.856029283e-05,0.0002006799832,True
run_20260720_211008,121,1,1,1,2.41810485e-05,6.678418880000001e-05,4.26528125e-05,1.863975841e-05,6.653758550000001e-06,6.6048121e-06,8.55288864e-06,9.8119611e-06,0.131503627010245,0.3631919870694186,0.2319584920371801,0.1013684678524059,0.0361850886067007,0.0359189034698455,0.0465131144985182,0.0533603194556858,1,1,6.678418880000001e-05,0.0001838812285999,True
run_20260720_211008,122,7,7,1,6.5898996e-06,1.10681636e-05,9.01971949e-06,1.320987576e-05,9.81120641e-06,1.08761067e-05,1.559533086e-05,4.52112809e-05,0.0542907698165952,0.0911848675661186,0.0743087974575285,0.1088293248340204,0.080829448270868,0.0896026102355838,0.1284818539471989,0.3724723278720863,7,7,4.52112809e-05,0.00012138158332,True
run_20260720_211008,123,1,1,1,2.19603808e-05,5.15336181e-05,2.5338018399999996e-05,3.360673362e-05,1.868692007e-05,8.414173100000001e-06,1.0190317539999998e-05,9.2099205e-06,0.1227247721058146,0.2879937098864235,0.1416005743285169,0.187809982089897,0.104431158450145,0.0470222937188947,0.0569482109245749,0.0514692984957333,1,1,5.15336181e-05,0.0001789400821299,True
run_20260720_211008,124,2,2,1,2.6457349700000004e-05,2.21403859e-05,4.05269665e-05,3.464766025e-05,1.66524119e-05,8.4582596e-06,1.069572336e-05,1.01059684e-05,0.1559206322483559,0.1304795456421164,0.2388368567312674,0.2041884449259946,0.0981373652822091,0.0498469120870684,0.0630329177923936,0.0595573252905942,2,2,4.05269665e-05,0.00016968472561,True
run_20260720_211008,125,0,0,1,5.19826398e-05,4.90606671e-05,4.493650346e-05,7.11778376e-06,8.28147704e-06,8.6611384e-06,9.959043105e-06,9.1624239e-06,0.2748053450569711,0.2593583858575164,0.2375560646109988,0.0376280433185639,0.0437798881379353,0.0457869614885964,0.0526483127335671,0.0484369987958506,0,0,5.19826398e-05,0.000189161676565,True
run_20260720_211008,126,2,2,1,2.6656525000000003e-05,7.8328839e-06,2.85619029e-05,6.07647875e-06,4.77099888e-06,8.665197400000001e-06,6.3036865e-06,1.04271722e-05,0.268458295672017,0.0788851008145578,0.2876473874101609,0.0611963160581594,0.0480488071111257,0.0872673435740627,0.0634845289939593,0.1050122203659568,2,2,2.85619029e-05,9.929484553e-05,True
run_20260720_211008,127,5,5,1,7.6228024e-06,1.149339373e-05,8.1899537e-06,2.457148494e-05,1.276043922e-05,3.69785844e-05,2.649423688e-05,6.118436e-06,0.056789394150127,0.0856250539375871,0.0610146353446852,0.1830560035390095,0.0950644624335689,0.2754881071829093,0.1973803834774926,0.0455819599346201,5,5,3.69785844e-05,0.00013422933127,True
run_20260720_211008,128,5,5,1,8.819196e-06,1.532168913e-05,9.6988121e-06,2.531760193e-05,1.3834497940000002e-05,3.69944616e-05,2.651648626e-05,6.147531100000001e-06,0.0618238971811773,0.1074073570215564,0.0679901390160688,0.1774802168581236,0.096981921957032,0.2593367683665736,0.1858845772499376,0.0430951223495304,5,5,3.69944616e-05,0.00014265027606,True
run_20260720_211008,129,1,1,1,2.18261562e-05,5.14237568e-05,2.5450895899999995e-05,3.383774872e-05,1.906008855e-05,8.4439975e-06,1.011689663e-05,9.3465295e-06,0.1215900733848053,0.2864736376730588,0.1417829264957813,0.188504760634005,0.106180746819515,0.0470401781366392,0.0563596353107832,0.0520680415454118,1,1,5.14237568e-05,0.0001795060698,True
run_20260720_211008,130,5,5,1,8.612859e-06,1.5055653009999998e-05,9.5840405e-06,2.540848283e-05,1.391697484e-05,3.6915432e-05,2.640356989e-05,6.128395500000001e-06,0.0606430859616085,0.1060067579991243,0.0674811687850733,0.1789009675432681,0.0979893321773482,0.2599213241602951,0.1859073692640979,0.0431499941091843,5,5,3.6915432e-05,0.00014202540757,True
run_20260720_211008,131,6,6,1,1.360477181e-05,2.86528015e-05,2.31935673e-05,3.5915669540000005e-05,4.12076091e-05,2.00708049e-05,5.218676004999999e-05,4.97271181e-06,0.061894818704788,0.1303557295186106,0.1055189798990682,0.1633980992761229,0.1874737430456229,0.0913119931663647,0.2374233171416217,0.0226233192478006,6,6,5.218676004999999e-05,0.00021980469601,True
run_20260720_211008,132,0,0,1,5.208942689999999e-05,4.9495299300000006e-05,4.497903452e-05,6.9503607e-06,8.3477306e-06,8.2935919e-06,9.865940687999998e-06,9.2413614e-06,0.2752228211768533,0.2615163329496861,0.2376539253958556,0.0367233427951331,0.0441065702367392,0.043820519753261,0.0521282761457079,0.0488282115467635,0,0,5.208942689999999e-05,0.000189262746008,True
run_20260720_211008,133,3,3,1,1.31205966e-05,2.483026819e-05,2.19624523e-05,4.030408863e-05,2.135750485e-05,3.3068699799999994e-05,1.708320971e-05,4.745942799999999e-06,0.0743491311966475,0.1407031191940048,0.1244523627418599,0.2283870211597834,0.1210243694349757,0.187386989699291,0.0968036621130958,0.0268933444603414,3,3,4.030408863e-05,0.00017647276288,True
run_20260720_211008,134,4,4,1,2.80793728e-05,4.238600737e-05,5.079941e-05,5.846020318e-05,7.982013663999998e-05,3.93414445e-05,4.383537842e-05,1.595348071e-05,0.0782863005603801,0.1181737119328501,0.1416305808493693,0.1629891475699333,0.2225414097486412,0.1096853612273887,0.1222146105117462,0.0444788775996908,4,4,7.982013663999998e-05,0.0003586754336199,True
run_20260720_211008,135,4,4,1,1.87573677e-05,2.0141606e-05,2.3534428700000004e-05,2.831109558e-05,4.226626416e-05,1.840883781e-05,4.399401816e-05,5.4940048e-06,0.0933631458493871,0.1002530700839697,0.1171405462825203,0.1409159850180619,0.2103766076558175,0.0916283690153785,0.2189763510352609,0.0273459250596038,6,6,4.399401816e-05,0.00020090762291,False
run_20260720_211008,136,6,6,1,9.58603615e-06,1.83715073e-05,1.7856984599999994e-05,2.784323811e-05,2.530586896e-05,1.71808781e-05,3.495077714e-05,5.34782487e-06,0.061274899415719,0.1174325074835701,0.1141436270541337,0.1779767557624082,0.1617576390165571,0.1098218868547904,0.2234088543213676,0.0341838300914534,6,6,3.495077714e-05,0.00015644311523,True
run_20260720_211008,137,5,5,1,2.00149477e-05,1.29486894e-05,7.315869000000001e-06,2.537174115e-05,1.40154965e-05,3.67414581e-05,2.637564043e-05,6.1163653e-06,0.1344185345695137,0.0869621984445053,0.0491326984622864,0.1703942631266545,0.0941267760991525,0.2467522288728833,0.1771363576899588,0.0410769427350451,5,5,3.67414581e-05,0.00014890020758,True
run_20260720_211008,138,4,4,1,3.24557132e-05,4.800134408e-05,5.75802977e-05,6.691295858e-05,9.122107782e-05,4.4444116500000005e-05,5.179511646e-05,1.97461063e-05,0.0787460468002124,0.1164638122140166,0.139704858417789,0.1623483340332622,0.2213261874393055,0.107833047954808,0.1256684960101759,0.0479092171304302,4,4,9.122107782e-05,0.00041215673064,True
run_20260720_211008,139,6,6,1,7.2689441e-06,1.76624461e-05,1.7259738024e-05,3.2593316510000003e-05,2.823119306e-05,1.82927187e-05,3.773267037e-05,5.412020140000001e-06,0.0442007261794498,0.1074011483628539,0.1049523760029827,0.1981922323957137,0.1716671936112763,0.1112336866555903,0.2294434250834053,0.0329092117087278,6,6,3.773267037e-05,0.0001644530470039,True
run_20260720_211008,140,5,5,1,6.8894834e-06,1.013635372e-05,9.1325836e-06,2.583933604e-05,1.4062063810000002e-05,3.77321898e-05,2.682083333e-05,6.1404277e-06,0.0503789293628554,0.0741214715833116,0.0667814634816845,0.1889485770648993,0.1028279884352368,0.2759143486201091,0.1961257164484914,0.0449015050034115,5,5,3.77321898e-05,0.0001367532714,True
run_20260720_211008,141,4,4,1,2.17387276e-05,3.286532205e-05,3.91995412e-05,4.350569154e-05,6.031627553e-05,2.94804572e-05,3.310443339e-05,1.2025701009999998e-05,0.0798524649952961,0.1207235780698019,0.1439909478190742,0.1598086500147322,0.221558656469202,0.1082900167813099,0.1216019013212202,0.0441737845293632,4,4,6.031627553e-05,0.00027223614952,True
run_20260720_211008,142,5,5,1,8.1730968e-06,1.1586529339999998e-05,1.02777054e-05,2.569308552e-05,1.40556288e-05,3.76305019e-05,2.553750908e-05,5.9829492e-06,0.0588259171040936,0.0833941198982237,0.0739738511209968,0.1849261492838197,0.1011654792385074,0.270845780922947,0.1838063868502229,0.0430623155811887,5,5,3.76305019e-05,0.00013893700604,True
run_20260720_211008,143,1,1,1,2.18879001e-05,5.1681696e-05,2.51791741e-05,3.345089511e-05,1.820899163e-05,8.2925241e-06,1.017555951e-05,9.239384e-06,0.1228855621875813,0.290157312430701,0.1413638106241853,0.1878038565823938,0.1022310117963994,0.046556841054961,0.0571287946877799,0.0518728106359981,1,1,5.1681696e-05,0.0001781161245499,True
run_20260720_211008,144,4,4,1,1.36498875e-05,2.3442539300000003e-05,2.61972379e-05,2.881035029e-05,4.152599056e-05,1.85451336e-05,2.1024064e-05,7.15420435e-06,0.0756857906505736,0.1299840106211605,0.1452582421153781,0.1597474074873242,0.2302529913218594,0.1028289133691775,0.1165740674806486,0.0396685769538777,4,4,4.152599056e-05,0.0001803494075,True
run_20260720_211008,145,4,4,1,2.36853056e-05,3.558505318000001e-05,4.27961799e-05,4.798992845e-05,6.606259832e-05,3.2390199e-05,3.622078783e-05,1.376418891e-05,0.0793492882997485,0.1192152084346214,0.1433735529683436,0.1607733812842743,0.2213195070585944,0.1085119728637669,0.1213450138454914,0.0461120752451592,4,4,6.606259832e-05,0.00029849424119,True
run_20260720_211008,146,7,7,1,6.025908130000001e-06,1.02434751e-05,8.66989855e-06,1.36450681e-05,9.39289529e-06,1.12761486e-05,1.540020255e-05,4.48008242e-05,0.0504452501947476,0.0857521643435954,0.0725791353074992,0.1142282390270809,0.0786316257624586,0.0943970809193457,0.1289211607486855,0.3750453436965866,7,7,4.48008242e-05,0.00011945442052,True
run_20260720_211008,147,2,2,1,2.38667175e-05,2.2254731e-05,3.86830894e-05,3.576254002e-05,1.820970045e-05,9.317531e-06,1.116933404e-05,1.14645177e-05,0.1397936775329214,0.1303518462057428,0.2265770869228569,0.209470656671328,0.1066590322979435,0.054575243705675,0.0654217439430136,0.0671507127205184,2,2,3.86830894e-05,0.00017072816111,True
run_20260720_211008,148,3,3,1,9.3520152e-06,2.57011734e-05,2.27884413e-05,4.658749928e-05,3.2113805890000006e-05,2.61558282e-05,1.9706913130000003e-05,9.4814709e-06,0.0487370588994107,0.1339390040533475,0.1187596023008884,0.2427859287895099,0.1673577743057104,0.1363083904682134,0.102700537306909,0.0494117038760104,3,3,4.658749928e-05,0.0001918871473,True
run_20260720_211008,149,2,2,1,2.61059231e-05,2.28717937e-05,4.087190029999999e-05,3.5524016599999994e-05,1.82485021e-05,8.709871900000001e-06,1.097120495e-05,9.8675332e-06,0.1507525013642482,0.1320765443824529,0.2360208134427227,0.2051386706549777,0.1053786654924198,0.0502964392585365,0.0633548403117881,0.0569815250928539,2,2,4.087190029999999e-05,0.0001731707458499,True
run_20260720_211008,150,7,7,1,6.90752492e-06,1.1907313100000004e-05,1.044931052e-05,1.4560181090000005e-05,9.2984136e-06,1.13520176e-05,1.500087629e-05,4.30459587e-05,0.0563780195137846,0.0971854228661319,0.0852854588618922,0.1188376709636624,0.075892037952726,0.0926531973732824,0.1224345486981594,0.3513336437703607,7,7,4.30459587e-05,0.00012252159582,True
run_20260720_211008,151,1,1,1,2.1924351e-05,5.17377434e-05,2.53413384e-05,3.3526046499999994e-05,1.855690456e-05,8.2321868e-06,1.002504269e-05,9.308988999999998e-06,0.1227205801180987,0.2895997187806988,0.1418470151940667,0.1876605549485297,0.1038714483634836,0.0460792996671397,0.0561147308134915,0.0521066521144912,1,1,5.17377434e-05,0.0001786526023499,True
run_20260720_211008,152,1,1,1,2.15991833e-05,5.15750381e-05,2.5300639e-05,3.362708246e-05,1.852373587e-05,8.252396e-06,1.012492224e-05,9.5203692e-06,0.1209879903308121,0.2888979700891778,0.1417217227234406,0.1883623594010567,0.1037608480469758,0.0462258592645043,0.0567148293090019,0.0533284208350304,1,1,5.15750381e-05,0.00017852336617,True
run_20260720_211008,153,1,1,1,2.17136179e-05,5.13907084e-05,2.51948726e-05,3.359339771e-05,1.8453759180000004e-05,8.2602923e-06,1.015967387e-05,9.4413468e-06,0.1218444641080102,0.2883754035815939,0.1413792839293073,0.1885070263459968,0.103551992506296,0.0463520585700747,0.0570103067993245,0.0529794641593963,1,1,5.13907084e-05,0.00017820766876,True
run_20260720_211008,154,5,5,1,8.0063143e-06,1.3913784380000004e-05,9.2728653e-06,2.557886818e-05,1.398724108e-05,3.69610613e-05,2.645917078e-05,6.1233446e-06,0.0570645978858216,0.0991697903634292,0.0660918757078882,0.1823120817360539,0.0996933492558798,0.2634380841778472,0.1885863937358767,0.043643827137203,5,5,3.69610613e-05,0.00014030264992,True
run_20260720_211008,155,0,0,1,5.11512868e-05,4.78892783e-05,4.467767330000001e-05,7.67710801e-06,8.226118169999999e-06,8.9647519e-06,1.09837838535e-05,9.2208787e-06,0.2709415150873017,0.253663092969138,0.2366516514395389,0.040664612873791,0.0435726461580822,0.047485090094894,0.0581796319278273,0.0488417594494265,0,0,5.11512868e-05,0.0001887908790335,True
run_20260720_211008,156,2,2,1,2.6477081300000004e-05,2.30443657e-05,4.13248015e-05,3.5360261980000004e-05,1.826465012e-05,8.4354819e-06,1.059157547e-05,1.01298813e-05,0.1524930665676807,0.1327225592913097,0.2380075671722809,0.2036551809797393,0.1051940912605257,0.0485836217493944,0.061001505600367,0.0583424073787016,2,2,4.13248015e-05,0.00017362809927,True
run_20260720_211008,157,5,5,1,9.0864214e-06,1.5879765e-05,9.7160654e-06,2.198933042e-05,1.412387581e-05,9.18215424e-05,1.468706929e-05,7.6324399e-06,0.0491326532477032,0.0858660360392282,0.0525373027746883,0.1189020516564456,0.076371484673422,0.4965030571230698,0.0794168188865378,0.0412705955989048,5,5,9.18215424e-05,0.00018493650962,True
run_20260720_211008,158,0,0,1,5.08412927e-05,4.7676256600000006e-05,4.464440907e-05,7.65470405e-06,9.28684162e-06,8.740317500000001e-06,1.1186704057e-05,8.809980499999999e-06,0.2692287462621224,0.252468379720983,0.2364133097962992,0.0405352866723841,0.0491782288235857,0.0462841245273428,0.0592389010610564,0.0466530231362261,0,0,5.08412927e-05,0.000188840506097,True
run_20260720_211008,159,1,1,1,2.1322314900000004e-05,6.44545418e-05,3.55718338e-05,5.889795696e-05,2.946399146e-05,8.575909200000002e-06,1.435953102e-05,8.7493884e-06,0.0883293920854865,0.2670080861784186,0.1473591619697898,0.2439894897788021,0.1220569373578554,0.0355263886575622,0.059485503876002,0.0362450400960829,1,1,6.44545418e-05,0.00024139546754,True
run_20260720_211008,160,1,1,1,2.8235843100000008e-05,6.05906208e-05,3.15312841e-05,2.904002041e-05,2.537436493e-05,6.0788398e-06,5.59265268e-06,6.0543181e-06,0.1466812711087164,0.3147598336176556,0.1638006279854295,0.1508588601968066,0.1318162906744879,0.0315787258617489,0.0290530515085617,0.0314513390465931,1,1,6.05906208e-05,0.00019249794392,True
run_20260720_211008,161,1,1,1,2.1283617200000004e-05,5.032356759999999e-05,2.45890864e-05,3.334468875e-05,1.788942299e-05,8.6799984e-06,1.026365251e-05,1.01919583e-05,0.1205419964560259,0.2850127988250879,0.139262867671089,0.1888511391348359,0.1013186218487771,0.0491600805699094,0.0581292715829479,0.0577232239113267,1,1,5.032356759999999e-05,0.0001765659921499,True
run_20260720_211008,162,0,0,1,5.17494007e-05,4.913249499999999e-05,4.477388226e-05,7.2697255e-06,8.39972417e-06,8.713678999999998e-06,1.0099843697e-05,8.9989262e-06,0.273607044615527,0.2597710614943827,0.2367264052416779,0.0384361573721786,0.0444106342228483,0.046070561719923,0.0533994277737583,0.0475787075597038,0,0,5.17494007e-05,0.000189137676527,True
run_20260720_211008,163,0,0,1,5.09653558e-05,4.791903e-05,4.4619218260000006e-05,7.67335834e-06,9.417252320000002e-06,8.785290300000001e-06,1.1410646116e-05,8.3564656e-06,0.2694489421988156,0.2533433102157075,0.2358975224086453,0.0405683087142395,0.0497881087301924,0.0464469862142023,0.0603269903152765,0.0441798312029206,0,0,5.09653558e-05,0.000189146616736,True
run_20260720_211008,164,3,3,1,9.2556793e-06,2.372948743e-05,2.4937873600000006e-05,4.812835795e-05,3.043576329e-05,2.50512428e-05,1.821717279e-05,1.51831767e-05,0.0474799346806494,0.1217279117678258,0.127926710857656,0.2468896358317985,0.1561298750881427,0.128508274029448,0.0934507501934843,0.077886907550995,3,3,4.812835795e-05,0.00019493875386,True
run_20260720_211008,165,1,1,1,2.29083383e-05,5.39465301e-05,2.6371203800000004e-05,3.426806042e-05,1.844354101e-05,7.770976700000001e-06,1.033340571e-05,1.02390493e-05,0.1243119214947943,0.2927404304443923,0.1431031344822082,0.1859553661607096,0.1000837333592694,0.042169145261325,0.0560741465650251,0.0555621222322759,1,1,5.39465301e-05,0.00018428110534,True
run_20260720_211008,166,6,6,1,9.46443732e-06,1.8416895200000003e-05,1.7827485399999997e-05,2.816097377e-05,2.534982121e-05,1.72603672e-05,3.5074262319999994e-05,5.35800368e-06,0.0603167538240981,0.1173706683687577,0.1136143662658334,0.1794695727703307,0.1615541287570671,0.1100001282818932,0.2235278838443699,0.0341464978876495,6,6,3.5074262319999994e-05,0.0001569122461,True
run_20260720_211008,167,4,4,1,2.9546885700000004e-05,4.37068904e-05,5.53149987e-05,6.053598501000001e-05,8.061038888e-05,5.87577792e-05,0.00010498002324,1.879540876e-05,0.0653333175319567,0.0966435575590164,0.1223111095714182,0.1338556208909726,0.178243629008642,0.1299236977095762,0.2321291408674963,0.0415599268609212,6,6,0.00010498002324,0.00045224835989,False
run_20260720_211008,168,2,2,1,2.39062946e-05,2.18444149e-05,3.818933920000001e-05,3.4129092530000004e-05,1.7613526140000002e-05,8.8691202e-06,1.12687403e-05,1.35397217e-05,0.141156467711268,0.1289819479804867,0.2254917508504,0.2015177269557208,0.104000355365088,0.0523683699245743,0.0665371025881867,0.0799462786242751,2,2,3.818933920000001e-05,0.00016936024957,True
run_20260720_211008,169,3,3,1,7.139848099999999e-06,1.823114054e-05,2.0930717e-05,4.89597533e-05,3.412826781e-05,2.75931724e-05,2.150137035e-05,1.06272036e-05,0.0377547061685915,0.096404201401147,0.1106792552397499,0.25889361706844,0.1804664056101628,0.145909563008951,0.1136968053684946,0.056195446134463,3,3,4.89597533e-05,0.0001891114730999,True
run_20260720_211008,170,6,6,1,9.1044645e-06,1.82456504e-05,1.7651147899999997e-05,2.8531077060000005e-05,2.548232715e-05,1.71542984e-05,3.493360701e-05,5.33846737e-06,0.0581974174565795,0.1166295648794728,0.112829395174656,0.182375910427973,0.1628877383083519,0.1096534414692411,0.2233020635562984,0.0341244687274268,6,6,3.493360701e-05,0.00015644103979,True
run_20260720_211008,171,1,1,1,2.18225866e-05,5.16551551e-05,2.54223444e-05,3.091650923e-05,1.6642571739999997e-05,6.308245799999999e-06,8.76969035e-06,1.00939619e-05,0.1271482326625556,0.3009662327964,0.1481220452848985,0.1801335277409365,0.0969671296298484,0.0367546853804667,0.0510961715693395,0.0588119749355547,1,1,5.16551551e-05,0.0001716310651199,True
run_20260720_211008,172,1,1,1,2.19077333e-05,5.18144811e-05,2.55517494e-05,3.375821778e-05,1.894543123e-05,8.380930500000001e-06,1.002512823e-05,9.2567411e-06,0.1219532563861516,0.2884344359853837,0.1422383138876762,0.1879210656660624,0.1054630801141985,0.0466539259002673,0.0558066421840746,0.0515292798761854,1,1,5.18144811e-05,0.00017964041264,True
run_20260720_211008,173,1,1,1,2.1774671699999995e-05,5.12015425e-05,2.50482219e-05,3.5252890580000005e-05,1.8350338610000003e-05,8.667993900000001e-06,1.50971238e-05,9.909595e-06,0.1175088627366405,0.2763134669689081,0.1351748540504523,0.1902452141326673,0.099029158767678,0.0467775642926059,0.0814729091108303,0.0534779699402172,1,1,5.12015425e-05,0.00018530237799,True
run_20260720_211008,174,3,3,1,8.8380534e-06,2.5199743510000004e-05,2.16917823e-05,4.502285423e-05,3.131505406000001e-05,2.46073421e-05,1.932311134e-05,9.4601068e-06,0.0476552703304111,0.1358784038605237,0.1169632839574072,0.2427657078172152,0.168852494899017,0.1326841428553042,0.1041912797825291,0.0510094164975922,3,3,4.502285423e-05,0.00018545804774,True
run_20260720_211008,175,5,5,1,5.977108600000001e-06,9.51994013e-06,7.9298015e-06,2.671533547e-05,1.469370324e-05,3.91776536e-05,2.777465171e-05,6.202328899999999e-06,0.0433153557473124,0.0689898111310986,0.0574662760817281,0.1936026827071276,0.1064834229523681,0.2839155378620651,0.201279414527678,0.0449474989906217,5,5,3.91776536e-05,0.00013799052315,True
run_20260720_211008,176,2,2,1,5.5094761000000005e-06,1.7352087300000002e-05,1.59943614e-05,3.557957457e-05,1.831110808e-05,8.5039974e-06,1.057155095e-05,9.8571731e-06,0.0452786529134119,0.142605054259138,0.1314468245723534,0.2924044280293528,0.1504865965775391,0.0698885955147637,0.0868804179441854,0.0810094301892554,3,3,3.557957457e-05,0.0001216793289,False
run_20260720_211008,177,4,4,1,2.71687789e-05,3.990481722e-05,4.920476629999999e-05,5.615556904000001e-05,7.706272054e-05,3.75094237e-05,4.293741346e-05,1.7711541850000002e-05,0.0781486717481689,0.1147827980629803,0.1415333071897488,0.1615266975336385,0.2216643329340554,0.1078926532172666,0.1235058021029039,0.0509457372112372,4,4,7.706272054e-05,0.00034765503101,True
run_20260720_211008,178,5,5,1,7.2632104e-06,1.018907763e-05,9.7959436e-06,2.634425909e-05,1.438024524e-05,3.75774135e-05,2.567488637e-05,5.9991241000000005e-06,0.0529295308035047,0.0742513390877932,0.0713864351947722,0.1919797439710222,0.1047938296531424,0.2738396323152481,0.1871017930304483,0.0437176959440687,5,5,3.75774135e-05,0.00013722415993,True
run_20260720_211008,179,3,3,1,9.1461012e-06,2.639894775e-05,2.22956049e-05,4.648718371e-05,3.268674655e-05,2.5852333e-05,2.08490415e-05,1.16243355e-05,0.0468213751887239,0.1351433807872442,0.1141372546897308,0.2379805145774079,0.1673323299676893,0.1323451114773178,0.1067319039064182,0.0595081294054677,3,3,4.648718371e-05,0.0001953402941099,True
run_20260720_211008,180,0,0,1,5.06770911e-05,4.85142282e-05,4.394279265e-05,7.43045931e-06,8.45646467e-06,8.9209463e-06,1.0376808000000002e-05,9.8013907e-06,0.2693867869436989,0.2578895467788874,0.2335889346521053,0.0394984699316491,0.0449524587324667,0.0474215273231079,0.0551605253019676,0.0521017503361169,0,0,5.06770911e-05,0.00018812018093,True
run_20260720_211008,181,3,3,1,9.0966226e-06,2.551723715e-05,2.19488001e-05,4.461415936e-05,3.128081869e-05,2.45764512e-05,1.960131082e-05,9.3606141e-06,0.048907621208602,0.1371923870758658,0.1180068304992808,0.2398662121608836,0.1681800486683354,0.1321342897023444,0.1053856499198541,0.0503269607648337,3,3,4.461415936e-05,0.00018599601402,True
run_20260720_211008,182,6,6,1,9.58161185e-06,1.8382605e-05,1.778036867e-05,2.760075908e-05,2.4552417170000003e-05,1.78303951e-05,3.506630998e-05,5.43084909e-06,0.0613320049464961,0.1176672608366497,0.113812339331922,0.1766727685197984,0.1571602977550042,0.1141325590715909,0.2244598435855786,0.0347629259529599,6,6,3.506630998e-05,0.0001562253159399,True
run_20260720_211008,183,5,5,1,8.6692859e-06,1.506289692e-05,9.6627355e-06,2.539783752e-05,1.391636088e-05,3.70807966e-05,2.648610499e-05,6.1274502e-06,0.0608783338686109,0.1057761940604855,0.0678546358533497,0.1783512563685658,0.097724873035819,0.26039251001387,0.1859933979637586,0.0430287988355403,5,5,3.70807966e-05,0.0001424034685099,True
run_20260720_211008,184,5,5,1,8.950374e-06,1.570594377e-05,9.8238891e-06,2.539977227e-05,1.392896369e-05,3.70217416e-05,2.650457243e-05,6.1458748e-06,0.0623801464098377,0.1094634784956783,0.0684681601430296,0.1770251738060483,0.0970787136179463,0.258025157535895,0.1847251420682027,0.0428340279233618,5,5,3.70217416e-05,0.00014348113166,True
run_20260720_211008,185,7,7,1,7.0094349e-06,1.21139335e-05,9.22372278e-06,1.331136777e-05,9.471504379999998e-06,1.1325912e-05,1.541243639e-05,4.46643399e-05,0.0572046291933497,0.0988629017640775,0.075275631907524,0.1086352706320385,0.0772977998498976,0.092431787366555,0.1257822807735955,0.364509698512962,7,7,4.46643399e-05,0.00012253265162,True
run_20260720_211008,186,2,2,1,2.5676716200000005e-05,2.28390292e-05,4.06004051e-05,3.571573462e-05,1.811814056e-05,9.2014562e-06,1.117554744e-05,9.3888529e-06,0.1486644764219993,0.1322346787477736,0.2350704786273476,0.2067889424002503,0.104901415707223,0.0532751017551441,0.0647048047716013,0.0543601015686604,2,2,4.06004051e-05,0.00017271588222,True
run_20260720_211008,187,2,2,1,2.6967593100000005e-05,2.38621981e-05,4.252452280000001e-05,3.700612065e-05,1.86978942e-05,8.7624621e-06,1.0142512579999998e-05,7.860750299999999e-06,0.1533782921765318,0.1357163458594338,0.2418583912364796,0.2104724572314793,0.1063443470486611,0.0498365377724268,0.0576855803234211,0.044708048351566,2,2,4.252452280000001e-05,0.00017582405383,True
run_20260720_211008,188,7,7,1,6.840989199999999e-06,8.3612569e-06,8.605208099999999e-06,1.118712026e-05,9.27544926e-06,1.2177371299999998e-05,1.684854216e-05,4.69931371e-05,0.0568712432192806,0.0695096952906735,0.0715377365027303,0.0930019648663971,0.0771096570118188,0.1012342257423514,0.1400671030253438,0.3906683743414041,7,7,4.69931371e-05,0.00012028907428,True
run_20260720_211008,189,1,1,1,2.19045245e-05,5.147874669999999e-05,2.50020833e-05,3.303489864e-05,1.7646429279999995e-05,8.2406787e-06,9.99070379e-06,9.8512411e-06,0.123650072322403,0.290595249055585,0.1411356547938643,0.1864805422276686,0.0996133130716519,0.0465182669105958,0.0563970811685597,0.0556098204496714,1,1,5.147874669999999e-05,0.0001771493060099,True
run_20260720_211008,190,2,2,1,2.44236509e-05,2.28500438e-05,3.96424281e-05,3.5485888500000004e-05,1.84205204e-05,8.7999791e-06,1.127289566e-05,1.1555023e-05,0.1416270807586772,0.1325020985540664,0.2298772361665535,0.205774428113158,0.1068163208272708,0.0510290355759372,0.0653689045327356,0.0670048954716009,2,2,3.96424281e-05,0.00017245042946,True
run_20260720_211008,191,4,4,1,3.3880506700000006e-05,4.926334809e-05,6.02956875e-05,7.054897017e-05,9.571081502e-05,4.74047109e-05,5.488150779000001e-05,2.6980614300000004e-05,0.0771825023225576,0.1122258445554296,0.1373583955433866,0.160716193007824,0.2180368867557414,0.1079917204762296,0.1250244614100515,0.0614639959287793,4,4,9.571081502e-05,0.00043896616047,True
run_20260720_211008,192,1,1,1,2.18564594e-05,5.15686241e-05,2.50836343e-05,3.148919248e-05,1.753498483e-05,7.319481399999999e-06,5.770519e-06,9.4540929e-06,0.1285092098838863,0.3032075331419023,0.1474839984791567,0.185146696060315,0.1031002782559207,0.0430362829705987,0.0339288639453631,0.0555871372628569,1,1,5.15686241e-05,0.00017007698841,True
run_20260720_211008,193,7,7,1,5.67955112e-06,6.384295400000001e-06,8.66165187e-06,1.497866688e-05,1.107918409e-05,1.38284631e-05,2.230579993e-05,4.67227698e-05,0.0438100460987232,0.049246193910808,0.0668129152635908,0.1155401320712505,0.0854609027128786,0.1066678674221517,0.1720590417367697,0.3604029007838271,7,7,4.67227698e-05,0.00012964038219,True
run_20260720_211008,194,3,3,1,9.7948908e-06,2.742808596e-05,2.32717277e-05,4.805325632e-05,3.290488695e-05,2.80169014e-05,2.02144739e-05,8.2023802e-06,0.0494974932113801,0.1386050673077693,0.1176013298532983,0.2428322864491669,0.1662815289812987,0.1415805867739134,0.1021518059840821,0.0414499014390909,3,3,4.805325632e-05,0.00019788660323,True
run_20260720_211008,195,3,3,1,9.3172597e-06,2.6070632969999995e-05,2.27451825e-05,4.631216057e-05,3.221546370999999e-05,2.59250569e-05,2.006578635e-05,9.3420803e-06,0.0485290060909991,0.1357890567542443,0.1184684269435344,0.2412171813123188,0.1677944465374247,0.1350308228726951,0.1045127751456619,0.0486582843431211,3,3,4.631216057e-05,0.000191993623,True
run_20260720_211008,196,7,7,1,6.05471441e-06,9.6555704e-06,9.15256171e-06,1.35460631e-05,9.15863618e-06,1.09960639e-05,1.507669257e-05,4.56097906e-05,0.0507732469156273,0.0809690807580836,0.0767509818208496,0.1135937320800847,0.0768019207329611,0.0922101076431639,0.1264291893377038,0.3824717407115257,7,7,4.56097906e-05,0.00011925009287,True
run_20260720_211008,197,2,2,1,2.6466272999999997e-05,2.33372236e-05,4.17455707e-05,3.305679151e-05,1.6251775779999997e-05,6.549599e-06,9.73962602e-06,9.6817712e-06,0.1586434706770581,0.1398874011414659,0.2502302542274278,0.1981481916473207,0.0974159872984214,0.0392594422683915,0.0583810223263918,0.0580342304135223,2,2,4.17455707e-05,0.00016682863081,True
run_20260720_211008,198,2,2,1,2.68892088e-05,2.329613e-05,4.1910089e-05,3.5649740670000007e-05,1.8209919590000005e-05,8.4526581e-06,1.048878992e-05,9.4035562e-06,0.1542696188410761,0.1336552935530092,0.2404478876160006,0.2045308192535628,0.1044745263860625,0.0484948572856831,0.0601766171365563,0.0539503799280489,2,2,4.1910089e-05,0.00017430009228,True
run_20260720_211008,199,4,4,1,2.32869983e-05,3.4876911830000004e-05,4.23170553e-05,4.786306404000001e-05,6.613918793000001e-05,3.1979891400000004e-05,3.621005056e-05,1.442382145e-05,0.0783818073024866,0.1173923468858963,0.1424351576533276,0.1611024922215869,0.2226181758888269,0.1076412534143248,0.1218795642462523,0.0485492023872984,4,4,6.613918793000001e-05,0.00029709698081,True
run_20260721_134247,200,1,1,1,2.14085284e-05,5.076401939999999e-05,2.50285176e-05,3.315524674000001e-05,1.818521499e-05,8.061273999999999e-06,9.86848707e-06,8.8817913e-06,0.1220881233511499,0.2894960245052325,0.1427321246445518,0.1890770714408811,0.1037062767409225,0.0459716705459968,0.056277808739595,0.0506509000316701,1,1,5.076401939999999e-05,0.0001753530795,True
run_20260721_134247,201,5,5,1,8.4420525e-06,1.4744870899999996e-05,9.376177599999998e-06,1.7242444830000006e-05,1.1529369199999998e-05,2.22883905e-05,5.62864767e-06,4.3832238e-06,0.0901589848011928,0.1574714906556966,0.100135204528956,0.184144948324282,0.1231307460442991,0.2380343714200486,0.060112533028052,0.0468117211974726,5,5,2.22883905e-05,9.3635177e-05,True
run_20260721_134247,202,7,7,1,5.54599241e-06,9.399776600000002e-06,8.29485876e-06,1.347606018e-05,9.5431272e-06,1.0830381400000002e-05,1.5172408519999998e-05,4.3436914e-05,0.0479344465264768,0.0812430049455347,0.0716931135641236,0.1164746430090757,0.0824819954024723,0.0936078342162118,0.1311363144977331,0.3754286478383716,7,7,4.3436914e-05,0.00011569951907,True
run_20260721_134247,203,2,2,1,2.55691765e-05,2.24360086e-05,3.9963610000000005e-05,3.464018831e-05,1.750247371e-05,8.0311278e-06,1.047927455e-05,1.03836565e-05,0.1512919643672385,0.1327531144248723,0.2364633471909515,0.2049648386396391,0.1035615530626044,0.0475199152755795,0.0620055179255815,0.061439749113533,2,2,3.9963610000000005e-05,0.0001690055159699,True
run_20260721_134247,204,3,3,1,6.809023100000001e-06,1.782407892e-05,2.04565265e-05,4.789709192e-05,3.2970503880000005e-05,2.67656231e-05,2.056668052e-05,9.9013683e-06,0.0371690036991764,0.0972978422281886,0.1116678116646131,0.2614600010321998,0.1799789430409525,0.1461078233109036,0.1122691189471305,0.0540494560768354,3,3,4.789709192e-05,0.0001831908962399,True
run_20260721_134247,205,0,0,1,0.0001378294383,2.75847877e-05,3.695758377e-05,7.54153453e-06,8.81497232e-06,9.2060263e-06,1.017054747e-05,8.406048e-06,0.5591209834345883,0.1119008668749565,0.1499226931323029,0.0305931030049006,0.0357589499986163,0.0373453054867501,0.041257996648852,0.034100101419033,0,0,0.0001378294383,0.00024651093839,True
run_20260721_134247,206,4,6,0,1.6544729899999998e-05,2.34881207e-05,2.9279555e-05,2.301968778e-05,3.684084551e-05,9.55358187e-06,2.639554111e-05,4.11049323e-06,0.0977632813628776,0.1387919758472051,0.1730137264824645,0.1360239923482665,0.2176936079954039,0.0564523880429197,0.1559720060623253,0.0242890218585371,4,4,3.684084551e-05,0.0001692325551,True
run_20260721_134247,207,4,4,1,1.93698388e-05,3.038972625e-05,3.61198071e-05,3.9979051550000005e-05,5.550784202e-05,2.64328528e-05,2.957383017e-05,1.12669533e-05,0.0779031790351133,0.1222238506642519,0.1452695517127926,0.1607909721248519,0.223245913370061,0.1063097780703883,0.1189424140425756,0.0453143409799652,4,4,5.550784202e-05,0.00024863990199,True
run_20260721_134247,208,2,2,1,2.5748066e-05,2.27158364e-05,4.03818409e-05,3.510027147e-05,1.7506044760000002e-05,7.7486966e-06,1.014489565e-05,9.8791522e-06,0.1521530260011,0.1342346740297284,0.2386283804162217,0.2074180063706757,0.1034484564217251,0.0457893666753237,0.0599492238218162,0.0583788662634088,2,2,4.03818409e-05,0.00016922480398,True
run_20260721_134247,209,4,4,1,1.6172395e-05,2.5658716970000003e-05,3.07435156e-05,3.339653091000001e-05,4.703635901e-05,2.18868859e-05,2.4465558089999995e-05,8.64025877e-06,0.0777518167075114,0.123359085577699,0.1478052069514575,0.1605600747434785,0.226136101940017,0.1052253015583044,0.1176227508826399,0.0415396616388919,4,4,4.703635901e-05,0.00020800022025,True
run_20260721_134247,210,1,1,1,2.16639736e-05,5.066113960000001e-05,2.48931e-05,3.517344163e-05,1.8113423569999995e-05,8.320497699999999e-06,1.476399651e-05,8.7986174e-06,0.1187794757917834,0.2777654605664015,0.1364841659903262,0.1928493376027883,0.099312480534002,0.0456197174803028,0.0809482045366562,0.0482411574977392,1,1,5.066113960000001e-05,0.00018238819001,True
run_20260721_134247,211,5,5,1,2.4808772100000007e-05,1.0401385980000002e-05,8.8294633e-06,2.176777537e-05,1.2871594239999998e-05,3.63484316e-05,2.560603e-05,6.0161251e-06,0.169170429883152,0.0709268048625909,0.0602079013051401,0.1484339451424437,0.0877710965333227,0.247859094942887,0.1746069126371993,0.0410238146932641,5,5,3.63484316e-05,0.00014664957769,True
run_20260721_134247,212,7,7,1,5.741381220000001e-06,9.6300598e-06,8.486792950000002e-06,1.340434012e-05,9.40862725e-06,1.08008059e-05,1.516914803e-05,4.33913451e-05,0.0494808023759903,0.0829945038613494,0.0731415157213508,0.1155222896796738,0.081086137246014,0.0930843157353224,0.1307318896139374,0.3739585457663614,7,7,4.33913451e-05,0.00011603250037,True
run_20260721_134247,213,7,7,1,6.374615520000001e-06,1.12832952e-05,9.30448353e-06,1.357402422e-05,8.8477752e-06,1.16124611e-05,1.820924695e-05,8.1948709e-05,0.0395558990929254,0.0700153420965677,0.0577363780560159,0.0842298222765984,0.0549024018640873,0.0720578893034354,0.1129924044285513,0.5085098628818182,7,7,8.1948709e-05,0.00016115461072,True
run_20260721_134247,214,2,2,1,2.66965146e-05,2.29250692e-05,4.12196563e-05,3.5293264040000004e-05,1.732630378e-05,7.6480833e-06,1.0146535649999998e-05,9.855391e-06,0.1560188591949952,0.1339779067470598,0.2408945080919213,0.2062596887755732,0.1012577930237205,0.0446966673130542,0.0592980372387018,0.0575965396149736,2,2,4.12196563e-05,0.00017111081787,True
run_20260721_134247,215,2,2,1,2.57022304e-05,2.2518116100000003e-05,4.011790670000001e-05,3.510720537e-05,1.754000612e-05,8.4192321e-06,1.067003082e-05,8.7989245e-06,0.1521979899105765,0.1333429804984159,0.237561669323455,0.2078903661486047,0.1038646698336036,0.0498552142078145,0.0631835143415374,0.052103595735992,2,2,4.011790670000001e-05,0.00016887365211,True
run_20260721_134247,216,6,6,1,1.124573075e-05,1.04398574e-05,1.82470312e-05,2.480541844e-05,2.4636730580000003e-05,1.78840606e-05,3.658439346e-05,5.17512274e-06,0.0754654115717825,0.0700575314273569,0.1224482205810553,0.166458823654913,0.1653268297396165,0.1200124761793447,0.2455026152536089,0.0347280915923218,6,6,3.658439346e-05,0.00014901834517,True
run_20260721_134247,217,5,5,1,6.8930301e-06,9.068529059999998e-06,9.0852826e-06,2.496623046e-05,1.357398572e-05,3.65881945e-05,2.541020356e-05,5.758675499999999e-06,0.0524806858234088,0.0690440368856525,0.0691715914235574,0.1900825729697714,0.103346724097833,0.2785674097666099,0.1934628008865398,0.0438441781466269,5,5,3.65881945e-05,0.0001313441315,True
run_20260721_134247,218,7,7,1,5.83648412e-06,9.6320071e-06,8.445030240000001e-06,1.32182127e-05,9.3905503e-06,1.0825967000000002e-05,1.521089233e-05,4.33271068e-05,0.0503639050386503,0.0831160474254843,0.0728734444078108,0.1140619584523914,0.0810324801448906,0.0934189081524585,0.1312570926452302,0.3738761637330837,7,7,4.33271068e-05,0.00011588625059,True
run_20260721_134247,219,7,7,1,5.86109649e-06,9.4779704e-06,8.83918351e-06,1.359443539e-05,9.47416511e-06,1.09718833e-05,1.527916771e-05,4.27693254e-05,0.0504105638846338,0.0815188477379714,0.0760247209338908,0.1169240524997946,0.0814861189106996,0.0943678072819779,0.1314142262054773,0.3678536625455543,7,7,4.27693254e-05,0.00011626722731,True
run_20260721_134247,220,1,1,1,2.03287813e-05,4.8232046900000005e-05,2.39038451e-05,3.3706060510000004e-05,1.7007860649999996e-05,7.9547141e-06,1.020495668e-05,1.07845082e-05,0.1181062847972663,0.2802188573658624,0.1388767135357169,0.1958256878875446,0.0988123785719077,0.0462153493173459,0.0592888231815375,0.0626559053428183,1,1,4.8232046900000005e-05,0.00017212277344,True
run_20260721_134247,221,1,1,1,2.14020279e-05,5.01798971e-05,2.46354885e-05,3.3060981940000006e-05,1.78503185e-05,7.7831451e-06,9.72737184e-06,9.2295594e-06,0.1230929821593281,0.288607846291389,0.1416901127587462,0.1901490306958383,0.1026654552047763,0.0447644749093034,0.0559466240280095,0.0530834739526089,1,1,5.01798971e-05,0.00017386879028,True
run_20260721_134247,222,0,0,1,4.93554167e-05,4.6498822e-05,4.236434873e-05,5.82132203e-06,8.69891686e-06,7.6978214e-06,6.800666e-06,8.6869276e-06,0.280549265579746,0.2643116244305427,0.2408101829067476,0.0330899368178102,0.0494469482700623,0.0437564564282982,0.0386567874272075,0.0493787981395854,0,0,4.93554167e-05,0.0001759242413199,True
run_20260721_134247,223,3,3,1,9.6500885e-06,2.72648318e-05,2.31869081e-05,4.878891457999999e-05,3.257681774e-05,2.81609275e-05,1.95457834e-05,7.6402636e-06,0.049031381189469,0.1385305804244756,0.1178109537188479,0.247892842494908,0.1655203854917804,0.1430835759590703,0.0993106702111795,0.0388196105102688,3,3,4.878891457999999e-05,0.00019681453522,True
run_20260721_134247,224,0,0,1,5.030068000000001e-05,4.74066432e-05,4.285179008e-05,7.07824862e-06,7.988138850000002e-06,8.679274e-06,9.868685855000002e-06,9.0776745e-06,0.2744904143222824,0.2586976783136254,0.233841880736218,0.0386259469331214,0.0435912107470598,0.0473627298135256,0.0538533409320788,0.0495367982020882,0,0,5.030068000000001e-05,0.000183251135105,True
run_20260721_134247,225,1,1,1,2.1274796199999997e-05,4.99706846e-05,2.46268719e-05,3.317167192e-05,1.7923777309999998e-05,7.919747e-06,9.86890114e-06,9.0838749e-06,0.1223812495959808,0.2874516290085373,0.1416637474892543,0.1908169000818683,0.1031048309021117,0.0455575943117152,0.0567699188419205,0.0522541297686116,1,1,4.99706846e-05,0.0001738403249699,True
run_20260721_134247,226,4,4,1,3.08290947e-05,4.537290953e-05,5.49649848e-05,6.293781648000001e-05,8.547103584e-05,4.15240009e-05,4.813050933e-05,1.93565415e-05,0.0793364244883398,0.1167638701613615,0.1414483755855453,0.1619658758460562,0.2199534707991391,0.1068589847971307,0.1238603519241478,0.0498126463982792,4,4,8.547103584e-05,0.00038858689308,True
run_20260721_134247,227,1,1,1,2.12312216e-05,4.98810527e-05,2.4673244000000003e-05,3.3255882690000003e-05,1.8146137940000004e-05,7.9104217e-06,9.746945240000002e-06,9.2128729e-06,0.1219780106929604,0.2865775551801843,0.1417531820430917,0.1910623180705088,0.1042535304554145,0.0454471024271361,0.0559983317544205,0.0529299693762833,1,1,4.98810527e-05,0.00017405777877,True
run_20260721_134247,228,2,2,1,2.56914524e-05,2.22769178e-05,3.9780709e-05,3.639608947e-05,1.784966364e-05,8.9704104e-06,1.560588612e-05,9.5061419e-06,0.1459101012497844,0.126517850416706,0.2259275648416907,0.2067052114057947,0.1013740363307368,0.050945873722426,0.0886308951479055,0.0539884668849557,2,2,3.9780709e-05,0.0001760772707299,True
run_20260721_134247,229,1,1,1,2.2474199900000004e-05,5.25763539e-05,2.57765718e-05,3.558981927000001e-05,1.793498695e-05,8.4930854e-06,1.098802994e-05,9.8502866e-06,0.1223529616974652,0.2862336654271316,0.1403315764819446,0.193756387917597,0.0976407961619086,0.0462376483818452,0.0598205058405403,0.0536264580915672,1,1,5.25763539e-05,0.00018368333376,True
run_20260721_134247,230,2,2,1,2.5993320700000003e-05,2.27469204e-05,4.0518380900000005e-05,3.518108183e-05,1.756377252e-05,7.815763399999999e-06,1.004278419e-05,9.3058064e-06,0.1536540407697943,0.1344636291325742,0.2395158749660891,0.2079655556218443,0.1038245420816691,0.0462012392326104,0.059365803591709,0.0550093146037094,2,2,4.0518380900000005e-05,0.0001691678303399,True
run_20260721_134247,231,7,7,1,9.18927994e-06,2.0644501e-05,1.09358937e-05,1.693018748e-05,1.037909575e-05,1.00045007e-05,9.91556603e-06,4.6067533e-06,0.0992300928557936,0.2229288654352959,0.1180908356691207,0.1828199909759626,0.1120782740058382,0.1080332234863716,0.1070728658065729,0.0497458517650441,1,1,2.0644501e-05,9.26057779e-05,False
run_20260721_134247,232,5,5,1,8.5230356e-06,1.480203882e-05,9.2981242e-06,2.452951003e-05,1.350056553e-05,3.5809254700000005e-05,2.579877554e-05,5.820966500000001e-06,0.0617243295841936,0.1071972435083703,0.067337567220248,0.1776441672530974,0.0977718967109235,0.2593327475092484,0.186836263396529,0.0421557848173895,5,5,3.5809254700000005e-05,0.00013808227092,True
run_20260721_134247,233,2,2,1,2.50437075e-05,2.2220188900000003e-05,3.93837918e-05,3.485821399e-05,1.729876529e-05,8.271240999999998e-06,1.071247398e-05,9.5070042e-06,0.1496975379894794,0.1328200935101625,0.2354146912612778,0.2083632710138236,0.1034025243335421,0.0494409389591233,0.0640332898226973,0.0568276531098935,2,2,3.93837918e-05,0.00016729538666,True
run_20260721_134247,234,6,6,1,9.4657411e-06,1.7851602299999997e-05,1.7384679600000002e-05,2.7034266230000003e-05,2.429692483e-05,1.68365174e-05,3.410934069e-05,5.082880179999999e-06,0.0622492408847793,0.1173969032125736,0.1143262948661366,0.1777845530440849,0.15978306511067,0.1107214338762527,0.2243121317815057,0.0334263772239967,6,6,3.410934069e-05,0.00015206195233,True
run_20260721_134247,235,4,4,1,2.79371017e-05,4.173515232e-05,5.00429935e-05,5.611197098e-05,7.620292419e-05,3.73360819e-05,4.1279741770000006e-05,1.721888376e-05,0.080310217288015,0.1199751923932612,0.1438575742353304,0.1613039401958649,0.2190589942148881,0.1073292742486643,0.1186660329600995,0.0494987744638762,4,4,7.620292419e-05,0.00034786485012,True
run_20260721_134247,236,1,1,1,4.665711889999999e-05,6.950854220000001e-05,4.0696117300000006e-05,3.2076357239999995e-05,1.6878581110000004e-05,7.8229078e-06,9.60554352e-06,9.5073622e-06,0.2004580523609187,0.2986371066272319,0.1748471531234967,0.1378131408616286,0.0725172830147983,0.0336104092656917,0.0412693409126735,0.0408475138335603,1,1,6.950854220000001e-05,0.00023275253027,True
run_20260721_134247,237,5,5,1,1.80331814e-05,1.108190492e-05,7.0191559999999984e-06,2.455458208e-05,1.351195745e-05,3.5673158600000004e-05,2.585430639e-05,5.814421800000001e-06,0.12740455986361,0.0782937401596245,0.0495903890144429,0.1734783038636369,0.0954620792431598,0.2520311291482797,0.1826608657192829,0.0410789329879629,5,5,3.5673158600000004e-05,0.00014154266864,True
run_20260721_134247,238,2,2,1,2.56569408e-05,2.2461976e-05,3.99725755e-05,3.668124805e-05,1.78946668e-05,8.5814596e-06,1.5141214580000002e-05,9.2619272e-06,0.1460668797056083,0.1278777065402224,0.2275668569606649,0.2088290840337025,0.1018756742365614,0.0488548902561188,0.0862000651556113,0.05272884311151,2,2,3.99725755e-05,0.00017565200853,True
run_20260721_134247,239,2,2,1,2.57972303e-05,2.25555252e-05,4.01775843e-05,3.517105350999999e-05,1.75756881e-05,8.0800409e-06,1.017022312e-05,9.021366e-06,0.15305504314528,0.1338219972649719,0.238373725667349,0.2086699637843679,0.1042766091231695,0.0479389063935722,0.0603399636444197,0.0535237909768694,2,2,4.01775843e-05,0.00016854871143,True
run_20260721_134247,240,0,0,1,5.05661315e-05,4.71384823e-05,4.331517912e-05,7.47882485e-06,8.63565578e-06,8.8146593e-06,1.02739037e-05,7.8348141e-06,0.2747298540507585,0.2561071606289135,0.2353348473537087,0.0406330561299055,0.046918211492449,0.0478907519946658,0.0558189440304039,0.0425671743191947,0,0,5.05661315e-05,0.00018405765065,True
run_20260721_134247,241,4,4,1,2.79797338e-05,3.892581338999999e-05,2.99426749e-05,4.162977169000001e-05,5.0621782940000005e-05,4.35616206e-05,4.954939647e-05,1.69356531e-05,0.0935318941303973,0.1301229340835644,0.1000937006315515,0.1391618457206941,0.169220739428051,0.1456197158711972,0.1656359184109579,0.0566132517235862,4,4,5.0621782940000005e-05,0.0002991464468899,True
run_20260721_134247,242,0,0,1,4.962255920000001e-05,4.630948759999999e-05,4.255184832e-05,7.20495612e-06,8.214515920000001e-06,8.934558399999999e-06,1.0370541351e-05,9.3120273e-06,0.2718739033362172,0.253722124741042,0.2331346323816578,0.0394747787153744,0.0450059920969956,0.0489509873322572,0.0568185035649273,0.0510190778315281,0,0,4.962255920000001e-05,0.000182520494211,True
run_20260721_134247,243,0,0,1,4.894296210000001e-05,4.60999803e-05,4.210320673e-05,7.754259319999999e-06,8.973056659999999e-06,8.8997688e-06,1.113667307e-05,8.7980556e-06,0.2678753646468472,0.2523151134139257,0.2304399115148843,0.0424407300618041,0.0491114702024608,0.0487103499723126,0.0609534084488722,0.0481536517388929,0,0,4.894296210000001e-05,0.00018270796258,True
run_20260721_134247,244,2,2,1,2.5229495200000003e-05,2.27008737e-05,3.994997539999999e-05,3.605954297e-05,1.806190326e-05,8.5277848e-06,1.024203896e-05,7.9839875e-06,0.1495031568279177,0.1345192305275237,0.2367327364321444,0.213679087316299,0.1070299478560498,0.0505333435426458,0.0606915495033179,0.0473109479941015,2,2,3.994997539999999e-05,0.0001687556017899,True
run_20260721_134247,245,4,4,1,2.32640442e-05,3.36001186e-05,4.04358065e-05,1.9497078040000003e-05,3.083293993e-05,5.8487484e-06,1.72683872e-06,1.4215946e-05,0.1373145757779018,0.1983226128690982,0.2386698360805567,0.1150802920143715,0.1819895126606353,0.0345218741192764,0.0101925582772773,0.0839087382008825,2,2,4.04358065e-05,0.00016942152039,False
run_20260721_134247,246,7,7,1,7.949740579999999e-06,1.54229306e-05,1.00934573e-05,1.1766854753e-05,5.70361571e-06,9.6248451e-06,9.17349403e-06,4.9067362e-06,0.1065053893475651,0.206626268103138,0.1352254943141205,0.1576445714489607,0.0764132874235802,0.1289473366419592,0.1229004322229989,0.0657372204976771,1,1,1.54229306e-05,7.4641674273e-05,False
run_20260721_134247,247,1,1,1,2.15651146e-05,5.046382420000001e-05,2.49286312e-05,3.322895929e-05,1.823555624e-05,7.803958e-06,9.66034818e-06,8.7156721e-06,0.1235100784574168,0.2890219227586804,0.1427739779016991,0.1903125230304229,0.104440668352258,0.0446956801638506,0.0553278006525299,0.0499173486831421,1,1,5.046382420000001e-05,0.00017460206381,True
run_20260721_134247,248,2,2,1,5.1663834e-06,1.6560716699999997e-05,1.52145559e-05,3.436111542999999e-05,1.72487711e-05,8.2139329e-06,1.042336168e-05,9.9807186e-06,0.0440932234375543,0.1413397584351051,0.1298507603601119,0.2932597569546591,0.1472120551749082,0.0701029619018942,0.088959641579578,0.0851818421561888,3,3,3.436111542999999e-05,0.0001171695557099,False
run_20260721_134247,249,4,4,1,1.71333294e-05,2.671212199e-05,3.2495517e-05,3.5566217550000006e-05,4.978391242e-05,2.34451548e-05,2.6271700820000007e-05,1.013101288e-05,0.077337768803568,0.1205752756212885,0.1466808185511459,0.1605415880289621,0.2247185365428763,0.1058285823586782,0.1185872679301706,0.0457301621633101,4,4,4.978391242e-05,0.00022153896686,True
run_20260721_134247,250,0,0,1,5.01632537e-05,4.63338058e-05,4.312961962e-05,7.62984234e-06,8.68509741e-06,9.082268599999998e-06,1.0762207443e-05,7.7332232e-06,0.273340453832291,0.252473724708755,0.2350140577213969,0.0415751454312946,0.0473252489127724,0.0494894417295496,0.0586434581038127,0.0421384695601274,0,0,5.01632537e-05,0.000183519318113,True
run_20260721_134247,251,2,2,1,2.58551586e-05,3.77412618e-05,5.32103779e-05,6.451659375e-05,3.089768401e-05,7.860538000000001e-06,1.4315505140000002e-05,8.4344916e-06,0.1064736115484352,0.155421535423921,0.2191245930655417,0.2656844944422697,0.1272391345929333,0.0323703243334084,0.0589523954185292,0.0347339111749614,3,3,6.451659375e-05,0.0002428316107999,False
run_20260721_134247,252,7,7,1,6.541969159999999e-06,1.10561565e-05,9.18521481e-06,1.315585615e-05,9.17414592e-06,1.0692367e-05,1.509215006e-05,4.32378497e-05,0.0553767290073738,0.0935886072510337,0.0777513832559686,0.1113622310134129,0.0776576868616642,0.0905091869626587,0.1277526511621833,0.3660015244857043,7,7,4.32378497e-05,0.0001181357093,True
run_20260721_134247,253,4,4,1,2.0773109000000004e-05,3.2462157389999995e-05,3.84342906e-05,4.299570507000001e-05,5.925202394e-05,2.8532309e-05,3.174240504e-05,1.232890505e-05,0.0779417621780372,0.1217996666304206,0.1442074143753239,0.1613220736117529,0.2223166093481166,0.1070546754685718,0.1190991191827188,0.0462586792050579,4,4,5.925202394e-05,0.00026652090509,True
run_20260721_134247,254,3,3,1,8.938228500000002e-06,2.543931767e-05,2.24264455e-05,4.71262865e-05,3.181159782e-05,2.64355604e-05,1.92123388e-05,7.5593683e-06,0.0473049431974432,0.1346357924683916,0.1186903792511073,0.2494125436588397,0.168360635208085,0.139908336771048,0.1016799464932044,0.0400074229518805,3,3,4.71262865e-05,0.00018894914349,True
run_20260721_134247,255,3,3,1,9.1145041e-06,2.595024756e-05,2.23890066e-05,4.668628404e-05,3.198147757000001e-05,2.54639573e-05,1.978350374e-05,9.2385809e-06,0.0478181663594514,0.1361449006197746,0.1174612716693666,0.2449340603104585,0.1677870346082048,0.133593636360465,0.103791809475641,0.0484691205966378,3,3,4.668628404e-05,0.00019060756181,True
run_20260721_134247,256,0,0,1,5.06602597e-05,4.70011344e-05,4.323265623e-05,7.05318118e-06,8.174945159999999e-06,8.6721211e-06,1.0171599281e-05,8.404769100000001e-06,0.2762724309365973,0.2563176291310194,0.2357664785620577,0.0384640647713627,0.0445815316680378,0.0472928483166374,0.0554701550389963,0.0458348615752911,0,0,5.06602597e-05,0.000183370666151,True
run_20260721_134247,257,0,0,1,5.0586321700000006e-05,4.7847166800000005e-05,4.307054233e-05,6.86012806e-06,7.92269435e-06,8.2684838e-06,9.65398359e-06,9.0454387e-06,0.2760436994103142,0.2610964483265516,0.2350309617467548,0.0374349243920398,0.0432332255869711,0.0451201585717637,0.0526806704791518,0.0493599114864527,0,0,5.0586321700000006e-05,0.00018325475933,True
run_20260721_134247,258,3,3,1,9.5128977e-06,2.62368983e-05,2.34401806e-05,4.828395506e-05,3.013267149e-05,3.00917943e-05,3.574740337e-05,7.532945999999999e-06,0.0450893648928348,0.1243580156554083,0.111102094183915,0.2288569620768212,0.1428232556320385,0.1426295053580601,0.1694360399272751,0.0357047622736467,3,3,4.828395506e-05,0.00021097874682,True
run_20260721_134247,259,1,1,1,2.13450637e-05,4.99269932e-05,2.4612857200000005e-05,3.317462030999999e-05,1.7849364149999998e-05,7.9970119e-06,9.9311904e-06,8.6380074e-06,0.1230439566465557,0.2878049404365883,0.1418812038618871,0.1912356224633607,0.1028929414083306,0.0460989013364054,0.0572485038321197,0.0497939300147521,1,1,4.99269932e-05,0.00017347510826,True
run_20260721_134247,260,6,6,1,9.4985423e-06,1.8088579199999997e-05,1.75468024e-05,2.7276712070000004e-05,2.4312900410000005e-05,1.67254118e-05,3.398317133e-05,5.06496234e-06,0.0622867151605104,0.118615903862294,0.1150632011257729,0.1788671084003434,0.1594319059424021,0.1096769301884185,0.2228447319629808,0.0332135033572775,6,6,3.398317133e-05,0.00015249708185,True
run_20260721_134247,261,5,5,1,6.9162318e-06,1.107947716e-05,8.8115567e-06,3.227987327e-05,1.57733713e-05,4.86426578e-05,4.449911005e-05,7.1304337e-06,0.03949137616671,0.0632633221252117,0.0503135971026874,0.184316641602339,0.0900652490313423,0.2777474139788597,0.2540879404979427,0.0407144594949068,5,5,4.86426578e-05,0.00017513271178,True
run_20260721_134247,262,2,2,1,2.31522917e-05,2.14921316e-05,3.716165875e-05,3.476815308e-05,1.680081184e-05,8.765736e-06,1.128573406e-05,1.16821567e-05,0.1402245634766628,0.1301696095938957,0.2250739340973083,0.2105773869691176,0.1017560825876061,0.0530907056665871,0.0683533687542994,0.0707543488545227,2,2,3.716165875e-05,0.00016510867373,True
run_20260721_134247,263,5,5,1,9.317379500000002e-06,1.5762532150000002e-05,9.7949924e-06,3.1781536520000003e-05,1.527196695e-05,4.9112888e-05,4.55805418e-05,7.2420236e-06,0.0506754261189698,0.0857293655813001,0.0532730703629782,0.1728536339929699,0.0830612762811768,0.2671155046688008,0.2479037564637691,0.0393879665300351,5,5,4.9112888e-05,0.00018386386092,True
run_20260721_134247,264,2,7,0,6.440344849999999e-06,1.0397146699999998e-05,1.324056525e-05,1.951722872e-05,1.11085515e-05,1.04505124e-05,1.09133405e-05,4.584895499999999e-06,0.0743237471655811,0.1199865722367733,0.1528005792997838,0.2252353882506926,0.1281964230629415,0.120602430375816,0.1259436224216932,0.0529112371867184,3,3,1.951722872e-05,8.665258541999999e-05,False
run_20260721_134247,265,3,3,1,1.03495794e-05,1.2751567730000002e-05,1.0953521e-05,1.995119028e-05,1.901879008e-05,2.955066e-05,1.476705205e-05,6.2660315e-06,0.0837287762521079,0.1031610194061384,0.0886147034131421,0.1614064381125817,0.153863259331498,0.2390667778482008,0.1194664197655879,0.0506926058707429,5,5,2.955066e-05,0.00012360839204,False
run_20260721_134247,266,0,0,1,4.94060548e-05,4.693605739999999e-05,4.23700323e-05,8.22061584e-06,7.62340752e-06,9.5953432e-06,9.36538897e-06,8.910145699999999e-06,0.2708263711792117,0.257286726385228,0.2322574053120912,0.0450624840582403,0.0417888010491765,0.0525982491335277,0.0513377220604733,0.0488422408220511,0,0,4.94060548e-05,0.0001824270457299,True
run_20260721_134247,267,4,4,1,2.82831713e-05,4.101172985e-05,5.10632801e-05,5.846932537e-05,7.944541252999998e-05,3.87437598e-05,4.483981248e-05,1.569795411e-05,0.0791017190606735,0.1147006570931082,0.1428126002541548,0.1635256563002486,0.2221910915133967,0.108357650934774,0.1254069500164659,0.0439036748271777,4,4,7.944541252999998e-05,0.00035755444554,True
run_20260721_134247,268,2,2,1,1.13390973e-05,2.30996899e-05,2.96792569e-05,4.274638142e-05,2.113816301e-05,1.08112502e-05,1.641899141e-05,6.1497032e-06,0.0702622338695777,0.1431362454283306,0.1839062523418929,0.2648761333417794,0.1309817275297458,0.06699145177764,0.101739581540764,0.0381063741702693,3,3,4.274638142e-05,0.00016138253334,False
run_20260721_134247,269,0,0,1,5.040537439999999e-05,4.72677288e-05,4.293001329000001e-05,6.56124645e-06,8.51269041e-06,1.7750666399999996e-05,7.75315712e-06,9.221797600000002e-06,0.2647303906854623,0.2482513910667129,0.2254695917980085,0.0344598439505312,0.0447088804487421,0.0932269803951562,0.0407197910511577,0.0484331306042289,0,0,5.040537439999999e-05,0.0001904026744699,True
run_20260721_134247,270,7,7,1,7.395306870000001e-06,1.3150981799999996e-05,9.64615274e-06,1.337456309e-05,9.38088936e-06,1.07886911e-05,1.501528509e-05,4.23023817e-05,0.0610908478065909,0.1086370913031561,0.0796845430916473,0.1104840424574347,0.0774932662371356,0.0891227771353351,0.1240376514904194,0.3494497804782805,7,7,4.23023817e-05,0.00012105425175,True
run_20260721_134247,271,1,1,1,2.15865919e-05,5.03522038e-05,2.4713830100000004e-05,3.2961270450000006e-05,1.7886797770000005e-05,7.804589700000001e-06,9.69333822e-06,9.0436822e-06,0.1240307177422548,0.2893101424323628,0.141998982500945,0.1893865437651635,0.102772701489931,0.0448430612233332,0.0556952993003509,0.0519625515456589,1,1,5.03522038e-05,0.0001740423041399,True
run_20260721_134247,272,1,1,1,2.13918231e-05,5.01584634e-05,2.46872764e-05,3.3175388629999994e-05,1.7981038999999996e-05,7.9160179e-06,9.799898239999998e-06,8.8617387e-06,0.1229615495933502,0.2883140140068447,0.1419040231958231,0.1906942281280557,0.1033561472719202,0.0455017706084479,0.0563304337276211,0.0509378334679367,1,1,5.01584634e-05,0.0001739716453699,True
run_20260721_134247,273,2,2,1,2.52110615e-05,2.22408008e-05,3.93668658e-05,3.438967494e-05,1.73241334e-05,8.0457219e-06,1.032467753e-05,1.02977747e-05,0.1507832198443031,0.1330185782355793,0.2354467613552319,0.2056789999442165,0.103612797702478,0.0481201417898974,0.0617502012688964,0.0615892998593971,2,2,3.93668658e-05,0.00016720071057,True
run_20260721_134247,274,1,1,1,2.14785633e-05,5.0188619900000006e-05,2.46058549e-05,3.295818301e-05,1.775671537e-05,7.7374418e-06,9.60435462e-06,9.1835581e-06,0.1237862712199954,0.2892494264315464,0.1418096259842134,0.1899461581303301,0.1023363413123205,0.0445927903010035,0.0553522705070472,0.0529271161135431,1,1,5.0188619900000006e-05,0.000173513291,True
run_20260721_134247,275,5,5,1,8.9371991e-06,1.538478044e-05,9.4827041e-06,2.45675774e-05,1.331591275e-05,3.5819798900000005e-05,2.562298533e-05,5.772550500000001e-06,0.0643410608934559,0.1107587605520045,0.0682682835087253,0.1768679399229331,0.0958644809758905,0.2578754077679938,0.1844660772287884,0.0415579891502081,5,5,3.5819798900000005e-05,0.00013890350852,True
run_20260721_134247,276,3,3,1,9.0715082e-06,2.553758737e-05,2.18756332e-05,4.54959685e-05,3.137178328e-05,2.51773409e-05,1.951039741e-05,9.0864605e-06,0.0484778986675008,0.1364721880244024,0.1169028022878287,0.2431292462176036,0.1676499758735418,0.1345470404653687,0.1042630451025388,0.0485578033612149,3,3,4.54959685e-05,0.00018712667936,True
run_20260721_134247,277,3,3,1,2.46435383e-05,5.19392275e-05,3.195713859999999e-05,3.7247632100000005e-05,2.783745813e-05,1.78065496e-05,1.7728548659999998e-05,4.8371183e-06,0.1151582217495345,0.2427098335121999,0.1493343694634714,0.1740566238824918,0.1300832752688733,0.0832092600692363,0.0828447649453688,0.0226036511088235,1,1,5.19392275e-05,0.00021399721119,False
run_20260721_134247,278,7,7,1,6.1968092e-06,9.6000568e-06,8.6491464e-06,1.23331312e-05,8.768336769999999e-06,1.07568489e-05,1.497078813e-05,4.41606164e-05,0.0536818972428102,0.0831636485859112,0.0749260745809024,0.1068398042270685,0.0759586003515317,0.0931847405123005,0.1296893746605178,0.3825558598389574,7,7,4.41606164e-05,0.0001154357337999,True
run_20260721_134247,279,6,6,1,1.03108131e-05,1.75754184e-05,1.83230096e-05,2.656593468e-05,2.397607963e-05,1.69981162e-05,3.421328355000001e-05,5.09230194e-06,0.0673667373822026,0.1148307688493677,0.1197152313598603,0.1735712137872338,0.1566501345940398,0.1110589066964626,0.2235359389741713,0.0332710683566615,6,6,3.421328355000001e-05,0.0001530549571,True
run_20260721_134247,280,5,5,1,5.8691611e-06,8.637181430000002e-06,7.854651599999998e-06,2.759199617e-05,1.46234574e-05,3.8156925200000006e-05,2.5494818840000003e-05,5.556213e-06,0.0438702934875427,0.0645604504260845,0.0587112647043198,0.2062422464234376,0.1093061439292539,0.285212056473661,0.1905664482309973,0.041531096324703,5,5,3.8156925200000006e-05,0.00013378440474,True
run_20260721_134247,281,6,6,1,9.3648599e-06,2.24814271e-05,1.4009683030000002e-05,4.470126236999999e-05,1.33274203e-05,7.9995666e-06,2.914701652e-05,3.87239751e-06,0.0646281924392654,0.1551474354600988,0.096682758796632,0.3084895895480994,0.0919743694048613,0.0552061146857648,0.2011475892645238,0.0267239504007542,3,3,4.470126236999999e-05,0.0001449036333299,False
run_20260721_134247,282,1,1,1,2.0313907600000004e-05,4.84634642e-05,2.43055933e-05,3.3374301710000004e-05,1.750784105e-05,7.9280885e-06,1.0135244399999998e-05,1.01500767e-05,0.1179816617059632,0.2814721889521373,0.1411650748221049,0.1938354575375724,0.1016842362698782,0.0460457472683363,0.0588647442753977,0.0589508891686097,1,1,4.84634642e-05,0.00017217851746,True
run_20260721_134247,283,3,3,1,8.688440399999999e-06,2.47711583e-05,1.9741654699999996e-05,4.012484513e-05,2.110072117e-05,2.39318346e-05,1.010163322e-05,8.912316900000001e-06,0.0552093576389704,0.1574045139005904,0.1254453071597707,0.2549671544032772,0.1340812859250004,0.1520711605949541,0.0641892739669002,0.0566319464105365,3,3,4.012484513e-05,0.0001573726044199,True
run_20260721_134247,284,1,1,1,2.14265007e-05,5.02104028e-05,2.4778004000000003e-05,3.279933254e-05,1.7798800650000002e-05,7.7790045e-06,9.58377462e-06,9.2612356e-06,0.1233982035079248,0.2891687069988651,0.1426999780749161,0.1888959269814422,0.1025057733671688,0.0448003709901198,0.0551942936222359,0.0533367464573269,1,1,5.02104028e-05,0.00017363705541,True
run_20260721_134247,285,0,0,1,4.998682930000001e-05,4.707308949999999e-05,4.188419657e-05,9.13746659e-06,7.101849540000001e-06,1.7807953300000003e-05,9.09084481e-06,8.943158699999999e-06,0.2616763653367391,0.2464232106342262,0.2192598425819161,0.0478337810007302,0.0371775165742627,0.0932229661070018,0.0475897203530202,0.0468165974121034,0,0,4.998682930000001e-05,0.0001910253883099,True
run_20260721_134247,286,5,5,1,7.8888586e-06,1.370526609e-05,8.9623535e-06,2.479445638e-05,1.349115014e-05,3.57526373e-05,2.568006137e-05,5.791036899999999e-06,0.0579782533465501,0.1007252670935061,0.0658677798844487,0.1822239878389538,0.0991516466974405,0.2627598703805793,0.1887326392267717,0.0425605555317495,5,5,3.57526373e-05,0.00013606582028,True
run_20260721_134247,287,1,1,1,2.17038143e-05,3.6459947200000005e-05,1.35064334e-05,6.81402169e-06,5.971091050000001e-06,7.9257537e-06,6.082688269999999e-06,9.6531019e-06,0.2007440468056227,0.3372272378522577,0.1249244055053781,0.0630246034252093,0.0552281255567983,0.073307292890109,0.0562603163618522,0.0892839716027724,1,1,3.6459947200000005e-05,0.00010811685151,True
run_20260721_134247,288,3,3,1,8.6133567e-06,2.472352553e-05,2.06409477e-05,4.282338534e-05,2.993086439e-05,2.32471214e-05,1.885495743e-05,9.4435329e-06,0.0483142710276488,0.1386798613849831,0.1157797565083221,0.2402060796620909,0.1678890059470384,0.1303983758076866,0.1057617320652471,0.0529709175969827,3,3,4.282338534e-05,0.0001782776913899,True
run_20260721_134247,289,1,1,1,2.15906831e-05,5.05681378e-05,2.49661736e-05,3.289619065e-05,1.817154017e-05,7.947991899999999e-06,9.733434589999998e-06,8.7119956e-06,0.12366779048796,0.2896457625658308,0.1430020306328724,0.1884238305158669,0.104083516588093,0.0455247567914701,0.0557514713188664,0.04990084109904,1,1,5.05681378e-05,0.00017458614741,True
run_20260721_134247,290,5,5,1,8.8335546e-06,1.537480508e-05,9.5762595e-06,2.44171694e-05,1.3465873610000002e-05,3.5477107000000005e-05,2.562896518e-05,5.8007568e-06,0.0637458923746882,0.1109497494826702,0.0691055000032586,0.1762024828223657,0.0971742598244894,0.2560147015548302,0.1849472075532211,0.0418602063844763,5,5,3.5477107000000005e-05,0.00013857449117,True
run_20260721_134247,291,5,5,1,9.2489433e-06,1.570628924e-05,9.54079223e-06,2.459266149e-05,1.309221797e-05,3.60971379e-05,2.570376276e-05,5.7677398e-06,0.0661822785935832,0.1123888401557267,0.0682706498340577,0.1759766841784906,0.0936834391771498,0.2582987871629394,0.183927345287725,0.0412719756103271,5,5,3.60971379e-05,0.00013974954469,True
run_20260721_134247,292,6,6,1,8.3450647e-06,1.6691708499999998e-05,1.64523343e-05,2.727731132e-05,2.447975753e-05,1.65996366e-05,3.421152737e-05,5.04091579e-06,0.0559702367936703,0.111951064589819,0.1103455850473662,0.182948560443763,0.1641854047705266,0.1113335395938723,0.2294562543022623,0.0338093544587199,6,6,3.421152737e-05,0.00014909825611,True
run_20260721_134247,294,5,5,1,9.3365078e-06,1.476926995e-05,9.4793662e-06,2.374423346e-05,1.237951757e-05,3.5457945e-05,2.563226162e-05,5.7830254e-06,0.0683581959446275,0.1081347191935296,0.0694041483187621,0.1738458316731295,0.0906379029373294,0.2596089677238662,0.1876692227819823,0.0423410114267732,5,5,3.5457945e-05,0.0001365821269999,True
run_20260721_134247,296,7,7,1,6.08360133e-06,1.2271913900000002e-05,9.382570200000002e-06,1.5384653689999998e-05,1.030414203e-05,1.18587191e-05,1.47693284e-05,3.84434055e-05,0.0513391295636201,0.1035619107055607,0.0791789206768355,0.1298301263081511,0.0869560074739666,0.1000749857376792,0.1246374348292895,0.324421484704897,7,7,3.84434055e-05,0.0001184983341499,True
run_20260721_134247,297,4,4,1,2.0267351e-05,3.276336122e-05,3.705313660000001e-05,4.173371993e-05,5.748681178e-05,2.7552547000000003e-05,3.0204866770000003e-05,1.35586239e-05,0.0777657834331569,0.1257129485336694,0.1421728077021403,0.1601321961580675,0.2205767766663801,0.105719065260866,0.1158960106756516,0.0520244115700678,4,4,5.748681178e-05,0.0002606204182,True
run_20260721_134247,298,6,6,1,8.63606415e-06,1.77357488e-05,1.6808906500000002e-05,2.756942406e-05,2.448192351e-05,1.64717218e-05,3.393336089e-05,5.04080676e-06,0.0573147151203861,0.1177063268941478,0.1115551796280609,0.1829691927464457,0.1624784678764498,0.1093173957617318,0.225204546736444,0.0334541752363334,6,6,3.393336089e-05,0.00015067795647,True
run_20260721_134247,299,2,2,1,2.50054689e-05,2.17745861e-05,3.85773045e-05,3.249413029e-05,1.7025538110000004e-05,1.89372302e-05,7.77798225e-06,1.17435719e-05,0.1442602574471739,0.1256208155565382,0.2225581892122815,0.1874634552906708,0.098222853598449,0.1092516886971232,0.0448723327801523,0.0677504074176108,2,2,3.85773045e-05,0.00017333581225,True
run_20260721_134247,300,2,2,1,2.62770155e-05,2.31072256e-05,4.0888228200000006e-05,3.4878161960000004e-05,1.7291763520000003e-05,7.890729800000001e-06,1.032440195e-05,8.4623676e-06,0.1553750706572772,0.1366322141985129,0.2417706586817622,0.2062333478827137,0.1022455909693751,0.0466576084415858,0.061047826473116,0.0500376826956567,2,2,4.0888228200000006e-05,0.00016911989413,True
run_20260721_134247,301,5,5,1,8.8846765e-06,1.549178942e-05,9.5720978e-06,2.446590652e-05,1.348359421e-05,3.55370242e-05,2.554965023e-05,5.8012948e-06,0.0640170791283326,0.1116235474797092,0.0689701805447546,0.1762850761800083,0.097153826307114,0.2560561985793036,0.1840938137111838,0.0418002780695937,5,5,3.55370242e-05,0.00013878603368,True
run_20260721_134247,302,0,0,1,5.10649937e-05,4.78512193e-05,4.356143092e-05,7.0265347500000005e-06,8.318279920000001e-06,7.927451699999999e-06,9.89989699e-06,8.7657166e-06,0.276901817296185,0.2594750067306535,0.2362134705554702,0.0381016446021767,0.0451061805697699,0.0429869000895956,0.0536825576378369,0.0475324225183119,0,0,5.10649937e-05,0.0001844155238799,True
run_20260721_134247,303,6,6,1,1.053871486e-05,1.83342461e-05,1.90011602e-05,2.706032513e-05,2.405938534e-05,1.6589716000000002e-05,3.3818570210000006e-05,5.0518371200000005e-06,0.0682320816111784,0.1187036363345188,0.1230215192930531,0.1751999496355273,0.1557706006701532,0.1074088132239563,0.2189556765882636,0.032707722643349,6,6,3.3818570210000006e-05,0.00015445395496,True
run_20260721_134247,304,5,5,1,9.0598218e-06,1.568862089e-05,9.7054206e-06,2.452041314e-05,1.335570968e-05,3.54923173e-05,2.557795771e-05,5.79726e-06,0.0650860857801459,0.1127076169443785,0.0697240907877455,0.1761555302329079,0.0959478988744796,0.2549780844832907,0.1837529684738397,0.041647724423212,5,5,3.54923173e-05,0.00013919752112,True
run_20260721_134247,305,6,6,1,2.059709492e-05,1.5048207199999998e-05,1.6437577000000004e-05,2.721070591e-05,2.398453339e-05,1.67896527e-05,3.3885052270000006e-05,5.079966049999999e-06,0.1295147685740046,0.0946232990881254,0.1033596722907359,0.1711012301665379,0.1508150204398502,0.1055735283215566,0.2130695964606983,0.0319428846584909,6,6,3.3885052270000006e-05,0.00015903278944,True
run_20260721_134247,306,3,3,1,8.9889516e-06,2.5658559160000004e-05,2.2859913299999995e-05,4.658522205e-05,3.1798724050000006e-05,2.53705295e-05,1.990155418e-05,9.5055532e-06,0.0471442723678433,0.1345712109080064,0.1198931785237873,0.2443250886612473,0.1667744776335308,0.1330605843805416,0.1043774994633758,0.0498536880616672,3,3,4.658522205e-05,0.00019066900704,True
run_20260721_134247,307,7,7,1,5.77130553e-06,9.4450318e-06,8.67782393e-06,1.327403693e-05,9.16949726e-06,1.07577055e-05,1.503614138e-05,4.33249192e-05,0.0499868561145916,0.0818060044005923,0.0751610071450628,0.1149700653743913,0.0794195243686505,0.0931754304388129,0.1302321340940544,0.3752489780638438,7,7,4.33249192e-05,0.00011545646153,True
run_20260721_134247,308,2,2,1,2.5463362199999997e-05,2.24788798e-05,3.968112719999999e-05,3.4082244760000004e-05,1.71871242e-05,8.140922600000002e-06,1.0240538589999998e-05,1.00865204e-05,0.1521465863557269,0.1343139527218722,0.2370994057582618,0.2036454241527603,0.1026950901362862,0.0486429707768988,0.0611884234562154,0.0602681466419781,2,2,3.968112719999999e-05,0.00016736071975,True
run_20260721_134247,309,0,0,1,4.9777671700000005e-05,4.664804629999999e-05,4.254822139e-05,7.67443969e-06,8.26880573e-06,9.3339957e-06,1.0377687380000002e-05,8.0408741e-06,0.2725009142604745,0.2553682169352036,0.2329242978419997,0.0420126486543136,0.0452664225608457,0.0510976563404298,0.0568112007327853,0.0440186426739475,0,0,4.9777671700000005e-05,0.00018266974199,True
run_20260721_134247,310,5,5,1,8.2880671e-06,1.444164138e-05,9.1408002e-06,2.47484413e-05,1.341008676e-05,3.56661448e-05,2.558577641e-05,5.760139400000001e-06,0.0604786977065168,0.1053818282198686,0.066701160285185,0.1805913830125938,0.0978544905091567,0.2602587507666364,0.1867014852096118,0.0420322042904307,5,5,3.56661448e-05,0.00013704109735,True
run_20260721_134247,311,4,4,1,2.71098445e-05,3.912725889000001e-05,4.88441926e-05,5.584370489e-05,7.590452297e-05,3.68947487e-05,4.196943685e-05,1.720388528e-05,0.0790610518143165,0.1141077088234301,0.1424454220671409,0.1628582578484245,0.2213620747058195,0.1075969889331858,0.1223964166011921,0.0501720792064903,4,4,7.590452297e-05,0.00034289759468,True
run_20260721_134247,314,4,4,1,1.85580484e-05,2.808389941e-05,3.47317606e-05,3.871871498e-05,5.362623918e-05,2.53492823e-05,2.868103792e-05,1.212007693e-05,0.0773674121275285,0.1170801246429299,0.1447946668926059,0.1614160451756324,0.2235646366505046,0.105679666771489,0.1195695599652555,0.0505278877740539,4,4,5.362623918e-05,0.00023986905972,True
run_20260721_134247,315,0,0,1,5.39662823e-05,1.4431603e-05,5.852208532999999e-05,8.325226299999999e-06,8.50544344e-06,1.0760189899999998e-05,1.1061045e-05,7.0652465e-06,0.3125995252162388,0.0835950162516428,0.3389890003377574,0.0482238478876604,0.0492677551200812,0.0623283670955515,0.0640710693424114,0.0409254187486562,2,2,5.852208532999999e-05,0.00017263712177,False
run_20260721_134247,316,3,3,1,9.3076541e-06,2.61975226e-05,2.0858930200000003e-05,4.239477569e-05,2.8948347699999995e-05,2.35777135e-05,1.808730841e-05,1.16464214e-05,0.0514181985476663,0.1447227630111195,0.115230820031818,0.2342011177458987,0.1599191239461164,0.1302501727092535,0.0999195721098245,0.0643382318983029,3,3,4.239477569e-05,0.0001810186736,True
run_20260721_134247,317,3,3,1,9.6246323e-06,2.757106675e-05,2.29016368e-05,6.188716539000001e-05,4.178695776e-05,4.69104593e-05,2.655106344e-05,9.7388774e-06,0.0389705626119294,0.1116364708352091,0.0927297420837644,0.250583874638601,0.1691972433843662,0.1899425281218296,0.1075064322407238,0.039433146083576,3,3,6.188716539000001e-05,0.00024697185914,True
run_20260721_134247,318,7,7,1,5.730520980000001e-06,9.748541399999998e-06,8.321689449999999e-06,1.327418862e-05,9.26333452e-06,1.08496898e-05,1.504813815e-05,4.29977994e-05,0.0497294707948583,0.0845978588222126,0.0722156351773195,0.1151934313839177,0.0803872326936918,0.0941536265071614,0.1305877684174221,0.3731349762034163,7,7,4.29977994e-05,0.00011523390232,True
run_20260721_134247,319,6,6,1,9.25151201e-06,1.8007920299999997e-05,1.75819173e-05,2.746285079e-05,2.438923249e-05,1.6430966200000003e-05,3.396538093e-05,5.00944955e-06,0.060825502115658,0.1183958679535078,0.115595045088038,0.1805587764490344,0.1603507957203389,0.10802793838241,0.2233106704486511,0.0329354038423614,6,6,3.396538093e-05,0.00015209922957,True
run_20260721_134247,321,6,6,1,9.5238542e-06,1.80558897e-05,1.74379125e-05,2.679151782e-05,2.4031426670000005e-05,1.68084291e-05,3.4140088720000003e-05,5.05110527e-06,0.0627228671715767,0.1189137451639841,0.114843827563748,0.1764454577169809,0.1582678557769077,0.1106981316242918,0.2248421915163721,0.0332659234661384,6,6,3.4140088720000003e-05,0.00015184022398,True
run_20260721_134247,322,2,2,1,2.43041784e-05,2.2668916400000003e-05,3.89967655e-05,3.51796725e-05,1.732287638e-05,8.3688495e-06,1.074199278e-05,9.6504794e-06,0.1453305997242044,0.1355522972753464,0.2331872003300949,0.2103623014273999,0.1035848228160494,0.0500428320110014,0.0642334098794499,0.0577065365364533,2,2,3.89967655e-05,0.00016723373086,True
run_20260721_134247,324,2,2,1,2.5407880400000003e-05,2.27166791e-05,3.98466457e-05,3.472527944e-05,1.727546329e-05,8.367321000000001e-06,1.054762687e-05,8.788075e-06,0.1515305491259403,0.1354804416641055,0.2376421806420257,0.2070987653930756,0.1030294695002863,0.0499020274766017,0.0629051958063618,0.0524113703916028,2,2,3.98466457e-05,0.0001676749708,True
run_20260721_134247,325,6,6,1,9.43599178e-06,1.84353403e-05,1.7780798200000005e-05,2.752391624e-05,2.4358509840000004e-05,1.6366054199999996e-05,3.379462242e-05,5.00379237e-06,0.0617947086326965,0.120729914665431,0.1164434295454395,0.1802494559275194,0.1595197466661499,0.1071785112084868,0.2213152463975435,0.032768986956733,6,6,3.379462242e-05,0.00015269902535,True
run_20260721_134247,327,5,5,1,9.0033158e-06,1.502023623e-05,9.46056841e-06,2.429647648e-05,1.278841052e-05,3.57126756e-05,2.610598644e-05,5.7974402e-06,0.0651540228961665,0.1086964888241785,0.0684630090167324,0.1758255758255298,0.0925455032717676,0.2584408383993114,0.1889204017745076,0.0419541599918061,5,5,3.57126756e-05,0.0001381851096799,True
run_20260721_134247,328,2,2,1,2.51570201e-05,2.2634727e-05,3.95465785e-05,3.489221302e-05,1.687947201e-05,8.1008706e-06,1.034850173e-05,9.4220588e-06,0.1506575810751342,0.135552350976419,0.2368321777748195,0.2089586282896638,0.1010859160879723,0.0485135983652797,0.0619739632196597,0.0564257842110513,2,2,3.95465785e-05,0.00016698144176,True
run_20260721_134247,329,5,5,1,8.3600939e-06,1.425187183e-05,9.2682243e-06,2.450040734e-05,1.337661588e-05,3.57353123e-05,2.571725319e-05,5.7758028e-06,0.0610290061626583,0.1040392110598766,0.0676583929184814,0.1788539134160323,0.0976498090501153,0.2608691505942561,0.18773693479916,0.0421635819994198,5,5,3.57353123e-05,0.0001369855815399,True
run_20260721_134247,330,4,4,1,2.21484147e-05,3.357023918e-05,4.135448149999999e-05,4.746681369000001e-05,6.507173999e-05,3.10495714e-05,3.533570071e-05,1.4683721300000002e-05,0.0761950003412622,0.1154883733406145,0.1422677322366202,0.1632953840849017,0.2238598706906359,0.1068167693021861,0.1215619160163725,0.0505149539874066,4,4,6.507173999e-05,0.00029068068247,True
run_20260721_134247,331,4,4,1,1.43331029e-05,2.377147355e-05,2.71846448e-05,3.075306851999999e-05,4.3083642870000005e-05,2.0279549900000003e-05,2.211287395e-05,6.22396967e-06,0.076344547301416,0.1266175509604648,0.1447976349074975,0.1638046632797723,0.2294828435932063,0.1080179963399256,0.1177831041208827,0.0331516594968346,4,4,4.3083642870000005e-05,0.00018774232616,True
run_20260721_134247,332,2,2,1,2.4376601900000004e-05,2.20783977e-05,3.84511242e-05,3.412489823999999e-05,1.718300008e-05,8.8512538e-06,1.081645328e-05,9.9944209e-06,0.1469566413574485,0.1331017007971901,0.2318062251675083,0.2057251643435628,0.10358933499265,0.0533606175129091,0.0652080077423981,0.0602523080863329,2,2,3.84511242e-05,0.0001658761501,True
run_20260721_134247,333,3,3,1,9.634029000000002e-06,2.743528136e-05,2.3196903000000003e-05,4.770547168e-05,3.234203033e-05,2.68924235e-05,2.0129866050000005e-05,9.1203045e-06,0.0490390409371052,0.139650802974959,0.1180766505717452,0.2428299290607736,0.1646270889720147,0.1368875531633205,0.1024648488482228,0.0464240854718587,3,3,4.770547168e-05,0.00019645630942,True
run_20260721_134247,334,2,2,1,2.41964743e-05,2.1991940900000003e-05,3.81631462e-05,3.313674325e-05,1.6971213679999998e-05,1.8130465300000004e-05,7.956893969999999e-06,1.19209955e-05,0.1402955452808909,0.1275132609030823,0.2212768413852492,0.1921328456969299,0.0984021741264228,0.1051237252139569,0.0461355139770666,0.069120093416401,2,2,3.81631462e-05,0.0001724678731,True
run_20260721_134247,335,4,4,1,2.4212260900000004e-05,3.7835304170000005e-05,4.2251456100000005e-05,4.840199985999999e-05,6.546009002e-05,3.29437659e-05,3.549025834e-05,1.187439671e-05,0.0811213819305348,0.126764376639958,0.1415603656992366,0.1621673057737765,0.2193191699714261,0.1103756409548697,0.11890747475022,0.039784284279978,4,4,6.546009002e-05,0.000298469532,True
run_20260721_134247,336,5,5,1,8.4598537e-06,1.4585133710000002e-05,9.1202305e-06,2.946642972e-05,1.9020307790000004e-05,3.91197629e-05,1.061539819e-05,4.0766661e-06,0.0629154820412648,0.1084688637110772,0.0678266691816368,0.2191402706962714,0.1414530174654291,0.2909315961567385,0.0789461517737382,0.0303179489738437,5,5,3.91197629e-05,0.00013446378261,True
run_20260721_134247,337,0,0,1,5.051632239999999e-05,4.667729760000001e-05,4.3135023370000006e-05,7.14472336e-06,8.082465620000001e-06,8.7411042e-06,1.0120036001000002e-05,8.6383124e-06,0.275962108460961,0.254990166563585,0.2356393227409212,0.0390304129264144,0.0441531399771577,0.0477511709227067,0.0552840416692089,0.0471896367390446,0,0,5.051632239999999e-05,0.000183055284951,True
run_20260721_134247,338,3,3,1,9.1838975e-06,2.606452036e-05,2.22122001e-05,4.549594890000001e-05,3.118479032999999e-05,2.52359464e-05,1.946993112e-05,8.451737900000001e-06,0.0490333575887947,0.139159975075103,0.1185922153788369,0.2429054909699539,0.1664973912853968,0.1347361709908954,0.1039510833865646,0.0451243153244544,3,3,4.549594890000001e-05,0.00018729897261,True
run_20260721_134247,340,7,7,1,6.4536434e-06,6.108081800000001e-06,6.9276755800000005e-06,7.00469052e-06,6.38487622e-06,1.0914414200000002e-05,1.442185687e-05,4.32452979e-05,0.063607424356918,0.0602015523602323,0.068279508660816,0.0690385716686052,0.0629296516742674,0.1075729990948326,0.1421425252509031,0.4262277669334252,7,7,4.32452979e-05,0.00010146053649,True
run_20260721_134247,341,7,7,1,5.156314039999999e-06,5.357757800000001e-06,5.178880189999999e-06,1.398417875e-05,1.0125742489999998e-05,1.07935052e-05,1.495269409e-05,4.03496291e-05,0.0486910033756121,0.0505932340625072,0.0489040952232577,0.1320524098104414,0.0956172486657094,0.101922922857485,0.1411980869983406,0.3810209990066464,7,7,4.03496291e-05,0.00010589870166,True
run_20260721_134247,342,5,5,1,8.8109764e-06,1.378311593e-05,9.2860338e-06,2.435378204e-05,1.271968816e-05,3.5995581699999994e-05,2.572716229e-05,5.7332068000000005e-06,0.0645920801441335,0.1010421647238146,0.0680746618990754,0.1785342929008912,0.0932463191070522,0.2638787567290619,0.1886023583625544,0.0420293661334164,5,5,3.5995581699999994e-05,0.00013640954712,True
run_20260721_134247,343,7,7,1,5.87606321e-06,9.879392500000002e-06,8.0559235e-06,1.315840042e-05,9.45754042e-06,1.10548395e-05,1.542095773e-05,4.32696921e-05,0.0505803659338172,0.0850404888435177,0.0693443116594448,0.1132657503096013,0.0814092425798578,0.0951585793525896,0.1327415409190821,0.3724597204020891,7,7,4.32696921e-05,0.00011617280938,True
run_20260721_134247,344,7,7,1,5.58231502e-06,9.230643499999998e-06,9.51490002e-06,1.354725089e-05,9.64862504e-06,1.09828676e-05,1.5356958149999998e-05,4.23969061e-05,0.0480155911695297,0.0793962366759583,0.0818412339222071,0.1165250004478048,0.0829914531173712,0.0944677752261057,0.1320909732783187,0.3646717361627042,7,7,4.23969061e-05,0.00011626046632,True
run_20260721_134247,346,2,2,1,3.3633927499999995e-05,2.5948468700000004e-05,4.901930319999999e-05,2.992047101e-05,2.49690096e-05,6.289373799999999e-06,6.295833249999999e-06,6.2198148000000005e-06,0.1845015263994924,0.1423423441368676,0.2688992019572952,0.1641310718748728,0.1369694450308719,0.0345008493639934,0.0345362831795863,0.03411927805702,2,2,4.901930319999999e-05,0.00018229620186,True
run_20260721_134247,348,4,4,1,1.7907690000000004e-05,2.750608404e-05,3.3509534e-05,3.780206733e-05,5.22875494e-05,2.50055354e-05,2.785676942e-05,1.199848625e-05,0.0765699126799318,0.1176108394276239,0.1432804617639242,0.1616345265402185,0.2235717220817215,0.1069189639810017,0.1191103041226644,0.0513032694029136,4,4,5.22875494e-05,0.00023387371584,True
run_20260721_134247,349,2,2,1,2.51860404e-05,3.26277374e-05,4.90792274e-05,2.2802471690000003e-05,8.624927379999998e-06,9.2640972e-06,1.085468279e-05,1.13157194e-05,0.1483670860574656,0.1922049772732909,0.2891181717984429,0.1343258497891218,0.0508081192003428,0.0545733701958615,0.0639432650012909,0.0666591606841833,2,2,4.90792274e-05,0.00016975490366,True
run_20260721_134247,350,2,2,1,2.42349879e-05,6.5937325e-06,2.522452253e-05,5.57681742e-06,3.54110855e-06,8.776182600000001e-06,6.363057760000001e-06,4.8431771e-06,0.2846032555521833,0.0774334092298117,0.2962238422156339,0.0654912806188002,0.0415849607910747,0.1030629827250883,0.0747244835126401,0.0568757853547673,2,2,2.522452253e-05,8.515358636e-05,True
run_20260721_134247,351,0,0,1,4.975429510000001e-05,4.64805702e-05,4.262174673e-05,7.49679096e-06,8.54390641e-06,8.8842195e-06,1.067698585e-05,8.6537447e-06,0.2717147134192058,0.2538364735360159,0.2327629338309713,0.0409409560152746,0.0466593904507686,0.0485178847483223,0.0583084162800985,0.0472592317193429,0,0,4.975429510000001e-05,0.0001831122594499,True
run_20260721_134247,352,4,4,1,2.80318824e-05,4.0009811500000006e-05,5.0772755800000006e-05,5.795711983e-05,7.944393122999999e-05,3.66014466e-05,4.4492303e-05,1.69699731e-05,0.079123698325383,0.1129329885880743,0.1433128234394826,0.1635916418241321,0.2242410109577584,0.1033124275325518,0.1255854141416323,0.0478999951909852,4,4,7.944393122999999e-05,0.0003542792234599,True
run_20260721_134247,354,4,4,1,1.69624625e-05,2.608153332e-05,3.14982122e-05,3.468126289e-05,4.848243005e-05,2.2736532900000004e-05,2.554162801e-05,9.03509981e-06,0.0788881435843574,0.1212986466704561,0.1464902567468702,0.161293824322569,0.2254795789881902,0.1057418916637644,0.1187876829694465,0.042019975054346,4,4,4.848243005e-05,0.00021501916168,True
run_20260721_134247,357,5,5,1,8.1107729e-06,1.403932532e-05,9.047619199999998e-06,2.456509549e-05,1.3506847439999998e-05,3.56667171e-05,2.567624226e-05,5.7823114e-06,0.0594653542766835,0.1029314301180118,0.066333984161796,0.1801027009587966,0.0990274882657257,0.2614959134458996,0.1882492410168277,0.0423938877562588,5,5,3.56667171e-05,0.00013639493111,True
run_20260721_134247,358,3,3,1,1.11979791e-05,3.074315250000001e-05,2.48673097e-05,6.923092384e-05,4.4335062470000006e-05,5.87709093e-05,2.65686575e-05,4.2239071e-06,0.0414835376483252,0.1138897217768476,0.0921223346588058,0.2564698156603076,0.1642417097487793,0.2177201088518604,0.0984250724013861,0.0156476992536875,3,3,6.923092384e-05,0.00026993790151,True
run_20260721_134247,359,7,7,1,5.92016178e-06,9.8936661e-06,8.1504703e-06,1.276261034e-05,9.09771239e-06,1.09033837e-05,1.507419455e-05,4.38201423e-05,0.0512025764678715,0.0855688094106168,0.0704921747568975,0.1103818706561592,0.0786847271480606,0.0943017029608595,0.1303744099942395,0.3789937286052951,7,7,4.38201423e-05,0.0001156223414599,True
run_20260721_134247,360,6,6,1,9.51962665e-06,1.84829584e-05,1.7804686200000004e-05,2.736598928e-05,2.406705705e-05,1.6591011399999997e-05,3.383140947e-05,5.03829656e-06,0.0623415987283687,0.1210401645201003,0.1165983334614203,0.1792128604642913,0.1576089975318367,0.1086502877921783,0.2215532426992683,0.0329945148025359,6,6,3.383140947e-05,0.0001527010350099,True
run_20260721_134247,361,0,0,1,5.11003807e-05,4.69673538e-05,4.38137637e-05,7.00674826e-06,8.523309029999998e-06,8.3696616e-06,1.063461182e-05,8.038360200000001e-06,0.277035620316143,0.2546288269549185,0.2375319525753437,0.0379863872640024,0.0462082703088791,0.0453752860825986,0.0576544879317325,0.043579168566382,0,0,5.11003807e-05,0.0001844541891099,True
run_20260721_134247,362,0,0,1,5.06646106e-05,4.76169628e-05,4.30116646e-05,7.10984405e-06,7.89834871e-06,8.5392399e-06,9.578832749999998e-06,8.7935625e-06,0.2765338287875606,0.2598993830679682,0.234763085189179,0.0388064247202357,0.0431101825122009,0.0466082473844673,0.0522824761565063,0.0479963721818818,0,0,5.06646106e-05,0.00018321306591,True
run_20260721_134247,363,3,3,1,9.1851516e-06,2.627016857e-05,2.21457193e-05,4.520658194e-05,3.107848677e-05,2.51246368e-05,1.9437326710000003e-05,8.6260297e-06,0.0490990015814716,0.1404265388677914,0.1183793969098482,0.2416506699971057,0.1661292853424407,0.1343031270139407,0.103901751047187,0.0461102292402143,3,3,4.520658194e-05,0.00018707410139,True
run_20260721_134247,364,0,0,1,5.13460453e-05,4.80561103e-05,4.3634246410000005e-05,7.20466386e-06,7.587869589999999e-06,8.461523200000001e-06,9.10926702e-06,8.5544624e-06,0.2791240897308087,0.2612395553565805,0.2372017014965914,0.039165533197139,0.0412486916943695,0.0459979916103903,0.0495192151648021,0.046503221749318,0,0,5.13460453e-05,0.00018395418808,True
run_20260721_134247,365,2,2,1,2.3310283499999998e-05,2.11967414e-05,3.675505670000001e-05,3.240579582e-05,1.638160918e-05,8.738762699999999e-06,1.076731934e-05,1.31276757e-05,0.1432863205708059,0.1302945579060364,0.2259301924369282,0.199195657496684,0.1006963516523142,0.0537164274996656,0.0661857918046976,0.0806947006328678,2,2,3.675505670000001e-05,0.00016268324434,True
run_20260721_134247,366,6,0,0,4.53998797e-05,4.33498382e-05,4.09172575e-05,1.116206377e-05,1.225787476e-05,9.2105113e-06,1.401728888e-05,8.4628322e-06,0.245700197922495,0.2346055517333923,0.2214406366851164,0.0604081177226668,0.0663385514354382,0.0498464855927223,0.0758603475364008,0.0458001113717678,0,0,4.53998797e-05,0.00018477754631,False
run_20260721_134247,367,6,6,1,9.4246712e-06,1.002663472e-05,1.21661126e-05,1.407137412e-05,1.8139928009999995e-05,1.68095778e-05,3.238120223e-05,5.2647039e-06,0.079678188930338,0.0847673174588464,0.1028549216964265,0.1189624106613745,0.1533588366630245,0.142111771049118,0.2737576191595336,0.0445089343813381,6,6,3.238120223e-05,0.0001182842045799,True
run_20260721_134247,369,3,5,0,1.046440675e-05,2.092691896e-05,1.44943357e-05,3.4414377219999994e-05,1.817149738e-05,3.74110083e-05,2.188907991e-05,5.0610521e-06,0.0642647838658333,0.1285179328433702,0.0890136797329033,0.2113481028363656,0.1115961353130942,0.229751233876913,0.1344268263882331,0.0310813051432869,5,5,3.74110083e-05,0.00016283267632,False
run_20260721_134247,370,3,3,1,1.11102438e-05,3.169803221e-05,2.3092994e-05,5.096041574999999e-05,3.007063736e-05,3.49060316e-05,1.573585793e-05,3.21226032e-06,0.0553336269902007,0.1578693611234262,0.1150126981086538,0.2538040287087174,0.1497642590917612,0.1738465300160703,0.0783711058680289,0.0159983900931411,3,3,5.096041574999999e-05,0.00020078647297,True
run_20260721_134247,371,3,3,1,9.0153727e-06,2.584788563e-05,2.15844594e-05,4.409079041999999e-05,3.064010303e-05,2.42875663e-05,1.941622094e-05,9.6401424e-06,0.0488578395893345,0.1400798271860691,0.1169746487560857,0.2389452812868545,0.1660507323053237,0.1316238449355208,0.1052241143749496,0.0522437115658615,3,3,4.409079041999999e-05,0.00018452254082,True
run_20260721_134247,373,3,3,1,8.866503e-06,2.5327195400000003e-05,2.23221037e-05,4.523374711999999e-05,3.091924317e-05,2.49371826e-05,1.922237301e-05,8.3779193e-06,0.0478736660981234,0.136751286925807,0.1205256389290666,0.2442344299652109,0.1669449075387742,0.1346454575406261,0.1037889985594456,0.045235614442946,3,3,4.523374711999999e-05,0.0001852062673,True
run_20260721_134247,376,6,6,1,9.06828e-06,1.721413908e-05,1.6741133599999998e-05,2.616948157e-05,2.292790946e-05,1.77968112e-05,3.432240840999999e-05,5.150195279999999e-06,0.0607019093131757,0.1152292506780287,0.1120630123448943,0.1751751707087742,0.1534765005912503,0.119129583507138,0.2297498227573034,0.0344747500994351,6,6,3.432240840999999e-05,0.0001493903586,True
run_20260721_134247,377,0,0,1,2.52280918e-05,4.04717118e-05,1.461261516e-05,7.776138150000001e-06,8.58559916e-06,8.784632900000001e-06,1.030359946e-05,7.7962979e-06,0.2041790225304024,0.3275505187219968,0.1182645720348036,0.0629347752146824,0.0694860022796747,0.0710968460488325,0.0833903286449743,0.0630979345246329,1,1,4.04717118e-05,0.00012355868633,False
run_20260721_134247,378,5,5,1,8.1366225e-06,1.4134057470000003e-05,9.270831e-06,2.4583771850000003e-05,1.36331033e-05,3.55201994e-05,2.586716831e-05,5.7630002e-06,0.0594309878696074,0.1032370615753532,0.0677153996885293,0.1795631844302162,0.0995780247697869,0.2594443259064111,0.1889372852252521,0.0420937305348435,5,5,3.55201994e-05,0.00013690875403,True
run_20260721_134247,379,6,6,1,8.912828879999998e-06,1.8629782800000003e-05,1.68718631e-05,2.752816022e-05,2.398299974e-05,1.7032796699999998e-05,3.435823175000001e-05,5.04549467e-06,0.0584976545697762,0.1222730306636784,0.1107352595747753,0.1806758358285698,0.1574078503274881,0.1117915166025071,0.2255037092712386,0.0331151431619662,6,6,3.435823175000001e-05,0.00015236215786,True
run_20260721_134247,380,6,6,1,8.900573040000001e-06,1.66127944e-05,1.68047769e-05,2.643808449e-05,2.35327179e-05,1.74069673e-05,3.4525802889999994e-05,5.08798191e-06,0.0596114861241127,0.1112640004646642,0.1125498010623775,0.1770687684535596,0.1576101089507501,0.1165829643780817,0.2312361699243003,0.0340767006421534,6,6,3.4525802889999994e-05,0.00014930969883,True
run_20260721_134247,381,6,6,1,9.07884675e-06,1.833572097e-05,1.7465246600000002e-05,2.769238018e-05,2.428922371e-05,1.64852235e-05,3.3863491650000006e-05,4.98609322e-06,0.0596522460116829,0.1204742153075789,0.1147547938109991,0.1819518184009894,0.1595914974753508,0.1083155862036747,0.2224988911416939,0.03276095164803,6,6,3.3863491650000006e-05,0.00015219622658,True
run_20260721_134247,382,3,3,1,8.5959561e-06,2.339561018e-05,1.74509011e-05,3.617423245e-05,2.6537274110000005e-05,2.05351871e-05,1.7782420299999997e-05,1.52165359e-05,0.0518803414704068,0.1412027040304366,0.1053237938283908,0.2183272587834495,0.1601640150908387,0.1239388040740102,0.1073246566876131,0.0918384260348542,3,3,3.617423245e-05,0.0001656881172399,True
run_20260721_134247,384,7,7,1,6.5662131e-06,1.169868957e-05,9.0620352e-06,1.314149335e-05,6.56949349e-06,1.06102012e-05,1.199227691e-05,4.14939402e-05,0.0590835642841594,0.1052661963178625,0.0815412675663109,0.1182487158594623,0.0591130816224624,0.0954718488603524,0.1079079300252113,0.3733673954641784,7,7,4.14939402e-05,0.00011113434302,True
run_20260721_134247,385,5,5,1,8.536747299999999e-06,1.466084189e-05,9.3400936e-06,2.456721329e-05,1.340991202e-05,3.58298566e-05,2.579793579e-05,5.743496400000001e-06,0.0619115885687175,0.1063257443692516,0.0677377473919734,0.1781703438135517,0.0972535471121348,0.2598511192073529,0.1870959898921539,0.041653919644864,5,5,3.58298566e-05,0.00013788609689,True
run_20260721_134247,386,6,6,1,9.366091789999998e-06,1.86233194e-05,1.7913021299999995e-05,2.784155852e-05,2.4359908330000003e-05,1.6418711299999997e-05,3.3839010370000003e-05,4.977137459999999e-06,0.0610810461976736,0.1214521337320176,0.1168199187128842,0.1815689575016812,0.1588633465736968,0.1070747635093983,0.2206813900649941,0.0324584437076536,6,6,3.3839010370000003e-05,0.00015333875847,True
run_20260721_134247,391,5,5,1,6.7831861000000005e-06,9.77896397e-06,9.1075419e-06,2.523921498e-05,1.393133213e-05,3.62455677e-05,2.517500772e-05,5.6442865e-06,0.0514247443698178,0.0741363593664205,0.0690461690332961,0.191343737191786,0.1056163258614236,0.2747851859042206,0.1908569686019951,0.0427905096710399,5,5,3.62455677e-05,0.000131905101,True
run_20260721_134247,393,7,7,1,5.6735479e-06,9.119148280000002e-06,7.6559991e-06,1.2083680969999998e-05,8.65652042e-06,1.07250824e-05,1.50984458e-05,4.55438544e-05,0.0495262934179967,0.0796040892573588,0.0668317716740382,0.1054824846529776,0.0755656562447988,0.0936228242427622,0.1317993731658669,0.3975675073442004,7,7,4.55438544e-05,0.00011455627927,True
run_20260721_134247,394,5,5,1,6.5603516000000005e-06,9.29596878e-06,8.4835331e-06,2.511083218e-05,1.355395359e-05,3.72222314e-05,2.657087078e-05,5.7941958e-06,0.0494777566196963,0.0701096082778758,0.0639822697912926,0.1893843072557391,0.1022230602641297,0.2807277137480284,0.2003958259838149,0.0436994580594227,5,5,3.72222314e-05,0.00013259193723,True
run_20260721_134247,396,0,0,1,5.03697718e-05,4.758055619999999e-05,4.280601216e-05,7.11099583e-06,8.267686530000001e-06,8.4397984e-06,1.001680883e-05,9.3721736e-06,0.2738026224874742,0.2586408594166521,0.2326871448649031,0.0386543205810492,0.0449419199834128,0.0458774946283474,0.0544498898565525,0.0509457481816082,0,0,5.03697718e-05,0.00018396380335,True
run_20260721_134247,398,0,0,1,4.51757073e-05,4.28728853e-05,4.001941702e-05,1.140433104e-05,1.5154609899999998e-05,1.11628573e-05,1.4461221305e-05,5.4383424e-06,0.2432864461722106,0.2308849717065926,0.2155180809903884,0.0614161755402782,0.0816126942122542,0.0601157578698168,0.0778785623706949,0.0292873111377638,0,0,4.51757073e-05,0.000185689371565,True
run_20260721_134247,399,5,5,1,7.331696199999999e-06,1.208542444e-05,9.0697861e-06,2.503046012e-05,1.368368721e-05,3.58138133e-05,2.570118662e-05,5.7356201e-06,0.0545303451937107,0.0898867531534802,0.0674575914460448,0.18616696511525,0.1017740188258298,0.2663694114810854,0.1911555716501975,0.0426593431344012,5,5,3.58138133e-05,0.00013445167409,True
run_20260721_134247,401,3,3,1,9.3383357e-06,2.6571491240000003e-05,2.24325651e-05,4.564371904e-05,3.154345984e-05,2.55579973e-05,1.995534602e-05,9.5291189e-06,0.0490016060915914,0.13943017137504,0.1177117372910659,0.2395090102568656,0.1655198788629558,0.1341120041534338,0.104712877808992,0.0500027141600552,3,3,4.564371904e-05,0.0001905720331399,True
run_20260721_134247,402,7,7,1,5.57250879e-06,8.894911e-06,8.389179209999998e-06,1.025240649e-05,8.74790695e-06,7.8329141e-06,7.94658983e-06,4.31641454e-05,0.0552825172017888,0.0882426728959687,0.0832255204007877,0.1017098150047343,0.086784307511702,0.0777070480804722,0.0788347772121746,0.4282133416923714,7,7,4.31641454e-05,0.00010080056177,True
run_20260721_134247,404,0,0,1,5.03292883e-05,4.68712899e-05,4.337044455999999e-05,7.62933576e-06,8.827831350000001e-06,8.10396e-06,1.0799169099999998e-05,9.2206708e-06,0.2718268832137326,0.2531503439861736,0.2342423898002702,0.0412057994595539,0.0476788359712803,0.0437692298638914,0.058325968375576,0.0498005493295218,0,0,5.03292883e-05,0.00018515198977,True
run_20260721_134247,405,6,6,1,9.41227388e-06,1.83505936e-05,1.7860198400000003e-05,2.763882527e-05,2.421273428e-05,1.66412416e-05,3.401297714e-05,5.04844167e-06,0.0614469294738092,0.1197997046322386,0.1165982169096253,0.1804368390419836,0.1580700046173373,0.1086403999701526,0.2220497442129112,0.0329581611419418,6,6,3.401297714e-05,0.00015317728584,True
run_20260721_134247,406,3,3,1,9.6547564e-06,2.804473116e-05,2.3762068200000003e-05,4.879878095e-05,3.355695416e-05,2.69853533e-05,2.1323151e-05,1.02949225e-05,0.0476964833991935,0.138546743054831,0.1173895067338835,0.2410760198447428,0.1657782589957359,0.1333131984246462,0.105340753878575,0.0508590356683918,3,3,4.879878095e-05,0.00020242071767,True
run_20260721_134247,410,3,3,1,1.16047761e-05,3.501128789e-05,2.43710273e-05,4.5056727820000005e-05,3.10649573e-05,2.47976095e-05,1.956268159e-05,9.5277105e-06,0.0577361299791581,0.1741883041030637,0.1212508356725996,0.2241664183293525,0.1545545038537881,0.1233731691957768,0.0973283342382732,0.0474023046279876,3,3,4.5056727820000005e-05,0.000200996778,True
run_20260721_134247,412,3,3,1,9.7428234e-06,2.72494347e-05,2.2637578700000003e-05,3.106837e-05,2.141353064e-05,5.7779763e-06,1.249262544e-05,5.9868673e-06,0.0714444532712661,0.1998210256066601,0.166002129691354,0.227825407230455,0.1570261438981132,0.0423700954866772,0.0916088445658894,0.0439019002495848,3,3,3.106837e-05,0.00013636920648,True
run_20260721_134247,413,6,6,1,9.08781067e-06,1.78709893e-05,1.7096923100000003e-05,2.703668412e-05,2.381266564e-05,1.71861235e-05,3.434791422e-05,5.10625116e-06,0.0599675936462549,0.1179250166309824,0.1128171981450477,0.1784065431955475,0.1571322630485276,0.1134058034246385,0.2266510425157636,0.0336945393932373,6,6,3.434791422e-05,0.00015154536171,True
run_20260721_134247,415,7,7,1,6.508270620000001e-06,1.08214765e-05,9.04872752e-06,1.3032513820000002e-05,9.604415010000002e-06,1.09115927e-05,1.52404079e-05,4.33246854e-05,0.0549257815362246,0.0913265733468207,0.0763656676194487,0.1099863617756491,0.0810553265872795,0.0920870983776736,0.1286196232015858,0.3656335675553177,7,7,4.33246854e-05,0.00011849208947,True
run_20260721_134247,419,6,6,1,8.7609049e-06,1.7427343900000004e-05,1.7154030300000002e-05,2.754712708e-05,2.436856721e-05,1.6720164800000004e-05,3.4246425310000004e-05,5.028425490000001e-06,0.0579221935282166,0.1152198314649649,0.1134128351085619,0.182126166655928,0.1611113100820183,0.1105443595637336,0.2264181722204787,0.0332451313760976,6,6,3.4246425310000004e-05,0.00015125298899,True
run_20260721_134247,420,3,3,1,8.944647000000001e-06,2.58754676e-05,2.2621105000000003e-05,4.601943076e-05,3.1494820119999995e-05,2.51296211e-05,1.966295306e-05,9.210559e-06,0.0473365426484689,0.136937229115523,0.1197146071374302,0.243542394331381,0.1666757666139578,0.1329900868016384,0.1040595806765245,0.0487437926750758,3,3,4.601943076e-05,0.00018895860364,True
run_20260721_134247,422,6,6,1,9.23974698e-06,1.86056329e-05,1.77759197e-05,2.796077088e-05,2.442695392e-05,1.64900157e-05,3.3928144959999995e-05,5.03498922e-06,0.0602086281166964,0.1212392108330083,0.1158325808018563,0.1821997571377299,0.1591724738541443,0.1074532912068751,0.2210847404163449,0.0328093176333444,6,6,3.3928144959999995e-05,0.00015346217426,True
run_20260721_134247,427,3,3,1,9.370165099999998e-06,2.7088136840000003e-05,2.43381458e-05,4.970211235999999e-05,3.288369476e-05,2.76081927e-05,2.003626324e-05,9.1215671e-06,0.0468161165227792,0.1353403442898171,0.1216005756100487,0.248326455173562,0.1642966659769597,0.1379386971982535,0.1001070978487794,0.0455740473798001,3,3,4.970211235999999e-05,0.0002001482778999,True
run_20260721_134247,428,0,0,1,5.01960843e-05,4.71832043e-05,4.2873289340000006e-05,7.51038372e-06,8.60744671e-06,8.885525700000001e-06,1.056839587e-05,8.759581700000001e-06,0.2719418168897571,0.2556192675774632,0.2322699143120185,0.0406881816149163,0.0466316193731303,0.0481381373980725,0.0572552384230099,0.0474558244116318,0,0,5.01960843e-05,0.00018458391164,True
run_20260721_134247,435,6,6,1,8.807836399999999e-06,1.7965756900000004e-05,1.6958769299999998e-05,2.749047374e-05,2.426232643e-05,1.6903576099999998e-05,3.432306156e-05,5.09192469e-06,0.0580212138604467,0.118348590496038,0.1117151063756451,0.1810922210128172,0.1598269502992813,0.1113515237299863,0.2261015764459522,0.0335428177798328,6,6,3.432306156e-05,0.00015180372512,True
run_20260721_134247,443,0,0,1,5.08724144e-05,4.738570080000001e-05,4.3645854519999993e-05,7.487805930000001e-06,8.774599429999999e-06,8.4292452e-06,1.025034637e-05,8.7218511e-06,0.274144595850861,0.2553551654298095,0.2352016370575656,0.0403507786036892,0.0472851356253015,0.0454240681504161,0.0552377373096526,0.047000881972704,0,0,5.08724144e-05,0.00018556781775,True
run_20260721_134247,444,0,0,1,5.03035314e-05,4.7166827700000006e-05,4.298035517e-05,7.421103949999999e-06,8.19619815e-06,9.0480832e-06,1.027548972e-05,8.8820531e-06,0.2729827811919879,0.2559607933519613,0.2332420123277078,0.040272194404742,0.0444784074580423,0.0491013423441778,0.0557621241254501,0.0482003447959305,0,0,5.03035314e-05,0.00018427364239,True
run_20260721_134247,450,0,0,1,4.8147771e-05,4.56991129e-05,4.140491107999999e-05,9.20174406e-06,8.18970223e-06,1.1712770700000002e-05,1.152317441e-05,7.708586499999999e-06,0.2622602270548335,0.2489224210474555,0.2255319645228434,0.0501217696344876,0.0446091921129905,0.0637992961963535,0.0627665678886577,0.041988561542378,0,0,4.8147771e-05,0.00018358777288,True
run_20260721_134247,455,6,6,1,1.074186969e-05,2.13587861e-05,1.7326079800000002e-05,2.655195914e-05,2.401376693e-05,1.76398302e-05,3.520012723e-05,5.17798699e-06,0.0679820396421324,0.1351732878224877,0.1096515111240704,0.168039307022329,0.1519758573232318,0.1116371423731993,0.2227709434034257,0.0327699112891236,6,6,3.520012723e-05,0.00015801040608,True
run_20260721_134247,456,0,0,1,4.9137569700000005e-05,4.71057457e-05,4.102666347e-05,5.74868286e-06,3.57455458e-06,7.8413892e-06,5.78438478e-06,8.9906589e-06,0.2903946077260939,0.2783868764310627,0.2424605432751208,0.033973729556906,0.0211250043783628,0.0463412650374043,0.0341847217796953,0.0531332518153541,0,0,4.9137569700000005e-05,0.00016920964919,True
run_20260721_134247,457,0,0,1,5.10475422e-05,4.798656299999999e-05,4.34642808e-05,7.29009577e-06,8.22360092e-06,8.6048155e-06,9.99784216e-06,8.6058553e-06,0.2756040278396546,0.2590779002281002,0.2346622450244776,0.0393589910690906,0.0443989551547476,0.0464571203315855,0.0539780261742182,0.0464627341781254,0,0,5.10475422e-05,0.00018522059565,True
run_20260721_134247,459,6,6,1,8.721662840000001e-06,1.7859716600000005e-05,1.67795783e-05,2.73891257e-05,2.426825717e-05,1.6896708000000002e-05,3.443913481e-05,5.08086603e-06,0.0575934228679317,0.1179364794667091,0.1108037958249565,0.1808638475668289,0.1602552200309002,0.111577260755469,0.2274185199204556,0.0335514535667489,6,6,3.443913481e-05,0.0001514350494499,True
run_20260721_134247,460,0,0,1,5.06345886e-05,4.78934769e-05,4.321081626999999e-05,7.36119586e-06,8.22375013e-06,8.7337092e-06,1.011069395e-05,8.9604461e-06,0.2735102384881457,0.2587037171848474,0.2334096314406541,0.039762590965863,0.0444218057559811,0.0471764252900064,0.0546144125982916,0.0484011782762104,0,0,5.06345886e-05,0.00018512867701,True
run_20260721_134247,461,6,6,1,1.021295374e-05,1.96887583e-05,1.83081054e-05,2.813872397e-05,2.537905779e-05,1.77977437e-05,3.64020475e-05,5.1689190200000006e-06,0.0633965717574164,0.1222173144182262,0.1136469573133936,0.1746701961783526,0.1575396598554802,0.1104789039803442,0.2259645030420586,0.0320858934547279,6,6,3.64020475e-05,0.00016109630942,True
run_20260721_134247,471,0,0,1,4.82242449e-05,4.651983240000001e-05,4.134929303e-05,7.93522789e-06,8.94293165e-06,9.3844239e-06,1.173684382e-05,1.00345994e-05,0.2619069496899425,0.2526502473856539,0.2245689327387042,0.0430963996652326,0.0485692612625468,0.0509670155197472,0.0637430605758111,0.0544981331623613,0,0,4.82242449e-05,0.00018412739699,True
