experiment_sample_index,digit_label,original_mnist_test_index_0based,original_mnist_test_position_1based,digit_position_within_test_1based,mnist_split,mnist_image_shape,idx_image_byte_offset_uncompressed,idx_label_byte_offset_uncompressed,torchvision_lookup,source_run,predicted_class,inference_correct,mnist_images_file,mnist_labels_file,mnist_images_url,mnist_labels_url
0,7,0,1,1,test,28x28,16,8,MNIST(train=False)[0],run_20260720_193925,3,false,t10k-images-idx3-ubyte,t10k-labels-idx1-ubyte,https://storage.googleapis.com/cvdf-datasets/mnist/t10k-images-idx3-ubyte.gz,https://storage.googleapis.com/cvdf-datasets/mnist/t10k-labels-idx1-ubyte.gz
1,2,1,2,1,test,28x28,800,9,MNIST(train=False)[1],run_20260720_193925,2,true,t10k-images-idx3-ubyte,t10k-labels-idx1-ubyte,https://storage.googleapis.com/cvdf-datasets/mnist/t10k-images-idx3-ubyte.gz,https://storage.googleapis.com/cvdf-datasets/mnist/t10k-labels-idx1-ubyte.gz
2,1,2,3,1,test,28x28,1584,10,MNIST(train=False)[2],run_20260720_193925,3,false,t10k-images-idx3-ubyte,t10k-labels-idx1-ubyte,https://storage.googleapis.com/cvdf-datasets/mnist/t10k-images-idx3-ubyte.gz,https://storage.googleapis.com/cvdf-datasets/mnist/t10k-labels-idx1-ubyte.gz
3,0,3,4,1,test,28x28,2368,11,MNIST(train=False)[3],run_20260720_193925,0,true,t10k-images-idx3-ubyte,t10k-labels-idx1-ubyte,https://storage.googleapis.com/cvdf-datasets/mnist/t10k-images-idx3-ubyte.gz,https://storage.googleapis.com/cvdf-datasets/mnist/t10k-labels-idx1-ubyte.gz
4,4,4,5,1,test,28x28,3152,12,MNIST(train=False)[4],run_20260720_193925,4,true,t10k-images-idx3-ubyte,t10k-labels-idx1-ubyte,https://storage.googleapis.com/cvdf-datasets/mnist/t10k-images-idx3-ubyte.gz,https://storage.googleapis.com/cvdf-datasets/mnist/t10k-labels-idx1-ubyte.gz
5,1,5,6,2,test,28x28,3936,13,MNIST(train=False)[5],run_20260720_193925,1,true,t10k-images-idx3-ubyte,t10k-labels-idx1-ubyte,https://storage.googleapis.com/cvdf-datasets/mnist/t10k-images-idx3-ubyte.gz,https://storage.googleapis.com/cvdf-datasets/mnist/t10k-labels-idx1-ubyte.gz
6,4,6,7,2,test,28x28,4720,14,MNIST(train=False)[6],run_20260720_193925,4,true,t10k-images-idx3-ubyte,t10k-labels-idx1-ubyte,https://storage.googleapis.com/cvdf-datasets/mnist/t10k-images-idx3-ubyte.gz,https://storage.googleapis.com/cvdf-datasets/mnist/t10k-labels-idx1-ubyte.gz
7,5,8,9,1,test,28x28,6288,16,MNIST(train=False)[8],run_20260720_193925,5,true,t10k-images-idx3-ubyte,t10k-labels-idx1-ubyte,https://storage.googleapis.com/cvdf-datasets/mnist/t10k-images-idx3-ubyte.gz,https://storage.googleapis.com/cvdf-datasets/mnist/t10k-labels-idx1-ubyte.gz
8,0,10,11,2,test,28x28,7856,18,MNIST(train=False)[10],run_20260720_193925,0,true,t10k-images-idx3-ubyte,t10k-labels-idx1-ubyte,https://storage.googleapis.com/cvdf-datasets/mnist/t10k-images-idx3-ubyte.gz,https://storage.googleapis.com/cvdf-datasets/mnist/t10k-labels-idx1-ubyte.gz
9,6,11,12,1,test,28x28,8640,19,MNIST(train=False)[11],run_20260720_193925,6,true,t10k-images-idx3-ubyte,t10k-labels-idx1-ubyte,https://storage.googleapis.com/cvdf-datasets/mnist/t10k-images-idx3-ubyte.gz,https://storage.googleapis.com/cvdf-datasets/mnist/t10k-labels-idx1-ubyte.gz
10,0,13,14,3,test,28x28,10208,21,MNIST(train=False)[13],run_20260720_193925,0,true,t10k-images-idx3-ubyte,t10k-labels-idx1-ubyte,https://storage.googleapis.com/cvdf-datasets/mnist/t10k-images-idx3-ubyte.gz,https://storage.googleapis.com/cvdf-datasets/mnist/t10k-labels-idx1-ubyte.gz
11,1,14,15,3,test,28x28,10992,22,MNIST(train=False)[14],run_20260720_193925,1,true,t10k-images-idx3-ubyte,t10k-labels-idx1-ubyte,https://storage.googleapis.com/cvdf-datasets/mnist/t10k-images-idx3-ubyte.gz,https://storage.googleapis.com/cvdf-datasets/mnist/t10k-labels-idx1-ubyte.gz
12,5,15,16,2,test,28x28,11776,23,MNIST(train=False)[15],run_20260720_193925,5,true,t10k-images-idx3-ubyte,t10k-labels-idx1-ubyte,https://storage.googleapis.com/cvdf-datasets/mnist/t10k-images-idx3-ubyte.gz,https://storage.googleapis.com/cvdf-datasets/mnist/t10k-labels-idx1-ubyte.gz
13,7,17,18,2,test,28x28,13344,25,MNIST(train=False)[17],run_20260720_193925,7,true,t10k-images-idx3-ubyte,t10k-labels-idx1-ubyte,https://storage.googleapis.com/cvdf-datasets/mnist/t10k-images-idx3-ubyte.gz,https://storage.googleapis.com/cvdf-datasets/mnist/t10k-labels-idx1-ubyte.gz
14,3,18,19,1,test,28x28,14128,26,MNIST(train=False)[18],run_20260720_193925,3,true,t10k-images-idx3-ubyte,t10k-labels-idx1-ubyte,https://storage.googleapis.com/cvdf-datasets/mnist/t10k-images-idx3-ubyte.gz,https://storage.googleapis.com/cvdf-datasets/mnist/t10k-labels-idx1-ubyte.gz
15,4,19,20,3,test,28x28,14912,27,MNIST(train=False)[19],run_20260720_193925,4,true,t10k-images-idx3-ubyte,t10k-labels-idx1-ubyte,https://storage.googleapis.com/cvdf-datasets/mnist/t10k-images-idx3-ubyte.gz,https://storage.googleapis.com/cvdf-datasets/mnist/t10k-labels-idx1-ubyte.gz
16,6,21,22,2,test,28x28,16480,29,MNIST(train=False)[21],run_20260720_193925,6,true,t10k-images-idx3-ubyte,t10k-labels-idx1-ubyte,https://storage.googleapis.com/cvdf-datasets/mnist/t10k-images-idx3-ubyte.gz,https://storage.googleapis.com/cvdf-datasets/mnist/t10k-labels-idx1-ubyte.gz
17,6,22,23,3,test,28x28,17264,30,MNIST(train=False)[22],run_20260720_193925,6,true,t10k-images-idx3-ubyte,t10k-labels-idx1-ubyte,https://storage.googleapis.com/cvdf-datasets/mnist/t10k-images-idx3-ubyte.gz,https://storage.googleapis.com/cvdf-datasets/mnist/t10k-labels-idx1-ubyte.gz
18,5,23,24,3,test,28x28,18048,31,MNIST(train=False)[23],run_20260720_193925,5,true,t10k-images-idx3-ubyte,t10k-labels-idx1-ubyte,https://storage.googleapis.com/cvdf-datasets/mnist/t10k-images-idx3-ubyte.gz,https://storage.googleapis.com/cvdf-datasets/mnist/t10k-labels-idx1-ubyte.gz
19,4,24,25,4,test,28x28,18832,32,MNIST(train=False)[24],run_20260720_193925,4,true,t10k-images-idx3-ubyte,t10k-labels-idx1-ubyte,https://storage.googleapis.com/cvdf-datasets/mnist/t10k-images-idx3-ubyte.gz,https://storage.googleapis.com/cvdf-datasets/mnist/t10k-labels-idx1-ubyte.gz
20,0,25,26,4,test,28x28,19616,33,MNIST(train=False)[25],run_20260720_193925,0,true,t10k-images-idx3-ubyte,t10k-labels-idx1-ubyte,https://storage.googleapis.com/cvdf-datasets/mnist/t10k-images-idx3-ubyte.gz,https://storage.googleapis.com/cvdf-datasets/mnist/t10k-labels-idx1-ubyte.gz
21,7,26,27,3,test,28x28,20400,34,MNIST(train=False)[26],run_20260720_193925,7,true,t10k-images-idx3-ubyte,t10k-labels-idx1-ubyte,https://storage.googleapis.com/cvdf-datasets/mnist/t10k-images-idx3-ubyte.gz,https://storage.googleapis.com/cvdf-datasets/mnist/t10k-labels-idx1-ubyte.gz
22,4,27,28,5,test,28x28,21184,35,MNIST(train=False)[27],run_20260720_193925,4,true,t10k-images-idx3-ubyte,t10k-labels-idx1-ubyte,https://storage.googleapis.com/cvdf-datasets/mnist/t10k-images-idx3-ubyte.gz,https://storage.googleapis.com/cvdf-datasets/mnist/t10k-labels-idx1-ubyte.gz
23,0,28,29,5,test,28x28,21968,36,MNIST(train=False)[28],run_20260720_193925,0,true,t10k-images-idx3-ubyte,t10k-labels-idx1-ubyte,https://storage.googleapis.com/cvdf-datasets/mnist/t10k-images-idx3-ubyte.gz,https://storage.googleapis.com/cvdf-datasets/mnist/t10k-labels-idx1-ubyte.gz
24,1,29,30,4,test,28x28,22752,37,MNIST(train=False)[29],run_20260720_193925,1,true,t10k-images-idx3-ubyte,t10k-labels-idx1-ubyte,https://storage.googleapis.com/cvdf-datasets/mnist/t10k-images-idx3-ubyte.gz,https://storage.googleapis.com/cvdf-datasets/mnist/t10k-labels-idx1-ubyte.gz
25,3,30,31,2,test,28x28,23536,38,MNIST(train=False)[30],run_20260720_193925,3,true,t10k-images-idx3-ubyte,t10k-labels-idx1-ubyte,https://storage.googleapis.com/cvdf-datasets/mnist/t10k-images-idx3-ubyte.gz,https://storage.googleapis.com/cvdf-datasets/mnist/t10k-labels-idx1-ubyte.gz
26,1,31,32,5,test,28x28,24320,39,MNIST(train=False)[31],run_20260720_193925,1,true,t10k-images-idx3-ubyte,t10k-labels-idx1-ubyte,https://storage.googleapis.com/cvdf-datasets/mnist/t10k-images-idx3-ubyte.gz,https://storage.googleapis.com/cvdf-datasets/mnist/t10k-labels-idx1-ubyte.gz
27,3,32,33,3,test,28x28,25104,40,MNIST(train=False)[32],run_20260720_193925,3,true,t10k-images-idx3-ubyte,t10k-labels-idx1-ubyte,https://storage.googleapis.com/cvdf-datasets/mnist/t10k-images-idx3-ubyte.gz,https://storage.googleapis.com/cvdf-datasets/mnist/t10k-labels-idx1-ubyte.gz
28,4,33,34,6,test,28x28,25888,41,MNIST(train=False)[33],run_20260720_193925,4,true,t10k-images-idx3-ubyte,t10k-labels-idx1-ubyte,https://storage.googleapis.com/cvdf-datasets/mnist/t10k-images-idx3-ubyte.gz,https://storage.googleapis.com/cvdf-datasets/mnist/t10k-labels-idx1-ubyte.gz
29,7,34,35,4,test,28x28,26672,42,MNIST(train=False)[34],run_20260720_193925,7,true,t10k-images-idx3-ubyte,t10k-labels-idx1-ubyte,https://storage.googleapis.com/cvdf-datasets/mnist/t10k-images-idx3-ubyte.gz,https://storage.googleapis.com/cvdf-datasets/mnist/t10k-labels-idx1-ubyte.gz
30,2,35,36,2,test,28x28,27456,43,MNIST(train=False)[35],run_20260720_193925,2,true,t10k-images-idx3-ubyte,t10k-labels-idx1-ubyte,https://storage.googleapis.com/cvdf-datasets/mnist/t10k-images-idx3-ubyte.gz,https://storage.googleapis.com/cvdf-datasets/mnist/t10k-labels-idx1-ubyte.gz
31,7,36,37,5,test,28x28,28240,44,MNIST(train=False)[36],run_20260720_193925,7,true,t10k-images-idx3-ubyte,t10k-labels-idx1-ubyte,https://storage.googleapis.com/cvdf-datasets/mnist/t10k-images-idx3-ubyte.gz,https://storage.googleapis.com/cvdf-datasets/mnist/t10k-labels-idx1-ubyte.gz
32,1,37,38,6,test,28x28,29024,45,MNIST(train=False)[37],run_20260720_193925,1,true,t10k-images-idx3-ubyte,t10k-labels-idx1-ubyte,https://storage.googleapis.com/cvdf-datasets/mnist/t10k-images-idx3-ubyte.gz,https://storage.googleapis.com/cvdf-datasets/mnist/t10k-labels-idx1-ubyte.gz
33,2,38,39,3,test,28x28,29808,46,MNIST(train=False)[38],run_20260720_193925,2,true,t10k-images-idx3-ubyte,t10k-labels-idx1-ubyte,https://storage.googleapis.com/cvdf-datasets/mnist/t10k-images-idx3-ubyte.gz,https://storage.googleapis.com/cvdf-datasets/mnist/t10k-labels-idx1-ubyte.gz
34,1,39,40,7,test,28x28,30592,47,MNIST(train=False)[39],run_20260720_193925,1,true,t10k-images-idx3-ubyte,t10k-labels-idx1-ubyte,https://storage.googleapis.com/cvdf-datasets/mnist/t10k-images-idx3-ubyte.gz,https://storage.googleapis.com/cvdf-datasets/mnist/t10k-labels-idx1-ubyte.gz
35,1,40,41,8,test,28x28,31376,48,MNIST(train=False)[40],run_20260720_193925,1,true,t10k-images-idx3-ubyte,t10k-labels-idx1-ubyte,https://storage.googleapis.com/cvdf-datasets/mnist/t10k-images-idx3-ubyte.gz,https://storage.googleapis.com/cvdf-datasets/mnist/t10k-labels-idx1-ubyte.gz
36,7,41,42,6,test,28x28,32160,49,MNIST(train=False)[41],run_20260720_193925,7,true,t10k-images-idx3-ubyte,t10k-labels-idx1-ubyte,https://storage.googleapis.com/cvdf-datasets/mnist/t10k-images-idx3-ubyte.gz,https://storage.googleapis.com/cvdf-datasets/mnist/t10k-labels-idx1-ubyte.gz
37,4,42,43,7,test,28x28,32944,50,MNIST(train=False)[42],run_20260720_193925,4,true,t10k-images-idx3-ubyte,t10k-labels-idx1-ubyte,https://storage.googleapis.com/cvdf-datasets/mnist/t10k-images-idx3-ubyte.gz,https://storage.googleapis.com/cvdf-datasets/mnist/t10k-labels-idx1-ubyte.gz
38,2,43,44,4,test,28x28,33728,51,MNIST(train=False)[43],run_20260720_193925,2,true,t10k-images-idx3-ubyte,t10k-labels-idx1-ubyte,https://storage.googleapis.com/cvdf-datasets/mnist/t10k-images-idx3-ubyte.gz,https://storage.googleapis.com/cvdf-datasets/mnist/t10k-labels-idx1-ubyte.gz
39,3,44,45,4,test,28x28,34512,52,MNIST(train=False)[44],run_20260720_193925,3,true,t10k-images-idx3-ubyte,t10k-labels-idx1-ubyte,https://storage.googleapis.com/cvdf-datasets/mnist/t10k-images-idx3-ubyte.gz,https://storage.googleapis.com/cvdf-datasets/mnist/t10k-labels-idx1-ubyte.gz
40,5,45,46,4,test,28x28,35296,53,MNIST(train=False)[45],run_20260720_193925,5,true,t10k-images-idx3-ubyte,t10k-labels-idx1-ubyte,https://storage.googleapis.com/cvdf-datasets/mnist/t10k-images-idx3-ubyte.gz,https://storage.googleapis.com/cvdf-datasets/mnist/t10k-labels-idx1-ubyte.gz
41,1,46,47,9,test,28x28,36080,54,MNIST(train=False)[46],run_20260720_193925,1,true,t10k-images-idx3-ubyte,t10k-labels-idx1-ubyte,https://storage.googleapis.com/cvdf-datasets/mnist/t10k-images-idx3-ubyte.gz,https://storage.googleapis.com/cvdf-datasets/mnist/t10k-labels-idx1-ubyte.gz
42,2,47,48,5,test,28x28,36864,55,MNIST(train=False)[47],run_20260720_193925,2,true,t10k-images-idx3-ubyte,t10k-labels-idx1-ubyte,https://storage.googleapis.com/cvdf-datasets/mnist/t10k-images-idx3-ubyte.gz,https://storage.googleapis.com/cvdf-datasets/mnist/t10k-labels-idx1-ubyte.gz
43,4,48,49,8,test,28x28,37648,56,MNIST(train=False)[48],run_20260720_193925,4,true,t10k-images-idx3-ubyte,t10k-labels-idx1-ubyte,https://storage.googleapis.com/cvdf-datasets/mnist/t10k-images-idx3-ubyte.gz,https://storage.googleapis.com/cvdf-datasets/mnist/t10k-labels-idx1-ubyte.gz
44,4,49,50,9,test,28x28,38432,57,MNIST(train=False)[49],run_20260720_193925,4,true,t10k-images-idx3-ubyte,t10k-labels-idx1-ubyte,https://storage.googleapis.com/cvdf-datasets/mnist/t10k-images-idx3-ubyte.gz,https://storage.googleapis.com/cvdf-datasets/mnist/t10k-labels-idx1-ubyte.gz
45,6,50,51,4,test,28x28,39216,58,MNIST(train=False)[50],run_20260720_193925,6,true,t10k-images-idx3-ubyte,t10k-labels-idx1-ubyte,https://storage.googleapis.com/cvdf-datasets/mnist/t10k-images-idx3-ubyte.gz,https://storage.googleapis.com/cvdf-datasets/mnist/t10k-labels-idx1-ubyte.gz
46,3,51,52,5,test,28x28,40000,59,MNIST(train=False)[51],run_20260720_193925,3,true,t10k-images-idx3-ubyte,t10k-labels-idx1-ubyte,https://storage.googleapis.com/cvdf-datasets/mnist/t10k-images-idx3-ubyte.gz,https://storage.googleapis.com/cvdf-datasets/mnist/t10k-labels-idx1-ubyte.gz
47,5,52,53,5,test,28x28,40784,60,MNIST(train=False)[52],run_20260720_193925,5,true,t10k-images-idx3-ubyte,t10k-labels-idx1-ubyte,https://storage.googleapis.com/cvdf-datasets/mnist/t10k-images-idx3-ubyte.gz,https://storage.googleapis.com/cvdf-datasets/mnist/t10k-labels-idx1-ubyte.gz
48,5,53,54,6,test,28x28,41568,61,MNIST(train=False)[53],run_20260720_193925,5,true,t10k-images-idx3-ubyte,t10k-labels-idx1-ubyte,https://storage.googleapis.com/cvdf-datasets/mnist/t10k-images-idx3-ubyte.gz,https://storage.googleapis.com/cvdf-datasets/mnist/t10k-labels-idx1-ubyte.gz
49,6,54,55,5,test,28x28,42352,62,MNIST(train=False)[54],run_20260720_193925,6,true,t10k-images-idx3-ubyte,t10k-labels-idx1-ubyte,https://storage.googleapis.com/cvdf-datasets/mnist/t10k-images-idx3-ubyte.gz,https://storage.googleapis.com/cvdf-datasets/mnist/t10k-labels-idx1-ubyte.gz
50,0,55,56,6,test,28x28,43136,63,MNIST(train=False)[55],run_20260720_193925,0,true,t10k-images-idx3-ubyte,t10k-labels-idx1-ubyte,https://storage.googleapis.com/cvdf-datasets/mnist/t10k-images-idx3-ubyte.gz,https://storage.googleapis.com/cvdf-datasets/mnist/t10k-labels-idx1-ubyte.gz
51,4,56,57,10,test,28x28,43920,64,MNIST(train=False)[56],run_20260720_193925,4,true,t10k-images-idx3-ubyte,t10k-labels-idx1-ubyte,https://storage.googleapis.com/cvdf-datasets/mnist/t10k-images-idx3-ubyte.gz,https://storage.googleapis.com/cvdf-datasets/mnist/t10k-labels-idx1-ubyte.gz
52,1,57,58,10,test,28x28,44704,65,MNIST(train=False)[57],run_20260720_193925,3,false,t10k-images-idx3-ubyte,t10k-labels-idx1-ubyte,https://storage.googleapis.com/cvdf-datasets/mnist/t10k-images-idx3-ubyte.gz,https://storage.googleapis.com/cvdf-datasets/mnist/t10k-labels-idx1-ubyte.gz
53,5,59,60,7,test,28x28,46272,67,MNIST(train=False)[59],run_20260720_193925,5,true,t10k-images-idx3-ubyte,t10k-labels-idx1-ubyte,https://storage.googleapis.com/cvdf-datasets/mnist/t10k-images-idx3-ubyte.gz,https://storage.googleapis.com/cvdf-datasets/mnist/t10k-labels-idx1-ubyte.gz
54,7,60,61,7,test,28x28,47056,68,MNIST(train=False)[60],run_20260720_193925,7,true,t10k-images-idx3-ubyte,t10k-labels-idx1-ubyte,https://storage.googleapis.com/cvdf-datasets/mnist/t10k-images-idx3-ubyte.gz,https://storage.googleapis.com/cvdf-datasets/mnist/t10k-labels-idx1-ubyte.gz
55,3,63,64,6,test,28x28,49408,71,MNIST(train=False)[63],run_20260720_193925,3,true,t10k-images-idx3-ubyte,t10k-labels-idx1-ubyte,https://storage.googleapis.com/cvdf-datasets/mnist/t10k-images-idx3-ubyte.gz,https://storage.googleapis.com/cvdf-datasets/mnist/t10k-labels-idx1-ubyte.gz
56,7,64,65,8,test,28x28,50192,72,MNIST(train=False)[64],run_20260720_193925,7,true,t10k-images-idx3-ubyte,t10k-labels-idx1-ubyte,https://storage.googleapis.com/cvdf-datasets/mnist/t10k-images-idx3-ubyte.gz,https://storage.googleapis.com/cvdf-datasets/mnist/t10k-labels-idx1-ubyte.gz
57,4,65,66,11,test,28x28,50976,73,MNIST(train=False)[65],run_20260720_193925,4,true,t10k-images-idx3-ubyte,t10k-labels-idx1-ubyte,https://storage.googleapis.com/cvdf-datasets/mnist/t10k-images-idx3-ubyte.gz,https://storage.googleapis.com/cvdf-datasets/mnist/t10k-labels-idx1-ubyte.gz
58,6,66,67,6,test,28x28,51760,74,MNIST(train=False)[66],run_20260720_193925,6,true,t10k-images-idx3-ubyte,t10k-labels-idx1-ubyte,https://storage.googleapis.com/cvdf-datasets/mnist/t10k-images-idx3-ubyte.gz,https://storage.googleapis.com/cvdf-datasets/mnist/t10k-labels-idx1-ubyte.gz
59,4,67,68,12,test,28x28,52544,75,MNIST(train=False)[67],run_20260720_193925,4,true,t10k-images-idx3-ubyte,t10k-labels-idx1-ubyte,https://storage.googleapis.com/cvdf-datasets/mnist/t10k-images-idx3-ubyte.gz,https://storage.googleapis.com/cvdf-datasets/mnist/t10k-labels-idx1-ubyte.gz
60,3,68,69,7,test,28x28,53328,76,MNIST(train=False)[68],run_20260720_193925,3,true,t10k-images-idx3-ubyte,t10k-labels-idx1-ubyte,https://storage.googleapis.com/cvdf-datasets/mnist/t10k-images-idx3-ubyte.gz,https://storage.googleapis.com/cvdf-datasets/mnist/t10k-labels-idx1-ubyte.gz
61,0,69,70,7,test,28x28,54112,77,MNIST(train=False)[69],run_20260720_193925,0,true,t10k-images-idx3-ubyte,t10k-labels-idx1-ubyte,https://storage.googleapis.com/cvdf-datasets/mnist/t10k-images-idx3-ubyte.gz,https://storage.googleapis.com/cvdf-datasets/mnist/t10k-labels-idx1-ubyte.gz
62,7,70,71,9,test,28x28,54896,78,MNIST(train=False)[70],run_20260720_193925,7,true,t10k-images-idx3-ubyte,t10k-labels-idx1-ubyte,https://storage.googleapis.com/cvdf-datasets/mnist/t10k-images-idx3-ubyte.gz,https://storage.googleapis.com/cvdf-datasets/mnist/t10k-labels-idx1-ubyte.gz
63,0,71,72,8,test,28x28,55680,79,MNIST(train=False)[71],run_20260720_193925,0,true,t10k-images-idx3-ubyte,t10k-labels-idx1-ubyte,https://storage.googleapis.com/cvdf-datasets/mnist/t10k-images-idx3-ubyte.gz,https://storage.googleapis.com/cvdf-datasets/mnist/t10k-labels-idx1-ubyte.gz
64,2,72,73,6,test,28x28,56464,80,MNIST(train=False)[72],run_20260720_193925,2,true,t10k-images-idx3-ubyte,t10k-labels-idx1-ubyte,https://storage.googleapis.com/cvdf-datasets/mnist/t10k-images-idx3-ubyte.gz,https://storage.googleapis.com/cvdf-datasets/mnist/t10k-labels-idx1-ubyte.gz
65,1,74,75,11,test,28x28,58032,82,MNIST(train=False)[74],run_20260720_193925,1,true,t10k-images-idx3-ubyte,t10k-labels-idx1-ubyte,https://storage.googleapis.com/cvdf-datasets/mnist/t10k-images-idx3-ubyte.gz,https://storage.googleapis.com/cvdf-datasets/mnist/t10k-labels-idx1-ubyte.gz
66,7,75,76,10,test,28x28,58816,83,MNIST(train=False)[75],run_20260720_193925,7,true,t10k-images-idx3-ubyte,t10k-labels-idx1-ubyte,https://storage.googleapis.com/cvdf-datasets/mnist/t10k-images-idx3-ubyte.gz,https://storage.googleapis.com/cvdf-datasets/mnist/t10k-labels-idx1-ubyte.gz
67,3,76,77,8,test,28x28,59600,84,MNIST(train=False)[76],run_20260720_193925,3,true,t10k-images-idx3-ubyte,t10k-labels-idx1-ubyte,https://storage.googleapis.com/cvdf-datasets/mnist/t10k-images-idx3-ubyte.gz,https://storage.googleapis.com/cvdf-datasets/mnist/t10k-labels-idx1-ubyte.gz
68,2,77,78,7,test,28x28,60384,85,MNIST(train=False)[77],run_20260720_193925,2,true,t10k-images-idx3-ubyte,t10k-labels-idx1-ubyte,https://storage.googleapis.com/cvdf-datasets/mnist/t10k-images-idx3-ubyte.gz,https://storage.googleapis.com/cvdf-datasets/mnist/t10k-labels-idx1-ubyte.gz
69,7,79,80,11,test,28x28,61952,87,MNIST(train=False)[79],run_20260720_193925,7,true,t10k-images-idx3-ubyte,t10k-labels-idx1-ubyte,https://storage.googleapis.com/cvdf-datasets/mnist/t10k-images-idx3-ubyte.gz,https://storage.googleapis.com/cvdf-datasets/mnist/t10k-labels-idx1-ubyte.gz
70,7,80,81,12,test,28x28,62736,88,MNIST(train=False)[80],run_20260720_193925,7,true,t10k-images-idx3-ubyte,t10k-labels-idx1-ubyte,https://storage.googleapis.com/cvdf-datasets/mnist/t10k-images-idx3-ubyte.gz,https://storage.googleapis.com/cvdf-datasets/mnist/t10k-labels-idx1-ubyte.gz
71,6,81,82,7,test,28x28,63520,89,MNIST(train=False)[81],run_20260720_193925,6,true,t10k-images-idx3-ubyte,t10k-labels-idx1-ubyte,https://storage.googleapis.com/cvdf-datasets/mnist/t10k-images-idx3-ubyte.gz,https://storage.googleapis.com/cvdf-datasets/mnist/t10k-labels-idx1-ubyte.gz
72,2,82,83,8,test,28x28,64304,90,MNIST(train=False)[82],run_20260720_193925,2,true,t10k-images-idx3-ubyte,t10k-labels-idx1-ubyte,https://storage.googleapis.com/cvdf-datasets/mnist/t10k-images-idx3-ubyte.gz,https://storage.googleapis.com/cvdf-datasets/mnist/t10k-labels-idx1-ubyte.gz
73,7,83,84,13,test,28x28,65088,91,MNIST(train=False)[83],run_20260720_193925,7,true,t10k-images-idx3-ubyte,t10k-labels-idx1-ubyte,https://storage.googleapis.com/cvdf-datasets/mnist/t10k-images-idx3-ubyte.gz,https://storage.googleapis.com/cvdf-datasets/mnist/t10k-labels-idx1-ubyte.gz
74,4,85,86,13,test,28x28,66656,93,MNIST(train=False)[85],run_20260720_193925,4,true,t10k-images-idx3-ubyte,t10k-labels-idx1-ubyte,https://storage.googleapis.com/cvdf-datasets/mnist/t10k-images-idx3-ubyte.gz,https://storage.googleapis.com/cvdf-datasets/mnist/t10k-labels-idx1-ubyte.gz
75,7,86,87,14,test,28x28,67440,94,MNIST(train=False)[86],run_20260720_193925,7,true,t10k-images-idx3-ubyte,t10k-labels-idx1-ubyte,https://storage.googleapis.com/cvdf-datasets/mnist/t10k-images-idx3-ubyte.gz,https://storage.googleapis.com/cvdf-datasets/mnist/t10k-labels-idx1-ubyte.gz
76,3,87,88,9,test,28x28,68224,95,MNIST(train=False)[87],run_20260720_193925,3,true,t10k-images-idx3-ubyte,t10k-labels-idx1-ubyte,https://storage.googleapis.com/cvdf-datasets/mnist/t10k-images-idx3-ubyte.gz,https://storage.googleapis.com/cvdf-datasets/mnist/t10k-labels-idx1-ubyte.gz
77,6,88,89,8,test,28x28,69008,96,MNIST(train=False)[88],run_20260720_193925,1,false,t10k-images-idx3-ubyte,t10k-labels-idx1-ubyte,https://storage.googleapis.com/cvdf-datasets/mnist/t10k-images-idx3-ubyte.gz,https://storage.googleapis.com/cvdf-datasets/mnist/t10k-labels-idx1-ubyte.gz
78,1,89,90,12,test,28x28,69792,97,MNIST(train=False)[89],run_20260720_193925,1,true,t10k-images-idx3-ubyte,t10k-labels-idx1-ubyte,https://storage.googleapis.com/cvdf-datasets/mnist/t10k-images-idx3-ubyte.gz,https://storage.googleapis.com/cvdf-datasets/mnist/t10k-labels-idx1-ubyte.gz
79,3,90,91,10,test,28x28,70576,98,MNIST(train=False)[90],run_20260720_193925,3,true,t10k-images-idx3-ubyte,t10k-labels-idx1-ubyte,https://storage.googleapis.com/cvdf-datasets/mnist/t10k-images-idx3-ubyte.gz,https://storage.googleapis.com/cvdf-datasets/mnist/t10k-labels-idx1-ubyte.gz
80,6,91,92,9,test,28x28,71360,99,MNIST(train=False)[91],run_20260720_193925,3,false,t10k-images-idx3-ubyte,t10k-labels-idx1-ubyte,https://storage.googleapis.com/cvdf-datasets/mnist/t10k-images-idx3-ubyte.gz,https://storage.googleapis.com/cvdf-datasets/mnist/t10k-labels-idx1-ubyte.gz
81,3,93,94,11,test,28x28,72928,101,MNIST(train=False)[93],run_20260720_193925,3,true,t10k-images-idx3-ubyte,t10k-labels-idx1-ubyte,https://storage.googleapis.com/cvdf-datasets/mnist/t10k-images-idx3-ubyte.gz,https://storage.googleapis.com/cvdf-datasets/mnist/t10k-labels-idx1-ubyte.gz
82,1,94,95,13,test,28x28,73712,102,MNIST(train=False)[94],run_20260720_193925,1,true,t10k-images-idx3-ubyte,t10k-labels-idx1-ubyte,https://storage.googleapis.com/cvdf-datasets/mnist/t10k-images-idx3-ubyte.gz,https://storage.googleapis.com/cvdf-datasets/mnist/t10k-labels-idx1-ubyte.gz
83,4,95,96,14,test,28x28,74496,103,MNIST(train=False)[95],run_20260720_193925,4,true,t10k-images-idx3-ubyte,t10k-labels-idx1-ubyte,https://storage.googleapis.com/cvdf-datasets/mnist/t10k-images-idx3-ubyte.gz,https://storage.googleapis.com/cvdf-datasets/mnist/t10k-labels-idx1-ubyte.gz
84,1,96,97,14,test,28x28,75280,104,MNIST(train=False)[96],run_20260720_193925,1,true,t10k-images-idx3-ubyte,t10k-labels-idx1-ubyte,https://storage.googleapis.com/cvdf-datasets/mnist/t10k-images-idx3-ubyte.gz,https://storage.googleapis.com/cvdf-datasets/mnist/t10k-labels-idx1-ubyte.gz
85,7,97,98,15,test,28x28,76064,105,MNIST(train=False)[97],run_20260720_193925,7,true,t10k-images-idx3-ubyte,t10k-labels-idx1-ubyte,https://storage.googleapis.com/cvdf-datasets/mnist/t10k-images-idx3-ubyte.gz,https://storage.googleapis.com/cvdf-datasets/mnist/t10k-labels-idx1-ubyte.gz
86,6,98,99,10,test,28x28,76848,106,MNIST(train=False)[98],run_20260720_193925,6,true,t10k-images-idx3-ubyte,t10k-labels-idx1-ubyte,https://storage.googleapis.com/cvdf-datasets/mnist/t10k-images-idx3-ubyte.gz,https://storage.googleapis.com/cvdf-datasets/mnist/t10k-labels-idx1-ubyte.gz
87,6,100,101,11,test,28x28,78416,108,MNIST(train=False)[100],run_20260720_193925,6,true,t10k-images-idx3-ubyte,t10k-labels-idx1-ubyte,https://storage.googleapis.com/cvdf-datasets/mnist/t10k-images-idx3-ubyte.gz,https://storage.googleapis.com/cvdf-datasets/mnist/t10k-labels-idx1-ubyte.gz
88,0,101,102,9,test,28x28,79200,109,MNIST(train=False)[101],run_20260720_193925,0,true,t10k-images-idx3-ubyte,t10k-labels-idx1-ubyte,https://storage.googleapis.com/cvdf-datasets/mnist/t10k-images-idx3-ubyte.gz,https://storage.googleapis.com/cvdf-datasets/mnist/t10k-labels-idx1-ubyte.gz
89,5,102,103,8,test,28x28,79984,110,MNIST(train=False)[102],run_20260720_193925,5,true,t10k-images-idx3-ubyte,t10k-labels-idx1-ubyte,https://storage.googleapis.com/cvdf-datasets/mnist/t10k-images-idx3-ubyte.gz,https://storage.googleapis.com/cvdf-datasets/mnist/t10k-labels-idx1-ubyte.gz
90,4,103,104,15,test,28x28,80768,111,MNIST(train=False)[103],run_20260720_193925,4,true,t10k-images-idx3-ubyte,t10k-labels-idx1-ubyte,https://storage.googleapis.com/cvdf-datasets/mnist/t10k-images-idx3-ubyte.gz,https://storage.googleapis.com/cvdf-datasets/mnist/t10k-labels-idx1-ubyte.gz
91,2,106,107,9,test,28x28,83120,114,MNIST(train=False)[106],run_20260720_193925,2,true,t10k-images-idx3-ubyte,t10k-labels-idx1-ubyte,https://storage.googleapis.com/cvdf-datasets/mnist/t10k-images-idx3-ubyte.gz,https://storage.googleapis.com/cvdf-datasets/mnist/t10k-labels-idx1-ubyte.gz
92,1,107,108,15,test,28x28,83904,115,MNIST(train=False)[107],run_20260720_193925,1,true,t10k-images-idx3-ubyte,t10k-labels-idx1-ubyte,https://storage.googleapis.com/cvdf-datasets/mnist/t10k-images-idx3-ubyte.gz,https://storage.googleapis.com/cvdf-datasets/mnist/t10k-labels-idx1-ubyte.gz
93,4,109,110,16,test,28x28,85472,117,MNIST(train=False)[109],run_20260720_193925,1,false,t10k-images-idx3-ubyte,t10k-labels-idx1-ubyte,https://storage.googleapis.com/cvdf-datasets/mnist/t10k-images-idx3-ubyte.gz,https://storage.googleapis.com/cvdf-datasets/mnist/t10k-labels-idx1-ubyte.gz
94,7,111,112,16,test,28x28,87040,119,MNIST(train=False)[111],run_20260720_193925,7,true,t10k-images-idx3-ubyte,t10k-labels-idx1-ubyte,https://storage.googleapis.com/cvdf-datasets/mnist/t10k-images-idx3-ubyte.gz,https://storage.googleapis.com/cvdf-datasets/mnist/t10k-labels-idx1-ubyte.gz
95,3,112,113,12,test,28x28,87824,120,MNIST(train=False)[112],run_20260720_193925,7,false,t10k-images-idx3-ubyte,t10k-labels-idx1-ubyte,https://storage.googleapis.com/cvdf-datasets/mnist/t10k-images-idx3-ubyte.gz,https://storage.googleapis.com/cvdf-datasets/mnist/t10k-labels-idx1-ubyte.gz
96,7,114,115,17,test,28x28,89392,122,MNIST(train=False)[114],run_20260720_193925,7,true,t10k-images-idx3-ubyte,t10k-labels-idx1-ubyte,https://storage.googleapis.com/cvdf-datasets/mnist/t10k-images-idx3-ubyte.gz,https://storage.googleapis.com/cvdf-datasets/mnist/t10k-labels-idx1-ubyte.gz
97,4,115,116,17,test,28x28,90176,123,MNIST(train=False)[115],run_20260720_193925,4,true,t10k-images-idx3-ubyte,t10k-labels-idx1-ubyte,https://storage.googleapis.com/cvdf-datasets/mnist/t10k-images-idx3-ubyte.gz,https://storage.googleapis.com/cvdf-datasets/mnist/t10k-labels-idx1-ubyte.gz
98,4,116,117,18,test,28x28,90960,124,MNIST(train=False)[116],run_20260720_193925,4,true,t10k-images-idx3-ubyte,t10k-labels-idx1-ubyte,https://storage.googleapis.com/cvdf-datasets/mnist/t10k-images-idx3-ubyte.gz,https://storage.googleapis.com/cvdf-datasets/mnist/t10k-labels-idx1-ubyte.gz
99,4,117,118,19,test,28x28,91744,125,MNIST(train=False)[117],run_20260720_193925,4,true,t10k-images-idx3-ubyte,t10k-labels-idx1-ubyte,https://storage.googleapis.com/cvdf-datasets/mnist/t10k-images-idx3-ubyte.gz,https://storage.googleapis.com/cvdf-datasets/mnist/t10k-labels-idx1-ubyte.gz
100,2,119,120,10,test,28x28,93312,127,MNIST(train=False)[119],run_20260720_211008,2,true,t10k-images-idx3-ubyte,t10k-labels-idx1-ubyte,https://storage.googleapis.com/cvdf-datasets/mnist/t10k-images-idx3-ubyte.gz,https://storage.googleapis.com/cvdf-datasets/mnist/t10k-labels-idx1-ubyte.gz
101,5,120,121,9,test,28x28,94096,128,MNIST(train=False)[120],run_20260720_211008,5,true,t10k-images-idx3-ubyte,t10k-labels-idx1-ubyte,https://storage.googleapis.com/cvdf-datasets/mnist/t10k-images-idx3-ubyte.gz,https://storage.googleapis.com/cvdf-datasets/mnist/t10k-labels-idx1-ubyte.gz
102,4,121,122,20,test,28x28,94880,129,MNIST(train=False)[121],run_20260720_211008,4,true,t10k-images-idx3-ubyte,t10k-labels-idx1-ubyte,https://storage.googleapis.com/cvdf-datasets/mnist/t10k-images-idx3-ubyte.gz,https://storage.googleapis.com/cvdf-datasets/mnist/t10k-labels-idx1-ubyte.gz
103,7,122,123,18,test,28x28,95664,130,MNIST(train=False)[122],run_20260720_211008,7,true,t10k-images-idx3-ubyte,t10k-labels-idx1-ubyte,https://storage.googleapis.com/cvdf-datasets/mnist/t10k-images-idx3-ubyte.gz,https://storage.googleapis.com/cvdf-datasets/mnist/t10k-labels-idx1-ubyte.gz
104,6,123,124,12,test,28x28,96448,131,MNIST(train=False)[123],run_20260720_211008,6,true,t10k-images-idx3-ubyte,t10k-labels-idx1-ubyte,https://storage.googleapis.com/cvdf-datasets/mnist/t10k-images-idx3-ubyte.gz,https://storage.googleapis.com/cvdf-datasets/mnist/t10k-labels-idx1-ubyte.gz
105,7,124,125,19,test,28x28,97232,132,MNIST(train=False)[124],run_20260720_211008,7,true,t10k-images-idx3-ubyte,t10k-labels-idx1-ubyte,https://storage.googleapis.com/cvdf-datasets/mnist/t10k-images-idx3-ubyte.gz,https://storage.googleapis.com/cvdf-datasets/mnist/t10k-labels-idx1-ubyte.gz
106,0,126,127,10,test,28x28,98800,134,MNIST(train=False)[126],run_20260720_211008,0,true,t10k-images-idx3-ubyte,t10k-labels-idx1-ubyte,https://storage.googleapis.com/cvdf-datasets/mnist/t10k-images-idx3-ubyte.gz,https://storage.googleapis.com/cvdf-datasets/mnist/t10k-labels-idx1-ubyte.gz
107,5,127,128,10,test,28x28,99584,135,MNIST(train=False)[127],run_20260720_211008,5,true,t10k-images-idx3-ubyte,t10k-labels-idx1-ubyte,https://storage.googleapis.com/cvdf-datasets/mnist/t10k-images-idx3-ubyte.gz,https://storage.googleapis.com/cvdf-datasets/mnist/t10k-labels-idx1-ubyte.gz
108,5,129,130,11,test,28x28,101152,137,MNIST(train=False)[129],run_20260720_211008,5,true,t10k-images-idx3-ubyte,t10k-labels-idx1-ubyte,https://storage.googleapis.com/cvdf-datasets/mnist/t10k-images-idx3-ubyte.gz,https://storage.googleapis.com/cvdf-datasets/mnist/t10k-labels-idx1-ubyte.gz
109,6,130,131,13,test,28x28,101936,138,MNIST(train=False)[130],run_20260720_211008,6,true,t10k-images-idx3-ubyte,t10k-labels-idx1-ubyte,https://storage.googleapis.com/cvdf-datasets/mnist/t10k-images-idx3-ubyte.gz,https://storage.googleapis.com/cvdf-datasets/mnist/t10k-labels-idx1-ubyte.gz
110,6,131,132,14,test,28x28,102720,139,MNIST(train=False)[131],run_20260720_211008,6,true,t10k-images-idx3-ubyte,t10k-labels-idx1-ubyte,https://storage.googleapis.com/cvdf-datasets/mnist/t10k-images-idx3-ubyte.gz,https://storage.googleapis.com/cvdf-datasets/mnist/t10k-labels-idx1-ubyte.gz
111,5,132,133,12,test,28x28,103504,140,MNIST(train=False)[132],run_20260720_211008,5,true,t10k-images-idx3-ubyte,t10k-labels-idx1-ubyte,https://storage.googleapis.com/cvdf-datasets/mnist/t10k-images-idx3-ubyte.gz,https://storage.googleapis.com/cvdf-datasets/mnist/t10k-labels-idx1-ubyte.gz
112,7,133,134,20,test,28x28,104288,141,MNIST(train=False)[133],run_20260720_211008,7,true,t10k-images-idx3-ubyte,t10k-labels-idx1-ubyte,https://storage.googleapis.com/cvdf-datasets/mnist/t10k-images-idx3-ubyte.gz,https://storage.googleapis.com/cvdf-datasets/mnist/t10k-labels-idx1-ubyte.gz
113,1,135,136,16,test,28x28,105856,143,MNIST(train=False)[135],run_20260720_211008,1,true,t10k-images-idx3-ubyte,t10k-labels-idx1-ubyte,https://storage.googleapis.com/cvdf-datasets/mnist/t10k-images-idx3-ubyte.gz,https://storage.googleapis.com/cvdf-datasets/mnist/t10k-labels-idx1-ubyte.gz
114,0,136,137,11,test,28x28,106640,144,MNIST(train=False)[136],run_20260720_211008,0,true,t10k-images-idx3-ubyte,t10k-labels-idx1-ubyte,https://storage.googleapis.com/cvdf-datasets/mnist/t10k-images-idx3-ubyte.gz,https://storage.googleapis.com/cvdf-datasets/mnist/t10k-labels-idx1-ubyte.gz
115,1,137,138,17,test,28x28,107424,145,MNIST(train=False)[137],run_20260720_211008,1,true,t10k-images-idx3-ubyte,t10k-labels-idx1-ubyte,https://storage.googleapis.com/cvdf-datasets/mnist/t10k-images-idx3-ubyte.gz,https://storage.googleapis.com/cvdf-datasets/mnist/t10k-labels-idx1-ubyte.gz
116,6,138,139,15,test,28x28,108208,146,MNIST(train=False)[138],run_20260720_211008,4,false,t10k-images-idx3-ubyte,t10k-labels-idx1-ubyte,https://storage.googleapis.com/cvdf-datasets/mnist/t10k-images-idx3-ubyte.gz,https://storage.googleapis.com/cvdf-datasets/mnist/t10k-labels-idx1-ubyte.gz
117,4,139,140,21,test,28x28,108992,147,MNIST(train=False)[139],run_20260720_211008,4,true,t10k-images-idx3-ubyte,t10k-labels-idx1-ubyte,https://storage.googleapis.com/cvdf-datasets/mnist/t10k-images-idx3-ubyte.gz,https://storage.googleapis.com/cvdf-datasets/mnist/t10k-labels-idx1-ubyte.gz
118,6,140,141,16,test,28x28,109776,148,MNIST(train=False)[140],run_20260720_211008,6,true,t10k-images-idx3-ubyte,t10k-labels-idx1-ubyte,https://storage.googleapis.com/cvdf-datasets/mnist/t10k-images-idx3-ubyte.gz,https://storage.googleapis.com/cvdf-datasets/mnist/t10k-labels-idx1-ubyte.gz
119,7,141,142,21,test,28x28,110560,149,MNIST(train=False)[141],run_20260720_211008,7,true,t10k-images-idx3-ubyte,t10k-labels-idx1-ubyte,https://storage.googleapis.com/cvdf-datasets/mnist/t10k-images-idx3-ubyte.gz,https://storage.googleapis.com/cvdf-datasets/mnist/t10k-labels-idx1-ubyte.gz
120,3,142,143,13,test,28x28,111344,150,MNIST(train=False)[142],run_20260720_211008,3,true,t10k-images-idx3-ubyte,t10k-labels-idx1-ubyte,https://storage.googleapis.com/cvdf-datasets/mnist/t10k-images-idx3-ubyte.gz,https://storage.googleapis.com/cvdf-datasets/mnist/t10k-labels-idx1-ubyte.gz
121,1,143,144,18,test,28x28,112128,151,MNIST(train=False)[143],run_20260720_211008,1,true,t10k-images-idx3-ubyte,t10k-labels-idx1-ubyte,https://storage.googleapis.com/cvdf-datasets/mnist/t10k-images-idx3-ubyte.gz,https://storage.googleapis.com/cvdf-datasets/mnist/t10k-labels-idx1-ubyte.gz
122,7,144,145,22,test,28x28,112912,152,MNIST(train=False)[144],run_20260720_211008,7,true,t10k-images-idx3-ubyte,t10k-labels-idx1-ubyte,https://storage.googleapis.com/cvdf-datasets/mnist/t10k-images-idx3-ubyte.gz,https://storage.googleapis.com/cvdf-datasets/mnist/t10k-labels-idx1-ubyte.gz
123,1,145,146,19,test,28x28,113696,153,MNIST(train=False)[145],run_20260720_211008,1,true,t10k-images-idx3-ubyte,t10k-labels-idx1-ubyte,https://storage.googleapis.com/cvdf-datasets/mnist/t10k-images-idx3-ubyte.gz,https://storage.googleapis.com/cvdf-datasets/mnist/t10k-labels-idx1-ubyte.gz
124,2,147,148,11,test,28x28,115264,155,MNIST(train=False)[147],run_20260720_211008,2,true,t10k-images-idx3-ubyte,t10k-labels-idx1-ubyte,https://storage.googleapis.com/cvdf-datasets/mnist/t10k-images-idx3-ubyte.gz,https://storage.googleapis.com/cvdf-datasets/mnist/t10k-labels-idx1-ubyte.gz
125,0,148,149,12,test,28x28,116048,156,MNIST(train=False)[148],run_20260720_211008,0,true,t10k-images-idx3-ubyte,t10k-labels-idx1-ubyte,https://storage.googleapis.com/cvdf-datasets/mnist/t10k-images-idx3-ubyte.gz,https://storage.googleapis.com/cvdf-datasets/mnist/t10k-labels-idx1-ubyte.gz
126,2,149,150,12,test,28x28,116832,157,MNIST(train=False)[149],run_20260720_211008,2,true,t10k-images-idx3-ubyte,t10k-labels-idx1-ubyte,https://storage.googleapis.com/cvdf-datasets/mnist/t10k-images-idx3-ubyte.gz,https://storage.googleapis.com/cvdf-datasets/mnist/t10k-labels-idx1-ubyte.gz
127,5,152,153,13,test,28x28,119184,160,MNIST(train=False)[152],run_20260720_211008,5,true,t10k-images-idx3-ubyte,t10k-labels-idx1-ubyte,https://storage.googleapis.com/cvdf-datasets/mnist/t10k-images-idx3-ubyte.gz,https://storage.googleapis.com/cvdf-datasets/mnist/t10k-labels-idx1-ubyte.gz
128,5,153,154,14,test,28x28,119968,161,MNIST(train=False)[153],run_20260720_211008,5,true,t10k-images-idx3-ubyte,t10k-labels-idx1-ubyte,https://storage.googleapis.com/cvdf-datasets/mnist/t10k-images-idx3-ubyte.gz,https://storage.googleapis.com/cvdf-datasets/mnist/t10k-labels-idx1-ubyte.gz
129,1,154,155,20,test,28x28,120752,162,MNIST(train=False)[154],run_20260720_211008,1,true,t10k-images-idx3-ubyte,t10k-labels-idx1-ubyte,https://storage.googleapis.com/cvdf-datasets/mnist/t10k-images-idx3-ubyte.gz,https://storage.googleapis.com/cvdf-datasets/mnist/t10k-labels-idx1-ubyte.gz
130,5,155,156,15,test,28x28,121536,163,MNIST(train=False)[155],run_20260720_211008,5,true,t10k-images-idx3-ubyte,t10k-labels-idx1-ubyte,https://storage.googleapis.com/cvdf-datasets/mnist/t10k-images-idx3-ubyte.gz,https://storage.googleapis.com/cvdf-datasets/mnist/t10k-labels-idx1-ubyte.gz
131,6,156,157,17,test,28x28,122320,164,MNIST(train=False)[156],run_20260720_211008,6,true,t10k-images-idx3-ubyte,t10k-labels-idx1-ubyte,https://storage.googleapis.com/cvdf-datasets/mnist/t10k-images-idx3-ubyte.gz,https://storage.googleapis.com/cvdf-datasets/mnist/t10k-labels-idx1-ubyte.gz
132,0,157,158,13,test,28x28,123104,165,MNIST(train=False)[157],run_20260720_211008,0,true,t10k-images-idx3-ubyte,t10k-labels-idx1-ubyte,https://storage.googleapis.com/cvdf-datasets/mnist/t10k-images-idx3-ubyte.gz,https://storage.googleapis.com/cvdf-datasets/mnist/t10k-labels-idx1-ubyte.gz
133,3,158,159,14,test,28x28,123888,166,MNIST(train=False)[158],run_20260720_211008,3,true,t10k-images-idx3-ubyte,t10k-labels-idx1-ubyte,https://storage.googleapis.com/cvdf-datasets/mnist/t10k-images-idx3-ubyte.gz,https://storage.googleapis.com/cvdf-datasets/mnist/t10k-labels-idx1-ubyte.gz
134,4,159,160,22,test,28x28,124672,167,MNIST(train=False)[159],run_20260720_211008,4,true,t10k-images-idx3-ubyte,t10k-labels-idx1-ubyte,https://storage.googleapis.com/cvdf-datasets/mnist/t10k-images-idx3-ubyte.gz,https://storage.googleapis.com/cvdf-datasets/mnist/t10k-labels-idx1-ubyte.gz
135,4,160,161,23,test,28x28,125456,168,MNIST(train=False)[160],run_20260720_211008,6,false,t10k-images-idx3-ubyte,t10k-labels-idx1-ubyte,https://storage.googleapis.com/cvdf-datasets/mnist/t10k-images-idx3-ubyte.gz,https://storage.googleapis.com/cvdf-datasets/mnist/t10k-labels-idx1-ubyte.gz
136,6,161,162,18,test,28x28,126240,169,MNIST(train=False)[161],run_20260720_211008,6,true,t10k-images-idx3-ubyte,t10k-labels-idx1-ubyte,https://storage.googleapis.com/cvdf-datasets/mnist/t10k-images-idx3-ubyte.gz,https://storage.googleapis.com/cvdf-datasets/mnist/t10k-labels-idx1-ubyte.gz
137,5,162,163,16,test,28x28,127024,170,MNIST(train=False)[162],run_20260720_211008,5,true,t10k-images-idx3-ubyte,t10k-labels-idx1-ubyte,https://storage.googleapis.com/cvdf-datasets/mnist/t10k-images-idx3-ubyte.gz,https://storage.googleapis.com/cvdf-datasets/mnist/t10k-labels-idx1-ubyte.gz
138,4,163,164,24,test,28x28,127808,171,MNIST(train=False)[163],run_20260720_211008,4,true,t10k-images-idx3-ubyte,t10k-labels-idx1-ubyte,https://storage.googleapis.com/cvdf-datasets/mnist/t10k-images-idx3-ubyte.gz,https://storage.googleapis.com/cvdf-datasets/mnist/t10k-labels-idx1-ubyte.gz
139,6,164,165,19,test,28x28,128592,172,MNIST(train=False)[164],run_20260720_211008,6,true,t10k-images-idx3-ubyte,t10k-labels-idx1-ubyte,https://storage.googleapis.com/cvdf-datasets/mnist/t10k-images-idx3-ubyte.gz,https://storage.googleapis.com/cvdf-datasets/mnist/t10k-labels-idx1-ubyte.gz
140,5,165,166,17,test,28x28,129376,173,MNIST(train=False)[165],run_20260720_211008,5,true,t10k-images-idx3-ubyte,t10k-labels-idx1-ubyte,https://storage.googleapis.com/cvdf-datasets/mnist/t10k-images-idx3-ubyte.gz,https://storage.googleapis.com/cvdf-datasets/mnist/t10k-labels-idx1-ubyte.gz
141,4,166,167,25,test,28x28,130160,174,MNIST(train=False)[166],run_20260720_211008,4,true,t10k-images-idx3-ubyte,t10k-labels-idx1-ubyte,https://storage.googleapis.com/cvdf-datasets/mnist/t10k-images-idx3-ubyte.gz,https://storage.googleapis.com/cvdf-datasets/mnist/t10k-labels-idx1-ubyte.gz
142,5,167,168,18,test,28x28,130944,175,MNIST(train=False)[167],run_20260720_211008,5,true,t10k-images-idx3-ubyte,t10k-labels-idx1-ubyte,https://storage.googleapis.com/cvdf-datasets/mnist/t10k-images-idx3-ubyte.gz,https://storage.googleapis.com/cvdf-datasets/mnist/t10k-labels-idx1-ubyte.gz
143,1,168,169,21,test,28x28,131728,176,MNIST(train=False)[168],run_20260720_211008,1,true,t10k-images-idx3-ubyte,t10k-labels-idx1-ubyte,https://storage.googleapis.com/cvdf-datasets/mnist/t10k-images-idx3-ubyte.gz,https://storage.googleapis.com/cvdf-datasets/mnist/t10k-labels-idx1-ubyte.gz
144,4,169,170,26,test,28x28,132512,177,MNIST(train=False)[169],run_20260720_211008,4,true,t10k-images-idx3-ubyte,t10k-labels-idx1-ubyte,https://storage.googleapis.com/cvdf-datasets/mnist/t10k-images-idx3-ubyte.gz,https://storage.googleapis.com/cvdf-datasets/mnist/t10k-labels-idx1-ubyte.gz
145,4,170,171,27,test,28x28,133296,178,MNIST(train=False)[170],run_20260720_211008,4,true,t10k-images-idx3-ubyte,t10k-labels-idx1-ubyte,https://storage.googleapis.com/cvdf-datasets/mnist/t10k-images-idx3-ubyte.gz,https://storage.googleapis.com/cvdf-datasets/mnist/t10k-labels-idx1-ubyte.gz
146,7,171,172,23,test,28x28,134080,179,MNIST(train=False)[171],run_20260720_211008,7,true,t10k-images-idx3-ubyte,t10k-labels-idx1-ubyte,https://storage.googleapis.com/cvdf-datasets/mnist/t10k-images-idx3-ubyte.gz,https://storage.googleapis.com/cvdf-datasets/mnist/t10k-labels-idx1-ubyte.gz
147,2,172,173,13,test,28x28,134864,180,MNIST(train=False)[172],run_20260720_211008,2,true,t10k-images-idx3-ubyte,t10k-labels-idx1-ubyte,https://storage.googleapis.com/cvdf-datasets/mnist/t10k-images-idx3-ubyte.gz,https://storage.googleapis.com/cvdf-datasets/mnist/t10k-labels-idx1-ubyte.gz
148,3,173,174,15,test,28x28,135648,181,MNIST(train=False)[173],run_20260720_211008,3,true,t10k-images-idx3-ubyte,t10k-labels-idx1-ubyte,https://storage.googleapis.com/cvdf-datasets/mnist/t10k-images-idx3-ubyte.gz,https://storage.googleapis.com/cvdf-datasets/mnist/t10k-labels-idx1-ubyte.gz
149,2,174,175,14,test,28x28,136432,182,MNIST(train=False)[174],run_20260720_211008,2,true,t10k-images-idx3-ubyte,t10k-labels-idx1-ubyte,https://storage.googleapis.com/cvdf-datasets/mnist/t10k-images-idx3-ubyte.gz,https://storage.googleapis.com/cvdf-datasets/mnist/t10k-labels-idx1-ubyte.gz
150,7,175,176,24,test,28x28,137216,183,MNIST(train=False)[175],run_20260720_211008,7,true,t10k-images-idx3-ubyte,t10k-labels-idx1-ubyte,https://storage.googleapis.com/cvdf-datasets/mnist/t10k-images-idx3-ubyte.gz,https://storage.googleapis.com/cvdf-datasets/mnist/t10k-labels-idx1-ubyte.gz
151,1,176,177,22,test,28x28,138000,184,MNIST(train=False)[176],run_20260720_211008,1,true,t10k-images-idx3-ubyte,t10k-labels-idx1-ubyte,https://storage.googleapis.com/cvdf-datasets/mnist/t10k-images-idx3-ubyte.gz,https://storage.googleapis.com/cvdf-datasets/mnist/t10k-labels-idx1-ubyte.gz
152,1,178,179,23,test,28x28,139568,186,MNIST(train=False)[178],run_20260720_211008,1,true,t10k-images-idx3-ubyte,t10k-labels-idx1-ubyte,https://storage.googleapis.com/cvdf-datasets/mnist/t10k-images-idx3-ubyte.gz,https://storage.googleapis.com/cvdf-datasets/mnist/t10k-labels-idx1-ubyte.gz
153,1,180,181,24,test,28x28,141136,188,MNIST(train=False)[180],run_20260720_211008,1,true,t10k-images-idx3-ubyte,t10k-labels-idx1-ubyte,https://storage.googleapis.com/cvdf-datasets/mnist/t10k-images-idx3-ubyte.gz,https://storage.googleapis.com/cvdf-datasets/mnist/t10k-labels-idx1-ubyte.gz
154,5,182,183,19,test,28x28,142704,190,MNIST(train=False)[182],run_20260720_211008,5,true,t10k-images-idx3-ubyte,t10k-labels-idx1-ubyte,https://storage.googleapis.com/cvdf-datasets/mnist/t10k-images-idx3-ubyte.gz,https://storage.googleapis.com/cvdf-datasets/mnist/t10k-labels-idx1-ubyte.gz
155,0,183,184,14,test,28x28,143488,191,MNIST(train=False)[183],run_20260720_211008,0,true,t10k-images-idx3-ubyte,t10k-labels-idx1-ubyte,https://storage.googleapis.com/cvdf-datasets/mnist/t10k-images-idx3-ubyte.gz,https://storage.googleapis.com/cvdf-datasets/mnist/t10k-labels-idx1-ubyte.gz
156,2,186,187,15,test,28x28,145840,194,MNIST(train=False)[186],run_20260720_211008,2,true,t10k-images-idx3-ubyte,t10k-labels-idx1-ubyte,https://storage.googleapis.com/cvdf-datasets/mnist/t10k-images-idx3-ubyte.gz,https://storage.googleapis.com/cvdf-datasets/mnist/t10k-labels-idx1-ubyte.gz
157,5,187,188,20,test,28x28,146624,195,MNIST(train=False)[187],run_20260720_211008,5,true,t10k-images-idx3-ubyte,t10k-labels-idx1-ubyte,https://storage.googleapis.com/cvdf-datasets/mnist/t10k-images-idx3-ubyte.gz,https://storage.googleapis.com/cvdf-datasets/mnist/t10k-labels-idx1-ubyte.gz
158,0,188,189,15,test,28x28,147408,196,MNIST(train=False)[188],run_20260720_211008,0,true,t10k-images-idx3-ubyte,t10k-labels-idx1-ubyte,https://storage.googleapis.com/cvdf-datasets/mnist/t10k-images-idx3-ubyte.gz,https://storage.googleapis.com/cvdf-datasets/mnist/t10k-labels-idx1-ubyte.gz
159,1,189,190,25,test,28x28,148192,197,MNIST(train=False)[189],run_20260720_211008,1,true,t10k-images-idx3-ubyte,t10k-labels-idx1-ubyte,https://storage.googleapis.com/cvdf-datasets/mnist/t10k-images-idx3-ubyte.gz,https://storage.googleapis.com/cvdf-datasets/mnist/t10k-labels-idx1-ubyte.gz
160,1,190,191,26,test,28x28,148976,198,MNIST(train=False)[190],run_20260720_211008,1,true,t10k-images-idx3-ubyte,t10k-labels-idx1-ubyte,https://storage.googleapis.com/cvdf-datasets/mnist/t10k-images-idx3-ubyte.gz,https://storage.googleapis.com/cvdf-datasets/mnist/t10k-labels-idx1-ubyte.gz
161,1,191,192,27,test,28x28,149760,199,MNIST(train=False)[191],run_20260720_211008,1,true,t10k-images-idx3-ubyte,t10k-labels-idx1-ubyte,https://storage.googleapis.com/cvdf-datasets/mnist/t10k-images-idx3-ubyte.gz,https://storage.googleapis.com/cvdf-datasets/mnist/t10k-labels-idx1-ubyte.gz
162,0,192,193,16,test,28x28,150544,200,MNIST(train=False)[192],run_20260720_211008,0,true,t10k-images-idx3-ubyte,t10k-labels-idx1-ubyte,https://storage.googleapis.com/cvdf-datasets/mnist/t10k-images-idx3-ubyte.gz,https://storage.googleapis.com/cvdf-datasets/mnist/t10k-labels-idx1-ubyte.gz
163,0,194,195,17,test,28x28,152112,202,MNIST(train=False)[194],run_20260720_211008,0,true,t10k-images-idx3-ubyte,t10k-labels-idx1-ubyte,https://storage.googleapis.com/cvdf-datasets/mnist/t10k-images-idx3-ubyte.gz,https://storage.googleapis.com/cvdf-datasets/mnist/t10k-labels-idx1-ubyte.gz
164,3,195,196,16,test,28x28,152896,203,MNIST(train=False)[195],run_20260720_211008,3,true,t10k-images-idx3-ubyte,t10k-labels-idx1-ubyte,https://storage.googleapis.com/cvdf-datasets/mnist/t10k-images-idx3-ubyte.gz,https://storage.googleapis.com/cvdf-datasets/mnist/t10k-labels-idx1-ubyte.gz
165,1,196,197,28,test,28x28,153680,204,MNIST(train=False)[196],run_20260720_211008,1,true,t10k-images-idx3-ubyte,t10k-labels-idx1-ubyte,https://storage.googleapis.com/cvdf-datasets/mnist/t10k-images-idx3-ubyte.gz,https://storage.googleapis.com/cvdf-datasets/mnist/t10k-labels-idx1-ubyte.gz
166,6,197,198,20,test,28x28,154464,205,MNIST(train=False)[197],run_20260720_211008,6,true,t10k-images-idx3-ubyte,t10k-labels-idx1-ubyte,https://storage.googleapis.com/cvdf-datasets/mnist/t10k-images-idx3-ubyte.gz,https://storage.googleapis.com/cvdf-datasets/mnist/t10k-labels-idx1-ubyte.gz
167,4,198,199,28,test,28x28,155248,206,MNIST(train=False)[198],run_20260720_211008,6,false,t10k-images-idx3-ubyte,t10k-labels-idx1-ubyte,https://storage.googleapis.com/cvdf-datasets/mnist/t10k-images-idx3-ubyte.gz,https://storage.googleapis.com/cvdf-datasets/mnist/t10k-labels-idx1-ubyte.gz
168,2,199,200,16,test,28x28,156032,207,MNIST(train=False)[199],run_20260720_211008,2,true,t10k-images-idx3-ubyte,t10k-labels-idx1-ubyte,https://storage.googleapis.com/cvdf-datasets/mnist/t10k-images-idx3-ubyte.gz,https://storage.googleapis.com/cvdf-datasets/mnist/t10k-labels-idx1-ubyte.gz
169,3,200,201,17,test,28x28,156816,208,MNIST(train=False)[200],run_20260720_211008,3,true,t10k-images-idx3-ubyte,t10k-labels-idx1-ubyte,https://storage.googleapis.com/cvdf-datasets/mnist/t10k-images-idx3-ubyte.gz,https://storage.googleapis.com/cvdf-datasets/mnist/t10k-labels-idx1-ubyte.gz
170,6,201,202,21,test,28x28,157600,209,MNIST(train=False)[201],run_20260720_211008,6,true,t10k-images-idx3-ubyte,t10k-labels-idx1-ubyte,https://storage.googleapis.com/cvdf-datasets/mnist/t10k-images-idx3-ubyte.gz,https://storage.googleapis.com/cvdf-datasets/mnist/t10k-labels-idx1-ubyte.gz
171,1,202,203,29,test,28x28,158384,210,MNIST(train=False)[202],run_20260720_211008,1,true,t10k-images-idx3-ubyte,t10k-labels-idx1-ubyte,https://storage.googleapis.com/cvdf-datasets/mnist/t10k-images-idx3-ubyte.gz,https://storage.googleapis.com/cvdf-datasets/mnist/t10k-labels-idx1-ubyte.gz
172,1,203,204,30,test,28x28,159168,211,MNIST(train=False)[203],run_20260720_211008,1,true,t10k-images-idx3-ubyte,t10k-labels-idx1-ubyte,https://storage.googleapis.com/cvdf-datasets/mnist/t10k-images-idx3-ubyte.gz,https://storage.googleapis.com/cvdf-datasets/mnist/t10k-labels-idx1-ubyte.gz
173,1,204,205,31,test,28x28,159952,212,MNIST(train=False)[204],run_20260720_211008,1,true,t10k-images-idx3-ubyte,t10k-labels-idx1-ubyte,https://storage.googleapis.com/cvdf-datasets/mnist/t10k-images-idx3-ubyte.gz,https://storage.googleapis.com/cvdf-datasets/mnist/t10k-labels-idx1-ubyte.gz
174,3,205,206,18,test,28x28,160736,213,MNIST(train=False)[205],run_20260720_211008,3,true,t10k-images-idx3-ubyte,t10k-labels-idx1-ubyte,https://storage.googleapis.com/cvdf-datasets/mnist/t10k-images-idx3-ubyte.gz,https://storage.googleapis.com/cvdf-datasets/mnist/t10k-labels-idx1-ubyte.gz
175,5,207,208,21,test,28x28,162304,215,MNIST(train=False)[207],run_20260720_211008,5,true,t10k-images-idx3-ubyte,t10k-labels-idx1-ubyte,https://storage.googleapis.com/cvdf-datasets/mnist/t10k-images-idx3-ubyte.gz,https://storage.googleapis.com/cvdf-datasets/mnist/t10k-labels-idx1-ubyte.gz
176,2,208,209,17,test,28x28,163088,216,MNIST(train=False)[208],run_20260720_211008,3,false,t10k-images-idx3-ubyte,t10k-labels-idx1-ubyte,https://storage.googleapis.com/cvdf-datasets/mnist/t10k-images-idx3-ubyte.gz,https://storage.googleapis.com/cvdf-datasets/mnist/t10k-labels-idx1-ubyte.gz
177,4,210,211,29,test,28x28,164656,218,MNIST(train=False)[210],run_20260720_211008,4,true,t10k-images-idx3-ubyte,t10k-labels-idx1-ubyte,https://storage.googleapis.com/cvdf-datasets/mnist/t10k-images-idx3-ubyte.gz,https://storage.googleapis.com/cvdf-datasets/mnist/t10k-labels-idx1-ubyte.gz
178,5,211,212,22,test,28x28,165440,219,MNIST(train=False)[211],run_20260720_211008,5,true,t10k-images-idx3-ubyte,t10k-labels-idx1-ubyte,https://storage.googleapis.com/cvdf-datasets/mnist/t10k-images-idx3-ubyte.gz,https://storage.googleapis.com/cvdf-datasets/mnist/t10k-labels-idx1-ubyte.gz
179,3,213,214,19,test,28x28,167008,221,MNIST(train=False)[213],run_20260720_211008,3,true,t10k-images-idx3-ubyte,t10k-labels-idx1-ubyte,https://storage.googleapis.com/cvdf-datasets/mnist/t10k-images-idx3-ubyte.gz,https://storage.googleapis.com/cvdf-datasets/mnist/t10k-labels-idx1-ubyte.gz
180,0,215,216,18,test,28x28,168576,223,MNIST(train=False)[215],run_20260720_211008,0,true,t10k-images-idx3-ubyte,t10k-labels-idx1-ubyte,https://storage.googleapis.com/cvdf-datasets/mnist/t10k-images-idx3-ubyte.gz,https://storage.googleapis.com/cvdf-datasets/mnist/t10k-labels-idx1-ubyte.gz
181,3,216,217,20,test,28x28,169360,224,MNIST(train=False)[216],run_20260720_211008,3,true,t10k-images-idx3-ubyte,t10k-labels-idx1-ubyte,https://storage.googleapis.com/cvdf-datasets/mnist/t10k-images-idx3-ubyte.gz,https://storage.googleapis.com/cvdf-datasets/mnist/t10k-labels-idx1-ubyte.gz
182,6,217,218,22,test,28x28,170144,225,MNIST(train=False)[217],run_20260720_211008,6,true,t10k-images-idx3-ubyte,t10k-labels-idx1-ubyte,https://storage.googleapis.com/cvdf-datasets/mnist/t10k-images-idx3-ubyte.gz,https://storage.googleapis.com/cvdf-datasets/mnist/t10k-labels-idx1-ubyte.gz
183,5,218,219,23,test,28x28,170928,226,MNIST(train=False)[218],run_20260720_211008,5,true,t10k-images-idx3-ubyte,t10k-labels-idx1-ubyte,https://storage.googleapis.com/cvdf-datasets/mnist/t10k-images-idx3-ubyte.gz,https://storage.googleapis.com/cvdf-datasets/mnist/t10k-labels-idx1-ubyte.gz
184,5,219,220,24,test,28x28,171712,227,MNIST(train=False)[219],run_20260720_211008,5,true,t10k-images-idx3-ubyte,t10k-labels-idx1-ubyte,https://storage.googleapis.com/cvdf-datasets/mnist/t10k-images-idx3-ubyte.gz,https://storage.googleapis.com/cvdf-datasets/mnist/t10k-labels-idx1-ubyte.gz
185,7,220,221,25,test,28x28,172496,228,MNIST(train=False)[220],run_20260720_211008,7,true,t10k-images-idx3-ubyte,t10k-labels-idx1-ubyte,https://storage.googleapis.com/cvdf-datasets/mnist/t10k-images-idx3-ubyte.gz,https://storage.googleapis.com/cvdf-datasets/mnist/t10k-labels-idx1-ubyte.gz
186,2,221,222,18,test,28x28,173280,229,MNIST(train=False)[221],run_20260720_211008,2,true,t10k-images-idx3-ubyte,t10k-labels-idx1-ubyte,https://storage.googleapis.com/cvdf-datasets/mnist/t10k-images-idx3-ubyte.gz,https://storage.googleapis.com/cvdf-datasets/mnist/t10k-labels-idx1-ubyte.gz
187,2,222,223,19,test,28x28,174064,230,MNIST(train=False)[222],run_20260720_211008,2,true,t10k-images-idx3-ubyte,t10k-labels-idx1-ubyte,https://storage.googleapis.com/cvdf-datasets/mnist/t10k-images-idx3-ubyte.gz,https://storage.googleapis.com/cvdf-datasets/mnist/t10k-labels-idx1-ubyte.gz
188,7,223,224,26,test,28x28,174848,231,MNIST(train=False)[223],run_20260720_211008,7,true,t10k-images-idx3-ubyte,t10k-labels-idx1-ubyte,https://storage.googleapis.com/cvdf-datasets/mnist/t10k-images-idx3-ubyte.gz,https://storage.googleapis.com/cvdf-datasets/mnist/t10k-labels-idx1-ubyte.gz
189,1,224,225,32,test,28x28,175632,232,MNIST(train=False)[224],run_20260720_211008,1,true,t10k-images-idx3-ubyte,t10k-labels-idx1-ubyte,https://storage.googleapis.com/cvdf-datasets/mnist/t10k-images-idx3-ubyte.gz,https://storage.googleapis.com/cvdf-datasets/mnist/t10k-labels-idx1-ubyte.gz
190,2,225,226,20,test,28x28,176416,233,MNIST(train=False)[225],run_20260720_211008,2,true,t10k-images-idx3-ubyte,t10k-labels-idx1-ubyte,https://storage.googleapis.com/cvdf-datasets/mnist/t10k-images-idx3-ubyte.gz,https://storage.googleapis.com/cvdf-datasets/mnist/t10k-labels-idx1-ubyte.gz
191,4,227,228,30,test,28x28,177984,235,MNIST(train=False)[227],run_20260720_211008,4,true,t10k-images-idx3-ubyte,t10k-labels-idx1-ubyte,https://storage.googleapis.com/cvdf-datasets/mnist/t10k-images-idx3-ubyte.gz,https://storage.googleapis.com/cvdf-datasets/mnist/t10k-labels-idx1-ubyte.gz
192,1,228,229,33,test,28x28,178768,236,MNIST(train=False)[228],run_20260720_211008,1,true,t10k-images-idx3-ubyte,t10k-labels-idx1-ubyte,https://storage.googleapis.com/cvdf-datasets/mnist/t10k-images-idx3-ubyte.gz,https://storage.googleapis.com/cvdf-datasets/mnist/t10k-labels-idx1-ubyte.gz
193,7,229,230,27,test,28x28,179552,237,MNIST(train=False)[229],run_20260720_211008,7,true,t10k-images-idx3-ubyte,t10k-labels-idx1-ubyte,https://storage.googleapis.com/cvdf-datasets/mnist/t10k-images-idx3-ubyte.gz,https://storage.googleapis.com/cvdf-datasets/mnist/t10k-labels-idx1-ubyte.gz
194,3,230,231,21,test,28x28,180336,238,MNIST(train=False)[230],run_20260720_211008,3,true,t10k-images-idx3-ubyte,t10k-labels-idx1-ubyte,https://storage.googleapis.com/cvdf-datasets/mnist/t10k-images-idx3-ubyte.gz,https://storage.googleapis.com/cvdf-datasets/mnist/t10k-labels-idx1-ubyte.gz
195,3,231,232,22,test,28x28,181120,239,MNIST(train=False)[231],run_20260720_211008,3,true,t10k-images-idx3-ubyte,t10k-labels-idx1-ubyte,https://storage.googleapis.com/cvdf-datasets/mnist/t10k-images-idx3-ubyte.gz,https://storage.googleapis.com/cvdf-datasets/mnist/t10k-labels-idx1-ubyte.gz
196,7,234,235,28,test,28x28,183472,242,MNIST(train=False)[234],run_20260720_211008,7,true,t10k-images-idx3-ubyte,t10k-labels-idx1-ubyte,https://storage.googleapis.com/cvdf-datasets/mnist/t10k-images-idx3-ubyte.gz,https://storage.googleapis.com/cvdf-datasets/mnist/t10k-labels-idx1-ubyte.gz
197,2,236,237,21,test,28x28,185040,244,MNIST(train=False)[236],run_20260720_211008,2,true,t10k-images-idx3-ubyte,t10k-labels-idx1-ubyte,https://storage.googleapis.com/cvdf-datasets/mnist/t10k-images-idx3-ubyte.gz,https://storage.googleapis.com/cvdf-datasets/mnist/t10k-labels-idx1-ubyte.gz
198,2,237,238,22,test,28x28,185824,245,MNIST(train=False)[237],run_20260720_211008,2,true,t10k-images-idx3-ubyte,t10k-labels-idx1-ubyte,https://storage.googleapis.com/cvdf-datasets/mnist/t10k-images-idx3-ubyte.gz,https://storage.googleapis.com/cvdf-datasets/mnist/t10k-labels-idx1-ubyte.gz
199,4,238,239,31,test,28x28,186608,246,MNIST(train=False)[238],run_20260720_211008,4,true,t10k-images-idx3-ubyte,t10k-labels-idx1-ubyte,https://storage.googleapis.com/cvdf-datasets/mnist/t10k-images-idx3-ubyte.gz,https://storage.googleapis.com/cvdf-datasets/mnist/t10k-labels-idx1-ubyte.gz
200,1,239,240,34,test,28x28,187392,247,MNIST(train=False)[239],run_20260721_134247,1,true,t10k-images-idx3-ubyte,t10k-labels-idx1-ubyte,https://storage.googleapis.com/cvdf-datasets/mnist/t10k-images-idx3-ubyte.gz,https://storage.googleapis.com/cvdf-datasets/mnist/t10k-labels-idx1-ubyte.gz
201,5,240,241,25,test,28x28,188176,248,MNIST(train=False)[240],run_20260721_134247,5,true,t10k-images-idx3-ubyte,t10k-labels-idx1-ubyte,https://storage.googleapis.com/cvdf-datasets/mnist/t10k-images-idx3-ubyte.gz,https://storage.googleapis.com/cvdf-datasets/mnist/t10k-labels-idx1-ubyte.gz
202,7,243,244,29,test,28x28,190528,251,MNIST(train=False)[243],run_20260721_134247,7,true,t10k-images-idx3-ubyte,t10k-labels-idx1-ubyte,https://storage.googleapis.com/cvdf-datasets/mnist/t10k-images-idx3-ubyte.gz,https://storage.googleapis.com/cvdf-datasets/mnist/t10k-labels-idx1-ubyte.gz
203,2,244,245,23,test,28x28,191312,252,MNIST(train=False)[244],run_20260721_134247,2,true,t10k-images-idx3-ubyte,t10k-labels-idx1-ubyte,https://storage.googleapis.com/cvdf-datasets/mnist/t10k-images-idx3-ubyte.gz,https://storage.googleapis.com/cvdf-datasets/mnist/t10k-labels-idx1-ubyte.gz
204,3,245,246,23,test,28x28,192096,253,MNIST(train=False)[245],run_20260721_134247,3,true,t10k-images-idx3-ubyte,t10k-labels-idx1-ubyte,https://storage.googleapis.com/cvdf-datasets/mnist/t10k-images-idx3-ubyte.gz,https://storage.googleapis.com/cvdf-datasets/mnist/t10k-labels-idx1-ubyte.gz
205,0,246,247,19,test,28x28,192880,254,MNIST(train=False)[246],run_20260721_134247,0,true,t10k-images-idx3-ubyte,t10k-labels-idx1-ubyte,https://storage.googleapis.com/cvdf-datasets/mnist/t10k-images-idx3-ubyte.gz,https://storage.googleapis.com/cvdf-datasets/mnist/t10k-labels-idx1-ubyte.gz
206,4,247,248,32,test,28x28,193664,255,MNIST(train=False)[247],run_20260721_134247,4,true,t10k-images-idx3-ubyte,t10k-labels-idx1-ubyte,https://storage.googleapis.com/cvdf-datasets/mnist/t10k-images-idx3-ubyte.gz,https://storage.googleapis.com/cvdf-datasets/mnist/t10k-labels-idx1-ubyte.gz
207,4,248,249,33,test,28x28,194448,256,MNIST(train=False)[248],run_20260721_134247,4,true,t10k-images-idx3-ubyte,t10k-labels-idx1-ubyte,https://storage.googleapis.com/cvdf-datasets/mnist/t10k-images-idx3-ubyte.gz,https://storage.googleapis.com/cvdf-datasets/mnist/t10k-labels-idx1-ubyte.gz
208,2,249,250,24,test,28x28,195232,257,MNIST(train=False)[249],run_20260721_134247,2,true,t10k-images-idx3-ubyte,t10k-labels-idx1-ubyte,https://storage.googleapis.com/cvdf-datasets/mnist/t10k-images-idx3-ubyte.gz,https://storage.googleapis.com/cvdf-datasets/mnist/t10k-labels-idx1-ubyte.gz
209,4,250,251,34,test,28x28,196016,258,MNIST(train=False)[250],run_20260721_134247,4,true,t10k-images-idx3-ubyte,t10k-labels-idx1-ubyte,https://storage.googleapis.com/cvdf-datasets/mnist/t10k-images-idx3-ubyte.gz,https://storage.googleapis.com/cvdf-datasets/mnist/t10k-labels-idx1-ubyte.gz
210,1,251,252,35,test,28x28,196800,259,MNIST(train=False)[251],run_20260721_134247,1,true,t10k-images-idx3-ubyte,t10k-labels-idx1-ubyte,https://storage.googleapis.com/cvdf-datasets/mnist/t10k-images-idx3-ubyte.gz,https://storage.googleapis.com/cvdf-datasets/mnist/t10k-labels-idx1-ubyte.gz
211,5,253,254,26,test,28x28,198368,261,MNIST(train=False)[253],run_20260721_134247,5,true,t10k-images-idx3-ubyte,t10k-labels-idx1-ubyte,https://storage.googleapis.com/cvdf-datasets/mnist/t10k-images-idx3-ubyte.gz,https://storage.googleapis.com/cvdf-datasets/mnist/t10k-labels-idx1-ubyte.gz
212,7,254,255,30,test,28x28,199152,262,MNIST(train=False)[254],run_20260721_134247,7,true,t10k-images-idx3-ubyte,t10k-labels-idx1-ubyte,https://storage.googleapis.com/cvdf-datasets/mnist/t10k-images-idx3-ubyte.gz,https://storage.googleapis.com/cvdf-datasets/mnist/t10k-labels-idx1-ubyte.gz
213,7,255,256,31,test,28x28,199936,263,MNIST(train=False)[255],run_20260721_134247,7,true,t10k-images-idx3-ubyte,t10k-labels-idx1-ubyte,https://storage.googleapis.com/cvdf-datasets/mnist/t10k-images-idx3-ubyte.gz,https://storage.googleapis.com/cvdf-datasets/mnist/t10k-labels-idx1-ubyte.gz
214,2,256,257,25,test,28x28,200720,264,MNIST(train=False)[256],run_20260721_134247,2,true,t10k-images-idx3-ubyte,t10k-labels-idx1-ubyte,https://storage.googleapis.com/cvdf-datasets/mnist/t10k-images-idx3-ubyte.gz,https://storage.googleapis.com/cvdf-datasets/mnist/t10k-labels-idx1-ubyte.gz
215,2,258,259,26,test,28x28,202288,266,MNIST(train=False)[258],run_20260721_134247,2,true,t10k-images-idx3-ubyte,t10k-labels-idx1-ubyte,https://storage.googleapis.com/cvdf-datasets/mnist/t10k-images-idx3-ubyte.gz,https://storage.googleapis.com/cvdf-datasets/mnist/t10k-labels-idx1-ubyte.gz
216,6,259,260,23,test,28x28,203072,267,MNIST(train=False)[259],run_20260721_134247,6,true,t10k-images-idx3-ubyte,t10k-labels-idx1-ubyte,https://storage.googleapis.com/cvdf-datasets/mnist/t10k-images-idx3-ubyte.gz,https://storage.googleapis.com/cvdf-datasets/mnist/t10k-labels-idx1-ubyte.gz
217,5,261,262,27,test,28x28,204640,269,MNIST(train=False)[261],run_20260721_134247,5,true,t10k-images-idx3-ubyte,t10k-labels-idx1-ubyte,https://storage.googleapis.com/cvdf-datasets/mnist/t10k-images-idx3-ubyte.gz,https://storage.googleapis.com/cvdf-datasets/mnist/t10k-labels-idx1-ubyte.gz
218,7,262,263,32,test,28x28,205424,270,MNIST(train=False)[262],run_20260721_134247,7,true,t10k-images-idx3-ubyte,t10k-labels-idx1-ubyte,https://storage.googleapis.com/cvdf-datasets/mnist/t10k-images-idx3-ubyte.gz,https://storage.googleapis.com/cvdf-datasets/mnist/t10k-labels-idx1-ubyte.gz
219,7,263,264,33,test,28x28,206208,271,MNIST(train=False)[263],run_20260721_134247,7,true,t10k-images-idx3-ubyte,t10k-labels-idx1-ubyte,https://storage.googleapis.com/cvdf-datasets/mnist/t10k-images-idx3-ubyte.gz,https://storage.googleapis.com/cvdf-datasets/mnist/t10k-labels-idx1-ubyte.gz
220,1,265,266,36,test,28x28,207776,273,MNIST(train=False)[265],run_20260721_134247,1,true,t10k-images-idx3-ubyte,t10k-labels-idx1-ubyte,https://storage.googleapis.com/cvdf-datasets/mnist/t10k-images-idx3-ubyte.gz,https://storage.googleapis.com/cvdf-datasets/mnist/t10k-labels-idx1-ubyte.gz
221,1,267,268,37,test,28x28,209344,275,MNIST(train=False)[267],run_20260721_134247,1,true,t10k-images-idx3-ubyte,t10k-labels-idx1-ubyte,https://storage.googleapis.com/cvdf-datasets/mnist/t10k-images-idx3-ubyte.gz,https://storage.googleapis.com/cvdf-datasets/mnist/t10k-labels-idx1-ubyte.gz
222,0,269,270,20,test,28x28,210912,277,MNIST(train=False)[269],run_20260721_134247,0,true,t10k-images-idx3-ubyte,t10k-labels-idx1-ubyte,https://storage.googleapis.com/cvdf-datasets/mnist/t10k-images-idx3-ubyte.gz,https://storage.googleapis.com/cvdf-datasets/mnist/t10k-labels-idx1-ubyte.gz
223,3,270,271,24,test,28x28,211696,278,MNIST(train=False)[270],run_20260721_134247,3,true,t10k-images-idx3-ubyte,t10k-labels-idx1-ubyte,https://storage.googleapis.com/cvdf-datasets/mnist/t10k-images-idx3-ubyte.gz,https://storage.googleapis.com/cvdf-datasets/mnist/t10k-labels-idx1-ubyte.gz
224,0,271,272,21,test,28x28,212480,279,MNIST(train=False)[271],run_20260721_134247,0,true,t10k-images-idx3-ubyte,t10k-labels-idx1-ubyte,https://storage.googleapis.com/cvdf-datasets/mnist/t10k-images-idx3-ubyte.gz,https://storage.googleapis.com/cvdf-datasets/mnist/t10k-labels-idx1-ubyte.gz
225,1,272,273,38,test,28x28,213264,280,MNIST(train=False)[272],run_20260721_134247,1,true,t10k-images-idx3-ubyte,t10k-labels-idx1-ubyte,https://storage.googleapis.com/cvdf-datasets/mnist/t10k-images-idx3-ubyte.gz,https://storage.googleapis.com/cvdf-datasets/mnist/t10k-labels-idx1-ubyte.gz
226,4,275,276,35,test,28x28,215616,283,MNIST(train=False)[275],run_20260721_134247,4,true,t10k-images-idx3-ubyte,t10k-labels-idx1-ubyte,https://storage.googleapis.com/cvdf-datasets/mnist/t10k-images-idx3-ubyte.gz,https://storage.googleapis.com/cvdf-datasets/mnist/t10k-labels-idx1-ubyte.gz
227,1,276,277,39,test,28x28,216400,284,MNIST(train=False)[276],run_20260721_134247,1,true,t10k-images-idx3-ubyte,t10k-labels-idx1-ubyte,https://storage.googleapis.com/cvdf-datasets/mnist/t10k-images-idx3-ubyte.gz,https://storage.googleapis.com/cvdf-datasets/mnist/t10k-labels-idx1-ubyte.gz
228,2,278,279,27,test,28x28,217968,286,MNIST(train=False)[278],run_20260721_134247,2,true,t10k-images-idx3-ubyte,t10k-labels-idx1-ubyte,https://storage.googleapis.com/cvdf-datasets/mnist/t10k-images-idx3-ubyte.gz,https://storage.googleapis.com/cvdf-datasets/mnist/t10k-labels-idx1-ubyte.gz
229,1,279,280,40,test,28x28,218752,287,MNIST(train=False)[279],run_20260721_134247,1,true,t10k-images-idx3-ubyte,t10k-labels-idx1-ubyte,https://storage.googleapis.com/cvdf-datasets/mnist/t10k-images-idx3-ubyte.gz,https://storage.googleapis.com/cvdf-datasets/mnist/t10k-labels-idx1-ubyte.gz
230,2,280,281,28,test,28x28,219536,288,MNIST(train=False)[280],run_20260721_134247,2,true,t10k-images-idx3-ubyte,t10k-labels-idx1-ubyte,https://storage.googleapis.com/cvdf-datasets/mnist/t10k-images-idx3-ubyte.gz,https://storage.googleapis.com/cvdf-datasets/mnist/t10k-labels-idx1-ubyte.gz
231,7,282,283,34,test,28x28,221104,290,MNIST(train=False)[282],run_20260721_134247,1,false,t10k-images-idx3-ubyte,t10k-labels-idx1-ubyte,https://storage.googleapis.com/cvdf-datasets/mnist/t10k-images-idx3-ubyte.gz,https://storage.googleapis.com/cvdf-datasets/mnist/t10k-labels-idx1-ubyte.gz
232,5,283,284,28,test,28x28,221888,291,MNIST(train=False)[283],run_20260721_134247,5,true,t10k-images-idx3-ubyte,t10k-labels-idx1-ubyte,https://storage.googleapis.com/cvdf-datasets/mnist/t10k-images-idx3-ubyte.gz,https://storage.googleapis.com/cvdf-datasets/mnist/t10k-labels-idx1-ubyte.gz
233,2,285,286,29,test,28x28,223456,293,MNIST(train=False)[285],run_20260721_134247,2,true,t10k-images-idx3-ubyte,t10k-labels-idx1-ubyte,https://storage.googleapis.com/cvdf-datasets/mnist/t10k-images-idx3-ubyte.gz,https://storage.googleapis.com/cvdf-datasets/mnist/t10k-labels-idx1-ubyte.gz
234,6,286,287,24,test,28x28,224240,294,MNIST(train=False)[286],run_20260721_134247,6,true,t10k-images-idx3-ubyte,t10k-labels-idx1-ubyte,https://storage.googleapis.com/cvdf-datasets/mnist/t10k-images-idx3-ubyte.gz,https://storage.googleapis.com/cvdf-datasets/mnist/t10k-labels-idx1-ubyte.gz
235,4,287,288,36,test,28x28,225024,295,MNIST(train=False)[287],run_20260721_134247,4,true,t10k-images-idx3-ubyte,t10k-labels-idx1-ubyte,https://storage.googleapis.com/cvdf-datasets/mnist/t10k-images-idx3-ubyte.gz,https://storage.googleapis.com/cvdf-datasets/mnist/t10k-labels-idx1-ubyte.gz
236,1,288,289,41,test,28x28,225808,296,MNIST(train=False)[288],run_20260721_134247,1,true,t10k-images-idx3-ubyte,t10k-labels-idx1-ubyte,https://storage.googleapis.com/cvdf-datasets/mnist/t10k-images-idx3-ubyte.gz,https://storage.googleapis.com/cvdf-datasets/mnist/t10k-labels-idx1-ubyte.gz
237,5,289,290,29,test,28x28,226592,297,MNIST(train=False)[289],run_20260721_134247,5,true,t10k-images-idx3-ubyte,t10k-labels-idx1-ubyte,https://storage.googleapis.com/cvdf-datasets/mnist/t10k-images-idx3-ubyte.gz,https://storage.googleapis.com/cvdf-datasets/mnist/t10k-labels-idx1-ubyte.gz
238,2,291,292,30,test,28x28,228160,299,MNIST(train=False)[291],run_20260721_134247,2,true,t10k-images-idx3-ubyte,t10k-labels-idx1-ubyte,https://storage.googleapis.com/cvdf-datasets/mnist/t10k-images-idx3-ubyte.gz,https://storage.googleapis.com/cvdf-datasets/mnist/t10k-labels-idx1-ubyte.gz
239,2,293,294,31,test,28x28,229728,301,MNIST(train=False)[293],run_20260721_134247,2,true,t10k-images-idx3-ubyte,t10k-labels-idx1-ubyte,https://storage.googleapis.com/cvdf-datasets/mnist/t10k-images-idx3-ubyte.gz,https://storage.googleapis.com/cvdf-datasets/mnist/t10k-labels-idx1-ubyte.gz
240,0,294,295,22,test,28x28,230512,302,MNIST(train=False)[294],run_20260721_134247,0,true,t10k-images-idx3-ubyte,t10k-labels-idx1-ubyte,https://storage.googleapis.com/cvdf-datasets/mnist/t10k-images-idx3-ubyte.gz,https://storage.googleapis.com/cvdf-datasets/mnist/t10k-labels-idx1-ubyte.gz
241,4,295,296,37,test,28x28,231296,303,MNIST(train=False)[295],run_20260721_134247,4,true,t10k-images-idx3-ubyte,t10k-labels-idx1-ubyte,https://storage.googleapis.com/cvdf-datasets/mnist/t10k-images-idx3-ubyte.gz,https://storage.googleapis.com/cvdf-datasets/mnist/t10k-labels-idx1-ubyte.gz
242,0,296,297,23,test,28x28,232080,304,MNIST(train=False)[296],run_20260721_134247,0,true,t10k-images-idx3-ubyte,t10k-labels-idx1-ubyte,https://storage.googleapis.com/cvdf-datasets/mnist/t10k-images-idx3-ubyte.gz,https://storage.googleapis.com/cvdf-datasets/mnist/t10k-labels-idx1-ubyte.gz
243,0,297,298,24,test,28x28,232864,305,MNIST(train=False)[297],run_20260721_134247,0,true,t10k-images-idx3-ubyte,t10k-labels-idx1-ubyte,https://storage.googleapis.com/cvdf-datasets/mnist/t10k-images-idx3-ubyte.gz,https://storage.googleapis.com/cvdf-datasets/mnist/t10k-labels-idx1-ubyte.gz
244,2,298,299,32,test,28x28,233648,306,MNIST(train=False)[298],run_20260721_134247,2,true,t10k-images-idx3-ubyte,t10k-labels-idx1-ubyte,https://storage.googleapis.com/cvdf-datasets/mnist/t10k-images-idx3-ubyte.gz,https://storage.googleapis.com/cvdf-datasets/mnist/t10k-labels-idx1-ubyte.gz
245,4,300,301,38,test,28x28,235216,308,MNIST(train=False)[300],run_20260721_134247,2,false,t10k-images-idx3-ubyte,t10k-labels-idx1-ubyte,https://storage.googleapis.com/cvdf-datasets/mnist/t10k-images-idx3-ubyte.gz,https://storage.googleapis.com/cvdf-datasets/mnist/t10k-labels-idx1-ubyte.gz
246,7,301,302,35,test,28x28,236000,309,MNIST(train=False)[301],run_20260721_134247,1,false,t10k-images-idx3-ubyte,t10k-labels-idx1-ubyte,https://storage.googleapis.com/cvdf-datasets/mnist/t10k-images-idx3-ubyte.gz,https://storage.googleapis.com/cvdf-datasets/mnist/t10k-labels-idx1-ubyte.gz
247,1,302,303,42,test,28x28,236784,310,MNIST(train=False)[302],run_20260721_134247,1,true,t10k-images-idx3-ubyte,t10k-labels-idx1-ubyte,https://storage.googleapis.com/cvdf-datasets/mnist/t10k-images-idx3-ubyte.gz,https://storage.googleapis.com/cvdf-datasets/mnist/t10k-labels-idx1-ubyte.gz
248,2,303,304,33,test,28x28,237568,311,MNIST(train=False)[303],run_20260721_134247,3,false,t10k-images-idx3-ubyte,t10k-labels-idx1-ubyte,https://storage.googleapis.com/cvdf-datasets/mnist/t10k-images-idx3-ubyte.gz,https://storage.googleapis.com/cvdf-datasets/mnist/t10k-labels-idx1-ubyte.gz
249,4,304,305,39,test,28x28,238352,312,MNIST(train=False)[304],run_20260721_134247,4,true,t10k-images-idx3-ubyte,t10k-labels-idx1-ubyte,https://storage.googleapis.com/cvdf-datasets/mnist/t10k-images-idx3-ubyte.gz,https://storage.googleapis.com/cvdf-datasets/mnist/t10k-labels-idx1-ubyte.gz
250,0,305,306,25,test,28x28,239136,313,MNIST(train=False)[305],run_20260721_134247,0,true,t10k-images-idx3-ubyte,t10k-labels-idx1-ubyte,https://storage.googleapis.com/cvdf-datasets/mnist/t10k-images-idx3-ubyte.gz,https://storage.googleapis.com/cvdf-datasets/mnist/t10k-labels-idx1-ubyte.gz
251,2,306,307,34,test,28x28,239920,314,MNIST(train=False)[306],run_20260721_134247,3,false,t10k-images-idx3-ubyte,t10k-labels-idx1-ubyte,https://storage.googleapis.com/cvdf-datasets/mnist/t10k-images-idx3-ubyte.gz,https://storage.googleapis.com/cvdf-datasets/mnist/t10k-labels-idx1-ubyte.gz
252,7,307,308,36,test,28x28,240704,315,MNIST(train=False)[307],run_20260721_134247,7,true,t10k-images-idx3-ubyte,t10k-labels-idx1-ubyte,https://storage.googleapis.com/cvdf-datasets/mnist/t10k-images-idx3-ubyte.gz,https://storage.googleapis.com/cvdf-datasets/mnist/t10k-labels-idx1-ubyte.gz
253,4,308,309,40,test,28x28,241488,316,MNIST(train=False)[308],run_20260721_134247,4,true,t10k-images-idx3-ubyte,t10k-labels-idx1-ubyte,https://storage.googleapis.com/cvdf-datasets/mnist/t10k-images-idx3-ubyte.gz,https://storage.googleapis.com/cvdf-datasets/mnist/t10k-labels-idx1-ubyte.gz
254,3,309,310,25,test,28x28,242272,317,MNIST(train=False)[309],run_20260721_134247,3,true,t10k-images-idx3-ubyte,t10k-labels-idx1-ubyte,https://storage.googleapis.com/cvdf-datasets/mnist/t10k-images-idx3-ubyte.gz,https://storage.googleapis.com/cvdf-datasets/mnist/t10k-labels-idx1-ubyte.gz
255,3,310,311,26,test,28x28,243056,318,MNIST(train=False)[310],run_20260721_134247,3,true,t10k-images-idx3-ubyte,t10k-labels-idx1-ubyte,https://storage.googleapis.com/cvdf-datasets/mnist/t10k-images-idx3-ubyte.gz,https://storage.googleapis.com/cvdf-datasets/mnist/t10k-labels-idx1-ubyte.gz
256,0,311,312,26,test,28x28,243840,319,MNIST(train=False)[311],run_20260721_134247,0,true,t10k-images-idx3-ubyte,t10k-labels-idx1-ubyte,https://storage.googleapis.com/cvdf-datasets/mnist/t10k-images-idx3-ubyte.gz,https://storage.googleapis.com/cvdf-datasets/mnist/t10k-labels-idx1-ubyte.gz
257,0,312,313,27,test,28x28,244624,320,MNIST(train=False)[312],run_20260721_134247,0,true,t10k-images-idx3-ubyte,t10k-labels-idx1-ubyte,https://storage.googleapis.com/cvdf-datasets/mnist/t10k-images-idx3-ubyte.gz,https://storage.googleapis.com/cvdf-datasets/mnist/t10k-labels-idx1-ubyte.gz
258,3,313,314,27,test,28x28,245408,321,MNIST(train=False)[313],run_20260721_134247,3,true,t10k-images-idx3-ubyte,t10k-labels-idx1-ubyte,https://storage.googleapis.com/cvdf-datasets/mnist/t10k-images-idx3-ubyte.gz,https://storage.googleapis.com/cvdf-datasets/mnist/t10k-labels-idx1-ubyte.gz
259,1,314,315,43,test,28x28,246192,322,MNIST(train=False)[314],run_20260721_134247,1,true,t10k-images-idx3-ubyte,t10k-labels-idx1-ubyte,https://storage.googleapis.com/cvdf-datasets/mnist/t10k-images-idx3-ubyte.gz,https://storage.googleapis.com/cvdf-datasets/mnist/t10k-labels-idx1-ubyte.gz
260,6,316,317,25,test,28x28,247760,324,MNIST(train=False)[316],run_20260721_134247,6,true,t10k-images-idx3-ubyte,t10k-labels-idx1-ubyte,https://storage.googleapis.com/cvdf-datasets/mnist/t10k-images-idx3-ubyte.gz,https://storage.googleapis.com/cvdf-datasets/mnist/t10k-labels-idx1-ubyte.gz
261,5,317,318,30,test,28x28,248544,325,MNIST(train=False)[317],run_20260721_134247,5,true,t10k-images-idx3-ubyte,t10k-labels-idx1-ubyte,https://storage.googleapis.com/cvdf-datasets/mnist/t10k-images-idx3-ubyte.gz,https://storage.googleapis.com/cvdf-datasets/mnist/t10k-labels-idx1-ubyte.gz
262,2,318,319,35,test,28x28,249328,326,MNIST(train=False)[318],run_20260721_134247,2,true,t10k-images-idx3-ubyte,t10k-labels-idx1-ubyte,https://storage.googleapis.com/cvdf-datasets/mnist/t10k-images-idx3-ubyte.gz,https://storage.googleapis.com/cvdf-datasets/mnist/t10k-labels-idx1-ubyte.gz
263,5,319,320,31,test,28x28,250112,327,MNIST(train=False)[319],run_20260721_134247,5,true,t10k-images-idx3-ubyte,t10k-labels-idx1-ubyte,https://storage.googleapis.com/cvdf-datasets/mnist/t10k-images-idx3-ubyte.gz,https://storage.googleapis.com/cvdf-datasets/mnist/t10k-labels-idx1-ubyte.gz
264,2,321,322,36,test,28x28,251680,329,MNIST(train=False)[321],run_20260721_134247,3,false,t10k-images-idx3-ubyte,t10k-labels-idx1-ubyte,https://storage.googleapis.com/cvdf-datasets/mnist/t10k-images-idx3-ubyte.gz,https://storage.googleapis.com/cvdf-datasets/mnist/t10k-labels-idx1-ubyte.gz
265,3,323,324,28,test,28x28,253248,331,MNIST(train=False)[323],run_20260721_134247,5,false,t10k-images-idx3-ubyte,t10k-labels-idx1-ubyte,https://storage.googleapis.com/cvdf-datasets/mnist/t10k-images-idx3-ubyte.gz,https://storage.googleapis.com/cvdf-datasets/mnist/t10k-labels-idx1-ubyte.gz
266,0,324,325,28,test,28x28,254032,332,MNIST(train=False)[324],run_20260721_134247,0,true,t10k-images-idx3-ubyte,t10k-labels-idx1-ubyte,https://storage.googleapis.com/cvdf-datasets/mnist/t10k-images-idx3-ubyte.gz,https://storage.googleapis.com/cvdf-datasets/mnist/t10k-labels-idx1-ubyte.gz
267,4,325,326,41,test,28x28,254816,333,MNIST(train=False)[325],run_20260721_134247,4,true,t10k-images-idx3-ubyte,t10k-labels-idx1-ubyte,https://storage.googleapis.com/cvdf-datasets/mnist/t10k-images-idx3-ubyte.gz,https://storage.googleapis.com/cvdf-datasets/mnist/t10k-labels-idx1-ubyte.gz
268,2,326,327,37,test,28x28,255600,334,MNIST(train=False)[326],run_20260721_134247,3,false,t10k-images-idx3-ubyte,t10k-labels-idx1-ubyte,https://storage.googleapis.com/cvdf-datasets/mnist/t10k-images-idx3-ubyte.gz,https://storage.googleapis.com/cvdf-datasets/mnist/t10k-labels-idx1-ubyte.gz
269,0,327,328,29,test,28x28,256384,335,MNIST(train=False)[327],run_20260721_134247,0,true,t10k-images-idx3-ubyte,t10k-labels-idx1-ubyte,https://storage.googleapis.com/cvdf-datasets/mnist/t10k-images-idx3-ubyte.gz,https://storage.googleapis.com/cvdf-datasets/mnist/t10k-labels-idx1-ubyte.gz
270,7,328,329,37,test,28x28,257168,336,MNIST(train=False)[328],run_20260721_134247,7,true,t10k-images-idx3-ubyte,t10k-labels-idx1-ubyte,https://storage.googleapis.com/cvdf-datasets/mnist/t10k-images-idx3-ubyte.gz,https://storage.googleapis.com/cvdf-datasets/mnist/t10k-labels-idx1-ubyte.gz
271,1,329,330,44,test,28x28,257952,337,MNIST(train=False)[329],run_20260721_134247,1,true,t10k-images-idx3-ubyte,t10k-labels-idx1-ubyte,https://storage.googleapis.com/cvdf-datasets/mnist/t10k-images-idx3-ubyte.gz,https://storage.googleapis.com/cvdf-datasets/mnist/t10k-labels-idx1-ubyte.gz
272,1,330,331,45,test,28x28,258736,338,MNIST(train=False)[330],run_20260721_134247,1,true,t10k-images-idx3-ubyte,t10k-labels-idx1-ubyte,https://storage.googleapis.com/cvdf-datasets/mnist/t10k-images-idx3-ubyte.gz,https://storage.googleapis.com/cvdf-datasets/mnist/t10k-labels-idx1-ubyte.gz
273,2,331,332,38,test,28x28,259520,339,MNIST(train=False)[331],run_20260721_134247,2,true,t10k-images-idx3-ubyte,t10k-labels-idx1-ubyte,https://storage.googleapis.com/cvdf-datasets/mnist/t10k-images-idx3-ubyte.gz,https://storage.googleapis.com/cvdf-datasets/mnist/t10k-labels-idx1-ubyte.gz
274,1,332,333,46,test,28x28,260304,340,MNIST(train=False)[332],run_20260721_134247,1,true,t10k-images-idx3-ubyte,t10k-labels-idx1-ubyte,https://storage.googleapis.com/cvdf-datasets/mnist/t10k-images-idx3-ubyte.gz,https://storage.googleapis.com/cvdf-datasets/mnist/t10k-labels-idx1-ubyte.gz
275,5,333,334,32,test,28x28,261088,341,MNIST(train=False)[333],run_20260721_134247,5,true,t10k-images-idx3-ubyte,t10k-labels-idx1-ubyte,https://storage.googleapis.com/cvdf-datasets/mnist/t10k-images-idx3-ubyte.gz,https://storage.googleapis.com/cvdf-datasets/mnist/t10k-labels-idx1-ubyte.gz
276,3,334,335,29,test,28x28,261872,342,MNIST(train=False)[334],run_20260721_134247,3,true,t10k-images-idx3-ubyte,t10k-labels-idx1-ubyte,https://storage.googleapis.com/cvdf-datasets/mnist/t10k-images-idx3-ubyte.gz,https://storage.googleapis.com/cvdf-datasets/mnist/t10k-labels-idx1-ubyte.gz
277,3,335,336,30,test,28x28,262656,343,MNIST(train=False)[335],run_20260721_134247,1,false,t10k-images-idx3-ubyte,t10k-labels-idx1-ubyte,https://storage.googleapis.com/cvdf-datasets/mnist/t10k-images-idx3-ubyte.gz,https://storage.googleapis.com/cvdf-datasets/mnist/t10k-labels-idx1-ubyte.gz
278,7,337,338,38,test,28x28,264224,345,MNIST(train=False)[337],run_20260721_134247,7,true,t10k-images-idx3-ubyte,t10k-labels-idx1-ubyte,https://storage.googleapis.com/cvdf-datasets/mnist/t10k-images-idx3-ubyte.gz,https://storage.googleapis.com/cvdf-datasets/mnist/t10k-labels-idx1-ubyte.gz
279,6,339,340,26,test,28x28,265792,347,MNIST(train=False)[339],run_20260721_134247,6,true,t10k-images-idx3-ubyte,t10k-labels-idx1-ubyte,https://storage.googleapis.com/cvdf-datasets/mnist/t10k-images-idx3-ubyte.gz,https://storage.googleapis.com/cvdf-datasets/mnist/t10k-labels-idx1-ubyte.gz
280,5,340,341,33,test,28x28,266576,348,MNIST(train=False)[340],run_20260721_134247,5,true,t10k-images-idx3-ubyte,t10k-labels-idx1-ubyte,https://storage.googleapis.com/cvdf-datasets/mnist/t10k-images-idx3-ubyte.gz,https://storage.googleapis.com/cvdf-datasets/mnist/t10k-labels-idx1-ubyte.gz
281,6,341,342,27,test,28x28,267360,349,MNIST(train=False)[341],run_20260721_134247,3,false,t10k-images-idx3-ubyte,t10k-labels-idx1-ubyte,https://storage.googleapis.com/cvdf-datasets/mnist/t10k-images-idx3-ubyte.gz,https://storage.googleapis.com/cvdf-datasets/mnist/t10k-labels-idx1-ubyte.gz
282,1,342,343,47,test,28x28,268144,350,MNIST(train=False)[342],run_20260721_134247,1,true,t10k-images-idx3-ubyte,t10k-labels-idx1-ubyte,https://storage.googleapis.com/cvdf-datasets/mnist/t10k-images-idx3-ubyte.gz,https://storage.googleapis.com/cvdf-datasets/mnist/t10k-labels-idx1-ubyte.gz
283,3,343,344,31,test,28x28,268928,351,MNIST(train=False)[343],run_20260721_134247,3,true,t10k-images-idx3-ubyte,t10k-labels-idx1-ubyte,https://storage.googleapis.com/cvdf-datasets/mnist/t10k-images-idx3-ubyte.gz,https://storage.googleapis.com/cvdf-datasets/mnist/t10k-labels-idx1-ubyte.gz
284,1,345,346,48,test,28x28,270496,353,MNIST(train=False)[345],run_20260721_134247,1,true,t10k-images-idx3-ubyte,t10k-labels-idx1-ubyte,https://storage.googleapis.com/cvdf-datasets/mnist/t10k-images-idx3-ubyte.gz,https://storage.googleapis.com/cvdf-datasets/mnist/t10k-labels-idx1-ubyte.gz
285,0,346,347,30,test,28x28,271280,354,MNIST(train=False)[346],run_20260721_134247,0,true,t10k-images-idx3-ubyte,t10k-labels-idx1-ubyte,https://storage.googleapis.com/cvdf-datasets/mnist/t10k-images-idx3-ubyte.gz,https://storage.googleapis.com/cvdf-datasets/mnist/t10k-labels-idx1-ubyte.gz
286,5,347,348,34,test,28x28,272064,355,MNIST(train=False)[347],run_20260721_134247,5,true,t10k-images-idx3-ubyte,t10k-labels-idx1-ubyte,https://storage.googleapis.com/cvdf-datasets/mnist/t10k-images-idx3-ubyte.gz,https://storage.googleapis.com/cvdf-datasets/mnist/t10k-labels-idx1-ubyte.gz
287,1,348,349,49,test,28x28,272848,356,MNIST(train=False)[348],run_20260721_134247,1,true,t10k-images-idx3-ubyte,t10k-labels-idx1-ubyte,https://storage.googleapis.com/cvdf-datasets/mnist/t10k-images-idx3-ubyte.gz,https://storage.googleapis.com/cvdf-datasets/mnist/t10k-labels-idx1-ubyte.gz
288,3,349,350,32,test,28x28,273632,357,MNIST(train=False)[349],run_20260721_134247,3,true,t10k-images-idx3-ubyte,t10k-labels-idx1-ubyte,https://storage.googleapis.com/cvdf-datasets/mnist/t10k-images-idx3-ubyte.gz,https://storage.googleapis.com/cvdf-datasets/mnist/t10k-labels-idx1-ubyte.gz
289,1,350,351,50,test,28x28,274416,358,MNIST(train=False)[350],run_20260721_134247,1,true,t10k-images-idx3-ubyte,t10k-labels-idx1-ubyte,https://storage.googleapis.com/cvdf-datasets/mnist/t10k-images-idx3-ubyte.gz,https://storage.googleapis.com/cvdf-datasets/mnist/t10k-labels-idx1-ubyte.gz
290,5,351,352,35,test,28x28,275200,359,MNIST(train=False)[351],run_20260721_134247,5,true,t10k-images-idx3-ubyte,t10k-labels-idx1-ubyte,https://storage.googleapis.com/cvdf-datasets/mnist/t10k-images-idx3-ubyte.gz,https://storage.googleapis.com/cvdf-datasets/mnist/t10k-labels-idx1-ubyte.gz
291,5,352,353,36,test,28x28,275984,360,MNIST(train=False)[352],run_20260721_134247,5,true,t10k-images-idx3-ubyte,t10k-labels-idx1-ubyte,https://storage.googleapis.com/cvdf-datasets/mnist/t10k-images-idx3-ubyte.gz,https://storage.googleapis.com/cvdf-datasets/mnist/t10k-labels-idx1-ubyte.gz
292,6,353,354,28,test,28x28,276768,361,MNIST(train=False)[353],run_20260721_134247,6,true,t10k-images-idx3-ubyte,t10k-labels-idx1-ubyte,https://storage.googleapis.com/cvdf-datasets/mnist/t10k-images-idx3-ubyte.gz,https://storage.googleapis.com/cvdf-datasets/mnist/t10k-labels-idx1-ubyte.gz
294,5,356,357,37,test,28x28,279120,364,MNIST(train=False)[356],run_20260721_134247,5,true,t10k-images-idx3-ubyte,t10k-labels-idx1-ubyte,https://storage.googleapis.com/cvdf-datasets/mnist/t10k-images-idx3-ubyte.gz,https://storage.googleapis.com/cvdf-datasets/mnist/t10k-labels-idx1-ubyte.gz
296,7,358,359,39,test,28x28,280688,366,MNIST(train=False)[358],run_20260721_134247,7,true,t10k-images-idx3-ubyte,t10k-labels-idx1-ubyte,https://storage.googleapis.com/cvdf-datasets/mnist/t10k-images-idx3-ubyte.gz,https://storage.googleapis.com/cvdf-datasets/mnist/t10k-labels-idx1-ubyte.gz
297,4,360,361,42,test,28x28,282256,368,MNIST(train=False)[360],run_20260721_134247,4,true,t10k-images-idx3-ubyte,t10k-labels-idx1-ubyte,https://storage.googleapis.com/cvdf-datasets/mnist/t10k-images-idx3-ubyte.gz,https://storage.googleapis.com/cvdf-datasets/mnist/t10k-labels-idx1-ubyte.gz
298,6,361,362,29,test,28x28,283040,369,MNIST(train=False)[361],run_20260721_134247,6,true,t10k-images-idx3-ubyte,t10k-labels-idx1-ubyte,https://storage.googleapis.com/cvdf-datasets/mnist/t10k-images-idx3-ubyte.gz,https://storage.googleapis.com/cvdf-datasets/mnist/t10k-labels-idx1-ubyte.gz
299,2,362,363,39,test,28x28,283824,370,MNIST(train=False)[362],run_20260721_134247,2,true,t10k-images-idx3-ubyte,t10k-labels-idx1-ubyte,https://storage.googleapis.com/cvdf-datasets/mnist/t10k-images-idx3-ubyte.gz,https://storage.googleapis.com/cvdf-datasets/mnist/t10k-labels-idx1-ubyte.gz
300,2,363,364,40,test,28x28,284608,371,MNIST(train=False)[363],run_20260721_134247,2,true,t10k-images-idx3-ubyte,t10k-labels-idx1-ubyte,https://storage.googleapis.com/cvdf-datasets/mnist/t10k-images-idx3-ubyte.gz,https://storage.googleapis.com/cvdf-datasets/mnist/t10k-labels-idx1-ubyte.gz
301,5,364,365,38,test,28x28,285392,372,MNIST(train=False)[364],run_20260721_134247,5,true,t10k-images-idx3-ubyte,t10k-labels-idx1-ubyte,https://storage.googleapis.com/cvdf-datasets/mnist/t10k-images-idx3-ubyte.gz,https://storage.googleapis.com/cvdf-datasets/mnist/t10k-labels-idx1-ubyte.gz
302,0,365,366,31,test,28x28,286176,373,MNIST(train=False)[365],run_20260721_134247,0,true,t10k-images-idx3-ubyte,t10k-labels-idx1-ubyte,https://storage.googleapis.com/cvdf-datasets/mnist/t10k-images-idx3-ubyte.gz,https://storage.googleapis.com/cvdf-datasets/mnist/t10k-labels-idx1-ubyte.gz
303,6,366,367,30,test,28x28,286960,374,MNIST(train=False)[366],run_20260721_134247,6,true,t10k-images-idx3-ubyte,t10k-labels-idx1-ubyte,https://storage.googleapis.com/cvdf-datasets/mnist/t10k-images-idx3-ubyte.gz,https://storage.googleapis.com/cvdf-datasets/mnist/t10k-labels-idx1-ubyte.gz
304,5,367,368,39,test,28x28,287744,375,MNIST(train=False)[367],run_20260721_134247,5,true,t10k-images-idx3-ubyte,t10k-labels-idx1-ubyte,https://storage.googleapis.com/cvdf-datasets/mnist/t10k-images-idx3-ubyte.gz,https://storage.googleapis.com/cvdf-datasets/mnist/t10k-labels-idx1-ubyte.gz
305,6,368,369,31,test,28x28,288528,376,MNIST(train=False)[368],run_20260721_134247,6,true,t10k-images-idx3-ubyte,t10k-labels-idx1-ubyte,https://storage.googleapis.com/cvdf-datasets/mnist/t10k-images-idx3-ubyte.gz,https://storage.googleapis.com/cvdf-datasets/mnist/t10k-labels-idx1-ubyte.gz
306,3,369,370,33,test,28x28,289312,377,MNIST(train=False)[369],run_20260721_134247,3,true,t10k-images-idx3-ubyte,t10k-labels-idx1-ubyte,https://storage.googleapis.com/cvdf-datasets/mnist/t10k-images-idx3-ubyte.gz,https://storage.googleapis.com/cvdf-datasets/mnist/t10k-labels-idx1-ubyte.gz
307,7,370,371,40,test,28x28,290096,378,MNIST(train=False)[370],run_20260721_134247,7,true,t10k-images-idx3-ubyte,t10k-labels-idx1-ubyte,https://storage.googleapis.com/cvdf-datasets/mnist/t10k-images-idx3-ubyte.gz,https://storage.googleapis.com/cvdf-datasets/mnist/t10k-labels-idx1-ubyte.gz
308,2,371,372,41,test,28x28,290880,379,MNIST(train=False)[371],run_20260721_134247,2,true,t10k-images-idx3-ubyte,t10k-labels-idx1-ubyte,https://storage.googleapis.com/cvdf-datasets/mnist/t10k-images-idx3-ubyte.gz,https://storage.googleapis.com/cvdf-datasets/mnist/t10k-labels-idx1-ubyte.gz
309,0,372,373,32,test,28x28,291664,380,MNIST(train=False)[372],run_20260721_134247,0,true,t10k-images-idx3-ubyte,t10k-labels-idx1-ubyte,https://storage.googleapis.com/cvdf-datasets/mnist/t10k-images-idx3-ubyte.gz,https://storage.googleapis.com/cvdf-datasets/mnist/t10k-labels-idx1-ubyte.gz
310,5,375,376,40,test,28x28,294016,383,MNIST(train=False)[375],run_20260721_134247,5,true,t10k-images-idx3-ubyte,t10k-labels-idx1-ubyte,https://storage.googleapis.com/cvdf-datasets/mnist/t10k-images-idx3-ubyte.gz,https://storage.googleapis.com/cvdf-datasets/mnist/t10k-labels-idx1-ubyte.gz
311,4,376,377,43,test,28x28,294800,384,MNIST(train=False)[376],run_20260721_134247,4,true,t10k-images-idx3-ubyte,t10k-labels-idx1-ubyte,https://storage.googleapis.com/cvdf-datasets/mnist/t10k-images-idx3-ubyte.gz,https://storage.googleapis.com/cvdf-datasets/mnist/t10k-labels-idx1-ubyte.gz
314,4,379,380,44,test,28x28,297152,387,MNIST(train=False)[379],run_20260721_134247,4,true,t10k-images-idx3-ubyte,t10k-labels-idx1-ubyte,https://storage.googleapis.com/cvdf-datasets/mnist/t10k-images-idx3-ubyte.gz,https://storage.googleapis.com/cvdf-datasets/mnist/t10k-labels-idx1-ubyte.gz
315,0,380,381,33,test,28x28,297936,388,MNIST(train=False)[380],run_20260721_134247,2,false,t10k-images-idx3-ubyte,t10k-labels-idx1-ubyte,https://storage.googleapis.com/cvdf-datasets/mnist/t10k-images-idx3-ubyte.gz,https://storage.googleapis.com/cvdf-datasets/mnist/t10k-labels-idx1-ubyte.gz
316,3,381,382,34,test,28x28,298720,389,MNIST(train=False)[381],run_20260721_134247,3,true,t10k-images-idx3-ubyte,t10k-labels-idx1-ubyte,https://storage.googleapis.com/cvdf-datasets/mnist/t10k-images-idx3-ubyte.gz,https://storage.googleapis.com/cvdf-datasets/mnist/t10k-labels-idx1-ubyte.gz
317,3,382,383,35,test,28x28,299504,390,MNIST(train=False)[382],run_20260721_134247,3,true,t10k-images-idx3-ubyte,t10k-labels-idx1-ubyte,https://storage.googleapis.com/cvdf-datasets/mnist/t10k-images-idx3-ubyte.gz,https://storage.googleapis.com/cvdf-datasets/mnist/t10k-labels-idx1-ubyte.gz
318,7,383,384,41,test,28x28,300288,391,MNIST(train=False)[383],run_20260721_134247,7,true,t10k-images-idx3-ubyte,t10k-labels-idx1-ubyte,https://storage.googleapis.com/cvdf-datasets/mnist/t10k-images-idx3-ubyte.gz,https://storage.googleapis.com/cvdf-datasets/mnist/t10k-labels-idx1-ubyte.gz
319,6,384,385,32,test,28x28,301072,392,MNIST(train=False)[384],run_20260721_134247,6,true,t10k-images-idx3-ubyte,t10k-labels-idx1-ubyte,https://storage.googleapis.com/cvdf-datasets/mnist/t10k-images-idx3-ubyte.gz,https://storage.googleapis.com/cvdf-datasets/mnist/t10k-labels-idx1-ubyte.gz
321,6,386,387,33,test,28x28,302640,394,MNIST(train=False)[386],run_20260721_134247,6,true,t10k-images-idx3-ubyte,t10k-labels-idx1-ubyte,https://storage.googleapis.com/cvdf-datasets/mnist/t10k-images-idx3-ubyte.gz,https://storage.googleapis.com/cvdf-datasets/mnist/t10k-labels-idx1-ubyte.gz
322,2,387,388,42,test,28x28,303424,395,MNIST(train=False)[387],run_20260721_134247,2,true,t10k-images-idx3-ubyte,t10k-labels-idx1-ubyte,https://storage.googleapis.com/cvdf-datasets/mnist/t10k-images-idx3-ubyte.gz,https://storage.googleapis.com/cvdf-datasets/mnist/t10k-labels-idx1-ubyte.gz
324,2,390,391,43,test,28x28,305776,398,MNIST(train=False)[390],run_20260721_134247,2,true,t10k-images-idx3-ubyte,t10k-labels-idx1-ubyte,https://storage.googleapis.com/cvdf-datasets/mnist/t10k-images-idx3-ubyte.gz,https://storage.googleapis.com/cvdf-datasets/mnist/t10k-labels-idx1-ubyte.gz
325,6,392,393,34,test,28x28,307344,400,MNIST(train=False)[392],run_20260721_134247,6,true,t10k-images-idx3-ubyte,t10k-labels-idx1-ubyte,https://storage.googleapis.com/cvdf-datasets/mnist/t10k-images-idx3-ubyte.gz,https://storage.googleapis.com/cvdf-datasets/mnist/t10k-labels-idx1-ubyte.gz
327,5,395,396,41,test,28x28,309696,403,MNIST(train=False)[395],run_20260721_134247,5,true,t10k-images-idx3-ubyte,t10k-labels-idx1-ubyte,https://storage.googleapis.com/cvdf-datasets/mnist/t10k-images-idx3-ubyte.gz,https://storage.googleapis.com/cvdf-datasets/mnist/t10k-labels-idx1-ubyte.gz
328,2,396,397,44,test,28x28,310480,404,MNIST(train=False)[396],run_20260721_134247,2,true,t10k-images-idx3-ubyte,t10k-labels-idx1-ubyte,https://storage.googleapis.com/cvdf-datasets/mnist/t10k-images-idx3-ubyte.gz,https://storage.googleapis.com/cvdf-datasets/mnist/t10k-labels-idx1-ubyte.gz
329,5,397,398,42,test,28x28,311264,405,MNIST(train=False)[397],run_20260721_134247,5,true,t10k-images-idx3-ubyte,t10k-labels-idx1-ubyte,https://storage.googleapis.com/cvdf-datasets/mnist/t10k-images-idx3-ubyte.gz,https://storage.googleapis.com/cvdf-datasets/mnist/t10k-labels-idx1-ubyte.gz
330,4,398,399,45,test,28x28,312048,406,MNIST(train=False)[398],run_20260721_134247,4,true,t10k-images-idx3-ubyte,t10k-labels-idx1-ubyte,https://storage.googleapis.com/cvdf-datasets/mnist/t10k-images-idx3-ubyte.gz,https://storage.googleapis.com/cvdf-datasets/mnist/t10k-labels-idx1-ubyte.gz
331,4,399,400,46,test,28x28,312832,407,MNIST(train=False)[399],run_20260721_134247,4,true,t10k-images-idx3-ubyte,t10k-labels-idx1-ubyte,https://storage.googleapis.com/cvdf-datasets/mnist/t10k-images-idx3-ubyte.gz,https://storage.googleapis.com/cvdf-datasets/mnist/t10k-labels-idx1-ubyte.gz
332,2,400,401,45,test,28x28,313616,408,MNIST(train=False)[400],run_20260721_134247,2,true,t10k-images-idx3-ubyte,t10k-labels-idx1-ubyte,https://storage.googleapis.com/cvdf-datasets/mnist/t10k-images-idx3-ubyte.gz,https://storage.googleapis.com/cvdf-datasets/mnist/t10k-labels-idx1-ubyte.gz
333,3,402,403,36,test,28x28,315184,410,MNIST(train=False)[402],run_20260721_134247,3,true,t10k-images-idx3-ubyte,t10k-labels-idx1-ubyte,https://storage.googleapis.com/cvdf-datasets/mnist/t10k-images-idx3-ubyte.gz,https://storage.googleapis.com/cvdf-datasets/mnist/t10k-labels-idx1-ubyte.gz
334,2,404,405,46,test,28x28,316752,412,MNIST(train=False)[404],run_20260721_134247,2,true,t10k-images-idx3-ubyte,t10k-labels-idx1-ubyte,https://storage.googleapis.com/cvdf-datasets/mnist/t10k-images-idx3-ubyte.gz,https://storage.googleapis.com/cvdf-datasets/mnist/t10k-labels-idx1-ubyte.gz
335,4,405,406,47,test,28x28,317536,413,MNIST(train=False)[405],run_20260721_134247,4,true,t10k-images-idx3-ubyte,t10k-labels-idx1-ubyte,https://storage.googleapis.com/cvdf-datasets/mnist/t10k-images-idx3-ubyte.gz,https://storage.googleapis.com/cvdf-datasets/mnist/t10k-labels-idx1-ubyte.gz
336,5,406,407,43,test,28x28,318320,414,MNIST(train=False)[406],run_20260721_134247,5,true,t10k-images-idx3-ubyte,t10k-labels-idx1-ubyte,https://storage.googleapis.com/cvdf-datasets/mnist/t10k-images-idx3-ubyte.gz,https://storage.googleapis.com/cvdf-datasets/mnist/t10k-labels-idx1-ubyte.gz
337,0,407,408,34,test,28x28,319104,415,MNIST(train=False)[407],run_20260721_134247,0,true,t10k-images-idx3-ubyte,t10k-labels-idx1-ubyte,https://storage.googleapis.com/cvdf-datasets/mnist/t10k-images-idx3-ubyte.gz,https://storage.googleapis.com/cvdf-datasets/mnist/t10k-labels-idx1-ubyte.gz
338,3,408,409,37,test,28x28,319888,416,MNIST(train=False)[408],run_20260721_134247,3,true,t10k-images-idx3-ubyte,t10k-labels-idx1-ubyte,https://storage.googleapis.com/cvdf-datasets/mnist/t10k-images-idx3-ubyte.gz,https://storage.googleapis.com/cvdf-datasets/mnist/t10k-labels-idx1-ubyte.gz
340,7,410,411,42,test,28x28,321456,418,MNIST(train=False)[410],run_20260721_134247,7,true,t10k-images-idx3-ubyte,t10k-labels-idx1-ubyte,https://storage.googleapis.com/cvdf-datasets/mnist/t10k-images-idx3-ubyte.gz,https://storage.googleapis.com/cvdf-datasets/mnist/t10k-labels-idx1-ubyte.gz
341,7,411,412,43,test,28x28,322240,419,MNIST(train=False)[411],run_20260721_134247,7,true,t10k-images-idx3-ubyte,t10k-labels-idx1-ubyte,https://storage.googleapis.com/cvdf-datasets/mnist/t10k-images-idx3-ubyte.gz,https://storage.googleapis.com/cvdf-datasets/mnist/t10k-labels-idx1-ubyte.gz
342,5,412,413,44,test,28x28,323024,420,MNIST(train=False)[412],run_20260721_134247,5,true,t10k-images-idx3-ubyte,t10k-labels-idx1-ubyte,https://storage.googleapis.com/cvdf-datasets/mnist/t10k-images-idx3-ubyte.gz,https://storage.googleapis.com/cvdf-datasets/mnist/t10k-labels-idx1-ubyte.gz
343,7,413,414,44,test,28x28,323808,421,MNIST(train=False)[413],run_20260721_134247,7,true,t10k-images-idx3-ubyte,t10k-labels-idx1-ubyte,https://storage.googleapis.com/cvdf-datasets/mnist/t10k-images-idx3-ubyte.gz,https://storage.googleapis.com/cvdf-datasets/mnist/t10k-labels-idx1-ubyte.gz
344,7,415,416,45,test,28x28,325376,423,MNIST(train=False)[415],run_20260721_134247,7,true,t10k-images-idx3-ubyte,t10k-labels-idx1-ubyte,https://storage.googleapis.com/cvdf-datasets/mnist/t10k-images-idx3-ubyte.gz,https://storage.googleapis.com/cvdf-datasets/mnist/t10k-labels-idx1-ubyte.gz
346,2,418,419,47,test,28x28,327728,426,MNIST(train=False)[418],run_20260721_134247,2,true,t10k-images-idx3-ubyte,t10k-labels-idx1-ubyte,https://storage.googleapis.com/cvdf-datasets/mnist/t10k-images-idx3-ubyte.gz,https://storage.googleapis.com/cvdf-datasets/mnist/t10k-labels-idx1-ubyte.gz
348,4,420,421,48,test,28x28,329296,428,MNIST(train=False)[420],run_20260721_134247,4,true,t10k-images-idx3-ubyte,t10k-labels-idx1-ubyte,https://storage.googleapis.com/cvdf-datasets/mnist/t10k-images-idx3-ubyte.gz,https://storage.googleapis.com/cvdf-datasets/mnist/t10k-labels-idx1-ubyte.gz
349,2,421,422,48,test,28x28,330080,429,MNIST(train=False)[421],run_20260721_134247,2,true,t10k-images-idx3-ubyte,t10k-labels-idx1-ubyte,https://storage.googleapis.com/cvdf-datasets/mnist/t10k-images-idx3-ubyte.gz,https://storage.googleapis.com/cvdf-datasets/mnist/t10k-labels-idx1-ubyte.gz
350,2,423,424,49,test,28x28,331648,431,MNIST(train=False)[423],run_20260721_134247,2,true,t10k-images-idx3-ubyte,t10k-labels-idx1-ubyte,https://storage.googleapis.com/cvdf-datasets/mnist/t10k-images-idx3-ubyte.gz,https://storage.googleapis.com/cvdf-datasets/mnist/t10k-labels-idx1-ubyte.gz
351,0,424,425,35,test,28x28,332432,432,MNIST(train=False)[424],run_20260721_134247,0,true,t10k-images-idx3-ubyte,t10k-labels-idx1-ubyte,https://storage.googleapis.com/cvdf-datasets/mnist/t10k-images-idx3-ubyte.gz,https://storage.googleapis.com/cvdf-datasets/mnist/t10k-labels-idx1-ubyte.gz
352,4,425,426,49,test,28x28,333216,433,MNIST(train=False)[425],run_20260721_134247,4,true,t10k-images-idx3-ubyte,t10k-labels-idx1-ubyte,https://storage.googleapis.com/cvdf-datasets/mnist/t10k-images-idx3-ubyte.gz,https://storage.googleapis.com/cvdf-datasets/mnist/t10k-labels-idx1-ubyte.gz
354,4,428,429,50,test,28x28,335568,436,MNIST(train=False)[428],run_20260721_134247,4,true,t10k-images-idx3-ubyte,t10k-labels-idx1-ubyte,https://storage.googleapis.com/cvdf-datasets/mnist/t10k-images-idx3-ubyte.gz,https://storage.googleapis.com/cvdf-datasets/mnist/t10k-labels-idx1-ubyte.gz
357,5,433,434,45,test,28x28,339488,441,MNIST(train=False)[433],run_20260721_134247,5,true,t10k-images-idx3-ubyte,t10k-labels-idx1-ubyte,https://storage.googleapis.com/cvdf-datasets/mnist/t10k-images-idx3-ubyte.gz,https://storage.googleapis.com/cvdf-datasets/mnist/t10k-labels-idx1-ubyte.gz
358,3,437,438,38,test,28x28,342624,445,MNIST(train=False)[437],run_20260721_134247,3,true,t10k-images-idx3-ubyte,t10k-labels-idx1-ubyte,https://storage.googleapis.com/cvdf-datasets/mnist/t10k-images-idx3-ubyte.gz,https://storage.googleapis.com/cvdf-datasets/mnist/t10k-labels-idx1-ubyte.gz
359,7,438,439,46,test,28x28,343408,446,MNIST(train=False)[438],run_20260721_134247,7,true,t10k-images-idx3-ubyte,t10k-labels-idx1-ubyte,https://storage.googleapis.com/cvdf-datasets/mnist/t10k-images-idx3-ubyte.gz,https://storage.googleapis.com/cvdf-datasets/mnist/t10k-labels-idx1-ubyte.gz
360,6,439,440,35,test,28x28,344192,447,MNIST(train=False)[439],run_20260721_134247,6,true,t10k-images-idx3-ubyte,t10k-labels-idx1-ubyte,https://storage.googleapis.com/cvdf-datasets/mnist/t10k-images-idx3-ubyte.gz,https://storage.googleapis.com/cvdf-datasets/mnist/t10k-labels-idx1-ubyte.gz
361,0,440,441,36,test,28x28,344976,448,MNIST(train=False)[440],run_20260721_134247,0,true,t10k-images-idx3-ubyte,t10k-labels-idx1-ubyte,https://storage.googleapis.com/cvdf-datasets/mnist/t10k-images-idx3-ubyte.gz,https://storage.googleapis.com/cvdf-datasets/mnist/t10k-labels-idx1-ubyte.gz
362,0,441,442,37,test,28x28,345760,449,MNIST(train=False)[441],run_20260721_134247,0,true,t10k-images-idx3-ubyte,t10k-labels-idx1-ubyte,https://storage.googleapis.com/cvdf-datasets/mnist/t10k-images-idx3-ubyte.gz,https://storage.googleapis.com/cvdf-datasets/mnist/t10k-labels-idx1-ubyte.gz
363,3,442,443,39,test,28x28,346544,450,MNIST(train=False)[442],run_20260721_134247,3,true,t10k-images-idx3-ubyte,t10k-labels-idx1-ubyte,https://storage.googleapis.com/cvdf-datasets/mnist/t10k-images-idx3-ubyte.gz,https://storage.googleapis.com/cvdf-datasets/mnist/t10k-labels-idx1-ubyte.gz
364,0,443,444,38,test,28x28,347328,451,MNIST(train=False)[443],run_20260721_134247,0,true,t10k-images-idx3-ubyte,t10k-labels-idx1-ubyte,https://storage.googleapis.com/cvdf-datasets/mnist/t10k-images-idx3-ubyte.gz,https://storage.googleapis.com/cvdf-datasets/mnist/t10k-labels-idx1-ubyte.gz
365,2,444,445,50,test,28x28,348112,452,MNIST(train=False)[444],run_20260721_134247,2,true,t10k-images-idx3-ubyte,t10k-labels-idx1-ubyte,https://storage.googleapis.com/cvdf-datasets/mnist/t10k-images-idx3-ubyte.gz,https://storage.googleapis.com/cvdf-datasets/mnist/t10k-labels-idx1-ubyte.gz
366,6,445,446,36,test,28x28,348896,453,MNIST(train=False)[445],run_20260721_134247,0,false,t10k-images-idx3-ubyte,t10k-labels-idx1-ubyte,https://storage.googleapis.com/cvdf-datasets/mnist/t10k-images-idx3-ubyte.gz,https://storage.googleapis.com/cvdf-datasets/mnist/t10k-labels-idx1-ubyte.gz
367,6,446,447,37,test,28x28,349680,454,MNIST(train=False)[446],run_20260721_134247,6,true,t10k-images-idx3-ubyte,t10k-labels-idx1-ubyte,https://storage.googleapis.com/cvdf-datasets/mnist/t10k-images-idx3-ubyte.gz,https://storage.googleapis.com/cvdf-datasets/mnist/t10k-labels-idx1-ubyte.gz
369,3,449,450,40,test,28x28,352032,457,MNIST(train=False)[449],run_20260721_134247,5,false,t10k-images-idx3-ubyte,t10k-labels-idx1-ubyte,https://storage.googleapis.com/cvdf-datasets/mnist/t10k-images-idx3-ubyte.gz,https://storage.googleapis.com/cvdf-datasets/mnist/t10k-labels-idx1-ubyte.gz
370,3,450,451,41,test,28x28,352816,458,MNIST(train=False)[450],run_20260721_134247,3,true,t10k-images-idx3-ubyte,t10k-labels-idx1-ubyte,https://storage.googleapis.com/cvdf-datasets/mnist/t10k-images-idx3-ubyte.gz,https://storage.googleapis.com/cvdf-datasets/mnist/t10k-labels-idx1-ubyte.gz
371,3,451,452,42,test,28x28,353600,459,MNIST(train=False)[451],run_20260721_134247,3,true,t10k-images-idx3-ubyte,t10k-labels-idx1-ubyte,https://storage.googleapis.com/cvdf-datasets/mnist/t10k-images-idx3-ubyte.gz,https://storage.googleapis.com/cvdf-datasets/mnist/t10k-labels-idx1-ubyte.gz
373,3,453,454,43,test,28x28,355168,461,MNIST(train=False)[453],run_20260721_134247,3,true,t10k-images-idx3-ubyte,t10k-labels-idx1-ubyte,https://storage.googleapis.com/cvdf-datasets/mnist/t10k-images-idx3-ubyte.gz,https://storage.googleapis.com/cvdf-datasets/mnist/t10k-labels-idx1-ubyte.gz
376,6,457,458,38,test,28x28,358304,465,MNIST(train=False)[457],run_20260721_134247,6,true,t10k-images-idx3-ubyte,t10k-labels-idx1-ubyte,https://storage.googleapis.com/cvdf-datasets/mnist/t10k-images-idx3-ubyte.gz,https://storage.googleapis.com/cvdf-datasets/mnist/t10k-labels-idx1-ubyte.gz
377,0,459,460,39,test,28x28,359872,467,MNIST(train=False)[459],run_20260721_134247,1,false,t10k-images-idx3-ubyte,t10k-labels-idx1-ubyte,https://storage.googleapis.com/cvdf-datasets/mnist/t10k-images-idx3-ubyte.gz,https://storage.googleapis.com/cvdf-datasets/mnist/t10k-labels-idx1-ubyte.gz
378,5,460,461,46,test,28x28,360656,468,MNIST(train=False)[460],run_20260721_134247,5,true,t10k-images-idx3-ubyte,t10k-labels-idx1-ubyte,https://storage.googleapis.com/cvdf-datasets/mnist/t10k-images-idx3-ubyte.gz,https://storage.googleapis.com/cvdf-datasets/mnist/t10k-labels-idx1-ubyte.gz
379,6,461,462,39,test,28x28,361440,469,MNIST(train=False)[461],run_20260721_134247,6,true,t10k-images-idx3-ubyte,t10k-labels-idx1-ubyte,https://storage.googleapis.com/cvdf-datasets/mnist/t10k-images-idx3-ubyte.gz,https://storage.googleapis.com/cvdf-datasets/mnist/t10k-labels-idx1-ubyte.gz
380,6,462,463,40,test,28x28,362224,470,MNIST(train=False)[462],run_20260721_134247,6,true,t10k-images-idx3-ubyte,t10k-labels-idx1-ubyte,https://storage.googleapis.com/cvdf-datasets/mnist/t10k-images-idx3-ubyte.gz,https://storage.googleapis.com/cvdf-datasets/mnist/t10k-labels-idx1-ubyte.gz
381,6,463,464,41,test,28x28,363008,471,MNIST(train=False)[463],run_20260721_134247,6,true,t10k-images-idx3-ubyte,t10k-labels-idx1-ubyte,https://storage.googleapis.com/cvdf-datasets/mnist/t10k-images-idx3-ubyte.gz,https://storage.googleapis.com/cvdf-datasets/mnist/t10k-labels-idx1-ubyte.gz
382,3,464,465,44,test,28x28,363792,472,MNIST(train=False)[464],run_20260721_134247,3,true,t10k-images-idx3-ubyte,t10k-labels-idx1-ubyte,https://storage.googleapis.com/cvdf-datasets/mnist/t10k-images-idx3-ubyte.gz,https://storage.googleapis.com/cvdf-datasets/mnist/t10k-labels-idx1-ubyte.gz
384,7,468,469,47,test,28x28,366928,476,MNIST(train=False)[468],run_20260721_134247,7,true,t10k-images-idx3-ubyte,t10k-labels-idx1-ubyte,https://storage.googleapis.com/cvdf-datasets/mnist/t10k-images-idx3-ubyte.gz,https://storage.googleapis.com/cvdf-datasets/mnist/t10k-labels-idx1-ubyte.gz
385,5,469,470,47,test,28x28,367712,477,MNIST(train=False)[469],run_20260721_134247,5,true,t10k-images-idx3-ubyte,t10k-labels-idx1-ubyte,https://storage.googleapis.com/cvdf-datasets/mnist/t10k-images-idx3-ubyte.gz,https://storage.googleapis.com/cvdf-datasets/mnist/t10k-labels-idx1-ubyte.gz
386,6,472,473,42,test,28x28,370064,480,MNIST(train=False)[472],run_20260721_134247,6,true,t10k-images-idx3-ubyte,t10k-labels-idx1-ubyte,https://storage.googleapis.com/cvdf-datasets/mnist/t10k-images-idx3-ubyte.gz,https://storage.googleapis.com/cvdf-datasets/mnist/t10k-labels-idx1-ubyte.gz
391,5,478,479,48,test,28x28,374768,486,MNIST(train=False)[478],run_20260721_134247,5,true,t10k-images-idx3-ubyte,t10k-labels-idx1-ubyte,https://storage.googleapis.com/cvdf-datasets/mnist/t10k-images-idx3-ubyte.gz,https://storage.googleapis.com/cvdf-datasets/mnist/t10k-labels-idx1-ubyte.gz
393,7,482,483,48,test,28x28,377904,490,MNIST(train=False)[482],run_20260721_134247,7,true,t10k-images-idx3-ubyte,t10k-labels-idx1-ubyte,https://storage.googleapis.com/cvdf-datasets/mnist/t10k-images-idx3-ubyte.gz,https://storage.googleapis.com/cvdf-datasets/mnist/t10k-labels-idx1-ubyte.gz
394,5,483,484,49,test,28x28,378688,491,MNIST(train=False)[483],run_20260721_134247,5,true,t10k-images-idx3-ubyte,t10k-labels-idx1-ubyte,https://storage.googleapis.com/cvdf-datasets/mnist/t10k-images-idx3-ubyte.gz,https://storage.googleapis.com/cvdf-datasets/mnist/t10k-labels-idx1-ubyte.gz
396,0,485,486,40,test,28x28,380256,493,MNIST(train=False)[485],run_20260721_134247,0,true,t10k-images-idx3-ubyte,t10k-labels-idx1-ubyte,https://storage.googleapis.com/cvdf-datasets/mnist/t10k-images-idx3-ubyte.gz,https://storage.googleapis.com/cvdf-datasets/mnist/t10k-labels-idx1-ubyte.gz
398,0,490,491,41,test,28x28,384176,498,MNIST(train=False)[490],run_20260721_134247,0,true,t10k-images-idx3-ubyte,t10k-labels-idx1-ubyte,https://storage.googleapis.com/cvdf-datasets/mnist/t10k-images-idx3-ubyte.gz,https://storage.googleapis.com/cvdf-datasets/mnist/t10k-labels-idx1-ubyte.gz
399,5,491,492,50,test,28x28,384960,499,MNIST(train=False)[491],run_20260721_134247,5,true,t10k-images-idx3-ubyte,t10k-labels-idx1-ubyte,https://storage.googleapis.com/cvdf-datasets/mnist/t10k-images-idx3-ubyte.gz,https://storage.googleapis.com/cvdf-datasets/mnist/t10k-labels-idx1-ubyte.gz
401,3,493,494,45,test,28x28,386528,501,MNIST(train=False)[493],run_20260721_134247,3,true,t10k-images-idx3-ubyte,t10k-labels-idx1-ubyte,https://storage.googleapis.com/cvdf-datasets/mnist/t10k-images-idx3-ubyte.gz,https://storage.googleapis.com/cvdf-datasets/mnist/t10k-labels-idx1-ubyte.gz
402,7,494,495,49,test,28x28,387312,502,MNIST(train=False)[494],run_20260721_134247,7,true,t10k-images-idx3-ubyte,t10k-labels-idx1-ubyte,https://storage.googleapis.com/cvdf-datasets/mnist/t10k-images-idx3-ubyte.gz,https://storage.googleapis.com/cvdf-datasets/mnist/t10k-labels-idx1-ubyte.gz
404,0,498,499,42,test,28x28,390448,506,MNIST(train=False)[498],run_20260721_134247,0,true,t10k-images-idx3-ubyte,t10k-labels-idx1-ubyte,https://storage.googleapis.com/cvdf-datasets/mnist/t10k-images-idx3-ubyte.gz,https://storage.googleapis.com/cvdf-datasets/mnist/t10k-labels-idx1-ubyte.gz
405,6,499,500,43,test,28x28,391232,507,MNIST(train=False)[499],run_20260721_134247,6,true,t10k-images-idx3-ubyte,t10k-labels-idx1-ubyte,https://storage.googleapis.com/cvdf-datasets/mnist/t10k-images-idx3-ubyte.gz,https://storage.googleapis.com/cvdf-datasets/mnist/t10k-labels-idx1-ubyte.gz
406,3,500,501,46,test,28x28,392016,508,MNIST(train=False)[500],run_20260721_134247,3,true,t10k-images-idx3-ubyte,t10k-labels-idx1-ubyte,https://storage.googleapis.com/cvdf-datasets/mnist/t10k-images-idx3-ubyte.gz,https://storage.googleapis.com/cvdf-datasets/mnist/t10k-labels-idx1-ubyte.gz
410,3,505,506,47,test,28x28,395936,513,MNIST(train=False)[505],run_20260721_134247,3,true,t10k-images-idx3-ubyte,t10k-labels-idx1-ubyte,https://storage.googleapis.com/cvdf-datasets/mnist/t10k-images-idx3-ubyte.gz,https://storage.googleapis.com/cvdf-datasets/mnist/t10k-labels-idx1-ubyte.gz
412,3,507,508,48,test,28x28,397504,515,MNIST(train=False)[507],run_20260721_134247,3,true,t10k-images-idx3-ubyte,t10k-labels-idx1-ubyte,https://storage.googleapis.com/cvdf-datasets/mnist/t10k-images-idx3-ubyte.gz,https://storage.googleapis.com/cvdf-datasets/mnist/t10k-labels-idx1-ubyte.gz
413,6,508,509,44,test,28x28,398288,516,MNIST(train=False)[508],run_20260721_134247,6,true,t10k-images-idx3-ubyte,t10k-labels-idx1-ubyte,https://storage.googleapis.com/cvdf-datasets/mnist/t10k-images-idx3-ubyte.gz,https://storage.googleapis.com/cvdf-datasets/mnist/t10k-labels-idx1-ubyte.gz
415,7,510,511,50,test,28x28,399856,518,MNIST(train=False)[510],run_20260721_134247,7,true,t10k-images-idx3-ubyte,t10k-labels-idx1-ubyte,https://storage.googleapis.com/cvdf-datasets/mnist/t10k-images-idx3-ubyte.gz,https://storage.googleapis.com/cvdf-datasets/mnist/t10k-labels-idx1-ubyte.gz
419,6,514,515,45,test,28x28,402992,522,MNIST(train=False)[514],run_20260721_134247,6,true,t10k-images-idx3-ubyte,t10k-labels-idx1-ubyte,https://storage.googleapis.com/cvdf-datasets/mnist/t10k-images-idx3-ubyte.gz,https://storage.googleapis.com/cvdf-datasets/mnist/t10k-labels-idx1-ubyte.gz
420,3,515,516,49,test,28x28,403776,523,MNIST(train=False)[515],run_20260721_134247,3,true,t10k-images-idx3-ubyte,t10k-labels-idx1-ubyte,https://storage.googleapis.com/cvdf-datasets/mnist/t10k-images-idx3-ubyte.gz,https://storage.googleapis.com/cvdf-datasets/mnist/t10k-labels-idx1-ubyte.gz
422,6,517,518,46,test,28x28,405344,525,MNIST(train=False)[517],run_20260721_134247,6,true,t10k-images-idx3-ubyte,t10k-labels-idx1-ubyte,https://storage.googleapis.com/cvdf-datasets/mnist/t10k-images-idx3-ubyte.gz,https://storage.googleapis.com/cvdf-datasets/mnist/t10k-labels-idx1-ubyte.gz
427,3,524,525,50,test,28x28,410832,532,MNIST(train=False)[524],run_20260721_134247,3,true,t10k-images-idx3-ubyte,t10k-labels-idx1-ubyte,https://storage.googleapis.com/cvdf-datasets/mnist/t10k-images-idx3-ubyte.gz,https://storage.googleapis.com/cvdf-datasets/mnist/t10k-labels-idx1-ubyte.gz
428,0,525,526,43,test,28x28,411616,533,MNIST(train=False)[525],run_20260721_134247,0,true,t10k-images-idx3-ubyte,t10k-labels-idx1-ubyte,https://storage.googleapis.com/cvdf-datasets/mnist/t10k-images-idx3-ubyte.gz,https://storage.googleapis.com/cvdf-datasets/mnist/t10k-labels-idx1-ubyte.gz
435,6,534,535,47,test,28x28,418672,542,MNIST(train=False)[534],run_20260721_134247,6,true,t10k-images-idx3-ubyte,t10k-labels-idx1-ubyte,https://storage.googleapis.com/cvdf-datasets/mnist/t10k-images-idx3-ubyte.gz,https://storage.googleapis.com/cvdf-datasets/mnist/t10k-labels-idx1-ubyte.gz
443,0,545,546,44,test,28x28,427296,553,MNIST(train=False)[545],run_20260721_134247,0,true,t10k-images-idx3-ubyte,t10k-labels-idx1-ubyte,https://storage.googleapis.com/cvdf-datasets/mnist/t10k-images-idx3-ubyte.gz,https://storage.googleapis.com/cvdf-datasets/mnist/t10k-labels-idx1-ubyte.gz
444,0,546,547,45,test,28x28,428080,554,MNIST(train=False)[546],run_20260721_134247,0,true,t10k-images-idx3-ubyte,t10k-labels-idx1-ubyte,https://storage.googleapis.com/cvdf-datasets/mnist/t10k-images-idx3-ubyte.gz,https://storage.googleapis.com/cvdf-datasets/mnist/t10k-labels-idx1-ubyte.gz
450,0,552,553,46,test,28x28,432784,560,MNIST(train=False)[552],run_20260721_134247,0,true,t10k-images-idx3-ubyte,t10k-labels-idx1-ubyte,https://storage.googleapis.com/cvdf-datasets/mnist/t10k-images-idx3-ubyte.gz,https://storage.googleapis.com/cvdf-datasets/mnist/t10k-labels-idx1-ubyte.gz
455,6,559,560,48,test,28x28,438272,567,MNIST(train=False)[559],run_20260721_134247,6,true,t10k-images-idx3-ubyte,t10k-labels-idx1-ubyte,https://storage.googleapis.com/cvdf-datasets/mnist/t10k-images-idx3-ubyte.gz,https://storage.googleapis.com/cvdf-datasets/mnist/t10k-labels-idx1-ubyte.gz
456,0,561,562,47,test,28x28,439840,569,MNIST(train=False)[561],run_20260721_134247,0,true,t10k-images-idx3-ubyte,t10k-labels-idx1-ubyte,https://storage.googleapis.com/cvdf-datasets/mnist/t10k-images-idx3-ubyte.gz,https://storage.googleapis.com/cvdf-datasets/mnist/t10k-labels-idx1-ubyte.gz
457,0,564,565,48,test,28x28,442192,572,MNIST(train=False)[564],run_20260721_134247,0,true,t10k-images-idx3-ubyte,t10k-labels-idx1-ubyte,https://storage.googleapis.com/cvdf-datasets/mnist/t10k-images-idx3-ubyte.gz,https://storage.googleapis.com/cvdf-datasets/mnist/t10k-labels-idx1-ubyte.gz
459,6,566,567,49,test,28x28,443760,574,MNIST(train=False)[566],run_20260721_134247,6,true,t10k-images-idx3-ubyte,t10k-labels-idx1-ubyte,https://storage.googleapis.com/cvdf-datasets/mnist/t10k-images-idx3-ubyte.gz,https://storage.googleapis.com/cvdf-datasets/mnist/t10k-labels-idx1-ubyte.gz
460,0,567,568,49,test,28x28,444544,575,MNIST(train=False)[567],run_20260721_134247,0,true,t10k-images-idx3-ubyte,t10k-labels-idx1-ubyte,https://storage.googleapis.com/cvdf-datasets/mnist/t10k-images-idx3-ubyte.gz,https://storage.googleapis.com/cvdf-datasets/mnist/t10k-labels-idx1-ubyte.gz
461,6,568,569,50,test,28x28,445328,576,MNIST(train=False)[568],run_20260721_134247,6,true,t10k-images-idx3-ubyte,t10k-labels-idx1-ubyte,https://storage.googleapis.com/cvdf-datasets/mnist/t10k-images-idx3-ubyte.gz,https://storage.googleapis.com/cvdf-datasets/mnist/t10k-labels-idx1-ubyte.gz
471,0,581,582,50,test,28x28,455520,589,MNIST(train=False)[581],run_20260721_134247,0,true,t10k-images-idx3-ubyte,t10k-labels-idx1-ubyte,https://storage.googleapis.com/cvdf-datasets/mnist/t10k-images-idx3-ubyte.gz,https://storage.googleapis.com/cvdf-datasets/mnist/t10k-labels-idx1-ubyte.gz
